# vtk DataFile Version 2.0
ellipsoidal, Created by Gmsh
ASCII
DATASET UNSTRUCTURED_GRID
POINTS 1388 double
0.569 0 0
0 0 -2.01
0.221 0 0
0 0 -1.836
0.4023437584951455 0.4023437584951455 0
1.110223024625157e-16 0.569 0
-0.4023437584951454 0.4023437584951456 0
-0.569 1.665334536937735e-16 0
-0.4023437584951456 -0.4023437584951454 0
-2.220446049250313e-16 -0.569 0
0.4023437584951453 -0.4023437584951457 0
0.156270598642227 0.156270598642227 0
4.163336342344337e-17 0.221 0
-0.1562705986422269 0.156270598642227 0
-0.221 8.326672684688674e-17 0
-0.1562705986422271 -0.1562705986422269 0
-1.110223024625157e-16 -0.221 0
0.1562705986422269 -0.1562705986422271 0
0.5683037311988816 0 -0.09940551753708181
0.5662103394870414 0 -0.1987914207499371
0.5627059209003288 0 -0.298137553477179
0.5577667964841796 0 -0.3974226592545366
0.5513587126740424 0 -0.4966237394049345
0.5434356364969337 0 -0.5957152659428263
0.5339380453968724 0 -0.6946681887220232
0.5227905474619865 0 -0.7934487268866268
0.509898614988852 0 -0.8920166032658712
0.4951440520751265 0 -0.9903227143658758
0.4783786724387289 0 -1.088305600730126
0.4594152362802114 0 -1.185886513078181
0.4380142898607536 0 -1.282961332317496
0.4138642796836761 0 -1.379388084619849
0.3865506310428384 0 -1.474965376107353
0.3555053870903125 0 -1.56939395184649
0.3199210279858156 0 -1.662202431498294
0.2785943724325386 0 -1.752590032121725
0.2296282867121076 0 -1.839051773232335
0.1698610179932553 0 -1.91834732430818
0.09420420735038749 0 -1.982261099391566
0.2206801531926175 0 -0.09874278123572099
0.2197178738998435 0 -0.1974813583968122
0.2181048260443684 0 -0.2962114485659658
0.2158267105482155 0 -0.3949284179507498
0.2128626114349 0 -0.493627155671322
0.2091839829651652 0 -0.5923018314542965
0.2047531575180768 0 -0.6909455543725235
0.1995211707036532 0 -0.7895500016856046
0.1934245861678642 0 -0.888104721185955
0.1863807586699257 0 -0.9865961868595897
0.1782805608563528 0 -1.085006294706365
0.1689767675736211 0 -1.183309734934408
0.1582644817820566 0 -1.281469383114193
0.1458458058528571 0 -1.379427225860172
0.1312598255382791 0 -1.477084754854211
0.1137243790428913 0 -1.574253233484977
0.09169872166689945 0 -1.670493789454589
0.06115116100178044 0 -1.764314759059388
0.4018514221043461 0.401851422104346 -0.09940551753708225
0.4003711706292242 0.4003711706292241 -0.1987914207499375
0.3978931724824435 0.3978931724824435 -0.2981375534771794
0.3944006841146603 0.3944006841146602 -0.3974226592545379
0.3898694845981006 0.3898694845981005 -0.4966237394049355
0.3842670237054095 0.3842670237054094 -0.5957152659428272
0.3775512126336191 0.377551212633619 -0.6946681887220241
0.3696687412505981 0.3696687412505981 -0.7934487268866286
0.3605527683762457 0.3605527683762457 -0.8920166032658736
0.3501197168865066 0.3501197168865066 -0.9903227143658788
0.338264803256443 0.338264803256443 -1.088305600730129
0.3248556289541571 0.3248556289541571 -1.185886513078183
0.3097228746171484 0.3097228746171484 -1.282961332317499
0.2926462386552126 0.2926462386552126 -1.379388084619853
0.2733325724823296 0.2733325724823296 -1.474965376107356
0.2513802699599073 0.2513802699599073 -1.569393951846495
0.22621832833294 0.22621832833294 -1.662202431498299
0.1969959699474574 0.1969959699474573 -1.752590032121728
0.1623717186863789 0.1623717186863788 -1.839051773232338
0.1201098776822795 0.1201098776822795 -1.918347324308182
0.06661243383376093 0.06661243383376093 -1.982261099391568
0.561994665798665 0.08901121060769175 0
0.5411511577720738 0.1758306697989404 0
0.5069827122633751 0.2583205943514217 0
0.4603306697995183 0.3344498085541787 0
1.108864476902257e-16 0.5683037311988816 -0.09940551753708181
1.104779886958418e-16 0.5662103394870414 -0.1987914207499371
1.097942125617658e-16 0.5627059209003288 -0.298137553477179
1.088304990910633e-16 0.5577667964841796 -0.3974226592545366
1.075801647870664e-16 0.5513587126740424 -0.4966237394049345
1.06034227775171e-16 0.5434356364969337 -0.5957152659428263
1.041810741165132e-16 0.5339380453968724 -0.6946681887220232
1.020059934707712e-16 0.5227905474619865 -0.7934487268866268
9.949054175485089e-17 0.509898614988852 -0.8920166032658712
9.661165678734675e-17 0.4951440520751265 -0.9903227143658758
9.334042471548202e-17 0.4783786724387289 -1.088305600730126
8.96403116312649e-17 0.4594152362802114 -1.185886513078181
8.546459573255641e-17 0.4380142898607536 -1.282961332317496
8.075248723633087e-17 0.4138642796836761 -1.379388084619849
7.542309503816223e-17 0.3865506310428384 -1.474965376107353
6.93656003736281e-17 0.3555053870903125 -1.56939395184649
6.24224413588052e-17 0.3199210279858156 -1.662202431498294
5.435885532611606e-17 0.2785943724325386 -1.752590032121725
4.480467680369224e-17 0.2296282867121076 -1.839051773232335
3.314299001096311e-17 0.1698610179932553 -1.91834732430818
1.8380963096127e-17 0.09420420735038749 -1.982261099391566
0.3344498085544587 0.4603306697993149 0
0.2583205943520341 0.5069827122630631 0
0.1758306697996545 0.5411511577718418 0
0.08901121060813577 0.5619946657985947 0
-0.401851422104346 0.4018514221043462 -0.09940551753708181
-0.4003711706292241 0.4003711706292242 -0.1987914207499371
-0.3978931724824434 0.3978931724824436 -0.298137553477179
-0.3944006841146603 0.3944006841146604 -0.3974226592545371
-0.3898694845981005 0.3898694845981007 -0.4966237394049345
-0.3842670237054094 0.3842670237054095 -0.5957152659428268
-0.377551212633619 0.3775512126336192 -0.6946681887220232
-0.3696687412505982 0.3696687412505983 -0.7934487268866273
-0.3605527683762457 0.3605527683762459 -0.8920166032658721
-0.3501197168865067 0.3501197168865068 -0.9903227143658774
-0.3382648032564432 0.3382648032564434 -1.088305600730127
-0.3248556289541574 0.3248556289541575 -1.185886513078181
-0.3097228746171488 0.3097228746171489 -1.282961332317496
-0.2926462386552129 0.2926462386552131 -1.379388084619851
-0.2733325724823297 0.2733325724823298 -1.474965376107355
-0.2513802699599073 0.2513802699599074 -1.569393951846495
-0.2262183283329403 0.2262183283329404 -1.662202431498298
-0.1969959699474568 0.1969959699474569 -1.752590032121729
-0.1623717186863781 0.1623717186863782 -1.839051773232339
-0.1201098776822803 0.1201098776822804 -1.918347324308181
-0.06661243383376224 0.06661243383376227 -1.982261099391567
-0.08901121060769164 0.561994665798665 0
-0.1758306697989403 0.5411511577720738 0
-0.2583205943514216 0.5069827122633751 0
-0.3344498085541786 0.4603306697995183 0
-0.5683037311988816 1.663296715353386e-16 -0.09940551753708181
-0.5662103394870414 1.657169830437627e-16 -0.1987914207499371
-0.5627059209003288 1.646913188426486e-16 -0.298137553477179
-0.5577667964841796 1.632457486365949e-16 -0.3974226592545366
-0.5513587126740424 1.613702471805996e-16 -0.4966237394049345
-0.5434356364969337 1.590513416627565e-16 -0.5957152659428263
-0.5339380453968724 1.562716111747697e-16 -0.6946681887220232
-0.5227905474619865 1.530089902061568e-16 -0.7934487268866268
-0.509898614988852 1.492358126322763e-16 -0.8920166032658712
-0.4951440520751265 1.449174851810201e-16 -0.9903227143658758
-0.4783786724387289 1.40010637073223e-16 -1.088305600730126
-0.4594152362802114 1.344604674468973e-16 -1.185886513078181
-0.4380142898607536 1.281968935988346e-16 -1.282961332317496
-0.4138642796836761 1.211287308544963e-16 -1.379388084619849
-0.3865506310428384 1.131346425572433e-16 -1.474965376107353
-0.3555053870903125 1.040484005604422e-16 -1.56939395184649
-0.3199210279858156 9.363366203820778e-17 -1.662202431498294
-0.2785943724325386 8.153828298917408e-17 -1.752590032121725
-0.2296282867121076 6.720701520553834e-17 -1.839051773232335
-0.1698610179932553 4.971448501644466e-17 -1.91834732430818
-0.09420420735038749 2.757144464419049e-17 -1.982261099391566
-0.4603306697992697 0.3344498085545208 0
-0.5069827122630175 0.2583205943521236 0
-0.5411511577718181 0.1758306697997275 0
-0.5619946657985891 0.08901121060817005 0
-0.4018514221043462 -0.4018514221043459 -0.09940551753708181
-0.4003711706292243 -0.400371170629224 -0.1987914207499371
-0.3978931724824437 -0.3978931724824433 -0.298137553477179
-0.3944006841146605 -0.3944006841146602 -0.3974226592545371
-0.3898694845981007 -0.3898694845981004 -0.496623739404935
-0.3842670237054097 -0.3842670237054093 -0.5957152659428272
-0.3775512126336192 -0.3775512126336189 -0.6946681887220236
-0.3696687412505983 -0.3696687412505981 -0.7934487268866278
-0.3605527683762459 -0.3605527683762457 -0.8920166032658721
-0.3501197168865069 -0.3501197168865067 -0.9903227143658769
-0.3382648032564433 -0.338264803256443 -1.088305600730128
-0.3248556289541574 -0.3248556289541571 -1.185886513078183
-0.3097228746171485 -0.3097228746171483 -1.282961332317499
-0.2926462386552127 -0.2926462386552124 -1.379388084619853
-0.2733325724823299 -0.2733325724823298 -1.474965376107354
-0.2513802699599078 -0.2513802699599076 -1.569393951846494
-0.2262183283329407 -0.2262183283329405 -1.662202431498297
-0.1969959699474574 -0.1969959699474573 -1.752590032121728
-0.1623717186863781 -0.162371718686378 -1.839051773232339
-0.120109877682281 -0.1201098776822809 -1.91834732430818
-0.06661243383376166 -0.0666124338337616 -1.982261099391567
-0.561994665798665 -0.08901121060769158 0
-0.5411511577720738 -0.1758306697989402 0
-0.5069827122633752 -0.2583205943514216 0
-0.4603306697995184 -0.3344498085541786 0
-2.217728953804514e-16 -0.5683037311988816 -0.09940551753708181
-2.209559773916836e-16 -0.5662103394870414 -0.1987914207499371
-2.195884251235315e-16 -0.5627059209003288 -0.298137553477179
-2.176609981821266e-16 -0.5577667964841796 -0.3974226592545366
-2.151603295741329e-16 -0.5513587126740424 -0.4966237394049345
-2.12068455550342e-16 -0.5434356364969337 -0.5957152659428263
-2.083621482330263e-16 -0.5339380453968724 -0.6946681887220232
-2.040119869415424e-16 -0.5227905474619865 -0.7934487268866268
-1.989810835097018e-16 -0.509898614988852 -0.8920166032658712
-1.932233135746935e-16 -0.4951440520751265 -0.9903227143658758
-1.86680849430964e-16 -0.4783786724387289 -1.088305600730126
-1.792806232625298e-16 -0.4594152362802114 -1.185886513078181
-1.709291914651128e-16 -0.4380142898607536 -1.282961332317496
-1.615049744726617e-16 -0.4138642796836761 -1.379388084619849
-1.508461900763245e-16 -0.3865506310428384 -1.474965376107353
-1.387312007472562e-16 -0.3555053870903125 -1.56939395184649
-1.248448827176104e-16 -0.3199210279858156 -1.662202431498294
-1.087177106522321e-16 -0.2785943724325386 -1.752590032121725
-8.960935360738447e-17 -0.2296282867121076 -1.839051773232335
-6.628598002192623e-17 -0.1698610179932553 -1.91834732430818
-3.6761926192254e-17 -0.09420420735038749 -1.982261099391566
-0.3344498085545218 -0.4603306697992692 0
-0.2583205943521812 -0.5069827122629881 0
-0.1758306697998504 -0.5411511577717781 0
-0.08901121060828873 -0.5619946657985704 0
0.4018514221043459 -0.4018514221043463 -0.09940551753708181
0.400371170629224 -0.4003711706292243 -0.1987914207499366
0.3978931724824434 -0.3978931724824438 -0.2981375534771781
0.3944006841146603 -0.3944006841146607 -0.3974226592545357
0.3898694845981004 -0.3898694845981008 -0.4966237394049337
0.3842670237054094 -0.3842670237054098 -0.5957152659428259
0.3775512126336191 -0.3775512126336194 -0.694668188722022
0.3696687412505982 -0.3696687412505986 -0.793448726886626
0.3605527683762458 -0.3605527683762462 -0.8920166032658704
0.3501197168865068 -0.3501197168865072 -0.9903227143658754
0.3382648032564434 -0.3382648032564436 -1.088305600730125
0.3248556289541574 -0.3248556289541578 -1.18588651307818
0.3097228746171489 -0.3097228746171491 -1.282961332317495
0.2926462386552132 -0.2926462386552134 -1.379388084619849
0.2733325724823303 -0.2733325724823305 -1.474965376107352
0.2513802699599085 -0.2513802699599088 -1.56939395184649
0.2262183283329406 -0.2262183283329408 -1.662202431498297
0.1969959699474576 -0.1969959699474578 -1.752590032121727
0.1623717186863783 -0.1623717186863785 -1.839051773232339
0.12010987768228 -0.1201098776822801 -1.918347324308181
0.06661243383376179 -0.06661243383376185 -1.982261099391567
0.08901121060769153 -0.561994665798665 0
0.1758306697989402 -0.5411511577720739 0
0.2583205943514215 -0.5069827122633752 0
0.3344498085541786 -0.4603306697995184 0
0.4603306697992774 -0.3344498085545103 0
0.5069827122629692 -0.2583205943522183 0
0.5411511577717968 -0.1758306697997931 0
0.5619946657985839 -0.08901121060820394 0
0.1560444329146002 0.1560444329146001 -0.09874275531767343
0.1553639988078606 0.1553639988078606 -0.1974813339202264
0.1542234018259908 0.1542234018259907 -0.2962114255316713
0.152612530994605 0.152612530994605 -0.3949283963595385
0.1505165964853767 0.1505165964853767 -0.4936271355237307
0.1479154134128499 0.1479154134128499 -0.592301812751038
0.1447823467470625 0.1447823467470625 -0.6909455371141812
0.1410827734359374 0.1410827734359374 -0.789549985872588
0.1367718372033581 0.1367718372033581 -0.8881047068184996
0.1317910990389534 0.1317910990389534 -0.9865961739383536
0.1260633942507536 0.1260633942507536 -1.085006283231476
0.1194846189337446 0.1194846189337446 -1.183309724906567
0.1119098890008837 0.1119098890008837 -1.281469374533562
0.1031285590173657 0.1031285590173657 -1.379427218727195
0.09281471339087263 0.09281471339087262 -1.477084749169563
0.0804152802081311 0.08041528020813109 -1.574253229249589
0.06484078843647861 0.0648407884364786 -1.670493786670218
0.04324040101447833 0.04324040101447833 -1.764314757730914
0.204177376685073 0.08457303855249489 0
4.157310867968055e-17 0.2206801531926175 -0.09874278123572099
4.139182848279859e-17 0.2197178738998435 -0.1974813583968122
4.108795243037143e-17 0.2181048260443684 -0.2962114485659658
4.065878677257999e-17 0.2158267105482155 -0.3949284179507498
4.010039122684347e-17 0.2128626114349 -0.493627155671322
3.940738816810909e-17 0.2091839829651652 -0.5923018314542965
3.857268153415221e-17 0.2047531575180768 -0.6909455543725235
3.758704710667908e-17 0.1995211707036532 -0.7895500016856046
3.643853434821643e-17 0.1934245861678642 -0.888104721185955
3.511157403095977e-17 0.1863807586699257 -0.9865961868595897
3.35856080609405e-17 0.1782805608563528 -1.085006294706365
3.183290124213254e-17 0.1689767675736211 -1.183309734934408
2.981485378758053e-17 0.1582644817820566 -1.281469383114193
2.747534587718084e-17 0.1458458058528571 -1.379427225860172
2.47275475996966e-17 0.1312598255382791 -1.477084754854211
2.142411041990101e-17 0.1137243790428913 -1.574253233484977
1.727477920643985e-17 0.09169872166689945 -1.670493789454589
1.152003850566798e-17 0.06115116100178044 -1.764314759059388
0.08457303855285089 0.2041773766849255 0
-0.1560444327957859 0.156044432795786 -0.09874278123572099
-0.15536399858247 0.1553639985824701 -0.1974813583968118
-0.1542234015054851 0.1542234015054852 -0.2962114485659658
-0.1526125305898293 0.1526125305898294 -0.3949284179507493
-0.1505165960066949 0.150516596006695 -0.4936271556713215
-0.1479154128702795 0.1479154128702796 -0.5923018314542965
-0.1447823461503894 0.1447823461503895 -0.6909455543725231
-0.1410827727948319 0.1410827727948319 -0.7895500016856043
-0.1367718365274984 0.1367718365274985 -0.888104721185955
-0.1317910983381978 0.1317910983381979 -0.9865961868595897
-0.126063393535268 0.1260633935352681 -1.085006294706365
-0.1194846182142906 0.1194846182142906 -1.183309734934408
-0.111909888289067 0.1119098882890671 -1.281469383114193
-0.1031285583261719 0.103128558326172 -1.379427225860172
-0.09281471273548031 0.09281471273548036 -1.477084754854211
-0.08041527960745767 0.08041527960745773 -1.574253233484977
-0.06484078791680237 0.06484078791680241 -1.670493789454589
-0.04324040062178929 0.04324040062178931 -1.764314759059388
-0.08457303855249484 0.204177376685073 0
-0.2206801531926175 8.31462173593611e-17 -0.09874278123572099
-0.2197178738998435 8.278365696559718e-17 -0.1974813583968122
-0.2181048260443684 8.217590486074286e-17 -0.2962114485659658
-0.2158267105482155 8.131757354515998e-17 -0.3949284179507498
-0.2128626114349 8.020078245368693e-17 -0.493627155671322
-0.2091839829651652 7.881477633621818e-17 -0.5923018314542965
-0.2047531575180768 7.714536306830442e-17 -0.6909455543725235
-0.1995211707036532 7.517409421335816e-17 -0.7895500016856046
-0.1934245861678642 7.287706869643285e-17 -0.888104721185955
-0.1863807586699257 7.022314806191955e-17 -0.9865961868595897
-0.1782805608563528 6.717121612188099e-17 -1.085006294706365
-0.1689767675736211 6.366580248426507e-17 -1.183309734934408
-0.1582644817820566 5.962970757516105e-17 -1.281469383114193
-0.1458458058528571 5.495069175436167e-17 -1.379427225860172
-0.1312598255382791 4.94550951993932e-17 -1.477084754854211
-0.1137243790428913 4.284822083980201e-17 -1.574253233484977
-0.09169872166689945 3.45495584128797e-17 -1.670493789454589
-0.06115116100178044 2.304007701133595e-17 -1.764314759059388
-0.2041773766848827 0.08457303855295431 0
-0.156044432795786 -0.1560444327957859 -0.0987427812357214
-0.1553639985824702 -0.15536399858247 -0.1974813583968122
-0.1542234015054852 -0.1542234015054851 -0.2962114485659658
-0.1526125305898294 -0.1526125305898293 -0.3949284179507498
-0.150516596006695 -0.1505165960066948 -0.493627155671322
-0.1479154128702796 -0.1479154128702795 -0.5923018314542969
-0.1447823461503895 -0.1447823461503893 -0.6909455543725239
-0.1410827727948319 -0.1410827727948318 -0.7895500016856051
-0.1367718365274985 -0.1367718365274984 -0.8881047211859553
-0.1317910983381978 -0.1317910983381977 -0.9865961868595909
-0.126063393535268 -0.1260633935352679 -1.085006294706367
-0.1194846182142905 -0.1194846182142904 -1.183309734934409
-0.111909888289067 -0.1119098882890669 -1.281469383114194
-0.1031285583261719 -0.1031285583261718 -1.379427225860172
-0.09281471273548023 -0.09281471273548014 -1.477084754854213
-0.08041527960745765 -0.08041527960745756 -1.574253233484978
-0.06484078791680226 -0.06484078791680219 -1.67049378945459
-0.04324040062178931 -0.04324040062178928 -1.764314759059388
-0.204177376685073 -0.0845730385524948 0
-1.108616231458148e-16 -0.2206801531926175 -0.09874278123572099
-1.103782092874629e-16 -0.2197178738998435 -0.1974813583968122
-1.095678731476572e-16 -0.2181048260443684 -0.2962114485659658
-1.084234313935466e-16 -0.2158267105482155 -0.3949284179507498
-1.069343766049159e-16 -0.2128626114349 -0.493627155671322
-1.050863684482909e-16 -0.2091839829651652 -0.5923018314542965
-1.028604840910726e-16 -0.2047531575180768 -0.6909455543725235
-1.002321256178109e-16 -0.1995211707036532 -0.7895500016856046
-9.716942492857714e-17 -0.1934245861678642 -0.888104721185955
-9.363086408255941e-17 -0.1863807586699257 -0.9865961868595897
-8.956162149584134e-17 -0.1782805608563528 -1.085006294706365
-8.488773664568676e-17 -0.1689767675736211 -1.183309734934408
-7.950627676688141e-17 -0.1582644817820566 -1.281469383114193
-7.326758900581557e-17 -0.1458458058528571 -1.379427225860172
-6.594012693252426e-17 -0.1312598255382791 -1.477084754854211
-5.713096111973603e-17 -0.1137243790428913 -1.574253233484977
-4.606607788383959e-17 -0.09169872166689945 -1.670493789454589
-3.072010268178127e-17 -0.06115116100178044 -1.764314759059388
-0.08457303855289816 -0.204177376684906 0
0.1560444327957858 -0.156044432795786 -0.09874278123572099
0.15536399858247 -0.1553639985824702 -0.1974813583968122
0.1542234015054851 -0.1542234015054853 -0.2962114485659658
0.1526125305898293 -0.1526125305898295 -0.3949284179507498
0.1505165960066948 -0.150516596006695 -0.493627155671322
0.1479154128702794 -0.1479154128702796 -0.5923018314542965
0.1447823461503893 -0.1447823461503895 -0.6909455543725235
0.1410827727948318 -0.1410827727948319 -0.7895500016856051
0.1367718365274984 -0.1367718365274986 -0.8881047211859545
0.1317910983381978 -0.1317910983381979 -0.9865961868595893
0.126063393535268 -0.1260633935352681 -1.085006294706364
0.1194846182142905 -0.1194846182142907 -1.183309734934407
0.111909888289067 -0.1119098882890672 -1.281469383114192
0.1031285583261718 -0.103128558326172 -1.379427225860172
0.09281471273548023 -0.09281471273548034 -1.477084754854212
0.08041527960745766 -0.08041527960745776 -1.574253233484977
0.06484078791680227 -0.06484078791680235 -1.670493789454589
0.04324040062178904 -0.0432404006217891 -1.764314759059389
0.08457303855249479 -0.2041773766850731 0
0.2041773766849344 -0.08457303855282944 0
-0.3079999999997967 1.040834085585598e-16 0
-0.3949999999995389 1.249000902702198e-16 0
-0.4819999999997694 1.457167719819966e-16 0
-0.2177888886053101 0.2177888886053102 0
-0.2793071785683608 0.279307178568361 0
-0.3408254685317611 0.3408254685317613 0
5.89805981831709e-17 0.3079999999997967 0
7.632783294288759e-17 0.3949999999995389 0
9.367506770270161e-17 0.4819999999997694 0
0.2177888886053129 0.2177888886053128 0
0.2793071785683717 0.2793071785683717 0
0.340825468531737 0.3408254685317369 0
0.3079999999997967 0 0
0.3949999999995389 0 0
0.4819999999997694 0 0
0.2177888886052979 -0.2177888886052981 0
0.2793071785683581 -0.2793071785683584 0
0.3408254685317489 -0.3408254685317492 0
-1.387778780780797e-16 -0.3079999999997967 0
-1.665334536936264e-16 -0.3949999999995389 0
-1.942890293093288e-16 -0.4819999999997694 0
-0.2177888886052927 -0.2177888886052925 0
-0.2793071785683421 -0.2793071785683419 0
-0.3408254685317493 -0.340825468531749 0
0.5217338411649597 0.2127006889609368 -0.2806784773080338
0.514952244610418 0.2126897123489925 -0.4081279290027205
0.5083770295622104 0.2104681561899116 -0.512116356880175
0.500726200826156 0.207388453734123 -0.6120969904181863
0.4916723173610815 0.203653995944492 -0.7112939831873141
0.4810877722447944 0.1992724991278785 -0.8102173532487779
0.4688697605767567 0.1942121137633041 -0.908919159459146
0.4549005780412826 0.1884259718541803 -1.007367950280375
0.4390341643744511 0.1818539023296709 -1.105508230005469
0.4210852910981774 0.1744192380014828 -1.203266017112591
0.4008152218615132 0.1660231008195628 -1.300543017097797
0.3779100196890102 0.1565354554985422 -1.39720461094461
0.3519458979083034 0.1457807641330352 -1.49305861603424
0.4889185594302848 0.2903910010314755 -0.07000339262476628
0.5627601752996885 0.07505072024004582 -0.1335539705940114
0.3322752071618956 0.1376328972462579 -1.557559420785768
0.3110311533538389 0.1288333220396131 -1.620428895553695
0.2717188746042479 0.1125496430138324 -1.720672742448315
0.2187088080096974 0.09059215448806991 -1.827782942502236
0.4602830310061314 0.3272710794005883 -0.2445910686742971
0.5574026897588047 0.09306292784929965 -0.2343878506637994
0.4646587782089667 0.31299104155729 -0.3513000038648072
0.5502334269343457 0.1058729306396271 -0.3496134995113242
0.4605676055303444 0.3080229206450605 -0.4573255617900461
0.5435819308047224 0.107422958320977 -0.4570475875483791
0.4544574870960735 0.3036814385183718 -0.5586173014011724
0.5361110788515474 0.1065036450896697 -0.5585715994408875
0.4470156693449417 0.298685879496825 -0.6582688010999797
0.5272963375942038 0.1048600307224723 -0.6582613090326174
0.4382332355706419 0.2928172892342566 -0.757398063823604
0.5169319731290011 0.1028193434630793 -0.7573968396793955
0.5057337669340298 0.2569312348202836 -0.1572145995857615
0.4280296681819923 0.2860000253677222 -0.8562653732790955
0.5048954762093798 0.1004290635490038 -0.8562651740053454
0.4163082415003888 0.2781682108082652 -0.9548958438472051
0.4910690549868615 0.09767954557378346 -0.9548958115444116
0.4029513115626919 0.2692434446770706 -1.053253078024915
0.4753134791670876 0.0945457000260764 -1.05325307281385
0.3878113306259752 0.259127243827811 -1.151276575916932
0.4574546546321319 0.09099338308536618 -1.151276575081052
0.3706997479788438 0.2476936521252068 -1.248884809662633
0.4372701669506245 0.08697844317030254 -1.248884809529465
0.4560601713310332 0.3379597407151438 -0.1392246659800849
0.3513710848272082 0.2347786527589698 -1.345967928078118
0.4144704542908896 0.08244329911162081 -1.34596792805708
0.5281615401377718 0.2107947588099788 -0.0681287252243027
0.3294981535189159 0.2201636273959525 -1.442372949287041
0.3886695726532905 0.07731118479746622 -1.442372949283751
0.3016799751127716 0.2015761148554359 -1.548342325808717
0.3558557938913252 0.07078411840473983 -1.548342325808284
0.5540974301362832 0.1279416453355426 -0.06776289437901485
0.5420609139512305 0.1673502162006227 -0.1549831816848672
0.5657122456630487 0.05865633068754291 -0.06016586334220901
0.4441679157625656 0.3552045792819225 -0.061750256714514
0.212700688960999 0.5217338411649343 -0.2806784773080338
0.2126897123490042 0.5149522446104131 -0.4081279290027205
0.2104681561899138 0.5083770295622095 -0.512116356880175
0.2073884537341235 0.5007262008261558 -0.6120969904181863
0.203653995944492 0.4916723173610814 -0.7112939831873141
0.1992724991278785 0.4810877722447944 -0.8102173532487779
0.1942121137633041 0.4688697605767567 -0.908919159459146
0.1884259718541804 0.4549005780412825 -1.007367950280375
0.1818539023296709 0.439034164374451 -1.10550823000547
0.1744192380014828 0.4210852910981774 -1.203266017112591
0.1660231008195628 0.4008152218615133 -1.300543017097797
0.1565354554985423 0.3779100196890102 -1.39720461094461
0.1457807641330353 0.3519458979083034 -1.49305861603424
0.07505072024020734 0.5627601752996669 -0.1335539705940114
0.2903910010317848 0.4889185594301012 -0.07000339262476628
0.1376328972462579 0.3322752071618956 -1.557559420785768
0.1288333220396131 0.311031153353839 -1.620428895553695
0.1125496430138324 0.2717188746042479 -1.720672742448315
0.0905921544880699 0.2187088080096974 -1.827782942502236
0.3272710794006424 0.460283031006093 -0.2445910686742971
0.09306292784938422 0.5574026897587905 -0.2343878506637994
0.3129910415573102 0.4646587782089531 -0.3513000038648072
0.1058729306396541 0.5502334269343405 -0.3496134995113242
0.3080229206450659 0.4605676055303408 -0.4573255617900461
0.107422958320984 0.5435819308047211 -0.4570475875483791
0.303681438518373 0.4544574870960726 -0.5586173014011724
0.1065036450896713 0.5361110788515471 -0.5585715994408875
0.2986858794968253 0.4470156693449415 -0.6582688010999797
0.1048600307224727 0.5272963375942037 -0.6582613090326174
0.2928172892342567 0.4382332355706418 -0.757398063823604
0.1028193434630795 0.516931973129001 -0.7573968396793955
0.2569312348204915 0.5057337669339241 -0.1572145995857615
0.2860000253677222 0.4280296681819923 -0.8562653732790955
0.1004290635490039 0.5048954762093797 -0.8562651740053454
0.2781682108082652 0.4163082415003888 -0.9548958438472051
0.09767954557378353 0.4910690549868615 -0.9548958115444116
0.2692434446770707 0.4029513115626918 -1.053253078024915
0.09454570002607648 0.4753134791670875 -1.05325307281385
0.259127243827811 0.3878113306259751 -1.151276575916932
0.09099338308536623 0.4574546546321319 -1.151276575081052
0.2476936521252068 0.3706997479788438 -1.248884809662633
0.08697844317030265 0.4372701669506245 -1.248884809529465
0.3379597407152667 0.4560601713309422 -0.1392246659800849
0.2347786527589699 0.3513710848272081 -1.345967928078118
0.08244329911162088 0.4144704542908896 -1.34596792805708
0.2107947588104099 0.5281615401375997 -0.0681287252243027
0.2201636273959526 0.3294981535189158 -1.442372949287041
0.07731118479746621 0.3886695726532905 -1.442372949283751
0.2015761148554359 0.3016799751127716 -1.548342325808717
0.07078411840473992 0.3558557938913252 -1.548342325808284
0.1279416453359158 0.5540974301361971 -0.06776289437901485
0.1673502162008571 0.5420609139511581 -0.1549831816848672
0.05865633068774095 0.5657122456630281 -0.06016586334220901
0.3552045792820567 0.4441679157624584 -0.061750256714514
-0.2185194375348467 0.5193236365896075 -0.2806784773080338
-0.2137318862606578 0.5145205620418547 -0.4081279290027205
-0.2106533845371944 0.5083003054686298 -0.512116356880175
-0.2074211101467604 0.5007126740971432 -0.6120969904181859
-0.2036597081796369 0.491669951275813 -0.7112939831873136
-0.1992734906629101 0.4810873615375369 -0.8102173532487766
-0.1942122845665321 0.4688696898277432 -0.9089191594591456
-0.1884260010489147 0.4549005659484277 -1.007367950280375
-0.1818539072791973 0.4390341623242902 -1.105508230005469
-0.1744192388331938 0.4210852907536717 -1.20326601711259
-0.1660231009579359 0.4008152218041975 -1.300543017097796
-0.1565354555212965 0.3779100196795853 -1.397204610944609
-0.1457807641367239 0.3519458979067758 -1.493058616034239
-0.3448626629213218 0.4510004093509233 -0.1335539705940114
-0.1403801827957622 0.5510550748461316 -0.07000339262476628
-0.137632897247161 0.3322752071615218 -1.557559420785768
-0.1288333220397718 0.3110311533537733 -1.620428895553695
-0.1125496430138348 0.2717188746042467 -1.720672742448315
-0.09059215448807018 0.2187088080096974 -1.827782942502236
-0.09405365295905808 0.5568848520199436 -0.2445910686742962
-0.3283377944206781 0.4599486491394432 -0.2343878506637994
-0.1072452850735878 0.5498814609452221 -0.3513000038648072
-0.314210320221389 0.4639372546201798 -0.3496134995113242
-0.1078653811163417 0.543475573014367 -0.4573255617900452
-0.3084109671186062 0.4603299716863832 -0.4570475875483791
-0.1066147663898032 0.5360851753834581 -0.5586173014011719
-0.3037783296611726 0.454397228989157 -0.5585715994408867
-0.1048850002535784 0.5272906219273249 -0.6582688010999789
-0.2987075772084022 0.4470020548069827 -0.6582613090326169
-0.1028246017471169 0.5169307834795281 -0.7573980638236032
-0.2928218486117664 0.4382303586115511 -0.7573968396793955
-0.1759299576337519 0.5392855945142105 -0.1572145995857615
-0.1004301235634736 0.5048952382775558 -0.8562653732790938
-0.2860009431543482 0.428029086881779 -0.8562651740053454
-0.09767975245571836 0.4910690088018253 -0.9548958438472035
-0.2781683897536365 0.416308127870522 -0.9548958115444124
-0.09454573937281101 0.4753134704151747 -1.053253078024914
-0.2692434786879505 0.4029512899288861 -1.053253072813851
-0.0909933904057801 0.4574546530074307 -1.15127657591693
-0.2591272501529628 0.3878113265984983 -1.151276575081052
-0.08697844450538918 0.4372701666545804 -1.248884809662631
-0.2476936532785906 0.3706997472441301 -1.248884809529465
-0.08350961534935372 0.5614568642050265 -0.1392246659800849
-0.08244329935048324 0.4144704542379024 -1.345967928078116
-0.234778652965339 0.351371084695775 -1.34596792805708
-0.2244122031997271 0.5225210099866843 -0.0681287252243027
-0.07731118483936511 0.3886695726439786 -1.442372949287039
-0.2201636274321643 0.3294981534958736 -1.442372949283752
-0.07078411841091276 0.3558557938899476 -1.548342325808714
-0.2015761148607751 0.3016799751093812 -1.548342325808286
-0.3013376452741089 0.4822744553005626 -0.06776289437901485
-0.264960475362346 0.5016294207797206 -0.1549831816848672
-0.3585426759197559 0.441495254297435 -0.06016586334220901
-0.06290657850221458 0.565241711939993 -0.061750256714514
-0.519323636589579 0.2185194375349143 -0.2806784773080338
-0.5145205620418495 0.2137318862606707 -0.4081279290027205
-0.5083003054686288 0.2106533845371969 -0.512116356880175
-0.5007126740971428 0.2074211101467612 -0.6120969904181859
-0.4916699512758129 0.2036597081796372 -0.7112939831873136
-0.4810873615375367 0.1992734906629103 -0.8102173532487766
-0.4688696898277431 0.1942122845665322 -0.9089191594591456
-0.4549005659484276 0.1884260010489149 -1.007367950280375
-0.43903416232429 0.1818539072791975 -1.105508230005469
-0.4210852907536716 0.1744192388331939 -1.20326601711259
-0.4008152218041974 0.166023100957936 -1.300543017097796
-0.3779100196795853 0.1565354555212967 -1.397204610944609
-0.3519458979067758 0.1457807641367241 -1.493058616034239
-0.5510550748460229 0.1403801827961894 -0.07000339262476628
-0.4510004093508218 0.3448626629214546 -0.1335539705940114
-0.3322752071615218 0.1376328972471612 -1.557559420785768
-0.3110311533537733 0.1288333220397719 -1.620428895553695
-0.2717188746042468 0.1125496430138349 -1.720672742448315
-0.2187088080096973 0.09059215448807025 -1.827782942502236
-0.5568848520199311 0.09405365295913237 -0.2445910686742962
-0.459948649139391 0.3283377944207513 -0.2343878506637994
-0.5498814609452169 0.1072452850736144 -0.3513000038648072
-0.4639372546201632 0.3142103202214135 -0.3496134995113242
-0.5434755730143656 0.107865381116349 -0.4573255617900452
-0.4603299716863789 0.3084109671186127 -0.4570475875483791
-0.5360851753834579 0.1066147663898052 -0.5586173014011719
-0.4543972289891559 0.3037783296611743 -0.5585715994408867
-0.5272906219273248 0.1048850002535789 -0.6582688010999789
-0.4470020548069824 0.2987075772084028 -0.6582613090326169
-0.5169307834795281 0.1028246017471172 -0.7573980638236032
-0.4382303586115509 0.2928218486117667 -0.7573968396793955
-0.5392855945141304 0.1759299576339977 -0.1572145995857615
-0.5048952382775558 0.1004301235634738 -0.8562653732790938
-0.4280290868817788 0.2860009431543483 -0.8562651740053454
-0.4910690088018252 0.09767975245571853 -0.9548958438472035
-0.416308127870522 0.2781683897536368 -0.9548958115444124
-0.4753134704151746 0.09454573937281122 -1.053253078024914
-0.402951289928886 0.2692434786879507 -1.053253072813851
-0.4574546530074306 0.09099339040578031 -1.15127657591693
-0.3878113265984982 0.2591272501529629 -1.151276575081052
-0.4372701666545804 0.08697844450538936 -1.248884809662631
-0.37069974724413 0.2476936532785907 -1.248884809529465
-0.5614568642049991 0.0835096153495386 -0.1392246659800849
-0.4144704542379023 0.08244329935048339 -1.345967928078116
-0.3513710846957749 0.2347786529653391 -1.34596792805708
-0.5225210099864807 0.2244122032002014 -0.0681287252243027
-0.3886695726439786 0.07731118483936533 -1.442372949287039
-0.3294981534958736 0.2201636274321644 -1.442372949283752
-0.3558557938899476 0.07078411841091287 -1.548342325808714
-0.301679975109381 0.2015761148607752 -1.548342325808286
-0.4822744553003533 0.3013376452744438 -0.06776289437901485
-0.5016294207795977 0.2649604753625787 -0.1549831816848672
-0.4414952542973106 0.358542675919909 -0.06016586334220901
-0.5652417119399683 0.06290657850243586 -0.061750256714514
-0.5217338411649598 -0.2127006889609366 -0.2806784773080338
-0.5149522446104181 -0.2126897123489924 -0.4081279290027205
-0.5083770295622105 -0.2104681561899115 -0.512116356880175
-0.5007262008261562 -0.2073884537341229 -0.6120969904181863
-0.4916723173610815 -0.2036539959444918 -0.7112939831873136
-0.4810877722447944 -0.1992724991278784 -0.8102173532487771
-0.4688697605767569 -0.1942121137633039 -0.9089191594591453
-0.4549005780412826 -0.1884259718541802 -1.007367950280375
-0.4390341643744511 -0.1818539023296707 -1.105508230005469
-0.4210852910981774 -0.1744192380014827 -1.203266017112591
-0.4008152218615133 -0.1660231008195626 -1.300543017097797
-0.3779100196890103 -0.1565354554985421 -1.397204610944609
-0.3519458979083038 -0.1457807641330352 -1.493058616034239
-0.4889185594302849 -0.2903910010314754 -0.07000339262476628
-0.5627601752996885 -0.07505072024004565 -0.1335539705940114
-0.332275207161896 -0.137632897246258 -1.557559420785767
-0.3110311533538393 -0.1288333220396131 -1.620428895553695
-0.271718874604248 -0.1125496430138323 -1.720672742448315
-0.2187088080096977 -0.09059215448806993 -1.827782942502236
-0.4602830310061315 -0.3272710794005882 -0.2445910686742962
-0.5574026897588047 -0.09306292784929948 -0.2343878506637994
-0.4646587782089668 -0.3129910415572899 -0.3513000038648072
-0.5502334269343457 -0.1058729306396269 -0.3496134995113242
-0.4605676055303445 -0.3080229206450604 -0.4573255617900452
-0.5435819308047224 -0.1074229583209769 -0.4570475875483791
-0.4544574870960736 -0.3036814385183717 -0.5586173014011724
-0.5361110788515474 -0.1065036450896696 -0.5585715994408875
-0.4470156693449419 -0.2986858794968249 -0.6582688010999793
-0.5272963375942038 -0.1048600307224721 -0.6582613090326174
-0.438233235570642 -0.2928172892342565 -0.7573980638236035
-0.5169319731290011 -0.1028193434630792 -0.7573968396793955
-0.5057337669340299 -0.2569312348202834 -0.1572145995857615
-0.4280296681819926 -0.2860000253677221 -0.8562653732790942
-0.5048954762093798 -0.1004290635490037 -0.8562651740053454
-0.416308241500389 -0.2781682108082651 -0.9548958438472038
-0.4910690549868616 -0.09767954557378332 -0.9548958115444116
-0.402951311562692 -0.2692434446770705 -1.053253078024915
-0.4753134791670876 -0.09454570002607626 -1.05325307281385
-0.3878113306259753 -0.2591272438278109 -1.151276575916931
-0.4574546546321319 -0.09099338308536604 -1.151276575081052
-0.3706997479788439 -0.2476936521252067 -1.248884809662632
-0.4372701669506245 -0.08697844317030241 -1.248884809529465
-0.4560601713310333 -0.3379597407151437 -0.1392246659800849
-0.3513710848272082 -0.2347786527589697 -1.345967928078118
-0.4144704542908897 -0.08244329911162071 -1.345967928057079
-0.5281615401377719 -0.2107947588099786 -0.0681287252243027
-0.329498153518916 -0.2201636273959526 -1.442372949287041
-0.3886695726532905 -0.07731118479746611 -1.442372949283751
-0.301679975112772 -0.201576114855436 -1.548342325808715
-0.3558557938913255 -0.07078411840473978 -1.548342325808284
-0.5540974301362832 -0.1279416453355425 -0.06776289437901485
-0.5420609139512305 -0.1673502162006225 -0.1549831816848672
-0.5657122456630487 -0.05865633068754274 -0.06016586334220901
-0.4441679157625658 -0.3552045792819223 -0.061750256714514
-0.2127006889610157 -0.5217338411649275 -0.2806784773080338
-0.2126897123490074 -0.5149522446104118 -0.4081279290027205
-0.2104681561899145 -0.5083770295622092 -0.512116356880175
-0.2073884537341238 -0.5007262008261557 -0.6120969904181859
-0.2036539959444922 -0.4916723173610813 -0.7112939831873136
-0.1992724991278787 -0.4810877722447943 -0.8102173532487771
-0.1942121137633042 -0.4688697605767568 -0.9089191594591453
-0.1884259718541805 -0.4549005780412825 -1.007367950280375
-0.1818539023296711 -0.439034164374451 -1.105508230005469
-0.1744192380014829 -0.4210852910981773 -1.203266017112591
-0.166023100819563 -0.4008152218615132 -1.300543017097797
-0.1565354554985424 -0.3779100196890101 -1.39720461094461
-0.1457807641330355 -0.3519458979083037 -1.493058616034239
-0.07505072024025566 -0.5627601752996604 -0.1335539705940114
-0.2903910010318605 -0.4889185594300561 -0.07000339262476628
-0.1376328972462582 -0.3322752071618958 -1.557559420785767
-0.1288333220396134 -0.3110311533538392 -1.620428895553695
-0.1125496430138324 -0.2717188746042478 -1.720672742448315
-0.09059215448807001 -0.2187088080096975 -1.827782942502236
-0.3272710794006565 -0.4602830310060829 -0.2445910686742962
-0.09306292784940845 -0.5574026897587865 -0.2343878506637994
-0.3129910415573156 -0.4646587782089494 -0.3513000038648072
-0.1058729306396617 -0.5502334269343392 -0.3496134995113242
-0.3080229206450676 -0.4605676055303397 -0.4573255617900452
-0.1074229583209861 -0.5435819308047206 -0.4570475875483791
-0.3036814385183735 -0.4544574870960723 -0.5586173014011724
-0.1065036450896719 -0.536111078851547 -0.5585715994408867
-0.2986858794968256 -0.4470156693449414 -0.6582688010999793
-0.1048600307224729 -0.5272963375942037 -0.6582613090326169
-0.2928172892342569 -0.4382332355706418 -0.7573980638236035
-0.1028193434630797 -0.516931973129001 -0.7573968396793955
-0.2569312348205465 -0.5057337669338963 -0.1572145995857615
-0.2860000253677224 -0.4280296681819923 -0.8562653732790942
-0.1004290635490041 -0.5048954762093797 -0.8562651740053454
-0.2781682108082654 -0.4163082415003888 -0.9548958438472038
-0.09767954557378369 -0.4910690549868615 -0.9548958115444116
-0.2692434446770708 -0.4029513115626919 -1.053253078024915
-0.0945457000260766 -0.4753134791670875 -1.05325307281385
-0.2591272438278112 -0.3878113306259751 -1.151276575916931
-0.09099338308536634 -0.4574546546321319 -1.151276575081052
-0.247693652125207 -0.3706997479788437 -1.248884809662633
-0.08697844317030279 -0.4372701669506244 -1.248884809529465
-0.337959740715297 -0.4560601713309196 -0.1392246659800849
-0.23477865275897 -0.3513710848272081 -1.345967928078118
-0.08244329911162099 -0.4144704542908896 -1.34596792805708
-0.2107947588105231 -0.5281615401375546 -0.0681287252243027
-0.2201636273959528 -0.3294981535189159 -1.442372949287041
-0.07731118479746638 -0.3886695726532904 -1.442372949283751
-0.2015761148554361 -0.3016799751127719 -1.548342325808715
-0.07078411840474008 -0.3558557938913254 -1.548342325808284
-0.1279416453360258 -0.5540974301361716 -0.06776289437901485
-0.1673502162009223 -0.542060913951138 -0.1549831816848672
-0.05865633068780401 -0.5657122456630217 -0.06016586334220901
-0.3552045792820885 -0.4441679157624329 -0.061750256714514
0.2127006889609366 -0.5217338411649598 -0.2806784773080338
0.2126897123489923 -0.5149522446104181 -0.40812792900272
0.2104681561899114 -0.5083770295622105 -0.5121163568801738
0.2073884537341229 -0.5007262008261564 -0.612096990418185
0.2036539959444918 -0.4916723173610816 -0.7112939831873127
0.1992724991278784 -0.4810877722447946 -0.8102173532487759
0.1942121137633039 -0.468869760576757 -0.9089191594591445
0.1884259718541802 -0.4549005780412828 -1.007367950280374
0.1818539023296707 -0.4390341643744513 -1.105508230005468
0.1744192380014827 -0.4210852910981777 -1.20326601711259
0.1660231008195628 -0.4008152218615137 -1.300543017097795
0.1565354554985423 -0.3779100196890108 -1.397204610944608
0.1457807641330354 -0.3519458979083042 -1.493058616034237
0.2903910010314754 -0.4889185594302849 -0.07000339262476583
0.0750507202400456 -0.5627601752996885 -0.1335539705940114
0.1376328972462581 -0.3322752071618963 -1.557559420785766
0.1288333220396132 -0.3110311533538395 -1.620428895553694
0.1125496430138324 -0.2717188746042483 -1.720672742448314
0.09059215448806991 -0.2187088080096977 -1.827782942502236
0.3272710794005881 -0.4602830310061315 -0.2445910686742962
0.09306292784929943 -0.5574026897588047 -0.2343878506637994
0.3129910415572898 -0.4646587782089668 -0.3513000038648068
0.1058729306396269 -0.5502334269343457 -0.3496134995113242
0.3080229206450604 -0.4605676055303445 -0.4573255617900444
0.1074229583209768 -0.5435819308047224 -0.4570475875483791
0.3036814385183717 -0.4544574870960737 -0.5586173014011706
0.1065036450896695 -0.5361110788515474 -0.5585715994408867
0.298685879496825 -0.447015669344942 -0.658268801099978
0.1048600307224721 -0.5272963375942038 -0.6582613090326169
0.2928172892342565 -0.4382332355706421 -0.757398063823602
0.1028193434630791 -0.5169319731290011 -0.7573968396793951
0.2569312348202833 -0.5057337669340299 -0.1572145995857606
0.2860000253677222 -0.4280296681819927 -0.8562653732790926
0.1004290635490036 -0.5048954762093798 -0.8562651740053446
0.2781682108082652 -0.4163082415003892 -0.9548958438472023
0.09767954557378328 -0.4910690549868617 -0.9548958115444112
0.2692434446770707 -0.4029513115626923 -1.053253078024913
0.09454570002607625 -0.4753134791670878 -1.053253072813849
0.2591272438278111 -0.3878113306259757 -1.151276575916929
0.09099338308536603 -0.4574546546321321 -1.151276575081052
0.247693652125207 -0.3706997479788443 -1.24888480966263
0.08697844317030241 -0.4372701669506248 -1.248884809529464
0.3379597407151438 -0.4560601713310334 -0.139224665980084
0.23477865275897 -0.3513710848272088 -1.345967928078116
0.0824432991116207 -0.4144704542908899 -1.345967928057079
0.2107947588099786 -0.5281615401377719 -0.0681287252243027
0.2201636273959529 -0.3294981535189166 -1.442372949287038
0.07731118479746611 -0.3886695726532908 -1.44237294928375
0.2015761148554363 -0.3016799751127724 -1.548342325808714
0.07078411840473976 -0.3558557938913256 -1.548342325808283
0.1279416453355424 -0.5540974301362832 -0.06776289437901485
0.1673502162006225 -0.5420609139512306 -0.1549831816848672
0.05865633068754269 -0.5657122456630487 -0.06016586334220901
0.3552045792819223 -0.4441679157625658 -0.06175025671451355
0.5193236365895759 -0.2185194375349221 -0.2806784773080338
0.5145205620418489 -0.2137318862606723 -0.4081279290027192
0.5083003054686288 -0.2106533845371973 -0.5121163568801738
0.500712674097143 -0.2074211101467613 -0.612096990418185
0.4916699512758129 -0.2036597081796373 -0.7112939831873132
0.4810873615375367 -0.1992734906629104 -0.8102173532487766
0.4688696898277432 -0.1942122845665324 -0.9089191594591448
0.4549005659484278 -0.188426001048915 -1.007367950280374
0.4390341623242902 -0.1818539072791976 -1.105508230005468
0.4210852907536716 -0.174419238833194 -1.20326601711259
0.4008152218041977 -0.1660231009579362 -1.300543017097795
0.3779100196795855 -0.1565354555212969 -1.397204610944608
0.3519458979067762 -0.1457807641367244 -1.493058616034237
0.5510550748460132 -0.1403801827962275 -0.07000339262476628
0.451000409350815 -0.3448626629214636 -0.1335539705940114
0.3322752071615222 -0.1376328972471614 -1.557559420785766
0.3110311533537737 -0.1288333220397722 -1.620428895553694
0.2717188746042472 -0.1125496430138351 -1.720672742448314
0.2187088080096975 -0.09059215448807038 -1.827782942502236
0.5568848520199298 -0.09405365295914045 -0.2445910686742962
0.4599486491393859 -0.3283377944207584 -0.2343878506637994
0.5498814609452164 -0.1072452850736175 -0.3513000038648068
0.4639372546201614 -0.3142103202214162 -0.3496134995113238
0.5434755730143654 -0.1078653811163499 -0.4573255617900448
0.4603299716863784 -0.3084109671186135 -0.4570475875483782
0.5360851753834579 -0.1066147663898055 -0.5586173014011711
0.4543972289891558 -0.3037783296611746 -0.5585715994408863
0.5272906219273248 -0.1048850002535791 -0.6582688010999789
0.4470020548069823 -0.2987075772084029 -0.6582613090326169
0.5169307834795281 -0.1028246017471174 -0.7573980638236032
0.4382303586115508 -0.2928218486117669 -0.7573968396793948
0.5392855945141213 -0.1759299576340257 -0.1572145995857615
0.5048952382775558 -0.1004301235634739 -0.8562653732790938
0.4280290868817789 -0.2860009431543485 -0.8562651740053442
0.4910690088018255 -0.09767975245571872 -0.9548958438472031
0.4163081278705221 -0.278168389753637 -0.9548958115444108
0.4753134704151748 -0.09454573937281135 -1.053253078024913
0.4029512899288862 -0.269243478687951 -1.053253072813849
0.4574546530074307 -0.09099339040578047 -1.15127657591693
0.3878113265984984 -0.2591272501529631 -1.151276575081051
0.4372701666545806 -0.0869784445053895 -1.24888480966263
0.3706997472441301 -0.2476936532785909 -1.248884809529464
0.5614568642049965 -0.08350961534955573 -0.1392246659800849
0.4144704542379024 -0.08244329935048358 -1.345967928078116
0.351371084695775 -0.2347786529653394 -1.345967928057079
0.5225210099864581 -0.2244122032002539 -0.0681287252243027
0.3886695726439787 -0.07731118483936544 -1.442372949287038
0.329498153495874 -0.2201636274321648 -1.44237294928375
0.3558557938899477 -0.07078411841091298 -1.548342325808714
0.3016799751093817 -0.2015761148607758 -1.548342325808283
0.4822744553003373 -0.3013376452744695 -0.06776289437901485
0.5016294207795855 -0.2649604753626018 -0.1549831816848672
0.4414952542973071 -0.3585426759199135 -0.06016586334220901
0.5652417119399663 -0.06290657850245396 -0.061750256714514
0.2006276641863001 0.09090321200325352 -0.1500329694282766
0.2021570102703591 0.08373617538277776 -0.2576451170317516
0.200303225761861 0.08296831269764242 -0.3559608002534861
0.1978164648712401 0.08193826261036852 -0.454709936324845
0.1946773789623402 0.08063801065344794 -0.5535211184809067
0.152202691177785 0.0630444189155224 -1.223820420306903
0.1908552840572697 0.07905484710709065 -0.6523306488411792
0.1863088232825088 0.07717164139338739 -0.7511256616737053
0.1410005431238836 0.05840433726388505 -1.327900359342934
0.180983971681501 0.07496601564262588 -0.8499016303087301
0.1306873435525261 0.05413247012996836 -1.410632794759546
0.175574447113784 0.07272531720068703 -0.9371740395037532
0.1608097307751723 0.06660957144864248 -1.131323330676951
0.2006699508048458 0.09224482930354039 -0.06618176479255179
0.2162775685601688 0.04517042731379135 -0.04124318180486311
0.1685396738271659 0.06981141869714987 -1.036357366652167
0.09090321210856167 0.200627664418641 -0.1500329435813359
0.08373617554377813 0.202157010659039 -0.2576450923718829
0.08296831291162624 0.200303226278462 -0.3559607767478839
0.08193826287275527 0.1978164655046974 -0.454709914041749
0.08063801095931283 0.1946773797007632 -0.5535210974810342
0.06304441936538137 0.1522026922638406 -1.223820409385288
0.07905484745131094 0.190855284888291 -0.6523306291813965
0.07717164177062263 0.1863088241932352 -0.7511256434078953
0.05840433770621315 0.1410005441917581 -1.327900350174278
0.07496601604726141 0.1809839726583776 -0.8499016134881371
0.05413247055812209 0.1306873445861806 -1.410632787016264
0.07272531762458406 0.1755744481371619 -0.9371740240010563
0.06660957189698122 0.1608097318575578 -1.131323318236455
0.09224482935207515 0.200669950910185 -0.06618173807935276
0.04517042732881811 0.2162775686315218 -0.04124315484441694
0.06981141913688729 0.1685396748887859 -1.03635735269196
-0.07758690420178292 0.206143459482101 -0.1500329690818831
-0.08373617538616875 0.2021570102785458 -0.2576451165123486
-0.08296831270366235 0.2003032257763946 -0.3559607995922046
-0.08193826261946928 0.1978164648932114 -0.4547099355519624
-0.08063801066590125 0.1946773789924053 -0.5535211176258933
-0.06304441894591314 0.1522026912511549 -1.223820419569079
-0.07905484712300831 0.1908552840956984 -0.6523306479320564
-0.07717164141273043 0.1863088233292071 -0.7511256607371084
-0.0584043372943541 0.1410005431974425 -1.327900358711365
-0.07496601566520886 0.1809839717360212 -0.8499016293699614
-0.05413247015941921 0.1306873436236268 -1.410632794226919
-0.0727253172258618 0.1755744471745613 -0.9371740385830643
-0.06660957147805012 0.1608097308461688 -1.131323329860947
-0.1135935781018674 0.1895194354646936 -0.03704392003328492
-0.0749740629522884 0.2077505978759328 -0.0641249273799743
-0.06981141872482126 0.1685396738939706 -1.036357365773692
-0.2006276641893966 0.09090321200470283 -0.1500329690818831
-0.202157010278544 0.08373617538617309 -0.2576451165123486
-0.2003032257763942 0.08296831270366313 -0.3559607995922046
-0.1978164648932113 0.08193826261946949 -0.4547099355519624
-0.1946773789924052 0.0806380106659014 -0.5535211176258933
-0.1522026912511549 0.0630444189459132 -1.223820419569079
-0.1908552840956984 0.07905484712300841 -0.6523306479320564
-0.1863088233292071 0.07717164141273053 -0.7511256607371084
-0.1410005431974425 0.05840433729435415 -1.327900358711365
-0.1809839717360211 0.07496601566520893 -0.8499016293699614
-0.1306873436236267 0.05413247015941926 -1.410632794226919
-0.1755744471745612 0.07272531722586187 -0.9371740385830643
-0.1608097308461687 0.0666095714780502 -1.131323329860947
-0.2143332673587974 0.05368768860868832 -0.03704392003328492
-0.1999165248802929 0.09388718822698039 -0.0641249273799743
-0.1685396738939706 0.06981141872482134 -1.036357365773692
-0.206143459482101 -0.07758690420178288 -0.1500329690818831
-0.2021570102785458 -0.08373617538616872 -0.2576451165123486
-0.2003032257763946 -0.08296831270366233 -0.3559607995922046
-0.1978164648932114 -0.08193826261946925 -0.4547099355519624
-0.1946773789924053 -0.08063801066590121 -0.553521117625894
-0.1522026912511549 -0.0630444189459131 -1.22382041956908
-0.1908552840956984 -0.07905484712300828 -0.6523306479320566
-0.1863088233292071 -0.07717164141273039 -0.7511256607371087
-0.1410005431974425 -0.05840433729435405 -1.327900358711366
-0.1809839717360212 -0.0749660156652088 -0.8499016293699617
-0.1306873436236267 -0.05413247015941915 -1.41063279422692
-0.1755744471745613 -0.07272531722586174 -0.9371740385830651
-0.1608097308461687 -0.06660957147805005 -1.131323329860948
-0.2045336400685615 -0.08341658334009386 -0.05795394240618936
-0.1685396738939706 -0.0698114187248212 -1.036357365773693
-0.09090321200469817 -0.2006276641893987 -0.1500329690818831
-0.08373617538617262 -0.2021570102785442 -0.2576451165123486
-0.08296831270366309 -0.2003032257763942 -0.3559607995922046
-0.08193826261946952 -0.1978164648932113 -0.4547099355519624
-0.08063801066590143 -0.1946773789924051 -0.553521117625894
-0.06304441894591321 -0.1522026912511548 -1.22382041956908
-0.07905484712300842 -0.1908552840956984 -0.6523306479320566
-0.07717164141273054 -0.1863088233292071 -0.7511256607371087
-0.05840433729435416 -0.1410005431974424 -1.327900358711366
-0.07496601566520897 -0.1809839717360211 -0.8499016293699617
-0.05413247015941925 -0.1306873436236266 -1.41063279422692
-0.07272531722586187 -0.1755744471745612 -0.9371740385830651
-0.06660957147805019 -0.1608097308461686 -1.131323329860948
-0.08564269213005943 -0.2036115556164397 -0.05795394240618936
-0.06981141872482133 -0.1685396738939705 -1.036357365773693
0.07758690420178287 -0.206143459482101 -0.1500329690818831
0.08373617538616869 -0.2021570102785459 -0.2576451165123486
0.0829683127036623 -0.2003032257763946 -0.3559607995922046
0.08193826261946922 -0.1978164648932114 -0.4547099355519624
0.08063801066590118 -0.1946773789924053 -0.553521117625894
0.06304441894591309 -0.1522026912511549 -1.223820419569079
0.07905484712300825 -0.1908552840956984 -0.6523306479320564
0.07717164141273038 -0.1863088233292071 -0.7511256607371084
0.05840433729435406 -0.1410005431974425 -1.327900358711365
0.07496601566520879 -0.1809839717360212 -0.8499016293699614
0.05413247015941916 -0.1306873436236268 -1.410632794226919
0.07272531722586174 -0.1755744471745613 -0.9371740385830643
0.06660957147805006 -0.1608097308461688 -1.131323329860947
0.08341658334009384 -0.2045336400685615 -0.05795394240618936
0.0698114187248212 -0.1685396738939706 -1.036357365773692
0.2006276641894013 -0.09090321200469245 -0.1500329690818831
0.2021570102785445 -0.08373617538617201 -0.2576451165123486
0.2003032257763943 -0.08296831270366303 -0.3559607995922046
0.1978164648932113 -0.08193826261946953 -0.4547099355519624
0.1946773789924051 -0.08063801066590139 -0.553521117625894
0.1522026912511548 -0.06304441894591326 -1.223820419569079
0.1908552840956984 -0.07905484712300845 -0.6523306479320566
0.1863088233292071 -0.07717164141273057 -0.7511256607371084
0.1410005431974424 -0.05840433729435419 -1.327900358711365
0.1809839717360211 -0.074966015665209 -0.8499016293699614
0.1306873436236267 -0.05413247015941929 -1.410632794226919
0.1755744471745612 -0.07272531722586192 -0.9371740385830643
0.1608097308461687 -0.06660957147805026 -1.131323329860947
0.2036115556164449 -0.08564269213004708 -0.05795394240618936
0.1685396738939705 -0.06981141872482138 -1.036357365773692
-0.3843952561504975 -0.1485300339464314 0
-0.290272814113759 -0.1444442617993401 0
-0.4780245202815173 -0.1200715442408872 0
-0.3963130925407428 -0.2576950299733384 0
-0.3445029474764079 -0.0702526009175295 0
-0.4604838286810062 -0.1912399106058646 0
-0.3243101785840831 -0.2130977561811214 0
-0.2707872075275929 -0.07133283271614384 0
-0.2200686277716034 -0.1470451559530509 0
-0.4264331417987057 -0.06429772148140361 0
-0.5088581732061842 -0.05631381104946727 0
-0.3996369426039291 -0.3199971872688012 0
-0.376835086493341 0.166781898066561 0
-0.3073913922757304 0.103116358232151 0
-0.4229177830247937 0.2531109767042088 0
-0.4624535783807919 0.09801777203635252 0
-0.2932764608040951 0.1939242797945473 0
-0.4608382755100107 0.190384200264138 0
-0.3800047949359224 0.07863905803331388 0
-0.2419154004361558 0.1410355409665228 0
-0.2595886459387009 0.05163539210872498 0
-0.3469991211628949 0.2560684114142021 0
-0.3996369426038458 0.319997187268761 0
-0.5088581732062867 0.05631381104950615 0
-0.1485300339464322 0.3843952561504965 -0
-0.1444442617993425 0.2902728141137597 -0
-0.1200715442408874 0.4780245202815169 -0
-0.2576950299733397 0.3963130925407399 -0
-0.07025260091753005 0.3445029474764078 -0
-0.1912399106058646 0.4604838286810055 -0
-0.2130977561811245 0.3243101785840819 -0
-0.07133283271614407 0.2707872075275929 -0
-0.1470451559530505 0.2200686277716026 -0
-0.06429772148140389 0.4264331417987055 -0
-0.05631381104946792 0.5088581732061837 -0
-0.3199971872687991 0.3996369426039327 -0
0.1667818980665523 0.3768350864933531 0
0.1031163582321419 0.3073913922757516 0
0.2531109767041732 0.4229177830248172 0
0.09801777203635437 0.4624535783808005 0
0.1939242797945412 0.2932764608041021 0
0.1903842002640828 0.4608382755100383 0
0.0786390580333185 0.3800047949359475 0
0.1410355409664912 0.2419154004361672 0
0.05163539210867157 0.259588645938776 0
0.256068411414197 0.3469991211628986 0
0.3199971872687754 0.3996369426038543 0
0.0563138110495017 0.5088581732062812 0
0.384395256150497 0.1485300339464322 0
0.2902728141137596 0.144444261799343 0
0.478024520281517 0.1200715442408875 0
0.3963130925407455 0.2576950299733375 0
0.3445029474764077 0.07025260091753016 0
0.460483828681006 0.1912399106058645 0
0.3243101785840808 0.2130977561811263 0
0.2707872075275928 0.07133283271614409 0
0.2200686277716023 0.1470451559530503 0
0.4264331417987055 0.06429772148140399 0
0.5088581732061834 0.05631381104946819 0
0.3996369426039253 0.3199971872688038 0
0.376835086493339 -0.166781898066566 0
0.3073913922757455 -0.1031163582321337 0
0.4229177830247809 -0.2531109767042344 0
0.4624535783807835 -0.09801777203635059 0
0.2932764608040918 -0.1939242797945341 0
0.4608382755099864 -0.1903842002641916 0
0.3800047949359404 -0.07863905803331277 0
0.2419154004361592 -0.1410355409664804 0
0.2595886459387823 -0.0516353921086586 0
0.3469991211628902 -0.2560684114142007 0
0.3996369426038445 -0.3199971872687621 0
0.5088581732062922 -0.05631381104951028 0
0.1485300339464317 -0.3843952561504971 0
0.144444261799341 -0.290272814113759 0
0.1200715442408872 -0.4780245202815172 0
0.2576950299733384 -0.3963130925407427 0
0.07025260091752968 -0.3445029474764078 0
0.1912399106058645 -0.4604838286810062 0
0.2130977561811238 -0.3243101785840819 0
0.07133283271614388 -0.2707872075275929 0
0.1470451559530506 -0.220068627771603 0
0.06429772148140372 -0.4264331417987056 0
0.0563138110494678 -0.5088581732061838 0
0.3199971872688012 -0.3996369426039291 0
-0.1667818980665615 -0.3768350864933275 0
-0.1031163582321379 -0.3073913922757299 0
-0.2531109767042276 -0.4229177830247764 0
-0.09801777203634249 -0.4624535783807666 0
-0.1939242797945329 -0.2932764608040824 0
-0.1903842002641921 -0.4608382755099732 0
-0.07863905803330927 -0.3800047949359228 0
-0.1410355409665002 -0.2419154004361479 0
-0.05163539210869408 -0.259588645938732 0
-0.2560684114141946 -0.346999121162884 0
-0.3199971872687584 -0.3996369426038417 0
-0.05631381104951833 -0.508858173206309 0
-0.385738832579695 -0.07100079644657743 -0.176983795538857
0.07100079644657717 -0.3857388325796949 -0.1769837955388568
-0.3229636889210978 0.2225533996470697 -0.1769837955388529
0.3229636889210964 -0.2225533996470604 -0.1769837955388477
-0.2247346792518623 -0.3204404757005408 -0.175647609707759
-0.06767421766766507 0.3854970490012833 -0.175647609707751
0.2247346760561167 0.3204404793972693 -0.1756476086916599
0.3858009113275923 0.07185490674940993 -0.1773268657502346
0.0881676077058445 0.3714911966367727 -0.4097372223778326
-0.08735164734853797 0.3674095379643066 -0.4096259467454303
-0.3714911936583397 -0.08816760387943837 -0.4097372447097626
-0.3674095330432903 0.08735164636478697 -0.4096259466112444
0.3250278527710169 -0.2003400316027769 -0.4097372447097625
0.1980308307951431 -0.3215647137798432 -0.4096259466112445
-0.0881676038794388 -0.3714911936583392 -0.4097372447097624
0.3714911935476105 0.08816760379966138 -0.4097372454319535
0.08641275525139258 0.3603081598158663 -0.6095118303570751
-0.085867738971729 0.3575836669803891 -0.6093977303150718
-0.3158793837578646 0.1936732984434773 -0.6095118499082557
0.08641275162806472 -0.3603081569563626 -0.6095118499082559
-0.08586773803545349 -0.3575836622999956 -0.6093977301190265
-0.3603081569563626 -0.08641275162806483 -0.6095118499082561
0.3158793837578644 -0.1936732984434775 -0.609511849908256
0.3603081568152841 0.08641275149818006 -0.6095118507951427
-0.236218546364883 -0.2997429787585227 -0.3493088218824876
0.2362185175219742 0.299742968985753 -0.3493087986775158
-0.2115289167362639 0.2897051778140878 -0.7483282789139032
-0.2115290311669115 -0.2897053486137932 -0.7483282896155574
0.2115290311669114 -0.2897053486137934 -0.7483282896155571
-0.3544262289067696 0.05527900419488262 -0.7483282896155569
0.3544262289067697 -0.05527900419488257 -0.7483282896155569
0.211529032038422 0.2897053490227331 -0.7483282728659875
-0.2445726352723218 0.2946479090260772 -0.449291348063901
-0.204867788898132 0.3328304185437789 -0.2785540836285605
0.0531229995855979 -0.3457563172310407 -0.8480620191875629
0.05312299741873568 0.3457563179341587 -0.8480620192310577
-0.237095870958928 -0.2925447837715729 -0.549059431557948
0.2364710738815834 0.2928613757267864 -0.5490512872092878
0.2940918296208858 -0.1812852886035846 -0.9034748921467389
-0.294091829620886 0.1812852886035844 -0.903474892146739
-0.3361423839174419 -0.07976627011553236 -0.9034748921467395
0.3361423837438077 0.07976627000604677 -0.9034748930806333
0.3811272400794269 -0.07907732164695973 -0.2870080874120945
-0.2023679332966848 -0.2728367789592919 -0.9478003806749282
0.202367934011585 0.2728367793298258 -0.9478003668101798
-0.1008464370940788 0.3338879235960041 -0.9038763791583189
0.1713649834631601 -0.2875630164333918 -0.9978989200428597
0.3769244594569244 -0.06070262125648398 -0.5018028520883164
0.07902117215628018 0.3121471160232906 -1.096208634747934
-0.1648449344758374 0.276597746675011 -1.096208647167061
-0.2765977466750109 0.1648449344758375 -1.096208647167061
0.2765977466750107 -0.1648449344758376 -1.096208647167061
-0.07902117132270234 -0.3121471133469356 -1.096208647167062
-0.3121471133469356 -0.07902117132270206 -1.096208647167062
0.3121471131592609 0.07902117127808461 -1.096208648018934
-0.3245025533208347 -0.1687178668708813 -0.763531178287612
0.3245025525408002 0.1687178679691819 -0.7635311799668514
0.05656626847788801 -0.355633830444136 -0.3487700098325195
-0.2373534104953082 0.07927905317500732 -1.485475429112639
-0.07927905317579639 -0.2373534104944215 -1.48547542911329
0.07927905317579541 -0.2373534104944226 -1.485475429113289
-0.2373534104944215 -0.07927905317579657 -1.48547542911329
0.2373534108423756 0.07927905264477858 -1.485475429152326
0.2373534104953098 -0.0792790531750053 -1.485475429112637
-0.07927905317500739 0.2373534104953082 -1.485475429112639
0.07927906036468979 0.2373534057838352 -1.485475428584827
0.08167001350562075 0.3670811096963474 -0.244460505300483
0.05710147201322049 -0.3093137916237059 -1.165118556804952
-0.08044512980669713 -0.367919156637401 -0.2435631627539015
0.3332267815015446 -0.058014358710138 -0.9943740011503959
-0.3332267815015447 0.05801435871013779 -0.9943740011503959
-0.2035820885285957 -0.2412237148173251 -1.147492972771256
0.2035820894698818 0.2412237164824599 -1.147492961893952
-0.1011730363606482 -0.3335137852764218 -0.8476243777304804
-0.366718910001231 0.07842106351737055 -0.2447143269376709
0.2038573622502175 -0.3147614938521978 -0.2447143269376745
-0.3143354764443647 -0.2019563342691283 -0.2440448767018449
0.2967558641609305 0.03989365866519484 -1.246918775058766
-0.1816290072373337 0.2380471605251723 -1.246918775055091
0.2380471605251723 -0.181629007237334 -1.24691877505509
-0.2967558641272513 -0.03989365877185273 -1.246918775055091
-0.03989365878627295 0.296755864200845 -1.246918775063122
0.3136569881495694 0.2020400490724475 -0.2440997099147894
-0.2960184852590212 0.2031095426982727 -0.3352881107631576
0.02894917882907404 -0.3327537100790564 -0.9949621332638242
-0.05020125434609708 0.3287325517758074 -0.7469649740286197
-0.03962735927020008 -0.2798516694379264 -1.356308876508323
0.2433965031884529 0.1733777713774293 -1.270008742710927
-0.2433965019105351 -0.1733777677871405 -1.270008750640693
-0.3427790820737757 0.05675975295632174 -0.5544104537531281
0.2022462071693785 -0.2825166195971553 -0.5544104537531285
-0.2916012121129888 0.1040369141910515 -1.227365737160748
0.1303304244419377 0.2609875065912651 -1.291274929246459
0.1271257889875225 -0.2623149092945767 -1.291274938869771
-0.2762906361291346 0.04302716253245471 -1.356840035383684
0.2762906360936288 -0.04302716254696554 -1.35684003540347
4.526413405704088e-09 0.2798559952281153 -1.385929595600446
-0.2234722257502176 0.1722991736003032 -1.362956691634011
-0.1052795310778692 -0.2937483520470542 -1.232939474086587
0.2753049086293604 0.2008619285791441 -0.4479523387911873
-0.2750199952775221 -0.2006711533516512 -0.4479422582933135
0.1724461270652973 -0.2466449221822282 -1.12843590199663
-0.0454326716225678 0.311664849126287 -1.031042094966889
0.3451890495317425 -0.06506030943362769 -0.1422328148156669
0.2668869692297953 0.1596344157779092 -0.9936014252776983
-0.2668869669349634 -0.1596344126428498 -0.9936014265756802
-0.1616166043516204 -0.2253162540398315 -1.378578094881023
0.2231005663739209 -0.1640942114487053 -1.381939679912235
-0.2336891463443029 0.3216719688958992 -0.6010260305051347
-0.1797414014530646 0.3053342110381506 -0.1376747551628018
0.1865232413902878 0.1865232343387762 -1.433279606251149
-0.1254943951343062 0.2563856390613451 -1.366379578782912
-0.2723800905360829 -0.1902761673022752 -0.6367308719198689
0.2723800892300507 0.1902761743754753 -0.6367308689509176
-0.1934864833422647 0.2523842313180623 -0.96411927074617
-0.3258171406744363 0.1986054688100676 -0.7612708769062381
0.3258171305672834 -0.1986054726447823 -0.7612708698612421
0.2860836709309088 -0.0383962100451009 -1.144801163561326
-0.02339440394359967 -0.3358271396132877 -0.7320341768285406
-0.278250535393114 -0.08407232985521734 -1.364942364826264
0.2736495510720725 0.09001341412597999 -1.362815818766047
0.03278666315003403 -0.4095103889127926 -0.482647202228598
0.05235754989852641 0.4280210110426798 -0.1254549400446991
0.1770133133778636 -0.2596630732762896 -0.8705420630160651
-0.04841230366923469 -0.4284822923976683 -0.1247177210373126
-0.3401660789541779 -0.2659447505581204 -0.1255413056125014
-0.3072374193360201 0.05699055382472527 -0.8681947846828921
0.3072374193360201 -0.05699055382472524 -0.868194784682892
0.3401854360796142 0.2658422192536511 -0.1256149417095615
-0.4288268563885562 0.04916418916832406 -0.1253422770506932
0.2684620465547946 -0.3379907096597218 -0.1253422770506976
0.06678590368671085 0.3007054354309912 -0.9682351263587696
-0.1884956308107527 -0.1884956308107528 -1.489264405926392
-0.357326963892985 0.2126604937420955 -0.4752354367175913
-0.189027272049953 0.189027272049953 -1.488085245974387
0.3167528154859814 -0.06486100357908739 -0.6245955624051294
-0.2351142223341712 -0.204810072856 -0.8459165408295739
0.2351142135981106 0.2048100787512551 -0.8459165253963371
0.1867998114170892 -0.1867998114162369 -1.493025668531365
-0.0004928573318689344 0.4114493471711264 -0.5114032176008811
0.4598623510029798 -0.04512001861076029 -0.1029013863439487
-0.2912826074933612 0.04246146542189113 -1.118321294760058
-0.1064728257525671 -0.3574620828511564 -0.9763524952098226
-0.02842392836931311 0.4279002497566773 -0.3007421987560236
-0.3593080642549639 0.2995683584783452 -0.09813604680344579
0.1751957126263281 0.4197884179723252 -0.1155002378611345
-0.1715881621126873 -0.4208020282698732 -0.1155793904749379
-0.420540429333616 0.1725192214943565 -0.1158936238452687
0.1753774779412199 -0.4193565007485894 -0.1158936238452665
0.0866630039423088 0.3123984071321709 -0.7286659339530658
-0.4206430887589581 -0.1730853934680097 -0.115273445380959
0.4206759633483476 0.1730268266732814 -0.115257598729041
-0.285658061954735 0.3530548930774791 -0.1837961503283007
0.1179576853928064 -0.3851709344471684 -0.737472336020801
0.3247070069512159 -0.2822668602030234 -0.3001130981600088
-0.4291953374677844 -0.03000971556018927 -0.3001130981600155
-0.1332950803939917 0.2996909576621531 -0.5080861484965503
0.1591644332907768 0.1720722927116236 -1.552162361145798
-0.3679575062020335 -0.2027593743420308 -0.544055766352793
-0.3963874435136007 -0.06211205277079453 -0.7885167400312305
0.3963874430115738 0.06211205327241024 -0.7885167402823906
0.3680151469178069 0.2027692149965546 -0.5442044065354411
0.32562445983414 0.0703210699717321 -0.2909476143539262
0.4185900254763398 -0.1794609233041888 -0.1141923443051929
0.1801296196788181 0.3551670597659321 -0.8530817109716429
0.3158478904901845 -0.08846804864129351 -1.251378404558422
-0.1659882045535726 0.4246268678348859 -0.1142215806480092
-0.04378462670230163 0.4660453754491263 -0.0973983020149661
0.2990586808952443 0.07257879573660483 -0.1030970728014144
0.1068195673782494 0.3185605318979236 -0.1217496352691122
-0.1035536349866846 -0.3191575758509528 -0.1219086408427799
0.2986093570652451 0.3604727740530608 -0.09740622459564047
-0.2985524279206597 -0.3605419146524056 -0.09738882270097887
0.1174179097362687 -0.1941586524148525 -1.591740101186174
0.1212280849150277 0.3010402382911958 -0.5079702030757637
-0.1763307722231582 0.2364026318957362 -0.8447271690871084
3.828660152369413e-09 0.2350330300398175 -1.576428854703191
1.553357294269979e-16 -0.2350330320589471 -1.57642885547736
-0.2350330320589515 -8.068561700590283e-15 -1.576428855477362
0.235033032208098 -2.82801153853037e-10 -1.576428855534547
-0.3005805109192056 -0.1501773083023151 -0.1218348841965111
-0.1223030399648725 -0.3000891042154224 -0.5079541532553635
-0.3192142204177118 0.1038606166902663 -0.1219739384744816
0.1522779935486341 -0.2991590862684506 -0.121973938474482
0.1245722403483323 -0.2119726277927558 -1.388773718045538
-0.2928994791644609 -0.07324244459752824 -0.7064359057799304
0.2928994799836566 0.07324244464204203 -0.7064359067508859
0.3178528671158979 -0.07038882222819151 -0.3932512032906472
0.04720792382759149 -0.4665556512138827 -0.09731936146654253
-0.3025545397231049 -0.1761385981219286 -1.165799973780553
0.3025545384104021 0.1761386011550851 -1.165799966694482
-0.4664586507720824 -0.04668985102676111 -0.09743119341713008
0.3628507853776777 -0.29682136483044 -0.09743119341712861
-0.3028513163750463 -0.07466569537979198 -0.5074150469720849
-0.423260775523825 -0.03283373668653503 -0.5123571683057352
0.2669448390251276 -0.1613515999750077 -0.5074150469720851
0.3225075224459159 -0.2760736067204314 -0.5123571683057351
0.3028513163329097 0.07466569529086776 -0.507415047790257
-0.02426486282643937 0.3511334039672823 -1.141748990523654
-0.1363101581451918 -0.3899840889779487 -0.7411251912233396
0.2863884975112608 -0.2470275585247768 -1.006245565186294
0.06964284954613145 0.3258729662350506 -1.213265279740579
-0.3766095748979073 -0.2129141260162976 -0.3618647780016596
0.3766758856145079 0.2128062576001891 -0.3615555010191098
0.2116619416602718 0.374514459209795 -0.4519058473615963
-0.2107206526483875 -0.3755052847481964 -0.4510563672183304
-0.1683357169519982 -0.220785099802118 -1.043441256386381
0.1683357183936659 0.2207851012246368 -1.043441244140657
0.03133075717034058 -0.3263665543366037 -1.277042373766365
0.2721866800257947 -0.1654718972342591 -0.3087822434119172
-0.3094713478250406 -0.07545874656474426 -0.3087822434119174
0.07460674756339714 -0.3025565276738179 -0.5074049062769922
-0.4190265826352706 0.01840970290652055 -0.6468523642786885
0.2832789123139945 -0.3093141638436552 -0.6468523642786888
-0.07296847464049616 0.3149854240883897 -0.3010951416527322
0.4692118669796974 0.07647514422299428 -0.09199622142264237
0.1627223510912817 -0.3921963211303663 -0.5074223666119931
-0.2419234337973478 0.140989260016445 -0.9937694367608807
0.2419234337973477 -0.140989260016445 -0.9937694367608807
0.1004834577750552 0.2211232470358057 -1.383825870101772
0.3390185927251204 0.1999465890276328 -0.9062446244552391
-0.3390185974213205 -0.1999465838682925 -0.9062446372558376
0.2056850017640457 0.3638248055782602 -0.6475462860178065
0.2889427345568316 -0.1467497037249833 -0.0978070950921677
0.4409827034249476 0.02728562534614509 -0.3224616773688382
-0.06204948574260368 0.3075169540342637 -0.09978274083136038
-0.1637892792057452 -0.2734228708442872 -0.6406762983344649
0.2666904918217609 0.1815801205663138 -0.1048662022119405
0.02439133589624603 0.4140385399609747 -0.7004552673979814
-0.02866616624105352 -0.4446329319055733 -0.3276252973421573
-0.1980116398887263 -0.1300097300756645 -1.406844024957873
0.4328013062654456 0.05129662869928042 -0.513053412530058
0.1120641002913312 -0.3526569380770103 -1.072974171002691
-0.1462097702315692 0.374519515394063 -0.8011862275161794
-0.2168887637856752 0.3378790326057404 -0.8873141199565042
-0.1933125818557863 0.12294156165709 -1.590173754140584
0.07204457352898296 -0.2869143811693809 -0.7061376432460424
0.1751531228636395 0.2500903098608708 -0.6353271758152829
-0.1935142797256557 -0.1216247579753017 -1.590547161370308
-0.2987773947465558 0.2405272084303439 -1.011210800980272
-0.2628518976750301 0.1586227810335412 -0.5072491118390323
0.1919105838788762 -0.1062792991100854 -1.587908606446332
-0.00437568820071781 0.3893841139252986 -0.9402622333838748
0.418997933419999 -0.008403045482241314 -0.6570650768143276
0.2896695642342933 -0.2811203431546289 -0.8389523156473651
0.4001956438357508 -0.136351811221569 -0.6726983814936877
0.1225406687855708 -0.3769184977656573 -0.9382581529792368
-0.1245948338467919 0.4215151204146527 -0.5126968469436164
0.1738943196275168 0.4077254124401189 -0.3225752549490203
-0.3794882235631995 -0.04798559265983378 -1.006610586550662
0.379488223269273 0.04798559258767023 -1.006610587446945
-0.1733797820953235 -0.4074004513235073 -0.3217004784065045
0.177069969537492 0.335380401477562 -1.04087696867067
0.1688841383933423 -0.4095798767647698 -0.3222661356644362
-0.4011856091132624 0.1350414902620947 -0.6711171495938965
-0.2874370746929594 -0.3076717156720066 -0.657028731844335
0.4253427067476283 -0.1284572995722827 -0.4107197075370734
-0.1508187915535078 0.3477241962850891 -1.008759753424356
-0.342890586519256 0.2940610576139367 -0.2717980200352335
-0.2783110499379823 0.2109794408606416 -1.197934701742418
-0.3855952739059791 0.1402241026793087 -0.8431921717892187
0.3855952682620265 -0.1402241051588795 -0.8431921609505144
0.3217008749397455 0.2731281253965184 -0.7064889172333169
-0.3227036602052183 -0.3214804207858898 -0.2446212514131961
0.322691738112085 0.3215065108451262 -0.244621604805853
-0.1325098202816969 0.3199070052274226 -1.192108041151564
-0.1771853438743729 0.2390611729806781 -0.6455477794138307
-0.2757104670163753 -0.2487495501901408 -1.061579128389954
0.2757104641588811 0.248749558141925 -1.061579117777194
-0.1889476575135591 -0.3269300564705691 -1.075612274636242
0.05729892861525884 -0.2939689930399894 -1.398031923412524
0.2138478255065981 -0.220048357284238 -0.646108358225383
-0.4144530095268524 0.1642195433469451 -0.3225671829757085
-0.1198973773856463 -0.4182359696951105 -0.5136866453183756
0.1801725585742917 0.2545257535142116 -0.09286828928172727
-0.2968765620698072 0.04853358580982763 -0.6544189974403691
0.1207580792063351 0.4191615206774069 -0.5129000195563613
-0.2057233093114953 0.3933281161772381 -0.3861391608091067
0.4527140475003948 -0.01993202169791704 -0.2165109975282099
-0.2010806330828768 -0.3828243675787473 -0.616216728358042
-0.1713908437487692 0.3813398771593664 -0.6865266325060951
-0.181387882273466 0.2579576939719064 -0.3615250377225402
-0.3856336310062845 -0.1859277957252683 -0.6653831498553433
-0.2810326190359709 -0.06561461061982592 -0.8126654199274519
0.2810326189571698 0.06561461043637967 -0.8126654207972073
0.4191982759599879 0.1456684090052751 -0.2687676380244283
0.1855967708906367 -0.3677672465611918 -0.8298667768275357
-0.04391356853471624 -0.2794681667666071 -0.9359953453960846
0.3843028649650628 0.1847120206017048 -0.6657234698517052
-0.2492306779216708 -0.3189046241357133 -0.8531887395747108
-0.2886201923560761 -8.351511229277892e-13 -1.448016967183759
-0.196480363299669 -0.2696412963874547 -1.286126111391243
-0.2560014569978839 -0.1798409655834377 -0.3384006650974464
0.3926370454102349 -0.1786835385236177 -0.5182883714577053
0.2557913130038729 0.1798910946463874 -0.3386224989022697
-0.1789960661361465 -0.2557372394307347 -0.09410067792803235
-0.2454902009036247 0.1459238273843606 -0.8054073764504095
0.2454901995517706 -0.1459238264836414 -0.8054073763574205
0.2886201925492458 -3.679542365242483e-10 -1.448016967144064
-0.0007706586037105189 -0.4229262009428957 -0.6568005146381625
-0.2556627046878406 0.1790684479610073 -0.09402485728190278
0.05416031833149184 -0.307401346031034 -0.09402485728189239
-0.0398338754668578 0.4109951279021946 -0.8272990781712134
-0.1828717534394393 -0.249078625996875 -0.2482600237499088
0.1828717489904552 0.2490786185581146 -0.2482599997122934
0.2739959650367038 -0.1182602711995859 -0.7064241009612835
0.1950414156467505 -0.3883651888113277 -0.6475650308152281
-0.2281014196932185 -0.1407649693018007 -1.101680149611079
0.228101418724759 0.1407649673077178 -1.10168014612287
-0.01923466178942635 -0.4004284031990827 -0.9170086026700706
-0.2272817204247192 0.2261480307706964 -0.2485081680451475
0.1223634126979542 0.3021928850558562 -0.3274170412390437
-0.3143302335573546 -0.3145359082464645 -0.4401439698416287
0.3638642695829064 -0.0972300517775344 -1.092970048953719
-0.4288097357959673 0.1224804219482144 -0.505212891634798
0.001687631567373603 0.3133985976329872 -0.4472525531814074
-0.3073823108109644 -0.05286134219107146 -0.09307680370914867
-0.12107335051839 -0.302556282008891 -0.3263849773774006
-0.3084910359541279 0.283957213551555 -0.6833464808470658
0.3150028277474677 0.3141451024808302 -0.4391533098860684
0.001122345502954855 0.303678188643968 -0.645967643298885
-0.2510583246399239 0.1542591776396102 -0.6988853058426259
0.4004964002835955 -0.01442043045287588 -0.9151017724597136
-0.4004964005425558 0.01442043134841827 -0.9151017723991087
-0.03960130155819849 0.2772830771044006 -0.8438262717876633
0.04681332140016993 -0.3054249042003365 -0.2482598581118698
0.05464629239067439 -0.2657745642865983 -1.070515684375091
-0.2972295483425355 0.3731101571518177 -0.09003208718464277
-0.3017415387530469 0.2767832043498538 -0.8411172825502582
-0.1868001365248214 0.1868001365248216 -1.14272767478836
0.1546598058956857 -0.3172082891606464 -1.205175532953126
-0.0363492463246366 -0.3586672918139205 -1.182788068474179
0.1640108020671939 0.3914092548586409 -0.7480654134239326
0.3239016718588288 0.2661643780115295 -0.8177806614737122
0.1306842123468898 0.2668312332810354 -0.8159262417543229
-0.3092673511516845 0.1334760809472543 -1.327165241530361
-0.001320826194874586 -0.45750143762724 -0.2208825199417466
0.213420345487742 0.2354356350549461 -1.346640613874329
0.08331716330724701 0.1816193357396868 -1.645700393467363
-0.4205563538692083 -0.1465628160455563 -0.265907404190711
0.1797750639009317 0.09397791035642582 -1.643168005132252
0.1649751397269488 0.257451461952841 -0.41902656371988

CELLS 5373 26865
4 319 318 1101 1182
4 242 1102 243 1183
4 908 1070 315 1227
4 1119 1164 189 1355
4 1100 1150 48 1296
4 1099 1151 302 1295
4 854 1118 847 1247
4 319 1073 318 1182
4 242 243 1077 1183
4 1126 1137 143 1187
4 564 1096 1116 1187
4 912 319 914 1073
4 1088 1200 1058 1302
4 189 1164 1119 1245
4 1087 48 1150 1296
4 1086 302 1151 1295
4 908 315 1070 1363
4 502 1051 1079 1189
4 286 1137 1124 1143
4 336 335 1066 1257
4 334 1060 335 1257
4 772 1049 1088 1200
4 931 1169 1080 1292
4 870 265 266 1244
4 1138 1142 459 1265
4 96 1110 97 1111
4 196 197 1105 1106
4 336 1066 335 1227
4 931 1080 1130 1292
4 1078 1129 110 1179
4 296 295 1057 1256
4 353 352 1059 1255
4 870 266 1127 1244
4 565 1137 1096 1187
4 841 48 1100 1150
4 904 302 1099 1151
4 1105 1106 344 1316
4 455 1210 1177 1298
4 876 1057 295 1120
4 352 922 1059 1121
4 260 1063 259 1366
4 837 1087 48 1150
4 901 1086 302 1151
4 1070 1146 315 1227
4 385 1176 1229 1269
4 897 319 318 1101
4 242 833 243 1102
4 870 1095 1148 1244
4 49 1100 48 1115
4 870 1095 1244 1311
4 870 1148 265 1244
4 483 1177 455 1210
4 870 1244 1127 1311
4 319 914 1073 1182
4 869 263 264 1148
4 779 1084 1115 1246
4 681 328 327 1223
4 567 1104 568 1143
4 931 1092 1169 1292
4 295 1120 1057 1256
4 488 1133 1118 1138
4 297 296 1057 1239
4 354 353 1059 1241
4 352 1121 1059 1255
4 772 1200 1088 1302
4 170 1134 1152 1276
4 908 315 316 1227
4 908 1070 1227 1363
4 1080 189 1164 1355
4 343 342 1144 1254
4 170 653 1134 1276
4 931 1080 339 1333
4 259 1220 260 1366
4 567 1104 1143 1381
4 502 1079 1051 1212
4 256 1215 1051 1271
4 220 1139 1125 1153
4 779 1246 1115 1359
4 564 1116 592 1187
4 876 296 295 1057
4 353 352 922 1059
4 1099 1126 143 1187
4 931 1130 1092 1292
4 1073 1101 318 1182
4 242 1077 1102 1183
4 112 1064 1154 1179
4 596 143 1126 1137
4 618 1099 617 1151
4 402 1100 401 1150
4 144 1137 1126 1140
4 92 1148 1094 1288
4 492 1127 1142 1247
4 1078 110 1129 1304
4 302 1086 301 1116
4 48 1087 47 1115
4 267 1127 1138 1142
4 488 69 1133 1138
4 1118 1138 847 1247
4 912 1073 914 1119
4 1110 1111 96 1142
4 1097 1125 218 1147
4 385 1229 350 1269
4 279 1286 278 1312
4 335 1060 1227 1257
4 929 927 1080 1169
4 563 564 1096 1116
4 1117 323 1144 1337
4 324 910 323 1134
4 781 1125 1097 1211
4 488 69 1118 1133
4 1100 1163 29 1359
4 869 263 1148 1370
4 335 1227 1066 1257
4 111 1154 1078 1179
4 334 1103 1060 1257
4 351 1049 350 1229
4 492 1142 1138 1247
4 345 344 1105 1106
4 565 1096 594 1187
4 286 879 1124 1137
4 189 1119 697 1245
4 1058 1200 1059 1242
4 1056 1201 1057 1240
4 563 1116 1096 1285
4 402 1100 1150 1314
4 1099 1151 618 1313
4 1094 1118 457 1298
4 144 599 1137 1140
4 854 1094 1118 1247
4 761 1125 220 1139
4 628 328 329 310
4 682 328 348 329
4 910 1144 323 1337
4 1093 1277 1270 1302
4 1113 1278 1130 1377
4 492 1127 95 1142
4 317 316 894 1158
4 240 830 241 1159
4 192 1130 1278 1377
4 315 1146 316 1227
4 359 1147 360 1264
4 457 1118 1094 1247
4 488 1138 1118 1247
4 294 1228 1046 1362
4 772 1088 1049 1209
4 1115 1246 1084 1264
4 196 1106 1105 1316
4 286 879 1137 1143
4 240 1145 830 1159
4 1139 1153 220 1230
4 653 1165 1134 1276
4 189 697 1119 1355
4 567 1140 1104 1381
4 316 1146 894 1158
4 682 175 174 329
4 174 175 628 329
4 1058 1200 1088 1255
4 831 838 1123 1354
4 895 902 1126 1353
4 680 1178 1105 1284
4 350 1229 1049 1269
4 1100 1123 29 1163
4 681 327 328 1284
4 327 1223 1105 1284
4 1073 1101 164 1301
4 914 1119 1073 1182
4 1113 1130 1098 1377
4 563 1116 1085 1306
4 779 1115 1084 1307
4 1063 1361 259 1366
4 617 1151 1099 1295
4 401 1150 1100 1296
4 1117 1134 323 1337
4 680 1105 1223 1284
4 192 1098 1130 1377
4 1133 1138 69 1383
4 868 1157 1110 1180
4 324 913 1144 1337
4 1246 1264 1115 1359
4 265 1094 266 1244
4 813 1097 781 1125
4 259 1063 260 1202
4 459 1138 492 1142
4 596 143 1137 1187
4 263 264 1148 1177
4 210 1059 1200 1242
4 1057 1201 135 1240
4 910 323 1134 1337
4 483 1081 1177 1210
4 922 1103 1059 1121
4 302 1086 1116 1295
4 48 1087 1115 1296
4 164 1101 1073 1335
4 48 1115 1100 1296
4 302 1116 1099 1295
4 565 594 1137 1187
4 912 1073 1164 1272
4 256 1112 1051 1215
4 1056 1057 296 1239
4 1058 1059 353 1241
4 279 278 1202 1312
4 342 1098 917 1144
4 75 253 74 1384
4 564 592 594 1187
4 1113 1144 342 1254
4 1080 1169 927 1282
4 761 1139 220 1230
4 518 1222 1110 1281
4 1100 1115 49 1163
4 1073 318 1101 1158
4 242 1102 1077 1159
4 117 1095 1096 1305
4 286 882 879 1143
4 336 1065 1066 1282
4 289 1110 1222 1281
4 488 1118 457 1247
4 336 1066 1164 1282
4 936 935 1049 1149
4 681 1223 327 1284
4 794 1058 1200 1302
4 947 1097 1125 1163
4 289 1222 519 1281
4 483 455 454 1210
4 910 1134 324 1337
4 1110 1180 518 1281
4 278 1286 1202 1312
4 912 1073 1119 1164
4 259 1361 1220 1366
4 868 287 1157 1180
4 931 1130 1080 1333
4 831 1123 1236 1354
4 895 1126 1235 1353
4 290 519 289 1222
4 834 1166 1156 1383
4 1049 1229 1176 1269
4 92 1094 485 1288
4 257 1357 258 1361
4 936 1149 1049 1255
4 752 1092 1169 1290
4 263 1177 1148 1370
4 681 347 328 1223
4 324 913 910 1144
4 342 1098 1144 1377
4 313 1341 1226 1349
4 1099 1116 302 1187
4 831 1123 1133 1236
4 895 1126 1134 1235
4 862 259 260 1202
4 283 1095 284 1263
4 112 1154 111 1179
4 1097 1264 1246 1359
4 563 1085 1116 1285
4 931 929 1080 1169
4 752 1246 1092 1290
4 783 1141 1109 1153
4 838 50 1123 1163
4 882 1137 879 1143
4 361 947 1097 1125
4 902 1099 304 1126
4 28 1100 29 1359
4 339 931 929 1080
4 240 241 1083 1159
4 21 1277 1093 1302
4 834 1133 1166 1383
4 317 1082 316 1158
4 908 907 315 1363
4 303 1099 302 1187
4 1105 344 1132 1316
4 1054 85 1185 1189
4 761 219 220 1125
4 492 94 95 1127
4 259 1063 1202 1361
4 466 253 75 1384
4 435 1123 1100 1236
4 651 1126 1099 1235
4 324 1152 913 1337
4 170 656 653 1276
4 1104 1143 884 1180
4 578 110 1129 1179
4 884 1104 1140 1143
4 565 564 594 1096
4 783 1153 816 1211
4 675 1132 1105 1152
4 877 1057 876 1129
4 578 1129 110 1304
4 882 1140 1137 1381
4 301 1116 1086 1172
4 47 1115 1087 1173
4 247 1118 1133 1138
4 834 1156 249 1383
4 257 1260 1357 1361
4 1094 266 1244 1247
4 882 1137 1143 1381
4 342 1113 1098 1377
4 922 1103 1121 1371
4 486 457 1118 1298
4 297 1057 1135 1239
4 1059 1136 354 1241
4 1125 1141 943 1211
4 1049 1149 935 1269
4 1088 1200 1049 1255
4 831 1236 1133 1354
4 895 1235 1134 1353
4 359 1092 1147 1264
4 869 1148 1091 1370
4 502 1189 1079 1323
4 834 249 248 1383
4 1057 1120 876 1129
4 882 1143 1140 1381
4 335 334 908 1060
4 1092 1246 1169 1290
4 922 1121 921 1371
4 947 1125 940 1163
4 783 1141 1153 1211
4 838 1100 1123 1354
4 902 1099 1126 1353
4 782 783 816 1211
4 267 1142 1138 1265
4 402 1236 1100 1314
4 1099 618 1235 1313
4 217 1097 218 1147
4 267 1138 1127 1247
4 359 1092 360 1147
4 21 1270 1277 1302
4 564 594 1096 1187
4 913 1152 1144 1337
4 783 1109 784 1153
4 1078 1154 528 1293
4 485 1094 1177 1288
4 218 1147 1125 1376
4 75 74 253 1386
4 361 1139 1125 1147
4 336 1066 1065 1257
4 1226 1341 1050 1349
4 675 1105 676 1152
4 675 674 1132 1337
4 142 1099 143 1187
4 296 1057 1056 1256
4 219 1125 761 1139
4 218 1097 811 1125
4 143 1099 649 1126
4 433 29 1100 1123
4 353 1059 1058 1255
4 97 1111 1110 1222
4 197 1105 1106 1223
4 267 847 1138 1247
4 502 1198 1079 1212
4 336 1164 337 1282
4 110 1304 1078 1323
4 435 1100 403 1236
4 651 1099 619 1235
4 189 1080 1164 1199
4 803 1088 1209 1324
4 257 258 1260 1361
4 754 1147 1092 1246
4 910 324 1144 1337
4 835 1087 837 1183
4 901 899 1086 1182
4 117 1096 1095 1285
4 290 289 519 1281
4 646 618 1151 1313
4 402 1150 430 1314
4 1051 83 1168 1189
4 294 1120 1046 1228
4 351 1121 1049 1229
4 1054 1185 1055 1189
4 329 176 310 3
4 348 176 329 3
4 830 1159 1145 1243
4 343 1139 1132 1316
4 240 1083 1145 1159
4 894 1158 1146 1239
4 1082 1146 316 1158
4 914 1089 1119 1182
4 266 1094 854 1247
4 1051 1168 83 1213
4 653 656 1165 1276
4 1052 1191 479 1294
4 512 1157 1127 1311
4 742 1167 1103 1299
4 1055 1185 85 1189
4 940 1125 943 1211
4 118 1305 1124 1311
4 332 1347 1216 1371
4 267 1127 847 1247
4 341 1098 342 1113
4 210 1200 1058 1242
4 1056 135 1201 1240
4 859 1155 858 1260
4 642 1267 1101 1335
4 401 1100 402 1296
4 617 1099 618 1295
4 510 1244 1095 1311
4 646 618 617 1151
4 402 401 430 1150
4 877 1057 1129 1286
4 1080 1164 1119 1355
4 1202 1286 1154 1312
4 1066 1227 1167 1257
4 826 1208 1128 1214
4 164 642 1101 1335
4 1050 1192 695 1297
4 117 118 1095 1305
4 343 928 1139 1316
4 492 94 1127 1247
4 834 248 1133 1383
4 338 339 1080 1333
4 838 1123 1100 1163
4 277 877 876 1129
4 360 359 934 1092
4 1095 284 1263 1375
4 343 1144 1132 1254
4 923 1059 922 1103
4 1054 1357 1260 1361
4 582 1064 112 1179
4 75 253 412 1386
4 870 1311 1124 1375
4 40 1149 1088 1208
4 328 682 174 329
4 328 174 628 329
4 541 1095 1305 1311
4 1094 1148 92 1244
4 343 1132 928 1316
4 283 1160 1095 1263
4 510 1095 1244 1303
4 863 1124 870 1311
4 863 870 1127 1311
4 342 1144 1113 1377
4 502 521 1051 1189
4 485 455 1177 1298
4 1167 1227 1060 1257
4 567 602 1104 1140
4 913 1132 1144 1152
4 361 925 1139 1147
4 680 1223 681 1284
4 336 911 337 1066
4 142 592 1116 1187
4 628 150 149 310
4 682 199 200 348
4 150 574 149 310
4 99 520 100 272
4 199 200 348 736
4 466 99 100 272
4 520 291 124 125
4 291 574 124 125
4 224 367 225 736
4 367 790 224 225
4 56 790 36 35
4 412 56 36 35
4 343 1132 1139 1254
4 512 1124 1157 1311
4 596 1137 594 1187
4 940 943 1141 1211
4 943 1141 1125 1153
4 754 217 1147 1246
4 265 854 266 1094
4 361 947 360 1097
4 917 342 341 1098
4 949 49 1115 1163
4 1097 1147 217 1246
4 897 1101 318 1158
4 858 1155 1051 1260
4 242 833 1102 1159
4 351 350 1049 1269
4 603 568 1104 1143
4 590 1116 563 1306
4 806 1115 779 1307
4 875 876 295 1120
4 352 921 922 1121
4 336 1066 337 1164
4 218 1125 219 1376
4 359 358 1169 1264
4 290 271 519 1222
4 1054 1189 1260 1357
4 674 1144 1132 1337
4 1124 1137 879 1375
4 1065 1282 926 1317
4 639 164 1101 1301
4 863 1124 1127 1157
4 519 1222 518 1281
4 302 901 301 1086
4 48 837 47 1087
4 995 990 1191 1320
4 1137 1140 599 1381
4 742 1262 1167 1299
4 876 1120 875 1129
4 335 1060 908 1227
4 1125 1139 219 1376
4 949 49 48 1115
4 1127 1244 266 1247
4 1074 1169 1080 1282
4 247 847 1118 1138
4 1138 1142 1127 1247
4 1220 1361 1062 1366
4 1074 927 1169 1282
4 483 1177 1081 1288
4 1140 1143 1104 1381
4 74 253 252 1384
4 1103 1167 1060 1257
4 297 296 877 1057
4 354 353 923 1059
4 816 1153 1125 1211
4 247 1133 248 1138
4 528 526 1078 1293
4 813 811 781 1097
4 619 651 649 1099
4 435 433 403 1100
4 794 1200 772 1302
4 343 342 910 1144
4 342 343 925 1254
4 29 1163 1123 1211
4 361 1125 1097 1147
4 1112 1260 1189 1357
4 596 594 143 1187
4 563 1096 564 1285
4 818 1109 783 1141
4 285 1124 879 1375
4 52 1108 836 1166
4 568 567 602 1104
4 676 675 711 1105
4 783 818 784 1109
4 41 40 1088 1208
4 1101 1267 1182 1335
4 749 1194 1121 1299
4 1098 1130 1113 1372
4 711 1105 675 1132
4 877 1129 277 1286
4 83 468 1168 1189
4 752 1169 1092 1332
4 1087 1150 837 1183
4 901 1086 1151 1182
4 875 874 1048 1228
4 912 1164 911 1272
4 404 1133 1123 1236
4 620 1134 1126 1235
4 701 1130 1098 1188
4 31 1141 1123 1166
4 1069 1289 1206 1334
4 1065 1164 1066 1282
4 448 1191 1112 1294
4 1124 1305 1095 1311
4 118 1124 543 1311
4 1083 62 1207 1308
4 914 1089 916 1333
4 890 1046 891 1226
4 862 260 1063 1202
4 425 1174 1128 1197
4 304 1126 1099 1187
4 884 1143 287 1180
4 596 143 144 1126
4 404 1123 403 1236
4 620 1126 619 1235
4 297 1057 877 1135
4 354 1059 923 1136
4 338 929 927 1080
4 900 306 1107 1165
4 328 347 327 1223
4 641 1171 1122 1196
4 359 1169 1092 1264
4 863 1127 866 1157
4 875 1048 1120 1228
4 1148 1177 1094 1288
4 923 1059 1103 1257
4 910 917 323 1117
4 854 247 847 1118
4 1034 1043 1038 1341
4 1056 1204 612 1240
4 936 1088 1149 1255
4 1216 1347 1047 1371
4 826 827 1128 1208
4 142 1099 1187 1295
4 119 1143 1124 1305
4 256 1051 1112 1260
4 192 1098 701 1130
4 863 870 1124 1375
4 749 1176 1121 1194
4 587 1175 1120 1193
4 526 1078 1293 1323
4 41 40 936 1088
4 870 1095 873 1148
4 1061 1270 1093 1277
4 813 811 1097 1125
4 651 649 1099 1126
4 433 1100 435 1123
4 338 1080 1119 1333
4 1079 1189 1051 1260
4 740 1103 742 1167
4 495 459 1142 1265
4 269 1111 1110 1142
4 294 891 890 1046
4 936 935 351 1049
4 741 1059 1242 1262
4 142 1187 1116 1295
4 541 1305 118 1311
4 1143 1305 600 1381
4 456 1094 457 1298
4 603 567 568 1143
4 587 1193 1120 1318
4 841 837 48 1150
4 904 901 302 1151
4 949 1163 1115 1264
4 866 1127 267 1142
4 488 69 1138 1383
4 170 1152 656 1276
4 386 1176 385 1269
4 502 1051 533 1212
4 1098 1117 917 1144
4 1065 926 1136 1317
4 145 1140 1126 1165
4 1126 1137 305 1140
4 1054 1112 1189 1357
4 664 1192 1114 1297
4 1046 891 1226 1256
4 192 1278 1113 1377
4 870 873 265 1148
4 119 600 1143 1305
4 1169 1292 1092 1332
4 1127 1142 866 1157
4 1031 1026 1194 1347
4 971 966 1193 1346
4 320 1089 914 1182
4 342 925 1113 1254
4 499 1168 1112 1191
4 266 854 847 1247
4 1092 1147 754 1278
4 545 1127 512 1157
4 1046 133 1175 1201
4 208 1176 1049 1200
4 360 1092 934 1147
4 873 869 1148 1160
4 556 1048 1193 1318
4 142 594 592 1187
4 936 1088 40 1149
4 620 1126 1134 1165
4 1061 1233 1093 1270
4 1177 1210 1090 1298
4 575 1175 133 1201
4 208 737 1176 1200
4 483 485 455 1177
4 718 1047 1194 1299
4 28 1296 1100 1359
4 1098 340 1333 1372
4 1107 1165 622 1276
4 779 1084 778 1307
4 563 1085 562 1306
4 924 1065 926 1136
4 277 1286 1129 1327
4 1103 1167 740 1275
4 741 1059 210 1242
4 579 1057 135 1240
4 1046 1120 294 1256
4 809 1097 1246 1359
4 1049 1121 351 1255
4 902 304 1099 1187
4 460 495 1111 1265
4 959 954 1196 1362
4 48 49 841 1100
4 904 302 303 1099
4 873 284 283 1095
4 340 919 341 1098
4 264 857 265 1094
4 305 1137 879 1140
4 781 1211 1097 1359
4 1148 1177 1091 1370
4 898 1134 1126 1165
4 340 919 1098 1333
4 1123 1133 404 1166
4 208 1049 1176 1238
4 1046 1175 133 1237
4 913 1132 343 1144
4 579 1057 1240 1360
4 44 43 1181 1243
4 875 1120 1048 1356
4 910 917 1117 1144
4 196 1105 1132 1316
4 897 1158 318 1231
4 242 833 1159 1232
4 995 1191 1217 1320
4 673 1144 1117 1315
4 752 1290 1169 1332
4 836 1156 249 1166
4 253 74 252 1386
4 1120 1201 1057 1256
4 1121 1200 1059 1255
4 1128 1208 1053 1214
4 1118 1133 69 1236
4 169 1117 1134 1235
4 914 1119 1089 1333
4 1143 1157 287 1180
4 189 1199 1164 1345
4 949 1097 1163 1264
4 1113 1139 925 1376
4 826 40 1208 1214
4 51 940 1141 1211
4 596 144 599 1137
4 545 1142 1127 1157
4 638 1205 1067 1328
4 1080 1169 1074 1332
4 863 866 1124 1157
4 319 1101 897 1182
4 243 1102 833 1183
4 1043 1192 1218 1341
4 1113 925 1147 1376
4 361 1097 360 1147
4 831 1133 1123 1166
4 911 337 1066 1164
4 675 1132 1152 1337
4 1131 1274 531 1326
4 1108 1156 836 1166
4 1139 1147 925 1376
4 1122 1226 1050 1349
4 404 435 403 1123
4 620 651 619 1126
4 864 1131 865 1312
4 248 249 1265 1383
4 758 218 219 1376
4 715 1170 1114 1192
4 913 343 910 1144
4 891 1046 294 1256
4 858 1051 256 1260
4 328 682 348 347
4 328 628 309 310
4 309 574 291 310
4 520 290 291 272
4 366 348 367 736
4 367 55 790 56
4 1275 1299 1103 1382
4 333 334 1103 1363
4 328 174 681 1284
4 31 1123 438 1166
4 936 1049 351 1255
4 895 1134 323 1353
4 831 1133 247 1354
4 803 1088 772 1209
4 756 754 217 1147
4 338 914 339 1119
4 1112 1168 468 1189
4 1154 1202 1078 1286
4 291 151 3 310
4 101 291 3 272
4 348 201 3 367
4 3 56 367 37
4 401 1266 1150 1296
4 617 1267 1151 1295
4 813 218 811 1125
4 651 143 649 1126
4 433 435 29 1123
4 742 1103 740 1299
4 1112 1191 1052 1294
4 1122 1226 891 1256
4 865 1131 1072 1312
4 1130 1278 1113 1372
4 834 1133 831 1166
4 868 1142 1110 1157
4 882 305 879 1140
4 169 1134 1117 1337
4 882 879 1137 1140
4 1146 1227 1070 1251
4 1101 1158 897 1231
4 1102 1159 833 1232
4 440 1156 1108 1166
4 752 1092 1292 1332
4 1189 1260 1079 1323
4 875 1048 874 1356
4 320 916 914 1089
4 466 75 74 1384
4 809 1246 779 1359
4 1078 1304 1079 1323
4 1124 1143 546 1157
4 541 1095 118 1305
4 395 396 1061 1207
4 1080 1074 1282 1332
4 40 1053 1149 1208
4 395 1207 1061 1249
4 670 1188 1089 1335
4 603 1143 1104 1180
4 1127 1157 1124 1311
4 1056 611 1204 1248
4 611 612 1056 1204
4 56 253 252 1386
4 704 1117 673 1144
4 1098 919 1252 1333
4 834 831 1123 1166
4 1167 1262 1103 1299
4 485 1177 1094 1298
4 277 1078 1286 1327
4 502 553 1198 1212
4 51 1123 940 1211
4 758 219 1139 1376
4 362 1153 1139 1230
4 1067 1205 638 1258
4 869 1091 1148 1160
4 803 791 1088 1324
4 826 40 827 1208
4 76 253 272 3
4 56 253 76 3
4 875 1129 1120 1356
4 1086 1205 616 1267
4 1087 1206 400 1266
4 1105 1178 327 1284
4 962 971 966 1193
4 1031 1026 1022 1194
4 510 1244 540 1303
4 939 43 1093 1181
4 340 1098 341 1372
4 1049 1149 1088 1255
4 22 1093 21 1277
4 1185 1361 1063 1366
4 932 1113 925 1147
4 764 761 220 1230
4 338 1119 339 1333
4 145 144 1126 1140
4 1093 1270 1233 1302
4 1062 1361 1185 1366
4 940 1123 50 1211
4 670 1119 1188 1335
4 1125 940 1163 1211
4 1083 1207 1159 1308
4 448 499 1112 1191
4 756 754 1147 1278
4 422 1289 1069 1334
4 797 1093 1289 1291
4 812 1163 29 1211
4 541 118 543 1311
4 264 1094 265 1148
4 51 940 943 1141
4 313 1226 1122 1349
4 422 1206 1289 1334
4 675 674 708 1132
4 317 909 316 1227
4 1132 1139 1254 1316
4 1078 1154 1064 1179
4 859 858 256 1260
4 460 1111 494 1265
4 266 847 1127 1247
4 834 249 1156 1166
4 1079 1129 1078 1327
4 338 1080 927 1282
4 729 1139 761 1230
4 1073 1245 1164 1272
4 1064 1154 1078 1286
4 1114 1192 1050 1297
4 244 853 851 1380
4 900 1165 1107 1276
4 30 29 1123 1211
4 1128 826 1214 1273
4 488 458 1138 1247
4 247 248 847 1138
4 596 1126 144 1137
4 139 1075 1205 1369
4 1076 1206 25 1368
4 120 546 1124 1143
4 873 1148 1095 1160
4 740 1299 1275 1382
4 806 779 778 1307
4 590 563 562 1306
4 1061 1207 396 1277
4 1072 1131 865 1221
4 1119 1164 1073 1245
4 884 1104 306 1140
4 334 923 922 1103
4 864 1063 1131 1312
4 1051 1215 1168 1271
4 460 459 495 1265
4 885 302 301 1172
4 946 48 47 1173
4 910 1117 323 1144
4 1125 1139 362 1153
4 1098 1113 341 1372
4 898 895 1126 1134
4 22 21 1093 1302
4 1093 1181 43 1243
4 440 1108 406 1166
4 486 456 457 1298
4 30 1123 31 1141
4 792 1049 772 1200
4 338 1119 1080 1164
4 51 1141 1123 1211
4 1106 764 1184 1230
4 1105 1132 915 1152
4 939 1093 43 1241
4 986 995 990 1191
4 735 1219 347 1223
4 634 1056 612 1240
4 1114 1216 1047 1371
4 1085 1263 1116 1285
4 1078 1179 1064 1286
4 664 715 1114 1192
4 902 303 304 1187
4 1123 1163 50 1211
4 529 1274 1063 1326
4 813 1125 781 1211
4 495 459 492 1142
4 1105 1152 915 1178
4 1080 1282 1199 1332
4 1144 1254 1113 1377
4 87 1185 1063 1274
4 360 1147 1097 1264
4 52 1108 1166 1344
4 688 1167 1060 1275
4 361 940 947 1125
4 902 304 895 1126
4 863 870 266 1127
4 831 838 50 1123
4 576 1304 1048 1318
4 673 1098 1144 1315
4 925 1139 1113 1254
4 289 1180 1110 1281
4 1109 1153 945 1184
4 1111 1156 494 1265
4 915 1105 344 1132
4 68 1118 69 1236
4 169 168 1117 1235
4 615 1205 1101 1267
4 399 1206 1102 1266
4 925 343 1139 1254
4 857 1094 264 1177
4 1054 470 1189 1294
4 266 847 267 1127
4 285 286 879 1124
4 305 304 879 1126
4 361 925 362 1125
4 51 50 940 1123
4 694 189 697 1245
4 743 1242 1136 1262
4 302 1116 301 1172
4 48 1115 47 1173
4 1060 1103 334 1363
4 641 1196 1122 1385
4 145 1126 654 1165
4 240 241 846 1283
4 112 1154 1064 1364
4 873 1095 283 1160
4 295 294 1120 1256
4 1116 1263 1096 1285
4 1112 1168 1051 1215
4 1100 1236 1123 1354
4 1099 1235 1126 1353
4 352 351 1121 1255
4 306 1107 1165 1336
4 804 1076 25 1368
4 139 588 1075 1369
4 931 359 358 1169
4 743 741 1242 1262
4 810 1163 812 1211
4 1078 1129 1079 1304
4 425 1197 1128 1331
4 305 1126 879 1137
4 694 1164 189 1245
4 65 1210 1090 1379
4 1124 1143 1137 1305
4 1199 1282 1074 1332
4 75 412 74 1386
4 488 457 458 1247
4 495 1142 1111 1265
4 361 925 1125 1139
4 615 616 1205 1267
4 399 400 1206 1266
4 912 1119 338 1164
4 328 681 682 347
4 627 328 628 309
4 257 1260 1112 1357
4 1115 1163 1097 1264
4 52 945 1109 1141
4 859 1079 1155 1260
4 865 1221 1131 1370
4 959 954 950 1196
4 1112 1189 470 1294
4 334 923 1103 1257
4 575 1120 1175 1201
4 1121 1176 737 1200
4 1054 1260 1189 1361
4 256 1112 257 1260
4 870 1095 1311 1375
4 789 1225 55 1287
4 525 85 1055 1185
4 119 120 1124 1143
4 256 1051 858 1271
4 255 994 856 1215
4 1109 1141 945 1153
4 383 1002 1007 1261
4 588 1306 1075 1369
4 804 1307 1076 1368
4 1031 1194 1234 1347
4 563 592 564 1116
4 30 1123 1141 1211
4 142 143 594 1187
4 1088 1149 1209 1324
4 1137 1305 1143 1381
4 1130 1333 340 1372
4 338 912 914 1119
4 931 1092 1130 1372
4 549 1110 1157 1180
4 1050 1226 1171 1341
4 323 1134 1117 1353
4 247 1133 1118 1354
4 1129 1286 1078 1327
4 556 1048 607 1193
4 718 1047 769 1194
4 1082 1227 1146 1251
4 828 1061 829 1145
4 834 836 249 1166
4 1051 1155 858 1271
4 892 1056 893 1146
4 332 1216 1114 1371
4 940 50 1163 1211
4 267 1138 850 1265
4 914 339 1119 1333
4 931 1092 359 1169
4 879 1126 304 1137
4 466 272 253 1384
4 1098 1333 1130 1372
4 853 1090 1177 1380
4 1066 1167 1065 1257
4 674 708 1132 1144
4 269 268 1111 1142
4 269 1110 268 1142
4 1055 1260 1189 1323
4 192 757 1113 1278
4 485 1177 483 1288
4 120 546 1143 1157
4 1101 1182 1073 1335
4 639 164 642 1101
4 764 220 1153 1230
4 362 1125 925 1139
4 1065 1282 1317 1352
4 171 1152 1178 1276
4 752 216 1246 1290
4 1083 1207 62 1365
4 435 403 1123 1236
4 651 619 1126 1235
4 1089 1188 1119 1335
4 884 1140 882 1143
4 43 1093 938 1241
4 540 1244 538 1303
4 959 1196 1237 1362
4 356 1074 357 1343
4 1081 1274 478 1348
4 1124 1305 1137 1375
4 1054 1189 1112 1294
4 166 1267 1089 1313
4 66 1266 1090 1314
4 1168 1215 376 1271
4 971 1193 1190 1346
4 187 1319 1167 1345
4 549 1157 1143 1180
4 1120 1193 1048 1318
4 1092 1246 1147 1264
4 902 1099 303 1187
4 85 1054 470 1189
4 192 1113 757 1377
4 812 810 29 1163
4 244 1090 853 1380
4 256 255 1215 1271
4 1093 1291 797 1339
4 409 410 1108 1203
4 519 124 290 1281
4 210 1059 739 1200
4 135 1057 577 1201
4 296 893 892 1056
4 938 937 353 1058
4 908 334 907 1060
4 42 829 828 1061
4 56 412 253 1386
4 347 348 366 736
4 574 290 309 291
4 290 520 271 272
4 55 367 790 366
4 529 531 1274 1326
4 1095 1263 1096 1375
4 1047 1216 1170 1347
4 1107 656 1178 1276
4 1094 1148 264 1177
4 271 272 466 1384
4 460 494 459 1265
4 1082 1204 162 1358
4 538 1244 1148 1303
4 698 1089 670 1188
4 864 1131 1063 1366
4 539 1285 1095 1303
4 95 1127 545 1142
4 1078 1202 1154 1293
4 1063 1274 1131 1326
4 467 1052 479 1294
4 1148 1244 1095 1303
4 1125 1163 1097 1211
4 1056 1057 1239 1240
4 1058 1059 1241 1242
4 85 472 1054 1185
4 1147 1246 1097 1264
4 357 1074 927 1169
4 835 1087 1183 1330
4 899 1086 1182 1329
4 524 1304 110 1323
4 868 268 1142 1157
4 885 1116 302 1172
4 946 1115 48 1173
4 1057 877 1135 1286
4 939 43 938 1241
4 1034 1192 1043 1341
4 1059 739 1200 1299
4 344 1106 930 1316
4 1121 1194 1047 1299
4 1135 1239 1057 1240
4 1136 1241 1059 1242
4 730 1230 1106 1316
4 286 1143 1124 1157
4 1046 1228 1175 1362
4 336 335 909 1227
4 240 846 1220 1283
4 852 1111 268 1265
4 683 1050 695 1297
4 252 55 56 1386
4 1046 1226 1122 1256
4 758 219 761 1139
4 711 196 1105 1132
4 512 1124 546 1157
4 265 1148 1094 1244
4 333 1363 1103 1371
4 544 1212 1051 1213
4 1057 1201 1056 1256
4 62 1083 1268 1308
4 1059 923 1136 1257
4 1169 1246 1092 1264
4 502 523 1189 1323
4 1059 1200 1058 1255
4 559 1064 1179 1360
4 185 740 1167 1275
4 510 540 538 1303
4 256 842 843 1215
4 529 87 1063 1274
4 782 816 1125 1211
4 729 761 764 1230
4 983 978 1212 1271
4 1126 1140 305 1165
4 305 1140 306 1165
4 730 1106 764 1184
4 784 819 1109 1184
4 1162 1259 1074 1290
4 578 1179 1129 1318
4 719 1262 742 1299
4 302 1116 889 1187
4 1159 1207 1145 1243
4 945 1153 363 1184
4 290 289 270 1222
4 327 347 346 1223
4 270 271 290 1222
4 1158 1204 1146 1239
4 540 1244 510 1311
4 1088 1149 1049 1209
4 997 378 500 1213
4 886 1137 1096 1375
4 539 1160 116 1285
4 118 543 1124 1305
4 1061 1233 42 1243
4 756 217 218 1147
4 316 1146 1082 1227
4 1095 1160 1096 1263
4 670 1089 698 1335
4 582 112 111 1179
4 1114 1170 1047 1216
4 574 290 291 124
4 290 520 291 124
4 682 199 348 347
4 628 149 309 310
4 149 574 309 310
4 199 348 347 736
4 366 367 790 224
4 366 367 224 736
4 271 520 99 272
4 466 271 99 272
4 56 55 790 35
4 56 412 55 35
4 355 941 939 1317
4 65 1090 66 1266
4 868 268 1110 1142
4 565 1096 1137 1305
4 117 118 541 1095
4 811 218 217 1097
4 649 143 142 1099
4 28 433 29 1100
4 939 44 43 1181
4 1156 1265 249 1383
4 880 878 279 1064
4 336 926 924 1065
4 298 896 894 1067
4 832 830 44 1069
4 1084 1169 358 1264
4 982 871 274 1155
4 1089 1267 166 1335
4 531 1279 1131 1326
4 656 1107 622 1276
4 1123 1141 51 1166
4 890 891 313 1226
4 486 457 488 1118
4 704 702 673 1117
4 317 316 1082 1227
4 730 764 1106 1230
4 1155 1190 374 1373
4 962 1193 966 1346
4 1026 1022 1194 1347
4 259 846 260 1220
4 694 189 1164 1345
4 639 1301 1101 1328
4 528 1078 111 1154
4 656 622 1165 1276
4 1081 478 1274 1378
4 244 245 1090 1150
4 321 1089 320 1151
4 749 718 1194 1299
4 481 1081 478 1348
4 1074 1317 1282 1352
4 915 1178 1152 1276
4 374 1190 1155 1346
4 65 1090 1266 1379
4 1084 1246 1169 1264
4 702 673 1117 1315
4 1153 1184 764 1230
4 278 861 1202 1327
4 646 1151 617 1267
4 430 1150 401 1266
4 256 843 1112 1215
4 214 1259 1162 1290
4 189 751 1080 1199
4 300 1075 881 1172
4 46 1076 942 1173
4 356 1317 1074 1343
4 986 1191 990 1320
4 401 1087 1266 1296
4 617 1086 1267 1295
4 712 172 1178 1284
4 448 479 1191 1294
4 425 413 1128 1174
4 1136 1242 1059 1262
4 145 599 144 1140
4 749 1121 737 1299
4 910 342 917 1144
4 710 1105 676 1178
4 622 1107 656 1178
4 317 1082 909 1227
4 852 269 268 1111
4 307 900 306 1107
4 915 345 344 1105
4 345 930 344 1106
4 884 307 306 1104
4 269 868 268 1110
4 52 945 53 1109
4 52 53 836 1108
4 694 1164 1245 1345
4 927 1074 356 1282
4 1090 1210 482 1298
4 418 1061 396 1277
4 603 1104 568 1180
4 514 1110 549 1180
4 1122 1171 1050 1226
4 859 1155 1079 1356
4 810 1163 1211 1359
4 688 185 1167 1275
4 502 521 533 1051
4 1088 1149 1053 1208
4 1095 1285 1160 1303
4 1089 1188 671 1315
4 1098 1252 1188 1333
4 470 1112 468 1189
4 1047 1103 1299 1382
4 455 482 1210 1298
4 1002 1214 1197 1261
4 304 1137 1126 1187
4 1120 1129 1048 1356
4 1121 1200 739 1299
4 573 1224 309 1281
4 681 328 682 174
4 627 328 174 628
4 590 1116 1306 1369
4 806 1115 1307 1368
4 309 1224 627 1284
4 641 629 1122 1171
4 906 332 905 1216
4 459 1138 1265 1383
4 43 42 1233 1243
4 1066 911 1164 1272
4 917 1117 1098 1252
4 854 1118 1094 1253
4 1150 1266 1087 1296
4 1151 1267 1086 1295
4 611 612 1204 1248
4 438 1123 404 1166
4 171 1178 656 1276
4 863 1127 1124 1311
4 278 277 1078 1286
4 244 837 1150 1183
4 901 1151 320 1182
4 701 191 1130 1188
4 681 199 347 1223
4 199 735 347 1223
4 149 309 573 1224
4 627 309 149 1224
4 271 99 519 1222
4 55 789 35 1225
4 263 1081 851 1177
4 220 1125 816 1153
4 303 302 889 1187
4 921 351 920 1229
4 875 294 874 1228
4 807 1084 779 1246
4 386 1014 1238 1269
4 278 1078 1202 1286
4 664 695 1192 1297
4 1096 1137 886 1187
4 440 1156 1166 1383
4 819 1153 1109 1184
4 1057 577 1201 1318
4 30 1141 815 1211
4 1115 1163 1100 1359
4 366 347 736 735
4 574 290 573 309
4 55 366 790 789
4 520 290 271 519
4 654 1126 620 1165
4 386 1238 1049 1269
4 749 737 1121 1176
4 587 575 1120 1175
4 22 1093 795 1302
4 1053 1208 40 1214
4 772 1049 823 1209
4 1104 306 1140 1336
4 620 1134 653 1165
4 1120 1175 1046 1228
4 1121 1176 1049 1229
4 898 1126 305 1165
4 87 1062 1185 1274
4 317 909 1082 1272
4 42 1061 1208 1233
4 30 31 815 1141
4 328 309 627 1284
4 939 1181 1093 1241
4 240 1083 241 1283
4 395 396 1207 1249
4 1047 1299 738 1382
4 248 1265 1138 1383
4 1061 1145 828 1340
4 1120 1201 575 1318
4 906 1114 332 1216
4 313 312 1226 1341
4 640 1205 638 1328
4 1056 1146 892 1338
4 710 1152 1105 1178
4 846 1062 260 1220
4 521 1051 83 1213
4 942 46 45 1351
4 324 1134 1152 1337
4 865 281 280 1072
4 318 319 912 1073
4 927 357 356 1074
4 300 299 881 1075
4 849 242 243 1077
4 1154 1286 1064 1312
4 111 1078 110 1179
4 587 1120 575 1318
4 1155 1190 1048 1346
4 853 1177 851 1380
4 528 504 526 1293
4 1171 1226 391 1341
4 214 1074 1259 1290
4 578 580 110 1179
4 931 934 1092 1372
4 834 1123 51 1166
4 366 347 735 1219
4 559 1064 582 1179
4 260 1220 1062 1366
4 1068 1162 800 1259
4 409 1108 442 1203
4 880 878 1064 1321
4 983 1212 1213 1271
4 1070 1251 1227 1363
4 1167 1319 1066 1345
4 743 1136 1242 1259
4 943 1125 362 1153
4 271 99 1222 1384
4 673 1144 1098 1377
4 708 1132 1144 1254
4 386 1049 1176 1269
4 894 1067 896 1158
4 830 1069 832 1159
4 809 779 780 1359
4 267 850 1142 1265
4 440 1166 437 1383
4 616 1086 643 1205
4 400 1087 427 1206
4 336 909 1066 1227
4 1125 1153 1141 1211
4 211 741 210 1242
4 579 135 136 1240
4 706 1218 1050 1309
4 898 305 306 1165
4 468 1112 499 1168
4 482 1090 65 1210
4 490 1217 1052 1310
4 56 55 412 1386
4 422 424 1206 1334
4 669 1119 670 1335
4 192 701 191 1130
4 876 877 296 1057
4 923 353 922 1059
4 803 791 772 1088
4 1019 1238 1014 1269
4 961 393 663 1218
4 286 1124 866 1157
4 279 278 862 1202
4 324 1152 1134 1276
4 539 1160 1285 1303
4 344 928 1132 1316
4 997 500 1168 1213
4 537 1160 539 1303
4 928 1230 1139 1316
4 1177 1288 1091 1370
4 447 1009 381 1217
4 539 117 1095 1285
4 169 1117 168 1337
4 336 909 911 1066
4 1082 162 1204 1301
4 1059 1200 1121 1299
4 244 1150 1090 1183
4 320 1151 1089 1182
4 998 1002 1197 1261
4 809 780 1097 1359
4 421 1207 62 1308
4 911 912 337 1164
4 119 600 120 1143
4 738 1047 718 1299
4 176 628 329 310
4 176 682 348 329
4 576 1048 556 1318
4 831 247 838 1354
4 895 323 902 1353
4 893 1056 296 1239
4 938 1058 353 1241
4 42 829 1061 1243
4 383 1214 1002 1261
4 1055 1189 523 1323
4 1110 1142 548 1157
4 514 549 1110 1157
4 556 1193 587 1318
4 41 936 937 1233
4 52 1141 1109 1344
4 1155 1198 1190 1373
4 744 1167 1065 1345
4 1249 1310 59 1365
4 539 537 116 1160
4 117 1096 595 1305
4 271 253 272 1384
4 271 252 253 1384
4 242 1159 1077 1283
4 796 210 1058 1242
4 135 1056 634 1240
4 122 551 1180 1281
4 938 1093 43 1233
4 44 1181 1069 1243
4 1096 1305 1095 1375
4 549 1143 121 1180
4 886 879 1137 1375
4 704 1117 1144 1337
4 921 1121 351 1229
4 875 1120 294 1228
4 466 99 271 1384
4 300 1172 881 1342
4 46 1173 942 1343
4 294 1046 890 1362
4 521 83 544 1213
4 880 1064 279 1367
4 834 831 51 1123
4 863 866 286 1124
4 895 305 898 1126
4 940 362 943 1125
4 863 267 866 1127
4 834 51 1141 1166
4 386 1176 1049 1238
4 636 1204 1067 1240
4 975 871 982 1155
4 954 950 1196 1362
4 300 299 1075 1231
4 45 1076 46 1232
4 527 1063 87 1185
4 307 1107 306 1336
4 307 306 1104 1336
4 1106 1230 930 1316
4 1065 1317 1136 1352
4 1115 1100 1296 1359
4 366 1219 224 1287
4 1091 1177 1148 1288
4 473 1268 1250 1322
4 998 1007 1002 1261
4 43 1233 1093 1243
4 41 1088 936 1233
4 531 1274 1131 1348
4 834 1141 52 1166
4 459 1265 494 1383
4 481 1081 483 1210
4 834 51 52 1141
4 42 1061 828 1208
4 244 835 837 1183
4 901 320 899 1182
4 1060 1167 688 1319
4 1059 1103 1257 1262
4 1130 1188 191 1355
4 278 277 861 1327
4 518 1110 551 1180
4 52 1109 53 1344
4 52 53 1108 1344
4 941 1068 939 1317
4 383 1186 1053 1261
4 891 1122 313 1226
4 170 1152 1134 1337
4 684 1114 1170 1382
4 992 376 1168 1215
4 1103 1262 1059 1299
4 896 897 318 1231
4 242 832 833 1232
4 366 789 55 1287
4 385 1014 386 1269
4 949 1097 947 1163
4 669 1245 1119 1335
4 1075 881 1172 1342
4 942 1173 1076 1343
4 916 1089 1252 1333
4 810 29 1163 1359
4 1141 1166 31 1344
4 621 653 656 1165
4 684 1114 715 1170
4 1096 1160 1095 1285
4 531 1131 1279 1348
4 627 174 328 1284
4 286 866 1143 1157
4 260 1062 846 1366
4 698 1089 671 1315
4 1133 437 1166 1383
4 240 1220 1083 1283
4 281 280 1072 1367
4 1167 1227 1066 1319
4 1069 1181 44 1232
4 61 62 1207 1365
4 404 1133 437 1166
4 1170 1216 388 1347
4 356 1282 1074 1317
4 101 76 272 3
4 291 101 3 126
4 151 291 3 126
4 176 151 310 3
4 201 176 348 3
4 3 367 226 37
4 201 3 367 226
4 76 56 3 37
4 523 1055 85 1189
4 708 1144 705 1254
4 800 1162 1068 1291
4 1125 1147 1139 1376
4 931 1130 340 1372
4 278 1202 1078 1327
4 366 735 224 1219
4 1079 1155 1051 1212
4 383 1149 1053 1186
4 896 1067 298 1231
4 832 1069 44 1232
4 332 331 1216 1347
4 89 478 1274 1348
4 868 866 268 1157
4 339 929 338 1080
4 617 1086 616 1267
4 401 1087 400 1266
4 390 716 1045 1170
4 1248 1309 160 1358
4 524 1079 1304 1323
4 1101 1205 1086 1267
4 1102 1206 1087 1266
4 1083 1250 473 1268
4 1096 1263 1160 1285
4 1069 1181 1093 1243
4 30 812 29 1211
4 23 1093 1277 1289
4 738 1299 740 1382
4 22 795 21 1302
4 488 69 68 1118
4 916 1252 919 1333
4 926 1065 336 1282
4 481 478 1081 1378
4 924 1136 926 1317
4 886 1137 304 1187
4 1181 1289 1093 1291
4 838 1100 49 1163
4 171 656 1152 1276
4 538 1148 92 1288
4 1131 1312 1063 1326
4 908 1060 907 1363
4 1053 1149 383 1214
4 286 866 287 1143
4 1081 851 1177 1380
4 1175 1228 370 1362
4 634 611 612 1056
4 395 396 418 1061
4 52 1166 1141 1344
4 318 1073 912 1272
4 859 275 858 1155
4 294 293 1228 1362
4 1112 1215 843 1350
4 344 928 343 1132
4 351 1049 935 1269
4 849 242 1077 1283
4 862 1063 864 1312
4 783 815 1141 1211
4 175 682 176 329
4 628 175 176 329
4 998 1197 1002 1214
4 907 1060 334 1363
4 563 591 1085 1285
4 1072 1312 1131 1326
4 161 162 1204 1358
4 974 983 978 1212
4 306 1165 1140 1336
4 730 764 1230 1316
4 1103 1363 1114 1371
4 611 1248 1056 1385
4 797 1093 23 1289
4 1051 1155 1079 1260
4 159 160 1248 1309
4 671 1089 698 1188
4 287 1143 866 1157
4 803 1209 1186 1324
4 87 1062 474 1185
4 620 653 621 1165
4 846 1062 848 1366
4 434 69 1133 1236
4 169 1134 650 1235
4 1111 1142 268 1265
4 278 1078 277 1327
4 1052 1217 1191 1320
4 739 1121 737 1200
4 938 937 1058 1233
4 1104 1140 602 1336
4 119 120 546 1124
4 816 220 219 1125
4 654 145 144 1126
4 30 438 31 1123
4 545 95 94 1127
4 290 574 573 124
4 681 199 682 347
4 224 366 736 735
4 627 628 149 309
4 520 290 519 124
4 347 199 736 735
4 366 790 789 224
4 149 574 573 309
4 55 790 35 789
4 271 520 519 99
4 1150 1266 430 1314
4 1151 1267 646 1313
4 848 1062 846 1283
4 712 1105 680 1178
4 221 764 1153 1184
4 83 1051 521 1189
4 729 1139 1230 1316
4 906 1114 1216 1349
4 1101 1205 614 1328
4 1250 1268 1083 1322
4 1077 1210 480 1379
4 710 676 1105 1152
4 860 1055 861 1327
4 1050 1218 1192 1341
4 859 275 1155 1356
4 418 1270 1061 1277
4 1167 1257 1103 1262
4 467 1052 1294 1310
4 907 314 315 1363
4 961 663 1171 1218
4 112 1064 582 1364
4 476 1062 87 1274
4 447 1174 1009 1217
4 361 932 925 1147
4 844 845 1361 1387
4 214 213 1162 1259
4 1189 1260 1055 1361
4 1103 1275 740 1299
4 794 1058 210 1200
4 632 1056 135 1201
4 548 514 1110 1157
4 237 1320 1273 1350
4 1186 1209 1149 1324
4 896 318 1158 1231
4 242 1159 832 1232
4 340 1130 931 1333
4 476 1268 1062 1378
4 120 1143 549 1157
4 683 1050 1297 1309
4 318 1158 1073 1272
4 366 224 789 1287
4 784 1109 819 1153
4 296 1056 892 1256
4 1102 1206 398 1334
4 937 353 1058 1255
4 420 1207 1069 1277
4 878 1135 1064 1321
4 860 258 861 1361
4 279 1202 862 1312
4 46 1076 45 1351
4 355 939 1068 1317
4 771 1033 387 1176
4 372 609 973 1175
4 908 1227 1060 1363
4 941 939 1068 1181
4 425 1128 413 1331
4 1062 1220 1185 1361
4 886 879 304 1137
4 1136 1259 743 1352
4 290 573 309 1281
4 641 1122 629 1385
4 906 333 332 1371
4 615 614 1101 1205
4 399 398 1102 1206
4 376 377 1168 1271
4 1131 1221 1072 1279
4 909 1227 1082 1272
4 1221 1279 1131 1370
4 1227 1251 1060 1363
4 617 645 1086 1295
4 429 1087 401 1296
4 383 1053 1214 1261
4 60 1249 59 1365
4 468 448 499 1112
4 906 1216 905 1349
4 842 843 1215 1350
4 1053 1128 1214 1273
4 208 792 1049 1238
4 133 630 1046 1237
4 915 1132 913 1152
4 1160 1280 116 1285
4 412 55 35 1386
4 1051 1168 1112 1189
4 593 563 564 1285
4 862 260 864 1366
4 1317 1343 356 1351
4 636 612 1204 1240
4 1090 1210 1183 1379
4 1059 1121 1103 1299
4 613 1067 636 1204
4 89 481 478 1348
4 548 1142 545 1157
4 307 1104 1107 1336
4 420 397 1069 1207
4 1097 1211 1163 1359
4 1067 1135 298 1321
4 1093 1233 1061 1243
4 860 861 1055 1361
4 693 1245 1073 1325
4 314 1070 315 1363
4 165 166 1267 1335
4 185 740 742 1167
4 818 1109 1141 1344
4 826 1128 237 1273
4 527 1063 1185 1293
4 529 87 527 1063
4 344 930 1230 1316
4 298 1135 1067 1239
4 53 1109 1108 1344
4 1136 743 1262 1352
4 1079 1198 1155 1212
4 521 544 1051 1213
4 699 1188 1119 1355
4 500 997 989 498
4 1037 716 1045 714
4 670 1119 699 1188
4 603 567 1143 1381
4 468 448 1112 1294
4 1119 1182 1089 1335
4 898 1134 1165 1276
4 562 563 591 1085
4 616 617 645 1086
4 807 778 779 1084
4 400 401 429 1087
4 929 357 927 1169
4 849 1077 243 1380
4 248 1138 1133 1383
4 417 1207 396 1249
4 395 1249 1061 1331
4 126 127 102 3
4 3 227 38 226
4 152 127 126 3
4 77 76 3 38
4 3 202 227 226
4 76 102 77 3
4 152 176 177 3
4 177 176 202 3
4 878 1064 1135 1286
4 1053 1197 1128 1273
4 926 1282 356 1317
4 664 715 684 1114
4 526 1293 504 1323
4 756 1147 218 1376
4 1073 1182 1119 1335
4 256 843 257 1112
4 1048 1190 1155 1198
4 752 215 216 1290
4 829 830 240 1145
4 468 1112 470 1294
4 936 937 1233 1255
4 862 864 1063 1366
4 664 1114 684 1297
4 537 116 1160 1280
4 633 1204 612 1248
4 829 1145 1061 1243
4 1089 1267 1151 1313
4 1090 1266 1150 1314
4 638 1205 640 1258
4 982 274 373 1155
4 921 1121 1229 1371
4 1056 893 1146 1239
4 729 1230 764 1316
4 454 455 482 1210
4 324 1134 898 1276
4 454 481 483 1210
4 1117 1144 1098 1315
4 576 607 556 1048
4 792 823 772 1049
4 769 718 738 1047
4 756 1278 1147 1376
4 921 1229 920 1371
4 878 279 1064 1286
4 894 316 893 1146
4 706 695 1050 1218
4 479 1052 490 1217
4 275 874 1346 1356
4 1066 1164 1065 1345
4 300 1231 1075 1329
4 1076 46 1232 1330
4 615 616 643 1205
4 399 400 427 1206
4 869 867 1091 1221
4 936 40 935 1149
4 192 757 193 1377
4 897 1182 1101 1329
4 833 1183 1102 1330
4 474 1185 1062 1322
4 638 1240 1067 1258
4 800 1242 1068 1259
4 924 1065 1136 1257
4 298 1067 894 1239
4 355 1068 939 1241
4 830 44 1069 1243
4 942 1076 46 1351
4 116 1285 1280 1374
4 579 577 135 1057
4 210 741 739 1059
4 525 85 523 1055
4 64 1077 480 1379
4 853 263 851 1177
4 413 1128 1174 1310
4 936 1233 1088 1255
4 1067 1205 1231 1328
4 279 1064 1286 1312
4 392 1171 391 1341
4 61 1083 62 1365
4 505 1293 1154 1326
4 189 748 751 1199
4 943 945 1141 1153
4 629 1122 1171 1309
4 889 1187 1116 1263
4 1083 1159 241 1283
4 422 1206 424 1289
4 40 1149 1053 1214
4 336 1065 924 1257
4 844 1361 1357 1387
4 894 1067 1158 1239
4 513 545 512 1157
4 1069 1159 830 1243
4 881 1075 299 1321
4 1065 1167 1066 1345
4 1148 1288 538 1303
4 495 96 1111 1142
4 548 1110 96 1142
4 190 189 1080 1355
4 680 681 173 1284
4 325 915 1152 1276
4 281 1072 1342 1367
4 673 672 1098 1315
4 803 1186 814 1324
4 315 1070 314 1338
4 938 1093 1233 1241
4 59 1310 1071 1365
4 865 1072 280 1312
4 559 1300 1064 1360
4 338 1164 1080 1282
4 681 174 173 1284
4 208 1049 792 1200
4 133 1046 630 1201
4 492 1138 458 1247
4 66 1090 1298 1314
4 41 1208 1088 1233
4 237 1273 1128 1350
4 869 1091 1160 1221
4 1095 1160 1148 1303
4 186 1167 187 1319
4 944 358 946 1084
4 885 883 282 1085
4 301 901 899 1086
4 837 835 47 1087
4 1048 1346 874 1356
4 1053 1149 1088 1324
4 434 68 69 1236
4 169 650 168 1235
4 826 827 237 1128
4 451 1268 473 1322
4 1095 1305 1124 1375
4 1273 1320 1052 1350
4 934 1147 1092 1372
4 288 1110 289 1180
4 596 565 594 1137
4 611 1056 632 1385
4 975 872 871 1155
4 693 1073 1301 1325
4 574 151 291 310
4 520 291 101 272
4 348 201 367 736
4 367 56 790 37
4 794 796 210 1058
4 135 632 634 1056
4 85 472 470 1054
4 290 124 573 1281
4 244 1183 1090 1380
4 139 1205 1075 1258
4 42 1208 41 1233
4 502 522 1079 1198
4 1057 1179 1129 1286
4 1097 1163 1115 1359
4 55 1225 35 1386
4 1140 1165 145 1336
4 780 781 1097 1359
4 802 800 1162 1259
4 519 123 124 1281
4 1074 1169 357 1343
4 744 187 1167 1345
4 1063 1185 1062 1274
4 505 528 1154 1293
4 320 321 916 1089
4 244 245 853 1090
4 1069 1206 1232 1334
4 525 1185 1055 1293
4 1188 1252 1089 1333
4 127 102 3 1
4 3 227 1 38
4 77 3 1 38
4 102 77 3 1
4 152 127 3 1
4 202 3 227 1
4 177 152 3 1
4 202 177 3 1
4 1062 1274 476 1378
4 402 432 1236 1314
4 648 1235 618 1313
4 705 1254 1144 1377
4 537 1280 1160 1303
4 679 680 712 1105
4 551 518 517 1110
4 405 404 437 1166
4 476 474 87 1062
4 1067 298 1231 1321
4 519 518 123 1281
4 1100 1314 1236 1354
4 1099 1313 1235 1353
4 1019 1014 1010 1269
4 911 1066 909 1272
4 749 737 718 1299
4 1070 1309 1248 1358
4 1048 1228 874 1346
4 1100 1150 1314 1354
4 1099 1151 1313 1353
4 700 166 1089 1313
4 253 466 76 272
4 253 56 76 412
4 1089 700 1313 1315
4 1185 1202 1063 1361
4 275 875 874 1356
4 783 782 815 1211
4 1055 1202 861 1327
4 849 1077 1195 1283
4 577 575 1201 1318
4 582 1064 584 1364
4 924 354 923 1136
4 297 877 878 1135
4 794 772 773 1302
4 992 376 377 1168
4 851 262 1081 1370
4 672 1188 1098 1315
4 260 846 848 1366
4 281 1072 865 1221
4 189 748 1199 1345
4 593 564 1096 1285
4 108 1198 1190 1304
4 783 784 819 1153
4 418 21 1270 1277
4 860 1055 258 1361
4 326 327 1105 1178
4 168 1117 704 1337
4 1150 1183 1087 1266
4 1151 1182 1086 1267
4 1057 1201 1120 1318
4 1070 160 1309 1358
4 1097 1115 1264 1359
4 1148 1160 1091 1303
4 1129 1304 578 1318
4 730 729 764 1316
4 690 1319 187 1345
4 559 1179 558 1360
4 488 1138 491 1383
4 838 49 50 1163
4 890 1046 1226 1362
4 171 656 170 1152
4 45 44 1181 1232
4 1090 1210 1177 1380
4 92 1148 538 1244
4 535 1279 1072 1280
4 370 371 1175 1362
4 479 1191 1052 1217
4 880 1321 1064 1367
4 942 1343 1076 1351
4 737 1121 739 1299
4 192 703 1098 1377
4 440 405 437 1166
4 392 956 391 1226
4 395 1061 416 1331
4 487 1094 92 1244
4 161 1082 162 1358
4 1071 1310 1249 1365
4 528 526 111 1078
4 885 883 1085 1172
4 946 944 1084 1173
4 1074 1317 1162 1343
4 866 1142 268 1157
4 492 459 458 1138
4 1128 1273 1052 1350
4 1116 1172 1085 1306
4 1115 1173 1084 1307
4 1056 892 1256 1338
4 457 1094 487 1247
4 917 1098 919 1252
4 857 854 1094 1253
4 862 1063 260 1366
4 851 1081 262 1380
4 386 1014 1019 1238
4 844 845 258 1361
4 45 1181 1076 1232
4 862 1202 1063 1312
4 829 830 1145 1243
4 392 391 1171 1226
4 389 1170 388 1347
4 275 1346 1155 1356
4 1093 1181 1069 1289
4 860 258 1055 1260
4 159 1070 160 1309
4 463 1111 464 1203
4 166 644 1267 1313
4 66 428 1266 1314
4 710 675 676 1152
4 875 295 294 1120
4 352 351 921 1121
4 926 927 356 1282
4 1103 1060 1275 1363
4 1111 852 1156 1265
4 1162 1343 1317 1351
4 359 931 934 1092
4 579 1240 136 1360
4 457 456 487 1094
4 565 595 564 1096
4 811 780 781 1097
4 673 672 703 1098
4 794 773 1058 1302
4 62 1268 63 1308
4 1144 1152 1132 1337
4 894 1146 893 1239
4 1067 1231 1205 1258
4 1081 262 1195 1370
4 1103 1275 1114 1363
4 1054 1189 1055 1361
4 802 1162 213 1259
4 1085 1160 282 1263
4 535 1280 1072 1374
4 472 1054 1185 1322
4 1169 1246 1084 1290
4 867 869 1091 1370
4 1134 1235 1117 1353
4 1133 1236 1118 1354
4 695 1192 1050 1218
4 885 1116 1172 1263
4 946 1115 1173 1264
4 344 1230 928 1316
4 924 926 355 1317
4 570 1048 576 1190
4 524 109 110 1304
4 333 1114 1363 1371
4 565 595 1096 1305
4 673 1098 703 1377
4 900 306 1165 1276
4 255 376 1215 1271
4 481 1081 1210 1378
4 807 1084 1246 1290
4 1145 1159 1083 1207
4 899 319 897 1182
4 243 833 835 1183
4 1056 1239 1204 1240
4 452 1268 476 1378
4 906 1114 333 1371
4 762 1139 729 1316
4 1146 1158 1082 1204
4 117 595 118 1305
4 621 656 622 1165
4 150 628 151 310
4 574 150 151 310
4 201 682 200 348
4 520 101 100 272
4 200 201 348 736
4 101 466 100 272
4 790 56 36 37
4 56 412 36 37
4 23 1093 797 1277
4 797 1289 799 1291
4 619 1099 649 1235
4 433 403 1100 1236
4 1131 1195 262 1370
4 300 1075 1172 1329
4 46 1076 1173 1330
4 117 595 1096 1285
4 974 1212 978 1271
4 433 402 403 1236
4 619 649 618 1235
4 811 1097 217 1246
4 596 1137 599 1381
4 1199 1332 1074 1352
4 494 1265 1156 1383
4 802 214 213 1162
4 607 1048 570 1190
4 274 871 872 1155
4 693 1073 1245 1335
4 1066 667 1319 1325
4 906 332 1114 1371
4 1280 1285 1160 1374
4 448 467 479 1294
4 91 92 485 1288
4 931 340 934 1372
4 699 1119 697 1355
4 61 62 419 1207
4 441 406 1108 1166
4 932 342 925 1113
4 635 161 162 1204
4 244 837 245 1150
4 901 321 320 1151
4 1019 1209 1238 1269
4 392 1171 956 1226
4 690 1066 1319 1345
4 1060 1227 1167 1319
4 480 64 477 1077
4 139 588 585 1075
4 801 25 804 1076
4 386 385 1176 1229
4 370 1175 371 1228
4 580 111 110 1179
4 60 59 1071 1365
4 19 18 408 1261
4 670 697 699 1119
4 889 1116 302 1263
4 949 1115 48 1264
4 293 970 887 1228
4 844 258 1357 1361
4 692 1066 1245 1325
4 466 75 253 76
4 75 253 76 412
4 574 291 126 125
4 291 520 126 125
4 367 226 225 736
4 367 226 790 225
4 1154 1293 1063 1326
4 433 1100 402 1236
4 649 1099 618 1235
4 389 388 1170 1216
4 139 1075 585 1258
4 214 1074 747 1259
4 994 255 376 1215
4 433 1100 28 1296
4 649 1099 142 1295
4 549 120 121 1143
4 851 1081 263 1370
4 314 313 891 1122
4 355 1068 1241 1317
4 886 889 1096 1187
4 672 701 1098 1188
4 1129 1179 1078 1286
4 1073 1158 1101 1301
4 1181 1291 1093 1339
4 636 1067 638 1240
4 798 1068 800 1242
4 274 1155 275 1346
4 584 1300 1161 1364
4 762 728 729 1139
4 810 1211 781 1359
4 255 994 376 856
4 451 1062 476 1268
4 363 1184 1153 1230
4 240 1145 1083 1387
4 421 1207 1308 1334
4 683 695 664 1297
4 997 1168 378 1213
4 434 1133 404 1236
4 620 650 1134 1235
4 693 1245 669 1335
4 518 1180 551 1281
4 282 1160 1085 1221
4 1067 896 1158 1231
4 1069 832 1159 1232
4 948 39 1018 1149
4 186 688 185 1167
4 948 1149 1018 1269
4 190 189 751 1080
4 719 1059 741 1262
4 414 408 1261 1324
4 1208 1233 1061 1270
4 997 500 989 1168
4 1190 1193 1048 1346
4 873 869 264 1148
4 752 754 1092 1246
4 405 440 406 1166
4 1055 503 1293 1323
4 341 1113 342 1372
4 853 1177 1090 1253
4 19 1186 18 1261
4 1081 1195 262 1380
4 395 417 396 1249
4 958 312 391 1226
4 66 1090 484 1298
4 721 1065 744 1262
4 399 1266 1102 1379
4 1037 1045 716 1170
4 1047 1234 1194 1347
4 712 1178 680 1284
4 1079 1198 522 1304
4 827 238 237 1128
4 302 1116 885 1263
4 946 48 1115 1264
4 559 582 558 1179
4 117 541 539 1095
4 701 192 703 1098
4 487 485 92 1094
4 1061 1207 1145 1249
4 878 1135 877 1286
4 1071 1294 1052 1310
4 611 633 612 1248
4 647 617 618 1295
4 431 401 402 1296
4 263 1081 1177 1370
4 441 31 1166 1344
4 1053 1088 1208 1324
4 314 313 1122 1349
4 581 1240 1258 1360
4 240 1083 1220 1387
4 544 533 1051 1212
4 1056 1204 1146 1248
4 1072 1221 281 1342
4 1046 1175 1120 1201
4 1049 1176 1121 1200
4 389 1040 388 1216
4 968 370 371 1228
4 386 1028 385 1229
4 1114 1275 684 1297
4 1055 1185 1054 1361
4 924 1136 923 1257
4 615 1101 642 1267
4 899 1182 897 1329
4 833 835 1183 1330
4 1070 1297 1050 1309
4 535 1072 532 1374
4 1357 1361 1054 1387
4 301 1086 899 1329
4 835 47 1087 1330
4 482 66 65 1090
4 1061 828 1208 1340
4 184 740 1275 1382
4 747 1074 1332 1352
4 513 548 545 1157
4 557 1057 579 1360
4 358 946 1084 1264
4 885 1085 282 1263
4 961 1171 393 1218
4 864 261 865 1131
4 1046 1237 1196 1362
4 430 1266 428 1314
4 646 1267 644 1313
4 813 219 218 1125
4 651 144 143 1126
4 435 30 29 1123
4 647 618 1099 1295
4 431 402 1100 1296
4 844 258 257 1357
4 1009 1174 381 1217
4 637 1204 635 1301
4 108 570 576 1190
4 1065 1167 744 1262
4 65 480 1210 1379
4 636 1240 638 1258
4 798 1242 800 1259
4 635 1204 162 1301
4 708 705 194 1254
4 526 110 1078 1323
4 28 1115 1296 1359
4 1183 1266 1090 1379
4 813 782 1125 1211
4 402 430 432 1314
4 646 648 618 1313
4 39 382 1018 1149
4 873 283 869 1160
4 1052 1112 1294 1350
4 535 532 1072 1279
4 657 622 1107 1165
4 238 237 1128 1350
4 1062 848 1195 1283
4 886 285 879 1375
4 863 285 870 1375
4 885 1172 1085 1263
4 946 1173 1084 1264
4 556 587 575 1318
4 1177 1210 1081 1380
4 94 1244 1127 1247
4 1064 1312 279 1367
4 480 1077 477 1210
4 66 1298 484 1314
4 317 1082 1158 1272
4 221 764 220 1153
4 1055 1260 258 1361
4 721 1065 1262 1352
4 1062 1220 846 1283
4 700 1089 698 1315
4 422 1277 1069 1289
4 756 726 754 1278
4 377 1213 1168 1271
4 1172 1075 1306 1369
4 1173 1076 1307 1368
4 505 1063 529 1293
4 938 1233 1058 1241
4 25 1206 1076 1289
4 692 667 1066 1325
4 438 435 404 1123
4 546 512 543 1124
4 813 782 816 1125
4 654 651 620 1126
4 545 542 512 1127
4 208 786 792 1238
4 133 624 630 1237
4 1053 1214 1197 1273
4 503 525 1055 1293
4 1058 1302 796 1339
4 325 1152 324 1276
4 358 1169 1084 1343
4 1062 1195 848 1366
4 700 698 671 1315
4 692 1066 667 1319
4 807 1246 215 1290
4 388 1042 331 1216
4 1083 1159 1283 1308
4 900 898 306 1276
4 585 1075 588 1306
4 804 801 1076 1307
4 477 1268 1077 1308
4 389 1170 1040 1216
4 1085 1160 1285 1374
4 690 186 187 1319
4 1069 1232 1206 1289
4 482 65 480 1210
4 916 1089 321 1252
4 853 1090 245 1253
4 293 370 970 1228
4 385 1030 350 1229
4 1128 1197 1174 1273
4 536 538 1288 1303
4 473 62 1083 1268
4 866 267 268 1142
4 267 850 268 1142
4 743 741 211 1242
4 810 812 781 1211
4 274 373 1155 1346
4 1050 1114 1297 1349
4 975 982 373 1155
4 1094 1177 857 1253
4 192 1130 755 1278
4 671 698 670 1188
4 579 1057 557 1318
4 889 1096 1187 1263
4 74 1384 252 1386
4 1173 1307 1115 1368
4 1172 1306 1116 1369
4 1046 1201 1120 1256
4 637 1204 1301 1328
4 775 797 1291 1339
4 775 1068 798 1339
4 685 1297 1070 1309
4 917 322 323 1117
4 246 247 854 1118
4 1049 1200 1121 1255
4 883 282 1085 1342
4 358 1084 944 1343
4 138 640 1205 1258
4 333 907 334 1363
4 469 1294 1071 1310
4 265 857 854 1094
4 284 886 889 1096
4 870 284 873 1095
4 949 360 947 1097
4 917 341 919 1098
4 112 528 111 1154
4 421 419 62 1207
4 22 797 1093 1277
4 1072 1326 532 1364
4 390 716 1170 1234
4 843 257 1112 1357
4 1207 1249 417 1365
4 1057 1318 1179 1360
4 340 931 339 1333
4 262 1131 261 1195
4 1051 1189 1112 1260
4 85 86 472 1185
4 968 371 1175 1228
4 386 1176 1028 1229
4 473 1250 1083 1365
4 881 1342 1075 1367
4 512 543 1124 1311
4 512 1127 542 1311
4 299 1075 1231 1321
4 315 1146 1070 1338
4 591 562 1085 1306
4 807 778 1084 1307
4 640 614 1205 1328
4 1164 1245 1066 1272
4 450 451 473 1322
4 1048 1129 1120 1318
4 482 484 1090 1298
4 441 1166 1108 1344
4 502 553 522 1198
4 529 1063 505 1326
4 1077 1159 1102 1308
4 801 25 1076 1289
4 633 1204 1248 1358
4 1061 1270 416 1331
4 112 582 584 1364
4 84 468 83 1189
4 632 1056 1201 1385
4 1083 1283 1268 1308
4 906 333 1114 1363
4 538 92 91 1288
4 318 912 911 1272
4 459 491 1138 1383
4 949 947 49 1163
4 525 86 85 1185
4 341 342 932 1372
4 747 1332 1199 1352
4 1197 1214 998 1273
4 488 491 69 1383
4 314 1349 1070 1363
4 849 1195 848 1283
4 586 1161 584 1300
4 503 1055 523 1323
4 1052 1294 1071 1350
4 524 1079 522 1304
4 941 1181 1068 1351
4 712 680 172 1284
4 1182 1267 1101 1329
4 1183 1266 1102 1330
4 169 168 704 1337
4 500 82 1168 1213
4 398 1206 424 1334
4 1082 1251 1146 1358
4 363 1153 362 1230
4 96 97 497 1111
4 196 197 713 1105
4 196 767 197 1106
4 550 97 96 1110
4 917 322 1117 1252
4 246 1118 854 1253
4 578 557 1179 1318
4 486 1298 1118 1314
4 585 1300 1075 1306
4 867 1091 1221 1370
4 238 1350 1340 1387
4 808 1115 28 1359
4 834 248 831 1133
4 898 324 895 1134
4 801 1291 1076 1307
4 802 1162 800 1291
4 342 1113 932 1372
4 689 1251 1082 1358
4 834 52 836 1166
4 1093 1069 1277 1289
4 158 1218 706 1309
4 690 692 1066 1345
4 1062 1063 1274 1366
4 771 387 207 1238
4 132 609 372 1237
4 939 1068 1181 1241
4 629 1248 1122 1309
4 58 1217 490 1310
4 623 1171 652 1196
4 1081 1274 1195 1378
4 1050 1297 1070 1349
4 937 1058 1233 1255
4 849 848 242 1283
4 881 1075 1321 1367
4 1078 1323 1079 1327
4 413 1249 1128 1310
4 941 1068 1317 1351
4 476 1062 451 1322
4 450 473 1250 1322
4 536 1288 1091 1303
4 752 750 1290 1332
4 670 669 697 1119
4 1076 1181 45 1351
4 505 1063 1293 1326
4 693 1073 164 1301
4 1172 1205 1075 1369
4 1173 1206 1076 1368
4 1122 1248 629 1385
4 1066 692 1245 1345
4 1080 1199 751 1332
4 390 182 716 1234
4 407 1174 436 1197
4 1090 1150 245 1253
4 1089 1151 321 1252
4 142 1116 592 1295
4 28 1115 808 1296
4 864 261 1131 1366
4 884 882 287 1143
4 1128 1249 413 1331
4 383 1149 382 1214
4 172 680 173 1284
4 613 1067 1204 1328
4 84 470 468 1189
4 312 391 1226 1341
4 83 1168 82 1213
4 811 809 1097 1246
4 1128 1174 1052 1273
4 719 739 1059 1299
4 483 1081 481 1288
4 1258 1300 581 1360
4 186 688 1167 1319
4 591 1285 116 1374
4 1086 1267 1182 1329
4 1087 1266 1183 1330
4 986 1215 1191 1320
4 685 1070 159 1309
4 719 1059 1262 1299
4 212 1242 798 1259
4 137 1240 636 1258
4 170 1134 169 1337
4 849 1195 1077 1380
4 469 1071 59 1310
4 159 1248 631 1309
4 1070 1146 1251 1358
4 1168 1213 1051 1271
4 373 374 1155 1346
4 59 1249 415 1310
4 482 484 66 1090
4 166 698 700 1089
4 1043 1192 1036 1218
4 915 344 913 1132
4 60 415 59 1249
4 762 1254 1139 1316
4 159 160 631 1248
4 636 634 612 1240
4 756 726 1278 1376
4 743 1242 212 1259
4 581 1240 137 1258
4 677 714 716 1170
4 19 1186 1261 1324
4 182 1170 716 1234
4 269 1110 1111 1222
4 345 1106 1105 1223
4 307 1107 1104 1224
4 1108 1109 53 1225
4 301 1172 1086 1329
4 47 1173 1087 1330
4 983 377 978 1271
4 683 706 1050 1309
4 719 739 741 1059
4 503 525 523 1055
4 544 533 521 1051
4 683 706 695 1050
4 479 467 490 1052
4 591 1085 1285 1374
4 108 1190 576 1304
4 467 490 1052 1310
4 1069 1207 397 1334
4 161 1204 635 1358
4 19 1261 408 1324
4 744 1065 746 1345
4 771 1176 387 1238
4 609 1175 372 1237
4 1051 1213 1212 1271
4 1101 1231 1205 1328
4 771 760 731 1176
4 569 609 598 1175
4 584 1064 1300 1364
4 548 513 514 1157
4 351 935 350 1269
4 924 355 1136 1317
4 420 396 1207 1277
4 440 442 406 1108
4 460 496 494 1111
4 500 461 498 1168
4 215 1246 216 1290
4 61 1207 419 1365
4 61 473 1083 1365
4 597 600 1305 1381
4 1294 1350 1112 1357
4 1096 1263 284 1375
4 122 518 551 1281
4 238 1357 1350 1387
4 561 1161 1300 1306
4 414 1261 1053 1324
4 793 1270 1088 1324
4 1052 1191 1112 1215
4 532 1072 114 1374
4 569 1175 598 1193
4 731 1176 760 1194
4 1018 1149 1011 1269
4 542 1127 94 1244
4 1120 1129 1057 1318
4 208 209 737 1200
4 134 575 133 1201
4 657 1165 1107 1336
4 502 523 521 1189
4 721 746 744 1065
4 559 584 582 1064
4 775 800 798 1068
4 613 638 636 1067
4 422 420 397 1069
4 779 1115 808 1359
4 182 183 1170 1234
4 170 653 169 1134
4 1069 1243 1093 1277
4 536 1091 508 1303
4 1036 1192 678 1218
4 494 1111 496 1156
4 440 442 1108 1156
4 637 635 162 1301
4 669 697 1119 1245
4 1220 1083 1268 1322
4 1205 1231 1075 1258
4 288 1104 884 1180
4 288 868 1110 1180
4 841 1150 1100 1354
4 904 1151 1099 1353
4 800 1068 775 1291
4 314 1122 891 1338
4 268 1142 850 1265
4 120 549 546 1157
4 863 1124 285 1375
4 364 1109 945 1184
4 721 746 1065 1352
4 529 88 87 1274
4 165 1267 642 1335
4 115 116 1280 1374
4 638 1067 613 1328
4 1011 1018 382 1149
4 470 1054 449 1294
4 597 1137 566 1381
4 122 123 518 1281
4 1297 1349 1114 1363
4 60 59 469 1071
4 159 685 160 1070
4 326 1105 915 1178
4 158 1171 157 1218
4 380 1217 1174 1320
4 58 1174 57 1217
4 1074 1290 747 1332
4 686 1060 665 1297
4 794 773 796 1058
4 634 632 611 1056
4 665 686 688 1060
4 395 418 416 1061
4 472 449 470 1054
4 452 451 476 1268
4 965 973 609 1175
4 1025 1033 771 1176
4 689 1082 161 1358
4 1019 1010 1209 1269
4 684 1275 1114 1382
4 591 1085 589 1306
4 807 1084 805 1307
4 853 857 1177 1253
4 560 1161 586 1300
4 999 998 1214 1273
4 584 1064 559 1300
4 665 1060 688 1319
4 761 1139 728 1376
4 1047 1121 1299 1371
4 251 1203 1108 1386
4 1159 1308 1207 1334
4 1077 1183 243 1380
4 1202 1293 1078 1323
4 652 623 663 1171
4 447 436 407 1174
4 1061 1243 1207 1277
4 485 1094 456 1298
4 1072 280 1312 1367
4 422 1069 397 1334
4 639 163 164 1301
4 449 1054 472 1322
4 1162 1291 777 1307
4 592 563 590 1116
4 806 808 779 1115
4 1047 1371 1103 1382
4 1001 1009 447 1174
4 961 663 953 1171
4 1145 1249 1207 1365
4 578 557 580 1179
4 1050 1192 1114 1216
4 663 157 1171 1218
4 615 640 614 1205
4 399 424 398 1206
4 725 1092 754 1278
4 57 1174 447 1217
4 1080 1292 751 1355
4 867 1221 865 1370
4 109 524 522 1304
4 314 1338 1070 1349
4 534 508 1091 1279
4 392 1218 1171 1341
4 300 883 1172 1342
4 944 1173 46 1343
4 752 1092 725 1292
4 772 1088 793 1302
4 1086 1101 1267 1329
4 1087 1102 1266 1330
4 762 728 1139 1254
4 828 1145 829 1340
4 557 1179 1318 1360
4 364 945 363 1184
4 579 577 1057 1318
4 1081 1195 1131 1370
4 585 561 1300 1306
4 1146 1248 1204 1358
4 983 1213 377 1271
4 1047 1299 1103 1371
4 1034 1216 1192 1341
4 461 82 83 1168
4 319 320 914 1182
4 466 101 76 272
4 151 574 291 126
4 628 176 151 310
4 520 291 126 101
4 682 201 176 348
4 367 201 226 736
4 226 367 790 37
4 56 76 412 37
4 183 677 182 1170
4 1145 1207 1061 1243
4 771 207 1176 1238
4 132 1175 609 1237
4 665 1251 1060 1319
4 827 238 1128 1340
4 513 512 546 1157
4 980 1155 374 1373
4 1181 1241 1068 1339
4 1146 1204 1056 1239
4 119 1124 543 1305
4 796 1058 773 1302
4 1088 1233 1208 1270
4 557 1318 1057 1360
4 663 393 157 1218
4 331 388 1216 1347
4 1102 1232 1206 1334
4 400 429 427 1087
4 616 645 643 1086
4 738 1234 1047 1382
4 569 965 609 1175
4 1025 771 731 1176
4 1093 1241 1181 1339
4 1101 1301 1158 1328
4 381 57 447 1217
4 418 416 1061 1270
4 801 777 1291 1307
4 62 475 63 1268
4 190 697 189 1355
4 643 1205 1086 1369
4 427 1206 1087 1368
4 1155 1346 1048 1356
4 449 1250 1054 1322
4 138 638 640 1258
4 802 213 800 1259
4 1062 1220 1268 1322
4 698 1089 166 1335
4 505 504 528 1293
4 813 781 782 1211
4 592 1116 141 1295
4 808 1115 27 1296
4 613 636 612 1204
4 850 267 847 1138
4 138 1205 139 1258
4 1220 1361 845 1387
4 300 881 883 1342
4 944 46 942 1343
4 420 396 397 1207
4 314 1122 1338 1349
4 807 216 215 1246
4 586 584 1161 1364
4 1174 1217 1052 1320
4 668 1245 693 1325
4 114 1072 532 1364
4 575 598 133 1175
4 208 737 760 1176
4 248 249 850 1265
4 1135 1258 1240 1360
4 93 1244 94 1247
4 719 742 740 1299
4 293 370 1228 1362
4 303 1099 902 1353
4 49 1100 838 1354
4 288 884 287 1180
4 288 287 868 1180
4 477 1210 1077 1378
4 212 798 800 1259
4 137 636 638 1258
4 675 1152 707 1337
4 657 145 1165 1336
4 1064 1135 1286 1360
4 248 850 1138 1265
4 732 1234 738 1382
4 530 532 1326 1364
4 861 1202 1055 1361
4 1183 1210 1077 1379
4 1139 1254 728 1376
4 1037 716 714 1170
4 500 498 989 1168
4 510 1095 541 1311
4 953 663 623 1171
4 1001 447 407 1174
4 276 876 875 1129
4 988 995 1191 1217
4 1067 1204 1158 1239
4 1069 1207 1159 1243
4 119 597 600 1305
4 63 1268 477 1308
4 882 884 306 1140
4 792 786 823 1238
4 624 661 630 1237
4 696 669 670 1335
4 751 1292 1080 1332
4 1055 860 1260 1327
4 61 473 62 1083
4 510 539 1095 1303
4 752 216 754 1246
4 689 1301 1082 1325
4 1116 1187 1099 1295
4 282 1221 1085 1342
4 1067 1204 1239 1240
4 870 284 1095 1375
4 886 1096 284 1375
4 500 378 82 1213
4 805 1084 1290 1307
4 769 738 732 1234
4 111 526 110 1078
4 1050 1216 1114 1349
4 297 1135 298 1239
4 355 354 1136 1241
4 868 287 866 1157
4 692 1245 668 1325
4 481 1081 90 1288
4 950 1226 1196 1362
4 139 585 138 1258
4 214 747 213 1259
4 161 689 162 1082
4 988 1191 462 1217
4 1088 1233 1270 1302
4 1062 1268 451 1322
4 787 1109 788 1287
4 811 217 809 1246
4 192 191 755 1130
4 560 586 584 1300
4 214 747 1074 1290
4 22 23 797 1277
4 1171 1218 1050 1341
4 639 637 1301 1328
4 730 766 1106 1184
4 784 1109 821 1184
4 831 248 247 1133
4 324 323 895 1134
4 283 282 1160 1263
4 1113 1147 932 1372
4 597 1305 1137 1381
4 346 1105 327 1223
4 289 1110 270 1222
4 980 1212 1155 1373
4 733 734 1106 1219
4 587 598 575 1175
4 749 760 737 1176
4 64 477 1077 1308
4 1066 1227 909 1272
4 1172 1205 1086 1329
4 1173 1206 1087 1330
4 1197 1214 1053 1261
4 795 1302 1093 1339
4 804 25 26 1368
4 139 140 588 1369
4 1052 1215 1112 1350
4 591 589 562 1306
4 807 805 778 1307
4 380 995 1217 1320
4 1022 1229 1194 1347
4 962 1228 1193 1346
4 552 547 979 1212
4 859 1079 1260 1327
4 1111 1203 270 1222
4 702 1117 168 1313
4 486 1118 68 1314
4 693 164 1073 1335
4 675 707 674 1337
4 1215 1320 842 1350
4 326 1178 915 1276
4 859 1079 1327 1356
4 567 602 1140 1381
4 428 430 401 1266
4 646 617 644 1267
4 889 284 1096 1263
4 949 360 1097 1264
4 1128 1340 238 1350
4 693 669 696 1335
4 757 1113 193 1377
4 39 382 1149 1214
4 688 1060 686 1275
4 775 1291 1068 1339
4 904 303 902 1353
4 841 49 838 1354
4 639 1101 615 1328
4 904 1099 303 1353
4 841 1100 49 1354
4 776 1162 802 1291
4 132 133 1175 1237
4 208 1176 207 1238
4 565 566 597 1137
4 757 1113 1278 1376
4 643 1086 645 1369
4 429 427 1087 1368
4 883 1085 1172 1342
4 944 1084 1173 1343
4 422 23 1277 1289
4 52 943 945 1141
4 1024 1031 1194 1234
4 752 754 725 1092
4 971 964 1190 1193
4 1078 1202 1055 1327
4 793 20 1270 1324
4 746 1199 1065 1352
4 1074 1282 1199 1352
4 898 1165 306 1276
4 747 1259 1074 1352
4 606 1190 964 1193
4 166 646 644 1313
4 66 430 428 1314
4 114 1072 1364 1374
4 488 458 491 1138
4 1135 1300 1258 1360
4 1135 1064 1300 1360
4 591 116 115 1374
4 164 165 642 1335
4 191 753 755 1130
4 795 1093 797 1339
4 527 529 1063 1293
4 728 761 729 1139
4 441 31 438 1166
4 355 1241 1136 1317
4 925 343 928 1139
4 1043 1218 392 1341
4 1103 1371 1275 1382
4 753 1292 1130 1355
4 459 491 458 1138
4 892 1146 893 1338
4 60 1071 469 1365
4 1088 1270 793 1302
4 793 1270 21 1302
4 905 1216 1341 1349
4 1116 1187 1096 1263
4 1064 1286 1179 1360
4 1065 1199 746 1345
4 794 792 772 1200
4 1076 1232 1181 1289
4 753 755 1130 1292
4 380 990 995 1320
4 337 912 338 1164
4 64 1308 1077 1379
4 1081 1288 1177 1370
4 534 1279 1091 1348
4 1275 1371 1114 1382
4 758 1139 761 1376
4 433 431 402 1100
4 809 780 811 1097
4 541 510 539 1095
4 595 593 564 1096
4 672 701 703 1098
4 649 647 618 1099
4 487 456 485 1094
4 758 761 728 1376
4 461 83 468 1168
4 1118 1236 68 1314
4 168 1117 1235 1313
4 422 420 1069 1277
4 705 194 1254 1377
4 1103 1299 1121 1371
4 276 277 876 1129
4 498 493 991 1191
4 856 994 855 1215
4 975 1155 974 1271
4 661 1196 1046 1237
4 809 807 779 1246
4 389 1234 1170 1347
4 689 162 1082 1301
4 690 1066 692 1319
4 1091 1280 508 1303
4 1104 1224 1107 1336
4 534 508 536 1091
4 753 1130 191 1355
4 487 1094 1244 1247
4 426 1266 399 1379
4 685 160 1070 1358
4 1086 1172 1116 1369
4 1087 1173 1115 1368
4 615 1101 614 1328
4 776 802 800 1291
4 576 1190 1048 1304
4 1038 1043 392 1341
4 423 1102 398 1334
4 486 488 68 1118
4 168 702 704 1117
4 757 1278 727 1376
4 496 1111 463 1203
4 980 373 374 1155
4 639 642 615 1101
4 641 652 629 1171
4 1075 1205 1172 1329
4 1076 1206 1173 1330
4 436 57 58 1174
4 1071 1340 1350 1387
4 769 1194 1047 1234
4 158 652 157 1171
4 674 705 708 1144
4 40 39 1149 1214
4 1098 1188 1130 1333
4 360 934 932 1147
4 1109 1225 1108 1344
4 438 404 405 1166
4 425 436 413 1174
4 1119 1245 1073 1335
4 975 872 1155 1271
4 409 442 410 1203
4 190 1080 751 1355
4 581 1258 583 1300
4 702 1117 1313 1315
4 797 795 22 1093
4 1048 1193 1120 1228
4 1047 1194 1121 1229
4 652 1171 158 1309
4 399 398 423 1102
4 1024 1194 768 1234
4 622 658 1107 1178
4 676 1105 712 1178
4 844 1357 238 1387
4 1058 1233 1093 1241
4 683 1297 685 1309
4 436 1174 58 1310
4 209 739 737 1200
4 134 577 575 1201
4 1062 1185 1063 1366
4 333 334 922 1103
4 323 1117 322 1353
4 247 1118 246 1354
4 1108 1156 442 1203
4 371 1237 1175 1362
4 1068 1291 1181 1339
4 469 467 1294 1310
4 184 738 740 1382
4 561 1161 560 1300
4 1108 1203 410 1386
4 1004 1197 998 1273
4 498 989 1168 1191
4 389 1026 1031 1347
4 374 966 971 1346
4 994 376 987 1215
4 195 196 1132 1316
4 686 1275 1060 1297
4 849 262 1195 1380
4 362 1139 928 1230
4 691 693 1301 1325
4 756 218 758 1376
4 605 568 1104 1180
4 551 1110 514 1180
4 570 607 576 1048
4 476 474 1062 1322
4 121 1143 603 1180
4 1086 1205 1172 1369
4 1087 1206 1173 1368
4 934 932 1147 1372
4 807 805 1084 1290
4 1088 1233 1058 1255
4 434 404 403 1236
4 620 619 650 1235
4 445 1197 1053 1261
4 464 1203 1111 1384
4 90 1288 1081 1348
4 654 620 621 1165
4 158 1171 1218 1309
4 1046 1196 1122 1226
4 759 728 1254 1376
4 530 1326 1154 1364
4 1048 1190 607 1193
4 1048 1304 1129 1318
4 590 141 1116 1369
4 806 27 1115 1368
4 796 1302 773 1339
4 869 1160 282 1221
4 500 82 461 1168
4 139 1205 140 1369
4 25 1206 26 1368
4 1174 1217 58 1310
4 1091 1279 1221 1370
4 345 364 1106 1219
4 1188 1252 1098 1315
4 1083 1220 1062 1283
4 986 990 1215 1320
4 389 1031 1234 1347
4 974 1155 1212 1271
4 1229 1347 920 1371
4 118 119 543 1305
4 1170 1234 183 1382
4 585 1258 1075 1300
4 509 536 508 1303
4 371 954 959 1362
4 542 94 93 1244
4 101 102 76 3
4 76 3 38 37
4 101 126 102 3
4 38 3 226 37
4 201 202 3 226
4 151 152 126 3
4 176 201 202 3
4 176 152 151 3
4 1181 1232 1069 1289
4 951 958 391 1226
4 952 959 1196 1237
4 801 1289 1076 1291
4 722 1199 747 1332
4 441 405 406 1166
4 776 777 1162 1291
4 689 1082 1251 1325
4 481 90 1081 1348
4 1057 1286 1135 1360
4 1113 1254 759 1377
4 757 759 1113 1376
4 722 747 1199 1352
4 769 1047 738 1234
4 1074 1259 1162 1317
4 792 823 1049 1238
4 661 1046 630 1237
4 449 1054 1250 1294
4 195 1132 708 1254
4 371 959 1237 1362
4 1037 1170 714 1192
4 709 1039 714 1192
4 1203 1222 1111 1384
4 1085 1172 1116 1263
4 1084 1173 1115 1264
4 1082 1204 1158 1301
4 132 133 598 1175
4 208 760 207 1176
4 753 751 1292 1355
4 1060 1251 665 1297
4 1174 1273 380 1320
4 1047 1229 1121 1371
4 357 1169 358 1343
4 142 592 141 1295
4 28 808 27 1296
4 1085 589 1306 1374
4 649 647 1099 1295
4 433 431 1100 1296
4 565 1137 597 1305
4 805 1290 1162 1307
4 41 42 828 1208
4 851 263 262 1370
4 299 1231 298 1321
4 481 1210 453 1378
4 965 1175 569 1193
4 1025 1176 731 1194
4 1072 1279 532 1326
4 1101 1231 897 1329
4 833 1102 1232 1330
4 1074 1290 1169 1343
4 674 704 673 1144
4 345 1106 346 1219
4 1054 1361 1220 1387
4 953 1171 623 1196
4 980 975 373 1155
4 193 1113 759 1377
4 1158 1301 1204 1328
4 796 1242 1058 1339
4 1075 1258 1231 1321
4 952 1196 660 1237
4 502 533 553 1212
4 270 1111 251 1203
4 276 1129 875 1356
4 1071 1250 469 1365
4 492 489 94 1247
4 1001 1174 407 1197
4 473 475 62 1268
4 1093 1243 1061 1277
4 236 1273 237 1320
4 639 615 614 1328
4 757 727 759 1376
4 1162 1259 1068 1317
4 448 479 499 1191
4 1091 1288 536 1348
4 592 590 141 1116
4 806 27 808 1115
4 1034 1036 1043 1192
4 224 1219 223 1287
4 544 516 1212 1213
4 1055 1202 1185 1361
4 722 723 1199 1332
4 685 1070 1251 1358
4 476 451 474 1322
4 664 695 715 1192
4 317 1158 318 1272
4 596 566 1137 1381
4 502 1079 524 1323
4 1350 1357 1071 1387
4 803 814 791 1324
4 239 238 1340 1387
4 1149 1209 1016 1269
4 534 1091 536 1348
4 640 638 614 1328
4 755 1278 1130 1292
4 1119 1188 1089 1333
4 399 1102 423 1379
4 374 971 1190 1346
4 299 896 298 1231
4 45 832 44 1232
4 677 716 182 1170
4 798 1068 1242 1339
4 947 940 50 1163
4 690 692 667 1319
4 1174 1197 1004 1273
4 414 445 1053 1261
4 620 650 653 1134
4 437 404 434 1133
4 1048 1190 1198 1304
4 315 892 893 1338
4 388 1035 1042 1216
4 1055 1260 1323 1327
4 535 532 114 1374
4 527 505 529 1293
4 963 970 370 1228
4 385 1023 1030 1229
4 548 95 545 1142
4 492 95 495 1142
4 422 398 424 1334
4 1048 1198 1155 1356
4 823 1209 1049 1238
4 414 19 408 1324
4 274 858 275 1155
4 63 475 477 1268
4 686 684 1275 1297
4 1112 1191 1168 1215
4 496 1156 1111 1203
4 1122 1248 1070 1309
4 1062 1268 1083 1283
4 84 85 470 1189
4 1058 1241 1093 1339
4 556 607 587 1193
4 749 718 769 1194
4 943 362 363 1153
4 725 1092 1278 1292
4 239 828 829 1340
4 274 872 858 1155
4 552 979 977 1212
4 326 346 345 1105
4 270 269 250 1111
4 250 53 54 1108
4 288 269 270 1110
4 419 1207 417 1365
4 678 1036 1039 1192
4 1090 1183 1150 1266
4 1089 1182 1151 1267
4 992 987 376 1215
4 954 1226 950 1362
4 1058 1233 1088 1302
4 1078 1055 1323 1327
4 1060 1167 1103 1275
4 1170 1234 1047 1347
4 354 924 355 1136
4 297 878 298 1135
4 1149 1186 1016 1209
4 1128 1249 1071 1310
4 1052 1320 1215 1350
4 497 464 463 1111
4 713 680 679 1105
4 659 625 626 1107
4 733 734 767 1106
4 604 572 571 1104
4 518 550 517 1110
4 787 820 788 1109
4 443 409 410 1108
4 849 262 261 1195
4 930 1106 364 1230
4 948 39 1149 1269
4 514 513 549 1157
4 593 1096 595 1285
4 1010 1016 1209 1269
4 1191 1215 1052 1320
4 657 621 622 1165
4 1206 1232 1076 1289
4 422 23 420 1277
4 633 635 1204 1358
4 971 962 964 1193
4 1024 1031 1022 1194
4 484 1298 486 1314
4 1114 1275 1103 1371
4 772 791 793 1088
4 492 458 489 1247
4 1034 1038 1216 1341
4 649 142 647 1295
4 433 28 431 1296
4 307 1104 288 1281
4 861 259 1202 1361
4 750 747 1290 1332
4 674 704 1144 1337
4 60 415 1249 1365
4 1175 1237 1046 1362
4 559 581 1300 1360
4 694 1245 692 1345
4 810 28 29 1359
4 672 671 1188 1315
4 591 589 1085 1374
4 842 256 255 1215
4 239 844 238 1387
4 119 546 543 1124
4 816 219 813 1125
4 654 144 651 1126
4 435 438 30 1123
4 545 94 542 1127
4 1085 1221 1160 1374
4 276 277 1129 1327
4 519 99 98 1222
4 681 198 199 1223
4 198 735 199 1223
4 148 149 573 1224
4 148 627 149 1224
4 34 35 789 1225
4 1154 1202 1063 1293
4 701 191 1188 1355
4 793 1088 791 1324
4 586 1364 1161 1374
4 956 951 391 1226
4 1050 1341 1216 1349
4 711 195 196 1132
4 724 752 1292 1332
4 1251 1319 666 1325
4 308 1104 307 1281
4 210 739 209 1200
4 134 135 577 1201
4 625 626 1107 1284
4 958 903 312 1226
4 333 1103 922 1371
4 1052 1273 1174 1320
4 189 188 748 1345
4 326 1107 307 1284
4 1131 1195 1081 1274
4 193 757 759 1113
4 325 324 898 1276
4 906 1114 1349 1363
4 1046 1196 661 1385
4 325 913 324 1152
4 1086 1205 1101 1329
4 1087 1206 1102 1330
4 502 522 524 1079
4 542 1127 1244 1311
4 471 1250 473 1365
4 572 571 1104 1281
4 250 251 1111 1203
4 852 250 1111 1156
4 836 1108 250 1156
4 948 935 39 1269
4 785 1021 825 1186
4 730 764 766 1184
4 784 821 819 1184
4 677 715 714 1170
4 722 747 723 1332
4 1057 1179 1286 1360
4 1026 1229 1022 1347
4 962 966 1228 1346
4 759 1254 1113 1376
4 1161 1300 1064 1364
4 1053 1197 445 1331
4 1053 414 1324 1331
4 946 949 48 1264
4 889 302 885 1263
4 1182 1267 1089 1335
4 727 1278 726 1376
4 1072 1221 1342 1374
4 989 498 991 1191
4 689 1251 666 1325
4 890 313 312 1226
4 641 623 652 1196
4 1062 1220 1083 1268
4 1055 1202 1078 1323
4 1011 382 1016 1149
4 831 50 51 1123
4 863 286 285 1124
4 895 304 305 1126
4 361 362 940 1125
4 863 266 267 1127
4 579 557 577 1318
4 424 1206 24 1289
4 677 1170 183 1382
4 425 407 436 1197
4 678 1192 695 1218
4 873 264 265 1148
4 250 1108 251 1203
4 307 1107 308 1284
4 843 1112 1350 1357
4 694 188 189 1345
4 165 166 644 1267
4 428 65 66 1266
4 1137 1305 1096 1375
4 251 1108 54 1386
4 687 1251 689 1358
4 1079 1323 1260 1327
4 1063 1202 1154 1312
4 505 1154 530 1326
4 1108 1225 54 1386
4 141 1295 1116 1369
4 27 1296 1115 1368
4 842 1320 237 1350
4 67 486 68 1314
4 167 702 168 1313
4 988 991 462 1191
4 986 988 995 1191
4 325 326 915 1276
4 261 1195 1131 1366
4 1145 1207 1083 1365
4 1268 1283 1077 1308
4 447 57 436 1174
4 1122 1070 1248 1338
4 1088 1270 1208 1324
4 918 331 1042 1216
4 999 1004 998 1273
4 459 494 491 1383
4 663 157 652 1171
4 629 1171 652 1309
4 53 1225 1109 1287
4 1089 1252 1188 1315
4 437 1133 69 1383
4 581 136 1240 1360
4 477 1077 1268 1378
4 350 1030 933 1229
4 469 1250 1071 1294
4 975 974 978 1271
4 317 894 896 1158
4 552 1212 977 1373
4 241 830 832 1159
4 1192 1216 1050 1341
4 1050 1070 1309 1349
4 841 245 1150 1354
4 321 1151 904 1353
4 413 1174 436 1310
4 297 893 296 1239
4 354 938 353 1241
4 42 43 829 1243
4 803 772 823 1209
4 464 1111 1222 1384
4 730 1106 765 1316
4 672 671 701 1188
4 1052 1071 1310 1350
4 1270 1324 414 1331
4 1075 1300 1161 1306
4 685 1251 1070 1297
4 1122 1196 1171 1226
4 992 1168 1191 1215
4 255 856 855 1215
4 1071 1350 1294 1357
4 1231 1258 1067 1321
4 1227 1319 1082 1325
4 1129 1179 1057 1318
4 1091 1288 1148 1303
4 1128 1071 1249 1340
4 412 35 411 1386
4 1106 1184 364 1230
4 529 531 88 1274
4 976 1212 516 1213
4 1040 1035 388 1216
4 283 282 869 1160
4 1083 1145 1365 1387
4 1114 1192 1170 1216
4 818 783 815 1141
4 315 893 1146 1338
4 701 1188 699 1355
4 723 751 1199 1332
4 385 1028 1023 1229
4 963 370 968 1228
4 801 24 25 1289
4 334 335 923 1257
4 943 363 945 1153
4 1122 1196 1046 1385
4 1063 1202 1185 1293
4 733 1106 766 1219
4 963 887 970 1228
4 1091 1279 508 1280
4 1055 1185 1202 1293
4 239 829 1145 1340
4 476 1274 478 1378
4 692 668 667 1325
4 145 602 1140 1336
4 882 286 287 1143
4 509 508 1280 1303
4 952 959 950 1196
4 1146 1204 1082 1358
4 1034 1038 1035 1216
4 1002 383 382 1214
4 821 1109 787 1287
4 980 977 1212 1373
4 479 462 1191 1217
4 24 1206 25 1289
4 714 1170 715 1192
4 68 1236 432 1314
4 168 1235 648 1313
4 1121 1194 1176 1229
4 1120 1193 1175 1228
4 865 261 262 1131
4 1259 1317 1074 1352
4 1038 1035 1216 1341
4 332 331 905 1216
4 935 1149 39 1269
4 1172 1306 1075 1342
4 1173 1307 1076 1343
4 1037 714 1039 1192
4 598 609 132 1175
4 771 207 760 1176
4 351 350 920 1229
4 874 294 293 1228
4 752 750 215 1290
4 1162 1290 1084 1307
4 725 754 726 1278
4 160 631 1248 1358
4 1069 1207 1243 1277
4 214 1162 802 1290
4 756 727 726 1376
4 1049 1238 1209 1269
4 461 499 498 1168
4 938 43 42 1233
4 1070 1349 1297 1363
4 976 983 1212 1213
4 1128 1197 1053 1331
4 498 1168 499 1191
4 1076 1291 1162 1307
4 67 484 486 1314
4 963 962 966 1228
4 1026 1023 1022 1229
4 479 490 462 1217
4 657 145 654 1165
4 622 656 658 1178
4 710 676 712 1178
4 114 1364 586 1374
4 684 1170 677 1382
4 706 678 695 1218
4 596 599 566 1381
4 1227 1251 1082 1319
4 245 1253 1150 1354
4 321 1252 1151 1353
4 763 768 1024 1194
4 606 964 601 1193
4 1047 1170 1114 1382
4 678 1039 709 1192
4 1135 1240 1057 1360
4 325 915 913 1152
4 244 243 1183 1380
4 984 516 555 1213
4 819 221 1153 1184
4 793 791 20 1324
4 585 561 560 1300
4 1131 1274 1081 1348
4 462 501 996 1217
4 691 668 693 1325
4 677 684 715 1170
4 717 1044 678 1218
4 1061 1208 1249 1340
4 742 744 1167 1262
4 1102 1183 1077 1379
4 1094 1253 1118 1298
4 337 926 336 1282
4 1183 1210 1090 1380
4 1040 1170 1192 1216
4 905 1341 313 1349
4 630 1201 1046 1385
4 364 1184 363 1230
4 551 514 549 1180
4 605 603 568 1180
4 1162 1317 1068 1351
4 862 861 259 1202
4 1072 1342 1161 1374
4 1220 1250 1083 1322
4 511 510 541 1311
4 540 510 511 1311
4 639 637 163 1301
4 196 767 1106 1316
4 1177 1253 1094 1298
4 361 360 932 1147
4 526 524 110 1323
4 816 783 819 1153
4 587 569 598 1193
4 749 731 760 1194
4 483 481 90 1288
4 818 1141 31 1344
4 244 851 243 1380
4 1131 1279 1072 1326
4 487 1244 93 1247
4 711 675 708 1132
4 418 21 416 1270
4 963 1228 966 1346
4 1023 1229 1026 1347
4 222 1219 1184 1287
4 1059 1257 1136 1262
4 596 566 565 1137
4 556 578 1304 1318
4 1047 1347 1229 1371
4 956 1171 1196 1226
4 886 303 889 1187
4 301 300 1172 1329
4 46 1173 47 1330
4 864 865 280 1312
4 171 1152 710 1178
4 1221 1280 1160 1374
4 1093 1233 1058 1302
4 1017 385 350 1269
4 605 568 571 1104
4 676 679 712 1105
4 622 658 625 1107
4 730 766 733 1106
4 406 442 409 1108
4 787 821 784 1109
4 551 517 514 1110
4 460 463 496 1111
4 1072 1161 1342 1367
4 195 1132 1254 1316
4 776 801 777 1291
4 187 744 746 1345
4 859 1327 276 1356
4 269 1111 270 1222
4 346 1106 345 1223
4 346 345 1105 1223
4 307 308 1107 1224
4 307 1104 308 1224
4 269 270 1110 1222
4 54 1108 53 1225
4 120 603 121 1143
4 953 623 955 1196
4 610 629 1248 1385
4 746 1199 748 1345
4 775 797 799 1291
4 531 89 1274 1348
4 356 1343 942 1351
4 356 357 942 1343
4 394 413 1249 1331
4 1003 1001 407 1197
4 796 211 210 1242
4 136 135 634 1240
4 1083 1365 1250 1387
4 192 755 757 1278
4 107 1190 108 1198
4 1055 1293 1202 1323
4 986 990 987 1215
4 954 951 950 1226
4 1175 1193 968 1228
4 1176 1194 1028 1229
4 701 699 191 1355
4 332 920 1347 1371
4 362 925 928 1139
4 338 337 1164 1282
4 248 850 847 1138
4 298 1135 878 1321
4 163 693 164 1301
4 414 408 445 1261
4 195 708 194 1254
4 1082 1319 1251 1325
4 630 1046 661 1385
4 913 344 343 1132
4 1161 1306 589 1374
4 759 1254 194 1377
4 1077 1210 1183 1380
4 249 1156 852 1265
4 1300 1321 1075 1367
4 505 528 530 1154
4 991 493 462 1191
4 509 1280 537 1303
4 589 1161 561 1306
4 777 805 1162 1307
4 1073 1245 1272 1325
4 183 1234 732 1382
4 347 1219 346 1223
4 1196 1226 1046 1362
4 340 916 919 1333
4 599 1140 602 1381
4 1075 1231 1205 1329
4 1076 1232 1206 1330
4 660 952 655 1196
4 91 485 483 1288
4 987 1215 990 1320
4 576 556 1304 1318
4 1008 446 384 1261
4 705 1144 673 1377
4 461 468 499 1168
4 751 724 1292 1332
4 305 882 306 1140
4 1161 1075 1306 1342
4 1162 1076 1307 1343
4 344 930 928 1230
4 743 211 212 1242
4 581 136 137 1240
4 655 955 623 1196
4 414 1053 445 1331
4 278 877 277 1286
4 1016 382 383 1149
4 1000 439 444 1197
4 61 471 473 1365
4 502 503 523 1323
4 690 187 692 1345
4 967 965 569 1193
4 1025 731 1027 1194
4 999 998 1002 1214
4 165 698 166 1335
4 169 653 650 1134
4 434 69 437 1133
4 1000 1197 444 1261
4 580 582 111 1179
4 1003 407 439 1197
4 117 593 595 1285
4 675 710 707 1152
4 1135 1300 1064 1321
4 440 71 1156 1383
4 1199 1282 1065 1352
4 827 1128 1208 1340
4 295 891 294 1256
4 495 96 497 1111
4 711 196 713 1105
4 550 96 548 1110
4 1074 1162 1290 1343
4 936 351 352 1255
4 1194 1229 1047 1347
4 1193 1228 1048 1346
4 1086 1295 645 1369
4 429 1087 1296 1368
4 1108 410 1225 1386
4 561 586 560 1161
4 776 777 802 1162
4 1053 1324 1270 1331
4 872 858 1155 1271
4 853 264 263 1177
4 1155 1212 1198 1373
4 1161 1300 1075 1367
4 569 965 973 609
4 771 1025 731 1033
4 447 1001 407 1009
4 961 953 663 623
4 1062 1195 1274 1378
4 309 1224 308 1281
4 601 967 569 1193
4 763 1027 731 1194
4 72 442 1156 1203
4 869 282 867 1221
4 1013 1186 785 1209
4 1161 1075 1342 1367
4 1136 1317 1259 1352
4 446 18 384 1261
4 841 246 245 1354
4 322 321 904 1353
4 974 1155 980 1212
4 1198 1212 553 1373
4 1169 1290 1084 1343
4 109 1198 108 1304
4 1019 1209 1012 1238
4 1119 1333 1080 1355
4 888 293 887 1228
4 683 158 706 1309
4 702 1313 167 1315
4 629 631 1248 1309
4 61 419 417 1365
4 974 975 980 1155
4 1164 1199 1080 1282
4 52 51 943 1141
4 1046 1256 1122 1385
4 992 1191 986 1215
4 467 58 490 1310
4 601 964 967 1193
4 763 1024 1027 1194
4 466 465 99 1384
4 1185 1220 1054 1361
4 540 92 538 1244
4 643 140 1205 1369
4 427 26 1206 1368
4 530 1154 112 1364
4 1086 1116 1295 1369
4 1087 1115 1296 1368
4 413 415 1249 1310
4 1058 1093 1302 1339
4 822 1012 1209 1238
4 1136 1241 1068 1317
4 270 1222 1203 1384
4 171 170 710 1152
4 86 1185 525 1293
4 814 803 785 1186
4 721 1262 743 1352
4 633 161 635 1358
4 98 1222 99 1384
4 71 496 72 1156
4 71 72 442 1156
4 308 1224 309 1284
4 951 1226 954 1362
4 107 1190 1198 1373
4 687 689 161 1358
4 1090 1253 1177 1298
4 1114 1275 1060 1363
4 527 1185 86 1293
4 1199 1282 1164 1345
4 674 673 705 1144
4 935 40 39 1149
4 1053 1208 1270 1324
4 1122 1309 1070 1349
4 539 116 117 1285
4 364 1184 1106 1219
4 641 652 1171 1196
4 1015 1013 785 1209
4 365 1219 366 1287
4 472 1185 86 1322
4 496 72 1156 1203
4 425 436 1174 1197
4 559 581 583 1300
4 357 929 358 1169
4 888 887 963 1228
4 214 750 747 1290
4 1169 1080 1292 1332
4 1195 1081 1378 1380
4 531 506 1279 1326
4 246 1253 245 1354
4 322 1252 321 1353
4 857 853 245 1253
4 919 916 321 1252
4 1122 1256 891 1338
4 509 508 537 1280
4 542 1244 540 1311
4 53 1109 364 1287
4 1062 1195 1268 1283
4 1064 1321 1300 1367
4 1128 1310 1071 1350
4 145 602 599 1140
4 1065 1164 1282 1345
4 423 1308 1102 1334
4 1159 1077 1283 1308
4 797 23 799 1289
4 1250 1357 1054 1387
4 629 652 158 1309
4 853 857 264 1177
4 1056 1248 1146 1338
4 413 436 58 1310
4 186 744 187 1167
4 1040 1192 1034 1216
4 576 556 578 1304
4 956 1196 950 1226
4 1061 1249 1145 1340
4 422 424 24 1289
4 722 1199 746 1352
4 1016 1149 383 1186
4 1124 1311 1095 1375
4 1066 1245 1164 1345
4 507 532 1279 1326
4 865 1131 262 1370
4 1050 1171 1122 1309
4 261 848 1195 1366
4 1128 1249 1208 1340
4 1146 1248 1070 1338
4 190 751 753 1355
4 1147 1278 1092 1372
4 952 955 655 1196
4 1011 1149 1016 1269
4 1145 1249 1071 1340
4 984 976 516 1213
4 615 642 616 1267
4 426 400 399 1266
4 785 1186 803 1209
4 86 1185 474 1322
4 425 413 394 1331
4 625 1107 658 1284
4 587 598 1175 1193
4 749 760 1176 1194
4 317 896 318 1158
4 250 1156 1108 1203
4 242 241 832 1159
4 757 726 727 1278
4 462 996 988 1217
4 440 437 70 1383
4 1065 1282 1199 1345
4 605 1104 571 1281
4 24 424 25 1206
4 138 640 139 1205
4 1044 1036 678 1218
4 1003 439 1000 1197
4 979 516 976 1212
4 1053 1186 1149 1324
4 170 707 1152 1337
4 689 691 1301 1325
4 1312 1364 1072 1367
4 1210 1378 1081 1380
4 606 607 1190 1193
4 968 1193 962 1228
4 1022 1028 1194 1229
4 1135 1067 1258 1321
4 805 802 1162 1290
4 35 1225 34 1386
4 1052 1174 1128 1310
4 363 362 928 1230
4 358 359 946 1264
4 885 282 283 1263
4 774 795 797 1339
4 97 497 1111 1222
4 197 713 1105 1223
4 197 1106 767 1223
4 550 97 1110 1222
4 931 358 929 1169
4 818 815 31 1141
4 1079 1304 1129 1356
4 1098 1252 1117 1315
4 193 759 194 1377
4 917 919 322 1252
4 857 246 854 1253
4 1073 1272 1158 1301
4 1047 1114 1371 1382
4 1053 1261 1186 1324
4 107 108 515 1198
4 817 1015 785 1209
4 1063 1312 1154 1326
4 1071 1357 1250 1387
4 889 283 284 1263
4 949 359 360 1264
4 1102 1077 1308 1379
4 885 301 883 1172
4 946 47 944 1173
4 221 220 819 1153
4 1066 1272 1245 1325
4 107 1198 515 1373
4 346 1219 1106 1223
4 289 288 1180 1281
4 989 378 997 1168
4 93 94 489 1247
4 195 1254 762 1316
4 1064 1364 1312 1367
4 1077 1268 1195 1283
4 849 261 848 1195
4 1011 1016 1010 1269
4 670 698 696 1335
4 849 851 262 1380
4 992 1168 989 1191
4 303 886 304 1187
4 440 70 71 1383
4 322 1117 1252 1353
4 1118 1253 246 1354
4 84 83 521 1189
4 1129 1327 1079 1356
4 1016 1186 1013 1209
4 841 245 837 1150
4 904 321 901 1151
4 1056 1256 1248 1338
4 326 327 346 1105
4 289 288 270 1110
4 250 251 270 1111
4 54 251 250 1108
4 561 589 586 1161
4 777 805 802 1162
4 1155 1198 1079 1356
4 469 1250 471 1365
4 799 1289 801 1291
4 532 530 113 1364
4 1054 1220 1185 1322
4 418 22 21 1277
4 1071 1249 1145 1365
4 122 123 551 518
4 680 712 172 173
4 1154 1326 1072 1364
4 930 364 363 1230
4 567 599 602 1381
4 747 745 1259 1352
4 1070 1248 1146 1358
4 845 1220 259 1361
4 762 759 728 1254
4 859 256 257 1260
4 381 1009 1001 1174
4 1070 1338 1122 1349
4 1185 1220 1062 1322
4 301 300 883 1172
4 944 47 46 1173
4 953 393 961 1171
4 685 1251 687 1358
4 610 641 629 1385
4 552 553 1212 1373
4 182 732 183 1234
4 812 30 815 1211
4 855 987 993 1320
4 937 42 41 1233
4 240 846 845 1220
4 994 987 855 1215
4 487 92 93 1244
4 688 686 185 1275
4 1131 1274 1063 1366
4 743 1259 745 1352
4 527 86 525 1293
4 453 481 454 1210
4 468 470 448 1294
4 457 489 458 1247
4 399 423 426 1379
4 41 827 40 1208
4 769 768 1194 1234
4 603 1143 600 1381
4 719 720 742 1262
4 819 220 816 1153
4 170 707 710 1152
4 859 1260 860 1327
4 825 1021 384 1186
4 445 1197 425 1331
4 774 1302 795 1339
4 134 133 630 1201
4 208 792 209 1200
4 1071 1340 1128 1350
4 880 881 1321 1367
4 537 115 116 1280
4 466 74 465 1384
4 686 664 684 1297
4 719 741 720 1262
4 845 240 1220 1387
4 974 976 983 1212
4 1251 1297 1060 1363
4 1037 390 1045 1170
4 725 1278 755 1292
4 1162 1076 1343 1351
4 1113 1254 1139 1376
4 1025 387 1033 1176
4 965 372 973 1175
4 250 1111 1156 1203
4 1040 1170 1037 1192
4 1067 1239 1135 1240
4 1068 1241 1136 1242
4 1250 1294 1054 1357
4 795 793 21 1302
4 956 1171 953 1196
4 563 593 591 1285
4 804 806 1307 1368
4 590 1306 588 1369
4 1248 1256 1122 1338
4 1049 1209 1149 1269
4 1050 1309 1122 1349
4 239 829 240 1145
4 1130 1080 1333 1355
4 1227 1272 1066 1325
4 113 530 112 1364
4 547 516 979 1212
4 1001 1004 1174 1197
4 185 742 186 1167
4 186 690 688 1319
4 242 241 1159 1283
4 1106 1184 766 1219
4 765 1106 767 1316
4 71 494 496 1156
4 440 71 442 1156
4 1107 1178 326 1276
4 1104 1180 288 1281
4 1082 1272 1227 1325
4 55 1225 54 1287
4 114 532 113 1364
4 549 513 546 1157
4 821 1184 1109 1287
4 734 1219 735 1223
4 315 893 316 1146
4 423 1102 1308 1379
4 1019 1010 1012 1209
4 673 702 672 1315
4 1106 1219 734 1223
4 909 908 316 1227
4 64 63 477 1308
4 536 538 91 1288
4 472 86 474 1322
4 1248 1256 1056 1385
4 807 215 805 1290
4 45 1181 941 1351
4 968 1175 965 1193
4 1028 1176 1025 1194
4 660 1196 661 1237
4 1052 1310 1128 1350
4 880 881 299 1321
4 557 558 1179 1360
4 452 476 478 1378
4 610 629 631 1248
4 18 1186 384 1261
4 326 1178 1107 1284
4 485 456 455 1298
4 71 494 1156 1383
4 364 1109 1184 1287
4 1070 1297 1251 1363
4 529 506 531 1326
4 860 257 258 1260
4 394 413 415 1249
4 535 507 532 1279
4 326 327 1178 1284
4 585 583 1258 1300
4 1085 1342 1221 1374
4 689 691 162 1301
4 239 1145 240 1387
4 700 167 166 1313
4 66 484 67 1314
4 195 711 708 1132
4 1071 1294 1250 1357
4 480 1210 477 1378
4 366 365 346 1219
4 1062 1268 1195 1378
4 120 600 603 1143
4 1154 1312 1064 1364
4 279 1312 280 1367
4 1060 1297 1114 1363
4 1158 1231 1101 1328
4 538 536 509 1303
4 1091 1288 1348 1370
4 308 1224 1104 1281
4 1092 1278 1130 1372
4 480 453 1210 1378
4 1051 1212 1155 1271
4 1054 1294 1112 1357
4 613 1204 637 1328
4 963 969 888 1346
4 481 89 90 1348
4 597 566 600 1381
4 507 506 532 1326
4 74 412 411 1386
4 1161 1072 1364 1367
4 208 207 786 1238
4 132 624 133 1237
4 1107 1224 308 1284
4 862 278 861 1202
4 921 333 922 1371
4 421 397 1207 1334
4 88 531 89 1274
4 1081 1348 1288 1370
4 641 661 1196 1385
4 659 657 1107 1336
4 604 1104 602 1336
4 108 109 522 1198
4 822 1012 817 1209
4 1061 1249 1208 1331
4 1067 1231 1158 1328
4 748 723 751 1199
4 476 87 88 1274
4 276 1327 1129 1356
4 555 378 984 1213
4 1060 1275 1114 1297
4 941 45 44 1181
4 1065 1136 1262 1352
4 820 1109 818 1344
4 441 1108 443 1344
4 788 1109 1225 1287
4 393 1044 717 1218
4 381 996 501 1217
4 951 903 958 1226
4 140 643 645 1369
4 429 26 427 1368
4 1073 1272 1301 1325
4 611 632 610 1385
4 906 314 907 1363
4 880 279 280 1367
4 544 516 533 1212
4 972 606 608 1190
4 788 1225 789 1287
4 418 396 420 1277
4 270 1203 251 1384
4 1147 1278 1113 1376
4 531 506 507 1279
4 544 83 82 1213
4 774 796 773 1339
4 909 335 908 1227
4 65 64 480 1379
4 158 157 706 1218
4 1035 918 1042 1216
4 441 438 405 1166
4 508 1279 507 1280
4 490 58 57 1217
4 957 903 951 1362
4 844 843 238 1357
4 845 846 259 1220
4 487 93 489 1247
4 1030 1023 933 1229
4 1201 1056 1256 1385
4 1208 1249 1128 1331
4 900 1107 326 1276
4 606 607 570 1190
4 1035 1041 918 1341
4 364 346 365 1219
4 1122 1256 1248 1385
4 504 1293 503 1323
4 1159 1232 1102 1334
4 108 107 570 1190
4 421 62 63 1308
4 1064 1300 1161 1367
4 481 453 478 1378
4 536 1288 90 1348
4 1050 1218 1171 1309
4 941 1317 356 1351
4 216 217 754 1246
4 1052 1217 1174 1310
4 1221 1279 1091 1280
4 196 765 767 1316
4 281 865 867 1221
4 611 610 1248 1385
4 109 522 1198 1304
4 586 1161 589 1374
4 933 1023 1029 1347
4 460 495 497 1111
4 676 711 713 1105
4 657 622 659 1107
4 730 767 765 1106
4 604 568 602 1104
4 550 548 514 1110
4 818 820 784 1109
4 406 443 441 1108
4 974 980 977 1212
4 827 1208 828 1340
4 1067 1240 1135 1258
4 1068 1242 1136 1259
4 900 307 326 1107
4 326 345 915 1105
4 930 345 364 1106
4 307 884 288 1104
4 53 945 364 1109
4 288 868 269 1110
4 836 53 250 1108
4 852 250 269 1111
4 548 96 95 1142
4 495 95 96 1142
4 738 718 740 1299
4 1069 1232 1159 1334
4 573 572 1224 1281
4 345 346 364 1219
4 1048 1304 1198 1356
4 1136 1257 1065 1262
4 437 69 70 1383
4 382 39 840 1214
4 560 584 559 1300
4 899 320 319 1182
4 244 243 835 1183
4 1113 1278 1147 1372
4 814 18 19 1186
4 192 193 703 1377
4 789 224 223 1287
4 627 1224 626 1284
4 394 395 416 1331
4 449 1250 469 1294
4 776 800 775 1291
4 86 87 474 1185
4 1085 1306 1161 1374
4 72 73 442 1203
4 183 732 738 1382
4 975 981 872 1271
4 1091 1348 1279 1370
4 814 1186 19 1324
4 685 665 1251 1297
4 659 1107 1224 1336
4 604 1224 1104 1336
4 720 721 744 1262
4 527 87 86 1185
4 948 1018 1011 1269
4 317 911 909 1272
4 785 1013 1021 1186
4 328 327 309 1284
4 820 1225 1109 1344
4 443 1108 1225 1344
4 817 1012 1015 1209
4 1079 1198 1304 1356
4 1162 1068 1291 1351
4 496 463 464 1203
4 972 964 606 1190
4 633 1248 631 1358
4 300 897 299 1231
4 833 45 46 1232
4 662 960 660 1237
4 1020 822 824 1238
4 720 743 721 1262
4 859 860 276 1327
4 825 384 18 1186
4 1279 1348 1131 1370
4 317 318 911 1272
4 742 720 744 1262
4 1161 1364 1072 1374
4 188 746 748 1345
4 572 1104 1224 1281
4 390 1032 770 1234
4 855 1215 987 1320
4 906 1349 314 1363
4 1032 768 770 1234
4 394 1249 395 1331
4 626 1224 1107 1284
4 1053 1208 1128 1331
4 1151 1252 1089 1313
4 1150 1253 1090 1314
4 387 1020 824 1238
4 662 372 960 1237
4 1118 1298 1253 1314
4 515 1198 553 1373
4 457 487 489 1247
4 941 44 939 1181
4 379 380 1273 1320
4 417 1249 415 1365
4 772 793 773 1302
4 1130 1278 1092 1292
4 805 214 802 1290
4 843 1350 238 1357
4 666 1251 665 1319
4 1017 350 948 1269
4 1160 1221 1091 1280
4 1000 1007 998 1261
4 1066 1319 1227 1325
4 880 298 878 1321
4 1085 1306 1172 1342
4 1084 1307 1173 1343
4 720 741 743 1262
4 1083 1250 1220 1387
4 751 723 724 1332
4 67 68 432 1314
4 168 648 167 1313
4 1072 1279 1221 1280
4 1145 1071 1365 1387
4 605 1180 1104 1281
4 1017 1014 385 1269
4 580 557 558 1179
4 843 844 257 1357
4 112 530 528 1154
4 1107 1178 658 1284
4 1089 1313 1252 1315
4 109 578 110 1304
4 308 307 288 1281
4 480 477 453 1378
4 867 263 869 1370
4 511 541 543 1311
4 542 540 511 1311
4 535 507 1279 1280
4 637 613 635 1204
4 694 692 188 1345
4 421 397 419 1207
4 384 383 1007 1261
4 730 765 729 1316
4 684 677 183 1382
4 450 1250 449 1322
4 752 725 724 1292
4 992 989 986 1191
4 390 770 182 1234
4 1258 1300 1135 1321
4 842 236 237 1320
4 429 401 431 1296
4 617 647 645 1295
4 326 307 308 1284
4 298 894 297 1239
4 354 355 939 1241
4 830 43 44 1243
4 382 840 1005 1214
4 1061 1208 1270 1331
4 207 387 824 1238
4 132 372 662 1237
4 555 82 378 1213
4 1040 1034 1035 1216
4 1068 1259 1136 1317
4 1077 1195 1268 1378
4 364 1184 1219 1287
4 963 888 1228 1346
4 842 255 855 1215
4 157 393 717 1218
4 381 501 57 1217
4 384 1186 383 1261
4 507 1279 506 1326
4 222 1184 821 1287
4 281 1221 282 1342
4 624 660 661 1237
4 786 822 823 1238
4 535 508 507 1280
4 960 952 660 1237
4 1020 1012 822 1238
4 375 554 985 1373
4 336 924 335 1257
4 906 907 333 1363
4 669 694 697 1245
4 963 968 962 1228
4 1022 1023 1028 1229
4 793 20 21 1270
4 670 699 671 1188
4 724 750 752 1332
4 375 972 608 1190
4 377 378 1168 1213
4 992 986 987 1215
4 666 1319 667 1325
4 1130 1292 1080 1355
4 1000 998 1197 1261
4 239 1340 1145 1387
4 145 146 602 1336
4 657 146 145 1336
4 1154 1312 1072 1326
4 852 249 250 1156
4 249 836 250 1156
4 1129 1304 1048 1356
4 49 947 50 1163
4 529 505 506 1326
4 277 860 861 1327
4 300 897 1231 1329
4 833 1232 46 1330
4 683 685 159 1309
4 1024 768 1032 1234
4 512 511 543 1311
4 512 542 511 1311
4 1250 1365 1071 1387
4 467 469 59 1310
4 822 1209 823 1238
4 874 293 888 1228
4 236 826 237 1273
4 184 740 185 1275
4 236 379 1006 1273
4 956 953 950 1196
4 769 732 768 1234
4 581 579 136 1360
4 147 1224 604 1336
4 659 1224 147 1336
4 775 774 797 1339
4 657 654 621 1165
4 554 375 107 1373
4 956 950 951 1226
4 441 32 31 1344
4 818 31 32 1344
4 798 1242 796 1339
4 1001 998 1004 1197
4 186 742 744 1167
4 25 427 26 1206
4 139 643 140 1205
4 1034 1039 1036 1192
4 1035 918 1216 1341
4 526 504 503 1323
4 693 668 669 1245
4 1053 1270 1208 1331
4 281 881 280 1367
4 443 1225 33 1344
4 820 33 1225 1344
4 290 309 289 1281
4 460 497 463 1111
4 676 713 679 1105
4 622 625 659 1107
4 730 733 767 1106
4 571 568 604 1104
4 517 550 514 1110
4 820 787 784 1109
4 406 409 443 1108
4 138 585 583 1258
4 747 745 213 1259
4 1072 1280 1221 1374
4 65 1266 426 1379
4 381 1174 380 1217
4 1046 1201 1256 1385
4 705 673 703 1377
4 393 1171 392 1218
4 414 1270 20 1324
4 168 650 648 1235
4 432 68 434 1236
4 890 312 903 1226
4 1065 1257 1167 1262
4 759 727 728 1376
4 745 743 212 1259
4 583 581 137 1258
4 534 507 508 1279
4 477 1268 452 1378
4 1004 380 1174 1273
4 903 1226 951 1362
4 933 1229 1023 1347
4 799 24 801 1289
4 603 600 567 1381
4 1162 1084 1290 1343
4 629 159 631 1309
4 964 962 967 1193
4 1024 1022 1027 1194
4 413 59 415 1310
4 1158 1272 1082 1301
4 54 1225 53 1287
4 968 965 962 1193
4 1022 1028 1025 1194
4 375 608 107 1190
4 71 70 494 1383
4 666 665 688 1319
4 296 892 295 1256
4 1034 1040 1037 1192
4 937 352 353 1255
4 4 381 447 1009
4 825 1021 0 384
4 771 10 387 1033
4 961 663 393 8
4 973 372 7 609
4 518 519 98 1222
4 680 198 681 1223
4 198 734 735 1223
4 572 148 573 1224
4 626 627 148 1224
4 34 789 788 1225
4 1076 1162 1291 1351
4 781 812 782 1211
4 464 1111 497 1222
4 550 1110 518 1222
4 680 1105 713 1223
4 767 1106 734 1223
4 659 1107 626 1224
4 572 1104 604 1224
4 820 788 1109 1225
4 443 1108 410 1225
4 1085 1161 1306 1342
4 1084 1162 1307 1343
4 355 356 941 1317
4 381 4 501 996
4 393 1044 8 717
4 5 984 555 378
4 918 905 331 1216
4 223 1219 222 1287
4 531 1279 534 1348
4 1010 1016 1013 1209
4 920 350 933 1229
4 1253 1298 1090 1314
4 364 1219 365 1287
4 376 978 377 1271
4 982 975 872 871
4 888 963 887 970
4 986 991 988 1191
4 642 165 644 1267
4 428 426 65 1266
4 1072 1312 1154 1364
4 640 615 643 1205
4 399 427 424 1206
4 779 808 780 1359
4 281 1342 881 1367
4 414 416 1270 1331
4 632 1201 630 1385
4 746 722 748 1199
4 534 536 90 1348
4 993 11 236 1320
4 1085 1160 1263 1285
4 160 633 631 1358
4 60 469 471 1365
4 223 224 735 1219
4 974 977 979 1212
4 989 377 378 1168
4 619 618 648 1235
4 403 402 432 1236
4 54 365 366 1287
4 1160 1280 1091 1303
4 221 766 764 1184
4 819 821 221 1184
4 323 322 902 1353
4 838 247 246 1354
4 685 687 160 1358
4 338 927 337 1282
4 167 1313 700 1315
4 721 722 746 1352
4 1158 1204 1067 1328
4 450 449 472 1322
4 558 582 580 1179
4 1131 1348 1081 1370
4 417 419 396 1207
4 542 93 540 1244
4 633 635 612 1204
4 950 955 952 1196
4 718 737 739 1299
4 689 666 667 1325
4 565 597 595 1305
4 1064 1161 1364 1367
4 381 1001 380 1174
4 1102 1266 1183 1379
4 774 773 1302 1339
4 953 392 393 1171
4 1000 998 1003 1197
4 547 552 553 1212
4 878 278 279 1286
4 989 991 986 1191
4 386 387 1176 1238
4 371 372 1175 1237
4 60 417 415 1365
4 390 1170 389 1234
4 1195 1274 1131 1366
4 1085 1161 1342 1374
4 509 537 539 1303
4 1159 1207 1069 1334
4 236 379 1273 1320
4 422 397 398 1334
4 1220 1250 1054 1387
4 212 800 213 1259
4 137 638 138 1258
4 825 814 785 1186
4 509 510 538 1303
4 41 828 827 1208
4 271 1222 270 1384
4 309 308 289 1281
4 394 445 425 1331
4 638 613 614 1328
4 693 696 164 1335
4 523 85 84 1189
4 482 455 484 1298
4 794 210 209 1200
4 134 632 135 1201
4 386 387 1025 1176
4 371 372 965 1175
4 905 312 313 1341
4 294 890 293 1362
4 346 347 366 1219
4 1037 389 390 1170
4 255 981 376 1271
4 387 10 207 824
4 390 9 182 770
4 446 18 0 384
4 132 372 7 662
4 107 375 6 608
4 5 500 378 82
4 716 390 9 182
4 375 554 107 6
4 1145 1340 1071 1387
4 449 471 469 1250
4 953 955 950 1196
4 13 274 969 1346
4 331 332 920 1347
4 274 275 874 1346
4 13 969 373 1346
4 694 668 692 1245
4 1003 998 1001 1197
4 255 376 981 12
4 804 806 778 1307
4 588 590 562 1306
4 1037 1039 1034 1192
4 4 381 501 57
4 381 4 447 57
4 393 8 157 717
4 10 771 387 207
4 663 393 8 157
4 555 5 378 82
4 18 825 0 384
4 372 132 7 609
4 585 588 561 1306
4 804 777 801 1307
4 591 115 589 1374
4 327 308 309 1284
4 73 410 1203 1386
4 689 687 666 1251
4 496 73 72 1203
4 962 965 967 1193
4 1025 1027 1022 1194
4 1205 1231 1101 1329
4 1206 1232 1102 1330
4 534 531 507 1279
4 687 685 665 1251
4 450 473 471 1250
4 861 258 259 1361
4 451 475 473 1268
4 222 766 1184 1219
4 999 1214 839 1273
4 693 163 691 1301
4 171 658 656 1178
4 171 710 712 1178
4 428 401 400 1266
4 617 616 644 1267
4 993 987 990 1320
4 503 504 525 1293
4 999 1005 839 1214
4 862 864 279 1312
4 255 256 858 1271
4 637 162 163 1301
4 19 414 20 1324
4 477 475 452 1268
4 544 555 516 1213
4 645 1295 141 1369
4 429 1296 27 1368
4 993 379 11 1320
4 490 501 462 1217
4 683 664 685 1297
4 551 549 121 1180
4 121 603 605 1180
4 498 499 493 1191
4 706 717 678 1218
4 390 716 9 1045
4 500 997 5 378
4 554 375 985 6
4 883 281 282 1342
4 357 358 944 1343
4 1041 15 312 1341
4 573 124 123 1281
4 1181 1291 1068 1351
4 448 469 467 1294
4 1041 391 15 1341
4 10 387 1020 824
4 9 390 1032 770
4 372 7 662 960
4 1008 446 0 384
4 375 972 6 608
4 627 173 174 1284
4 552 515 553 1373
4 464 73 1203 1384
4 1253 1314 1150 1354
4 1252 1313 1151 1353
4 763 769 768 1194
4 606 601 607 1193
4 1169 1290 1074 1332
4 355 926 356 1317
4 104 988 991 462
4 1039 678 204 1036
4 979 129 976 516
4 859 276 275 1356
4 376 255 856 12
4 54 1225 55 1386
4 1118 1236 1314 1354
4 1117 1235 1313 1353
4 641 610 661 1385
4 260 261 864 1366
4 981 982 872 871
4 969 888 887 970
4 364 365 54 1287
4 236 1006 839 1273
4 999 839 1006 1273
4 16 331 1029 1347
4 184 1275 684 1382
4 375 1190 107 1373
4 16 1029 388 1347
4 1017 385 17 350
4 938 42 937 1233
4 258 845 259 1361
4 942 45 941 1351
4 1119 1188 1333 1355
4 993 236 855 1320
4 1038 1041 1035 1341
4 782 812 815 1211
4 275 276 875 1356
4 753 725 755 1292
4 53 364 54 1287
4 1015 1010 1013 1209
4 957 951 954 1362
4 1077 1195 1378 1380
4 308 288 289 1281
4 957 14 293 1362
4 992 377 989 1168
4 195 765 196 1316
4 957 370 14 1362
4 114 586 589 1374
4 422 24 23 1289
4 491 70 69 1383
4 963 966 969 1346
4 1029 1023 1026 1347
4 104 991 493 462
4 678 709 1039 204
4 979 547 129 516
4 482 480 454 1210
4 1075 1300 1258 1321
4 260 848 261 1366
4 114 113 586 1364
4 194 762 195 1254
4 867 865 262 1370
4 702 167 700 1315
4 326 308 327 1284
4 444 1197 445 1261
4 1001 1004 380 1174
4 241 848 846 1283
4 982 13 274 871
4 956 392 953 1171
4 113 112 584 1364
4 1076 1289 1181 1291
4 985 554 552 1373
4 709 714 715 1192
4 39 40 826 1214
4 780 810 781 1359
4 975 978 981 1271
4 660 655 661 1196
4 1077 1378 1210 1380
4 255 872 981 1271
4 974 979 976 1212
4 510 509 539 1303
4 891 1256 892 1338
4 444 439 445 1197
4 371 965 968 1175
4 1028 386 1025 1176
4 73 410 442 1203
4 236 11 379 1320
4 1040 389 1037 1170
4 39 382 840 2
4 1058 1242 1241 1339
4 552 547 130 979
4 498 991 493 105
4 714 709 205 1039
4 577 556 575 1318
4 103 462 501 996
4 1044 203 717 678
4 128 984 516 555
4 821 223 222 1287
4 1130 1333 1188 1355
4 762 729 765 1316
4 236 993 855 11
4 411 35 34 1386
4 167 646 166 1313
4 67 430 66 1314
4 678 709 695 1192
4 808 28 810 1359
4 671 699 701 1188
4 301 899 300 1329
4 835 46 47 1330
4 1118 1314 1253 1354
4 1117 1313 1252 1353
4 755 725 726 1278
4 906 905 313 1349
4 843 842 237 1350
4 1062 1274 1195 1366
4 293 14 887 970
4 611 610 631 1248
4 914 916 339 1333
4 115 1280 535 1374
4 753 751 724 1292
4 394 415 395 1249
4 562 589 561 1306
4 777 778 805 1307
4 1076 1291 1181 1351
4 195 762 765 1316
4 134 630 632 1201
4 794 209 792 1200
4 774 798 796 1339
4 486 484 456 1298
4 540 93 92 1244
4 332 921 920 1371
4 505 530 506 1326
4 722 723 748 1199
4 1015 1012 1010 1209
4 984 983 976 1213
4 255 981 872 12
4 274 13 969 888
4 988 996 995 1217
4 1044 1043 1036 1218
4 170 169 707 1337
4 410 34 1225 1386
4 190 753 191 1355
4 423 421 1308 1334
4 506 530 532 1326
4 849 243 851 1380
4 13 373 274 1346
4 1102 1308 1159 1334
4 1047 1234 1170 1382
4 236 379 11 1006
4 464 1222 98 1384
4 114 115 535 1374
4 73 1203 1384 1386
4 1241 1242 1068 1339
4 655 623 641 1196
4 674 707 704 1337
4 969 274 888 1346
4 791 814 19 1324
4 425 439 407 1197
4 635 613 612 1204
4 1038 392 391 1341
4 479 462 493 1191
4 419 397 396 1207
4 994 993 855 987
4 918 905 1216 1341
4 969 963 888 970
4 982 975 981 872
4 172 658 1178 1284
4 999 1002 1005 1214
4 972 971 964 1190
4 941 356 942 1351
4 91 483 90 1288
4 122 1180 605 1281
4 1054 1250 1220 1322
4 1060 1251 1227 1319
4 502 524 503 1323
4 430 67 432 1314
4 167 648 646 1313
4 388 1026 389 1347
4 373 966 374 1346
4 601 569 587 1193
4 763 731 749 1194
4 672 700 671 1315
4 775 798 774 1339
4 890 1226 903 1362
4 920 1229 933 1347
4 379 990 380 1320
4 366 55 54 1287
4 1004 379 380 1273
4 964 606 601 154
4 1024 763 229 768
4 952 660 655 179
4 444 1000 79 439
4 817 822 233 1012
4 391 312 15 1341
4 74 73 1384 1386
4 842 1215 855 1320
4 601 964 154 967
4 1000 1003 79 439
4 655 952 179 955
4 763 1024 229 1027
4 817 233 1015 1012
4 798 211 796 1242
4 136 634 636 1240
4 994 376 856 12
4 664 686 665 1297
4 1082 1301 1272 1325
4 690 667 666 1319
4 1008 444 446 1261
4 918 1041 312 1341
4 570 608 606 1190
4 394 414 445 1331
4 470 449 448 1294
4 16 388 331 1347
4 523 84 521 1189
4 982 13 373 274
4 821 787 788 1287
4 1011 1010 1014 1269
4 215 750 214 1290
4 140 645 141 1369
4 429 27 26 1368
4 212 211 798 1242
4 137 136 636 1240
4 375 374 1190 1373
4 103 988 462 996
4 1044 203 678 1036
4 984 976 128 516
4 817 785 803 1209
4 371 370 954 1362
4 451 450 474 1322
4 395 415 417 1249
4 14 370 293 1362
4 331 933 1029 1347
4 633 611 631 1248
4 491 494 70 1383
4 130 552 979 977
4 498 989 991 105
4 1037 714 205 1039
4 852 268 850 1265
4 414 416 20 1270
4 874 1228 888 1346
4 550 98 97 1222
4 197 767 198 1223
4 197 198 713 1223
4 659 148 147 1224
4 147 148 604 1224
4 97 98 497 1222
4 443 34 33 1225
4 820 33 34 1225
4 957 293 903 1362
4 235 825 785 1021
4 447 407 81 1009
4 231 771 731 1033
4 961 663 181 623
4 156 569 973 609
4 722 745 747 1352
4 960 959 952 1237
4 1020 1019 1012 1238
4 578 556 557 1318
4 184 686 684 1275
4 558 557 579 1360
4 98 99 465 1384
4 450 471 449 1250
4 340 341 934 1372
4 314 891 892 1338
4 188 187 746 1345
4 827 828 238 1340
4 1031 1024 1032 1234
4 118 597 119 1305
4 799 23 24 1289
4 859 257 860 1260
4 88 89 478 1274
4 948 1011 1017 1269
4 293 14 970 370
4 281 867 282 1221
4 604 146 147 1336
4 147 146 659 1336
4 809 216 807 1246
4 475 451 452 1268
4 719 740 718 1299
4 666 687 665 1251
4 756 758 727 1376
4 1252 1313 1117 1315
4 188 692 187 1345
4 604 602 146 1336
4 659 146 657 1336
4 443 33 32 1344
4 33 820 32 1344
4 223 766 222 1219
4 610 630 661 1385
4 194 759 762 1254
4 242 848 241 1283
4 434 403 432 1236
4 619 648 650 1235
4 14 957 293 903
4 441 443 32 1344
4 820 818 32 1344
4 586 113 584 1364
4 721 743 745 1352
4 536 91 90 1288
4 25 424 427 1206
4 139 640 643 1205
4 16 388 1042 331
4 385 1030 17 350
4 391 958 15 312
4 39 1018 382 2
4 414 394 416 1331
4 581 559 558 1360
4 822 817 823 1209
4 1005 999 839 1006
4 423 398 421 1334
4 719 718 739 1299
4 632 630 610 1385
4 824 822 786 1238
4 662 660 624 1237
4 515 522 553 1198
4 299 897 896 1231
4 832 45 833 1232
4 446 408 18 1261
4 1004 999 379 1273
4 948 1017 17 350
4 16 331 933 1029
4 918 1041 15 312
4 948 350 935 1269
4 840 839 1005 1214
4 1002 382 1005 1214
4 732 770 768 1234
4 527 504 505 1293
4 480 453 454 1210
4 804 26 806 1368
4 140 590 588 1369
4 774 773 795 1302
4 496 464 73 1203
4 410 411 34 1386
4 476 88 478 1274
4 727 758 728 1376
4 999 1006 379 1273
4 297 894 893 1239
4 938 354 939 1241
4 829 43 830 1243
4 845 239 240 1387
4 637 639 614 1328
4 776 799 801 1291
4 1008 384 1007 1261
4 535 115 537 1280
4 685 664 665 1297
4 696 698 165 1335
4 757 755 726 1278
4 423 1308 64 1379
4 985 552 977 1373
4 1008 1000 444 1261
4 335 924 923 1257
4 276 860 277 1327
4 449 469 448 1294
4 723 747 750 1332
4 839 1214 826 1273
4 585 560 583 1300
4 809 217 216 1246
4 464 98 465 1384
4 163 162 691 1301
4 533 516 547 1212
4 733 766 734 1219
4 183 738 184 1382
4 80 1003 1001 407
4 1025 230 1027 731
4 967 155 569 965
4 1015 234 785 1013
4 955 953 180 623
4 647 142 141 1295
4 28 27 431 1296
4 805 215 214 1290
4 155 601 967 569
4 1003 80 439 407
4 230 763 1027 731
4 655 955 180 623
4 234 817 1015 785
4 190 699 697 1355
4 515 108 522 1198
4 745 212 213 1259
4 138 583 137 1258
4 325 900 326 1276
4 934 341 932 1372
4 184 684 183 1382
4 880 299 298 1321
4 814 825 18 1186
4 428 400 426 1266
4 616 642 644 1267
4 691 667 668 1325
4 669 668 694 1245
4 870 285 284 1375
4 285 886 284 1375
4 164 696 165 1335
4 788 789 223 1287
4 118 595 597 1305
4 705 193 194 1377
4 577 557 556 1318
4 295 892 891 1256
4 937 936 352 1255
4 776 775 799 1291
4 1013 384 1021 1186
4 1013 383 384 1186
4 919 321 322 1252
4 857 245 246 1253
4 221 222 766 1184
4 821 222 221 1184
4 900 325 898 1276
4 22 420 23 1277
4 560 559 583 1300
4 109 108 576 1304
4 930 363 928 1230
4 315 314 892 1338
4 173 658 172 1284
4 236 839 826 1273
4 21 20 416 1270
4 390 389 1031 1234
4 828 239 238 1340
4 916 340 339 1333
4 933 1030 1029 1023
4 951 957 958 903
4 1035 918 1041 1042
4 1011 948 1017 1018
4 878 877 278 1286
4 889 885 283 1263
4 949 946 359 1264
4 429 431 27 1296
4 141 645 647 1295
4 300 899 897 1329
4 835 833 46 1330
4 1016 383 1013 1186
4 484 455 456 1298
4 593 116 591 1285
4 984 378 983 1213
4 605 123 122 1281
4 386 1019 387 1238
4 371 959 372 1237
4 821 788 223 1287
4 377 983 378 1213
4 61 60 471 1365
4 995 996 381 1217
4 393 1043 1044 1218
4 249 852 850 1265
4 393 392 1043 1218
4 375 977 374 1373
4 381 380 995 1217
4 337 927 926 1282
4 707 169 704 1337
4 160 161 633 1358
4 453 452 478 1378
4 171 172 658 1178
4 171 712 172 1178
4 160 687 161 1358
4 61 417 60 1365
4 605 122 121 1180
4 122 551 121 1180
4 791 19 20 1324
4 980 374 977 1373
4 535 537 508 1280
4 117 116 593 1285
4 39 839 840 1214
4 544 82 555 1213
4 972 153 608 606
4 824 1020 232 822
4 178 662 960 660
4 1008 446 444 78
4 1032 228 770 768
4 881 880 280 1367
4 690 666 688 1319
4 706 157 717 1218
4 490 57 501 1217
4 292 982 981 871
4 311 969 887 970
4 63 64 423 1308
4 531 534 89 1348
4 390 1031 1032 1234
4 235 785 1013 1021
4 407 1001 81 1009
4 1025 231 731 1033
4 953 961 181 623
4 156 569 965 973
4 372 959 960 1237
4 387 1019 1020 1238
4 279 864 280 1312
4 464 465 73 1384
4 477 452 453 1378
4 74 73 465 1384
4 450 472 474 1322
4 251 1384 1203 1386
4 421 398 397 1334
4 625 658 626 1284
4 223 735 734 1219
4 375 971 972 1190
4 566 599 567 1381
4 686 184 185 1275
4 572 605 571 1281
4 578 109 576 1304
4 524 526 503 1323
4 418 420 22 1277
4 724 725 753 1292
4 376 981 978 1271
4 723 750 724 1332
4 322 904 902 1353
4 841 838 246 1354
4 273 994 993 855
4 844 239 845 1387
4 375 374 971 1190
4 994 273 856 855
4 1011 1014 1017 1269
4 613 637 614 1328
4 588 562 561 1306
4 804 778 777 1307
4 518 98 550 1222
4 680 713 198 1223
4 198 767 734 1223
4 626 148 659 1224
4 572 604 148 1224
4 464 497 98 1222
4 410 34 443 1225
4 820 34 788 1225
4 421 63 423 1308
4 689 667 691 1325
4 972 153 606 964
4 1020 232 822 1012
4 952 178 960 660
4 1000 1008 444 78
4 1032 1024 228 768
4 806 26 27 1368
4 590 140 141 1369
4 883 881 281 1342
4 942 357 944 1343
4 504 527 525 1293
4 114 589 115 1374
4 408 444 445 1261
4 182 770 732 1234
4 207 824 786 1238
4 132 662 624 1237
4 158 683 159 1309
4 467 59 58 1310
4 702 700 672 1315
4 190 191 699 1355
4 223 734 766 1219
4 554 515 552 1373
4 566 567 600 1381
4 985 977 375 1373
4 629 158 159 1309
4 107 608 570 1190
4 413 58 59 1310
4 1005 839 254 1006
4 236 842 855 1320
4 1045 716 206 714
4 985 554 131 552
4 997 500 106 498
4 573 123 572 1281
4 627 626 173 1284
4 867 262 263 1370
4 773 793 795 1302
4 193 705 703 1377
4 906 313 314 1349
4 238 843 237 1350
4 918 312 905 1341
4 780 808 810 1359
4 890 903 293 1362
4 332 333 921 1371
4 251 252 1384 1386
4 89 534 90 1348
4 331 920 933 1347
4 1008 1007 1000 1261
4 839 236 11 1006
4 39 826 839 1214
4 73 411 410 1386
4 1037 1045 206 714
4 131 985 552 977
4 989 997 106 498
4 292 981 872 871
4 969 888 311 887
4 423 64 426 1379
4 721 745 722 1352
4 74 411 73 1386
4 554 107 515 1373
4 251 252 271 1384
4 55 252 251 1386
4 579 581 558 1360
4 988 104 103 462
4 678 203 204 1036
4 976 129 128 516
4 64 65 426 1379
4 709 715 695 1192
4 479 493 499 1191
4 958 15 312 903
4 1030 17 350 933
4 918 16 1042 331
4 39 948 1018 2
4 173 626 658 1284
4 446 444 408 1261
4 274 874 888 1346
4 601 587 607 1193
4 749 769 763 1194
4 1041 1038 391 1341
4 840 382 1005 2
4 641 661 655 1196
4 572 123 605 1281
4 255 858 872 1271
4 425 445 439 1197
4 993 990 379 1320
4 373 969 966 1346
4 388 1029 1026 1347
4 234 235 785 1013
4 1001 80 407 81
4 230 1025 231 731
4 569 155 156 965
4 180 953 181 623
4 547 553 533 1212
4 957 954 370 1362
4 153 606 964 154
4 952 178 660 179
4 444 1000 78 79
4 1024 229 228 768
4 822 232 233 1012
4 1017 948 369 1018
4 957 958 903 330
4 933 1030 368 1029
4 1041 918 349 1042
4 206 1037 714 205
4 131 552 130 977
4 106 989 498 105
4 817 803 823 1209
4 993 273 855 11
4 14 957 903 330
4 271 270 251 1384
4 251 54 55 1386
4 840 1005 839 254
4 948 1017 369 17
4 16 933 368 1029
4 918 1041 349 15
4 981 292 872 12
4 13 969 888 311
4 4 103 501 996
4 8 1044 203 717
4 5 984 128 555
4 1020 10 824 232
4 6 972 153 608
4 446 1008 0 78
4 9 1032 228 770
4 7 178 662 960
4 948 369 1018 2
4 958 15 903 330
4 1030 17 933 368
4 918 16 349 1042
4 254 839 11 1006
4 235 825 1021 0
4 4 447 81 1009
4 663 961 181 8
4 771 231 10 1033
4 156 973 7 609
4 991 104 493 105
4 547 130 979 129
4 709 205 1039 204
4 601 154 155 967
4 1003 80 79 439
4 230 763 229 1027
4 179 655 955 180
4 234 817 233 1015
4 716 9 1045 206
4 985 554 6 131
4 997 500 5 106
4 840 1005 254 2
4 273 994 856 12
4 982 292 13 871
4 14 311 887 970

CELL_TYPES 5373
10
10
10
10
10
10
10
10
10
10
10
10
10
10
10
10
10
10
10
10
10
10
10
10
10
10
10
10
10
10
10
10
10
10
10
10
10
10
10
10
10
10
10
10
10
10
10
10
10
10
10
10
10
10
10
10
10
10
10
10
10
10
10
10
10
10
10
10
10
10
10
10
10
10
10
10
10
10
10
10
10
10
10
10
10
10
10
10
10
10
10
10
10
10
10
10
10
10
10
10
10
10
10
10
10
10
10
10
10
10
10
10
10
10
10
10
10
10
10
10
10
10
10
10
10
10
10
10
10
10
10
10
10
10
10
10
10
10
10
10
10
10
10
10
10
10
10
10
10
10
10
10
10
10
10
10
10
10
10
10
10
10
10
10
10
10
10
10
10
10
10
10
10
10
10
10
10
10
10
10
10
10
10
10
10
10
10
10
10
10
10
10
10
10
10
10
10
10
10
10
10
10
10
10
10
10
10
10
10
10
10
10
10
10
10
10
10
10
10
10
10
10
10
10
10
10
10
10
10
10
10
10
10
10
10
10
10
10
10
10
10
10
10
10
10
10
10
10
10
10
10
10
10
10
10
10
10
10
10
10
10
10
10
10
10
10
10
10
10
10
10
10
10
10
10
10
10
10
10
10
10
10
10
10
10
10
10
10
10
10
10
10
10
10
10
10
10
10
10
10
10
10
10
10
10
10
10
10
10
10
10
10
10
10
10
10
10
10
10
10
10
10
10
10
10
10
10
10
10
10
10
10
10
10
10
10
10
10
10
10
10
10
10
10
10
10
10
10
10
10
10
10
10
10
10
10
10
10
10
10
10
10
10
10
10
10
10
10
10
10
10
10
10
10
10
10
10
10
10
10
10
10
10
10
10
10
10
10
10
10
10
10
10
10
10
10
10
10
10
10
10
10
10
10
10
10
10
10
10
10
10
10
10
10
10
10
10
10
10
10
10
10
10
10
10
10
10
10
10
10
10
10
10
10
10
10
10
10
10
10
10
10
10
10
10
10
10
10
10
10
10
10
10
10
10
10
10
10
10
10
10
10
10
10
10
10
10
10
10
10
10
10
10
10
10
10
10
10
10
10
10
10
10
10
10
10
10
10
10
10
10
10
10
10
10
10
10
10
10
10
10
10
10
10
10
10
10
10
10
10
10
10
10
10
10
10
10
10
10
10
10
10
10
10
10
10
10
10
10
10
10
10
10
10
10
10
10
10
10
10
10
10
10
10
10
10
10
10
10
10
10
10
10
10
10
10
10
10
10
10
10
10
10
10
10
10
10
10
10
10
10
10
10
10
10
10
10
10
10
10
10
10
10
10
10
10
10
10
10
10
10
10
10
10
10
10
10
10
10
10
10
10
10
10
10
10
10
10
10
10
10
10
10
10
10
10
10
10
10
10
10
10
10
10
10
10
10
10
10
10
10
10
10
10
10
10
10
10
10
10
10
10
10
10
10
10
10
10
10
10
10
10
10
10
10
10
10
10
10
10
10
10
10
10
10
10
10
10
10
10
10
10
10
10
10
10
10
10
10
10
10
10
10
10
10
10
10
10
10
10
10
10
10
10
10
10
10
10
10
10
10
10
10
10
10
10
10
10
10
10
10
10
10
10
10
10
10
10
10
10
10
10
10
10
10
10
10
10
10
10
10
10
10
10
10
10
10
10
10
10
10
10
10
10
10
10
10
10
10
10
10
10
10
10
10
10
10
10
10
10
10
10
10
10
10
10
10
10
10
10
10
10
10
10
10
10
10
10
10
10
10
10
10
10
10
10
10
10
10
10
10
10
10
10
10
10
10
10
10
10
10
10
10
10
10
10
10
10
10
10
10
10
10
10
10
10
10
10
10
10
10
10
10
10
10
10
10
10
10
10
10
10
10
10
10
10
10
10
10
10
10
10
10
10
10
10
10
10
10
10
10
10
10
10
10
10
10
10
10
10
10
10
10
10
10
10
10
10
10
10
10
10
10
10
10
10
10
10
10
10
10
10
10
10
10
10
10
10
10
10
10
10
10
10
10
10
10
10
10
10
10
10
10
10
10
10
10
10
10
10
10
10
10
10
10
10
10
10
10
10
10
10
10
10
10
10
10
10
10
10
10
10
10
10
10
10
10
10
10
10
10
10
10
10
10
10
10
10
10
10
10
10
10
10
10
10
10
10
10
10
10
10
10
10
10
10
10
10
10
10
10
10
10
10
10
10
10
10
10
10
10
10
10
10
10
10
10
10
10
10
10
10
10
10
10
10
10
10
10
10
10
10
10
10
10
10
10
10
10
10
10
10
10
10
10
10
10
10
10
10
10
10
10
10
10
10
10
10
10
10
10
10
10
10
10
10
10
10
10
10
10
10
10
10
10
10
10
10
10
10
10
10
10
10
10
10
10
10
10
10
10
10
10
10
10
10
10
10
10
10
10
10
10
10
10
10
10
10
10
10
10
10
10
10
10
10
10
10
10
10
10
10
10
10
10
10
10
10
10
10
10
10
10
10
10
10
10
10
10
10
10
10
10
10
10
10
10
10
10
10
10
10
10
10
10
10
10
10
10
10
10
10
10
10
10
10
10
10
10
10
10
10
10
10
10
10
10
10
10
10
10
10
10
10
10
10
10
10
10
10
10
10
10
10
10
10
10
10
10
10
10
10
10
10
10
10
10
10
10
10
10
10
10
10
10
10
10
10
10
10
10
10
10
10
10
10
10
10
10
10
10
10
10
10
10
10
10
10
10
10
10
10
10
10
10
10
10
10
10
10
10
10
10
10
10
10
10
10
10
10
10
10
10
10
10
10
10
10
10
10
10
10
10
10
10
10
10
10
10
10
10
10
10
10
10
10
10
10
10
10
10
10
10
10
10
10
10
10
10
10
10
10
10
10
10
10
10
10
10
10
10
10
10
10
10
10
10
10
10
10
10
10
10
10
10
10
10
10
10
10
10
10
10
10
10
10
10
10
10
10
10
10
10
10
10
10
10
10
10
10
10
10
10
10
10
10
10
10
10
10
10
10
10
10
10
10
10
10
10
10
10
10
10
10
10
10
10
10
10
10
10
10
10
10
10
10
10
10
10
10
10
10
10
10
10
10
10
10
10
10
10
10
10
10
10
10
10
10
10
10
10
10
10
10
10
10
10
10
10
10
10
10
10
10
10
10
10
10
10
10
10
10
10
10
10
10
10
10
10
10
10
10
10
10
10
10
10
10
10
10
10
10
10
10
10
10
10
10
10
10
10
10
10
10
10
10
10
10
10
10
10
10
10
10
10
10
10
10
10
10
10
10
10
10
10
10
10
10
10
10
10
10
10
10
10
10
10
10
10
10
10
10
10
10
10
10
10
10
10
10
10
10
10
10
10
10
10
10
10
10
10
10
10
10
10
10
10
10
10
10
10
10
10
10
10
10
10
10
10
10
10
10
10
10
10
10
10
10
10
10
10
10
10
10
10
10
10
10
10
10
10
10
10
10
10
10
10
10
10
10
10
10
10
10
10
10
10
10
10
10
10
10
10
10
10
10
10
10
10
10
10
10
10
10
10
10
10
10
10
10
10
10
10
10
10
10
10
10
10
10
10
10
10
10
10
10
10
10
10
10
10
10
10
10
10
10
10
10
10
10
10
10
10
10
10
10
10
10
10
10
10
10
10
10
10
10
10
10
10
10
10
10
10
10
10
10
10
10
10
10
10
10
10
10
10
10
10
10
10
10
10
10
10
10
10
10
10
10
10
10
10
10
10
10
10
10
10
10
10
10
10
10
10
10
10
10
10
10
10
10
10
10
10
10
10
10
10
10
10
10
10
10
10
10
10
10
10
10
10
10
10
10
10
10
10
10
10
10
10
10
10
10
10
10
10
10
10
10
10
10
10
10
10
10
10
10
10
10
10
10
10
10
10
10
10
10
10
10
10
10
10
10
10
10
10
10
10
10
10
10
10
10
10
10
10
10
10
10
10
10
10
10
10
10
10
10
10
10
10
10
10
10
10
10
10
10
10
10
10
10
10
10
10
10
10
10
10
10
10
10
10
10
10
10
10
10
10
10
10
10
10
10
10
10
10
10
10
10
10
10
10
10
10
10
10
10
10
10
10
10
10
10
10
10
10
10
10
10
10
10
10
10
10
10
10
10
10
10
10
10
10
10
10
10
10
10
10
10
10
10
10
10
10
10
10
10
10
10
10
10
10
10
10
10
10
10
10
10
10
10
10
10
10
10
10
10
10
10
10
10
10
10
10
10
10
10
10
10
10
10
10
10
10
10
10
10
10
10
10
10
10
10
10
10
10
10
10
10
10
10
10
10
10
10
10
10
10
10
10
10
10
10
10
10
10
10
10
10
10
10
10
10
10
10
10
10
10
10
10
10
10
10
10
10
10
10
10
10
10
10
10
10
10
10
10
10
10
10
10
10
10
10
10
10
10
10
10
10
10
10
10
10
10
10
10
10
10
10
10
10
10
10
10
10
10
10
10
10
10
10
10
10
10
10
10
10
10
10
10
10
10
10
10
10
10
10
10
10
10
10
10
10
10
10
10
10
10
10
10
10
10
10
10
10
10
10
10
10
10
10
10
10
10
10
10
10
10
10
10
10
10
10
10
10
10
10
10
10
10
10
10
10
10
10
10
10
10
10
10
10
10
10
10
10
10
10
10
10
10
10
10
10
10
10
10
10
10
10
10
10
10
10
10
10
10
10
10
10
10
10
10
10
10
10
10
10
10
10
10
10
10
10
10
10
10
10
10
10
10
10
10
10
10
10
10
10
10
10
10
10
10
10
10
10
10
10
10
10
10
10
10
10
10
10
10
10
10
10
10
10
10
10
10
10
10
10
10
10
10
10
10
10
10
10
10
10
10
10
10
10
10
10
10
10
10
10
10
10
10
10
10
10
10
10
10
10
10
10
10
10
10
10
10
10
10
10
10
10
10
10
10
10
10
10
10
10
10
10
10
10
10
10
10
10
10
10
10
10
10
10
10
10
10
10
10
10
10
10
10
10
10
10
10
10
10
10
10
10
10
10
10
10
10
10
10
10
10
10
10
10
10
10
10
10
10
10
10
10
10
10
10
10
10
10
10
10
10
10
10
10
10
10
10
10
10
10
10
10
10
10
10
10
10
10
10
10
10
10
10
10
10
10
10
10
10
10
10
10
10
10
10
10
10
10
10
10
10
10
10
10
10
10
10
10
10
10
10
10
10
10
10
10
10
10
10
10
10
10
10
10
10
10
10
10
10
10
10
10
10
10
10
10
10
10
10
10
10
10
10
10
10
10
10
10
10
10
10
10
10
10
10
10
10
10
10
10
10
10
10
10
10
10
10
10
10
10
10
10
10
10
10
10
10
10
10
10
10
10
10
10
10
10
10
10
10
10
10
10
10
10
10
10
10
10
10
10
10
10
10
10
10
10
10
10
10
10
10
10
10
10
10
10
10
10
10
10
10
10
10
10
10
10
10
10
10
10
10
10
10
10
10
10
10
10
10
10
10
10
10
10
10
10
10
10
10
10
10
10
10
10
10
10
10
10
10
10
10
10
10
10
10
10
10
10
10
10
10
10
10
10
10
10
10
10
10
10
10
10
10
10
10
10
10
10
10
10
10
10
10
10
10
10
10
10
10
10
10
10
10
10
10
10
10
10
10
10
10
10
10
10
10
10
10
10
10
10
10
10
10
10
10
10
10
10
10
10
10
10
10
10
10
10
10
10
10
10
10
10
10
10
10
10
10
10
10
10
10
10
10
10
10
10
10
10
10
10
10
10
10
10
10
10
10
10
10
10
10
10
10
10
10
10
10
10
10
10
10
10
10
10
10
10
10
10
10
10
10
10
10
10
10
10
10
10
10
10
10
10
10
10
10
10
10
10
10
10
10
10
10
10
10
10
10
10
10
10
10
10
10
10
10
10
10
10
10
10
10
10
10
10
10
10
10
10
10
10
10
10
10
10
10
10
10
10
10
10
10
10
10
10
10
10
10
10
10
10
10
10
10
10
10
10
10
10
10
10
10
10
10
10
10
10
10
10
10
10
10
10
10
10
10
10
10
10
10
10
10
10
10
10
10
10
10
10
10
10
10
10
10
10
10
10
10
10
10
10
10
10
10
10
10
10
10
10
10
10
10
10
10
10
10
10
10
10
10
10
10
10
10
10
10
10
10
10
10
10
10
10
10
10
10
10
10
10
10
10
10
10
10
10
10
10
10
10
10
10
10
10
10
10
10
10
10
10
10
10
10
10
10
10
10
10
10
10
10
10
10
10
10
10
10
10
10
10
10
10
10
10
10
10
10
10
10
10
10
10
10
10
10
10
10
10
10
10
10
10
10
10
10
10
10
10
10
10
10
10
10
10
10
10
10
10
10
10
10
10
10
10
10
10
10
10
10
10
10
10
10
10
10
10
10
10
10
10
10
10
10
10
10
10
10
10
10
10
10
10
10
10
10
10
10
10
10
10
10
10
10
10
10
10
10
10
10
10
10
10
10
10
10
10
10
10
10
10
10
10
10
10
10
10
10
10
10
10
10
10
10
10
10
10
10
10
10
10
10
10
10
10
10
10
10
10
10
10
10
10
10
10
10
10
10
10
10
10
10
10
10
10
10
10
10
10
10
10
10
10
10
10
10
10
10
10
10
10
10
10
10
10
10
10
10
10
10
10
10
10
10
10
10
10
10
10
10
10
10
10
10
10
10
10
10
10
10
10
10
10
10
10
10
10
10
10
10
10
10
10
10
10
10
10
10
10
10
10
10
10
10
10
10
10
10
10
10
10
10
10
10
10
10
10
10
10
10
10
10
10
10
10
10
10
10
10
10
10
10
10
10
10
10
10
10
10
10
10
10
10
10
10
10
10
10
10
10
10
10
10
10
10
10
10
10
10
10
10
10
10
10
10
10
10
10
10
10
10
10
10
10
10
10
10
10
10
10
10
10
10
10
10
10
10
10
10
10
10
10
10
10
10
10
10
10
10
10
10
10
10
10
10
10
10
10
10
10
10
10
10
10
10
10
10
10
10
10
10
10
10
10
10
10
10
10
10
10
10
10
10
10
10
10
10
10
10
10
10
10
10
10
10
10
10
10
10
10
10
10
10
10
10
10
10
10
10
10
10
10
10
10
10
10
10
10
10
10
10
10
10
10
10
10
10
10
10
10
10
10
10
10
10
10
10
10
10
10
10
10
10
10
10
10
10
10
10
10
10
10
10
10
10
10
10
10
10
10
10
10
10
10
10
10
10
10
10
10
10
10
10
10
10
10
10
10
10
10
10
10
10
10
10
10
10
10
10
10
10
10
10
10
10
10
10
10
10
10
10
10
10
10
10
10
10
10
10
10
10
10
10
10
10
10
10
10
10
10
10
10
10
10
10
10
10
10
10
10
10
10
10
10
10
10
10
10
10
10
10
10
10
10
10
10
10
10
10
10
10
10
10
10
10
10
10
10
10
10
10
10
10
10
10
10
10
10
10
10
10
10
10
10
10
10
10
10
10
10
10
10
10
10
10
10
10
10
10
10
10
10
10
10
10
10
10
10
10
10
10
10
10
10
10
10
10
10
10
10
10
10
10
10
10
10
10
10
10
10
10
10
10
10
10
10
10
10
10
10
10
10
10
10
10
10
10
10
10
10
10
10
10
10
10
10
10
10
10
10
10
10
10
10
10
10
10
10
10
10
10
10
10
10
10
10
10
10
10
10
10
10
10
10
10
10
10
10
10
10
10
10
10
10
10
10
10
10
10
10
10
10
10
10
10
10
10
10
10
10
10
10
10
10
10
10
10
10
10
10
10
10
10
10
10
10
10
10
10
10
10
10
10
10
10
10
10
10
10
10
10
10
10
10
10
10
10
10
10
10
10
10
10
10
10
10
10
10
10
10
10
10
10
10
10
10
10
10
10
10
10
10
10
10
10
10
10
10
10
10
10
10
10
10
10
10
10
10
10
10
10
10
10
10
10
10
10
10
10
10
10
10
10
10
10
10
10
10
10
10
10
10
10
10
10
10
10
10
10
10
10
10
10
10
10
10
10
10
10
10
10
10
10
10
10
10
10
10
10
10
10
10
10
10
10
10
10
10
10
10
10
10
10
10
10
10
10
10
10
10
10
10
10
10
10
10
10
10
10
10
10
10
10
10
10
10
10
10
10
10
10
10
10
10
10
10
10
10
10
10
10
10
10
10
10
10
10
10
10
10
10
10
10
10
10
10
10
10
10
10
10
10
10
10
10
10
10
10
10
10
10
10
10
10
10
10
10
10
10
10
10
10
10
10
10
10
10
10
10
10
10
10
10
10
10
10
10
10
10
10
10
10
10
10
10
10
10
10
10
10
10
10
10
10
10
10
10
10
10
10
10
10
10
10
10
10
10
10
10
10
10
10
10
10
10
10
10
10
10
10
10
10
10
10
10
10
10
10
10
10
10
10
10
10
10
10
10
10
10
10
10
10
10
10
10
10
10
10
10
10
10
10
10
10
10
10
10
10
10
10
10
10
10
10
10
10
10
10
10
10
10
10
10
10
10
10
10
10
10
10
10
10
10
10
10
10
10
10
10
10
10
10
10
10
10
10
10
10
10
10
10
10
10
10
10
10
10
10
10
10
10
10
10
10
10
10
10
10
10
10
10
10
10
10
10
10
10
10
10
10
10
10
10
10
10
10
10
10
10
10
10
10
10
10
10
10
10
10
10
10
10
10
10
10
10
10
10
10
10
10
10
10
10
10
10
10
10
10
10
10
10
10
10
10
10
10
10
10
10
10
10
10
10
10
10
10
10
10
10
10
10
10
10
10
10
10
10
10
10
10
10
10
10
10
10
10
10
10
10
10
10
10
10
10
10
10
10
10
10
10
10
10
10
10
10
10
10
10
10
10
10
10
10
10
10
10
10
10
10
10
10
10
10
10
10
10
10
10
10
10
10
10
10
10
10
10
10
10
10
10
10
10
10
10
10
10
10
10
10
10
10
10
10
10
10
10
10
10
10
10
10
10
10
10
10
10
10
10
10
10
10
10
10
10
10
10
10
10
10
10
10
10
10
10
10
10
10
10
10
10
10
10
10
10
10
10
10
10
10
10
10
10
10
10
10
10
10
10
10
10
10
10
10
10
10
10
10
10
10
10
10
10
10
10
10
10
10
10
10
10
10
10
10
10
10
10
10
10
10
10
10
10
10
10
10
10
10
10
10
10
10
10
10
10
10
10
10
10
10
10
10
10
10
10
10
10
10
10
10
10
10
10
10
10
10
10
10
10
10
10
10
10
10
10
10
10
10
10
10
10
10
10
10
10
10
10
10
10
10
10
10
10
10
10
10
10
10
10
10
10
10
10
10
10
10
10
10
10
10
10
10
10
10
10
10
10
10
10
10
10
10
10
10
10
10
10
10
10
10
10
10
10
10
10
10
10
10
10
10
10
10
10
10
10
10
10
10
10
10
10
10
10
10
10
10
10
10
10
10
10
10
10
10
10
10
10
10
10
10
10
10
10
10
10
10
10
10
10
10
10
10
10
10
10
10
10
10
10
10
10
10
10
10
10
10
10
10
10
10
10
10
10
10
10
10
10
10
10
10
10
10
10
10
10
10
10
10
10
10
10
10
10
10
10
10
10
10
10
10
10
10
10
10
10
10
10
10
10
10
10
10
10
10
10
10
10
10
10
10
10
10
10
10
10
10
10
10
10
10
10
10
10
10
10
10
10
10
10
10
10
10
10
10
10
10
10
10
10
10
10
10
10
10
10
10
10
10
10
10
10
10
10
10
10
10
10
10
10
10
10
10
10
10
10
10
10
10
10
10
10
10
10
10
10
10
10
10
10
10
10
10
10
10
10
10
10
10
10
10
10
10
10
10
10
10
10
10
10
10
10
10
10
10
10
10
10
10
10
10
10
10
10
10
10
10
10
10
10
10
10
10
10
10
10
10
10
10
10
10
10
10
10
10
10
10
10
10
10
10
10
10
10
10
10
10
10
10
10
10
10
10
10
10
10
10
10
10
10
10
10
10
10
10
10
10
10
10
10
10
10
10
10
10
10
10
10
10
10
10
10
10
10
10
10
10
10
10
10
10
10
10
10
10
10
10
10
10
10
10
10
10
10
10
10
10
10
10
10
10
10
10
10
10
10
10
10
10
10
10
10
10
10
10
10
10
10
10
10
10
10
10
10
10
10
10
10
10
10
10
10
10
10
10
10
10
10
10
10
10
10
10
10
10
10
10
10
10
10
10
10
10
10
10
10
10
10
10
10
10
10
10
10
10
10
10
10
10
10
10
10
10
10
10
10
10
10
10
10
10
10
10
10
10
10
10
10
10
10
10
10
10
10
10
10
10
10
10
10
10
10
10
10
10
10
10
10
10
10
10
10
10
10
10
10
10
10
10
10
10
10
10
10
10
10
10
10
10
10
10
10
10
10
10
10
10
10
10
10
10
10
10
10
10
10
10
10
10
10
10
10
10
10
10
10
10
10
10
10
10
10
10
10
10
10
10
10
10
10
10
10
10
10
10
10
10
10
10
10
10
10
10
10
10
10
10
10
10
10
10
10
10
10
10
10
10
10
10
10
10
10
10
10
10
10
10
10
10
10
10
10
10
10
10
10
10
10
10
10
10
10
10
10
10
10
10
10
10
10
10
10
10
10
10
10
10
10
10
10
10
10
10
10
10
10
10
10
10
10
10
10
10
10
10
10
10
10
10
10
10
10
10
10
10
10
10
10
10
10
10
10
10
10
10
10
10
10
10
10
10
10
10
10
10
10
10
10
10
10
10
10
10
10
10
10
10
10
10
10
10
10
10
10
10
10
10
10
10
10
10
10
10
10
10
10
10
10
10
10
10
10
10
10
10
10
10
10
10
10
10
10
10
10
10
10
10
10
10
10
10
10
10
10
10
10
10
10
10
10
10
10
10
10
10
10
10
10
10
10
10
10
10
10
10
10
10
10
10
10
10
10
10
10
10
10
10
10
10
10
10
10
10
10
10
10
10
10
10
10
10
10
10
10
10
10
10
10
10
10
10
10
10
10
10
10
10
10
10
10
10
10
10
10
10
10
10
10
10
10
10
10
10
10
10
10
10
10
10
10
10
10
10
10
10
10
10
10
10
10
10
10
10
10
10
10
10
10
10
10
10
10
10
10
10
10
10
10
10
10
10
10
10
10
10
10
10
10
10
10
10
10
10
10
10
10
10
10
10
10
10
10
10
10
10
10
10
10
10
10
10
10
10
10
10
10
10
10
10
10
10
10
10
10
10
10
10
10
10
10
10
10
10
10
10
10
10
10
10
10
10
10
10
10
10
10
10
10
10
10
10
10
10
10
10
10
10
10
10
10
10
10
10
10
10
10
10
10
10
10
10
10
10
10
10
10
10
10
10
10
10
10
10
10
10
10
10
10
10
10
10
10
10
10
10
10
10
10
10
10
10
10
10
10
10
10
10
10
10
10
10
10
10
10
10
10
10
10
10
10
10
10
10
10
10
10
10
10
10
10
10
10
10
10
10
10
10
10
10
10
10
10
10
10
10
10
10
10
10
10
10
10
10
10
10
10
10
10
10
10
10
10
10
10
10
10
10
10
10
10
10
10
10
10
10
10
10
10
10
10
10
10
10
10
10
10
10
10
10
10
10
10
10
10
10
10
10
10
10
10
10
10
10
10
10
10
10
10
10
10
10
10
10
10
10
10
10
10
10
10
10
10
10
10
10
10
10
10
10
10
10
10
10
10
10
10
10
10
10
10
10
10
10
10
10
10
10
10
10
10
10
10
10
10
10
10
10
10
10
10
10
10
10
10
10
10
10
10
10
10
10
10
10
10
10
10
10
10
10
10
10
10
10
10
10
10
10
10
10
10
10
10
10
10
10
10
10
10
10
10
10
10
10
10
10
10
10
10
10
10
10
10
10
10
10
10
10
10
10
10
10
10
10
10
10
10
10
10
10
10
10
10
10
10
10
10
10
10
10
10
10
10
10
10
10
10
10
10
10
10
10
10
10
10
10
10
10
10
10
10
10
10
10
10
10
10
10
10
10
10
10
10
10
10
10
10
10
10
10
10
10
10
10
10
10
10
10
10
10
10
10
10
10
10
10
10
10
10
10
10
10
10
10
10
10
10
10
10
10
10
10
10
10
10
10
10
10
10
10
10
10
10
