0.000000000000000000e+00 3.129999999999999893e+00 0.000000000000000000e+00
1.145172016173477345e-03 3.122607167355654578e+00 -2.247564423555993285e-01
6.270238112182833362e-03 3.115742629835799526e+00 -4.516342714928566759e-01
6.154349449570799789e-03 3.114586405777710620e+00 -6.767133764813797470e-01
6.233567648543172912e-03 3.109939320689501407e+00 -9.014926674331206202e-01
6.225975448725892293e-03 3.094856542066088956e+00 -1.125484384444809915e+00
6.096319123272892979e-03 3.081962810965829913e+00 -1.349911190563714669e+00
6.607358104854053199e-03 3.071747859570490125e+00 -1.574055114987742421e+00
1.871319953536496328e-01 3.030532873443351871e+00 -1.993077624502277878e+00
-1.841393576894950757e-01 3.045348192194099912e+00 -1.801149184736812625e+00
2.158740094626874495e-01 3.030169723575330654e+00 -1.995205315724897899e+00
2.513729149618094127e-01 3.025709826642671629e+00 -1.997271438837432189e+00
2.920639892910184554e-01 3.019751766434482398e+00 -1.999384929236422748e+00
3.361478083640883630e-01 3.013297559602346798e+00 -2.001667116792045675e+00
3.823403512021879558e-01 3.006534290958350120e+00 -2.004062424984298652e+00
4.319877972878041761e-01 2.998094144633805858e+00 -2.020726304618059466e+00
4.815753778249724504e-01 2.989874882865630301e+00 -2.034834932726030665e+00
5.307523581881486985e-01 2.981857377610166893e+00 -2.047218122273915863e+00
5.793408711195876526e-01 2.974024138369431913e+00 -2.058390422679015952e+00
2.260182434945950114e-01 3.029426132886486212e+00 -1.995908442111367531e+00
2.677052488217608328e-01 3.023317476034966589e+00 -1.998131059737028759e+00
3.107700567208034892e-01 3.017011848117421735e+00 -2.000367858173139890e+00
3.547517729175815315e-01 3.010571765460870353e+00 -2.002654679592653419e+00
3.998085023205816269e-01 3.003974383077117061e+00 -2.004996066094630880e+00
4.482132978360096054e-01 2.995561533719269143e+00 -2.023456148300425195e+00
4.967451329895805623e-01 2.987342889716060768e+00 -2.039362411546749243e+00
5.447148316895402687e-01 2.979274362468839144e+00 -2.054423638223523252e+00
5.910835993789752552e-01 2.970598859770985367e+00 -2.070483812694834835e+00
-2.099768578794246054e-01 3.040940504087956686e+00 -1.843464850578608427e+00
-2.357829178620875765e-01 3.036531006471005600e+00 -1.885839348383075986e+00
-2.613078876755932645e-01 3.030076429065746257e+00 -1.928007983336395892e+00
-2.867356708485890859e-01 3.022448883717549162e+00 -1.970166100966316725e+00
-3.121997624226752199e-01 3.015179193282048864e+00 -2.012489820319495415e+00
-3.377050344755928024e-01 3.008349596152986472e+00 -2.054889452308110709e+00
-3.632020257747925474e-01 3.001519156009818001e+00 -2.097311910822804215e+00
-3.531906575017516037e-01 2.998718000738733735e+00 -2.146215597556605292e+00
-3.610367941818717341e-01 2.993860202462793385e+00 -2.192221813859985602e+00
-2.213613860088808893e-01 3.040833597196728633e+00 -1.833883668586215210e+00
-2.654873609085623976e-01 3.036540721694819922e+00 -1.856400530581352903e+00
-3.134878080280793511e-01 3.029694432414673066e+00 -1.866764991676477026e+00
-3.626802467355594306e-01 3.023137440918927776e+00 -1.868988818758400949e+00
-4.122247112034156946e-01 3.017204604081270780e+00 -1.864735263714653479e+00
-4.610425430703850580e-01 3.011912980182199995e+00 -1.855181688050768996e+00
-5.085343095300243199e-01 3.007035648349870360e+00 -1.841408532516037644e+00
-5.547038694788214430e-01 2.999106854276086587e+00 -1.824640021712268467e+00
-6.003436666656472021e-01 2.991400972239631528e+00 -1.806152196541688459e+00
-3.692694545819553142e-01 2.988766767325524931e+00 -2.240450519426345100e+00
-3.775625169902892542e-01 2.983638207768218198e+00 -2.289006224146600932e+00
-3.858609208849951844e-01 2.978294707613883041e+00 -2.337693061509587444e+00
-3.938140262429106198e-01 2.970346743845830861e+00 -2.386172462557164309e+00
-4.017142520084827639e-01 2.962391005066907557e+00 -2.434756127065032860e+00
-4.096271613945272616e-01 2.954425873856197260e+00 -2.483394003450554166e+00
-4.175483389855634275e-01 2.946455069646173985e+00 -2.532064054554963306e+00
-4.271241057029651067e-01 2.938289783565400271e+00 -2.580552342391033704e+00
-4.363987264613545802e-01 2.930156923463252738e+00 -2.629094619794364096e+00
-3.684660697970473797e-01 2.989266828425447109e+00 -2.235708033616304213e+00
-3.755759262182937208e-01 2.984873947526171634e+00 -2.277288676743245865e+00
-3.816182801029653904e-01 2.981143571067484732e+00 -2.312591086274948360e+00
-3.875719788604192750e-01 2.976620756504432475e+00 -2.347869738943742846e+00
-3.941275413532950300e-01 2.970046080225877461e+00 -2.387994530628427370e+00
-4.007954986451214840e-01 2.963340278390427240e+00 -2.428936766270131997e+00
-4.069415939121414638e-01 2.957174984267216367e+00 -2.466564322056539638e+00
-4.121073270033784874e-01 2.952000668372321890e+00 -2.498136758789822220e+00
-4.489581963785747587e-01 2.942474329894681162e+00 -2.530645886064185834e+00
-6.427794281032498391e-01 2.984889490304901027e+00 -1.779494183840517607e+00
-6.849685233569793308e-01 2.978424752788496388e+00 -1.752862236239079996e+00
-7.268381853530222481e-01 2.972026090837652568e+00 -1.726183748123724992e+00
-7.680888427309443545e-01 2.964481837532388475e+00 -1.699321768541973476e+00
-8.089698767573862970e-01 2.955506318491546214e+00 -1.672286468981848184e+00
-8.492417559784809500e-01 2.944269096447129197e+00 -1.645039626587131210e+00
-8.896773450768746816e-01 2.933349001334367490e+00 -1.617849681740458401e+00
-9.301429092138479016e-01 2.922417026376754379e+00 -1.590682953464952698e+00
-9.707457260640097729e-01 2.911440022519244941e+00 -1.563515178830227947e+00
-6.484562564468434598e-01 2.982839147373302691e+00 -1.793015542458869183e+00
-6.973033972102332667e-01 2.973201668257662522e+00 -1.792500396558874609e+00
-7.434650095762546096e-01 2.959839933032035741e+00 -1.804271992395336754e+00
-7.870855308417055163e-01 2.946370744779990503e+00 -1.823362421002929779e+00
-8.281779228973006335e-01 2.932938081611347503e+00 -1.848378831521198418e+00
-8.664337897064332550e-01 2.919796905972387613e+00 -1.877676637076455490e+00
-9.017685374108835861e-01 2.907040502021621453e+00 -1.910584074291652668e+00
-9.349706186593227386e-01 2.894251767038089174e+00 -1.945608691227852738e+00
-9.667039042813198035e-01 2.881166404141950022e+00 -1.981891314174203833e+00
-4.381318346359416305e-01 2.923228329450648921e+00 -2.678785764358818877e+00
-4.399974778255784646e-01 2.917435795773034357e+00 -2.728556573860055234e+00
-4.418103116111735118e-01 2.911660474700592971e+00 -2.778235671988472433e+00
-3.316898636034206760e-01 2.917859366505885621e+00 -2.853497355021545889e+00
-3.416485573941774878e-01 2.911357231248316246e+00 -2.900016902403314223e+00
-3.514122034551030449e-01 2.904982480891046048e+00 -2.945625008207710227e+00
-3.607644111327165670e-01 2.896325164768177807e+00 -2.990333192706218224e+00
-3.700133833057304700e-01 2.887524319142046991e+00 -3.034872513826739393e+00
-3.792756077486421074e-01 2.878710427497509272e+00 -3.079478200846126779e+00
-4.526791095093504191e-01 2.921631321088368427e+00 -2.675827084920158416e+00
-4.808401100439398945e-01 2.913372971797321576e+00 -2.716472197846063086e+00
-5.181944292846322186e-01 2.904848412813367808e+00 -2.748578712018218795e+00
-5.598963291714105228e-01 2.894253674622739414e+00 -2.773968644410420126e+00
-6.046440496746912086e-01 2.883810445124820099e+00 -2.793616544019881687e+00
-6.491301056889901000e-01 2.870543097625916751e+00 -2.809443387653884905e+00
-6.931700190817053908e-01 2.857052592076936737e+00 -2.823033863340189686e+00
-7.366492271710007866e-01 2.843895903492466015e+00 -2.835218767498623560e+00
-8.886766964689700732e-01 2.804861771279507199e+00 -2.822864445630230090e+00
-1.007173911635268704e+00 2.902353428013295211e+00 -1.530410644127154995e+00
-1.043590521681052596e+00 2.893269771093112563e+00 -1.497316053494964994e+00
-1.112438067320039137e+00 2.871256861355431678e+00 -1.433659744623168031e+00
-1.187086853946463627e+00 2.849889641292162601e+00 -1.290470158324440009e+00
-1.206027927359531571e+00 2.841718186354584397e+00 -1.297886479711936714e+00
-1.224392445821449016e+00 2.833788971781511901e+00 -1.305166935740223577e+00
-1.242813062656553447e+00 2.825835766874220223e+00 -1.312466431967857838e+00
-1.261731383653230454e+00 2.817667881119054307e+00 -1.319960304833769804e+00
-1.281468013390159033e+00 2.809146864223423190e+00 -1.327775979710760890e+00
-1.014583134477557103e+00 2.898828912713120154e+00 -1.542888368080260530e+00
-1.061618271288926829e+00 2.884113390213274730e+00 -1.534331040076088559e+00
-1.108167513853680397e+00 2.866746407577653866e+00 -1.538271741972616402e+00
-1.153440176175357212e+00 2.847857491124779816e+00 -1.547217879285728293e+00
-1.195672186916592938e+00 2.829588274043349116e+00 -1.566439166201024413e+00
-1.233588929338487405e+00 2.809527047551039214e+00 -1.590995430432640578e+00
-1.269208594211836738e+00 2.790170150877721689e+00 -1.618863089259695354e+00
-1.304544795866425799e+00 2.770758578512891201e+00 -1.648710011901485695e+00
-1.338931462414313600e+00 2.751672094090932941e+00 -1.679827394588305989e+00
-9.902968777572564996e-01 2.867702857335931554e+00 -2.023777791751270261e+00
-1.013843287895016765e+00 2.854600062076540379e+00 -2.065745826433560861e+00
-1.037262058232141015e+00 2.841546065812984967e+00 -2.107738430577713373e+00
-1.060888427606718754e+00 2.828393591632684778e+00 -2.149907770356539682e+00
-1.084510477677481211e+00 2.815245872267946314e+00 -2.192042748281385123e+00
-1.108128084374916611e+00 2.802103752929737457e+00 -2.234134341455694006e+00
-1.131635329002238732e+00 2.788779233754641318e+00 -2.276141233779767070e+00
-1.154249712886697976e+00 2.773399590921146629e+00 -2.317957155389715584e+00
-1.176869609540116546e+00 2.758174795380551991e+00 -2.359831120421226114e+00
-1.001004831727060340e+00 2.864292939151663830e+00 -2.013960905473665797e+00
-1.041803938984669831e+00 2.846075225641738093e+00 -2.035812320447717649e+00
-1.086569344959209316e+00 2.827319462925052207e+00 -2.045805918901624665e+00
-1.280568972227631663e+00 2.745460887160089847e+00 -2.069551218983974650e+00
-1.282366092764477328e+00 2.746067263481655196e+00 -2.058350817759477369e+00
-1.285159195863197379e+00 2.746867225871976181e+00 -2.042041810150367454e+00
-1.288683831711495476e+00 2.747886043286765556e+00 -2.021389335853096547e+00
-1.292600379739549554e+00 2.749022419450390498e+00 -1.998407503924433337e+00
-1.296491457885167620e+00 2.749473729122707155e+00 -1.973331043778336458e+00
-3.787034402521404219e-01 2.870366406554671901e+00 -3.128692685675031004e+00
-3.782327713887056464e-01 2.862010173800821455e+00 -3.177902651048650551e+00
-3.778595543074748653e-01 2.853642530570469571e+00 -3.227106438682973977e+00
-3.774812144631770061e-01 2.846064906002085948e+00 -3.276759318099658813e+00
-3.771321631319883849e-01 2.838796159855612178e+00 -3.326395698862233630e+00
-3.767735083402634078e-01 2.831536221975492040e+00 -3.375980100247661486e+00
-3.763400555078516008e-01 2.823957561932652460e+00 -3.425495377624501625e+00
-3.758236610297251423e-01 2.815827200039227929e+00 -3.474806344842943595e+00
-3.750821715797835187e-01 2.807004112243784988e+00 -3.523743881857933857e+00
-3.641211631678999971e-01 2.872598801716570005e+00 -3.126547605369860428e+00
-3.371186685049523679e-01 2.868945765698701411e+00 -3.168104208197859428e+00
-3.002604894849699169e-01 2.867877857712287426e+00 -3.201917875319232998e+00
-2.588519234891978882e-01 2.868377462286354707e+00 -3.229970148253594964e+00
-2.142401387537407886e-01 2.870234035690890639e+00 -3.252484376201379312e+00
-1.675711485600171191e-01 2.871013646171206357e+00 -3.270175145631126767e+00
-1.198033335184853498e-01 2.869154416048995238e+00 -3.282930985557087400e+00
-7.192418195655958524e-02 2.867340835136834798e+00 -3.292908986334490251e+00
-2.432371755633068802e-02 2.865833380342170056e+00 -3.301134619938359549e+00
-8.914791020702601543e-01 2.802478101008532896e+00 -2.835946571115484094e+00
-8.960054287051473221e-01 2.798226769686280591e+00 -2.860306221555753758e+00
-9.013715269063460322e-01 2.791089889543993952e+00 -2.892873267119624003e+00
-9.079538220583496244e-01 2.782385479932683037e+00 -2.931233328588835008e+00
-9.151862001206306774e-01 2.772821580046006762e+00 -2.973380850261774011e+00
-9.228204601590772604e-01 2.762723397139402959e+00 -3.017887515311953983e+00
-9.435851866971656232e-01 2.748275078792088877e+00 -3.060568051319707106e+00
-9.618249204554595311e-01 2.734500275258676005e+00 -3.104581190546859659e+00
-1.100859872726844602e+00 2.674874130091773772e+00 -3.162506552146369998e+00
-8.933325576713334604e-01 2.800722485681825358e+00 -2.846040280632412767e+00
-8.975482472084109764e-01 2.796168890708347288e+00 -2.870452986172302268e+00
-9.026307909607927948e-01 2.789430384085976655e+00 -2.900177391339156863e+00
-9.086606246110919827e-01 2.781454110048258599e+00 -2.935332515789427887e+00
-9.151168324036624835e-01 2.772909885121165097e+00 -2.972997221297367432e+00
-9.215288793293536784e-01 2.764418201635444827e+00 -3.010439828062626333e+00
-1.117503260760752237e+00 2.687287323440737730e+00 -3.050495686305455312e+00
-1.117294804481407722e+00 2.686722270970193893e+00 -3.055069845229041459e+00
-1.118695545245699252e+00 2.687608966551959799e+00 -3.044992930985244151e+00
-1.296369645469708010e+00 2.802713449128368506e+00 -1.333674809991808097e+00
-1.320061491380482677e+00 2.792461668981466527e+00 -1.343058525870600262e+00
-1.348898731251692018e+00 2.775940784410759310e+00 -1.355042291411783451e+00
-1.382349955726266622e+00 2.756815199269958327e+00 -1.368735900903512048e+00
-1.418715280408599400e+00 2.736023222708728664e+00 -1.383626739528506899e+00
-1.456886215584778599e+00 2.714198648309219752e+00 -1.399260719314673773e+00
-1.502199350050599902e+00 2.689257581425442911e+00 -1.402255261666776720e+00
-1.546669539462841803e+00 2.664614414573818202e+00 -1.407866803803687006e+00
-1.590325958615642854e+00 2.640310807331831988e+00 -1.415168372738155211e+00
-1.307667174716943048e+00 2.797835745228502979e+00 -1.338150716780857064e+00
-1.333570639604388264e+00 2.784706591225845518e+00 -1.348734740575050939e+00
-1.360171016496899199e+00 2.769494823820245255e+00 -1.359674147167614588e+00
-1.391229952306133555e+00 2.751736816434118271e+00 -1.372391705390827443e+00
-1.425419179052784147e+00 2.732189045531581595e+00 -1.386391227242117274e+00
-1.461540009741515878e+00 2.711536579382843204e+00 -1.401186452388222037e+00
-1.506766022712423991e+00 2.687078399085847558e+00 -1.397175492285343879e+00
-1.550930394232805654e+00 2.663527212874551520e+00 -1.387901702788296054e+00
-1.591676310362062363e+00 2.642688200661707398e+00 -1.367056110113258560e+00
-1.376973908384562684e+00 2.731806687243604426e+00 -1.705841083575899253e+00
-1.414942326043258536e+00 2.712018184257625197e+00 -1.731808104892134104e+00
-1.451957847865299911e+00 2.690742387215586895e+00 -1.757566757646385591e+00
-1.488343545390644840e+00 2.668170772537293622e+00 -1.783208498663759300e+00
-1.524211641694959152e+00 2.645014881774593984e+00 -1.808865407980926765e+00
-1.559679627687548864e+00 2.621024705621497031e+00 -1.834472179714218720e+00
-1.595178204274220191e+00 2.597013859523865431e+00 -1.860100788269226868e+00
-1.631567755534940822e+00 2.572595220905772084e+00 -1.884089046010136270e+00
-1.670159528549305161e+00 2.545590559518893237e+00 -1.900466002877922778e+00
-1.367994180304910934e+00 2.735164914546533321e+00 -1.717259819516298247e+00
-1.387664649994045263e+00 2.722589944599642209e+00 -1.761573009550507107e+00
-1.396329649137605156e+00 2.714764964166826555e+00 -1.810071012101331256e+00
-1.315298263529781408e+00 2.750089405622503147e+00 -1.847803399912365530e+00
-1.205018684228765347e+00 2.740824154117456057e+00 -2.397265706503812321e+00
-1.233252602235646700e+00 2.723426593766533621e+00 -2.434763672692945136e+00
-1.261468430933133433e+00 2.706038481530658846e+00 -2.472253233817731655e+00
-1.289670491325599411e+00 2.688658615575969968e+00 -2.509726694702632876e+00
-1.317367435210981208e+00 2.670415262330362527e+00 -2.547041643188758808e+00
-1.344079007967725836e+00 2.650362656485417912e+00 -2.584170227584488888e+00
-1.370921766841078693e+00 2.630759973952528252e+00 -2.621379193050841661e+00
-1.397692336656332746e+00 2.611194190569975593e+00 -2.658608634038069241e+00
-1.424628076552326039e+00 2.591531670953976185e+00 -2.695885032182746777e+00
-1.193356772124241072e+00 2.745455902693130223e+00 -2.405267920287478933e+00
-1.198781642701822525e+00 2.736285805325121334e+00 -2.454052974323694514e+00
-1.192570827539153333e+00 2.731731631363819357e+00 -2.503339276519497059e+00
-1.178763446840168427e+00 2.730492112768955870e+00 -2.551180952996510598e+00
-1.159704665695336923e+00 2.732077121524974395e+00 -2.597213092040142168e+00
-1.136129809181245509e+00 2.736269211854076122e+00 -2.640813743504107691e+00
-1.108792571553886663e+00 2.742268194448763019e+00 -2.682268518430993787e+00
-1.080277288584260642e+00 2.748696431142559238e+00 -2.722584582765563255e+00
-1.058402185026843689e+00 2.750362779523688239e+00 -2.767312357929520683e+00
-1.300045871104875905e+00 2.749600475310054026e+00 -1.949468838576335683e+00
-1.297980475785513121e+00 2.749528835396785720e+00 -1.963307970868133356e+00
-1.299771245964020050e+00 2.749589161811537785e+00 -1.951332709025795697e+00
-2.501126868634915845e-01 2.812870629014270651e+00 -3.576038693503717170e+00
-2.505902568518204032e-01 2.805012530759310341e+00 -3.621603019403382806e+00
-2.508988298098758229e-01 2.796232641330484991e+00 -3.664322724757687499e+00
-2.511656175445622363e-01 2.787721069266131391e+00 -3.705750776742986030e+00
-2.514338797556915917e-01 2.779264924603509712e+00 -3.746907671207310386e+00
-2.250213542755737095e-01 2.772956315420388673e+00 -3.789028864052568224e+00
-1.990197149808611288e-01 2.766567193777792255e+00 -3.831366748643880271e+00
-1.733041958959936901e-01 2.760124306082389900e+00 -3.873844306933459603e+00
-1.478163926278248663e-01 2.753876570910374522e+00 -3.916482326639707967e+00
-2.501152265597389457e-01 2.812819218664605270e+00 -3.576346646962145215e+00
-2.506102011632813653e-01 2.804275937514729033e+00 -3.625189560328229810e+00
-2.509695971191175934e-01 2.794280681573674041e+00 -3.673819312666915415e+00
-2.512895573045924036e-01 2.784261207450650311e+00 -3.722584184443445743e+00
-2.516144247118300981e-01 2.774235100978312829e+00 -3.771379321633603787e+00
-2.573889766968468495e-01 2.763778332181892061e+00 -3.819938535507449995e+00
-2.705010766860261873e-01 2.752980968938509854e+00 -3.867012356367291570e+00
-2.920477671043985035e-01 2.742227644860808056e+00 -3.910951943992451607e+00
-3.187669655187139184e-01 2.731819669551428298e+00 -3.952015923332669267e+00
2.426020897953759178e-02 2.863552980502488854e+00 -3.314762768081231492e+00
7.270403347397186300e-02 2.861386909132178413e+00 -3.328322490414211021e+00
1.209717436254773848e-01 2.859227957039645052e+00 -3.341837822512969236e+00
1.689785893044710441e-01 2.856983556686422343e+00 -3.355267515871281248e+00
2.168215838536228235e-01 2.851078744605592519e+00 -3.368082388200145605e+00
2.644171609726024275e-01 2.843635320693295387e+00 -3.380703934719968107e+00
3.118674813746974972e-01 2.835686278995606546e+00 -3.393301019152556997e+00
3.603570554301431805e-01 2.827586682565311094e+00 -3.406024025764081475e+00
4.085615175367742213e-01 2.819529131839372482e+00 -3.418707759557006565e+00
2.614083427923898431e-02 2.865965132011324634e+00 -3.299938865668771371e+00
7.423991339779635601e-02 2.868409931951406477e+00 -3.285504725276765292e+00
1.169947056644403821e-01 2.872833268506260751e+00 -3.259775715231177706e+00
1.551695486632809484e-01 2.877566782192379158e+00 -3.228146055796347280e+00
1.886855358086875212e-01 2.880456000859024535e+00 -3.191370670416492583e+00
2.184130706908238018e-01 2.884014968932724354e+00 -3.151482611813900547e+00
2.445619775597196732e-01 2.888150073751321489e+00 -3.109066653150016624e+00
2.682033515647095356e-01 2.892641368535089352e+00 -3.065226030987016070e+00
2.900973648260913307e-01 2.897365444906909282e+00 -3.020505203600979183e+00
-1.095308726147278255e+00 2.670407353230573211e+00 -3.199098131341557405e+00
-1.114439503370449280e+00 2.654482412190681817e+00 -3.243138250041373905e+00
-1.131073388127441293e+00 2.639376095295357771e+00 -3.288274771185409229e+00
-1.146425212385500547e+00 2.624712128571125458e+00 -3.333854639937331221e+00
-1.161057969250894883e+00 2.610497791619655672e+00 -3.379696514606567614e+00
-1.175063829700538465e+00 2.596500595295345715e+00 -3.425591785141735457e+00
-1.188042395234705451e+00 2.581048674140613119e+00 -3.471265481015351817e+00
-1.319131553198751305e+00 2.508758986463349050e+00 -3.513436693724448112e+00
-1.317268340799031101e+00 2.501601852574036222e+00 -3.558685119591182389e+00
-1.094073423206564089e+00 2.669438303407985380e+00 -3.207105367045728794e+00
-1.103677670721547210e+00 2.656705382953826966e+00 -3.254955535958080404e+00
-1.104300276545054249e+00 2.647367569502959483e+00 -3.304302659291708633e+00
-1.094418991727474255e+00 2.642427416715977806e+00 -3.353079950886515448e+00
-1.073763849285563454e+00 2.642754526599970344e+00 -3.398700940588483821e+00
-1.045124543621408053e+00 2.647215876922650146e+00 -3.439561384953151890e+00
-1.012494465010991718e+00 2.653919172370444723e+00 -3.476950518338562279e+00
-9.752926933081395022e-01 2.660872368854747538e+00 -3.509471154465989340e+00
-9.358491242587437808e-01 2.669000311778467971e+00 -3.539085910143375813e+00
-1.123186181037426179e+00 2.690514998793020585e+00 -3.012237453596179559e+00
-1.128589370493461530e+00 2.693954221559085038e+00 -2.973232788921997827e+00
-1.157043255224816436e+00 2.688861381288729646e+00 -2.932555003383439551e+00
-1.182655037805501186e+00 2.684699348454879786e+00 -2.889914615663179198e+00
-1.206443114761134083e+00 2.680521276832106281e+00 -2.846223282245018193e+00
-1.239704087185278025e+00 2.669425027814754880e+00 -2.810687989450061153e+00
-1.279817398060669964e+00 2.653192580112980981e+00 -2.785936769640211086e+00
-1.321800724014747797e+00 2.635216849587997068e+00 -2.766287909320700233e+00
-1.121588197455358538e+00 2.689492575141694708e+00 -3.023810493450823866e+00
-1.123697556700678168e+00 2.690808494008412488e+00 -3.008773119668459728e+00
-1.126408161422963516e+00 2.692524085480693330e+00 -2.989274995567600790e+00
-1.128491045489301792e+00 2.693825633347409543e+00 -2.974411129561937095e+00
-1.173820742296167507e+00 2.675994017567915328e+00 -2.965559985272421262e+00
-1.218508468982002935e+00 2.654614619493863348e+00 -2.968527643468231059e+00
-1.262549235604494502e+00 2.632751658233586589e+00 -2.976127485014205210e+00
-1.370267527324676715e+00 2.574926474603446813e+00 -3.002452529787512425e+00
-1.369033475747005291e+00 2.574806053762753066e+00 -3.007403313403243406e+00
-1.707435678665989220e+00 2.517777968401641253e+00 -1.918260515577123071e+00
-1.744997309509094263e+00 2.489768677906512906e+00 -1.936058582273283424e+00
-1.782504637283420124e+00 2.461796072364194288e+00 -1.953861919286714377e+00
-1.819941156936981441e+00 2.433871353500852042e+00 -1.971671708591443917e+00
-1.856430147806751307e+00 2.404819750852286830e+00 -1.989364618233432580e+00
-1.891238160523997847e+00 2.373717315752446932e+00 -2.006783828162489236e+00
-1.925584999799279995e+00 2.342124702172045936e+00 -2.024145456388084963e+00
-1.959947604509092223e+00 2.310706376995343536e+00 -2.041627893172201613e+00
-1.994927452565817383e+00 2.278878511614857771e+00 -2.059120510709425478e+00
-1.710922304026935237e+00 2.517159780583401840e+00 -1.903780121322354857e+00
-1.780600095119257098e+00 2.486866866808447263e+00 -1.732857114865177017e+00
-1.813049362062794323e+00 2.461335471441133738e+00 -1.739301041262517167e+00
-1.841331190075921054e+00 2.439086952646280171e+00 -1.744875357090913681e+00
-1.872239242308014529e+00 2.419044954274645498e+00 -1.710877072576160396e+00
-1.900483749829555036e+00 2.401511611003716684e+00 -1.673404652161105233e+00
-1.926525269911919525e+00 2.385920784779320236e+00 -1.633599788070381198e+00
-1.869900270584647028e+00 2.435533532369678511e+00 -1.576546384190353756e+00
-1.877002615072107972e+00 2.434633556027261836e+00 -1.535052018642763638e+00
-1.456441634571385091e+00 2.569893365453129075e+00 -2.727834536224011952e+00
-1.487938066341448096e+00 2.548086072388941581e+00 -2.759672510725139638e+00
-1.517825460732707965e+00 2.523783162671821678e+00 -2.791131240550697168e+00
-1.547500433095715389e+00 2.499610679049157014e+00 -2.822614016588838926e+00
-1.577928628241664688e+00 2.475181493156059176e+00 -2.854247388065779933e+00
-1.608444504435360356e+00 2.451050163204958388e+00 -2.885918811264107209e+00
-1.643946876199429585e+00 2.424965703887866919e+00 -2.909722995790872346e+00
-1.681769075704190541e+00 2.396414130243194496e+00 -2.925275957933121340e+00
-1.720668013885767733e+00 2.366622255809581965e+00 -2.934797132447534374e+00
-1.446082719386778015e+00 2.574285444375225218e+00 -2.737652483624767985e+00
-1.457607285840472278e+00 2.561792891106391412e+00 -2.784690513624851427e+00
-1.457881566123801376e+00 2.554407361661333198e+00 -2.834098591926817345e+00
-1.450269553313946469e+00 2.550843189033471514e+00 -2.883332531447305502e+00
-1.436952376691336131e+00 2.549927914169714427e+00 -2.931477611922780113e+00
-1.055215401726139257e+00 2.744213355531655463e+00 -2.816724839027908267e+00
-1.052151295313204837e+00 2.738099544682756736e+00 -2.866246429769812032e+00
-1.049257128372692582e+00 2.732216426782086760e+00 -2.915825293501196569e+00
-1.292364345759092481e-01 2.745882835885603779e+00 -3.962155014901717731e+00
-1.106410052214231027e-01 2.736395795050053703e+00 -4.007530291495674746e+00
-9.174454792633436606e-02 2.726915348197400224e+00 -4.052923820193538695e+00
-7.285127620017592398e-02 2.717434806135786474e+00 -4.098317269462940615e+00
-5.395971728949013752e-02 2.707955268593240206e+00 -4.143705954868927677e+00
-3.508908547849105136e-02 2.698958257021642382e+00 -4.189244766919355101e+00
-1.626428227879598773e-02 2.690002156423377588e+00 -4.234772106040057160e+00
2.402157199023262964e-03 2.679457590132205524e+00 -4.279851977257155049e+00
2.047313410316478274e-02 2.668194070247936533e+00 -4.324786232000058739e+00
-1.163886727992192449e-01 2.747972585463395401e+00 -3.954847168481759212e+00
-7.629825352434392582e-02 2.742834429805542484e+00 -3.984183085926198409e+00
-3.020145061694296668e-02 2.740052274872814664e+00 -4.002942793592316306e+00
1.847957305439120249e-02 2.737143255966983713e+00 -4.013473056469757161e+00
6.819768214922161675e-02 2.735413143524082713e+00 -4.017768775708715268e+00
1.181341231255449431e-01 2.734745260075527096e+00 -4.016514825176423997e+00
1.675902860236204717e-01 2.732707701843997583e+00 -4.010363980624569891e+00
2.166518875461672933e-01 2.731015843903170204e+00 -4.001412528928499412e+00
2.653151071473030531e-01 2.729809197138537868e+00 -3.990446180892670114e+00
-3.552061367592790342e-01 2.721104717762775849e+00 -3.984423507850098467e+00
-3.914388590718548278e-01 2.708673824179498979e+00 -4.016460363309034776e+00
-4.278390709753720489e-01 2.696216893680327242e+00 -4.048506477591613972e+00
-4.641853758710887679e-01 2.683765865716403631e+00 -4.080560557107478559e+00
-5.004686346817273090e-01 2.671322521135678141e+00 -4.112620505608471255e+00
-5.364639346519541885e-01 2.657757605101981557e+00 -4.144428891480265165e+00
-5.719250014431302986e-01 2.641868575178599965e+00 -4.175782249219389897e+00
-6.073208628488309113e-01 2.626110345162672388e+00 -4.207200532294044670e+00
-6.426221955670122776e-01 2.610369427014084032e+00 -4.238648858336190983e+00
-3.436313853550592712e-01 2.720626210984152582e+00 -3.993846747635857231e+00
-3.568557843067947100e-01 2.708208944081207381e+00 -4.040352827926482426e+00
-3.576129150893816999e-01 2.697090545629436509e+00 -4.088993657445642249e+00
-3.502592589256623423e-01 2.687189926429171205e+00 -4.137376417527578454e+00
-3.366356755928350264e-01 2.678825532865721115e+00 -4.184781007417268661e+00
-3.179853804580385912e-01 2.671700873059130732e+00 -4.230674341455338272e+00
-2.953931533417650801e-01 2.664686939808497357e+00 -4.274549575802380375e+00
-2.702700752676859275e-01 2.656675954736450240e+00 -4.316865818497657159e+00
-2.591654060488662314e-01 2.646139222616701758e+00 -4.364306317752750353e+00
4.579517638555163916e-01 2.812471671941599638e+00 -3.424070388086859040e+00
5.064658690466998792e-01 2.802503908332521831e+00 -3.428795375349134922e+00
5.550192195415090124e-01 2.792310424802471491e+00 -3.433498187732736184e+00
6.035445455302042017e-01 2.781962544907822910e+00 -3.438217038517207502e+00
6.515761554288724833e-01 2.769399390157025742e+00 -3.442624849519104746e+00
6.996720282529159674e-01 2.756817143455978947e+00 -3.447052830298870330e+00
7.478059492698911903e-01 2.744223178700378796e+00 -3.451495342499629526e+00
7.951469289922868944e-01 2.729747671637843265e+00 -3.455469233888332603e+00
8.423375524807743542e-01 2.714248205778997836e+00 -3.459218202652159846e+00
4.536385670684862093e-01 2.810788195913084486e+00 -3.438197238058148031e+00
4.911053758524057677e-01 2.797812520815658122e+00 -3.468260187068071598e+00
5.188814914972174064e-01 2.785022687855251533e+00 -3.506948084315164582e+00
5.410850853341789835e-01 2.772466584585651539e+00 -3.549939363915870505e+00
5.573586503981223794e-01 2.760495929082869004e+00 -3.595809731493788686e+00
5.688819588448552622e-01 2.749955512007332015e+00 -3.643416266386207081e+00
5.759900453316953994e-01 2.740088163718911840e+00 -3.691990032483943196e+00
5.797746350574136676e-01 2.704722249349480911e+00 -3.870578744565920104e+00
5.978773058285562492e-01 2.700334778927389490e+00 -3.869720579080805134e+00
3.031240557906522692e-01 2.903681141042664393e+00 -2.972584256608905129e+00
3.161331611273441311e-01 2.910276200903229693e+00 -2.924707567308877820e+00
3.287296708945967039e-01 2.914938714578617862e+00 -2.876675703092358649e+00
3.412837880913225375e-01 2.919098300285511094e+00 -2.828612971358664741e+00
3.538033136189063788e-01 2.923273916998005983e+00 -2.780454951243265693e+00
3.662886608094801932e-01 2.927452799410835915e+00 -2.732306930432479852e+00
3.787359362917018801e-01 2.931635277064451817e+00 -2.684170399734967738e+00
3.914550922354910201e-01 2.936594386306204285e+00 -2.636019473245027278e+00
4.041508195715797225e-01 2.941587520479826967e+00 -2.587921866835710460e+00
3.167374797849018542e-01 2.901920393697512868e+00 -2.978342325493869236e+00
3.528707718231346435e-01 2.903653198766751764e+00 -2.943985332814472500e+00
3.961089738521952897e-01 2.900982116643401998e+00 -2.919239887621998264e+00
4.424597615385205684e-01 2.896488114128123126e+00 -2.901659063455085619e+00
4.903250956970806596e-01 2.889669222820497652e+00 -2.890021537450138567e+00
5.395058598612563205e-01 2.881821441644612847e+00 -2.883642107734627924e+00
5.888249869350012933e-01 2.873280571355655511e+00 -2.881692584066204876e+00
6.377616898248040789e-01 2.863847186342158846e+00 -2.882498021877132111e+00
6.861145986949465092e-01 2.851915086170982327e+00 -2.885018412884573724e+00
-1.314696839109877002e+00 2.493418111830051132e+00 -3.605667270810656522e+00
-1.311628470600134877e+00 2.484247279456288204e+00 -3.653356512849582405e+00
-1.308518003735897217e+00 2.474978089391805636e+00 -3.701579231447555518e+00
-1.231263428884979971e+00 2.506706504520451517e+00 -3.739023542644922316e+00
-1.221877346445794155e+00 2.501535597616572293e+00 -3.787215656477927350e+00
-1.212378780841214976e+00 2.496319874433571062e+00 -3.835899095999253827e+00
-1.202607128515923662e+00 2.490583441517220997e+00 -3.884580170145389921e+00
-1.192329380214479428e+00 2.483799468686002765e+00 -3.932999722535100329e+00
-1.182074269209385742e+00 2.477015317547282880e+00 -3.981374284243459627e+00
-1.315104881014962146e+00 2.494633464830475322e+00 -3.599343937084905409e+00
-1.312758831019371630e+00 2.487580097012465963e+00 -3.635988964370955312e+00
-1.310757597561858390e+00 2.481586257587796496e+00 -3.667147517522932887e+00
-1.308322542965107305e+00 2.474339782807467802e+00 -3.704855138137749027e+00
-1.331880625975992549e+00 2.452769468831268007e+00 -3.743327087913881357e+00
-1.355096708727108412e+00 2.431319132866706312e+00 -3.782090241551212539e+00
-1.378173361291173071e+00 2.409919877526876419e+00 -3.820962584852293009e+00
-1.401336339987387714e+00 2.388864643440340441e+00 -3.859974516729800964e+00
-1.423622319355446031e+00 2.366578542045798095e+00 -3.898683101989728339e+00
-8.989847206908266886e-01 2.675491221713385492e+00 -3.572241613680184447e+00
-8.621128840625928991e-01 2.681986446643776389e+00 -3.605389108349363880e+00
-8.252383788111642415e-01 2.688484325407016318e+00 -3.638528182890150120e+00
-7.880742602326251678e-01 2.693542943973128878e+00 -3.671403087488314565e+00
-7.506907382387429939e-01 2.696674103744239215e+00 -3.703950584978376259e+00
-7.137352412547890435e-01 2.699703420170161294e+00 -3.736485908760708963e+00
-6.760016827675995321e-01 2.702895991758528460e+00 -3.769162852814202935e+00
-6.382902734923423527e-01 2.706085108730041711e+00 -3.801829249788274634e+00
-5.983129172147827468e-01 2.709115736330807156e+00 -3.831417031115452954e+00
-8.919445079658121500e-01 2.680468686336842765e+00 -3.560054551981500115e+00
-8.450375152883073948e-01 2.695291595874790058e+00 -3.569221580879453182e+00
-7.974077633738564375e-01 2.710049337848864148e+00 -3.565602944963700782e+00
-7.515698294818831116e-01 2.725227845030163021e+00 -3.553760700000864858e+00
-7.078418330355517041e-01 2.739482804456448317e+00 -3.535493648197828520e+00
-6.543192855085375736e-01 2.779592405171037228e+00 -3.394271401620279516e+00
-6.215163348090134710e-01 2.785324084325811800e+00 -3.398753887435753906e+00
-5.987565376939086859e-01 2.789299773327176712e+00 -3.401870436691626143e+00
-5.893801522167447793e-01 2.790937863064175684e+00 -3.403153128002705419e+00
-1.368239940637039131e+00 2.574728629189074081e+00 -3.010586761118021482e+00
-1.365635961055806646e+00 2.574473615006252381e+00 -3.021039550717869560e+00
-1.360126188392075219e+00 2.573934072080523716e+00 -3.043156371214826628e+00
-1.352320215423350458e+00 2.573169660644204715e+00 -3.074490478855306907e+00
-1.342819228131595821e+00 2.572141267588633262e+00 -3.112110655921421998e+00
-1.331731453698562939e+00 2.569813579653500213e+00 -3.153729794529976260e+00
-1.319967864274000480e+00 2.567326136474687992e+00 -3.197977024213180197e+00
-1.307774748231036233e+00 2.564749976018891431e+00 -3.243829096688269686e+00
-1.321922404117525263e+00 2.548510251877240229e+00 -3.288868706079002724e+00
-1.365558308687715439e+00 2.574466137686755474e+00 -3.021350407524107773e+00
-1.361012588456956607e+00 2.574020940564483162e+00 -3.039597810922553656e+00
-1.357075032187497587e+00 2.573635207353354382e+00 -3.055404583376564620e+00
-1.351913627698820619e+00 2.573129630495772702e+00 -3.076124005318935151e+00
-1.346270786713741563e+00 2.572576902873114246e+00 -3.098776006876566402e+00
-1.342355364411079499e+00 2.572059676988875943e+00 -3.113771147160237618e+00
-1.337780977296147311e+00 2.571100378531991915e+00 -3.130936406087644563e+00
-1.332293147128087440e+00 2.569944878035772096e+00 -3.151553056603488390e+00
-1.327536909678515231e+00 2.568944781648072606e+00 -3.169414303906763042e+00
-2.026971569858849076e+00 2.248774289202413179e+00 -2.083375057648930273e+00
-2.058388910617527490e+00 2.218441143327245957e+00 -2.107471105610199125e+00
-2.088203161419763365e+00 2.186378218692615505e+00 -2.131363126457249457e+00
-2.118050310032623340e+00 2.154282168285789556e+00 -2.155267358597850791e+00
-2.194345579929977141e+00 2.070255670191420982e+00 -2.192646937238401872e+00
-2.191562962758282218e+00 2.071394686195809243e+00 -2.206679920356182212e+00
-2.188795705899770905e+00 2.072528790045472302e+00 -2.220624537782461161e+00
-2.185952494513446087e+00 2.073693705695824452e+00 -2.234954411162540566e+00
-2.182961657472875405e+00 2.074918838735212212e+00 -2.250030443206644026e+00
-2.031732500535898378e+00 2.246320649815379156e+00 -2.069441904078133998e+00
-2.069762330037811182e+00 2.214182565736641628e+00 -2.066512949416992484e+00
-2.104436746789287493e+00 2.182131148705734880e+00 -2.050957158207496356e+00
-2.136568806275490395e+00 2.151558899158073412e+00 -2.028262967776468972e+00
-2.166992362478396661e+00 2.123977921901623045e+00 -1.999963617149880024e+00
-2.195751299583827976e+00 2.098754244143028469e+00 -1.967575477665953310e+00
-2.222567905944806466e+00 2.076061529290052832e+00 -1.931875924995871463e+00
-2.247927804971918242e+00 2.055176965263550315e+00 -1.894291140041793886e+00
-2.268481123836706193e+00 2.036760440099850467e+00 -1.852804206191455361e+00
-1.881836053393713293e+00 2.434011535088345557e+00 -1.506900677454282134e+00
-1.887992445465047187e+00 2.433223123449709036e+00 -1.471008774821546794e+00
-1.894789870416105471e+00 2.432034177627272253e+00 -1.429986890514764131e+00
-1.901269738035301415e+00 2.429628113374720844e+00 -1.385631410635735694e+00
-1.908077556684794063e+00 2.427085622603836867e+00 -1.339263697333252789e+00
-1.915063097471000120e+00 2.424477548255282056e+00 -1.291672991605393062e+00
-1.930429591659669653e+00 2.415093100063551379e+00 -1.244886772401151198e+00
-1.944319432684149973e+00 2.406935093072760434e+00 -1.197442844347593738e+00
-1.957244308425313939e+00 2.399619263468651731e+00 -1.149627235968237793e+00
-1.883666960045691896e+00 2.433778637560549463e+00 -1.496212050654798231e+00
-1.890859015553883138e+00 2.432857457347088914e+00 -1.454283463593274206e+00
-1.897505172284542185e+00 2.431031807341005546e+00 -1.411307311023415556e+00
-1.903909512972892015e+00 2.428647822820638957e+00 -1.367563508943777872e+00
-1.910498136790115931e+00 2.426187733384308931e+00 -1.322680156791316453e+00
-1.917289267298221800e+00 2.423651931568850504e+00 -1.276418858617896834e+00
-1.934884407974490683e+00 2.412404134625112828e+00 -1.230821125598093646e+00
-1.951587012570033197e+00 2.401903053486628803e+00 -1.184739875981345225e+00
-1.969611790441931687e+00 2.390379226141288616e+00 -1.139428702774540225e+00
-1.760720116753381248e+00 2.337100233346896871e+00 -2.932743789021257097e+00
-1.800143110543103164e+00 2.306580218892389844e+00 -2.930510342758166242e+00
-1.839577637858055725e+00 2.276046986730298816e+00 -2.928302366083558095e+00
-1.878923042111023012e+00 2.245507244604538322e+00 -2.926007501103802699e+00
-1.916606730640653344e+00 2.213009486026090045e+00 -2.923356206780285849e+00
-1.954327773179604044e+00 2.180477733724525802e+00 -2.920710822596199296e+00
-1.991127171498712656e+00 2.146933159215019593e+00 -2.917893425015850362e+00
-2.021923961700324845e+00 2.117873180315504200e+00 -2.915912502233072079e+00
-2.058263112236946579e+00 2.083679522405517570e+00 -2.913034847506839053e+00
-1.758328955828466933e+00 2.336556889717655849e+00 -2.947464054770933206e+00
-1.790297811160465047e+00 2.307429616124165417e+00 -2.972319166568519133e+00
-1.815491931676539883e+00 2.281985746619555666e+00 -3.007068362314778920e+00
-1.835113058934558117e+00 2.258795731119118244e+00 -3.046556367177466917e+00
-1.849283904367052145e+00 2.237742343364712116e+00 -3.089480133335253953e+00
-1.860023600207749928e+00 2.219721754178326290e+00 -3.134706169494882566e+00
-1.867312425899959827e+00 2.204403985669422195e+00 -3.181605274406378747e+00
-1.876607048272907363e+00 2.167963589951763304e+00 -3.320882019524586504e+00
-1.877553146921201233e+00 2.167246276827572427e+00 -3.320678761385812194e+00
3.129401042295289898e-02 2.656526117931503173e+00 -4.371971186182931568e+00
4.182024323605605665e-02 2.645056092767744005e+00 -4.419413436023238440e+00
5.401242223047348495e-02 2.633975011663257426e+00 -4.466920935814503224e+00
6.051943582374049585e-02 2.591983810928990106e+00 -4.647156901309531740e+00
7.212449875468064653e-02 2.591067660264164463e+00 -4.647386066999698251e+00
8.321239216467599120e-02 2.590200530415819546e+00 -4.647571977964433110e+00
9.426309329865698028e-02 2.589336176988862093e+00 -4.647757798478878932e+00
1.056409439413856649e-01 2.588446117158035076e+00 -4.647949594877287538e+00
1.176293309608837240e-01 2.587508197582161884e+00 -4.648152082587696299e+00
4.505675311132262273e-02 2.657589709795027844e+00 -4.366480114410581592e+00
8.129714965434417517e-02 2.648638698380690215e+00 -4.400423738222146497e+00
1.248593358890934119e-01 2.642170508722341271e+00 -4.424940472817348258e+00
1.717542771816137626e-01 2.637365474361017093e+00 -4.441975173529433718e+00
2.200982073014428053e-01 2.631263920543605916e+00 -4.452366057702559665e+00
2.688848232278328587e-01 2.623638569554690214e+00 -4.458806179015881277e+00
3.179514597318862101e-01 2.615924176980518823e+00 -4.463068148605954022e+00
5.128453954322683694e-01 2.583426072164074050e+00 -4.476910292401860225e+00
5.135468259337647723e-01 2.584952735629746812e+00 -4.470579687976506733e+00
3.141202413904575774e-01 2.724793358637443763e+00 -3.984169913375346539e+00
3.632892795790962359e-01 2.719485125368162670e+00 -3.977832827606945898e+00
4.126264286436059914e-01 2.732547907850061186e+00 -3.875831938957281064e+00
4.614897040951111418e-01 2.726281857483556337e+00 -3.874687556530881594e+00
3.103756088809522251e-01 2.727999279102518493e+00 -3.970081118072217752e+00
3.485382596682650713e-01 2.728924208518641148e+00 -3.938923892805725746e+00
3.784059242950075230e-01 2.736934948000216750e+00 -3.876640012489147580e+00
3.958988584005369571e-01 2.734691726748899043e+00 -3.876230276514200046e+00
3.987991558851560203e-01 2.734319303566314918e+00 -3.876164949099361046e+00
3.872950138133189335e-01 2.735794681015789376e+00 -3.876433712871273141e+00
3.628782978267137693e-01 2.747862908478439170e+00 -3.834174539949198213e+00
3.351425413632767025e-01 2.759951075267524701e+00 -3.793990816522990528e+00
3.060460166418493833e-01 2.772005302080125855e+00 -3.754835793591573712e+00
-6.727634012421815912e-01 2.597341400669745060e+00 -4.263605199606952390e+00
-6.702625788728227008e-01 2.592672766991682920e+00 -4.287981800984035807e+00
-6.673230773786537062e-01 2.587213488041606446e+00 -4.316504230476533976e+00
-6.639059960624071888e-01 2.580870904080669437e+00 -4.349643843867651682e+00
-6.600675376859446164e-01 2.573748264795359120e+00 -4.386860498681066645e+00
-6.554611073665563836e-01 2.564331946576629662e+00 -4.426877014596078297e+00
-6.506084485162956232e-01 2.554244951107410788e+00 -4.469305272849840804e+00
-6.455541232481759595e-01 2.543740593403304828e+00 -4.513489907437766568e+00
-6.570236466063733571e-01 2.528416160394671319e+00 -4.559708600492366593e+00
-6.715585025207335690e-01 2.595111444487215202e+00 -4.275260650732074730e+00
-6.679074193119320935e-01 2.588320002627818361e+00 -4.310736444672953027e+00
-6.646454829836077050e-01 2.582272501566774903e+00 -4.342338713480411450e+00
-6.621272146657044555e-01 2.577605872046565771e+00 -4.366726337347794029e+00
-6.593280002478467683e-01 2.572328506664473657e+00 -4.393222349783167502e+00
-6.556654989699193248e-01 2.564774495800719034e+00 -4.425023787443001844e+00
-6.522095956605261646e-01 2.557610062053755851e+00 -4.455168006018868532e+00
-6.496739457519420391e-01 2.552366623804835477e+00 -4.477235844742482485e+00
-6.462953741010791786e-01 2.545342543949383529e+00 -4.506780205591608635e+00
-2.694201980126628149e-01 2.633837491665612873e+00 -4.411680464603497498e+00
-2.797486103161314630e-01 2.621986623924073001e+00 -4.459163989304307130e+00
-2.901112141562419700e-01 2.610133326354883820e+00 -4.506644552378887170e+00
-3.001817743708591890e-01 2.597822608630563579e+00 -4.553991158024340180e+00
-3.100627702252232720e-01 2.583992836622512890e+00 -4.600944000068951212e+00
-3.199812331552342459e-01 2.570261847531161603e+00 -4.647932405454353599e+00
-3.299858891594254495e-01 2.557029277655487931e+00 -4.695034862913992413e+00
-3.366657093102446430e-01 2.544099871850941774e+00 -4.742884961478783801e+00
-3.310836311322940539e-01 2.532786180187715619e+00 -4.791242630425382565e+00
-2.546098686707651826e-01 2.634936698686434209e+00 -4.412760051819932805e+00
-2.364682398094117843e-01 2.626072347731181367e+00 -4.458517599799958653e+00
-2.073566717635761114e-01 2.619501293751684834e+00 -4.498637995551195701e+00
-1.737861390312184784e-01 2.614215199243576038e+00 -4.534566048603853261e+00
-1.358005465504126819e-01 2.607618197955840600e+00 -4.565172380044473677e+00
-9.552675829191775714e-02 2.589344127961869635e+00 -4.640732932911067365e+00
-5.857164308994379509e-02 2.590297468685678783e+00 -4.642335812687240271e+00
1.009567486987201113e+00 2.652151882270141314e+00 -3.488492423082364180e+00
1.009091733401324742e+00 2.651759259419542492e+00 -3.491932084229293576e+00
1.008497768738567446e+00 2.651467125256163904e+00 -3.495036196751829305e+00
1.007915735950991820e+00 2.651177385914847306e+00 -3.498098828599451871e+00
1.007307081241822999e+00 2.650870785775748750e+00 -3.501323228716043623e+00
1.006640265118187605e+00 2.650531601833099771e+00 -3.504875491561229239e+00
1.005887365378688836e+00 2.650145839437671125e+00 -3.508903112383647382e+00
1.005021662490852563e+00 2.649700009015948154e+00 -3.513547820675998690e+00
1.004015937248230239e+00 2.649180267389240395e+00 -3.518954605408920244e+00
1.012274087517875509e+00 2.653551973772013017e+00 -3.473933510081323117e+00
1.016640564238964872e+00 2.655667781408917794e+00 -3.451304962324644787e+00
1.057249038512750428e+00 2.644791145949568989e+00 -3.424480165192240300e+00
1.095777399820793141e+00 2.635266280520169424e+00 -3.394253868961429887e+00
1.133178898513500510e+00 2.626427621008563307e+00 -3.362461867814603877e+00
1.169592606755051056e+00 2.617300723235539639e+00 -3.329692185085546985e+00
1.204641846194263621e+00 2.606232075730615882e+00 -3.295959444703727037e+00
1.239437615438496287e+00 2.595366887769278819e+00 -3.261860518006497234e+00
1.274119548723949391e+00 2.584605808621988299e+00 -3.227534182670048324e+00
6.223085423003021921e-01 2.694408742968460668e+00 -3.868584711888836569e+00
6.553008941544699040e-01 2.686405524391314081e+00 -3.867053643922647943e+00
6.948372893985045318e-01 2.670890275314401929e+00 -3.894705041940324186e+00
7.363354722275322617e-01 2.655637565904848341e+00 -3.918995189414432812e+00
7.786050294306976483e-01 2.640556996356252739e+00 -3.941419935958953680e+00
8.204124624600375171e-01 2.623099199368554402e+00 -3.962154884165802304e+00
8.624691825711278126e-01 2.605223603574922997e+00 -3.982145196853100089e+00
9.406473857845947251e-01 2.574795659658263958e+00 -3.994840377115290941e+00
9.434492817860181679e-01 2.568515535339991995e+00 -4.020717077025253161e+00
6.335193080263133991e-01 2.691689664000290971e+00 -3.868062544201959607e+00
6.721380739854209141e-01 2.682321919001940280e+00 -3.866268875884756095e+00
7.151115424317824321e-01 2.667064081512624085e+00 -3.888136776593768218e+00
7.611090592649032427e-01 2.652628690507405906e+00 -3.902495853571744444e+00
8.089700704430876632e-01 2.639453487835479617e+00 -3.907698709437328777e+00
8.563082045538987774e-01 2.625154153961755554e+00 -3.902214053950724182e+00
9.015159492499982274e-01 2.611379840385134266e+00 -3.886446449431653960e+00
9.435828617987187528e-01 2.600731277182752432e+00 -3.861886099075723333e+00
9.822629012531798320e-01 2.593571797459712780e+00 -3.828247644092345414e+00
4.093867142157623928e-01 2.947730739486738916e+00 -2.538564544790251620e+00
4.145861865597978424e-01 2.953878978192027382e+00 -2.489205377117503559e+00
4.197710328009614522e-01 2.960029108102053996e+00 -2.439846368650098185e+00
4.249486677989765537e-01 2.966180065963503143e+00 -2.390488193963602015e+00
4.296711474870534286e-01 2.970652536215929729e+00 -2.340939714670083216e+00
4.344463218158100548e-01 2.975233099751396271e+00 -2.291579059340193236e+00
4.356232279691690801e-01 2.979185776437050848e+00 -2.242009588817313492e+00
4.313479469420147816e-01 2.983884671240164987e+00 -2.192783792646821439e+00
4.194803171388244434e-01 2.989536094327594817e+00 -2.145078573710342162e+00
4.236523061873130880e-01 2.945376929811152955e+00 -2.542090179836385744e+00
4.542067636925299356e-01 2.946826117866057970e+00 -2.502723626862302098e+00
4.923452418165108480e-01 2.944053320035528998e+00 -2.472136457293015788e+00
5.335316438688867402e-01 2.937720938600079990e+00 -2.447931281076257903e+00
5.763989626334218297e-01 2.930425301289553364e+00 -2.429816477855875956e+00
6.247476632286447229e-01 2.921542430750222241e+00 -2.415956797859601934e+00
6.738148608223937241e-01 2.912061611364126446e+00 -2.406570470072120660e+00
7.229977907371631929e-01 2.902273732604837342e+00 -2.400021129583026269e+00
7.720506307615659924e-01 2.892331067956637636e+00 -2.395303574459467288e+00
7.325719629461387994e-01 2.838271036823487137e+00 -2.896795037737414091e+00
7.787571119694559618e-01 2.823491741121320953e+00 -2.908371895212098490e+00
8.251601416456053606e-01 2.808648637554402416e+00 -2.919964883403725509e+00
8.714741416899938198e-01 2.793830987221777029e+00 -2.931555312804514646e+00
9.176481252019844659e-01 2.778955096741322350e+00 -2.943129642346243191e+00
9.624893480676633972e-01 2.760186971179497739e+00 -2.954136518957538371e+00
1.007339877664776395e+00 2.741396611645484871e+00 -2.965211348909584821e+00
1.052196459318814448e+00 2.722601631683114753e+00 -2.976302757764133222e+00
1.098622683909212805e+00 2.704626413600995427e+00 -2.977092743988751788e+00
7.344275325241802488e-01 2.840008127488222733e+00 -2.882093094858300120e+00
7.805701317221330759e-01 2.829529995188152292e+00 -2.865760103889495536e+00
8.215423410640243507e-01 2.822214215810646909e+00 -2.838319650910837044e+00
8.584080621670469036e-01 2.816877428376789450e+00 -2.805140528404421740e+00
8.902560622833005644e-01 2.811372199525527193e+00 -2.767129891419008558e+00
9.183390910514314109e-01 2.807510217140204656e+00 -2.726130901575345877e+00
9.429089480151680025e-01 2.805132788332690641e+00 -2.682711265548986646e+00
9.650832998949466779e-01 2.803636074816196366e+00 -2.637965942075637837e+00
9.862145625191629517e-01 2.802469261239037390e+00 -2.592690194580340890e+00
-1.171834321796380696e+00 2.470240595136931283e+00 -4.029679774603570408e+00
-1.163859204631270128e+00 2.462228113468595936e+00 -4.078458448281530480e+00
-1.155569442551670711e+00 2.454378417339535989e+00 -4.127208784749747394e+00
-1.147352313777488142e+00 2.447051242702744656e+00 -4.176110918147902140e+00
-1.139004611867289851e+00 2.439562584431805625e+00 -4.224881521991735944e+00
-1.130456625670085424e+00 2.431780712445201331e+00 -4.273560680255647171e+00
-1.126754212958867463e+00 2.421804731153125445e+00 -4.321683285040489153e+00
-1.126781263010489420e+00 2.410131499938363397e+00 -4.369412419398900127e+00
-1.126796306914576773e+00 2.398411652612689515e+00 -4.417178529614251836e+00
-1.162040309258026927e+00 2.475662066571268749e+00 -4.027352527970573526e+00
-1.133287356804944634e+00 2.479878493260905703e+00 -4.068228102269987545e+00
-1.096702611111101122e+00 2.489282094442094806e+00 -4.100964300516459993e+00
-1.055228924595087436e+00 2.501256095250591116e+00 -4.125981751419456778e+00
-1.010673326995107590e+00 2.513175002564856708e+00 -4.145046506275079423e+00
-9.645918645507620681e-01 2.527092947188664507e+00 -4.158106883388930974e+00
-9.178406832693817297e-01 2.542337763953166796e+00 -4.167191510294763646e+00
-8.709020218914348410e-01 2.558261448711574459e+00 -4.173723997029598287e+00
-8.240709136802751855e-01 2.575532910079266991e+00 -4.174073157461533512e+00
-1.442398040975082951e+00 2.344707912230169278e+00 -3.939458639996480382e+00
-1.548174564286323163e+00 2.265399851230787132e+00 -3.990944887829452448e+00
-1.541543587931193393e+00 2.261792149287193965e+00 -4.025291285098552052e+00
-1.534732617828372891e+00 2.257542267182480966e+00 -4.057901945365644636e+00
-1.527975943048443197e+00 2.253299286554266700e+00 -4.090349900723332155e+00
-1.521064882959608955e+00 2.248966035178032286e+00 -4.123515192345323044e+00
-1.466796263998416228e+00 2.277397201125043402e+00 -4.153215667558879609e+00
-1.459621599351528243e+00 2.272850883676410749e+00 -4.190804859202973631e+00
-1.451866578318299572e+00 2.267804887934883773e+00 -4.230584318338696193e+00
-1.452938087219331376e+00 2.340654579986959138e+00 -3.929702012913873777e+00
-1.554259720388911248e+00 2.268653448558046293e+00 -3.958485623338095394e+00
-1.553932779261930630e+00 2.268489130869078441e+00 -3.960183192861379098e+00
-1.556282524928794375e+00 2.269739188641496153e+00 -3.947677101736729810e+00
-1.560861348508687296e+00 2.272174203663373415e+00 -3.923311156371567687e+00
-1.597003638001276871e+00 2.254614738309088207e+00 -3.893628695761321978e+00
-1.630460468501625737e+00 2.239288545605774505e+00 -3.859771890583608034e+00
-1.662095328825023088e+00 2.225102936896319328e+00 -3.823754151977170501e+00
-1.691728209168910979e+00 2.210740621794779592e+00 -3.786313493027585686e+00
-5.522583269396004191e-01 2.714240377788340819e+00 -3.849248427160699038e+00
-5.060633402712381157e-01 2.719393137132522398e+00 -3.867075114305760675e+00
-4.598174969193311590e-01 2.724548264481745807e+00 -3.884937048884590460e+00
-4.122315676465777567e-01 2.731045364055419533e+00 -3.897679095662243132e+00
-5.590625713079887538e-01 2.710272879943063984e+00 -3.861789663867993827e+00
-5.281834489345499373e-01 2.708022515942395625e+00 -3.900625477462946300e+00
-5.077898002429547253e-01 2.703012114121025711e+00 -3.945783434373069554e+00
-5.962818045959139557e-01 2.789732184338892029e+00 -3.402208609415528162e+00
-6.059688867846946270e-01 2.788040365783686969e+00 -3.400880308112629979e+00
-6.181363475081480541e-01 2.785915245979578181e+00 -3.399212520353044997e+00
-6.276231942620060789e-01 2.784258451476826934e+00 -3.397911373559854731e+00
-6.452184325506737927e-01 2.781185290823551703e+00 -3.395499868157860313e+00
-6.538876988863924211e-01 2.779671429964622131e+00 -3.394310006852062411e+00
-6.619261754057410574e-01 2.778267531527276901e+00 -3.393207784664654003e+00
-6.789470771774785973e-01 2.774752101833105389e+00 -3.390616213602912765e+00
-7.060843753720201788e-01 2.767437288846799515e+00 -3.386397003251421012e+00
-5.821110419222732535e-01 2.792206952388003316e+00 -3.404152344168131172e+00
-5.652672810412013860e-01 2.795148476122972792e+00 -3.406463026051409937e+00
-5.337910064932606113e-01 2.807758968600263749e+00 -3.370678050200734077e+00
-5.000206511856154501e-01 2.820373740334558565e+00 -3.337442205052947308e+00
-1.352830904559594538e+00 2.525974860488100937e+00 -3.321136859714883371e+00
-1.383810947350811560e+00 2.503617533825879260e+00 -3.353493938096761440e+00
-1.414868329856405760e+00 2.481523078280241545e+00 -3.385876212470306346e+00
-1.445464939381903458e+00 2.457248789404886224e+00 -3.416923041523891147e+00
-1.482751667626096115e+00 2.430762426959210742e+00 -3.436887840688600537e+00
-1.580854256668684066e+00 2.364105016212511234e+00 -3.455653189756300314e+00
-1.580623687179313785e+00 2.363991580132168480e+00 -3.457052539171925343e+00
-1.581036412243492562e+00 2.364156383052292920e+00 -3.454750172311191303e+00
-1.581963883473500143e+00 2.364539093453415397e+00 -3.449510845763623657e+00
-1.342022177211394052e+00 2.529781614666281264e+00 -3.330666497298929052e+00
-1.352071425092424173e+00 2.515899214760100921e+00 -3.377691182824043903e+00
-2.178058441743857987e+00 2.076926320093765099e+00 -2.274754341723125517e+00
-2.171309648192428110e+00 2.079478204858364876e+00 -2.307932094354133490e+00
-2.162435162446631143e+00 2.081580476122085965e+00 -2.346849365120205366e+00
-2.152696920506726119e+00 2.083885545922852689e+00 -2.389564319886302357e+00
-2.142418870618860272e+00 2.086318527183313787e+00 -2.434646294594250193e+00
-2.140682212212192237e+00 2.068133924212943064e+00 -2.543172559588105397e+00
-2.138963775774934462e+00 2.069877432933607153e+00 -2.543456331958704908e+00
-2.136023534720026262e+00 2.072863983441831870e+00 -2.543923357131633978e+00
-2.132034122859550962e+00 2.076916410017566328e+00 -2.544556051675123776e+00
-2.180659687509456379e+00 2.075861327916657117e+00 -2.261637753960732855e+00
-2.178100174783840437e+00 2.076909120999445246e+00 -2.274544801037951203e+00
-2.175598786884525904e+00 2.077933144424941148e+00 -2.287158539316305195e+00
-2.171834536915513869e+00 2.079354144971381935e+00 -2.305628777489105552e+00
-2.168337786606900242e+00 2.080183140081903748e+00 -2.320959533124287599e+00
-2.163022910594168735e+00 2.081441313170987240e+00 -2.344271543132110391e+00
-2.158421431906315746e+00 2.082530923605158790e+00 -2.364452739964876926e+00
-2.152639755232700125e+00 2.083899744536724441e+00 -2.389811442757464821e+00
-2.146796530977271633e+00 2.085283230152163547e+00 -2.415439590369328204e+00
-2.290400012210818126e+00 2.015943375755326894e+00 -1.813111218126659319e+00
-2.403830705345942231e+00 1.886301256818490257e+00 -1.793642312840900255e+00
-2.409847635765022478e+00 1.884125339178837510e+00 -1.754309943086760804e+00
-2.414883591774975802e+00 1.881498904391346150e+00 -1.717321538010669890e+00
-2.419784865199982704e+00 1.878937799178681090e+00 -1.681370412750230248e+00
-2.424679542693323864e+00 1.876381184688554082e+00 -1.645457455175370454e+00
-2.450204546009903783e+00 1.847161128174107825e+00 -1.613598507219280442e+00
-2.475424862578264662e+00 1.818375333609588473e+00 -1.581283759707831083e+00
-2.499881576086376622e+00 1.789571078716251096e+00 -1.548600718982327429e+00
-2.282220220472085170e+00 2.026202487037975786e+00 -1.806018579198263696e+00
-2.288514882608622791e+00 2.024896793650004856e+00 -1.756536859900035941e+00
-2.293468638891884126e+00 2.026072470434684636e+00 -1.706885958819331472e+00
-2.297683534612610323e+00 2.028121497681278473e+00 -1.657093119637886192e+00
-2.301501874012807036e+00 2.030629316705992782e+00 -1.607295688674716061e+00
-2.296681110093329092e+00 2.041490035231296130e+00 -1.558800164348146833e+00
-2.284388491031134283e+00 2.058443858491266099e+00 -1.513450443314393379e+00
-2.268230473463302754e+00 2.079896024683934641e+00 -1.471399525455312052e+00
-2.249411534094079013e+00 2.103851609161291325e+00 -1.431958467592341577e+00
-2.094353410859661313e+00 2.050841080259330429e+00 -2.902737266776309610e+00
-2.128990444033885598e+00 2.016520591567360299e+00 -2.892143275439476913e+00
-2.163348682859382421e+00 1.982006326673112717e+00 -2.881532255963906497e+00
-2.196273521337196222e+00 1.946225195536571473e+00 -2.870661374430333534e+00
-2.229320475011034475e+00 1.910308436265186094e+00 -2.859764971332694472e+00
-2.262349825981307738e+00 1.874412320529688536e+00 -2.848866706870894827e+00
-2.295248947471632661e+00 1.838525696499046846e+00 -2.837934642068588698e+00
-2.326126176186849470e+00 1.801041274428203165e+00 -2.826664150384559093e+00
-2.355780581677084040e+00 1.762646440111582669e+00 -2.815171896824385733e+00
-2.093357899783672593e+00 2.048575190149354075e+00 -2.917459566615028699e+00
-2.123430263382489080e+00 2.012798229124276084e+00 -2.934769160254227849e+00
-2.148303164104937046e+00 1.980052890532324916e+00 -2.963068671337609317e+00
-2.169416046200797865e+00 1.950043613769101514e+00 -2.996905191522862832e+00
-2.186702041052468459e+00 1.923087595093171842e+00 -3.035186734221348548e+00
-2.200590953457523646e+00 1.898646443928203364e+00 -3.076406781854140071e+00
-2.210301001230702944e+00 1.875766608391669976e+00 -3.119707565384183034e+00
-2.218199332795404377e+00 1.854711960284037842e+00 -3.164311703057022029e+00
-2.224994947376336629e+00 1.834784502983333843e+00 -3.209646655382799807e+00
-1.883343396275231951e+00 2.162873766089576044e+00 -3.319347937264811144e+00
-1.896059478849799751e+00 2.153269417748342462e+00 -3.316434151025603239e+00
-1.915770402103131431e+00 2.135839505054629939e+00 -3.311188903534084016e+00
-1.941206658421334996e+00 2.112587191962707056e+00 -3.304348255419187641e+00
-1.970720406943310188e+00 2.085605898383881218e+00 -3.296417635074101238e+00
-2.002846817689181602e+00 2.056236621747399962e+00 -3.287782890379772560e+00
-2.037491757218685251e+00 2.020416976175625212e+00 -3.295802761659811786e+00
-2.072577780720053831e+00 1.984894343168357445e+00 -3.300778257814989569e+00
-2.104885978188457241e+00 1.949830246346931917e+00 -3.315194961246059169e+00
-1.869255982552831430e+00 2.173516114691286916e+00 -3.322564833319254785e+00
-1.853291849794514334e+00 2.185574172726540088e+00 -3.326220481156763942e+00
-1.829441671067536523e+00 2.203588811572263495e+00 -3.331681578316104897e+00
-1.799928609864355433e+00 2.225880728453371482e+00 -3.338439529123792493e+00
-1.767507527824126345e+00 2.245105207454880514e+00 -3.371928910278927827e+00
-1.733433457186217108e+00 2.266311554698950292e+00 -3.402165565406538583e+00
-1.699316543948686808e+00 2.285056779237349733e+00 -3.433458542071238018e+00
-1.670179054592266121e+00 2.297617219926519017e+00 -3.471941261150602198e+00
1.287490063999048584e-01 2.586637422003164044e+00 -4.648343205348863805e+00
1.522261499725981460e-01 2.584800344688237939e+00 -4.648741060942077397e+00
1.850315146694126445e-01 2.582233342016237110e+00 -4.649296979954858244e+00
2.234498067981202096e-01 2.571779133185958077e+00 -4.679984275710563857e+00
2.644127741522329100e-01 2.561992258557229452e+00 -4.707220461769174413e+00
3.063378352376046054e-01 2.551286685759121653e+00 -4.732100582533064426e+00
3.488294457397710935e-01 2.539258365612179880e+00 -4.755409693765790813e+00
3.920419621990949288e-01 2.527344153089229550e+00 -4.777989415848836074e+00
4.350316657732835046e-01 2.514582266543905043e+00 -4.799908417807584371e+00
1.370115048493315557e-01 2.585991710135437938e+00 -4.648479897136145844e+00
1.584950983625252052e-01 2.584310468331323829e+00 -4.648844610243626718e+00
1.867167195199278540e-01 2.582101999358755506e+00 -4.649323425251965070e+00
2.155215933257161876e-01 2.570197452772606805e+00 -4.688730380682385679e+00
2.344681763307981115e-01 2.557708388415173673e+00 -4.733438443159184494e+00
2.411965241664940640e-01 2.545302610918603214e+00 -4.781459214818806203e+00
2.411028380674519189e-01 2.532044306265225142e+00 -4.829626387540314703e+00
2.344640515586357277e-01 2.519349982528843679e+00 -4.877506328183651263e+00
2.242962950046991921e-01 2.507790722106648218e+00 -4.925097333761917717e+00
5.144638077862498937e-01 2.586762177452986755e+00 -4.463016125967865122e+00
5.164881621156166558e-01 2.590926741302972403e+00 -4.445668758557649092e+00
5.197331020771298604e-01 2.597600677350299758e+00 -4.417868108782974090e+00
5.237987138210575822e-01 2.605836909264093837e+00 -4.382572743588100117e+00
5.281507872978383755e-01 2.613610419292543341e+00 -4.341914015754149148e+00
5.328784429334951778e-01 2.621992013379535358e+00 -4.298042756016717370e+00
5.378177768037538664e-01 2.630752890233251762e+00 -4.252188295007186980e+00
5.562137170023422339e-01 2.636991878441540926e+00 -4.205986167842966417e+00
5.722325694653285222e-01 2.643851020168357824e+00 -4.159020917985343679e+00
5.155326391887744553e-01 2.589012015129180444e+00 -4.453661971334412328e+00
5.175309933612585178e-01 2.593127218832654624e+00 -4.436521626733235912e+00
5.200777623033763231e-01 2.598364553348538664e+00 -4.414704994382586456e+00
5.230350419723058808e-01 2.604448047576546799e+00 -4.389364272298942105e+00
5.248567750227310924e-01 2.607812310437721326e+00 -4.372284165886985541e+00
5.277920146944383717e-01 2.613015605558580479e+00 -4.345048597483227582e+00
5.303427754972744879e-01 2.617555097011405874e+00 -4.321296694610039957e+00
5.330501806656741115e-01 2.622359691523624026e+00 -4.296150703109899105e+00
5.359726774977128239e-01 2.627548674711931209e+00 -4.268994299088435085e+00
2.828941889958779821e-01 2.783005343048552849e+00 -3.712097231566021893e+00
2.596092673337573320e-01 2.792219399970653271e+00 -3.668949920654115182e+00
2.363472546230003246e-01 2.801438998980850581e+00 -3.625761312163626293e+00
2.131307238669092330e-01 2.810968110703679468e+00 -3.582550066989160786e+00
1.880792589250632474e-01 2.820734768520410718e+00 -3.540388607438445856e+00
1.526651567042630331e-01 2.829739871335688051e+00 -3.506289152659922248e+00
1.087007006867228981e-01 2.837191685800364738e+00 -3.483754226879502092e+00
6.005767465999789501e-02 2.838944891733785170e+00 -3.474196800944858943e+00
1.083487592569206889e-02 2.838432368200416889e+00 -3.478040442525089926e+00
2.709522032425454308e-01 2.782312679636564035e+00 -3.721032730126377697e+00
2.281625051299238649e-01 2.789674368292299533e+00 -3.696613674336518773e+00
1.803397908345339973e-01 2.795460061996176915e+00 -3.683322462004835707e+00
1.308441985754978387e-01 2.799951677900543334e+00 -3.678145978420237050e+00
8.085181692620246885e-02 2.803110575817978400e+00 -3.679339908204557918e+00
3.118538517674458721e-02 2.802765491648558260e+00 -3.685473138662481940e+00
-1.672840670442721570e-02 2.800174322603612431e+00 -3.698397426495396267e+00
-6.213485513711709124e-02 2.795198439430045312e+00 -3.717110279874027867e+00
-1.083018439656885795e-01 2.790582316754320669e+00 -3.733632379235996446e+00
-6.591646412433918023e-01 2.515001540180666240e+00 -4.607813877415671833e+00
-6.614271927093975378e-01 2.501851073451895502e+00 -4.656055624715413011e+00
-6.637822197981445571e-01 2.488911406261036241e+00 -4.704347282957173526e+00
-6.660008796020405741e-01 2.475999628071370751e+00 -4.752667667293885678e+00
-6.682113079419477186e-01 2.463099891053055046e+00 -4.800949223020580803e+00
-6.700852499156696451e-01 2.449117761320520614e+00 -4.848892241921267221e+00
-6.719529591475459362e-01 2.435072195642826731e+00 -4.896832945960460926e+00
-6.736350409128846195e-01 2.420247826752293552e+00 -4.944529959417615750e+00
-7.563452933869029282e-01 2.385500385918911892e+00 -4.978740723997042927e+00
-6.733675787433367477e-01 2.512296424275356710e+00 -4.604183574082375330e+00
-7.010319493449654882e-01 2.495139612100041759e+00 -4.642276125104455531e+00
-7.377427482152155713e-01 2.478130220795763172e+00 -4.671752475352343836e+00
-7.784124581178107904e-01 2.459661513867198224e+00 -4.694024077182531229e+00
-8.218163983540422990e-01 2.441145238476503998e+00 -4.710361830310080045e+00
-8.664397672370401926e-01 2.421903647306880458e+00 -4.721446973041458328e+00
-9.122373657576590134e-01 2.403262698930659802e+00 -4.728206280372845960e+00
-9.583155435351460305e-01 2.384898263236334248e+00 -4.732078873966385046e+00
-1.003731635380866516e+00 2.364909962741661875e+00 -4.733436963634776617e+00
-3.234359016837107803e-01 2.520011507207049917e+00 -4.838945705125685670e+00
-3.158609101962912558e-01 2.507467936585310309e+00 -4.886748319812809882e+00
-3.083521941762551455e-01 2.495414644726460018e+00 -4.934687397472759862e+00
-2.681166150607158238e-01 2.487135549670497880e+00 -4.979932743392160965e+00
-2.627491141117554441e-01 2.474865565521857214e+00 -5.027934400397110259e+00
-2.573950460159671882e-01 2.462616802995607479e+00 -5.075851578823947108e+00
-2.518847420422976602e-01 2.448972091277446861e+00 -5.123263644496224956e+00
-2.463564525770227109e-01 2.434551404228396887e+00 -5.170447508943004422e+00
-2.351998449336022146e-01 2.420891503914484044e+00 -5.217210799806833776e+00
-3.092553137776187788e-01 2.522465334456377217e+00 -4.834991688800446497e+00
-2.766582035869799561e-01 2.515040142481786756e+00 -4.872089275910933104e+00
-2.357417557901580196e-01 2.511279130123309056e+00 -4.900556769011693348e+00
-1.908130118561495447e-01 2.509661371424914744e+00 -4.922413328551645151e+00
-1.421406574907282672e-01 2.511198012467165341e+00 -4.933728552135410617e+00
-9.246745459131379408e-02 2.512660605484784426e+00 -4.938079747684013476e+00
-4.303955237887010371e-02 2.513439190837207349e+00 -4.938246332330904487e+00
5.953978482123090978e-03 2.513288724448909939e+00 -4.935569146364845672e+00
5.556068689826835355e-02 2.513115430257906624e+00 -4.932935485784414098e+00
1.304042183617692752e+00 2.577282010637026222e+00 -3.188225571340400410e+00
1.333840332244824012e+00 2.569874580466807945e+00 -3.148851928120050658e+00
1.362449776342655738e+00 2.560344250040212710e+00 -3.109031357461070844e+00
1.391234794102133909e+00 2.551084876956635661e+00 -3.069250810303193688e+00
1.420028290083689360e+00 2.541821754160459523e+00 -3.029463957910957905e+00
1.490220628588278862e+00 2.510387536072007819e+00 -2.979325332186816500e+00
1.486758004922115184e+00 2.518246467162382540e+00 -2.948412115826425151e+00
1.483247665183644814e+00 2.526132344313162470e+00 -2.917503464841115779e+00
1.479675119845563991e+00 2.534159509403690613e+00 -2.886038915462590282e+00
1.312479180089552999e+00 2.570853605717437151e+00 -3.198714043994049572e+00
1.354927186882821655e+00 2.552255767614111992e+00 -3.180309175938094590e+00
1.398073783766233591e+00 2.528275608909804184e+00 -3.173477018278069384e+00
1.441042956155957011e+00 2.502999335573161233e+00 -3.174899857150729865e+00
1.483157047191624001e+00 2.477124545472273009e+00 -3.182791743248507554e+00
1.523800425474427067e+00 2.451198849130933333e+00 -3.196038278742518113e+00
1.562248957422830875e+00 2.424622919750766936e+00 -3.213251557374265044e+00
1.598012669291574817e+00 2.396337480650939877e+00 -3.233425976777840383e+00
1.630553630749915772e+00 2.368939316479181212e+00 -3.259524627896803750e+00
9.468412025732164672e-01 2.560843089314619903e+00 -4.052388574829048906e+00
9.509091282642956333e-01 2.551653400342760225e+00 -4.090313442218585394e+00
9.549361019088636882e-01 2.540377129651335331e+00 -4.131891124750682209e+00
9.588460936527868350e-01 2.527450651164566242e+00 -4.175786329173831746e+00
9.628906432226058687e-01 2.514065946746018909e+00 -4.221243740784459852e+00
9.780125424365566644e-01 2.496593368848374350e+00 -4.265545559210576876e+00
9.911609900303834930e-01 2.479681121598089177e+00 -4.310701122872277580e+00
1.003308547607051127e+00 2.463875737699699364e+00 -4.356553296976493961e+00
1.014988008387005314e+00 2.448581277647886800e+00 -4.402762728450655416e+00
9.455338509363594435e-01 2.563795075870470175e+00 -4.040207190955836580e+00
9.471279155818527196e-01 2.560204073903897815e+00 -4.055018584321009811e+00
9.490864093902909859e-01 2.555783987667538781e+00 -4.073256300731249446e+00
9.507743626780172930e-01 2.551980475170105844e+00 -4.088945039736170628e+00
9.522594142266593842e-01 2.548631700355405538e+00 -4.102760107723266714e+00
9.544517115988185862e-01 2.541991922931917891e+00 -4.126401485804959357e+00
9.559424458792878943e-01 2.537073212761225882e+00 -4.143099768017921569e+00
9.583161772687244229e-01 2.529216588521580711e+00 -4.169783148194992073e+00
9.600705316804998279e-01 2.523422209121704451e+00 -4.189456904545951765e+00
1.010523188475441758e+00 2.592247899809358103e+00 -3.785810683660144615e+00
1.038586219358648144e+00 2.590962867874886832e+00 -3.743534505398106838e+00
9.709509787706553929e-01 2.628594880873256656e+00 -3.687552477033290366e+00
9.805589585625321680e-01 2.635286992888777213e+00 -3.640474848239025452e+00
1.020570066200465087e+00 2.586479928253764715e+00 -3.794939893313213908e+00
1.063985182639621829e+00 2.575351208513514401e+00 -3.771321934814701571e+00
1.108995774264224021e+00 2.558495349125275098e+00 -3.758868360232556327e+00
1.154289227041934263e+00 2.540259745896590093e+00 -3.751216617977172429e+00
1.199258129560854647e+00 2.520663577730871019e+00 -3.745821105403284168e+00
1.244187938829453444e+00 2.499564907722513940e+00 -3.741522694756614698e+00
1.289132181009669420e+00 2.478279932446415312e+00 -3.738031270988617205e+00
1.333201453098466160e+00 2.455306566182632544e+00 -3.734724102706056481e+00
1.377106709091637349e+00 2.431822162505890894e+00 -3.731674687375441390e+00
8.200681457423167897e-01 2.883302298926546658e+00 -2.384926571696291742e+00
8.663792448010655400e-01 2.868720712849809118e+00 -2.373920425318673644e+00
9.124425818808966637e-01 2.853497607976890116e+00 -2.362773360086447560e+00
9.584151272308625291e-01 2.838314098204915314e+00 -2.351573165317158765e+00
1.004273220459406923e+00 2.823178117186909919e+00 -2.340324671449596661e+00
1.050252342133584760e+00 2.808214455115750408e+00 -2.327384219603525928e+00
1.092651423979629222e+00 2.795893691743656539e+00 -2.303878614087968124e+00
1.131112172270447580e+00 2.785865041295342071e+00 -2.273568868815376565e+00
1.166143874235190170e+00 2.777367578171426654e+00 -2.239029542365129632e+00
8.206250351698055612e-01 2.881577247853472024e+00 -2.399752104017306209e+00
8.641409590088686699e-01 2.864733280158441531e+00 -2.416915013179179450e+00
9.016674996270935827e-01 2.848462200405656564e+00 -2.445177109276200245e+00
9.348876173226020603e-01 2.833156488223970815e+00 -2.478913924551733317e+00
1.130395959227883829e+00 2.702457776804024991e+00 -2.904317569583443337e+00
1.175699840103885618e+00 2.686870539468756647e+00 -2.890955066346017510e+00
1.219152930771590482e+00 2.669657460727807408e+00 -2.877398445987348730e+00
1.261251742306883861e+00 2.650282970928138582e+00 -2.863815259482781261e+00
1.303293025876956612e+00 2.630924076380573684e+00 -2.850316202495947415e+00
1.341217078513409877e+00 2.613473932281835221e+00 -2.838061558347309443e+00
1.463930431886742323e+00 2.559128181370554422e+00 -2.770364373348876974e+00
1.458316469692341633e+00 2.567907033213821411e+00 -2.728992097960860619e+00
1.469142282678480127e+00 2.567957660839497169e+00 -2.680322463988956905e+00
1.130560885663632442e+00 2.702401663462971726e+00 -2.904264357321955092e+00
1.175482357564234803e+00 2.686943900196817836e+00 -2.891029821870723548e+00
1.218965893569252446e+00 2.669751274317944567e+00 -2.877412170549285886e+00
1.261329809767096188e+00 2.650263052160032995e+00 -2.863693592596206816e+00
1.303698360016882773e+00 2.630759750730397251e+00 -2.850051542268449811e+00
1.023461096290300576e+00 2.793177793527927832e+00 -2.560838545910117947e+00
1.060553522847970331e+00 2.783285608028308378e+00 -2.528929771365767465e+00
1.097686680884792043e+00 2.773376244585327388e+00 -2.497047005875476788e+00
1.134566199605263170e+00 2.763217211437427601e+00 -2.464992240518638855e+00
1.177363979811973715e+00 2.747012148336533510e+00 -2.445113931830138476e+00
1.222799401157671717e+00 2.727776121762230943e+00 -2.438077973013605515e+00
1.267784873717330063e+00 2.707060315003816608e+00 -2.442673575831852517e+00
1.310655440734211696e+00 2.684108898289132128e+00 -2.455400985227631505e+00
1.351647116308636321e+00 2.661318439646903400e+00 -2.473051374241327149e+00
1.013231371863533736e+00 2.797830762004474892e+00 -2.551032003093423040e+00
1.029861706828973489e+00 2.796775295316656695e+00 -2.504055066305943544e+00
1.035010607076331191e+00 2.800055425302206302e+00 -2.454643299129839917e+00
-1.126076025674948022e+00 2.384936659637189038e+00 -4.465287891691976263e+00
-1.125385187985137092e+00 2.371444749665827967e+00 -4.513406908530273931e+00
-1.124101798741208524e+00 2.358218848864237938e+00 -4.561590759861747557e+00
-1.122901646802648923e+00 2.344958491134340406e+00 -4.609755373996696548e+00
-1.134078106754750959e+00 2.327034136733310277e+00 -4.655103632282203918e+00
-1.157860441577806876e+00 2.305155815522615725e+00 -4.693279760392967681e+00
-1.189767075382850425e+00 2.280820606573288334e+00 -4.723029323729809548e+00
-1.225332392161122330e+00 2.254124265958437068e+00 -4.745738857680642298e+00
-1.264603085027190099e+00 2.226806561936022444e+00 -4.763911686448370375e+00
-1.126104755679152802e+00 2.385625095083544256e+00 -4.462843483309055337e+00
-1.125445346007248881e+00 2.372941769510540144e+00 -4.508095354891996642e+00
-1.106712325560117449e+00 2.368695983283454432e+00 -4.554197283586204570e+00
-1.077303213714043473e+00 2.371249259635300533e+00 -4.594483508342129596e+00
-1.041272470921431603e+00 2.378926200231151089e+00 -4.628224809450788513e+00
-7.809095120453113381e-01 2.593270881259257088e+00 -4.156854501675324443e+00
-7.370305139201321909e-01 2.608411568582547080e+00 -4.138989172078301415e+00
-6.933952400168638119e-01 2.623563456430091367e+00 -4.121066185124324655e+00
-6.574890003996390897e-01 2.639695084999381436e+00 -4.090467503842833530e+00
-6.327729898178854340e-01 2.655253375122831105e+00 -4.050134327648532206e+00
-6.201550416311101266e-01 2.669085826920134519e+00 -4.004061955378821480e+00
-6.200366060140233282e-01 2.679370471760145644e+00 -3.955521452273688787e+00
-7.769774866781907763e-01 2.591167520362466448e+00 -4.171091730234527617e+00
-7.293240509320128018e-01 2.601119765568681519e+00 -4.180601797174356093e+00
-1.443977555422637504e+00 2.262149801250003200e+00 -4.267674760601811279e+00
-1.435166889970306281e+00 2.255834820764057280e+00 -4.309095698751593595e+00
-1.442396018937099678e+00 2.237706844381829985e+00 -4.355034458426479738e+00
-1.447060450444754620e+00 2.221009666886917255e+00 -4.401821426215350996e+00
-1.453691921761916639e+00 2.201033334554046927e+00 -4.458508773906348033e+00
-1.464448074738725181e+00 2.180647207042579971e+00 -4.507032086199903809e+00
-1.454561055345339415e+00 2.174448099645612587e+00 -4.553080385704264543e+00
-1.445971794601420335e+00 2.169071458076316183e+00 -4.593052529811742168e+00
-1.439115817894536464e+00 2.164450469967284185e+00 -4.622745998134698553e+00
-1.442379374887893251e+00 2.261004295385258267e+00 -4.275188244018154116e+00
-1.432641589567962948e+00 2.254024774906357553e+00 -4.320967898176819588e+00
-1.433136939396741472e+00 2.239745042731186686e+00 -4.368819637345778162e+00
-1.427520441310516031e+00 2.229455623884836424e+00 -4.417435779551888153e+00
-1.414067722378524294e+00 2.225053544819924234e+00 -4.465432070076095883e+00
-1.461941504364156152e+00 2.179138560199825658e+00 -4.518477452966815022e+00
-1.451885203954001335e+00 2.172795591788752478e+00 -4.565451294407539606e+00
-1.441479771347807359e+00 2.166114833021339781e+00 -4.612834538431304310e+00
-1.430307187336369523e+00 2.158280995912761568e+00 -4.659580565517349449e+00
-1.724035478579849290e+00 2.192812990957575536e+00 -3.753184376094922392e+00
-1.756056218899275434e+00 2.175126310719527112e+00 -3.720029724143488536e+00
-1.788640466875860646e+00 2.157022794443235636e+00 -3.686703041839023864e+00
-1.821109251635210535e+00 2.138923215593245164e+00 -3.653387010310624294e+00
-1.852083703100713574e+00 2.119087144468902117e+00 -3.619622344657554613e+00
-1.883150006537702037e+00 2.099165737114283559e+00 -3.585872130665851643e+00
-1.919037750288596023e+00 2.072210300864455679e+00 -3.563919953606111690e+00
-1.956678447745865856e+00 2.040414867770650176e+00 -3.556160492195322043e+00
-1.991552337540878126e+00 2.005419643633402860e+00 -3.562059982690587656e+00
-1.716243977138762977e+00 2.201540148291595500e+00 -3.744014250863406890e+00
-1.732665360060605453e+00 2.200153946134411953e+00 -3.697067749278245774e+00
-1.740151765129360317e+00 2.206597706171477657e+00 -3.648092494380304363e+00
-1.740077485452976802e+00 2.217584503112699057e+00 -3.599445118577692337e+00
-1.734681168773519744e+00 2.231718465754006342e+00 -3.551845691700184826e+00
-1.582952624490798765e+00 2.364939652899524347e+00 -3.443964755971379521e+00
-2.120101691343212025e+00 2.089037840530780787e+00 -2.546445633117842888e+00
-2.100968337715669598e+00 2.108474568310739095e+00 -2.549473798268379721e+00
-2.076179981410152475e+00 2.133655961875486007e+00 -2.553396967081463131e+00
-2.046805099435188513e+00 2.161846187098002581e+00 -2.557790891822056878e+00
-2.013020686253365277e+00 2.190346370165919598e+00 -2.562214331494175656e+00
-1.977553244691716117e+00 2.220271308277305344e+00 -2.566825410190132661e+00
-1.833401098734306789e+00 2.337260744014650005e+00 -2.608976788399527624e+00
-1.832965803739241117e+00 2.338410519265529786e+00 -2.604546049268253505e+00
-1.832184878723507548e+00 2.342388599253388826e+00 -2.586096723884901749e+00
-2.130260154464384215e+00 2.078718280848668165e+00 -2.544838033178321357e+00
-2.126168954269073819e+00 2.082874346338129179e+00 -2.545485553234841269e+00
-2.122033858905856274e+00 2.087075000820140414e+00 -2.546140032177924617e+00
-2.119315671178931826e+00 2.089836286179810987e+00 -2.546570236976093859e+00
-2.115434662459429571e+00 2.093778827664780628e+00 -2.547184489610420766e+00
-2.105721552579912004e+00 2.103645943554916631e+00 -2.548721763208682045e+00
-2.102002808122807931e+00 2.107423639565540352e+00 -2.549310380385935826e+00
-2.099818906682841213e+00 2.109642165150245496e+00 -2.549656036330373521e+00
-2.095939369448050371e+00 2.113583212071580508e+00 -2.550270054707490797e+00
-2.520256532397977534e+00 1.764724615862950596e+00 -1.510400932755889380e+00
-2.540076394821753514e+00 1.739524137722603614e+00 -1.472097477669266352e+00
-2.559897277310807073e+00 1.714325739939347448e+00 -1.433768296629337247e+00
-2.579838623646462992e+00 1.688960589050629180e+00 -1.395301868505504084e+00
-2.599706538680896628e+00 1.663697726463830628e+00 -1.356914598016790929e+00
-2.619061281847676170e+00 1.638264173330345796e+00 -1.318571688972573597e+00
-2.636567431911661430e+00 1.611724583246703535e+00 -1.280093638970843717e+00
-2.654643613986672257e+00 1.585486789220841741e+00 -1.241645994632963212e+00
-2.672828435202097896e+00 1.559305380857380463e+00 -1.203216438329884674e+00
-2.525060630968504416e+00 1.756023956639810812e+00 -1.521561496843904404e+00
-2.551620126575499636e+00 1.716922798207995982e+00 -1.505520169131198793e+00
-2.578891691006962361e+00 1.675287733961533965e+00 -1.501768426054064465e+00
-2.605645258176062296e+00 1.633301822641278767e+00 -1.506389084522698818e+00
-2.631560756909727239e+00 1.592025491548617167e+00 -1.517336968327121616e+00
-2.655553530655387018e+00 1.551406378973916311e+00 -1.533533529799822936e+00
-2.676486478467547947e+00 1.510879551054186809e+00 -1.553740294698302105e+00
-2.696081233880998962e+00 1.471022489509056896e+00 -1.576483770700511711e+00
-2.715180062695977448e+00 1.431873423734181028e+00 -1.600860006826790860e+00
-2.232946682221843560e+00 2.125651807181158315e+00 -1.389658650320244826e+00
-2.216552516043569732e+00 2.147370282217305970e+00 -1.347430498170933744e+00
-2.199946722716296765e+00 2.168616665395183940e+00 -1.305344051142210970e+00
-2.182232286877087368e+00 2.188762334148150579e+00 -1.263185134391283881e+00
-2.164513477896498728e+00 2.208913170212206900e+00 -1.221013077749314002e+00
-2.144796218612163852e+00 2.231056484333310941e+00 -1.178717951115677121e+00
-2.134520719607800654e+00 2.244557149677226526e+00 -1.130813476809334750e+00
-2.135155592609009112e+00 2.247652691800992919e+00 -1.080800687407648564e+00
-2.144804693972713228e+00 2.241887263538903774e+00 -1.032607199783729168e+00
-2.224641711678077893e+00 2.133256875178430434e+00 -1.399733919680111072e+00
-2.194756163593976517e+00 2.166907640144106306e+00 -1.377782932568105689e+00
-2.160794547328306336e+00 2.202098598372371541e+00 -1.367718300174520341e+00
-2.125013391921252826e+00 2.236883288070350861e+00 -1.365767450061192934e+00
-2.089108719833639771e+00 2.271327720895961466e+00 -1.370293770646996645e+00
-2.051545636962213592e+00 2.302612596449160165e+00 -1.380025908273912361e+00
-2.386392296937339896e+00 1.721314780298291325e+00 -2.811058809501370881e+00
-2.416563475011491935e+00 1.680585544213340166e+00 -2.806970146536183819e+00
-2.446283190495793569e+00 1.640479328316608143e+00 -2.802880687142577543e+00
-2.473698899563588238e+00 1.599519624907432380e+00 -2.798468957768562859e+00
-2.499604577262370508e+00 1.557654330167137280e+00 -2.793812949972373616e+00
-2.525519273662720998e+00 1.515777560241713617e+00 -2.789142658418916287e+00
-2.551657201683770637e+00 1.473542556333325093e+00 -2.784421937944020708e+00
-2.577808903793586737e+00 1.431287128804029418e+00 -2.779691240412995867e+00
-2.601697353603828589e+00 1.387692914043137549e+00 -2.774599792129763820e+00
-2.385895515013780610e+00 1.725151309215517292e+00 -2.796670545135650165e+00
-2.413252251646399671e+00 1.694499649585570422e+00 -2.766683703681717788e+00
-2.436224642783269889e+00 1.672103075078711809e+00 -2.727897758019946384e+00
-2.454342034028185626e+00 1.655122305857778198e+00 -2.684610469532234145e+00
-2.468944210326825761e+00 1.642906084041536818e+00 -2.638493467533134407e+00
-2.481005950232618495e+00 1.634860589919952201e+00 -2.590678320603184037e+00
-2.491103231963662346e+00 1.630701362077617844e+00 -2.541837254324943451e+00
-2.500015939833820866e+00 1.629235915310851990e+00 -2.492645659781036915e+00
-2.507538235792949433e+00 1.629181447140363614e+00 -2.443268164965837652e+00
-2.235227520701200454e+00 1.811362068197318598e+00 -3.252633685375793782e+00
-2.245831135086575614e+00 1.788275812202210879e+00 -3.295765930845012459e+00
-2.256405857860972031e+00 1.765465079246665292e+00 -3.338906177868033787e+00
-2.265481588810018820e+00 1.741509039151461158e+00 -3.381772618721770485e+00
-2.274316969780738162e+00 1.717351346274096802e+00 -3.424600104675770584e+00
-2.283237015586762286e+00 1.693239918890601103e+00 -3.467452692821295646e+00
-2.299837026695544129e+00 1.641468039245896904e+00 -3.568601136973360344e+00
-2.302330226970409122e+00 1.638299844551113660e+00 -3.566760148141420395e+00
-2.304822418876549595e+00 1.635127976305861930e+00 -3.564935540055086172e+00
-2.225611887611248285e+00 1.821500410518664070e+00 -3.257818843720019064e+00
-2.218661854415275414e+00 1.817728004633149652e+00 -3.307183385335673353e+00
-2.204200101307947968e+00 1.823550613053281477e+00 -3.354583423492048855e+00
-2.184892500818186978e+00 1.835638368495089434e+00 -3.398743528939697889e+00
-2.162281640163937979e+00 1.851812441457807878e+00 -3.439689263414767328e+00
-2.137612669257371589e+00 1.870819367807040612e+00 -3.478983215357877690e+00
-2.118042065130487206e+00 1.880834147930046107e+00 -3.523827754644579535e+00
-2.106741303216489225e+00 1.879942208886195676e+00 -3.572389153685486818e+00
-2.105888934233616006e+00 1.868558541485500157e+00 -3.620900196136884297e+00
-2.125720590967952628e+00 1.918066930860773178e+00 -3.347370541182172587e+00
-2.132294793454600157e+00 1.913400474767669612e+00 -3.334888162334055384e+00
4.647017539496144378e-01 2.499695368737307355e+00 -4.837104736470241306e+00
4.940164557660321476e-01 2.483263758209926397e+00 -4.873888954259999018e+00
5.232144510035849905e-01 2.466144842337568921e+00 -4.910563601600456352e+00
5.524299133305865528e-01 2.449070548953260928e+00 -4.947291530638342927e+00
5.733557631248058506e-01 2.433702370227733169e+00 -4.984994232699362371e+00
5.755703937744838239e-01 2.422146860627451659e+00 -5.025036441400104970e+00
5.778134003809929364e-01 2.410416059088348106e+00 -5.065690586459721700e+00
5.799727778864594008e-01 2.397956455543999166e+00 -5.106910999302671783e+00
5.818128750825825035e-01 2.383822635196601425e+00 -5.148541030049763378e+00
4.749426108612987973e-01 2.500544519177185787e+00 -4.826288128307976599e+00
5.202261353782184905e-01 2.486352033362380975e+00 -4.841337540517174354e+00
5.684067994384256473e-01 2.474024820918862222e+00 -4.844271597238318350e+00
6.169703492448578297e-01 2.463896869864953931e+00 -4.839219630798752725e+00
6.648417103160488839e-01 2.455683793394788594e+00 -4.828066707243191757e+00
7.110900334937524381e-01 2.447822293667555993e+00 -4.811491636005824191e+00
7.556557258407897715e-01 2.440099825295806379e+00 -4.790536970660379978e+00
8.666255705969807543e-01 2.411679612691294050e+00 -4.758132041387010958e+00
8.659879460287019937e-01 2.417436884084388282e+00 -4.739331738102385394e+00
2.170937322431741867e-01 2.494649808578953909e+00 -4.972715459898606305e+00
2.098627024598170854e-01 2.480754160839766964e+00 -5.020159566446641186e+00
2.026659749641668840e-01 2.466856084046181952e+00 -5.067603557599253072e+00
1.955013904329327701e-01 2.452956979785986036e+00 -5.115043330867118598e+00
1.884306039121747545e-01 2.439780043640937368e+00 -5.162764760814562592e+00
1.813031756972817987e-01 2.426684733209862888e+00 -5.210629174973449018e+00
1.741680530431755636e-01 2.413605575148637161e+00 -5.258438559956083225e+00
1.670202583736994095e-01 2.400105619371993626e+00 -5.306042827908104442e+00
1.597958954278232424e-01 2.385543521565868019e+00 -5.353306690411176127e+00
2.028563182826623457e-01 2.496856483790579784e+00 -4.968818826735031280e+00
1.704500560374904994e-01 2.487974151495939701e+00 -5.005714890028660768e+00
1.295510715203022356e-01 2.482345136981713551e+00 -5.033911307733701435e+00
8.470733290196393039e-02 2.478962493552059776e+00 -5.055646947046834150e+00
3.747719084146944324e-02 2.475819819944998557e+00 -5.071296256907780631e+00
-4.111454935907790133e-03 2.468715344157226710e+00 -5.097763847915110169e+00
-3.890417781503454492e-02 2.456927778478299018e+00 -5.131386116869331104e+00
-6.693304905121182091e-02 2.444562951942815143e+00 -5.170683093953009291e+00
-8.434498233884037133e-02 2.431181690569954146e+00 -5.215301486550672827e+00
5.897414536312610700e-01 2.650746817312597425e+00 -4.112555303636269421e+00
6.072192061339830582e-01 2.657982505898686121e+00 -4.066192588334511804e+00
6.243074315531190743e-01 2.664118788126433213e+00 -4.019666443599864358e+00
6.024994319434489043e-01 2.646768292574868120e+00 -4.119159264919416863e+00
6.412676587321071153e-01 2.646468449814447510e+00 -4.087644143171225153e+00
6.855734975061748004e-01 2.639590497946363801e+00 -4.065747001296934116e+00
7.322738448653081100e-01 2.629865038572336111e+00 -4.051203947758830637e+00
-3.763572681902611211e-02 2.837229045899378299e+00 -3.486362364741192543e+00
-8.514359326682623130e-02 2.834424070188999778e+00 -3.494281034194624880e+00
-3.318805011959399809e-02 2.835073482842181747e+00 -3.500314369441449802e+00
-6.936900157020235713e-02 2.828023557690539924e+00 -3.532544962186869864e+00
-9.598299337666288400e-02 2.819660640681901143e+00 -3.573068030045010612e+00
-7.602851434677873055e-01 2.370964822571774544e+00 -5.026398988603800078e+00
-7.640160661062819214e-01 2.355993753398125889e+00 -5.073894256988690898e+00
-7.671339478433998327e-01 2.339198924797293966e+00 -5.120821633396886341e+00
-7.702306869599507833e-01 2.322402185973717170e+00 -5.167775861297345230e+00
-7.763091299833204673e-01 2.304691917247752020e+00 -5.214468327286371441e+00
-7.823280012409166151e-01 2.286913774646393005e+00 -5.261429866303104497e+00
-7.885502072812901053e-01 2.269844122150500798e+00 -5.308587023508120950e+00
-7.926962507785200174e-01 2.253468707400554383e+00 -5.355738931731385044e+00
-7.969080045021127434e-01 2.237089185098156907e+00 -5.402834819698428603e+00
-7.600903303943485900e-01 2.371713572880600474e+00 -5.023934791034466052e+00
-7.636690860311030615e-01 2.357889467128492011e+00 -5.068592382277474329e+00
-7.665287931908378871e-01 2.342583556683654589e+00 -5.111341238229855755e+00
-7.691540276930149966e-01 2.328446869619966719e+00 -5.150840526664184793e+00
-8.033745857507884613e-01 2.306768908355834480e+00 -5.181192413972294020e+00
-8.416921963813562835e-01 2.285620652415311760e+00 -5.205865555804766842e+00
-8.830579233160719133e-01 2.265444110223860275e+00 -5.224258541914597487e+00
-9.262797385066867673e-01 2.244302797226512158e+00 -5.234205736415956878e+00
-9.701412819893094897e-01 2.222654365052879388e+00 -5.239287576253664369e+00
-1.044881893130706230e+00 2.342224112157737181e+00 -4.749911554319043994e+00
-1.086066472034207475e+00 2.319522587861746921e+00 -4.766389065442717232e+00
-1.048895351246303509e+00 2.344731771307456025e+00 -4.735790332204933506e+00
-2.169768055766684578e-01 2.408605894384121537e+00 -5.262130881786348802e+00
-1.987667203504782376e-01 2.396283850254616432e+00 -5.307042523711945847e+00
-1.805365084717908686e-01 2.383897275221440903e+00 -5.351931113677900420e+00
-1.622917766087327296e-01 2.371513495991239395e+00 -5.396816034802650819e+00
-1.446836655173313613e-01 2.358092828069768832e+00 -5.441618087296489215e+00
-1.327703240103516868e-01 2.343303531140330076e+00 -5.487851523018324684e+00
-1.254200791542451621e-01 2.327698551590875908e+00 -5.534770880256295378e+00
-1.225427108933031806e-01 2.311831823360092741e+00 -5.582041921409377494e+00
-1.295330145204329486e-01 2.294606897868833428e+00 -5.628406612308115342e+00
-2.314184894444113738e-01 2.406149223142398874e+00 -5.264793371470815053e+00
-2.410374491695862487e-01 2.390279745322617444e+00 -5.311075725324021057e+00
-2.624137071786570852e-01 2.374407751999125793e+00 -5.353079579620649397e+00
-2.919055699304078377e-01 2.359015017474237919e+00 -5.390460353275454253e+00
-3.253849391694439430e-01 2.343732621353495915e+00 -5.424687995252159389e+00
-3.620289594039355352e-01 2.329154123360109185e+00 -5.455632415418585346e+00
-4.014131808701870696e-01 2.314834095259393099e+00 -5.482791212932927927e+00
-4.419778601163235066e-01 2.298212493837628045e+00 -5.506576304785077980e+00
-4.836173227476182057e-01 2.281533267884477745e+00 -5.528467787125337374e+00
1.035656624639807177e-01 2.514964313727124701e+00 -4.922970137488625220e+00
1.655876579724381070e+00 2.344388107527400233e+00 -3.294885941058859569e+00
1.681193235973178712e+00 2.319833563053850245e+00 -3.330282436272870683e+00
1.706792725851688397e+00 2.295695508442196164e+00 -3.365808488154311551e+00
1.730629878102175390e+00 2.269361699576593061e+00 -3.400834916119851670e+00
1.754343807681023160e+00 2.242858481031728690e+00 -3.435765708553545128e+00
1.778080969239635323e+00 2.216318760786883058e+00 -3.470776289961757577e+00
1.801829066914596877e+00 2.189767631597682396e+00 -3.505799462326145033e+00
1.825580626307037324e+00 2.163211990885752556e+00 -3.540830512898127669e+00
1.848024611886004642e+00 2.135181753479369338e+00 -3.575523543379771407e+00
1.664529872005664934e+00 2.341090493596645672e+00 -3.283243488387811659e+00
1.703100352177364440e+00 2.312031042901821820e+00 -3.295538145413144715e+00
1.743214906089827654e+00 2.282456115757543369e+00 -3.295245411763286558e+00
1.781968190988979517e+00 2.252366705629114119e+00 -3.286370890099227005e+00
1.820153749684119804e+00 2.224142978105688950e+00 -3.271241042985280512e+00
1.857674829368580749e+00 2.197605668821448699e+00 -3.251018013285277064e+00
1.893737784071172436e+00 2.173012663285405655e+00 -3.226977955400443854e+00
1.927453209889249175e+00 2.148036959586145933e+00 -3.200176958412210393e+00
1.960829642230590419e+00 2.123656480395961665e+00 -3.171870740034582248e+00
1.019125398726636433e+00 2.435741950053906812e+00 -4.450919133320236476e+00
1.023189389771312463e+00 2.422736338233211661e+00 -4.499008923170144669e+00
1.026514707307125907e+00 2.407881813673099725e+00 -4.546526425095459345e+00
1.030127259752041669e+00 2.392884134402037066e+00 -4.593897337149822846e+00
1.090473813727958818e+00 2.355024240346458075e+00 -4.637813166259663333e+00
1.088748631320407778e+00 2.343538194354993554e+00 -4.682458538196381248e+00
1.086831228590624532e+00 2.332766477454467413e+00 -4.720235862886037914e+00
1.085289363818407571e+00 2.323998248018349866e+00 -4.750958397281159762e+00
1.123058839212744964e+00 2.299713438251250075e+00 -4.772934545760280756e+00
1.032483413171349396e+00 2.431639604093123630e+00 -4.446417028199214805e+00
1.059400301169265868e+00 2.410728374879100855e+00 -4.482824814695550941e+00
1.093965490907923277e+00 2.387219352472024436e+00 -4.509753713350808546e+00
1.133317022622772452e+00 2.363395033613046703e+00 -4.529415807758830681e+00
1.176422643127031709e+00 2.340327629456098180e+00 -4.539286276863148117e+00
1.220825588359188973e+00 2.317692603861774447e+00 -4.537734314673331326e+00
1.265020425386477632e+00 2.296293495089984482e+00 -4.529232920527888062e+00
1.308239292599010284e+00 2.275036586111117032e+00 -4.516291439551670450e+00
1.351062065130566259e+00 2.254706695122446813e+00 -4.500787277452864110e+00
1.419419887698910365e+00 2.405915065781666140e+00 -3.735876222226472976e+00
1.521229177289858292e+00 2.345295047970063607e+00 -3.728900924152093399e+00
1.521730422551605955e+00 2.342701268078796417e+00 -3.739623105551798776e+00
1.522243908986024463e+00 2.340130029231055619e+00 -3.750200867322101228e+00
1.522780940671768279e+00 2.337424347761272170e+00 -3.761341908123360334e+00
1.523368138542271710e+00 2.334450908476817244e+00 -3.773594678455776119e+00
1.524027188480505446e+00 2.331101042840935555e+00 -3.787406275681959755e+00
1.524519060194705844e+00 2.326905858489322299e+00 -3.803040504219953544e+00
1.525024921440132797e+00 2.321999831977942907e+00 -3.820874096818507315e+00
1.420114528601674309e+00 2.408925004652637814e+00 -3.721281246082632777e+00
1.460276681209080829e+00 2.390231876779615572e+00 -3.698437501387100035e+00
1.498941958157733678e+00 2.371649182608976947e+00 -3.673040796780762118e+00
1.530382833830761236e+00 2.358833713872842353e+00 -3.636598084307333778e+00
1.557015019806769596e+00 2.350193048853307154e+00 -3.595252359947450849e+00
1.580657980219678516e+00 2.343759668059269163e+00 -3.551760369645391879e+00
1.602310481940691922e+00 2.338389248624208161e+00 -3.507147640075338746e+00
1.617481902502669433e+00 2.337243865816315935e+00 -3.459779006555971037e+00
1.624732120349728914e+00 2.341640654400510169e+00 -3.410880240840182154e+00
1.202143877253827764e+00 2.764756496020084331e+00 -2.206822652514483174e+00
1.238115868166818290e+00 2.752155241901412808e+00 -2.174640653186247885e+00
1.274047627688456918e+00 2.739568468832067616e+00 -2.142490300018362603e+00
1.309880577241053112e+00 2.726785812930934583e+00 -2.110131366825340304e+00
1.345257398439642982e+00 2.713016595361097849e+00 -2.077664047217868681e+00
1.380655081819655239e+00 2.699236881483338291e+00 -2.045195697200252738e+00
1.415398893281367698e+00 2.684441646478070265e+00 -2.012671275333064891e+00
1.449072143961971371e+00 2.667864597272847416e+00 -1.979934358123680127e+00
1.482755350156270913e+00 2.651642131718523032e+00 -1.947108616045806873e+00
1.192138722973325127e+00 2.769930465141043463e+00 -2.197061445094794951e+00
1.208162237097680336e+00 2.767245598946372009e+00 -2.149897007177473895e+00
1.212926654350857003e+00 2.769619509252958078e+00 -2.100309237605213930e+00
1.210370368244388928e+00 2.775129506663506440e+00 -2.050862742665230609e+00
1.202092195084182302e+00 2.783008164288833797e+00 -2.002451761709723055e+00
1.187469947529361747e+00 2.793988221128328231e+00 -1.955713641999832442e+00
1.169306676604714212e+00 2.806838835872075943e+00 -1.910680925610473091e+00
1.148899634125860159e+00 2.820519758905412289e+00 -1.866869579942175505e+00
1.127067910070832513e+00 2.834715994050603260e+00 -1.823940295019206514e+00
1.470551583796642303e+00 2.573681847434883263e+00 -2.630732823376588758e+00
1.472046211626052425e+00 2.579534147329658023e+00 -2.581134448319574393e+00
1.473932550421432008e+00 2.586045657157558075e+00 -2.531622899407187433e+00
1.477133568861695778e+00 2.591782397697916185e+00 -2.482076588471211931e+00
1.492654987771947717e+00 2.589885969252845310e+00 -2.434621342705465263e+00
1.516538582874449093e+00 2.582373982492180531e+00 -2.391406017667449202e+00
1.545203360716971952e+00 2.571432754653686370e+00 -2.352032446372692931e+00
1.575746257036584774e+00 2.556878607845068263e+00 -2.315220488380394848e+00
1.607557446445955884e+00 2.540387096684848967e+00 -2.280342157578254092e+00
1.483189426824747192e+00 2.566003949522042138e+00 -2.632447553605094637e+00
1.506933298949848510e+00 2.557703988718865951e+00 -2.589331725911900417e+00
1.540850783738756835e+00 2.542747865416324249e+00 -2.554907681842519818e+00
1.578596249616555758e+00 2.524791866509695559e+00 -2.526086206611108498e+00
1.618776311566324955e+00 2.504569546309014516e+00 -2.502595801736084091e+00
1.660241962434780172e+00 2.480697791938462071e+00 -2.485602451398962298e+00
1.701202208732888632e+00 2.453595185658824285e+00 -2.478859859498945717e+00
1.738748824654680947e+00 2.424704672127429461e+00 -2.481260819622714831e+00
1.772684689587391338e+00 2.397301957561803754e+00 -2.491618212439565383e+00
-1.301218435340872226e+00 2.199805160378378144e+00 -4.785747779639286215e+00
-1.337095494888425051e+00 2.172942968629004934e+00 -4.807474095375526169e+00
-1.370976736810076480e+00 2.143313842324475971e+00 -4.828299602510795374e+00
-1.404854459255142185e+00 2.113688042110232868e+00 -4.849141464084377517e+00
-1.434500258977630116e+00 2.084741340008661847e+00 -4.876918308298288096e+00
-1.458728691652714016e+00 2.057496497166457328e+00 -4.910944719336892916e+00
-1.477962605244402150e+00 2.030283786961344816e+00 -4.948110429346645134e+00
-1.494151657965626434e+00 2.003838401596071961e+00 -4.987277644007686028e+00
-1.508616895882963549e+00 1.978488971958110021e+00 -5.027826000912422266e+00
-1.307063919191061574e+00 2.200862115217719683e+00 -4.772080547124700978e+00
-1.350134324281751397e+00 2.176843499310772145e+00 -4.767214903407722915e+00
-2.017287521198034117e+00 1.971479501183043048e+00 -3.587715972665417308e+00
-2.022951359777102276e+00 1.968827686206577221e+00 -3.574288341819372938e+00
-1.831011115660571731e+00 2.347286537058219213e+00 -2.562252229095138834e+00
-1.828763366927471878e+00 2.353187418533662534e+00 -2.529361467876944936e+00
-1.826111901736412246e+00 2.360173483765681812e+00 -2.490363256187277052e+00
-1.823189898627678218e+00 2.367866670731758827e+00 -2.447430843502551134e+00
-1.804863455467758948e+00 2.387373515169303850e+00 -2.405072360065094728e+00
-1.788938547029562010e+00 2.405235096123066185e+00 -2.361073420858967431e+00
-1.774525533152879309e+00 2.422044626606365103e+00 -2.316170157670974117e+00
-1.761435623357698432e+00 2.438599206564763477e+00 -2.270742544353535397e+00
-1.739267391118691330e+00 2.460918232257462090e+00 -2.231931216870418844e+00
-1.830222467944046860e+00 2.349346396723172692e+00 -2.550795267324344362e+00
-1.827614891030857391e+00 2.356184186924640933e+00 -2.512700224704838892e+00
-1.824945198198697494e+00 2.363202382495339204e+00 -2.473559401010311021e+00
-1.822151052502477775e+00 2.370551810027617279e+00 -2.432561860643108975e+00
-1.801986617063969565e+00 2.391281540706486020e+00 -2.391745449138789947e+00
-1.784239750186088047e+00 2.410383555460200444e+00 -2.349052392405609258e+00
-1.767010607308337811e+00 2.429131727154458353e+00 -2.305999025724641882e+00
-1.748438074108546125e+00 2.449581842664957598e+00 -2.264289578850242624e+00
-1.724535285602575518e+00 2.471646840646225307e+00 -2.226450595254077847e+00
-2.693434595071331650e+00 1.528239674187011676e+00 -1.169856089999268711e+00
-2.713841824606177955e+00 1.497137250229764405e+00 -1.136519757996371283e+00
-2.732586891846572996e+00 1.465123045363355470e+00 -1.103072918092693921e+00
-2.751416143360166711e+00 1.432951360526309781e+00 -1.069614568769697405e+00
-2.770403056482590998e+00 1.400952082471725424e+00 -1.036149658259888806e+00
-2.788498209429864705e+00 1.368652584218800206e+00 -1.002663068930363943e+00
-2.805120523017058609e+00 1.335630545435925187e+00 -9.690846059832602943e-01
-2.865173145683261424e+00 1.207238987593875157e+00 -9.510203204596399118e-01
-2.868364088650983135e+00 1.202776762365581176e+00 -9.140327878246629068e-01
-2.688225280323471189e+00 1.538551443609482927e+00 -1.160380941527261234e+00
-2.698325956770439848e+00 1.527631901713126350e+00 -1.112642597547810697e+00
-2.701765153336963099e+00 1.527176091756201615e+00 -1.062792450432183511e+00
-2.700676579366691588e+00 1.534000714702827173e+00 -1.013304799920687893e+00
-2.695971301776359574e+00 1.546002837749529402e+00 -9.650188170842040059e-01
-2.688559165685011187e+00 1.562734535477656284e+00 -9.184632764752420631e-01
-2.679135165189038048e+00 1.582943740679580769e+00 -8.737058262465746683e-01
-2.668495641750398217e+00 1.605243891879990947e+00 -8.302653700646658308e-01
-2.655267224814287452e+00 1.627790128273364223e+00 -7.877062294395447140e-01
-2.735624453495664632e+00 1.390846292231883607e+00 -1.620491270388632721e+00
-2.760630737044647010e+00 1.335940886781157744e+00 -1.639764686330739352e+00
-2.806958468648736549e+00 1.235061110932026418e+00 -1.657822355280308635e+00
-2.805971738591916509e+00 1.234273036099557519e+00 -1.675893804955846722e+00
-2.804793292073910038e+00 1.233572597581023444e+00 -1.693625817803079858e+00
-2.803466381283988618e+00 1.232695387997657432e+00 -1.711907096089864355e+00
-2.802055213165527192e+00 1.231763115877494652e+00 -1.731346317470836782e+00
-2.800528078892099870e+00 1.230755767819851521e+00 -1.752376043460640131e+00
-2.841846658295610339e+00 1.114954572537700139e+00 -1.831766597862861889e+00
-2.731234153197279468e+00 1.397358248542168946e+00 -1.633152031165475249e+00
-2.741004544752478012e+00 1.370102501127617112e+00 -1.673580442263731705e+00
-2.745686026325742546e+00 1.351528629572556151e+00 -1.719561133152034182e+00
-2.747447963723578912e+00 1.339236286974907486e+00 -1.767875023250065514e+00
-2.743156789245186911e+00 1.338975328912572760e+00 -1.817616344433208297e+00
-2.734084411932788061e+00 1.348588339438193451e+00 -1.865779901462860213e+00
-2.722313418497258830e+00 1.364156318439966986e+00 -1.911763460214989108e+00
-2.708981590939809614e+00 1.383267816711147624e+00 -1.955956826344773969e+00
-2.693327801799625831e+00 1.403842222434645848e+00 -1.998695215160138927e+00
-2.167046520711198188e+00 2.223397031517769573e+00 -9.916217547940362476e-01
-2.189219755322723948e+00 2.204972480036507587e+00 -9.506459943321911021e-01
-2.211342071472038651e+00 2.186594877199876663e+00 -9.097018010221257223e-01
-2.232836498592317032e+00 2.167714867877117424e+00 -8.687524936918870067e-01
-2.252983791999735530e+00 2.147571735142596694e+00 -8.277187762068148880e-01
-2.272988349124052121e+00 2.127311962878271956e+00 -7.866677067019917091e-01
-2.292982255439322437e+00 2.107067643673949497e+00 -7.456139386278900494e-01
-2.318758774271667544e+00 2.080371278910953414e+00 -7.046005273424690296e-01
-2.343290103752770026e+00 2.055058825548275792e+00 -6.636867709652842784e-01
-2.157689988510343326e+00 2.232946189641468404e+00 -9.849923611492367170e-01
-2.161881015848363230e+00 2.231878512935252523e+00 -9.352618255530741331e-01
-2.156175003270442314e+00 2.238382689877191023e+00 -8.862291783414865121e-01
-2.144352030259156994e+00 2.250191439898790335e+00 -8.395323693929466202e-01
-2.128944476421657850e+00 2.266245297262129643e+00 -7.951880386205426587e-01
-2.109808689206578602e+00 2.285708176399728675e+00 -7.540342266623796252e-01
-2.088244309631724249e+00 2.307140560252946226e+00 -7.154085141847293938e-01
-2.065351181569387240e+00 2.329631409086565075e+00 -6.784617954195282241e-01
-2.039795255377781835e+00 2.354356680398835167e+00 -6.431259427798794448e-01
-2.624494157982892428e+00 1.343408628532601012e+00 -2.776948994559436112e+00
-2.670609000056773041e+00 1.237441064308266503e+00 -2.818259896227514716e+00
-2.677262363461845318e+00 1.228396722215594705e+00 -2.799892156326209580e+00
-2.683786996505605149e+00 1.219498112218997399e+00 -2.781961759346124108e+00
-2.690528046923148509e+00 1.210309476568553366e+00 -2.763422240408739849e+00
-2.776996955125110134e+00 1.154150853047944070e+00 -2.779911596732877577e+00
-2.764715511772029899e+00 1.109645759778575824e+00 -2.774489146099956560e+00
-2.752456374316477827e+00 1.064390013214087105e+00 -2.767782842133645893e+00
-2.625423576239106715e+00 1.345649028968648686e+00 -2.762240479668244930e+00
-2.647272433817946524e+00 1.308609992590452187e+00 -2.737435203401341166e+00
-2.693478946918871131e+00 1.219711046319810865e+00 -2.717703651020935585e+00
-2.700557188423335031e+00 1.217367999965017544e+00 -2.677773493686310680e+00
-2.708312015401475925e+00 1.214557635282927261e+00 -2.633633518349053126e+00
-2.715653951124159970e+00 1.211397615052998589e+00 -2.587027534672408535e+00
-2.727884631564954088e+00 1.197713761484726414e+00 -2.540584252486141281e+00
-2.739116002774106384e+00 1.186419149252930572e+00 -2.493225659244124426e+00
-2.749744841416671637e+00 1.176675864388714077e+00 -2.445367985182279824e+00
-2.508999705139277392e+00 1.636651145598812196e+00 -2.393848642443460406e+00
-2.511071126668774856e+00 1.644522609403509250e+00 -2.344511207989738111e+00
-2.513086592185455270e+00 1.652316805566561131e+00 -2.295146650637597929e+00
-2.514107520951608610e+00 1.659308301694807586e+00 -2.245678044585419197e+00
-2.515607142905485816e+00 1.666427369802681024e+00 -2.196282740259297928e+00
-2.517107561322421638e+00 1.673688263809472776e+00 -2.147035437007678293e+00
-2.517770102153528811e+00 1.680630581123979894e+00 -2.097546548194581639e+00
-2.511218094271436829e+00 1.698500112048586086e+00 -2.051314860300072596e+00
-2.508102757908753588e+00 1.711318479922018021e+00 -2.003085936653889565e+00
-2.516764245498615882e+00 1.623947230576646472e+00 -2.394474825182914657e+00
-2.532309396165380644e+00 1.608667988302821650e+00 -2.349587314085088696e+00
-2.552851545307370795e+00 1.583824236224533832e+00 -2.311383322669952278e+00
-2.575807429345312816e+00 1.553678853128242832e+00 -2.278751908660156644e+00
-2.599846012457183164e+00 1.519596147684115994e+00 -2.251255951324633298e+00
-2.624702962286431518e+00 1.482626654324166404e+00 -2.228556440530478966e+00
-2.648128057829813642e+00 1.442763200495161158e+00 -2.209622486471180647e+00
-2.671941914786079231e+00 1.399249093647967124e+00 -2.204348754088094609e+00
-2.693977778142772728e+00 1.355594223677734744e+00 -2.213923480100303376e+00
-2.304562938240477976e+00 1.635455587539139888e+00 -3.565133830576423524e+00
-2.305508541382537135e+00 1.634252748998167748e+00 -3.564439469804581595e+00
-2.308364610725308630e+00 1.630619798341460980e+00 -3.562342042189553748e+00
-2.315689610152678046e+00 1.621302390873659682e+00 -3.556962520794908933e+00
-2.329326975458825277e+00 1.603955614136609364e+00 -3.546947265397116578e+00
-2.348042104461135704e+00 1.580149913731401456e+00 -3.533202879448349876e+00
-2.373403528437279864e+00 1.538532331977482848e+00 -3.544107640922256941e+00
-2.399873208961198046e+00 1.496668039635890013e+00 -3.550528453296539322e+00
-2.424780730882800661e+00 1.453880249261382707e+00 -3.553944871619554302e+00
-2.311550425610800819e+00 1.626568598989628800e+00 -3.559998698598959788e+00
-2.318386674757400900e+00 1.617872950494101403e+00 -3.554977903398615968e+00
-2.328568751861079367e+00 1.604921300642202953e+00 -3.547500242661823400e+00
-2.337748619397955530e+00 1.593244582731536463e+00 -3.540758230878281232e+00
-2.348714567485536087e+00 1.579295958843774272e+00 -3.532704541378461904e+00
-2.360516148958160532e+00 1.564284370269392710e+00 -3.524037278137261531e+00
-2.381603423277426579e+00 1.525290731665410071e+00 -3.546957246334806690e+00
-2.403373666821742916e+00 1.485366587198072352e+00 -3.566717916477217365e+00
-2.477448582027821811e+00 1.346368323218952279e+00 -3.601804367914291927e+00
-2.107197691316575305e+00 1.853711718044394718e+00 -3.668517774449524982e+00
-2.107705829954046095e+00 1.838467222507849996e+00 -3.716038604437114312e+00
-2.108167519076178387e+00 1.823278098438118278e+00 -3.763556850918668317e+00
-2.109052193233363681e+00 1.808554864245974780e+00 -3.811264576605998933e+00
-2.110018126344391565e+00 1.793758544960833978e+00 -3.859114816424222827e+00
-2.111016330831826160e+00 1.778942558338191260e+00 -3.906901053147446845e+00
-2.112032352162601878e+00 1.764095959196005925e+00 -3.954614953668552424e+00
-2.111574254849306165e+00 1.747977446912345467e+00 -4.001910972769858965e+00
-2.111071244682036330e+00 1.731853695606611288e+00 -4.049217867898683210e+00
-2.116977847966267756e+00 1.843954439193983275e+00 -3.662892909669747343e+00
-2.134696709843494578e+00 1.812495778563844695e+00 -3.697412806978723765e+00
-2.158742797330445828e+00 1.776580790444511671e+00 -3.722271980809260583e+00
-2.186225494471740749e+00 1.738880637869384627e+00 -3.739822946892044975e+00
-2.214487399595526540e+00 1.699460166920520043e+00 -3.751002457967921089e+00
-2.242192723556403866e+00 1.658392569844642894e+00 -3.756353980551127236e+00
-2.265811853301285872e+00 1.618924370409345226e+00 -3.775368793157333869e+00
-2.284964998135315728e+00 1.582480489371688170e+00 -3.805049398252149828e+00
-2.299732906280676836e+00 1.550266723886783549e+00 -3.840848418727235813e+00
5.835077273466555692e-01 2.370634150419339115e+00 -5.187403117908620409e+00
6.079270451059995972e-01 2.351693298620750383e+00 -5.226886285704800628e+00
6.302209635146311939e-01 2.332864140409424802e+00 -5.267608280653074182e+00
6.514530857508816775e-01 2.314136570954050232e+00 -5.308962505466437776e+00
6.718821680682920405e-01 2.295456257421783608e+00 -5.350506622614269681e+00
6.915143352716340841e-01 2.275196422871829327e+00 -5.391692661363278738e+00
7.108218255301889110e-01 2.254955218469780753e+00 -5.433097010938533700e+00
7.300081830359171908e-01 2.234725862982561928e+00 -5.474568886151580216e+00
7.491472763894384546e-01 2.214616615029116886e+00 -5.516116418479313666e+00
5.837753279744073431e-01 2.368523548065905704e+00 -5.193625060895846524e+00
5.987530541624550562e-01 2.350358697444895562e+00 -5.237760158874562144e+00
6.046316041039612177e-01 2.333601411727542985e+00 -5.284371571703935011e+00
5.994042619605798317e-01 2.319595013653244386e+00 -5.331812347054584400e+00
5.837332304600520994e-01 2.308976926235646765e+00 -5.377442828609781955e+00
5.579031299436008062e-01 2.301875496868460047e+00 -5.419786372578979439e+00
5.274812734024111327e-01 2.296818425076036618e+00 -5.459206692909191361e+00
4.921209556176319166e-01 2.291777184035776127e+00 -5.494063736347289506e+00
4.541891963349805605e-01 2.287914439497485297e+00 -5.526273166103225165e+00
8.653576646110581194e-01 2.423138019900701767e+00 -4.720713410490152029e+00
8.643906445707673081e-01 2.431835617373137470e+00 -4.692315951197326918e+00
8.631820701076194924e-01 2.442708432301873511e+00 -4.656816110558468225e+00
8.613574071758091089e-01 2.453975659828441902e+00 -4.616437876937647289e+00
8.593918269089237949e-01 2.465724687067008869e+00 -4.572913618832330940e+00
8.573193127017267878e-01 2.478102330862697045e+00 -4.527063283757099654e+00
8.552999034513235621e-01 2.491059270254108338e+00 -4.478843599363162120e+00
8.397712595193373986e-01 2.508118425240487337e+00 -4.434518093490397384e+00
8.122541198179963340e-01 2.526662027763563856e+00 -4.397260789727761576e+00
8.658260213576297604e-01 2.418915620163029967e+00 -4.734500753685954244e+00
8.656331814030433502e-01 2.420656583694325459e+00 -4.728815688414394813e+00
8.654559386185315395e-01 2.422252999081871749e+00 -4.723603131315062598e+00
8.653001327564593392e-01 2.423656588752756580e+00 -4.719020148088255873e+00
8.650598726987712705e-01 2.425821889177857571e+00 -4.711949918380693880e+00
8.646046698639658912e-01 2.429922796145606245e+00 -4.698559665769263205e+00
8.643934821964895932e-01 2.431832188659753591e+00 -4.692324234990787879e+00
8.641821519347833158e-01 2.433737723874856318e+00 -4.686102075391151089e+00
8.636873994036036173e-01 2.438191745386546927e+00 -4.671559254904681602e+00
1.732707523951823869e-01 2.369591485599074066e+00 -5.398676180313450423e+00
1.863023366318168617e-01 2.353084387691827928e+00 -5.443884378539168623e+00
1.991957138893560852e-01 2.336578549192672494e+00 -5.489124031119128055e+00
2.129303512450345937e-01 2.320097062498113427e+00 -5.534434242860975850e+00
2.266233495144316656e-01 2.303811659750980123e+00 -5.579811888011653842e+00
2.212289238351410614e-01 2.259261669531507977e+00 -5.710682441856290481e+00
2.126513304842314322e-01 2.260436846029417080e+00 -5.710667096972873225e+00
1.965344950204244434e-01 2.262642741672030056e+00 -5.710644289680081975e+00
1.744732375308921390e-01 2.264056543431373747e+00 -5.710030167708140425e+00
1.585035127905618513e-01 2.370140918789150675e+00 -5.400817523871421777e+00
1.435046945599332824e-01 2.355947050286581579e+00 -5.446356152912407822e+00
1.172156979569547175e-01 2.344312080792387842e+00 -5.487244762453921787e+00
8.481233247504525730e-02 2.334495425312005601e+00 -5.523907643492136366e+00
4.770885410835545848e-02 2.323576320676936646e+00 -5.555431650883571493e+00
1.078426640137173341e-02 2.312540399923519896e+00 -5.587152290563326851e+00
-1.618970725432062815e-02 2.299005264100527413e+00 -5.626919774402112218e+00
-2.949549595799872900e-02 2.283831936664680207e+00 -5.672298701326525361e+00
-2.909776947159304836e-02 2.267493686749275650e+00 -5.719149302569279669e+00
-9.435900980088221535e-02 2.417208637286521800e+00 -5.261883333589500111e+00
-7.951774152075447022e-02 2.417301415624756089e+00 -5.262722627623229066e+00
-6.124064224354629909e-02 2.404128380423916411e+00 -5.307043907232570135e+00
-4.050592694437657459e-02 2.391054692797726755e+00 -5.350146119299122205e+00
-1.868993063004815644e-02 2.377754774528696213e+00 -5.392734364561635907e+00
1.494294122182017112e-02 2.366392753193263587e+00 -5.427500640948219157e+00
-8.080238654988614044e-01 2.218502388000878511e+00 -5.447878591704505169e+00
-8.184764325000923879e-01 2.198260106585164575e+00 -5.492353728242927779e+00
-8.288546090419520729e-01 2.177822317902284421e+00 -5.536755516423924384e+00
-8.393199009012849432e-01 2.157347515675525074e+00 -5.581169466823005187e+00
-8.497699948403435455e-01 2.136876708820486748e+00 -5.625587892914786892e+00
-8.601554273427809427e-01 2.116290982273677290e+00 -5.669957124921164215e+00
-8.703477435622701819e-01 2.095470334619340402e+00 -5.714208321245659583e+00
-8.798918572667748794e-01 2.073579091001661379e+00 -5.758106172318378846e+00
-8.894198479792115863e-01 2.051687601843903863e+00 -5.802022616408009981e+00
-7.939555666888131746e-01 2.222634363949558711e+00 -5.450599625606103338e+00
-7.782551241295228017e-01 2.211512216892775662e+00 -5.496734435090849580e+00
-7.518153070235304991e-01 2.205217857788265956e+00 -5.538655949423090696e+00
-7.193598930304612171e-01 2.202121377524483670e+00 -5.576797527249538255e+00
-6.826530715441162522e-01 2.201778776377805613e+00 -5.610847197379565721e+00
-6.425660142335284375e-01 2.202476215975642138e+00 -5.640602102555996034e+00
-6.048050649889776809e-01 2.200632195902668453e+00 -5.673215405243060339e+00
-5.771986966862723278e-01 2.193057547171694655e+00 -5.714208757691665141e+00
-5.590290731616802677e-01 2.181502243327946289e+00 -5.759322551666994805e+00
-1.015854535031795791e+00 2.203916702088743573e+00 -5.233375520515178181e+00
-1.061637431253886765e+00 2.185149172684286878e+00 -5.227458326206738448e+00
-1.107375673838910002e+00 2.166202471320383349e+00 -5.221487192071128547e+00
-1.151312547875187553e+00 2.143865863111789949e+00 -5.214328001714834571e+00
-1.194997642575363450e+00 2.121404320076096361e+00 -5.207058373664176010e+00
-1.239002440051694132e+00 2.098763480598429432e+00 -5.199777426526928537e+00
-1.282894748137294316e+00 2.076186098386419765e+00 -5.192499421101384627e+00
-1.324965602588635383e+00 2.050079450189857155e+00 -5.193063817767257007e+00
-1.361781769209220672e+00 2.019651570984854150e+00 -5.204585929988500226e+00
-1.013722686758433245e+00 2.200116196362110976e+00 -5.247626213254167560e+00
-1.052137586073431219e+00 2.175916953677239363e+00 -5.268048863523574710e+00
-1.082783812147466662e+00 2.151061705206482433e+00 -5.298368283589144134e+00
-1.107217492676378479e+00 2.125281628280995427e+00 -5.333292588028591297e+00
-1.137697352335039991e+00 2.075145529317541815e+00 -5.425768190525869450e+00
-1.143030049929967262e+00 2.073100161918771445e+00 -5.423694061898845398e+00
-1.144615369701709184e+00 2.072497622701805042e+00 -5.423062213016557109e+00
-1.143370466736386870e+00 2.072977558255952868e+00 -5.423539636585998913e+00
-1.139880516743001282e+00 2.074316096715236757e+00 -5.424897145296700529e+00
-1.362125162045621507e-01 2.277384971245699496e+00 -5.674823350786327048e+00
-1.428719308167863966e-01 2.260247930652863335e+00 -5.721269634974395224e+00
-1.495409626395733937e-01 2.243329252608341484e+00 -5.767776501676398659e+00
-1.666633290623153185e-01 2.226596750902002153e+00 -5.811691367808886177e+00
-1.897293778026946098e-01 2.210258770191198874e+00 -5.852846092008567425e+00
-2.159957752127464048e-01 2.192168092316978179e+00 -5.891195868309872630e+00
-2.442122851716913012e-01 2.174600996046245793e+00 -5.928274642317925114e+00
-2.742557272483225894e-01 2.157117971130011469e+00 -5.964540523911419534e+00
-2.930122368574169522e-01 2.138658311149600699e+00 -6.007094758852487892e+00
-1.505185570022506691e-01 2.277920499864121595e+00 -5.670561498111537979e+00
-1.841805234030589600e-01 2.262812784356010631e+00 -5.705880904986958768e+00
-2.254690074339306127e-01 2.250479973173348913e+00 -5.732558785892282849e+00
-2.698836970838305871e-01 2.239148226668698172e+00 -5.752117414826698472e+00
-3.171214470451786949e-01 2.228799188913317852e+00 -5.762691437420441432e+00
-3.656762240916830997e-01 2.219828602392951211e+00 -5.764525690280335901e+00
-4.148300060697058256e-01 2.212234791568823855e+00 -5.762227775024928889e+00
-5.223669661106055129e-01 2.264102086036570594e+00 -5.554915387465404031e+00
-5.610956978587335886e-01 2.246677059767014484e+00 -5.581358279353390905e+00
-5.118295548839019160e-01 2.262871534010931995e+00 -5.565287063320907279e+00
-5.290124202996606684e-01 2.244490056507590925e+00 -5.608348971592826970e+00
1.865358054391722087e+00 2.109917396719097393e+00 -3.614923813798121888e+00
1.882709771522234288e+00 2.084567549157179123e+00 -3.654360149284546999e+00
1.900021585604098284e+00 2.059246198088118263e+00 -3.693820169305874312e+00
1.917287346095768008e+00 2.033960530759690410e+00 -3.733296797396453925e+00
1.933463067017054948e+00 2.007572109856806897e+00 -3.772478291598272637e+00
1.949354976917336169e+00 1.980839847570720735e+00 -3.811576907321597485e+00
1.965316245073627677e+00 1.954040513914879984e+00 -3.850675482221012302e+00
1.981245608153791915e+00 1.927271856036583353e+00 -3.889774686114668700e+00
1.997186548375966320e+00 1.900589509622524709e+00 -3.928884782445237089e+00
1.874175244400706264e+00 2.104191220613568891e+00 -3.604563012701606173e+00
1.905982709618142534e+00 2.070421477733126903e+00 -3.623068140685532512e+00
1.941531804858250609e+00 2.035990737964672448e+00 -3.629561093098518931e+00
1.989983839842203617e+00 1.988669383267894331e+00 -3.629976507456621260e+00
1.993320108141573233e+00 1.989145554567112839e+00 -3.615912776062891965e+00
1.997763998137194630e+00 1.989784276683114417e+00 -3.597163963304915502e+00
2.003249765213156675e+00 1.990572072412571503e+00 -3.574021884051267861e+00
2.009438379725640988e+00 1.991460408282976102e+00 -3.547916207069048422e+00
2.016036357204877394e+00 1.992407251651697964e+00 -3.520084608345816157e+00
1.995760260611591397e+00 2.097032141233434288e+00 -3.147963810703863441e+00
2.029852583752122630e+00 2.069779104454523733e+00 -3.123883813569641621e+00
2.062795574543797361e+00 2.041383583095321530e+00 -3.099570178363092676e+00
2.094720984356894355e+00 2.011946726778636396e+00 -3.075008987214393308e+00
2.126826365033060995e+00 1.982671444481213463e+00 -3.050420281773301490e+00
2.159065017090676886e+00 1.953389287008291619e+00 -3.025840392897559905e+00
2.191293942972519559e+00 1.924119083873932157e+00 -3.001254418298431759e+00
2.222687505072262759e+00 1.894208526223046141e+00 -2.976550470290147743e+00
2.253353044127356153e+00 1.863619486050972052e+00 -2.951704031696970265e+00
1.990148366912015687e+00 2.104326460088027151e+00 -3.136245254226094570e+00
2.012840986273244148e+00 2.092329427398907704e+00 -3.093382802249608154e+00
2.027562806579764398e+00 2.088800952349474382e+00 -3.045796539517039658e+00
2.035285422427074220e+00 2.090288838334762644e+00 -2.996469263112945036e+00
2.038476074916452774e+00 2.096194204748667467e+00 -2.946968309269002884e+00
2.037294092884967878e+00 2.106230548698237115e+00 -2.898021937006447502e+00
2.032945321701349339e+00 2.119178271325030671e+00 -2.849919726504587913e+00
2.026961977218348920e+00 2.134265530604305461e+00 -2.802544136905215755e+00
2.019817291623679623e+00 2.150577348644101328e+00 -2.755751346455924899e+00
1.165446441826521573e+00 2.275538714124873074e+00 -4.783484261503927470e+00
1.207567486674974155e+00 2.250764871901479225e+00 -4.793835907644440120e+00
1.248531274753396536e+00 2.224023832811070189e+00 -4.803542231378155947e+00
1.384457444400520876e+00 2.137972624007291156e+00 -4.822726963275757228e+00
1.383403006672448088e+00 2.137137093593685755e+00 -4.827826889771494656e+00
1.382408560811269727e+00 2.136311264861651793e+00 -4.832764565742860619e+00
1.381401855471700246e+00 2.135477653228798900e+00 -4.837755006803698521e+00
1.380252235524943583e+00 2.134494153649860948e+00 -4.842870981367576100e+00
1.379033745772527908e+00 2.133385408320229715e+00 -4.848327167374405278e+00
1.159160811297589744e+00 2.274976151545400338e+00 -4.797018156548852552e+00
1.187055652498008707e+00 2.250967442539561603e+00 -4.830785086227787239e+00
1.204464661060449249e+00 2.228159584961671769e+00 -4.871638659475292954e+00
1.215118555476286444e+00 2.208225412471959803e+00 -4.916142195116671054e+00
1.220199217603878505e+00 2.190509780961199748e+00 -4.962542841473982946e+00
1.221881037736521014e+00 2.173916791767674273e+00 -5.009628724536968392e+00
1.221662909538739461e+00 2.158254799696982307e+00 -5.057094756504842969e+00
1.216773267845903783e+00 2.145127445154092705e+00 -5.105080169565852977e+00
1.206440162144738926e+00 2.134939309787856399e+00 -5.152919454272702815e+00
1.394093124352202118e+00 2.231719846005004282e+00 -4.490398627293811451e+00
1.436351650995985052e+00 2.207582557501764242e+00 -4.479700510813880321e+00
1.477627023840342613e+00 2.182122000000603190e+00 -4.468620577130272054e+00
1.519066326388358590e+00 2.156554465082373806e+00 -4.457517375656832037e+00
1.560493692854353132e+00 2.130998757551258560e+00 -4.446401573346152603e+00
1.601621778487355430e+00 2.105130797887390770e+00 -4.435163083528072647e+00
1.640961669767005082e+00 2.076951819867394633e+00 -4.423227217845036918e+00
1.679748506674057840e+00 2.048127722634307979e+00 -4.411082660071702577e+00
1.718660008872350708e+00 2.019239496138943490e+00 -4.398898143261916083e+00
1.391404642918087298e+00 2.237566444904938834e+00 -4.476934239424263495e+00
1.425742543190519740e+00 2.225312390984557354e+00 -4.442951091295109123e+00
1.452199876965410086e+00 2.219099426782983997e+00 -4.401172732216848793e+00
1.473128224825679400e+00 2.217925419770435003e+00 -4.355945326278360064e+00
1.489321054640522890e+00 2.220596853955546290e+00 -4.308829118803518377e+00
1.501317972363847231e+00 2.226471394066152687e+00 -4.260730673250789913e+00
1.509420064721891386e+00 2.234517076063819108e+00 -4.212125530462807355e+00
1.514619840276587359e+00 2.243307889039972913e+00 -4.163243116422924217e+00
1.518074181188568295e+00 2.252865592572869780e+00 -4.114338060156224053e+00
1.525784836056403693e+00 2.314576938935219541e+00 -3.847870839315110647e+00
1.526759902220728105e+00 2.305034143248643641e+00 -3.882582460116240419e+00
1.551473433864147378e+00 2.279508529687564344e+00 -3.917773091173937239e+00
1.573494187210863648e+00 2.255138370728024810e+00 -3.955476488625984999e+00
1.596049945779122181e+00 2.230533117976921886e+00 -3.992702220635898414e+00
1.627717601735369612e+00 2.201813475116927155e+00 -4.018547981017384529e+00
1.663372372716685144e+00 2.169929727869427172e+00 -4.032628858101778846e+00
1.701034504900733157e+00 2.138066070174320377e+00 -4.038568541350642249e+00
1.739890381293997423e+00 2.106600851631011739e+00 -4.039218156144812610e+00
1.525423536468577312e+00 2.318137544759562907e+00 -3.834912682155231067e+00
1.525799020013338891e+00 2.314456859532595612e+00 -3.848302630868240204e+00
1.526191428495692781e+00 2.310612769890774576e+00 -3.862286361868919826e+00
1.526692600387625331e+00 2.305709454991320406e+00 -3.880121599739682292e+00
1.527100158516846884e+00 2.301715909434126406e+00 -3.894649288861154357e+00
1.563499606934189989e+00 2.272716377951907507e+00 -3.912921365386454298e+00
1.602202960314081714e+00 2.243286573740737477e+00 -3.924395256913295160e+00
1.642671733000165890e+00 2.213989218912772561e+00 -3.925038270621674208e+00
1.682513546554618822e+00 2.185429139794830888e+00 -3.916360490459543264e+00
1.519962450165373902e+00 2.632881104483076662e+00 -1.920215337459456606e+00
1.557809127269520255e+00 2.613748736700735709e+00 -1.893288677307196632e+00
1.595579723250708293e+00 2.594661248594327230e+00 -1.866359782345788698e+00
1.633273855996028256e+00 2.575617607014692556e+00 -1.839439692626835265e+00
1.669266965762447485e+00 2.554285135952176322e+00 -1.812373182876454658e+00
1.704908726987528267e+00 2.532366837628771794e+00 -1.785272653787512986e+00
1.740553672532282770e+00 2.510443445960854003e+00 -1.758210432471879026e+00
1.776299082760920856e+00 2.488460151951545907e+00 -1.731047404436789838e+00
1.812029851429381555e+00 2.466488188700737716e+00 -1.703865281633483830e+00
1.512058642868544522e+00 2.638788994798585197e+00 -1.909046575375576316e+00
1.532882800923797362e+00 2.631662302126787090e+00 -1.864372219136846809e+00
1.544048348485325350e+00 2.630683027076950786e+00 -1.815463816115659101e+00
1.548179147123303956e+00 2.633938764851021741e+00 -1.765600042806829917e+00
1.546697571804195315e+00 2.640461497378835176e+00 -1.715955155228136242e+00
1.540281002626215479e+00 2.649776416888004693e+00 -1.667209608269466292e+00
1.529750912319535860e+00 2.660460999727383147e+00 -1.619574999956901129e+00
1.516399768956423033e+00 2.671514541726512260e+00 -1.572696682519724165e+00
1.501346731266779866e+00 2.683336861078500668e+00 -1.526535926398004506e+00
1.097754379038448302e+00 2.849443740054811602e+00 -1.786548627070217332e+00
1.067999589179645659e+00 2.862633731770952483e+00 -1.748984195191996216e+00
1.038416208600497326e+00 2.875764746743460165e+00 -1.711395897601747373e+00
1.007819707638739182e+00 2.889264997685762726e+00 -1.673656905602963985e+00
9.773255802495516287e-01 2.902728905517652613e+00 -1.635919474763746884e+00
9.470927297598230599e-01 2.916599760522375906e+00 -1.598108874497838672e+00
9.170570893706921911e-01 2.930585534904280198e+00 -1.560385499599635573e+00
8.871002257799209811e-01 2.944064309383112032e+00 -1.522747169012245605e+00
8.563759874628875668e-01 2.955013144605747044e+00 -1.484931267498533991e+00
1.109788812407000114e+00 2.845752372937214503e+00 -1.778525459047682222e+00
1.103313540994857789e+00 2.851520134344360358e+00 -1.729419376939477893e+00
1.108715483568697646e+00 2.853119372678019072e+00 -1.679817090181128680e+00
1.122161271850183661e+00 2.851796209799315029e+00 -1.631606628454701058e+00
1.141493097962443803e+00 2.849107655018011442e+00 -1.585493409523599961e+00
1.164762617003238576e+00 2.844580770481049736e+00 -1.541570747599326108e+00
1.190583085643025285e+00 2.835950352309221767e+00 -1.499737636696860443e+00
1.218551891048875513e+00 2.826311751983318743e+00 -1.459537147188324502e+00
1.234577389005999892e+00 2.826317594081867668e+00 -1.339060199647394311e+00
1.643929378612858594e+00 2.520018400294094185e+00 -2.252753263139647633e+00
1.680486507108739813e+00 2.499693483158547114e+00 -2.225199947398487588e+00
1.717008092492908311e+00 2.479404163055444421e+00 -2.197656364131807205e+00
1.753482936565227135e+00 2.459144085274037828e+00 -2.170123293676409659e+00
1.788390664531299024e+00 2.436754783049703388e+00 -2.142345441734260447e+00
1.823168301661171720e+00 2.414159476702220974e+00 -2.114547101411655028e+00
1.857030375351156115e+00 2.390737559736069606e+00 -2.086527821148077777e+00
1.890921385953916456e+00 2.367174293975240484e+00 -2.058472435580040560e+00
1.928540007386862376e+00 2.338709724671572676e+00 -2.043206010747693924e+00
1.636195610540479795e+00 2.526527095432903103e+00 -2.241775189192865891e+00
1.656868092897115785e+00 2.518930458604548672e+00 -2.196821815505961339e+00
1.667810617379081650e+00 2.518221219011314016e+00 -2.148013826687974248e+00
1.671536928292474800e+00 2.522359953857496784e+00 -2.098311144667876604e+00
1.669902537039249957e+00 2.529971579446866237e+00 -2.048914467339832068e+00
1.663353640043110593e+00 2.540452152486125659e+00 -2.000508728325645524e+00
1.661924060549127447e+00 2.546115710592345760e+00 -1.950932866735606064e+00
1.806408892618894813e+00 2.368692081523305681e+00 -2.515625988552133929e+00
1.839810783339074218e+00 2.340409178333501483e+00 -2.539666626142511152e+00
1.872795705284825862e+00 2.312428075193422305e+00 -2.563780901394603351e+00
1.904185691995343932e+00 2.282561347439548971e+00 -2.587830656756114678e+00
1.934696053710557306e+00 2.251654642178201549e+00 -2.611835242637812193e+00
1.968156484256461614e+00 2.219325020303393625e+00 -2.629151773345022924e+00
2.004540595913218759e+00 2.186484744136607983e+00 -2.635443962135179063e+00
2.041668955201076052e+00 2.155217817899462762e+00 -2.626750484224512405e+00
2.074895081494770643e+00 2.125645258554810013e+00 -2.605436194832030150e+00
1.811299907256092467e+00 2.366937608816189531e+00 -2.501744556647381490e+00
1.851519710227520488e+00 2.337274876676658231e+00 -2.498664614281136398e+00
1.890573609743740668e+00 2.310172119210824881e+00 -2.483279737670873288e+00
1.926809000392264659e+00 2.284406350887716375e+00 -2.460903142094880369e+00
1.959501580490315087e+00 2.259643812488412618e+00 -2.432744517762560399e+00
1.989567239946581800e+00 2.236333758405142369e+00 -2.400611894733116092e+00
2.017746761013503587e+00 2.215734902608064161e+00 -2.365009327342111334e+00
2.044181356173865982e+00 2.197420084513928895e+00 -2.326617583798162858e+00
2.064887290691516775e+00 2.185359795475390499e+00 -2.282689370844258825e+00
-1.527371695770526561e+00 1.951011511032788137e+00 -5.065128740523644701e+00
-1.546101849363836767e+00 1.923541375262917352e+00 -5.102464017194026091e+00
-1.563256413892046393e+00 1.894430529497637794e+00 -5.139089137586489997e+00
-1.580239157277354867e+00 1.865365950858965061e+00 -5.175804108509121093e+00
-1.597526711140666578e+00 1.836177150029243199e+00 -5.212591592733517132e+00
-1.614756317210575220e+00 1.806978822420388431e+00 -5.249292865046458090e+00
-1.631582723158512938e+00 1.777371251590739165e+00 -5.285776754560802537e+00
-1.647533050362099294e+00 1.746764653770712217e+00 -5.321850545132988941e+00
-1.663431263660520187e+00 1.716178003786597905e+00 -5.357986642786388920e+00
-1.515916878485263908e+00 1.957171326362681540e+00 -5.072443874553573373e+00
-1.513260234111110547e+00 1.942381193165862996e+00 -5.120095499809989903e+00
-1.500319073353191035e+00 1.934765660971482948e+00 -5.167707529641055508e+00
-1.480547692858942277e+00 1.932128765147048233e+00 -5.213501296685242536e+00
-1.456343930787328711e+00 1.933580992323162606e+00 -5.257190006259758519e+00
-1.393055599628541197e+00 1.960473908218726358e+00 -5.307282617695540772e+00
-1.386682175026305419e+00 1.947753799933560126e+00 -5.355177516617859013e+00
-1.379554897570352212e+00 1.933955041898505867e+00 -5.402547400610747452e+00
-1.372043099472333827e+00 1.919675979430214952e+00 -5.449557946918426765e+00
-2.871942000964231578e+00 1.197726498177657861e+00 -8.730418906578970573e-01
-2.883742002174045194e+00 1.171921574997454973e+00 -8.319112517060097689e-01
-2.894745692408942972e+00 1.148008557570623589e+00 -7.894756349890341696e-01
-2.905372714329669925e+00 1.124950239534341589e+00 -7.464026164540409347e-01
-2.915724419802483869e+00 1.102408828097730220e+00 -7.029953875324721491e-01
-2.925875401292671985e+00 1.080173232072946243e+00 -6.593804870849226951e-01
-2.935959419965321171e+00 1.058159413897156176e+00 -6.156375957904931528e-01
-2.939028505258074908e+00 1.053892395640663837e+00 -5.715109322078937293e-01
-2.940491251160886943e+00 1.053710514694470302e+00 -5.270263233842101824e-01
-2.871075310021310223e+00 1.198945842369714132e+00 -8.830123896544160855e-01
-2.927311684096490563e+00 1.057465404334687831e+00 -8.766806537928714116e-01
-2.927776272114305023e+00 1.056980234267379526e+00 -8.690327896512123340e-01
-2.927728857103735649e+00 1.057030263235719580e+00 -8.698076566464868487e-01
-2.927314710360346517e+00 1.057412919863408574e+00 -8.771746364650910843e-01
-2.926585281842989161e+00 1.058100991116576184e+00 -8.885060922452927556e-01
-2.925749161284061817e+00 1.058688438853560010e+00 -9.013947370422999983e-01
-2.924772592049818432e+00 1.059379542773482230e+00 -9.164145707601352164e-01
-2.923623963447612439e+00 1.060197362611212446e+00 -9.340470924483894599e-01
-2.644241985645738424e+00 1.646388350760228159e+00 -7.426674950113224538e-01
-2.632261559375168591e+00 1.666545982203027076e+00 -6.974034380484910312e-01
-2.620407779521153557e+00 1.686495777441995303e+00 -6.522456028542293893e-01
-2.609765070701459688e+00 1.706962545875179815e+00 -6.069772067348589983e-01
-2.599546316496631260e+00 1.727085102480917733e+00 -5.619947802239267931e-01
-2.588248721083018733e+00 1.745927693541766468e+00 -5.172064289776632240e-01
-2.575702118211829816e+00 1.763298081690784613e+00 -4.724642976007207285e-01
-2.563334386118619523e+00 1.780426662052837727e+00 -4.277612252267617987e-01
-2.551156660922690111e+00 1.797298485853930039e+00 -3.830887961334547009e-01
-2.637732723998226003e+00 1.656875021467675735e+00 -7.510652819793878221e-01
-2.615341007830092934e+00 1.693744619867517454e+00 -7.235581146462937152e-01
-2.590428057658914263e+00 1.734408234031240115e+00 -7.072326086158958747e-01
-2.563674251259516534e+00 1.775707746973055778e+00 -6.999162659803589426e-01
-2.533911181558103021e+00 1.815417905222800110e+00 -6.990271467226580882e-01
-2.504001761007564664e+00 1.854811410046441678e+00 -7.040623290162293380e-01
-2.472567982803604902e+00 1.895901068090153352e+00 -7.131479597522188962e-01
-2.443030106260632106e+00 1.934212596128637829e+00 -7.303768114304405312e-01
-2.417477351081472214e+00 1.966882755765863466e+00 -7.589783721554133056e-01
-2.841727861833854618e+00 1.115150912428678032e+00 -1.832159147020193002e+00
-2.841397983503901603e+00 1.115736713446563666e+00 -1.833064277005363119e+00
-2.840382993717723625e+00 1.117539159047123531e+00 -1.835849157576016966e+00
-2.837364111755927620e+00 1.122900310123888135e+00 -1.844131579873767635e+00
-2.831019231827008653e+00 1.134168426286123577e+00 -1.861537119245719962e+00
-2.821837582002518996e+00 1.150474531647142973e+00 -1.886724328613091028e+00
-2.819207883227307754e+00 1.145814881939246188e+00 -1.936434278176047297e+00
-2.814217826422628299e+00 1.145209953331182140e+00 -1.986168789406324242e+00
-2.808394989843813416e+00 1.146962391512316604e+00 -2.035793710130187506e+00
-2.846445277259076700e+00 1.106088027308896882e+00 -1.818180854763801868e+00
-2.853648593793665533e+00 1.091547153644170765e+00 -1.796128491227617197e+00
-2.862999296815762484e+00 1.072669677476762340e+00 -1.767509367826906708e+00
-2.924607408607692083e+00 1.021038178393527840e+00 -1.756837488369112465e+00
-2.915309432016815361e+00 9.818516978126993200e-01 -1.732334527489134635e+00
-2.674388643321174985e+00 1.431117566870247826e+00 -2.036011533636305604e+00
-2.655454007322326948e+00 1.458377147000212926e+00 -2.073361325552763201e+00
-2.636544869027028781e+00 1.485633558034648249e+00 -2.110713864445409538e+00
-2.613204055346574517e+00 1.521437655344432205e+00 -2.136514578032962408e+00
-2.587060654184065278e+00 1.562261941310970181e+00 -2.148434870595633317e+00
-2.679578054899055317e+00 1.419659325774917491e+00 -2.044042372748559266e+00
-2.671071484577751232e+00 1.424884442875712365e+00 -2.092990973951371902e+00
-2.370189694514028389e+00 2.026858714539725881e+00 -6.276833574569012919e-01
-2.394348278621916126e+00 2.001705451437239436e+00 -5.918898209658924880e-01
-2.416325578591172807e+00 1.975392853762744316e+00 -5.562784675906714549e-01
-2.437427272385314314e+00 1.948830301637079154e+00 -5.205789131972630157e-01
-2.455897069152440881e+00 1.924907901546139444e+00 -4.821826851668301051e-01
-2.470161940083430263e+00 1.906071672493907077e+00 -4.393254010065488768e-01
-2.478243939436260312e+00 1.895906514868023640e+00 -3.914570996271285463e-01
-2.478219567204360985e+00 1.898091651799876267e+00 -3.413613129458122897e-01
-2.470952412579340951e+00 1.910067635842010558e+00 -2.928794387493197648e-01
-2.362723538531451783e+00 2.035618402209732114e+00 -6.190661478242340809e-01
-2.371388796413000044e+00 2.028398551708215702e+00 -5.702634135436944751e-01
-2.371855621147037851e+00 2.030384422375047127e+00 -5.202423502309506675e-01
-2.366036977378014328e+00 2.038763153613763812e+00 -4.713286549813079374e-01
-2.355119597947102683e+00 2.050581224020628479e+00 -4.240403226830315453e-01
-2.340655399332087327e+00 2.067253865108102051e+00 -3.792473442460464472e-01
-2.323581087286427316e+00 2.086499890042771810e+00 -3.364848085790002608e-01
-2.299499484322612197e+00 2.112558922874446576e+00 -3.013964745684214463e-01
-2.271286703984072730e+00 2.142533859595673551e+00 -2.731731343860365202e-01
-2.017118071277883118e+00 2.376768941547415359e+00 -6.044597184780435839e-01
-1.994680452067991938e+00 2.398870813830856097e+00 -5.659682609562900479e-01
-1.969716229191754486e+00 2.417619636801265681e+00 -5.273784477444038998e-01
-1.944996008566800105e+00 2.436186803039783300e+00 -4.887999193261326480e-01
-1.920521764334822024e+00 2.454570819370116563e+00 -4.502381444124636256e-01
-1.896487069056845831e+00 2.473057619878671787e+00 -4.112085148812740232e-01
-1.873185986826640059e+00 2.492068193286105959e+00 -3.721254574392821035e-01
-1.844696625204027773e+00 2.514938375353307443e+00 -3.333079472394387954e-01
-1.816798581090952380e+00 2.537366515326741290e+00 -2.945119511422237268e-01
-2.009265952331015903e+00 2.382947448224675746e+00 -6.155644685009277195e-01
-1.974216071294736752e+00 2.413956849005844507e+00 -5.992902519835281439e-01
-1.934361084490726634e+00 2.443638188483301832e+00 -5.952038558280372538e-01
-1.894472505349994451e+00 2.473308760540566809e+00 -5.993193876854624458e-01
-1.855317515147204110e+00 2.502405409208719789e+00 -6.098376620758594324e-01
-1.817250702586657995e+00 2.530669902482630906e+00 -6.254554668311307353e-01
-1.780452083418474496e+00 2.557972089100610802e+00 -6.452941358453253562e-01
-1.742992689664975003e+00 2.581400582570373636e+00 -6.672928387704509801e-01
-1.706391524233851875e+00 2.604007604966236400e+00 -6.908345543745713080e-01
-2.756662716332593632e+00 1.174558828552465961e+00 -2.395908496106600616e+00
-2.769433044178903902e+00 1.158410087252053744e+00 -2.345986648831950738e+00
-2.774070547659473363e+00 1.161920452207851007e+00 -2.296936961289794965e+00
-2.778411897284832843e+00 1.165273075134450886e+00 -2.247906714551656027e+00
-2.782384801064635038e+00 1.168508506746302134e+00 -2.198848760110718725e+00
-2.896354370525770605e+00 1.131683852998402351e+00 -2.166904654406939468e+00
-2.904264221578437777e+00 1.129928036550766235e+00 -2.117573040929727313e+00
-2.911783776130753676e+00 1.130233355573879273e+00 -2.068160277786631251e+00
-2.945075165433037601e+00 1.196565882409635462e+00 -1.985258643047313587e+00
-2.761834781647847237e+00 1.161049933002000101e+00 -2.399469970063772717e+00
-2.768049975411807750e+00 1.157369726139676258e+00 -2.360594015113278044e+00
-2.770905902097361206e+00 1.159545988607444622e+00 -2.330341272233170447e+00
-2.774388434717556695e+00 1.162184223729969101e+00 -2.293500602026952606e+00
-2.777881590973243497e+00 1.164810396945838766e+00 -2.254580876206309092e+00
-2.780643960747610777e+00 1.167040570478991235e+00 -2.220550136222047666e+00
-2.783183570389560657e+00 1.169108166540362426e+00 -2.189193132308132395e+00
-2.890845735524239846e+00 1.113653655600846060e+00 -2.165387865416954938e+00
-2.887393582818724713e+00 1.083668756589879267e+00 -2.128883245275692726e+00
-2.514733976491607681e+00 1.709905968566494350e+00 -1.953576787898641642e+00
-2.521298057606097043e+00 1.708555311348234795e+00 -1.904062992659837805e+00
-2.527441680686871361e+00 1.706788700831262773e+00 -1.854478424135026060e+00
-2.533437035899116729e+00 1.704878757644455733e+00 -1.804889616245388018e+00
-2.539457843958604855e+00 1.702930831288604230e+00 -1.755319098335275996e+00
-2.552458020438532316e+00 1.691655891182144433e+00 -1.708366637806773003e+00
-2.570785248413784085e+00 1.668657949299472198e+00 -1.668035143417801791e+00
-2.592969887347098545e+00 1.638121371557076378e+00 -1.635448540054528666e+00
-2.506684927894526460e+00 1.722405442997715141e+00 -1.954361569653557895e+00
-2.497060128571389814e+00 1.742090842484372626e+00 -1.909515283129479046e+00
-2.480700827345366122e+00 1.769937575453380596e+00 -1.871459465105387743e+00
-2.714037206996707141e+00 1.312201134397371627e+00 -2.227954196384267949e+00
-2.732533018923838153e+00 1.267997210608285519e+00 -2.241805526413971794e+00
-2.710207796288232274e+00 1.317315441785453345e+00 -2.241426556394853886e+00
-2.720530446907201583e+00 1.285467770722952707e+00 -2.278201763708894045e+00
-2.725957466202802770e+00 1.262661554564767252e+00 -2.322070497372699549e+00
-2.472433890415522750e+00 1.346135775530075573e+00 -3.627833037850180187e+00
-2.465299869524037568e+00 1.345593205907774426e+00 -3.661999157351622625e+00
-2.457000363885343042e+00 1.344959227918602451e+00 -3.701753635516186414e+00
-2.458269208908054893e+00 1.323689155236968285e+00 -3.746924350002960313e+00
-2.457717675799683033e+00 1.305369022482813612e+00 -3.793405730837521972e+00
-2.456114030502342782e+00 1.288801820001730158e+00 -3.840524705359442237e+00
-2.454284650355519570e+00 1.272350833680367721e+00 -3.888404699481315507e+00
-2.451761346780714224e+00 1.257263966052657667e+00 -3.936209653230233307e+00
-2.475118375847369379e+00 1.346155391841955318e+00 -3.614493443236449277e+00
-2.472486309974298635e+00 1.346140708128864993e+00 -3.627579722373274862e+00
-2.469831625644359541e+00 1.345940532820543156e+00 -3.640289352897063235e+00
-2.465882036520755882e+00 1.345639905351366794e+00 -3.659205241529099872e+00
-2.462708306846133510e+00 1.345399909936895178e+00 -3.674401501119401559e+00
-2.457680678691858134e+00 1.345016265408234934e+00 -3.698482779916147933e+00
-2.473766665704815182e+00 1.304237769138621550e+00 -3.722185066764908790e+00
-2.531248294902860962e+00 1.257374846264096568e+00 -3.745700515957350429e+00
-2.520703396125940188e+00 1.215519629482688657e+00 -3.741432950737445751e+00
-2.115995968242837755e+00 1.709871540683680857e+00 -4.094397385859763538e+00
-2.120866096798904366e+00 1.687984655361473019e+00 -4.139495576452587144e+00
-2.125860806106513845e+00 1.666344039053843318e+00 -4.184614148865015260e+00
-2.130925839132375099e+00 1.644994996196395887e+00 -4.229668556773602539e+00
-2.093492296373357320e+00 1.672105148256376239e+00 -4.284409158470432466e+00
-2.090401951670860292e+00 1.659871971665868307e+00 -4.331866317751126516e+00
-2.086765408944680544e+00 1.647097720767219053e+00 -4.379498667703872528e+00
-2.082162938824342113e+00 1.633525002046420926e+00 -4.427059075106591912e+00
-2.080182718894306060e+00 1.616789604086031895e+00 -4.474122466879163262e+00
-2.106259695503287066e+00 1.720474056583797928e+00 -4.097948605372394582e+00
-2.093695605571646023e+00 1.718659548702461626e+00 -4.146333209094645866e+00
-2.051911754967164381e+00 1.776500862734918362e+00 -4.126693674418235425e+00
-2.023255791244151780e+00 1.801356106034266436e+00 -4.155095229462964390e+00
-1.992344694791094772e+00 1.825676507732963305e+00 -4.184096113242532944e+00
-1.960035871962872323e+00 1.849534518432506491e+00 -4.213182269835959559e+00
-1.927661951533060858e+00 1.873452069041640300e+00 -4.242289532418721087e+00
-1.892247350568316389e+00 1.903830808434835653e+00 -4.260350871739406742e+00
-1.855773812057181393e+00 1.935383321742645268e+00 -4.273208876842960358e+00
-2.304472392080772369e+00 1.506742148617775445e+00 -3.938326850517055000e+00
-2.309433580739253422e+00 1.482764171055957592e+00 -3.981857168883679687e+00
-2.314044791954558367e+00 1.459352959518838144e+00 -4.025777404439692120e+00
-2.318321200445606856e+00 1.436366328624519850e+00 -4.069944866350176937e+00
-2.318856513197469660e+00 1.415744181934077472e+00 -4.115368437113752442e+00
-2.312824308213927704e+00 1.405216425832378713e+00 -4.163818254841076261e+00
-2.306180379145817749e+00 1.395832004776605739e+00 -4.212380434863087331e+00
-2.359777828506262942e+00 1.373632398049533965e+00 -4.277673985806297097e+00
-2.336203219060390524e+00 1.338346778029527950e+00 -4.311419566402887149e+00
-2.312337730454327112e+00 1.495957584817386499e+00 -3.934768413012128541e+00
-2.330457948291584813e+00 1.457942074388053122e+00 -3.961374372690718904e+00
-2.353165762688747886e+00 1.416845487942980819e+00 -3.977748036593055314e+00
-2.376564241258128263e+00 1.373523910660906511e+00 -3.983981811432087294e+00
-2.400526658495874432e+00 1.329903978696256095e+00 -3.984357528202423726e+00
