3.000000000000000076e-05 1.129999999999999893e+00 0.000000000000000000e+00
3.122758531203375992e-04 1.128133347056188285e+00 -1.874431340617988828e-01
1.163556563060633760e-03 1.126292498818233678e+00 -3.749841084461910112e-01
1.860999878047139237e-03 1.124605591336274246e+00 -5.624942158093756417e-01
-4.187191700498640867e-02 1.121508861980868188e+00 -7.553923766975274567e-01
-1.912632564098881022e-02 1.121568936093903179e+00 -9.400813547757964628e-01
3.372870934500032947e-03 1.115800024381698563e+00 -1.124610511251390443e+00
3.243955535929357505e-03 1.110944814104344536e+00 -1.311976678111957062e+00
1.312973035665820631e-01 1.099636279451832399e+00 -1.464720581844865865e+00
2.640651247855695938e-01 1.089270974020980276e+00 -1.618524684020081983e+00
-1.251152094903728584e-01 1.104935929153262331e+00 -1.464658443024787760e+00
-3.286563960398704021e-01 1.087564422267640385e+00 -1.630524084140624552e+00
3.279959810358887284e-01 1.083172057563628776e+00 -1.721003549276189482e+00
3.892240372712618135e-01 1.073607309599635462e+00 -1.822832786836542596e+00
4.519102049732143245e-01 1.060255728855072022e+00 -1.923772089568716481e+00
5.147216997453705201e-01 1.046783384418550789e+00 -2.024761072578979526e+00
3.546051614541956276e-01 1.082131225701922883e+00 -1.697775813003848056e+00
4.592128334247738697e-01 1.067311664811144922e+00 -1.749045121310663919e+00
5.748235595491311134e-01 1.047040367545119643e+00 -1.771345862988523923e+00
6.907415498023975475e-01 1.023960729259945746e+00 -1.777790696650348501e+00
-3.180454876405216513e-01 1.087663433342674235e+00 -1.692566419281076984e+00
-3.030646227987253138e-01 1.085437291903731616e+00 -1.774143911026459630e+00
-2.862883971495956414e-01 1.082295974118695492e+00 -1.869666030433866144e+00
-3.216288613988430023e-01 1.072073916608160538e+00 -1.983289282201553316e+00
-3.127919867206592763e-01 1.087255911277677844e+00 -1.718809865314535168e+00
-2.952431976671295866e-01 1.083972512046242676e+00 -1.818682650314040306e+00
-2.768950382696743207e-01 1.080539178922471866e+00 -1.923111703564775565e+00
-2.994085568080113724e-01 1.071638520187423227e+00 -2.040157166231213015e+00
5.614837491832868066e-01 1.035015063879892061e+00 -2.135012763953326065e+00
6.077679462853453618e-01 1.023319853002489843e+00 -2.245127109161454637e+00
6.532003791851292984e-01 1.009481673194065010e+00 -2.355003870835879365e+00
6.977292413812454797e-01 9.913858562136944608e-01 -2.464697632269115424e+00
5.915183562391795880e-01 1.031732577114422789e+00 -2.116101719013539828e+00
6.878356035345937203e-01 1.009679200669028942e+00 -2.182746872617349343e+00
7.955095102741406299e-01 9.772257275406270871e-01 -2.221609322925348629e+00
9.452858094590650406e-01 9.303193178572291000e-01 -2.248408493482136450e+00
8.938627655687230167e-01 9.765020650559109727e-01 -1.753551715859636539e+00
1.004657987407103992e+00 9.377071246437262975e-01 -1.755580421469997932e+00
1.116136416567168999e+00 8.988614377602702765e-01 -1.755173214186921404e+00
1.223720275777257394e+00 8.506644980510296161e-01 -1.753010797067568571e+00
8.834438180005256269e-01 9.811368890829438305e-01 -1.720914044213403660e+00
8.755031444403875707e-01 9.846135355107684672e-01 -1.697872347311775387e+00
-3.241747809527518176e-01 1.063245820449950862e+00 -2.157042486171729667e+00
-3.485397638384851171e-01 1.056149648661502072e+00 -2.274107533655603586e+00
-3.764111470745551413e-01 1.048628490684065051e+00 -2.391832177067239495e+00
-4.036384673739854545e-01 1.040903929232255498e+00 -2.509057887871434911e+00
-2.890271517586178174e-01 1.067169553541942983e+00 -2.159560176750987548e+00
-2.471505972275277185e-01 1.067602737958649239e+00 -2.271774965031341686e+00
-1.454611438474340823e-01 1.061978852453599798e+00 -2.558794079433098112e+00
-7.873139117507205187e-02 1.064341732878395286e+00 -2.547195732891672115e+00
7.260558739497263714e-01 9.767078503358445074e-01 -2.580182344456478205e+00
7.546212905570185425e-01 9.619772091091933763e-01 -2.695614397110102534e+00
7.838228425329396565e-01 9.485730575189649239e-01 -2.811219004285918199e+00
8.105264834806764629e-01 9.357850868185916271e-01 -2.928651818989803424e+00
7.581274172306422532e-01 9.701267233431166703e-01 -2.566059799707895550e+00
8.430730682307803203e-01 9.445177996363391948e-01 -2.646691190422622242e+00
9.427223849206998185e-01 9.108435513025036068e-01 -2.702364278750866600e+00
1.045503274911274261e+00 8.653097809570383658e-01 -2.740174899424830279e+00
1.073976462250364472e+00 8.927502508808140558e-01 -2.240768902805842178e+00
1.172868544070245767e+00 8.511264772250939359e-01 -2.231828966350926091e+00
1.070486263313665143e+00 8.906273443084756769e-01 -2.276218652509248486e+00
1.156901497784613264e+00 8.518951801193751505e-01 -2.333930208469626510e+00
1.203587524319566171e+00 8.226305353232730155e-01 -2.416016220986046736e+00
1.225988257007941451e+00 8.065764846122353005e-01 -2.509972809584086750e+00
1.454370213542427459e+00 7.298969570962235975e-01 -1.784585610891974650e+00
1.458634832813980653e+00 7.291587023297594339e-01 -1.750021327865195486e+00
-4.465379077612227632e-01 1.030719471309442525e+00 -2.620693701618152183e+00
-4.884158144881638464e-01 1.019389217211637666e+00 -2.732211428663477104e+00
-5.294883319984203807e-01 1.003872657036141813e+00 -2.843669267580256399e+00
-5.699733104605598788e-01 9.884771925362997314e-01 -2.955230860016635930e+00
-4.125007699714275944e-01 1.033203984364958972e+00 -2.628493435102216669e+00
-3.890321977711627688e-01 1.028060151069932093e+00 -2.745834703182602698e+00
-3.356604875822032930e-01 1.026127765058538976e+00 -2.853252048245283667e+00
-2.664365459948057624e-01 1.026031251999196314e+00 -2.951256491793539993e+00
-1.167845616950411933e-02 1.064328964937259370e+00 -2.535393118682204960e+00
8.805682080440289938e-02 1.060394532947046553e+00 -2.601166906153787650e+00
1.911995293557326725e-01 1.049578101698414923e+00 -2.660096558216490603e+00
2.963972740555692598e-01 1.037304232520554148e+00 -2.715875503469738383e+00
1.391528208387366426e-02 1.064324091104562164e+00 -2.530888133519925809e+00
1.263787366230908482e-01 1.061476794469516927e+00 -2.571233321784755166e+00
2.443511102383054412e-01 1.051641581322067642e+00 -2.586222700973269895e+00
3.618333018332298701e-01 1.040064102365116483e+00 -2.574247621921054385e+00
8.207949701987892199e-01 9.266342763152000117e-01 -3.048633717200542215e+00
8.316984375099314430e-01 9.173788257363365561e-01 -3.167882892113718984e+00
8.426007784990642291e-01 9.041016298442755561e-01 -3.286265079494774533e+00
8.528577689645858717e-01 8.903686667394730136e-01 -3.404974230523476031e+00
8.517164844084820219e-01 9.199499803855503144e-01 -3.039443007900327842e+00
9.148622434754831723e-01 8.862175496054319757e-01 -3.133092385560832138e+00
9.937926645261794256e-01 8.494168014495744323e-01 -3.206321527410973982e+00
1.093564374536004857e+00 8.056176132636907461e-01 -3.260220264503358667e+00
1.156362326973540799e+00 8.192155395405188445e-01 -2.745455009436092553e+00
1.266289127528783531e+00 7.737334092219759762e-01 -2.750443512440055471e+00
1.365900320063381024e+00 7.131725824064717445e-01 -2.757313649900275276e+00
1.473674274388143468e+00 6.327721914688217986e-01 -2.793017444008607075e+00
1.148911258059930329e+00 8.193144280276755120e-01 -2.780398054175949429e+00
1.236012680950331788e+00 7.776221746161211534e-01 -2.849302645540668699e+00
1.301566461959549947e+00 7.394718581155352854e-01 -2.939808272705901171e+00
1.347071944633988494e+00 6.981906163882585226e-01 -3.040885810378337162e+00
1.295668505818526883e+00 7.642351082264442486e-01 -2.596234057234017900e+00
1.269950277260387450e+00 7.779481260408651622e-01 -2.616318065016975947e+00
-6.256497677799210955e-01 9.705413809191308916e-01 -3.059214143317332102e+00
-6.825739169398291617e-01 9.524033341632806016e-01 -3.163247178038782970e+00
-7.375900855622806729e-01 9.305125129790776661e-01 -3.266777184950374835e+00
-7.898822966214898988e-01 9.028049264606754498e-01 -3.370480944360836340e+00
-5.933024783231871657e-01 9.767914190295889920e-01 -3.072182341979794895e+00
-5.848777105987083003e-01 9.718716203088308969e-01 -3.191899825948764313e+00
-5.477284165020454010e-01 9.687894358183677390e-01 -3.305765511177267690e+00
-4.939946208846491826e-01 9.661224961052317095e-01 -3.412996901525251925e+00
-1.732302947506852986e-01 1.029625842133687241e+00 -3.026192599732233202e+00
-7.900384969522869505e-02 1.032596552342071927e+00 -3.100877887005042410e+00
1.100989066917343329e-02 1.024231586978203934e+00 -3.174911396292550592e+00
1.820715143132011493e-01 1.006428096669581107e+00 -3.348906864535561745e+00
-1.994990936617367927e-01 1.026173506348112330e+00 -3.050346394076672851e+00
-1.613599141980717466e-01 1.023168158922300064e+00 -3.164089874847884953e+00
-1.527492274398725147e-01 1.017432275269964048e+00 -3.283636274980981540e+00
-1.649305665862774162e-01 1.009714028571311983e+00 -3.402760217449933844e+00
4.091833302716908483e-01 1.025929087037767973e+00 -2.753647820911018229e+00
5.208799543645852292e-01 1.010452773698458317e+00 -2.791158409137731056e+00
6.307391516867448811e-01 9.828336063032810932e-01 -2.828200408607980609e+00
3.928868315922475207e-01 1.024560349725944342e+00 -2.785386921025880369e+00
4.666883137747657173e-01 1.013851392723909672e+00 -2.878681351370895758e+00
5.134896087632426775e-01 9.957450476915123971e-01 -2.986939480210729858e+00
5.243372445194339759e-01 9.854867841552834573e-01 -3.076775850274253266e+00
4.779389598377061232e-01 1.026556541297778402e+00 -2.553296300768427507e+00
5.927763900182724255e-01 1.011466635968997663e+00 -2.531923952594563598e+00
4.663998324071831902e-01 1.029252622690995045e+00 -2.519885670036808190e+00
5.519536400479750915e-01 1.021823479920320077e+00 -2.438265580071691474e+00
8.461934303296509974e-01 8.812363707690006320e-01 -3.524274003773688158e+00
8.402525926877635332e-01 8.724832840510444720e-01 -3.643698135824382511e+00
8.337913528472621350e-01 8.641433384962048381e-01 -3.763747832322152931e+00
8.271711298725875627e-01 8.558142723746221536e-01 -3.883407981314176638e+00
8.800978909857734012e-01 8.722611123803766242e-01 -3.520448213293786655e+00
9.351559695674791506e-01 8.448427786627291658e-01 -3.623101748102663944e+00
1.184699252859963137e+00 7.271166882102246820e-01 -3.749297835180781302e+00
1.173225621050262291e+00 7.272879605245716750e-01 -3.791875944937108667e+00
1.191182269631136492e+00 7.625135414532949740e-01 -3.316516727480710802e+00
1.279137512296080637e+00 7.090170173306417079e-01 -3.371326226326015973e+00
1.355353157960863975e+00 6.516776969452349189e-01 -3.425098865406615012e+00
1.504967762707748458e+00 5.345409370902727275e-01 -3.510567532816719183e+00
1.202997381811278688e+00 7.601465603834507423e-01 -3.282795018429346179e+00
1.303204724925685731e+00 7.035534057896036808e-01 -3.270823090035065217e+00
1.396721002282735657e+00 6.449323637994783809e-01 -3.228808642297394282e+00
1.488396758072056958e+00 5.873781828576666308e-01 -3.187893358186002501e+00
1.560998811311006484e+00 5.664142812302511709e-01 -2.854308695031474219e+00
1.615630141332037084e+00 4.982220434244408191e-01 -2.909056116526010705e+00
1.680085079953992588e+00 4.094855378287982628e-01 -2.967697184811789679e+00
1.752319648080211900e+00 3.180385307342755707e-01 -3.002724357736275440e+00
1.572493687619670899e+00 5.608664889114715058e-01 -2.821499962342666201e+00
1.639654848803806964e+00 4.853516678802206052e-01 -2.810415279084562901e+00
1.715549502889415656e+00 3.966972033867318115e-01 -2.771803621850482013e+00
1.785676813710762145e+00 3.148662694429176234e-01 -2.718078286019761869e+00
-8.561077466519334545e-01 8.758459071479928193e-01 -3.464606718227970283e+00
-1.021547900284280885e+00 8.160909193033022424e-01 -3.577494921171003650e+00
-1.008484208934533832e+00 8.156491115055320984e-01 -3.651671040746053976e+00
-8.266215536139567277e-01 8.841465504272029152e-01 -3.482316922879514998e+00
-1.010023739323395731e+00 8.161951675542218343e-01 -3.634975334138650371e+00
-9.900297093514313085e-01 8.147623531910465067e-01 -3.745579892253897647e+00
-9.664764429200639606e-01 8.100094362101787349e-01 -3.858437618207970932e+00
-4.137388584213901321e-01 9.714265417983931616e-01 -3.501690544384461035e+00
-3.331315159093583000e-01 9.767760049426891245e-01 -3.590389168397039921e+00
-2.525453479504105592e-01 9.821206552620180830e-01 -3.679123415725984447e+00
-1.933768085974440776e-01 9.740386458948752102e-01 -3.782451440486478411e+00
-4.430895236178969410e-01 9.664641864529170956e-01 -3.521520096543585776e+00
-4.226522027935451509e-01 9.622914036172013352e-01 -3.639616950547849061e+00
-4.316520219261765767e-01 9.510059989693379068e-01 -3.758631112429328347e+00
-4.566735995069638454e-01 9.371604874999099888e-01 -3.875092806743343221e+00
1.890410214592843641e-01 1.006584760360357489e+00 -3.343973187260963265e+00
2.145710202962334556e-01 1.007280389935031550e+00 -3.324059297369559296e+00
2.623393839822353302e-01 1.008583074806608471e+00 -3.286782198321765325e+00
3.252453027196376412e-01 1.009169060177423694e+00 -3.236196361103624852e+00
2.119481985813866376e-01 1.007207663547320164e+00 -3.326124218598653481e+00
2.329169657119371517e-01 1.007776346143757440e+00 -3.309808475510172432e+00
2.757371402967520591e-01 1.008943715701823285e+00 -3.276398459693855791e+00
3.334066690404979272e-01 1.008216063376516924e+00 -3.229465585861293953e+00
-1.738333217192782054e-01 9.994494394148536465e-01 -3.521965029985118623e+00
-2.085436979927718093e-01 9.974003141146925433e-01 -3.513823554262452298e+00
4.646475161877034465e-01 9.925321349686040406e-01 -3.125174051092730831e+00
4.883809450523364237e-01 9.896972099743254203e-01 -3.106299415705775058e+00
4.786187816605440570e-01 9.908591862135580630e-01 -3.114108082938060296e+00
4.944767959820528525e-01 9.889718904508792985e-01 -3.101420533563100435e+00
5.837535368179899153e-01 9.648804805230358772e-01 -3.177935918794132508e+00
8.367566493157738705e-01 8.395668713513709802e-01 -4.001699412956910784e+00
8.498212246060122821e-01 8.192909664486426324e-01 -4.118113198038712675e+00
8.648844334460351613e-01 8.007982023577869812e-01 -4.235717377348546364e+00
8.816137481473086401e-01 7.842343417899209079e-01 -4.353400884019190009e+00
8.026655704848379980e-01 8.504757836933790616e-01 -4.000651149189755174e+00
7.445351539244230432e-01 8.540252526887981421e-01 -4.107354684474384676e+00
6.669377118721833142e-01 8.685409737722005197e-01 -4.198370191596364265e+00
5.810901761404505539e-01 8.762009780002888437e-01 -4.279202253198176820e+00
1.161924435522536658e+00 7.268069334005093918e-01 -3.838108049802650523e+00
1.144488144694345566e+00 7.262315760795918784e-01 -3.908335905628245843e+00
1.191512205092855492e+00 6.831481436707804722e-01 -4.013924578684539668e+00
1.229718545511427230e+00 6.449879223458973021e-01 -4.122718946855013833e+00
1.170262431346438259e+00 7.270456812435155403e-01 -3.804765718557813869e+00
1.159633364480493700e+00 7.266939716284598338e-01 -3.847582676086276798e+00
1.143544257098028316e+00 7.261675772823654729e-01 -3.912354704253818483e+00
1.205301374820934024e+00 6.762547836817549562e-01 -4.006950433697853420e+00
1.510864465804952816e+00 5.315033718000755636e-01 -3.486518332883235871e+00
1.526480036393960793e+00 5.217203100357193923e-01 -3.433705603518564242e+00
1.599928609012976732e+00 4.436630359147265001e-01 -3.385657061629582909e+00
1.670050833414377101e+00 3.709082063972173882e-01 -3.328733203185653799e+00
1.501473255363584336e+00 5.373386800948360964e-01 -3.518581503752119310e+00
1.491551325953958118e+00 5.435344786653979465e-01 -3.552264525168114861e+00
1.570013215577702903e+00 5.101739464398775681e-01 -3.188134138565267950e+00
1.644419072509905932e+00 4.220886470118015432e-01 -3.187228598284621572e+00
1.710587999294278960e+00 3.477564981915950981e-01 -3.150659023194450459e+00
1.753508133366928456e+00 2.627491960680560790e-01 -3.145016514682824837e+00
1.569298948040241726e+00 5.165787267586539055e-01 -3.153299071714417590e+00
1.633243184179778096e+00 4.491178594165124438e-01 -3.088088717043982356e+00
1.778672961637870031e+00 2.237709936739134819e-01 -3.029619101214295007e+00
1.809013633388439679e+00 1.024182208755168161e-01 -3.058789260665562448e+00
1.830588840725746458e+00 1.841721241468726594e-02 -3.068224149492228658e+00
1.831327178158284719e+00 -5.089671439779720752e-02 -3.063986001667477588e+00
1.783378953163364367e+00 2.223121839788220200e-01 -2.994842446008578296e+00
1.804531133116389130e+00 1.620707412288812932e-01 -2.954997238057894826e+00
1.834437171465162830e+00 6.940202447238533190e-02 -2.901631728903784069e+00
1.857975809125539390e+00 8.276710457689705203e-03 -2.829635663700389436e+00
1.812085498361653446e+00 2.545018802164644156e-01 -2.630133813878231752e+00
1.837493765412868463e+00 1.928195278158864046e-01 -2.537325570499957550e+00
1.862119101056828985e+00 1.316348477260871619e-01 -2.442871563617945441e+00
1.887199959437270369e+00 6.634003039030979265e-02 -2.347187077350536555e+00
1.814606464230361205e+00 2.360986611234985599e-01 -2.656132777690582980e+00
1.849228196987062534e+00 1.196986783709340363e-01 -2.622396902872446756e+00
1.871441542667563240e+00 3.875664146018215073e-02 -2.618693962066804826e+00
1.877625775125943530e+00 -2.484536575712666465e-02 -2.629987821794274705e+00
-9.820188869778174734e-01 7.925745648864336301e-01 -3.975920123370959125e+00
-9.973307764642127538e-01 7.747667255255703544e-01 -4.093450300562508026e+00
-1.011270630778001500e+00 7.543624427695574397e-01 -4.210782549709864320e+00
-1.024823918022649272e+00 7.335544027895601893e-01 -4.328097664943610923e+00
-9.484921814255635741e-01 8.029382170180214828e-01 -3.976730008270144001e+00
-9.015592354673209741e-01 8.058113975549119345e-01 -4.086428801732182592e+00
-8.318103124310671781e-01 8.179995605576377837e-01 -4.181089215072395504e+00
-6.548119650523805957e-01 8.654572961826197952e-01 -4.264880235927890340e+00
-1.340079044229092187e-01 9.659810417159599982e-01 -3.885124641237425624e+00
-7.628754827592978960e-02 9.583452033577167795e-01 -3.988046030974112810e+00
-2.237932909623974870e-02 9.505583418771010873e-01 -4.092301172847305324e+00
2.823653443272744826e-02 9.389260739692826263e-01 -4.195512677168708571e+00
-1.665991398096585974e-01 9.645323240717532665e-01 -3.898482428601206973e+00
-1.726111646949794187e-01 9.548540224602303228e-01 -4.017716565116922212e+00
-2.069995998537103865e-01 9.452494316237065597e-01 -4.132015739292193679e+00
-2.641316915529444698e-01 9.304283611114372299e-01 -4.234971561131751550e+00
-5.224599105299317925e-01 9.176261082549154180e-01 -3.974326961646898582e+00
-5.877650939513342498e-01 8.976103871424986336e-01 -4.073364709480628676e+00
-4.904014297043049475e-01 9.209270753636981111e-01 -3.989591694962837387e+00
-4.918458837660062422e-01 9.086577963393122070e-01 -4.109117611138674242e+00
-4.618933774014366556e-01 9.010231011551023128e-01 -4.225074784194137401e+00
-4.353878439218251128e-01 8.927718140892272336e-01 -4.341823142170486705e+00
6.540846391202904675e-01 9.453035400484406381e-01 -3.272085373711875356e+00
7.252338502072510629e-01 9.270326711929299801e-01 -3.365856438045549126e+00
6.789765850125774049e-01 9.419431372631741350e-01 -3.247058501694592980e+00
8.713864756179195981e-01 7.750909184577320366e-01 -4.474535234052247290e+00
8.597882186563354789e-01 7.592822125912065401e-01 -4.593664082922331637e+00
8.518013150114207566e-01 7.490432548764933696e-01 -4.713392369502459545e+00
8.436648850059494942e-01 7.343546296954198693e-01 -4.831208372274509166e+00
9.031170989568445551e-01 7.611120811743553594e-01 -4.469295432135841573e+00
9.499739145257005690e-01 7.210345734792867889e-01 -4.570459184547845055e+00
1.031950050890836135e+00 6.720528632229930688e-01 -4.652365738802114237e+00
1.120905080558197486e+00 6.238469571902750532e-01 -4.722551166342964457e+00
4.943396530206886075e-01 8.821800242872857023e-01 -4.361139862478156992e+00
4.074136915317468355e-01 8.881766644152401247e-01 -4.443202050105905521e+00
3.212935352933215527e-01 8.966059879066307081e-01 -4.525704761201946980e+00
2.339068125393268804e-01 8.920345759320241763e-01 -4.606875033012986620e+00
4.750515239675452972e-01 8.898085730520698400e-01 -4.332274377980307456e+00
3.597050821625883410e-01 9.086556063647103221e-01 -4.354921505652511904e+00
2.420394104727842666e-01 9.195848364872681868e-01 -4.346347474286161194e+00
1.263365588941079698e-01 9.238663075816907488e-01 -4.322652179995839283e+00
1.249216114041737935e+00 6.195245653324121804e-01 -4.238745200202592045e+00
1.267575789060880309e+00 5.947388358203072878e-01 -4.354485891499734862e+00
1.281558626978037685e+00 5.635622354463675210e-01 -4.469347604762996085e+00
1.313627148243681875e+00 5.103052803219295663e-01 -4.570993392940981614e+00
1.278568088784663548e+00 6.046784313628382757e-01 -4.224985315133523933e+00
1.336579080299344024e+00 5.460565023258341366e-01 -4.303444308540037788e+00
1.410098511596524329e+00 4.616518162706645945e-01 -4.355393243760399713e+00
1.485210259868668503e+00 3.783139168070476233e-01 -4.395779346939411525e+00
1.729402604237115115e+00 2.885213441663355693e-01 -3.281733401218605906e+00
1.780159277774306048e+00 1.513789024859827914e-01 -3.181445994504778607e+00
1.798833407834071307e+00 6.798694178751660266e-02 -3.218489548098137032e+00
1.803623489984387485e+00 2.171234902531696959e-02 -3.283263628920246369e+00
1.795739316471099301e+00 -4.038697303356977159e-02 -3.366351846448883300e+00
1.824456909907687496e+00 -1.241875851946563220e-01 -3.067120635833560094e+00
1.814416703800969310e+00 -2.303206080258961008e-01 -3.072541353368483552e+00
1.800856639067251130e+00 -3.397516844557025850e-01 -3.077918662808613259e+00
1.767613544122758951e+00 -4.474621358167045759e-01 -3.080977923838568167e+00
1.827884638897059544e+00 -1.216402487317354841e-01 -3.036232493534238408e+00
1.826054403933589532e+00 -2.075140510972323660e-01 -2.979875091428360268e+00
1.822814798979484063e+00 -2.749430525754650301e-01 -2.898404766138784616e+00
1.820654660598680419e+00 -3.366617267317960072e-01 -2.805931941790145601e+00
1.864935128629802152e+00 -3.525585107846665456e-02 -2.753089402156337240e+00
1.907302210712574997e+00 2.332164729678928503e-02 -2.241423146723634741e+00
1.921134927306745066e+00 -1.365526818516951506e-02 -2.133832950640828230e+00
1.925993589840713005e+00 -4.925655042606592871e-02 -2.023576032450209894e+00
1.914281285638595342e+00 -2.935842991923801049e-01 -1.911041437310627922e+00
1.911413363007565147e+00 1.252014795269666605e-03 -2.261214736640707379e+00
1.909679610209834344e+00 -7.651457174842238307e-02 -2.198668206858374052e+00
1.903875699727197945e+00 -1.692185526458503952e-01 -2.164480686884648453e+00
1.882918369166765249e+00 -3.661919846251964206e-01 -2.142063634611641287e+00
1.871292704740869839e+00 -8.273570959638758271e-02 -2.620957954813520008e+00
1.863755502171740019e+00 -1.506058637737360262e-01 -2.611284512608886388e+00
1.855556393340642707e+00 -2.233011202198706691e-01 -2.601947774664234547e+00
1.843528629872133395e+00 -3.345381436039854273e-01 -2.583448442853205407e+00
1.875477750917895259e+00 -7.428389959069224557e-02 -2.595781125620135299e+00
1.879014949816117497e+00 -1.045465725794134104e-01 -2.532879697313760392e+00
1.884186714599286550e+00 -1.227101463430565753e-01 -2.450438266457886538e+00
1.867861288423184440e+00 -3.735512202513356361e-01 -2.344947206697838737e+00
-1.103156134719294856e+00 6.735405693785612158e-01 -4.473267330601153446e+00
-1.073241230418169323e+00 6.783503604900974482e-01 -4.577995705237239754e+00
-1.040718558403282756e+00 6.773845220913194964e-01 -4.679772546730860405e+00
-1.005692457918370586e+00 6.748637626702442827e-01 -4.781703414764743698e+00
-1.107714005675540569e+00 6.727058256505724643e-01 -4.458212204531796452e+00
-1.085368765316669704e+00 6.761714933233008429e-01 -4.537563857095930686e+00
-1.069670123640372728e+00 6.787670942021447607e-01 -4.591890164830001453e+00
-1.046546809670312994e+00 6.775231659864614508e-01 -4.664336106772941193e+00
-6.527069191378431778e-01 8.607521243356425211e-01 -4.318563893523117869e+00
-6.513715111051776585e-01 8.535286672083326476e-01 -4.394998624365938689e+00
-6.498174407619787818e-01 8.422535569396194521e-01 -4.486649517315377089e+00
-6.468155805905475564e-01 8.280229841058124318e-01 -4.588626269417117598e+00
-6.522743720735180162e-01 8.579751973776583718e-01 -4.347692895218195908e+00
-6.510852200628385322e-01 8.483268324367276847e-01 -4.443148913071882866e+00
-6.484198991027015913e-01 8.355504603844554623e-01 -4.534658642031802245e+00
-6.456021151659578905e-01 8.222006269175892168e-01 -4.630326639167211766e+00
8.098805736951225631e-01 7.300067427131149422e-01 -4.948548462617646138e+00
7.765707875882144062e-01 7.255380440360515992e-01 -5.065434474153086342e+00
7.433605189354590692e-01 7.195585315246962876e-01 -5.181315062503944802e+00
7.114714726141428969e-01 7.149763704287624977e-01 -5.297544995249155342e+00
8.514476698788581155e-01 7.132724273672481630e-01 -4.949157297508391729e+00
8.889544497730204053e-01 6.810626832350370474e-01 -5.058393037028877437e+00
9.502828394502080833e-01 6.386331352988047216e-01 -5.152387958825693559e+00
1.038658699893058257e+00 5.867004936995097175e-01 -5.236624203530547028e+00
1.196524630144099710e+00 5.657017609852381668e-01 -4.791221988973207502e+00
1.265233422856038459e+00 5.015654747601535624e-01 -4.860654677346547103e+00
1.330855213568375772e+00 4.331149374371488503e-01 -4.930120356049858543e+00
1.367686500552550921e+00 3.472431556879227998e-01 -4.990147194966001898e+00
1.212912487503071013e+00 5.610349079465071220e-01 -4.759896479119648305e+00
1.301710219518029232e+00 4.887239643000081957e-01 -4.764634828195242200e+00
1.395650253552854547e+00 3.980455364581998445e-01 -4.748605513350788954e+00
1.480806506449719562e+00 3.215633362656343253e-01 -4.703875631219702314e+00
1.558625047553990894e-01 8.857513609995945059e-01 -4.697027798145955835e+00
7.742179440459218132e-02 8.790945410620714107e-01 -4.786873751689045164e+00
-6.280552584863145771e-04 8.723039998629062985e-01 -4.877309414307977598e+00
-7.845541524949778411e-02 8.641648649136420834e-01 -4.967698724412390909e+00
1.858736214089377892e-01 8.815429015548151837e-01 -4.715526203327361721e+00
1.698836078989827136e-01 8.674712108724158544e-01 -4.833114870608346436e+00
1.839718746518909931e-01 8.517608489853505382e-01 -4.951044508625624729e+00
2.114591165464565214e-01 8.362137143861445576e-01 -5.065995294257487735e+00
7.388512721278553234e-03 9.232099500169965722e-01 -4.347678456070913633e+00
-1.084526668331551869e-01 9.245060258769607353e-01 -4.372206344691329072e+00
-2.059759966195480185e-01 9.166793606612998468e-01 -4.426639403411581242e+00
-2.833138836760395463e-01 9.018499038342716601e-01 -4.507067267043884051e+00
1.546667321675803564e+00 2.932233002968094859e-01 -4.425902994561603521e+00
1.575587038097711501e+00 1.890578355294686708e-01 -4.451099975050027524e+00
1.608013369994626407e+00 7.008043514375417171e-02 -4.476882499799087256e+00
1.624581215487031827e+00 -3.587010100194711754e-03 -4.503518456299649309e+00
1.553472776448548753e+00 2.932780546111517506e-01 -4.391112149856351010e+00
1.589801770695919991e+00 2.015595523497122898e-01 -4.349080240865489166e+00
1.624761582423706940e+00 1.278884205712624289e-01 -4.279871419729321502e+00
1.671354511261669007e+00 2.301767333519906186e-02 -4.199398294029828449e+00
1.780199503404972461e+00 -7.374165724239908903e-02 -3.467197684260058921e+00
1.758946061464617516e+00 -1.005010286886902637e-01 -3.570562577383575853e+00
1.741255978172001617e+00 -1.217002479191003350e-01 -3.681783949410685430e+00
1.725149161512564477e+00 -1.412207209052132317e-01 -3.793137779812691956e+00
1.779330614461115845e+00 -1.000439014955614853e-01 -3.455722492310868699e+00
1.755774422674470037e+00 -1.710662773728652830e-01 -3.521796332347706393e+00
1.735529603321658287e+00 -2.464039423598070877e-01 -3.562081283274893373e+00
1.713114634467549635e+00 -3.478181038786524182e-01 -3.596723233551457177e+00
1.730139277059982383e+00 -5.543206166690095582e-01 -3.099496261081593484e+00
1.649440281673300923e+00 -7.924119565560131528e-01 -3.107968120132099443e+00
1.646567779514619412e+00 -7.938892395885028819e-01 -3.135628985222372211e+00
1.642837970800628877e+00 -7.932963928576277635e-01 -3.161220160089976527e+00
1.734590662410827600e+00 -5.563297164437409625e-01 -3.066189428000173134e+00
1.659940173835554145e+00 -7.866149349769565591e-01 -3.008891784367576872e+00
1.666664384600401672e+00 -7.829517592782937463e-01 -2.945190269713422904e+00
1.611224992548554447e+00 -9.158906129990970202e-01 -2.860902583895742257e+00
1.819571563003621106e+00 -3.999085142478607802e-01 -2.709819291187676171e+00
1.822847334033644184e+00 -4.609484234507230105e-01 -2.613284547281167658e+00
1.804414990573574018e+00 -5.393217583327001297e-01 -2.533072829857945241e+00
1.781074011642555854e+00 -6.312557172623419754e-01 -2.462963683394842285e+00
1.922537513452798663e+00 -2.924581949744416431e-01 -1.797449198535925774e+00
1.928504842757519988e+00 -2.919752589438355250e-01 -1.681210441132665379e+00
1.930701612914487608e+00 -3.097064134921670986e-01 -1.563255255689614431e+00
1.933575773731324610e+00 -3.243991731544899615e-01 -1.444627115415724861e+00
1.921790337994438547e+00 -2.924568566012905602e-01 -1.812262978671950853e+00
1.926082559059719701e+00 -2.916804557430449640e-01 -1.730454623457442054e+00
1.909786521003118631e+00 -3.832484324193833336e-01 -1.669112361432318892e+00
1.891445880565655546e+00 -4.823097866317908600e-01 -1.616842050023210353e+00
1.883210824947076478e+00 -3.654062502509851096e-01 -2.140792727529593265e+00
1.883599951750533075e+00 -3.652164053463329840e-01 -2.134744954585315657e+00
1.885447925088520771e+00 -3.648740640779963851e-01 -2.103176297170895381e+00
1.902673304104379293e+00 -2.960913346400749213e-01 -2.041641149067408456e+00
1.880686876002889862e+00 -3.659971756217455519e-01 -2.183280839795079142e+00
1.846335410749583961e+00 -3.738848362082606847e-01 -2.519523450773919038e+00
-1.003327900929501304e+00 6.551005770158301322e-01 -4.894962402810121738e+00
-1.008107747693005374e+00 6.359226620760599635e-01 -5.008316676421373792e+00
-1.038482750364079887e+00 6.043309764370965453e-01 -5.134721141051087123e+00
-1.013359278082775594e+00 6.007178574451551567e-01 -5.248544302575996134e+00
-1.033249078478535976e+00 6.417597235072710626e-01 -4.892011500693012493e+00
-1.088407751314335314e+00 6.002432493642002598e-01 -4.991260989646311153e+00
-1.150618931312876514e+00 5.407849531678255994e-01 -5.069141097478790492e+00
-1.365907669285788106e+00 3.209761286727772500e-01 -5.181471351830398753e+00
-3.694917328844736781e-01 8.692718493232499677e-01 -4.724527629049871891e+00
-3.762635493138963838e-01 8.514513479033253285e-01 -4.840472337798360059e+00
-3.825196267936639694e-01 8.315336715078099905e-01 -4.957010308652243680e+00
-4.391894749613537430e-01 8.067841279259372333e-01 -5.065735857600492942e+00
-3.684897640411022857e-01 8.708720894565631365e-01 -4.708166787985645918e+00
-3.734940805826427734e-01 8.607801250963255102e-01 -4.785771259419210111e+00
-3.772115199939798380e-01 8.490471802096806186e-01 -4.854396778984985339e+00
-3.815127033798755285e-01 8.342985836527559984e-01 -4.940935045335199227e+00
6.896048228123343726e-01 7.018848314814377654e-01 -5.418173514984329309e+00
6.677816399231812916e-01 6.860842936825279903e-01 -5.538576563186719426e+00
6.443836435995654588e-01 6.698899453088171807e-01 -5.658357071439534813e+00
6.191907846151185613e-01 6.558622478017233082e-01 -5.776502318873282249e+00
7.228016401839792993e-01 6.906197049261568743e-01 -5.422385859258908702e+00
7.438526841566400760e-01 6.632998439466183394e-01 -5.539329857731625673e+00
7.660165113500454481e-01 6.348427211555246474e-01 -5.634516072949423915e+00
1.390589460006724121e+00 2.666728230743692918e-01 -5.056075329667191198e+00
1.467592809707213286e+00 7.172093501857289277e-02 -5.156349299774916517e+00
1.469103431110089897e+00 2.846131793377163280e-02 -5.203862066184528956e+00
1.463127239603113416e+00 1.624770640469016050e-02 -5.243417392600814075e+00
1.379928915589333727e+00 2.842303554430956614e-01 -5.080055926978009673e+00
1.389336126195493071e+00 2.370379635091368342e-01 -5.186691953889366324e+00
1.519143673682367135e+00 2.449582285694645312e-01 -4.646241890295838672e+00
1.515382623733568579e+00 2.381293303398279160e-01 -4.676737899782501984e+00
1.556125316199030273e+00 1.083039023491819131e-01 -4.681628578817960573e+00
1.579348026953618422e+00 2.748580252248854910e-02 -4.694506307875726314e+00
1.577106822058283786e+00 -1.329258951291407802e-02 -4.741114923833769979e+00
-1.678738634541884212e-01 8.433299244334893086e-01 -5.043657347164322680e+00
-2.560207007318689443e-01 8.217032727460621411e-01 -5.120117739511655053e+00
-3.224733799886715935e-01 8.004023346864310717e-01 -5.223624318999005034e+00
-3.582076129825703670e-01 7.823957981118686567e-01 -5.336078510363833516e+00
-1.408771433691344832e-01 8.439866526499120170e-01 -5.067541193607126182e+00
-1.734519002076081728e-01 8.263252648851995286e-01 -5.180860970610702054e+00
-1.768719748245254353e-01 8.122047379372491216e-01 -5.299082864536071469e+00
-1.528409709251007109e-01 7.996915231911233546e-01 -5.414732261771472821e+00
2.395922106977997068e-01 8.205120120452423782e-01 -5.181908232207235621e+00
2.673632165167134644e-01 8.048456763669499248e-01 -5.297704946059828224e+00
2.946991935835582277e-01 7.876302146310873997e-01 -5.413143171839623236e+00
3.203019582686152389e-01 7.637364792058858320e-01 -5.527368806160183112e+00
2.724420004862345146e-01 8.202152962330989672e-01 -5.168426548197152748e+00
3.574289400016213425e-01 8.024355853155029639e-01 -5.249929388991322554e+00
4.584946723848216665e-01 7.730342851512225222e-01 -5.305321602724867525e+00
5.682376491892849879e-01 7.415356340536769508e-01 -5.345600640099606338e+00
1.618106313697035059e+00 -7.108660100737994314e-02 -4.493682186816460700e+00
1.607751856491883791e+00 -1.437732051796058452e-01 -4.483640186709262565e+00
1.596772106172288597e+00 -2.188614909022551791e-01 -4.474594969158708579e+00
1.580598282368112617e+00 -3.384810412150375258e-01 -4.454003919455342242e+00
1.611914159428408766e+00 -7.093702892063558085e-02 -4.522855856016184006e+00
1.591808816014276928e+00 -1.276314487637617012e-01 -4.571772448328692562e+00
1.574290577587464934e+00 -1.696529914557496077e-01 -4.647428980068844417e+00
1.545630614786283497e+00 -2.712084835774559166e-01 -4.733888853986353951e+00
1.693941819840125929e+00 -2.035532318179524014e-02 -4.097184275340017834e+00
1.708334700951252172e+00 -3.269812995938212175e-02 -3.990879742491742821e+00
1.724134062872104245e+00 -3.298101498863221376e-02 -3.884555947770893081e+00
1.689451024838169557e+00 -3.376460246562791589e-02 -4.113835066330486789e+00
1.695399281821915016e+00 -6.364673026113108756e-02 -4.053559540074846090e+00
1.703706027602028827e+00 -6.887504522643463079e-02 -3.993687999647822728e+00
1.710430303862104040e+00 -6.914197492398810319e-02 -3.948321604941298357e+00
1.703500127126187147e+00 -1.998120224678187062e-01 -3.892729217606742953e+00
1.681763248514694054e+00 -2.581238332878664221e-01 -3.993129037336642817e+00
1.659493323951131138e+00 -3.357471593360280004e-01 -4.077357777465788757e+00
1.631432879113391854e+00 -4.239848144847108702e-01 -4.146530870753035281e+00
1.692377865314161900e+00 -4.522746738067251471e-01 -3.631138702701228738e+00
1.667118184193624897e+00 -5.565655227414313400e-01 -3.665262667591109746e+00
1.621075983415997124e+00 -6.573763010356584724e-01 -3.697073537950340327e+00
1.572482788607659776e+00 -7.579505253662053299e-01 -3.733396925144877976e+00
1.694900556213743137e+00 -4.584334488027703158e-01 -3.597484942817192444e+00
1.680827286257881470e+00 -5.649367584362943173e-01 -3.565218503580248832e+00
1.651024902402128403e+00 -6.527010844132725698e-01 -3.501571162893757361e+00
1.623827745384223142e+00 -7.332516527072715506e-01 -3.425642112622718116e+00
1.640389295593555063e+00 -7.941318811782294151e-01 -3.171894425605230605e+00
1.632262225465756611e+00 -7.950323658597777676e-01 -3.212431631076250849e+00
1.618959428159537639e+00 -7.965018406785174809e-01 -3.278797204278837807e+00
1.468254069054314437e+00 -1.034966651839193341e+00 -3.385087866641349308e+00
1.636055349416564608e+00 -7.946513538874302451e-01 -3.193404660476684587e+00
1.630524320330895227e+00 -7.951638642381778643e-01 -3.221266799459558516e+00
1.619833760819216373e+00 -7.963126056969122013e-01 -3.274688130918590012e+00
1.611726124707398400e+00 -7.970575854017907247e-01 -3.315546873262268601e+00
1.617269773407844946e+00 -9.326124822809453985e-01 -2.752193593055392462e+00
1.620975106130426502e+00 -9.508920339799284971e-01 -2.640829192339982701e+00
1.622761712297900560e+00 -9.653335335402319917e-01 -2.526117610779967659e+00
1.616365318085355440e+00 -9.953855630654978581e-01 -2.411647147024637672e+00
1.616238914301087348e+00 -9.306394345847255334e-01 -2.767074938642841708e+00
1.620960023777784365e+00 -9.411418261832322774e-01 -2.692817998443495675e+00
1.621188257971218238e+00 -9.525137980796211101e-01 -2.627793446085749274e+00
1.622509182813759221e+00 -9.632148536385154447e-01 -2.542829018796595175e+00
1.757267017776448448e+00 -7.227898366302761834e-01 -2.401075239044507370e+00
1.720915904206659741e+00 -8.068636670780499065e-01 -2.338527744430223265e+00
1.684849597945010879e+00 -8.874108561058160483e-01 -2.264558806133274871e+00
1.662434826671843169e+00 -9.456430690836445940e-01 -2.167282025400793621e+00
1.748686159543560992e+00 -7.339800253306381084e-01 -2.432836761976319373e+00
1.699447680363818547e+00 -8.327667810616812272e-01 -2.435692277289471797e+00
1.939578116689452791e+00 -3.196522506074726544e-01 -1.325233988820829323e+00
1.945163413613159920e+00 -3.146509918222015756e-01 -1.205685052547955216e+00
1.950771202622923362e+00 -3.095658301136840485e-01 -1.086029103472882174e+00
1.956368678464682098e+00 -3.045347451343338174e-01 -9.663305891651037260e-01
1.931861363001412313e+00 -3.540067558824442906e-01 -1.328794383971426685e+00
1.922272596322847971e+00 -4.151986366439778253e-01 -1.225591658392052086e+00
1.906959757174537140e+00 -4.992113387719322448e-01 -1.140545513784562592e+00
1.888940911146204993e+00 -5.930100621317131449e-01 -1.067409338200554059e+00
1.861967287787688052e+00 -5.905883535071615453e-01 -1.599310172326363411e+00
1.820941894295474039e+00 -6.977117320763182029e-01 -1.580730915626263666e+00
1.779988187791525567e+00 -8.046592425688173789e-01 -1.562088300192315371e+00
1.732629338499957150e+00 -9.094080494808927106e-01 -1.542891961154734259e+00
1.867353316066014290e+00 -5.816483459993301297e-01 -1.565867743018641844e+00
1.840826726622616372e+00 -6.611174224489321238e-01 -1.487157782948676399e+00
1.824440086339886635e+00 -7.178557907633333901e-01 -1.388969354396175415e+00
1.811675816248487836e+00 -7.603546559609246636e-01 -1.283675769783486853e+00
-9.837257650368300688e-01 5.926461162095174595e-01 -5.363794428601505793e+00
-9.601572779195642893e-01 5.794718597694985540e-01 -5.480670795659523975e+00
-9.359972879197233642e-01 5.669007325368510264e-01 -5.597679682224681486e+00
-9.122174533820276432e-01 5.533222298123894323e-01 -5.714145010873156849e+00
-9.857158921509795446e-01 5.934339329929504414e-01 -5.355207665265265149e+00
-1.004213418862117901e+00 5.527418437792195327e-01 -5.465061591717662814e+00
-1.047493076392465472e+00 4.986526027140499862e-01 -5.559661569767287759e+00
-1.141241628090206239e+00 4.113669060031884817e-01 -5.646554514814626557e+00
-1.361569324052158692e+00 3.318269171944428497e-01 -5.182527027065611414e+00
-5.247213864249848925e-01 7.827168919666394054e-01 -5.149011900693850841e+00
-6.069073573658172460e-01 7.578116337815862247e-01 -5.229812581117823989e+00
-6.852021096895047902e-01 7.165592926893242787e-01 -5.306866410493019437e+00
-7.597784801228945062e-01 6.763227874044467347e-01 -5.386533797777216748e+00
-4.964679957963794577e-01 7.825860464674485595e-01 -5.170657807873245027e+00
-5.211599661833371533e-01 7.647530747309386756e-01 -5.285964202372714027e+00
-5.138104620683784374e-01 7.472816074320274282e-01 -5.401989877949967322e+00
-5.552551303541214400e-01 7.221355765195177634e-01 -5.513836766779522058e+00
5.726418186530596310e-01 6.477708880158469240e-01 -5.887136799112652419e+00
5.262180884529420455e-01 6.396522053042303924e-01 -5.997779072991371585e+00
4.802251988100503799e-01 6.302583213885440960e-01 -6.107512505997733321e+00
4.335429429644024335e-01 6.141534743931689189e-01 -6.216349848491095287e+00
6.061173507854841214e-01 6.395056529126867950e-01 -5.895204355092798387e+00
6.212014086809974911e-01 6.122155558366485506e-01 -6.010094689257909906e+00
6.584145943867754092e-01 5.663384350206428497e-01 -6.113158036938264317e+00
7.122440906379400305e-01 5.182291242910483930e-01 -6.206995621779697991e+00
1.459395697246969492e+00 1.006498886415201251e-02 -5.266324598770101062e+00
1.439906536098024104e+00 -6.634419099371623163e-02 -5.323040858683779852e+00
1.417900378464978628e+00 -1.331043139660387509e-01 -5.377322413202492157e+00
1.385389456057861901e+00 -2.233106851561149631e-01 -5.446403378099587300e+00
1.444095921583334885e+00 -5.564668324232983909e-02 -5.311635328389196609e+00
1.427360323401477782e+00 -1.012122961945506744e-01 -5.355689217616118825e+00
1.417106728956826878e+00 -1.248005524517478287e-01 -5.384986401997430505e+00
1.406295752597080506e+00 -1.226488163149560967e-01 -5.430271770917697083e+00
1.558485587853853716e+00 -3.495741975056605721e-02 -4.820060989465388523e+00
1.541941953211047656e+00 -4.375436878548072395e-02 -4.895483327060131451e+00
1.524546246696948826e+00 -4.384298863563657056e-02 -4.979422729722173813e+00
1.511825146354906169e+00 -5.216923357322922339e-02 -5.036628379671458156e+00
1.560255051970249829e+00 -5.224594108929597747e-02 -4.802776293621628945e+00
1.537584529553935431e+00 -1.951547059320745681e-01 -4.839964718044159397e+00
1.513215931940313785e+00 -3.000550356115493367e-01 -4.904570220591008223e+00
1.480529056062598547e+00 -3.683324051380856834e-01 -4.983003478104236272e+00
-3.599119953340974010e-01 7.652547840491928932e-01 -5.453780991844459969e+00
-3.608961501005528705e-01 7.460760749695025673e-01 -5.571549186282171107e+00
-3.309594562255511740e-01 7.322777029646881930e-01 -5.686459955043135395e+00
-2.833353213827842221e-01 7.221486403597249248e-01 -5.796482986528737058e+00
-3.943581349136351943e-01 7.604702358976398457e-01 -5.446907757358937729e+00
-8.870937816531393461e-02 7.833974955557280184e-01 -5.514166747704126514e+00
-2.502060673120633932e-02 7.686558122715595465e-01 -5.614180458759620684e+00
1.729777355501559699e-01 7.549788313997012335e-01 -5.681966431991595456e+00
2.016511766594999699e-01 7.390942855780043841e-01 -5.796925501882435050e+00
-1.209706807220877617e-01 7.822895470840619536e-01 -5.528352345068442197e+00
-1.216060426978599202e-01 7.638548680364041221e-01 -5.645922957788976682e+00
-1.526175045753714599e-01 7.455628772662203918e-01 -5.759235846631617584e+00
-1.489768573974290244e-01 7.266506267692139920e-01 -5.876268753364937147e+00
1.561265756422970830e+00 -4.522551634479694549e-01 -4.452947751913603369e+00
1.534319504871878737e+00 -5.578889484170265201e-01 -4.452228257740095785e+00
1.484747197237420657e+00 -6.570888810091095600e-01 -4.448848839822972856e+00
1.330645793343761207e+00 -9.614966884305672368e-01 -4.408395509644457810e+00
1.569260436733101560e+00 -4.475452793941950835e-01 -4.419236106260391317e+00
1.558448079080628768e+00 -5.334000522899839947e-01 -4.355688261923682525e+00
1.547848686480057356e+00 -5.987354810322500498e-01 -4.263890228022470197e+00
1.541006505427405360e+00 -6.574161753710996425e-01 -4.164046395953117319e+00
1.520463698440551514e+00 -3.753056245333236118e-01 -4.792842533376799885e+00
1.484854394217159923e+00 -4.422323122751522506e-01 -4.841883475632789313e+00
1.461038051394492276e+00 -4.907119873758964967e-01 -4.862989795878274180e+00
1.421158051034113301e+00 -5.950517188091444254e-01 -4.863797132432446269e+00
1.589944545366418494e+00 -5.282062766593171865e-01 -4.163833844252914140e+00
1.526374043612656273e+00 -8.419887778702330738e-01 -3.778780684467709872e+00
1.468585437407968985e+00 -9.137291938978469030e-01 -3.818671453050766829e+00
1.409343892280404020e+00 -9.857733195437125007e-01 -3.858297923775759752e+00
1.341701436699012540e+00 -1.067360080592434146e+00 -3.905892407923829079e+00
1.523881619037912971e+00 -8.533620939008331741e-01 -3.746280132331727852e+00
1.470617139694062159e+00 -9.400260122391156381e-01 -3.721650319694345566e+00
1.456412435024546648e+00 -9.771718838375036409e-01 -3.665072504218970018e+00
1.461008891641034868e+00 -9.939670907503596053e-01 -3.587560133771899640e+00
1.467668045228418316e+00 -1.025046774173628439e+00 -3.445123093182619556e+00
1.467781943132323796e+00 -1.030726978453357701e+00 -3.412709022750973542e+00
1.467640766127339402e+00 -1.024245428003031755e+00 -3.449795231896972236e+00
1.602596226177586125e+00 -1.033205731035055752e+00 -2.299980421271111020e+00
1.588166229101865001e+00 -1.070308187604433803e+00 -2.187818704009355741e+00
1.552680607641726329e+00 -1.126190760048135786e+00 -2.088762309813343432e+00
1.600877334498153504e+00 -1.084612217041141857e+00 -1.898671392556328774e+00
1.582199670108496159e+00 -1.056716729588520476e+00 -2.316536652207536573e+00
1.531323403128003191e+00 -1.133166325014263398e+00 -2.243446897293148723e+00
1.466765078584843840e+00 -1.216561237341641011e+00 -2.195670637217890242e+00
1.394449075623699352e+00 -1.306447630685462657e+00 -2.174776837935227913e+00
1.639404747313228716e+00 -1.000107782141916424e+00 -2.066575076344123296e+00
1.655474446300466251e+00 -9.718162406324234448e-01 -2.053428899145802511e+00
1.966204411254572904e+00 -2.823490094645504933e-01 -8.488901957084202810e-01
1.972030346693035563e+00 -2.598202969883600111e-01 -7.314126997355799853e-01
1.977003560358404410e+00 -2.371863751983598056e-01 -6.138409008219950502e-01
1.982952389082228262e+00 -2.145732997691246480e-01 -4.962057480635010953e-01
1.958458947118381310e+00 -3.170776797719299656e-01 -8.470039095094710202e-01
1.960300311009067320e+00 -3.341338113063043735e-01 -7.302349633559729325e-01
1.960784475342959299e+00 -3.550939177907725952e-01 -6.232370182384456836e-01
1.959369931504518769e+00 -3.730793716689442263e-01 -5.293056462089797964e-01
1.848950956326695483e+00 -6.936496736659353290e-01 -1.023050017497499464e+00
1.807904490111173379e+00 -7.948019477016871059e-01 -9.782070158861956299e-01
1.766527065748358494e+00 -8.959975271822095966e-01 -9.330574661539917658e-01
1.714208862004744427e+00 -9.903600831440416696e-01 -8.873045535586779886e-01
1.856555037705742484e+00 -6.779786008225073823e-01 -9.921477832384536510e-01
1.895093203726102127e+00 -5.932815111090398164e-01 -8.979215279107444214e-01
1.670261693480862952e+00 -1.008376885871096196e+00 -1.540056815371482646e+00
1.514093768483529390e+00 -1.238813186724875504e+00 -1.515512875460833131e+00
1.439366221286445091e+00 -1.323387546272853932e+00 -1.511770864268578984e+00
1.362293303434919833e+00 -1.403215077903832819e+00 -1.484701523196368944e+00
1.674512959196978956e+00 -1.004073711943778591e+00 -1.506085323213527394e+00
1.527923623284590304e+00 -1.233100284766998955e+00 -1.416245599330693272e+00
1.538806180580336136e+00 -1.228532999690034266e+00 -1.338856060824259675e+00
1.545957805044187561e+00 -1.223854622626685762e+00 -1.247412629867249878e+00
1.801313158288584404e+00 -7.946681554562641248e-01 -1.173068772312174435e+00
1.788833229634070321e+00 -8.228372896298973282e-01 -1.188915196076461900e+00
1.756214474018110705e+00 -9.065432371293390412e-01 -1.116119552073141064e+00
1.710867337135315580e+00 -9.882234732027160851e-01 -1.047373853219671469e+00
1.650425578782935832e+00 -1.077949145647865592e+00 -1.006429086690842967e+00
-8.696001755169253666e-01 5.413680457311762506e-01 -5.825312732039217067e+00
-8.884079080470325129e-01 4.993708262354238370e-01 -5.952541740606578813e+00
-8.918680036961185165e-01 4.662639286540733452e-01 -6.078009216512688440e+00
-8.867384531954198845e-01 4.413847846022788679e-01 -6.201484447041929471e+00
-9.017580259555744160e-01 5.265520610700294979e-01 -5.830318592482273132e+00
-9.504867256064201131e-01 4.741880711097353762e-01 -5.949456568965215020e+00
-9.896428470888908313e-01 4.276691990842883540e-01 -6.045970297024038764e+00
-1.014044326285403974e+00 3.465285588697753494e-01 -6.110099904188373010e+00
-1.199540957589189549e+00 3.433980778993853122e-01 -5.687116690521806461e+00
-1.227458325907114345e+00 2.608864995469890036e-01 -5.717737302163934388e+00
-1.256742225497676557e+00 1.747160912202781469e-01 -5.749276719179799322e+00
-1.182736767379547915e+00 3.503121093047020795e-01 -5.717827479347125319e+00
-1.177577827049698822e+00 2.970426692534989255e-01 -5.800583051805358714e+00
-1.155083932522710466e+00 2.616109625438607922e-01 -5.898232802388380769e+00
-1.240252826267856046e+00 1.539382727593508263e-02 -6.038518357354827337e+00
-7.920388278468107890e-01 6.474327196571945109e-01 -5.493146512388778824e+00
-8.243156180049113768e-01 6.180051265543065053e-01 -5.601060433725158383e+00
-8.212841601424685223e-01 6.394854382318273522e-01 -5.476529799122382691e+00
-5.739642088326911695e-01 7.001618665959238319e-01 -5.630131250354258654e+00
-5.925288588863165673e-01 6.781967831938376934e-01 -5.746525388871626561e+00
-6.053126868927383164e-01 6.451995626959662333e-01 -5.859961322715599330e+00
-6.190364902632738975e-01 6.130446071973677524e-01 -5.967001921200509429e+00
-5.727871452578625622e-01 7.012404294545516725e-01 -5.624697294433042671e+00
-5.902168593791220497e-01 6.807897134034140985e-01 -5.732913028096874086e+00
-6.018056616865744557e-01 6.536129879630276918e-01 -5.831803251543619560e+00
-6.122764524516681739e-01 6.282724192975025490e-01 -5.916778571938727360e+00
3.729066388121515807e-01 6.026974860713196769e-01 -6.317952989464250990e+00
3.122124362240140116e-01 5.908616931831902619e-01 -6.421494041623457605e+00
2.518674555106836799e-01 5.766418302430902365e-01 -6.523936770578712796e+00
1.871131710426409966e-01 5.612444329189096859e-01 -6.627574772722403473e+00
4.045147245342728959e-01 5.954327125326783765e-01 -6.331049146840405761e+00
4.065949160576076138e-01 5.713964664146762296e-01 -6.449482426677537461e+00
4.371035526086464174e-01 5.442784238916178463e-01 -6.561808829399504717e+00
4.824950369988080801e-01 4.951445640859222785e-01 -6.659237447088902861e+00
7.937083613283786310e-01 4.618969481457705362e-01 -6.277185734118461369e+00
8.715837473553770254e-01 4.071998433043814702e-01 -6.347984742232031685e+00
7.698656814367074164e-01 4.681461147000982037e-01 -6.301398780935195454e+00
7.997089620165540591e-01 4.283515629347782183e-01 -6.410863055838005309e+00
8.018648473798163367e-01 3.975891255541689207e-01 -6.526736984849732082e+00
7.862575507038739309e-01 3.630039879213324272e-01 -6.639621925322043872e+00
1.346784916705811463e+00 -3.216533955788127286e-01 -5.500539834112598392e+00
1.308929742379340677e+00 -4.180668147099539933e-01 -5.553636967686581549e+00
1.271045438150293139e+00 -5.125656378079149755e-01 -5.607903649531895240e+00
1.216825305189996431e+00 -5.985162971334102577e-01 -5.657797939870341075e+00
1.342148889950916413e+00 -2.997173167435163155e-01 -5.526192886557862671e+00
1.301444532043662727e+00 -3.482908426108493050e-01 -5.628718207625972525e+00
1.274685845373422888e+00 -3.657521405155239047e-01 -5.740220312227992672e+00
1.249595720200310733e+00 -3.622980567393543905e-01 -5.853236126632385350e+00
1.391444038601889366e+00 -9.883963107375426382e-02 -5.499800116685176654e+00
1.372559826310663977e+00 -6.685317240591691357e-02 -5.578137980371502991e+00
1.356495301298500600e+00 -2.520684351202124446e-02 -5.666194908013511444e+00
1.317577909674084724e+00 3.551019544251278470e-02 -5.752539471699094520e+00
1.500206895343569879e+00 -6.406967345858563534e-02 -5.078590542150795528e+00
1.505379609187331935e+00 -7.749807240955691734e-02 -5.050891481186723375e+00
1.501338060617392500e+00 -1.041371034415697339e-01 -5.053410145132540165e+00
1.481524659048554016e+00 -2.427888573455656840e-01 -5.061608802323387835e+00
1.446466692989482494e+00 -4.125135846641441728e-01 -5.060799317248717344e+00
1.404730573032973773e+00 -4.728903553236156743e-01 -5.144814957077067596e+00
1.363168356964063355e+00 -5.231020768507325114e-01 -5.228922861124011057e+00
1.317125010043140199e+00 -5.625263901626724738e-01 -5.314159815085225169e+00
1.449746633015164488e+00 -3.955482480611490215e-01 -5.076331591730447457e+00
1.421674462714558773e+00 -4.116943479458007871e-01 -5.177152859847718780e+00
1.403727667225960651e+00 -4.007706338364511178e-01 -5.280091668290306295e+00
1.382407236334061373e+00 -3.640448184326396941e-01 -5.375026594837282623e+00
2.263133977816175202e-01 7.123695392154189010e-01 -5.906224277478914431e+00
2.523223740827712502e-01 6.843992458817481639e-01 -6.016900897203272258e+00
2.578762143590671574e-01 6.579668867010171063e-01 -6.134737715973112238e+00
2.290976281416221283e-01 6.373357840671981522e-01 -6.250456621859346917e+00
2.269308180964675348e-01 7.116321709007235041e-01 -5.909189507861750457e+00
2.532252361728682954e-01 6.833067735611787485e-01 -6.021302415178371170e+00
2.869518326258023166e-01 6.539144341183058540e-01 -6.133153420026653535e+00
-1.373053560721707034e-01 7.075355328616999007e-01 -5.993106034045130315e+00
-1.251385369405073889e-01 6.834015798002445186e-01 -6.109180383925742142e+00
-1.009219389476249951e-01 6.584225874232928488e-01 -6.222780078899247336e+00
-1.090597046810685977e-01 6.325771689778211249e-01 -6.336468674585532312e+00
-1.027756900009910851e-01 7.088505821360207015e-01 -5.984602540460120856e+00
-2.827281346947177129e-02 6.932182039592323930e-01 -6.076529980770760453e+00
6.318875899683114306e-02 6.810635092205084007e-01 -6.147373528689642264e+00
1.329821318376940731e+00 -9.613764954563468468e-01 -4.414110521782154350e+00
1.325057483298388794e+00 -9.629555992691212207e-01 -4.437313005791376774e+00
1.310618234561952367e+00 -9.621144663017007215e-01 -4.490698652879628661e+00
1.287827211098178548e+00 -9.632192198727932420e-01 -4.565758206742128067e+00
1.218746302299247297e+00 -1.020929616755509528e+00 -4.645172051289994997e+00
1.518237666729713498e+00 -7.466415058790046855e-01 -4.093119913797431231e+00
1.487964155040035319e+00 -8.289533904114384510e-01 -4.019317279211728433e+00
1.454148406625787038e+00 -8.962603174215465485e-01 -3.950140158036818061e+00
1.529918626360485590e+00 -7.254235863935127870e-01 -4.069570477379528484e+00
1.533874037727804396e+00 -7.609675052794423467e-01 -3.957659640440269744e+00
1.380546532717620956e+00 -6.980902072372270339e-01 -4.869222564965624223e+00
1.328043607368525336e+00 -7.981266883730270267e-01 -4.871751024828061105e+00
1.259078524641254582e+00 -8.878527680289262092e-01 -4.869553158272889704e+00
1.185816624268953623e+00 -9.680947373726024319e-01 -4.902967908037836331e+00
1.387701378714332856e+00 -6.966389056256240275e-01 -4.835555834559681188e+00
1.354093478624075697e+00 -7.836790108806080957e-01 -4.774242430254841629e+00
1.272847368653470923e+00 -1.155500567828291691e+00 -3.937401834402444845e+00
1.186549852316775899e+00 -1.225823238264887927e+00 -3.965658726228753483e+00
1.096481039629648047e+00 -1.292489461810064411e+00 -3.993686660242114161e+00
8.562884134427701799e-01 -1.468374224697839958e+00 -4.073284412341313221e+00
1.277176964121631286e+00 -1.141160314410025967e+00 -3.969443123020981012e+00
1.215645116044993035e+00 -1.188775625389743684e+00 -4.055891877367268528e+00
1.168520064927864421e+00 -1.209852539878751410e+00 -4.158045256724016703e+00
1.129563647004750315e+00 -1.223484984467247294e+00 -4.266672117333976111e+00
1.570154814129482990e+00 -1.147189704751860662e+00 -1.801679740955487663e+00
1.529674878973936725e+00 -1.202506597038687230e+00 -1.704081464928938860e+00
1.571239441343844634e+00 -1.145773623495279336e+00 -1.803630136923766392e+00
1.532180772609037511e+00 -1.199229228339513842e+00 -1.708644857393629923e+00
1.478209541557766515e+00 -1.267724850920998403e+00 -1.631393261873790523e+00
1.319803325282326689e+00 -1.391300880172065879e+00 -2.149955704103363896e+00
1.230749444949564841e+00 -1.461978258471205327e+00 -2.122768326385433113e+00
1.142077170884761461e+00 -1.532610155415862430e+00 -2.094505704569086468e+00
1.053457129123432701e+00 -1.603139351391914991e+00 -2.067145660323511436e+00
1.315809321740163851e+00 -1.390264414741667398e+00 -2.185181616323867981e+00
1.227788723435013551e+00 -1.452272363509855335e+00 -2.226320159517330755e+00
1.151148903854631644e+00 -1.502555493104109408e+00 -2.294262139954937663e+00
1.079112065293082567e+00 -1.549434933471351750e+00 -2.374063577049820406e+00
1.989173527259668672e+00 -1.745934130133627860e-01 -3.833756584352860930e-01
1.993885746513868185e+00 -1.335942029870864911e-01 -2.707325845582479462e-01
1.996643506927975542e+00 -1.031815799028070468e-01 -1.527544876774687144e-01
1.998707172874258253e+00 -4.848432621231438949e-02 -4.759046074241307656e-02
1.985486453216683378e+00 -2.094956923128992454e-01 -3.764749036408968630e-01
1.993102518002732637e+00 -1.399710763798422408e-01 -2.903369006706195687e-01
1.995936507112431313e+00 -1.134434849100751375e-01 -2.051586151853148077e-01
1.996762329621388332e+00 -1.013353742432369087e-01 -1.490812186713859344e-01
1.940470346899604071e+00 -4.542201910299039636e-01 -4.431486364847151971e-01
1.920721189739238666e+00 -5.351202739357515670e-01 -3.570093682204649732e-01
1.898491766859054852e+00 -6.154104142188219218e-01 -2.708258831909093334e-01
1.856825223688570059e+00 -7.295018783706140875e-01 -1.762806426873786136e-01
1.934753716516983246e+00 -4.752202461426395796e-01 -4.716184097620324533e-01
1.906849166867776280e+00 -5.885241888097447749e-01 -4.444158209524662340e-01
1.863369413796804652e+00 -6.990197803442064206e-01 -4.469655861448548206e-01
1.815189585828826724e+00 -8.123324824728170857e-01 -4.642348320589866351e-01
1.662722071136416124e+00 -1.068207267434052365e+00 -8.159585495189930482e-01
1.610999509078957725e+00 -1.146491844563807261e+00 -7.425041506904684896e-01
1.559809865813548191e+00 -1.225827426905360618e+00 -6.697219026983070034e-01
1.508455055557376134e+00 -1.299360259841740417e+00 -5.984071897512186489e-01
1.652566090386913711e+00 -1.081534778219574333e+00 -8.465462275245584367e-01
1.586231626324974053e+00 -1.178187014755839535e+00 -8.348763392235845071e-01
1.519938423797186466e+00 -1.273556674760492502e+00 -8.535003687705530195e-01
1.443791374767245062e+00 -1.356344341098110418e+00 -8.863894503785543222e-01
1.291038752153168767e+00 -1.474553472709664748e+00 -1.426586324836162323e+00
1.221141360661332165e+00 -1.540140395103991588e+00 -1.366404534676492144e+00
1.145989617149082207e+00 -1.597466412551736381e+00 -1.304966736668518257e+00
1.064617854593907342e+00 -1.648256477347183058e+00 -1.241972292724164095e+00
1.281783827423948807e+00 -1.483288191248576471e+00 -1.458944642591883945e+00
1.198502532251423558e+00 -1.549989781563159807e+00 -1.464034397647959063e+00
1.113994377082297094e+00 -1.610169340000271232e+00 -1.499580807766579538e+00
1.025155894064978757e+00 -1.660670225110884912e+00 -1.548052977550369969e+00
1.554347560410404672e+00 -1.214265487769182528e+00 -1.155751066806243177e+00
1.530872024375368179e+00 -1.252031805527277442e+00 -1.040753943483289756e+00
1.556110268294831345e+00 -1.212191645948106578e+00 -1.138501907726407580e+00
1.547756217316321514e+00 -1.228017130621843256e+00 -1.016525222508896320e+00
-8.472789670375190374e-01 4.350713769627901351e-01 -6.309655203646250321e+00
-8.108342133082592218e-01 4.267987112059950516e-01 -6.420952779398604093e+00
-8.432578636420013929e-01 4.359694375600836613e-01 -6.313486890556475828e+00
-8.059575314626612474e-01 4.276352061135290650e-01 -6.426778452743248771e+00
-7.703701929347709365e-01 4.164754171840268082e-01 -6.540134080532600258e+00
-7.246940927598205517e-01 3.991539872555119883e-01 -6.648790059210426762e+00
-1.039843805627954643e+00 2.635523790805887612e-01 -6.178398356472746933e+00
-1.154759733304198566e+00 1.777358236809455094e-02 -6.273209369678115266e+00
-1.056274376378080859e+00 2.526511157486388548e-01 -6.150957668321774818e+00
-1.192980495465098878e+00 -1.215022990464194493e-02 -6.189500190763032705e+00
-5.549720451561878098e-01 6.166694033465334179e-01 -6.067251679662465591e+00
-4.907325875778822954e-01 6.202856751241042632e-01 -6.167850771937749776e+00
-4.259674691265495361e-01 6.127124042950494731e-01 -6.266588996542203915e+00
-3.872968003464046793e-01 5.956502459570531816e-01 -6.375227345234616649e+00
-5.839859968867068263e-01 6.009158859055163671e-01 -6.079647611478740998e+00
-5.780468905936394508e-01 5.754130539456054905e-01 -6.194768907003573410e+00
-6.002722797314798964e-01 5.417982443427800110e-01 -6.304471573199002421e+00
1.395604143350963333e-01 5.404119654433214848e-01 -6.737443751612851806e+00
9.344631370553285743e-02 5.146435464120683312e-01 -6.842606786529166207e+00
2.833486112977787533e-02 4.492537646922959427e-01 -7.042695336314890753e+00
1.913058333493636168e-03 4.523284347945255024e-01 -7.039009118675048526e+00
1.094962017290428691e-01 5.495580584025588911e-01 -6.720225682009150603e+00
1.348565547753598215e-02 5.395878131392075616e-01 -6.786578646653103064e+00
-8.909078126273504983e-02 5.226501420439947365e-01 -6.820932462035738553e+00
-2.286196178123452438e-01 4.517758375185879638e-01 -6.994746697421591719e+00
5.524994957609440371e-01 4.411347819735939590e-01 -6.737769591420837756e+00
6.550375260582534942e-01 3.714061313422553634e-01 -6.820499039531000562e+00
6.767649990588798792e-01 3.274132516997752540e-01 -6.915928350272988467e+00
6.558704463758449066e-01 2.672020480478284887e-01 -7.005150208833435421e+00
5.244358390389756153e-01 4.455021025845304350e-01 -6.758234301042925551e+00
6.134349897309812061e-01 3.712225199743725002e-01 -6.874950629717837991e+00
6.199633114285768576e-01 3.186694218782241683e-01 -6.967733936012069584e+00
5.969531015149248665e-01 2.669265795121390505e-01 -7.047389387547313255e+00
7.541951865937454036e-01 3.300736904582246001e-01 -6.752574460953445268e+00
1.151894155884495285e+00 -6.707769904439573327e-01 -5.720340855502234589e+00
1.087276301436888692e+00 -7.421008016918076988e-01 -5.783890614073954772e+00
1.015971564958985551e+00 -8.081886941170179917e-01 -5.844478365722134861e+00
9.345647797484959440e-01 -8.617098006309930058e-01 -5.899174609453989859e+00
1.149944015737578429e+00 -6.869927950503600389e-01 -5.690972246027376613e+00
1.087798236323572976e+00 -7.820854827718687341e-01 -5.693141929611097218e+00
1.035736427794139436e+00 -8.759704815580746651e-01 -5.663319155987762699e+00
9.772031044412248235e-01 -9.573153393514528542e-01 -5.615682166082595295e+00
1.213275917724943698e+00 -3.556558564864206184e-01 -5.963115191101060475e+00
1.180275251195325170e+00 -3.493927461583425931e-01 -6.074831075076994047e+00
1.130440014379022085e+00 -3.811469806910067204e-01 -6.189651796521934202e+00
1.099418666654206067e+00 -3.674273369666163358e-01 -6.301625209320560472e+00
1.226791908294749822e+00 -3.240510524932840863e-01 -5.962036813468600371e+00
1.207027680062033870e+00 -2.570992357899113956e-01 -6.057347910634018895e+00
1.209169163979421535e+00 -7.038203872930459681e-02 -6.121850874249381569e+00
1.193741632851233136e+00 5.313851208803043943e-03 -6.188984754345840500e+00
1.284257377760977148e+00 3.510245947518331883e-02 -5.866930377816092168e+00
1.249874944553355238e+00 3.647033011913726475e-02 -5.982162065638969572e+00
1.295606426273527623e+00 7.595205476262434710e-03 -5.871321537166511284e+00
1.264804529620018769e+00 -3.193261452067143458e-02 -5.976767004264159411e+00
1.262100457245366458e+00 -6.475419865050466850e-01 -5.363657334669159837e+00
1.208458872983111609e+00 -7.344691238571113834e-01 -5.414209375570939287e+00
1.149029670912685486e+00 -8.172233531821269104e-01 -5.462558281640665925e+00
1.081308244961140197e+00 -8.953194228463017268e-01 -5.480617391959587081e+00
1.265605352127212369e+00 -6.299171113683532663e-01 -5.390197652108708937e+00
1.223705527844365815e+00 -6.750900249668766451e-01 -5.486463378466011953e+00
1.534109803904752933e-01 6.295770928438669811e-01 -6.344635481170896263e+00
7.810289090673945556e-02 6.185804622876929226e-01 -6.437742555732218541e+00
-1.204273966568367854e-02 6.035325349611970758e-01 -6.507035348107747197e+00
-8.181167401323212462e-02 5.773319477960496826e-01 -6.598625668050520865e+00
1.838249938189601695e-01 6.217486457118626131e-01 -6.361419688211817913e+00
-1.251914044697499950e-01 6.093890921118899628e-01 -6.445967060005705740e+00
-2.663406247106528402e-01 5.450972354696715927e-01 -6.676726816284283217e+00
-2.418322587990900663e-01 5.408658121171850963e-01 -6.701105016792228142e+00
-2.327386086521052722e-01 5.395280658388488249e-01 -6.709235986213698766e+00
-3.435544535913179764e-01 5.518121442410826027e-01 -6.608263629127546501e+00
-3.509415034666258371e-01 5.526861869377073244e-01 -6.596067596511697495e+00
-3.837110482624998542e-01 5.503251777082912577e-01 -6.563434121776766439e+00
-4.345996993438490663e-01 5.466054587210130711e-01 -6.512940030384374523e+00
1.159708546225050263e+00 -1.059526122077450783e+00 -4.742255017336373335e+00
1.101118695361819499e+00 -1.098017008667977246e+00 -4.839611589536430003e+00
1.025056911614285138e+00 -1.145111914975759593e+00 -4.913149944438410799e+00
9.382034103704269823e-01 -1.191689312991909055e+00 -4.971188225674875838e+00
1.147502329720418102e+00 -1.083201362962318948e+00 -4.719569009800646420e+00
1.066464046489280948e+00 -1.154670195117835529e+00 -4.765085568228723645e+00
9.773905852339983547e-01 -1.215465317991507810e+00 -4.776981310249579948e+00
9.033110522358293037e-01 -1.273420083833842087e+00 -4.760256380401464149e+00
1.116404113564451128e+00 -1.026778388149978349e+00 -4.985947724996531605e+00
1.047461274146547883e+00 -1.085104488350158380e+00 -5.068254500608181168e+00
9.837458120219936264e-01 -1.109687297533497485e+00 -5.164389051328242886e+00
9.400151697785908977e-01 -1.116406638932616158e+00 -5.264257068359277092e+00
1.113483232187681304e+00 -1.042780446344387490e+00 -4.951240643694468702e+00
8.559954542457035576e-01 -1.471117647290600239e+00 -4.056648347909749042e+00
8.482508932127394985e-01 -1.482239061860129548e+00 -4.008668167748844269e+00
8.364425087721450991e-01 -1.498990003651307079e+00 -3.936827229773264492e+00
7.583366512133069559e-01 -1.546549410908781619e+00 -3.865159694003661883e+00
1.088578978250481777e+00 -1.237783174022129451e+00 -4.375542951065328978e+00
1.041651061394396560e+00 -1.244876499871450548e+00 -4.483953605262803954e+00
9.918768901369732216e-01 -1.254057007552985548e+00 -4.592450382775505879e+00
1.111972170831138529e+00 -1.212946485020039988e+00 -4.382086051393451420e+00
1.115623658277564934e+00 -1.179252967580174838e+00 -4.495416692493123811e+00
1.136002743445296836e+00 -1.129765904783329278e+00 -4.598609196187996240e+00
9.569069119359123743e-01 -1.668892597148151635e+00 -2.056809321835739279e+00
8.445352665104235435e-01 -1.728634599439725417e+00 -2.047255632178087481e+00
7.483462966282965478e-01 -1.766573413959449113e+00 -2.032679079603710637e+00
6.590170120879863536e-01 -1.800835213391941414e+00 -2.018053443905108324e+00
9.655921249262073847e-01 -1.666383381133973440e+00 -2.022420181518198579e+00
8.707934125369697353e-01 -1.720533342752840866e+00 -1.951869010253005854e+00
8.069706647514446329e-01 -1.759734558466414134e+00 -1.858633188766136257e+00
7.673399078208498203e-01 -1.788340587329375397e+00 -1.751227658190207315e+00
1.008314316210422001e+00 -1.600143365567749054e+00 -2.453756253987275926e+00
9.295902952176222644e-01 -1.634943129031801501e+00 -2.531731653720142194e+00
8.480889758352063712e-01 -1.668790036896694362e+00 -2.610158864772460952e+00
7.673464054261402989e-01 -1.702177615319477644e+00 -2.688929934190880999e+00
1.028885918583376968e+00 -1.582444387383380668e+00 -2.476072411092314240e+00
9.527826473401812546e-01 -1.606716593787372416e+00 -2.647881913100405438e+00
9.923238352383716432e-01 -1.579331543278870376e+00 -2.691475153501420081e+00
1.041597233582749027e+00 -1.545761966979033009e+00 -2.741659785067640520e+00
1.991929400606776923e+00 -1.706908554627227237e-01 -5.143066383924775609e-02
1.861886312083278705e+00 -7.202990844828679462e-01 -1.256133189705783137e-01
1.869283276618745493e+00 -7.068399697070323340e-01 -5.172215557593344559e-02
1.864781239676614577e+00 -7.150324336505121670e-01 -9.668024595569482682e-02
1.874034020681806245e+00 -6.981970614247778872e-01 -4.241826712788461691e-03
1.772664421552829772e+00 -9.104211621247902952e-01 -5.143046418735616188e-01
1.719308209943071875e+00 -9.977116455852059751e-01 -5.649061074950604278e-01
1.659689331252183431e+00 -1.082116095249548771e+00 -6.164209446327419961e-01
1.769834467753341523e+00 -9.190195052885611338e-01 -4.801718866718185375e-01
1.713022810800128415e+00 -1.013510177888654162e+00 -4.630921664533147464e-01
1.655871989979152747e+00 -1.101058585884489682e+00 -4.155381754273101413e-01
1.601794398826068111e+00 -1.184604834039343135e+00 -3.561022167661632154e-01
1.435216406952889878e+00 -1.371048435915289687e+00 -5.392342323913754676e-01
1.362079444504034731e+00 -1.442638439490386837e+00 -4.797232882993492931e-01
1.289273555275394001e+00 -1.514721244117700927e+00 -4.196158924053257633e-01
1.213479582596998396e+00 -1.582276192567802608e+00 -3.596559462530888873e-01
1.450865684072426776e+00 -1.355860042496761508e+00 -5.118728789219622044e-01
1.412674749407273556e+00 -1.393614236500697823e+00 -4.061032529724353246e-01
1.397811914829237612e+00 -1.414165817962222738e+00 -2.900193951966036909e-01
1.394492444631006967e+00 -1.423453273738808367e+00 -1.713960921926620251e-01
1.361283278691548970e+00 -1.429505440777952385e+00 -9.210039328210337661e-01
1.275577920010152022e+00 -1.505519427558101198e+00 -9.560929023905251345e-01
1.191643791914706041e+00 -1.579934895789258276e+00 -9.917974076721982613e-01
1.100950692617137516e+00 -1.641732291431115653e+00 -9.974201981493668878e-01
1.371050070545270616e+00 -1.420144572236349267e+00 -9.509659606996483383e-01
1.313158345489859213e+00 -1.470121341354783562e+00 -1.041214044800487848e+00
1.274590322660777542e+00 -1.501577336850800970e+00 -1.146406894645222385e+00
7.985066807394807231e-01 -1.806479607481242589e+00 -1.151933111614689142e+00
8.049423199688421349e-01 -1.805078848761444199e+00 -1.129634482980792720e+00
8.088580638649216503e-01 -1.804533151736373853e+00 -1.107611591198959244e+00
8.131544902496473659e-01 -1.803895310130163798e+00 -1.084525797075579945e+00
8.051507506672938019e-01 -1.805363486903001746e+00 -1.119811197509428702e+00
8.208882059103500550e-01 -1.802197451541801998e+00 -1.058131194019011900e+00
8.332238587984067690e-01 -1.799807800891494391e+00 -9.756530266243392813e-01
8.513678154990058644e-01 -1.791462340279770915e+00 -8.809886810133583657e-01
9.499527950220368888e-01 -1.700595522372265300e+00 -1.625458789153338302e+00
9.337681983023974341e-01 -1.711303093144825649e+00 -1.596818661536471007e+00
7.920041222512754775e-01 -1.785318067532929431e+00 -1.614394053945316765e+00
7.918113862996457586e-01 -1.786819087313138210e+00 -1.595407785997793759e+00
7.934600516188324848e-01 -1.789767814740366170e+00 -1.543489942605957843e+00
-6.658390480517467624e-01 3.955140025315757590e-01 -6.753654243605125451e+00
-6.045827296419442609e-01 3.888414136001054899e-01 -6.856515454078218497e+00
-5.424667692433248201e-01 3.797383507753139265e-01 -6.957310822728688393e+00
-5.039488738948979529e-01 3.526175028654095489e-01 -7.064311269765350509e+00
-6.788203700796467954e-01 3.803550331529043649e-01 -6.759957512214367803e+00
-6.523795629300641608e-01 3.385552636817689698e-01 -6.869099056926889268e+00
-6.447110389785329909e-01 2.789441319738589220e-01 -6.967548206131680466e+00
-6.497550947695462931e-01 2.059966838071314310e-01 -7.050105210715398307e+00
-4.177223396133083327e-02 4.574992382364810872e-01 -7.032663002820178200e+00
-1.107460257012976707e-01 4.656358926630498885e-01 -7.022722297410560088e+00
-7.511118223347334338e-03 4.534622175068818706e-01 -7.037587347341617061e+00
-4.597807973607724585e-02 4.579986195896174062e-01 -7.032047535458356258e+00
-9.696324534041364518e-02 4.640075380589753773e-01 -7.024715736906469665e+00
-3.374811446895501499e-01 4.319771028959191184e-01 -6.966760184606658690e+00
-3.271281008952559577e-01 4.338630514852880316e-01 -6.969413015401337397e+00
5.754569734079817422e-01 2.237723134393306834e-01 -7.115462694308335223e+00
5.326205197359280552e-01 1.401379581648983519e-01 -7.248227516558233496e+00
4.827666650151325456e-01 8.604097446150762996e-02 -7.368268643640516480e+00
4.277719258328491203e-01 5.010614544641827511e-02 -7.459376586349150351e+00
5.876323926298505640e-01 2.072147170934759419e-01 -7.127056314573523288e+00
5.770965811038896165e-01 1.114864148543042721e-01 -7.251641804012787240e+00
5.781984680180111136e-01 3.878082290929301540e-02 -7.342183731994185614e+00
5.875564017062537836e-01 -3.086974837441152503e-02 -7.377407366238265318e+00
8.484480772712210683e-01 -9.271742339858690674e-01 -5.940949155007296589e+00
7.645327193605846450e-01 -9.957840258055066229e-01 -5.986356566323842721e+00
6.742128366269261042e-01 -1.052008137948905464e+00 -6.027708600701324748e+00
5.708722870400990690e-01 -1.083051431635929873e+00 -6.063080169678673137e+00
8.533611400862258778e-01 -9.082537586258938589e-01 -5.971907335733686040e+00
7.893261456221725147e-01 -9.381470272819123490e-01 -6.066664603950457924e+00
7.230491775676194388e-01 -9.454482297380184530e-01 -6.170178743860335047e+00
6.741925291049976066e-01 -9.324308938471277397e-01 -6.279729423930082710e+00
9.267719879584862541e-01 -1.025913233792035140e+00 -5.538526148100007873e+00
7.846330199491013957e-01 -1.181621461927252925e+00 -5.450522616577355706e+00
7.914451157239459356e-01 -1.188745668759652041e+00 -5.410109728255030781e+00
7.940576974524511389e-01 -1.189853089725975366e+00 -5.397690431655319365e+00
9.103066161171948778e-01 -1.033989400167163897e+00 -5.564051589066363768e+00
7.639804992949714713e-01 -1.164961829721960607e+00 -5.535435748548237278e+00
7.603810883581456626e-01 -1.159801273164632995e+00 -5.557426551559580652e+00
7.463039905857564715e-01 -1.150522155891926079e+00 -5.608688683066273661e+00
1.052592232686928142e+00 -3.470590687330284974e-01 -6.408448634592435411e+00
1.006015301323364586e+00 -3.246322768392360669e-01 -6.515681024317187209e+00
9.504056051161449137e-01 -3.453049538624685666e-01 -6.622292197507159806e+00
8.972600283837525170e-01 -3.615896851317501604e-01 -6.729236328800733524e+00
1.054760293319788600e+00 -3.488887014636891659e-01 -6.403102538727898363e+00
1.012062187688679060e+00 -3.297417990139065447e-01 -6.500767404816389927e+00
9.512933830197114471e-01 -4.069839455994126443e-01 -6.592601086752186923e+00
8.912870320909456190e-01 -4.785272694809618588e-01 -6.664741140741410774e+00
1.061325867465124695e+00 1.994761769505925542e-01 -6.343455088433137767e+00
1.062747585838067277e+00 1.911960097212614396e-01 -6.349174575594976666e+00
1.060924331881623717e+00 1.833585258206790469e-01 -6.359337865326343930e+00
1.059043614713376380e+00 1.752203577406672153e-01 -6.369872355144465814e+00
1.064108472843076525e+00 2.202223414876148810e-01 -6.319615366168346959e+00
1.021300307259483731e+00 -9.540563943830780991e-01 -5.473429703639223654e+00
1.018175517191846069e+00 -9.619957433292884996e-01 -5.455010307387547108e+00
-2.304698012672575791e-01 5.392006854580536634e-01 -6.711239502013126135e+00
-2.203661237676492468e-01 5.376989689313146359e-01 -6.720334144502895235e+00
-1.881031982321998142e-01 5.329201130844062329e-01 -6.749310457642862637e+00
-4.580556991537725331e-01 5.446317880527284938e-01 -6.490557748258092730e+00
-4.805983212583399555e-01 5.431064922376643844e-01 -6.467768454142738932e+00
8.303682874638260714e-01 -1.259179583377833866e+00 -5.005917930435861862e+00
7.328190992936833847e-01 -1.319661215377968766e+00 -5.040389036524213218e+00
6.377184946349948591e-01 -1.363817641959752969e+00 -5.071719920055315356e+00
5.347760240820238486e-01 -1.392818176795112439e+00 -5.100281359870502129e+00
8.376766140475342404e-01 -1.246034452059859632e+00 -5.036682287845550832e+00
7.607663568896383399e-01 -1.278973949963168488e+00 -5.126219426066469076e+00
7.078591737539561279e-01 -1.284982021850178180e+00 -5.228407924154370612e+00
8.131955933302228434e-01 -1.345456103914750789e+00 -4.734381590618491842e+00
7.208561424391485284e-01 -1.407574177452690423e+00 -4.706629633729521700e+00
6.226956514925193753e-01 -1.458244542123710685e+00 -4.675844039193679968e+00
5.294726776578475569e-01 -1.506544705595166622e+00 -4.645740501921326704e+00
8.276766247509877994e-01 -1.343652284874330194e+00 -4.703357938797863014e+00
7.715399645573566279e-01 -1.402404299935264165e+00 -4.620644544770481588e+00
7.347435767624037606e-01 -1.439540495819878529e+00 -4.519106652592042472e+00
7.149405664946451022e-01 -1.469367752043889697e+00 -4.411000230568131286e+00
6.754473713270927604e-01 -1.595556121252085902e+00 -3.798453413910600762e+00
5.924224676673210954e-01 -1.644043331646999118e+00 -3.731121359843657004e+00
5.059074378380989945e-01 -1.681616064264392918e+00 -3.661735250876215098e+00
4.191872680997847933e-01 -1.711822770616229006e+00 -3.590788041628544480e+00
6.986939921567488776e-01 -1.588691066873218372e+00 -3.773221992199023322e+00
6.653228948199277903e-01 -1.620389825418800278e+00 -3.664845718100349536e+00
6.557815758751683877e-01 -1.642728925382337613e+00 -3.545623802028072813e+00
6.690178183990438399e-01 -1.655805545079319430e+00 -3.426524510867633211e+00
5.779240515314064686e-01 -1.834495198773941071e+00 -1.982633544836882367e+00
4.682050761951527806e-01 -1.870591935575603548e+00 -1.948312287995894510e+00
3.609122417402405025e-01 -1.900597123429070612e+00 -1.912356079322968361e+00
2.522257723092607984e-01 -1.916198190137164969e+00 -1.874392133912939684e+00
6.989161371622316654e-01 -1.728864636674493305e+00 -2.780164396537060156e+00
6.242081332348726752e-01 -1.740520552300366397e+00 -2.870189835196180539e+00
5.001811101066088172e-01 -1.767857102523299195e+00 -2.968194421388384630e+00
4.098239181325083469e-01 -1.784629194420187970e+00 -3.059845649019536928e+00
6.783765779344708147e-01 -1.740044360618132835e+00 -2.753532670030383045e+00
5.703639690644793925e-01 -1.764979120711349880e+00 -2.786303370606927565e+00
4.569944501718047336e-01 -1.791068766550786950e+00 -2.790335132200152835e+00
3.377026240424639836e-01 -1.820209430229239533e+00 -2.761744076772461032e+00
1.089918079042867305e+00 -1.512832962103580536e+00 -2.790936763865262016e+00
1.137597926810859361e+00 -1.462382034213687287e+00 -2.849020703499393736e+00
1.191054990345971731e+00 -1.403670848996942944e+00 -2.912289247765540878e+00
1.248305422954373078e+00 -1.340804770395536138e+00 -2.979945157576977532e+00
1.101894026852629604e+00 -1.501710011720641669e+00 -2.805725818728095344e+00
1.156667076855271814e+00 -1.441406302187490329e+00 -2.871882009940311509e+00
1.215050848830922847e+00 -1.377304413026674501e+00 -2.940798655918065663e+00
1.349652526009814002e+00 -1.257174148498533262e+00 -2.882034169059459305e+00
1.561281198132318471e+00 -1.240800288377267746e+00 -2.633006832742751380e-01
1.513557557942846188e+00 -1.292413753734833692e+00 -1.691528905224295720e-01
1.485939330243915446e+00 -1.319467152133066312e+00 -6.022580543415098631e-02
1.546254672833791144e+00 -1.259899989360328432e+00 -2.887275670844275388e-01
1.123226463109234796e+00 -1.643313307797809042e+00 -3.144896199432187234e-01
1.029659581648036060e+00 -1.701282717787432563e+00 -2.665681605258137243e-01
9.361631069390784488e-01 -1.759178414164443982e+00 -2.193974858591306865e-01
8.404311087726638041e-01 -1.805763983576317733e+00 -1.739280100914341043e-01
1.137590519838530323e+00 -1.634429332228564125e+00 -2.848754955577544878e-01
1.078719781364607888e+00 -1.673764251868855579e+00 -1.873774255502572428e-01
1.042528127573775887e+00 -1.696487708950081608e+00 -7.615114212298559893e-02
1.388925155683875534e+00 -1.433915185536829950e+00 -5.302343522407051285e-02
1.017262052482291734e+00 -1.693930539673723201e+00 -9.523543932888446362e-01
1.007973059833009888e+00 -1.697400483108068014e+00 -9.836157820681188380e-01
8.695087236785580265e-01 -1.783108805029863575e+00 -7.867977286351027777e-01
8.416199753212801893e-01 -1.801326955903873372e+00 -6.720819649416880370e-01
8.193943721783928380e-01 -1.816360761591638173e+00 -5.557959861739248941e-01
7.990083519952588809e-01 -1.827192754906772576e+00 -4.388588622904593395e-01
8.726942066685829946e-01 -1.781631062841252167e+00 -7.707837830454772332e-01
8.676970288494750827e-01 -1.786943020376015934e+00 -6.513830020138083876e-01
8.839368092528909759e-01 -1.778718005857245155e+00 -5.334981566364210837e-01
9.231925547878825355e-01 -1.758391874010958977e+00 -4.222919707487566843e-01
7.949396797352269450e-01 -1.791608663829475701e+00 -1.507830415584961559e+00
7.970149863752031827e-01 -1.795201177232583323e+00 -1.444096564263952942e+00
7.959095205867607881e-01 -1.793396830448205970e+00 -1.476562335894357370e+00
-4.971523438330085476e-01 2.917187707566163968e-01 -7.156708085231954897e+00
-4.856578587356160104e-01 2.270794098885398626e-01 -7.249844140137668091e+00
-4.708954807562200640e-01 1.652110229898041127e-01 -7.343792662797541837e+00
-4.903358119958027284e-01 -4.647586509697581442e-03 -7.466008077898734996e+00
-4.725771430579099319e-01 3.092947079760181017e-01 -7.166777324621703471e+00
-4.181663731010117346e-01 2.854984484679565226e-01 -7.265179269019923503e+00
-3.461118989220439701e-01 2.823400922642151367e-01 -7.352511744173041208e+00
-2.562916094217189689e-01 2.627670554517313461e-01 -7.395056352362906260e+00
-7.276837876922567228e-01 -2.594891568859661324e-02 -7.169819440288372370e+00
3.785754715642781765e-01 -2.311120080662718707e-02 -7.556272490441063638e+00
3.164016727996712408e-01 -1.465604959065243927e-02 -7.610821314587548514e+00
2.509209392063364574e-01 -1.339115122131292156e-03 -7.669229563770374902e+00
3.604273124977522835e-01 -2.368765867209397802e-02 -7.571533879044268112e+00
2.820404659992417629e-01 -6.138513459784784854e-03 -7.641803321570058039e+00
5.650102166039098206e-01 -1.075261704640265853e-01 -7.370055213409703931e+00
5.320601640968374291e-01 -1.844584843502165838e-01 -7.373757345346769299e+00
4.927138219379012529e-01 -2.341767747031350266e-01 -7.396709289953037114e+00
4.487045130693405603e-01 -2.835375697304041154e-01 -7.425129050852055990e+00
5.764836595277798015e-01 -1.075300193661969245e-01 -7.356986454615205062e+00
5.821411849705485642e-01 -1.641765471914050090e-01 -7.325637526678829836e+00
5.999647370105143374e-01 -2.014278916920106410e-01 -7.288960166738351454e+00
5.807049363960198329e-01 -3.652739455898458831e-01 -7.238857440247151054e+00
4.898719474339587321e-01 -1.099276306680645243e+00 -6.118783517154263052e+00
4.862423369397589901e-01 -1.109549004005310646e+00 -6.088338004877863696e+00
3.512472988289497833e-01 -1.164409774972926748e+00 -6.085166350892618148e+00
2.513465247027413807e-01 -1.209683434935239887e+00 -6.066547368753436587e+00
1.636911573677585219e-01 -1.230681984528392059e+00 -6.034430660198967011e+00
6.253907563070603137e-01 -9.237822635339847377e-01 -6.389550334719559466e+00
6.217178522983388689e-01 -8.786493343817431967e-01 -6.498713560938119471e+00
6.005285784210829814e-01 -8.471867846650166234e-01 -6.609708591760962371e+00
5.752768512902055598e-01 -8.032464428877426066e-01 -6.714015997799181790e+00
6.510798452852163409e-01 -9.018458257017760715e-01 -6.391142069840756612e+00
6.232291341196739554e-01 -8.781133851476716767e-01 -6.497097160929732773e+00
6.028022287283959502e-01 -8.495068118409264679e-01 -6.600191702278618067e+00
5.821747757434392323e-01 -8.136650982079879357e-01 -6.688717775806100718e+00
7.977765673513856903e-01 -1.191203593082668322e+00 -5.380952381099210591e+00
8.075500909280990403e-01 -1.195574107385237284e+00 -5.333544574096214852e+00
8.223085244327674737e-01 -1.202161894267075537e+00 -5.262006212162188667e+00
7.900389685906584747e-01 -1.187723806634313650e+00 -5.418566641788022942e+00
6.640187645420618789e-01 -1.167093901876693929e+00 -5.682701897687742587e+00
5.836627942625423060e-01 -1.180272779968621233e+00 -5.757410415519502500e+00
5.040425332634235200e-01 -1.186651772023235907e+00 -5.832186063128763642e+00
3.621814174968194244e-01 -1.225591411660242880e+00 -5.887988891379666967e+00
7.288734632874165342e-01 -1.139472635082086516e+00 -5.670760235419013640e+00
6.412172736857567612e-01 -1.160372253292949685e+00 -5.739260910480941114e+00
5.648110039480344069e-01 -1.167013374127304770e+00 -5.816587895815108489e+00
5.030260722513731908e-01 -1.161288474440006269e+00 -5.904588192184479389e+00
8.323285050864542844e-01 -3.879002258654642432e-01 -6.834393791653982753e+00
7.365634524445738851e-01 -4.581379072411194686e-01 -6.941204413513970550e+00
6.958130146122677440e-01 -4.316453376483484483e-01 -7.040680905892422459e+00
8.393731210355543926e-01 -3.622553009826381398e-01 -6.834894502876628586e+00
7.324943685587265163e-01 -4.590630102151334602e-01 -6.946511520947078466e+00
6.900261394255503555e-01 -4.295845827958366114e-01 -7.052602972030903139e+00
8.455959902097009984e-01 -5.094399433119016773e-01 -6.695600745414871824e+00
8.164703519000097165e-01 -5.115100677032266008e-01 -6.743688241529512517e+00
7.861495347755720342e-01 -5.047682372731920886e-01 -6.801510519694284440e+00
6.823945031314314624e-01 -6.106883664997253547e-01 -6.828373076014015552e+00
8.374049127357873212e-01 -5.015811804926696427e-01 -6.721993660354644184e+00
7.952767754592258154e-01 -5.032285425549112290e-01 -6.788912661125579007e+00
4.246320633752091456e-01 -1.426153359904102746e+00 -5.120302182526447865e+00
3.200315641741948713e-01 -1.455397342879936717e+00 -5.137959972869267311e+00
2.120407751627396420e-01 -1.469005952173131568e+00 -5.151743541132895565e+00
9.869067952321877724e-02 -1.477863461005860524e+00 -5.166607906998971877e+00
4.254660480420822122e-01 -1.433254050901127563e+00 -5.086544283677602252e+00
3.324220987690653661e-01 -1.475303837950180386e+00 -5.039974810581794529e+00
2.563305483519283112e-01 -1.507906018292473060e+00 -4.964913159922319963e+00
1.873840932900996681e-01 -1.532326425297826589e+00 -4.876368222875337111e+00
4.293117185529349289e-01 -1.536844772974376827e+00 -4.630478241335946876e+00
2.007870439165470033e-01 -1.586890559550989455e+00 -4.629556998645373511e+00
1.945148580520550952e-01 -1.601793395009729171e+00 -4.565051362221972830e+00
1.797256083641649016e-01 -1.619199374773097944e+00 -4.482336506528159958e+00
4.409265975555657913e-01 -1.540441214612988663e+00 -4.597449357352125787e+00
1.913183225587820613e-01 -1.606212966337801529e+00 -4.546312456114200984e+00
1.756915616389542745e-01 -1.625076370261633540e+00 -4.449314873618551047e+00
1.635051375167151100e-01 -1.643715406307853177e+00 -4.343813670549436345e+00
6.920218036128913397e-01 -1.500414255490555293e+00 -4.301152560257557766e+00
6.687600663416849445e-01 -1.531866476657182341e+00 -4.189974420897470075e+00
6.238632944041225814e-01 -1.570430845324615854e+00 -4.088152797867556032e+00
5.558455952891919738e-01 -1.615957432130604499e+00 -4.004183644504156092e+00
7.234706578967139423e-01 -1.487107311217697347e+00 -4.295986030008759116e+00
3.114829928231992451e-01 -1.746447742359960920e+00 -3.522934092168128473e+00
2.825138821437576109e-01 -1.749530785400355670e+00 -3.548061581630865380e+00
2.492907820296432764e-01 -1.753008362335989334e+00 -3.577283728374169414e+00
2.123767625499229095e-01 -1.754628937571704572e+00 -3.612932551674898463e+00
3.375876829685757752e-01 -1.743692019365245427e+00 -3.500134855263850930e+00
3.598597665549933544e-01 -1.741394442671025500e+00 -3.480310393687732873e+00
3.546214020989871818e-01 -1.758495418739999927e+00 -3.369786155427097363e+00
3.581119502983264313e-01 -1.774857334026535005e+00 -3.250369600320301533e+00
8.091058397920641854e-01 -1.628557083200264932e+00 -3.182883307662459416e+00
7.880139479768806243e-01 -1.638585834070978908e+00 -3.164887890989495745e+00
7.670131388258294436e-01 -1.648437148453418599e+00 -3.147834352902255439e+00
7.445507017121000271e-01 -1.658978920493470621e+00 -3.129562860519149670e+00
6.783867947199637705e-01 -1.666205437298865277e+00 -3.307653584759387755e+00
7.363239246152116779e-01 -1.662795260095061511e+00 -3.123157976146595960e+00
6.759007259479759000e-01 -1.691241994728988951e+00 -3.073430206334971437e+00
1.389315153400852154e-01 -1.931382173180701267e+00 -1.852673121892363550e+00
2.575001683257924917e-02 -1.940533855728920232e+00 -1.830151124563573983e+00
-8.905283572947231274e-02 -1.936022371244528806e+00 -1.806316487754076272e+00
-2.021854808264808012e-01 -1.931603753458923212e+00 -1.782376129143834476e+00
1.503259007838012862e-01 -1.931993065222666894e+00 -1.819463048167995867e+00
6.848989842672917328e-02 -1.947251861277073059e+00 -1.737753096343815251e+00
1.001165411577346030e-02 -1.949260116996538450e+00 -1.636182884648749392e+00
-3.110176394457749016e-02 -1.952378315467737435e+00 -1.527084402181555500e+00
3.195968169970605510e-01 -1.800603976953251584e+00 -3.101633903543134618e+00
2.372046934904867566e-01 -1.803907919701740914e+00 -3.138842396243516575e+00
1.009236349071002820e-01 -1.811753519560941328e+00 -3.167336831202537173e+00
-1.253359957453577082e-02 -1.819596897133095359e+00 -3.172848844617967679e+00
3.344757765793858195e-01 -1.795930004199155716e+00 -3.133328358416469950e+00
2.239857105323160014e-01 -1.847996286538704735e+00 -2.734332901890028644e+00
1.163565262263144828e-01 -1.865790864276167138e+00 -2.706620535344888889e+00
7.352268045851193846e-03 -1.869227511578899881e+00 -2.679237238396381837e+00
-1.205076114372621993e-01 -1.866872321859937678e+00 -2.643463871319324365e+00
2.366434660316239225e-01 -1.846735740307928753e+00 -2.701744601360650311e+00
1.619249079819307102e-01 -1.869362794806195494e+00 -2.616665476946362645e+00
1.135630364986365409e-01 -1.881974799832931700e+00 -2.515645703745350570e+00
7.821923816480791380e-02 -1.887308016998703541e+00 -2.407272942093364954e+00
1.413507880903264402e+00 -1.185535082901488568e+00 -2.948765903838121538e+00
1.464308478308549155e+00 -1.107973229246500768e+00 -3.016371332525969340e+00
1.510120170921686711e+00 -1.022835812372709041e+00 -3.081479416949394867e+00
1.414644598390012886e+00 -1.184339271091823242e+00 -2.949524822434154370e+00
1.464611344482585453e+00 -1.107293714715329447e+00 -3.017446786907863387e+00
1.509385697712041896e+00 -1.023970312626812040e+00 -3.081709781279618809e+00
7.472513616685937388e-01 -1.840956344890450014e+00 -1.121223637005562129e-01
6.533248188022323655e-01 -1.876427710664236637e+00 -4.966732336178177054e-02
7.348051963995779756e-01 -1.846453015146859888e+00 -1.441058571367532792e-01
6.263931599510713655e-01 -1.888876245031795076e+00 -1.469093893533434669e-01
5.211433734658822425e-01 -1.922434853387083864e+00 -1.793225835073452845e-01
4.160642804540619633e-01 -1.950579718369914506e+00 -2.245349963997494980e-01
7.378975575778145002e-01 -1.849110742699347387e+00 -3.395566448793391756e-01
7.678279929810836180e-01 -1.837122376036118387e+00 -3.248225763903507257e-01
-4.335680931093415236e-01 -6.311000052831956808e-02 -7.507534943351856782e+00
-3.703352254193617021e-01 -1.283657298820880532e-01 -7.553775939684737040e+00
-2.937618249170550477e-01 -1.880013179918409438e-01 -7.578043431559650323e+00
-2.138343726486772178e-01 -2.331048671914537906e-01 -7.578753846515773773e+00
-4.243115597492116975e-01 -3.886908051328397118e-02 -7.518122218255919975e+00
-3.569131294136040911e-01 -2.992741655500317025e-02 -7.576278261089428590e+00
-1.758823306467488523e-01 2.477745888085340353e-01 -7.429723479559007693e+00
-7.634543910568612757e-02 2.309649728062831142e-01 -7.470770099755314142e+00
1.966606405058906812e-02 2.153301870582584321e-01 -7.503594308035917315e+00
1.224379638423186839e-01 1.901736509369816863e-01 -7.524144982074382426e+00
-1.663753945352246522e-01 2.679867457914292261e-01 -7.410356594395508978e+00
-7.032755730565951047e-02 2.871519087178605045e-01 -7.412195276892145301e+00
1.390680787311755762e-02 3.151080285892736699e-01 -7.395805881727012476e+00
9.714886694324802174e-02 3.357909750870569088e-01 -7.356306353647357632e+00
4.036896903287131577e-01 -3.398952669016099826e-01 -7.446364990449834131e+00
3.214418766465506616e-01 -3.802346814857488488e-01 -7.460661287157617672e+00
2.269362615352816248e-01 -4.184930799449482208e-01 -7.455479937967984583e+00
1.366368797916556466e-01 -4.722890875651847287e-01 -7.434281754424760358e+00
3.880887294434591794e-01 -3.329294195159543390e-01 -7.468837020644430780e+00
6.345559518748722372e-01 -3.984680788044475119e-01 -7.162932340827964595e+00
6.304053645640915748e-01 -3.960575277415153694e-01 -7.168719270098846685e+00
6.982635487276270259e-02 -1.237382600603499361e+00 -6.009891969519139288e+00
-1.141861887181884055e-01 -1.223440353765263167e+00 -6.052480506357816203e+00
-1.759744118304091554e-01 -1.241410470719091608e+00 -5.990912558666380505e+00
-2.364551895997019371e-01 -1.260186699393563980e+00 -5.926673854492975124e+00
7.847631206158338368e-02 -1.247128619633267599e+00 -5.981961634450525089e+00
-1.378472958169015272e-01 -1.230778792370870400e+00 -6.027373151804572338e+00
-2.168776674143403360e-01 -1.254038784299338793e+00 -5.947702542308277884e+00
-2.731239236597556297e-01 -1.270274337901032613e+00 -5.869706041745659242e+00
5.291910784283017088e-01 -7.676282099518123569e-01 -6.820579968961760109e+00
4.822521375020184520e-01 -7.324431015638248610e-01 -6.926927033966853386e+00
4.334377739694721954e-01 -6.959893200271859426e-01 -7.031127655287404465e+00
3.614420577757450070e-01 -6.686067804039314000e-01 -7.119542741466692526e+00
5.045386622748871952e-01 -7.865594360550348663e-01 -6.807787871964653625e+00
4.163175605218657482e-01 -7.886579801375580567e-01 -6.882638994779015640e+00
3.111543702539121825e-01 -8.145134127590599737e-01 -6.927471142564543882e+00
2.039527270534894077e-01 -8.403846327710413622e-01 -6.958283157178692058e+00
2.689693275767869873e-01 -1.262338905444402304e+00 -5.886054318818913167e+00
1.794794755890182780e-01 -1.280219690733215288e+00 -5.872357907368296992e+00
5.197761763327324314e-02 -1.302873581019142968e+00 -5.826341939274333193e+00
-4.062243908899936667e-02 -1.325492818682671547e+00 -5.757284845060440581e+00
-1.752705871529254208e-02 -1.485530179420039953e+00 -5.163419148709402329e+00
-1.338311640759725363e-01 -1.476271634979236858e+00 -5.155643396792564559e+00
-2.473922845426576866e-01 -1.463124813553609460e+00 -5.148354973704075022e+00
-3.616763970319073485e-01 -1.444089216686683441e+00 -5.138836107074591375e+00
-1.356879025333207131e-02 -1.477476269253336305e+00 -5.197165774084527179e+00
-1.116678711704693350e-01 -1.453975582903105579e+00 -5.253383790771764872e+00
-1.866020664386299210e-01 -1.427156764971962088e+00 -5.331803017326613769e+00
-2.512953329806732472e-01 -1.399066767210196849e+00 -5.418899484304600556e+00
-7.592942843948807807e-02 -1.567006179487806516e+00 -4.775132041303066899e+00
-6.950149230745268636e-02 -1.579517195718610933e+00 -4.702586303386915745e+00
-2.080775798452909053e-01 -1.581343091451839378e+00 -4.638542908523128894e+00
-2.075785552723944660e-01 -1.591900958313921643e+00 -4.592215391027905547e+00
2.153788458976542142e-01 -1.556007110389093118e+00 -4.762767253471376527e+00
9.857816114388268103e-02 -1.664411664929407397e+00 -4.243814000698947098e+00
3.764008876506736573e-02 -1.682255060826928883e+00 -4.144005602391491294e+00
-1.739987100135484757e-02 -1.693469491923300430e+00 -4.043526148267741149e+00
-6.527944221234413535e-02 -1.706213540189294164e+00 -3.944463953450385585e+00
1.302421225730217014e-01 -1.667218643901798636e+00 -4.230222553282674269e+00
1.308770150527011067e-01 -1.685717051181897519e+00 -4.112641539276440383e+00
1.608216916589208512e-01 -1.698577270449127763e+00 -3.998320651209001042e+00
2.152898347095107690e-01 -1.705976500237333049e+00 -3.892830859989810488e+00
4.536353047631907498e-01 -1.645926295992867772e+00 -3.961825396062313320e+00
3.499010655112546053e-01 -1.673966510404398811e+00 -3.917433418092050257e+00
4.718547293944697074e-01 -1.647037625166877906e+00 -3.931624536033172301e+00
4.118500064635186586e-01 -1.675419488443731231e+00 -3.836950317249296916e+00
1.750355010970643665e-01 -1.750108856910981281e+00 -3.643090289515596769e+00
1.186685675546673702e-01 -1.743297039207328147e+00 -3.688519089219466807e+00
4.884600698326917873e-02 -1.734854277158636826e+00 -3.744833171499503344e+00
-7.839215790600799483e-02 -1.729637313969249801e+00 -3.762227339079000643e+00
1.526925141048752765e-01 -1.747347418902504446e+00 -3.661611681728978773e+00
8.061170994763949826e-02 -1.738637230498200514e+00 -3.719699881236586236e+00
-4.476020857466347924e-02 -1.737064867103783383e+00 -3.706932554415725001e+00
-1.524362212660968496e-01 -1.740110442986544381e+00 -3.659121574967661772e+00
-3.048408872540428471e-01 -1.918232149318462199e+00 -1.739961625148406021e+00
-4.067116104520572817e-01 -1.896105716299178567e+00 -1.695905293103587175e+00
-5.134277535140138182e-01 -1.873705681745333473e+00 -1.651307898456658485e+00
-6.208484014731254774e-01 -1.851176276793147224e+00 -1.606236912324157107e+00
-3.111576048814008177e-01 -1.913805901679786814e+00 -1.774494280980576821e+00
-4.144086686222529514e-01 -1.884326132047795088e+00 -1.798903231116860013e+00
-5.135060779198452607e-01 -1.853446334312726984e+00 -1.854906434997441345e+00
-6.071084001193136626e-01 -1.823154551137136314e+00 -1.921967518935022934e+00
-3.736658160573643611e-02 -1.958144519287154939e+00 -1.409575890922455166e+00
-4.133721345661427876e-02 -1.963089145834785887e+00 -1.292546882196030866e+00
-6.470801201686982029e-02 -1.965956150862413043e+00 -1.169102076163563098e+00
-8.399044713929132433e-02 -1.971841511947137970e+00 -1.045704346885320879e+00
-6.949070673771745588e-02 -1.956325400584381313e+00 -1.418372316222342056e+00
-1.528391042401215094e-01 -1.957733875049405547e+00 -1.321828246586315814e+00
-2.466894262903718549e-01 -1.957440753360150110e+00 -1.249719946004875126e+00
-3.451791644437507967e-01 -1.935954266966512183e+00 -1.203495770733283177e+00
-1.098232293498762474e-01 -1.812649096315813724e+00 -3.181253118918109912e+00
-4.060915022161915577e-01 -1.772266377859429198e+00 -3.193428450501250460e+00
-4.062213246779800002e-01 -1.771008605199764885e+00 -3.206637610303695762e+00
-4.060757699737527204e-01 -1.769839041840418847e+00 -3.219427746143210811e+00
-9.648277200051057212e-02 -1.819025775339631279e+00 -3.147664675035564574e+00
-1.072276641013601567e-01 -1.827784687105383776e+00 -3.079995014519784746e+00
-1.214119428402705286e-01 -1.839175358046128972e+00 -2.991836660852063012e+00
-1.387999805391732233e-01 -1.848013289206612564e+00 -2.892415630103871926e+00
-2.443363551360163421e-01 -1.863230144436625046e+00 -2.627490674541172577e+00
-3.521976273684156444e-01 -1.842721104034855673e+00 -2.612348356003975525e+00
-4.406493426774527045e-01 -1.822352108439643903e+00 -2.600490190496592025e+00
-5.558668272741813521e-01 -1.795862333625038554e+00 -2.584474509581310642e+00
-2.351079242372383360e-01 -1.866559328272797469e+00 -2.593892978961259477e+00
-3.190673701518237371e-01 -1.857667736293397098e+00 -2.517569366481825277e+00
-3.679355086978858824e-01 -1.852855167497612809e+00 -2.423560921979119875e+00
-4.181947482040990205e-01 -1.848602780100711218e+00 -2.317361615373593420e+00
2.652160425245657718e-02 -1.893282842862239024e+00 -2.299284472321444728e+00
-2.706260510257560425e-02 -1.899334048808522857e+00 -2.191274915455521555e+00
-8.125966875346407603e-02 -1.912986262274941840e+00 -2.080148676793903029e+00
-1.514362350451217143e-01 -1.922138000744190833e+00 -1.983333910149143620e+00
7.191794168913812069e-02 -1.891891032428277164e+00 -2.287447846322324452e+00
9.795062304715063117e-02 -1.895061926525248408e+00 -2.170835447009967112e+00
1.521664066672749061e-01 -1.906113798738386267e+00 -2.064751652803987092e+00
3.042762414532257931e-01 -1.969507960914282263e+00 -2.590553614595084153e-01
1.956004549269380333e-01 -1.981174472726012770e+00 -2.926619947269828992e-01
9.147483051529214926e-02 -1.982254388182097316e+00 -3.253644498014864883e-01
-1.764907395855189742e-01 -1.986773284623170266e+00 -3.082885831775019625e-01
3.190687672203766367e-01 -1.968582641625165053e+00 -2.909254861421025073e-01
2.454912040463028411e-01 -1.975755114257965461e+00 -3.803315191216239399e-01
1.993928638826022726e-01 -1.977510815825209267e+00 -4.875099683991965249e-01
1.701007704870431680e-01 -1.979420666656753980e+00 -5.993438204997120211e-01
-1.461446398559449467e-01 -2.898897400230739940e-01 -7.569822948882147351e+00
-6.858665471949533521e-02 -3.487787104060650623e-01 -7.547542841004456271e+00
1.024208445933814417e-02 -4.076120903674129714e-01 -7.517531672694671485e+00
-1.333840777452361681e-01 -2.652350318536408347e-01 -7.579150834123399072e+00
-4.166756318392839109e-02 -2.635420247681738437e-01 -7.579791368000227791e+00
4.992684976430786237e-02 -2.348910087296543769e-01 -7.590631220081052177e+00
1.235085376742059704e-01 -9.224593161106980910e-02 -7.644599691354268423e+00
1.850662471781947538e-01 1.727154833100275344e-01 -7.517830915466561237e+00
1.690033806859291554e-01 3.561056623961723067e-01 -7.283661727114500550e+00
1.987602019054142966e-01 4.024563843755771808e-01 -7.144208637714268839e+00
2.866088835516518163e-01 4.183245983623556929e-01 -7.081248311613538959e+00
3.592386396643548752e-01 4.243798380500441447e-01 -7.019446549116358014e+00
1.755910785931820428e-01 3.480460209701431995e-01 -7.299637705756629735e+00
2.497631830319931023e-01 3.295427506168036036e-01 -7.254050363041452343e+00
2.627674413391135610e-01 4.141838331871319223e-01 -7.097857436760130589e+00
