0.000000000000000000e+00 3.129999999999999893e+00 0.000000000000000000e+00
1.145172016173477345e-03 3.122607167355654578e+00 -2.247564423555993285e-01
6.270238112182833362e-03 3.115742629835799526e+00 -4.516342714928566759e-01
6.154349449570799789e-03 3.114586405777710620e+00 -6.767133764813797470e-01
6.233567648543172912e-03 3.109939320689501407e+00 -9.014926674331206202e-01
6.225975448725892293e-03 3.094856542066088956e+00 -1.125484384444809915e+00
6.096319123272892979e-03 3.081962810965829913e+00 -1.349911190563714669e+00
6.607358104854053199e-03 3.071747859570490125e+00 -1.574055114987742421e+00
1.871319953536496328e-01 3.030532873443351871e+00 -1.993077624502277878e+00
-1.841393576894950757e-01 3.045348192194099912e+00 -1.801149184736812625e+00
2.260182434945949836e-01 3.029426132886486212e+00 -1.995908442111367531e+00
2.674060805624983161e-01 3.023361130782884043e+00 -1.998117325788712373e+00
3.111077477979099504e-01 3.016962687171316215e+00 -2.000381976154675723e+00
3.564822107586549382e-01 3.010319124241643163e+00 -2.002735743992553719e+00
4.030525944582394882e-01 3.003500273570604229e+00 -2.005153780037176592e+00
4.521683202208385266e-01 2.995143736397188672e+00 -2.021720815554988171e+00
5.010509526030516581e-01 2.986980722763324270e+00 -2.036357975364110118e+00
5.494830012394273933e-01 2.979000377739530858e+00 -2.049567717881298989e+00
5.970347493528078697e-01 2.970473281383956277e+00 -2.061503699485444763e+00
2.158740094626874217e-01 3.030169723575330654e+00 -1.995205315724897899e+00
2.368970731797523377e-01 3.027831002537967109e+00 -1.996500348865432706e+00
2.647040924258426409e-01 3.023758650162120087e+00 -1.997954251915538881e+00
2.905878938669736455e-01 3.019967941596651606e+00 -1.999307748217103331e+00
3.155607338165676845e-01 3.016310687382171452e+00 -2.000613090267552074e+00
3.436238646593248736e-01 3.012201403168957015e+00 -2.002073455939852753e+00
3.639208236091984183e-01 3.009228306279986498e+00 -2.003141871668580709e+00
3.897620074699024717e-01 3.005444573901523420e+00 -2.004484298585041291e+00
4.073919325410547132e-01 3.002862105681995519e+00 -2.005412783811197031e+00
-2.099768578794246054e-01 3.040940504087956686e+00 -1.843464850578608427e+00
-2.357734134631311318e-01 3.036533882059424982e+00 -1.885804492187879378e+00
-2.612812739490023572e-01 3.030088232816610105e+00 -1.927926892476097942e+00
-2.866887171587135241e-01 3.022469430495424270e+00 -1.970025726750288753e+00
-3.121369748878966566e-01 3.015203751070227867e+00 -2.012292836830728682e+00
-3.376339244221138736e-01 3.008379252950050375e+00 -2.054644311790107203e+00
-3.631298243967138184e-01 3.001552328556280180e+00 -2.097026412934674067e+00
-3.531562804529287947e-01 2.998748953737064404e+00 -2.145898414678826693e+00
-3.609815637968729063e-01 2.993903383935073492e+00 -2.191790516997264238e+00
-2.213613860088808893e-01 3.040833597196728633e+00 -1.833883668586215210e+00
-2.635517098033903771e-01 3.036444516720381070e+00 -1.859788809606133686e+00
-3.092775841530551184e-01 3.029141258661456781e+00 -1.877357187726747645e+00
-3.572973283820989887e-01 3.021936639720705919e+00 -1.887306859952849525e+00
-4.064345487026841952e-01 3.015084497067687774e+00 -1.892455269971810239e+00
-4.558658492569807597e-01 3.008748766619846471e+00 -1.892240921040587498e+00
-5.050864787737445738e-01 3.002869408372649040e+00 -1.887872931208351091e+00
-5.533431518016853623e-01 2.995587867664696979e+00 -1.879509952966859521e+00
-6.009373766681855855e-01 2.986996076937997735e+00 -1.868285656764615332e+00
6.452059133962122495e-01 2.959934969273749328e+00 -2.065188782509371102e+00
6.931111221711985237e-01 2.947940505971948788e+00 -2.068650600847476539e+00
7.406827062300330722e-01 2.934166449565149382e+00 -2.071925865933538446e+00
7.883616983927471678e-01 2.920361182399901612e+00 -2.075209754966886866e+00
8.365083984122745342e-01 2.906397701076531614e+00 -2.078777271878423871e+00
8.845366766814030113e-01 2.892473306082987250e+00 -2.082283707184523269e+00
9.324234731945352239e-01 2.878594353870994826e+00 -2.085731007953595562e+00
9.798712016027442129e-01 2.864087876091765850e+00 -2.089015266851793839e+00
1.026463850043249026e+00 2.846870085755483615e+00 -2.091990786446670025e+00
6.416388735019961098e-01 2.958886522092296190e+00 -2.079584607865967882e+00
6.819161457428621897e-01 2.947196078356583815e+00 -2.105758594409867790e+00
7.167183328296147238e-01 2.934891492546334302e+00 -2.138820594755395987e+00
7.459902039522559036e-01 2.923132479947984308e+00 -2.177057244369752009e+00
7.714402606045044353e-01 2.912168038646263390e+00 -2.218472633164475294e+00
7.923310180346797571e-01 2.902245552677272578e+00 -2.262642579824424516e+00
8.095346610271253462e-01 2.893207680330356357e+00 -2.308577027173275287e+00
8.231120744951282431e-01 2.885072879479791741e+00 -2.355882086228276773e+00
8.338523495565761667e-01 2.876853751008864091e+00 -2.403889905306584751e+00
-3.691930899575071590e-01 2.988822174581389657e+00 -2.239905573147238371e+00
-3.774571286840416318e-01 2.983710863197337471e+00 -2.288299720902417622e+00
-3.857312193061260275e-01 2.978439114080776662e+00 -2.336798373563104381e+00
-3.936603501553201379e-01 2.970519187645140224e+00 -2.385102934170455935e+00
-4.015383515985432306e-01 2.962586983081267444e+00 -2.433541807721504302e+00
-4.094326297948543969e-01 2.954640609866487910e+00 -2.482065137642384567e+00
-4.173386648896920681e-01 2.946684306717518353e+00 -2.530647330317060018e+00
-4.280916386561191000e-01 2.938403758623799877e+00 -2.578843681490242457e+00
-4.384483997817042455e-01 2.930163529894190155e+00 -2.627127553661143811e+00
-3.683641323556482439e-01 2.989338028857723373e+00 -2.235013615554673372e+00
-3.755361505742595418e-01 2.984906813573076967e+00 -2.276956930011692304e+00
-3.821215321045214885e-01 2.980840579029334858e+00 -2.315439248628125224e+00
-3.884185835076506277e-01 2.975800039187519452e+00 -2.352852027081949515e+00
-3.949625733279988338e-01 2.969235156493687633e+00 -2.392918742911678720e+00
-4.018213618110039742e-01 2.962328801837662340e+00 -2.435093501451881082e+00
-4.087501599585471879e-01 2.955361750644290630e+00 -2.477629794850247702e+00
-4.154908796739826271e-01 2.948594086224912036e+00 -2.518939191700998670e+00
-4.524276784781997574e-01 2.939098116510809433e+00 -2.551154090068990854e+00
-6.454379104546023038e-01 2.979689511422338732e+00 -1.847260470833946400e+00
-6.895676305087354852e-01 2.971683242493531996e+00 -1.826039643718456063e+00
-7.332775812598459897e-01 2.962475574295730052e+00 -1.804633764864713719e+00
-7.769799288138714566e-01 2.953274288862283381e+00 -1.783186424402539050e+00
-8.206401491488337641e-01 2.944088257555147248e+00 -1.761699420322945020e+00
-8.638226711540855085e-01 2.932541411963947464e+00 -1.739814784271794590e+00
-9.067706204279332161e-01 2.919945324536016518e+00 -1.717827703360685909e+00
-9.497801077211510679e-01 2.907327314084164893e+00 -1.695862985576835902e+00
-9.928357247037767896e-01 2.894679879495721586e+00 -1.674095627399853736e+00
-6.493781405549139407e-01 2.977932798586806040e+00 -1.861479198124111889e+00
-6.972487803920343064e-01 2.965705642741860437e+00 -1.863478784735357552e+00
-7.434911761973790334e-01 2.952424113140898587e+00 -1.874291990935368357e+00
-7.875143024818423987e-01 2.938914802168393070e+00 -1.892762923499764938e+00
-8.294892337537006499e-01 2.925471778348057494e+00 -1.915688060211318433e+00
-8.686752275267082268e-01 2.912264504120201991e+00 -1.943303311958614721e+00
-9.056761276188068921e-01 2.899308993636908749e+00 -1.973959463843280693e+00
-9.401125704948930517e-01 2.886855817010470560e+00 -2.007734861878162302e+00
-9.718942818316272936e-01 2.872630443512111054e+00 -2.043264174216480544e+00
1.073322679773019095e+00 2.830503202704216736e+00 -2.087549479051470591e+00
1.119018305057871032e+00 2.811559637118891786e+00 -2.082938249411562914e+00
1.164490005823197949e+00 2.792408070339344572e+00 -2.078384920947038861e+00
1.210502029210492658e+00 2.773025500346980809e+00 -2.073815969557539329e+00
1.256442393313585981e+00 2.753676022653479993e+00 -2.069221556647049098e+00
1.302286498138761184e+00 2.734370062701629411e+00 -2.064603422122267773e+00
1.347482872251624775e+00 2.714225525368359371e+00 -2.059802469530367830e+00
1.391868196595190454e+00 2.692262681947727998e+00 -2.054800511253030315e+00
1.435498892756839062e+00 2.669124459779449232e+00 -2.049741163366489705e+00
1.071887806732110482e+00 2.829137309052518479e+00 -2.102306636879296420e+00
1.113775483087236617e+00 2.810377376539698435e+00 -2.121473234821683818e+00
1.151242122303936188e+00 2.791857820654770617e+00 -2.148434408374813476e+00
1.184127685466409119e+00 2.774751563775699204e+00 -2.181640751811699808e+00
1.213795352026406649e+00 2.758719922176276373e+00 -2.218316078588479900e+00
1.239037039965061426e+00 2.743454194044872452e+00 -2.258280260973029918e+00
1.260084049511802418e+00 2.727227490038688362e+00 -2.300216005728350499e+00
1.278021470652219271e+00 2.713118106671928764e+00 -2.344350495536183132e+00
1.293512538605895879e+00 2.700168029513347445e+00 -2.389741755671744627e+00
8.344891331660647671e-01 2.870416196553091659e+00 -2.453338622676407343e+00
8.350674813192076051e-01 2.863879997239839881e+00 -2.502810793722169969e+00
8.355586339696026155e-01 2.857367022805408219e+00 -2.552326252197350875e+00
8.360740302305735838e-01 2.850844456960799356e+00 -2.601854109981418972e+00
8.366151637910315131e-01 2.844312989140136416e+00 -2.651385148393640812e+00
8.371716649027014512e-01 2.837736929363745553e+00 -2.700903495125182463e+00
8.377053073492422008e-01 2.830994816035008022e+00 -2.750399150684341709e+00
8.380291904682107829e-01 2.823495247284609988e+00 -2.799786744393361282e+00
8.384913290185748158e-01 2.815775906543467766e+00 -2.849170246057423750e+00
8.484639333380042947e-01 2.866180839274979242e+00 -2.450401502450369584e+00
8.708206447010766738e-01 2.853323584968633142e+00 -2.493118576679476117e+00
9.002475988968393628e-01 2.838794282734000252e+00 -2.530679510340548166e+00
9.351381854614408962e-01 2.823145600679395795e+00 -2.562909332807257634e+00
9.730601882052779539e-01 2.807003533457800515e+00 -2.591185743907151284e+00
1.013815846063300663e+00 2.790515317256998529e+00 -2.614869657706895723e+00
1.056330521910070486e+00 2.773577055407418612e+00 -2.634675224550000916e+00
1.098808696974594268e+00 2.752736824432130192e+00 -2.650363837117132082e+00
1.142028148137443688e+00 2.731891420866336517e+00 -2.663505251594551204e+00
-4.411876975000336709e-01 2.923052353334294029e+00 -2.676732741579063823e+00
-4.440594592528602780e-01 2.917134946266521478e+00 -2.726428353463894894e+00
-4.468711873737165607e-01 2.911235532635526368e+00 -2.776033833196640543e+00
-3.315119631644303233e-01 2.917975604395395273e+00 -2.852665576225299038e+00
-3.415945949305024820e-01 2.911392522697302976e+00 -2.899764302583107245e+00
-3.515363607727215456e-01 2.904901457158536093e+00 -2.946204620159146081e+00
-3.610682191978518141e-01 2.896038479594518211e+00 -2.991782160179998762e+00
-3.704834804292259087e-01 2.887081388800464499e+00 -3.037110644979425622e+00
-3.798801077119930980e-01 2.878141021969056190e+00 -3.082355284842773102e+00
-4.556726011881269689e-01 2.921497341605803211e+00 -2.673471277976616101e+00
-4.811586509734002703e-01 2.913399946791796147e+00 -2.715851454052170766e+00
-5.137329222354272140e-01 2.904969606768256440e+00 -2.752794260666330040e+00
-5.512758893674093441e-01 2.894288813559390938e+00 -2.783947271916598076e+00
-5.940409642707744631e-01 2.883079791558335714e+00 -2.811278653484980961e+00
-6.352473624599322966e-01 2.870758192553867882e+00 -2.835866678697152032e+00
-6.757101586437300744e-01 2.857030050750224870e+00 -2.858494410059519542e+00
-7.157993209856789996e-01 2.843557835553966129e+00 -2.879930864257208789e+00
-7.553056175341416045e-01 2.830353611950139125e+00 -2.900507171554927321e+00
-1.038430291728379418e+00 2.880841570479007796e+00 -1.659181447996002312e+00
-1.084070136906679638e+00 2.867136567539160463e+00 -1.644300186023388566e+00
-1.129381328043847166e+00 2.852709360395616400e+00 -1.629381068069139404e+00
-1.173484920001105714e+00 2.835532783388171385e+00 -1.614170573626349414e+00
-1.216652727692835612e+00 2.816738717079671162e+00 -1.598751850591954904e+00
-1.259507088805028596e+00 2.798096075681810291e+00 -1.583287335658793316e+00
-1.302035389603020121e+00 2.779610475094992150e+00 -1.567780224150422619e+00
-1.345688225688114414e+00 2.760598825746117591e+00 -1.552255908622956815e+00
-1.389241165595039185e+00 2.741633197548985379e+00 -1.536740603329696198e+00
-1.032581761116631247e+00 2.883930054186382375e+00 -1.645821000208569806e+00
-1.067288555796254590e+00 2.875566545499602000e+00 -1.610914989515346507e+00
-1.095687111922139634e+00 2.869777860802321001e+00 -1.570266847381605047e+00
-1.116706605630011007e+00 2.864048874893593943e+00 -1.525458717568119793e+00
-1.133446480337791051e+00 2.860049989413495641e+00 -1.478731939975764575e+00
-1.194680147432716444e+00 2.846611181374627098e+00 -1.293479312112541857e+00
-1.186476566774212760e+00 2.850159772415930881e+00 -1.290136467640135898e+00
-1.175174541282012264e+00 2.855038035073571123e+00 -1.285677914996404825e+00
-1.161123983160947226e+00 2.861102973554387585e+00 -1.280130464924990941e+00
-1.006504376564955061e+00 2.856695559599021106e+00 -2.075213295219568099e+00
-1.040800124486777056e+00 2.840184178293705841e+00 -2.107161952474991384e+00
-1.075210756450345251e+00 2.823617121657830520e+00 -2.139221775510800505e+00
-1.109657192196749298e+00 2.807034742383498038e+00 -2.171293238539035997e+00
-1.144127693490941677e+00 2.790443019131708446e+00 -2.203361694023921125e+00
-1.177800146960193084e+00 2.772362936390185162e+00 -2.235155765226274127e+00
-1.210754025527268185e+00 2.752744976303027169e+00 -2.266820650222666877e+00
-1.243665816241642297e+00 2.733308692685910479e+00 -2.298700066922516161e+00
-1.276638629300147265e+00 2.714273436073285861e+00 -2.330698193738713897e+00
-9.958571232657555949e-01 2.859356102009556810e+00 -2.084848196672464127e+00
-1.012650425151617517e+00 2.847967339009112919e+00 -2.130253149471316831e+00
-1.021452359224809037e+00 2.838869147243505697e+00 -2.178444721521232363e+00
-1.022264080121831897e+00 2.832264964650912376e+00 -2.227833931059195915e+00
-1.018611234111895136e+00 2.827130411228175877e+00 -2.277299125255011880e+00
-1.010261666260177993e+00 2.824640241724490242e+00 -2.326577140657516196e+00
-9.978133756043587876e-01 2.823912145114457761e+00 -2.375022181533811505e+00
-9.816434816018161369e-01 2.824523887728750626e+00 -2.422346457902631922e+00
-9.630803600581098189e-01 2.826016337405095946e+00 -2.468758603186709255e+00
1.477451275110960083e+00 2.645760774118026237e+00 -2.037259000975358614e+00
1.519282474636802105e+00 2.622465644376037908e+00 -2.024801743248481944e+00
1.561531512076153927e+00 2.598929206290024663e+00 -2.012310064185035774e+00
1.603758760226305924e+00 2.575407954499247420e+00 -1.999793006894851066e+00
1.645946883924990889e+00 2.551911795191852850e+00 -1.987253097350907938e+00
1.687830726015654648e+00 2.528055655642388988e+00 -1.974641541026767033e+00
1.727542179787958876e+00 2.501017862716076845e+00 -1.961679974624041645e+00
1.766840067687473814e+00 2.473502806158756062e+00 -1.948655023779126694e+00
1.806585258979613418e+00 2.445657198500353235e+00 -1.935737530644280557e+00
1.478182252364345084e+00 2.643923852586666623e+00 -2.051970006891260745e+00
1.519201724724251967e+00 2.618802716622686155e+00 -2.063538911106221452e+00
1.557803872261331657e+00 2.594262179565781423e+00 -2.083820804462527487e+00
1.592684470149560161e+00 2.571239957204207283e+00 -2.110996770419598878e+00
1.623755636993759577e+00 2.547933991778071672e+00 -2.141676457862856431e+00
1.651127876180427334e+00 2.525393549798212511e+00 -2.176422907889821179e+00
1.676130708375245693e+00 2.504062936158113040e+00 -2.213760487570204827e+00
1.698453326872217728e+00 2.484278971164928684e+00 -2.253683739083034432e+00
1.718892715915995684e+00 2.465806702086428714e+00 -2.295258288863453178e+00
1.312773189943536201e+00 2.685542125918441769e+00 -2.433006883533075371e+00
1.332893565313590489e+00 2.670451110834364705e+00 -2.476527248548696658e+00
1.352826489226258255e+00 2.655463615463602434e+00 -2.519973141083643231e+00
1.372586311153869865e+00 2.640574455331328174e+00 -2.563325801360116785e+00
1.391134006217638941e+00 2.623729488235596374e+00 -2.606348546187304382e+00
1.409794962857904954e+00 2.607034080381438024e+00 -2.649416061971932912e+00
1.433087291945844388e+00 2.588046967842613455e+00 -2.689162993635948684e+00
1.457802489264180323e+00 2.568661607223708732e+00 -2.725576234603616754e+00
1.463089615616747663e+00 2.560452541519197212e+00 -2.764095848785509624e+00
1.300212470414255472e+00 2.691327284671057196e+00 -2.438296171275493585e+00
1.300202008836125245e+00 2.685745604349255800e+00 -2.488172765936343289e+00
1.291898813631952025e+00 2.682666618299667682e+00 -2.537126937104637658e+00
1.276284944379503017e+00 2.682818439895867879e+00 -2.584252424221157085e+00
1.256952195125329075e+00 2.685059941349227763e+00 -2.630003192873540563e+00
1.243342615882288893e+00 2.685082174939281252e+00 -2.677942070574933275e+00
1.265710590778342581e+00 2.648220560757557962e+00 -2.862439183374407836e+00
1.244723191661206485e+00 2.657875288241896339e+00 -2.869234761962571767e+00
1.228431319373153974e+00 2.665371734554389249e+00 -2.874499243152495609e+00
8.317795405082721860e-01 2.810105958549033112e+00 -2.898358011723929373e+00
8.251365452734239492e-01 2.804414542671738619e+00 -2.947559468168246433e+00
8.185571607857109466e-01 2.798738165084818874e+00 -2.996781597644500028e+00
8.120285310501941245e-01 2.793062916247064376e+00 -3.046013787134210560e+00
8.055420759632818672e-01 2.787374837643929570e+00 -3.095252310210473201e+00
7.988113461990780095e-01 2.781757180526438944e+00 -3.144479633102400307e+00
7.920573322933072147e-01 2.775848776448178956e+00 -3.193638785093595445e+00
7.850899687982552111e-01 2.769002470273799421e+00 -3.242642847564011888e+00
7.782070506635647700e-01 2.762281685953149601e+00 -3.291702850987851203e+00
8.461222513779343979e-01 2.806175566313556580e+00 -2.897663164743421227e+00
8.622346272989582783e-01 2.794583833382098703e+00 -2.943579554968367873e+00
8.861274865399971779e-01 2.781455063380867454e+00 -2.985482958506917583e+00
9.159003191712585812e-01 2.766466765287696195e+00 -3.022619980859085231e+00
9.487301342012686156e-01 2.749236672764347134e+00 -3.056044762535486736e+00
9.850635456156344727e-01 2.731451583502770841e+00 -3.085331244566996922e+00
1.023809652792414315e+00 2.713386860678393742e+00 -3.111152408086177878e+00
1.064441190272418902e+00 2.694998954010148218e+00 -3.133541369994823356e+00
1.105540454909797798e+00 2.674836010718461665e+00 -3.153233668740877960e+00
-3.807063405352952845e-01 2.869623466704959824e+00 -3.131538407879453256e+00
-3.816059498389884341e-01 2.861097006354405448e+00 -3.180718712663062497e+00
-3.825809657774549288e-01 2.852561706533043306e+00 -3.229894297001227432e+00
-3.835777358505271240e-01 2.844924205078391832e+00 -3.279536518302269776e+00
-3.845799724080901094e-01 2.837497479387299126e+00 -3.329144429572433950e+00
-3.855627171727858404e-01 2.830081476027610954e+00 -3.378695423158973643e+00
-3.864729142056980704e-01 2.822396249492901799e+00 -3.428174547694082364e+00
-3.872948958554548460e-01 2.814125118612635923e+00 -3.477445167934306802e+00
-3.878266998201135296e-01 2.804765178117853086e+00 -3.526254286193273746e+00
-3.660629250998390094e-01 2.871792149765362012e+00 -3.129811575901114473e+00
-3.438139606909523804e-01 2.867073287758977074e+00 -3.174044320533057295e+00
-3.136590299094661471e-01 2.864125730012580640e+00 -3.213834081689049160e+00
-2.779258980534595191e-01 2.862720066529150564e+00 -3.248781035669600747e+00
-2.390110362577334280e-01 2.862332016451256234e+00 -3.280158042294644360e+00
-1.970097373909367733e-01 2.863236060124929150e+00 -3.307230003640520000e+00
-1.528798002871827877e-01 2.861450418632461190e+00 -3.330271324580657222e+00
-1.073504385987870818e-01 2.858400276676186458e+00 -3.349602845025025921e+00
-6.133705521734980626e-02 2.855719010211660969e+00 -3.366533764460398093e+00
-9.031582272601197392e-01 2.788834419106001494e+00 -2.902639997963885499e+00
-9.083553560938315563e-01 2.781839303506216332e+00 -2.933664817926310509e+00
-9.133941852741349621e-01 2.775182015769147359e+00 -2.962993521197465618e+00
-9.183537693985952544e-01 2.768627324188932981e+00 -2.991873631685241453e+00
-9.233853087520249581e-01 2.761975018545346661e+00 -3.021187894514544947e+00
-1.116244943168003712e+00 2.686568622196324529e+00 -3.058995443033788675e+00
-1.114320026398721630e+00 2.684959882254362995e+00 -3.075613505928304292e+00
-1.111848356121803993e+00 2.683384788031117907e+00 -3.091873542965291488e+00
-1.109318450522965849e+00 2.681400492502243438e+00 -3.108270642825271768e+00
-9.011949644488355116e-01 2.791435320437953393e+00 -2.891170343316065150e+00
-9.035716117556998883e-01 2.788151532357714402e+00 -2.905869259210470013e+00
-9.065723921770111327e-01 2.784179603774604939e+00 -2.923379401666601041e+00
-9.088407188784948243e-01 2.781171042159577667e+00 -2.936652451019167831e+00
-9.115743895045049783e-01 2.777552837281455744e+00 -2.952602939957492900e+00
-9.137069196991529640e-01 2.774724283572835404e+00 -2.965082004731339982e+00
-9.161728466819322181e-01 2.771459964223267125e+00 -2.979473218314432348e+00
-9.183283227412315508e-01 2.768600844297706587e+00 -2.992087346718954155e+00
-9.205228551670682213e-01 2.765694705521632102e+00 -3.004901216660206487e+00
-1.429086792462276989e+00 2.722242108321528242e+00 -1.514229078307603116e+00
-1.468603374077275037e+00 2.702056515678910031e+00 -1.491654361370114756e+00
-1.509531523216727011e+00 2.681106292781017864e+00 -1.468974670908716584e+00
-1.549986190556444043e+00 2.660412029321530980e+00 -1.446338565768466422e+00
-1.589952500808873737e+00 2.639981271553657027e+00 -1.423755384533585744e+00
-1.629176682713376678e+00 2.619445993922127958e+00 -1.401180156057643122e+00
-1.666293133295359219e+00 2.595873593422389103e+00 -1.378456753977534310e+00
-1.703364492829071875e+00 2.572044260948998406e+00 -1.355698697037047928e+00
-1.740500047100181247e+00 2.548171039813826866e+00 -1.332931542873944553e+00
-1.432860458499150225e+00 2.719302012231015642e+00 -1.528367605079955283e+00
-1.476475170580161977e+00 2.695432640186056883e+00 -1.529047365379298640e+00
-1.519057816222934454e+00 2.671571339177142956e+00 -1.538671378354285801e+00
-1.558620740691673445e+00 2.647356247732670198e+00 -1.556144474003248623e+00
-1.595556880613412831e+00 2.622556877046838597e+00 -1.578023393140019826e+00
-1.612475986132441585e+00 2.600123778153231591e+00 -1.699996540686821378e+00
-1.649174683871068803e+00 2.576927878442946351e+00 -1.707135594656219224e+00
-1.684332659893045703e+00 2.554707925410135250e+00 -1.713953567041465176e+00
-1.717906994969152334e+00 2.533488927654763412e+00 -1.720463532311056198e+00
-1.037222913216527154e+00 2.907478479524979509e+00 -1.337681204749737729e+00
-1.008812465123854807e+00 2.921120020411152041e+00 -1.302101288497627962e+00
-9.790765195143469324e-01 2.933366177659231244e+00 -1.264736769363368429e+00
-9.483025842218310020e-01 2.943877591105762637e+00 -1.227023608954633804e+00
-9.175853929244611740e-01 2.954361490775692101e+00 -1.189520814644515978e+00
-8.871314758733255257e-01 2.964755978821092874e+00 -1.152331748158637259e+00
-8.569298082867571331e-01 2.975064886751969340e+00 -1.115441759388003495e+00
-8.176504597175398015e-01 2.987371382312328461e+00 -1.086530067938549449e+00
-7.780969595225284419e-01 2.999563799507336093e+00 -1.058700286971422155e+00
-1.042707074438740777e+00 2.904842261703985073e+00 -1.344598699221031257e+00
-1.024792922562267616e+00 2.913436151002206653e+00 -1.322293863849357543e+00
-1.005216598340993084e+00 2.922853408232198635e+00 -1.297484045074682291e+00
-9.837201104488336734e-01 2.931773276725778921e+00 -1.270545130929528144e+00
-9.639949682358016636e-01 2.938515493162772607e+00 -1.246290331733227674e+00
-9.438909165182393091e-01 2.945379372392848971e+00 -1.221705585096935387e+00
-9.218379392244656634e-01 2.952907663388351089e+00 -1.194754620132227219e+00
-9.018684357933943740e-01 2.959726925491578342e+00 -1.170311548748340869e+00
-8.823831396259352866e-01 2.966379889627641653e+00 -1.146477592007312696e+00
-1.308087402381084896e+00 2.695364301156425224e+00 -2.368148954863663391e+00
-1.338880210944505933e+00 2.676796927574027318e+00 -2.405302757205019848e+00
-1.367368266325307058e+00 2.658763020572318947e+00 -2.441983738153628014e+00
-1.394724814760235354e+00 2.638319299323442557e+00 -2.478252210717173387e+00
-1.422069819325543216e+00 2.617891588160742078e+00 -2.514456179063797148e+00
-1.450888936886000291e+00 2.596642623864232835e+00 -2.550746250416400684e+00
-1.479483192927623758e+00 2.575715024079384463e+00 -2.587190105468601065e+00
-1.507924812756302080e+00 2.555346813464354661e+00 -2.623551434480841937e+00
-1.535661928822516176e+00 2.534944758309045643e+00 -2.659670079295336276e+00
-1.317005451876150479e+00 2.692397776688911559e+00 -2.356737328165079415e+00
-1.359862263779965996e+00 2.670182686670869110e+00 -2.375094482464641832e+00
-1.403453907096212872e+00 2.647602180127928584e+00 -2.384497826023467049e+00
-1.446547694011369511e+00 2.623838688605458547e+00 -2.385383792547190573e+00
-1.489263052897663142e+00 2.600130937358049898e+00 -2.381355887629695633e+00
-1.530625131384012461e+00 2.575825337572810625e+00 -2.371714689687675737e+00
-1.572205877820160191e+00 2.551862284786595048e+00 -2.358026653675544537e+00
-1.612899856398889664e+00 2.528891647525103537e+00 -2.340547062832966319e+00
-1.652730520192683850e+00 2.506781108648618694e+00 -2.320275989229183988e+00
-9.356824170196097468e-01 2.830910184386355777e+00 -2.510298881723640019e+00
-9.078932368337183645e-01 2.833965272811211911e+00 -2.551533146178411204e+00
-8.799282454609026471e-01 2.835871364280796225e+00 -2.592617974313563778e+00
-8.523303880489659923e-01 2.838177450888880848e+00 -2.633875951588605435e+00
-8.249283681018957370e-01 2.840461809229597456e+00 -2.675157109238610609e+00
-8.654287948191522473e-01 2.826690846237107202e+00 -2.697801158435341407e+00
-8.699102240733759261e-01 2.822551062487739681e+00 -2.721360816469518884e+00
-8.727313009277509748e-01 2.819910217469038916e+00 -2.736472071726103739e+00
-8.737903689584950451e-01 2.818918907048531430e+00 -2.742144253620799166e+00
-9.483604216670160625e-01 2.826103214201955538e+00 -2.516548164645369123e+00
-9.414961398361418876e-01 2.822727439637504165e+00 -2.565891904742735541e+00
-9.429203700584184444e-01 2.815968575079889291e+00 -2.615363092722635674e+00
-9.519649729068909716e-01 2.806374669972687030e+00 -2.663470313177783932e+00
-9.695335828141279366e-01 2.793020773330178841e+00 -2.708181999948564567e+00
-8.801988968827210158e-01 2.812974485048052475e+00 -2.776031813000810811e+00
1.847038717572232924e+00 2.416498267720041060e+00 -1.930079454281309781e+00
1.887426406721337768e+00 2.387389223259557713e+00 -1.924408558943939473e+00
1.926766599384659440e+00 2.357319516019917405e+00 -1.918605109906201589e+00
1.963754566512248001e+00 2.325317210170763538e+00 -1.912524953527071414e+00
2.000074114859455410e+00 2.293910061942765921e+00 -1.906401890074943095e+00
2.100267237745468307e+00 2.202804766401045278e+00 -1.925452941178915411e+00
2.105309947618730249e+00 2.200484548918320904e+00 -1.907112721614514061e+00
2.110380913738610698e+00 2.198101730059144110e+00 -1.889003128987636559e+00
2.115493470625835482e+00 2.195701523657137333e+00 -1.870730516133976451e+00
1.844665356292791492e+00 2.419858246598168172e+00 -1.915766518851993672e+00
1.879591093099948873e+00 2.397270491540839377e+00 -1.887911733964733330e+00
1.910039885636110935e+00 2.378103674553441405e+00 -1.853091688357043187e+00
1.933810224359118424e+00 2.361041948227337706e+00 -1.812731245062547680e+00
1.954292730432590997e+00 2.347106510745502028e+00 -1.769751352175002568e+00
1.971079441929517895e+00 2.336636054846352728e+00 -1.724353801143555298e+00
1.984891918105097020e+00 2.328954675619514081e+00 -1.677409961947552652e+00
1.995821459109663909e+00 2.323918700116435865e+00 -1.629328152615164615e+00
2.004647747773207644e+00 2.320783453502751392e+00 -1.580621586542673151e+00
1.731601871012112603e+00 2.451816730623376905e+00 -2.341451169913570052e+00
1.742994288348295839e+00 2.436273963012832944e+00 -2.387409636988047090e+00
1.752114098381061691e+00 2.422202612217390083e+00 -2.432745174129374632e+00
1.760042112291239746e+00 2.409074127285960820e+00 -2.477840631046661191e+00
1.767131433357816528e+00 2.397034348197001563e+00 -2.523193633411821679e+00
1.773376544194264604e+00 2.386144343694194259e+00 -2.568528491257299873e+00
1.785364714267691388e+00 2.370821837465289406e+00 -2.614859057028549927e+00
1.796880021203049793e+00 2.355386865485527448e+00 -2.661141813686198621e+00
1.808175819346787838e+00 2.340033508146824648e+00 -2.707495779658662727e+00
1.742474274751442564e+00 2.445100569699696358e+00 -2.333917031898482541e+00
1.769734276836242737e+00 2.419253407794939470e+00 -2.366567656502645001e+00
1.801744478920966896e+00 2.390929718565459883e+00 -2.392045080130360546e+00
1.836773802315842419e+00 2.361284208369970994e+00 -2.411363337721779132e+00
1.873491875064308809e+00 2.331061759591799287e+00 -2.426206008072034681e+00
1.911803559021282517e+00 2.300770121902302900e+00 -2.436050251420961654e+00
1.948790899601769544e+00 2.268223158336811984e+00 -2.442231039768869572e+00
1.985045427659325901e+00 2.234339670435698810e+00 -2.444610631890283603e+00
2.021487482827671656e+00 2.200676306259081727e+00 -2.444186878589055478e+00
1.468676905446906877e+00 2.551774955991652050e+00 -2.804821007825093915e+00
1.474576021347110411e+00 2.542613879337747740e+00 -2.847812951290368488e+00
1.480391313501944417e+00 2.532567238568752099e+00 -2.892256968275360496e+00
1.485559914615556254e+00 2.520979190351198440e+00 -2.937644588665853984e+00
1.490791680310477485e+00 2.509196188870022493e+00 -2.983869173984963652e+00
1.506219021184841633e+00 2.491839332606364366e+00 -3.028145735247632864e+00
1.520338790480582736e+00 2.475116218364906473e+00 -3.073101345411499263e+00
1.533524378388861464e+00 2.458852049243239524e+00 -3.118509416649971833e+00
1.546330516564542013e+00 2.443441930231023740e+00 -3.164364341836025218e+00
1.467364092119155083e+00 2.553814121509230706e+00 -2.795250211830274001e+00
1.470803344401926616e+00 2.548476365301964197e+00 -2.820290371761518866e+00
1.474774905787298973e+00 2.542308944302324569e+00 -2.849232708000950964e+00
1.222248166770812272e+00 2.668214756014734235e+00 -2.876509641496907133e+00
1.210776215634021380e+00 2.673495377701724518e+00 -2.880204669459487832e+00
1.192052504087188547e+00 2.681246673854907669e+00 -2.886114249498699547e+00
1.166385325850737287e+00 2.690078148592808027e+00 -2.893681710687484365e+00
1.135490010711413644e+00 2.700712208938802927e+00 -2.902763770155219802e+00
1.100564989257772019e+00 2.712733182612887095e+00 -2.913031117808349890e+00
1.062624632317245243e+00 2.725791898227748256e+00 -2.924185772767454061e+00
1.028906725286260704e+00 2.733777213005981199e+00 -2.960290787534848533e+00
1.211561457034539213e+00 2.673139378413780243e+00 -2.879918886786484222e+00
1.193714744345595991e+00 2.680672002423530653e+00 -2.885643948030369721e+00
1.176683772300378017e+00 2.686530027331522685e+00 -2.890679184044411265e+00
1.161850476733473414e+00 2.691634727587279396e+00 -2.895045899266754486e+00
1.143286781570726607e+00 2.698024166299334503e+00 -2.900503800714802516e+00
1.130385903214769172e+00 2.702463676558062300e+00 -2.904302882686698783e+00
1.113208923798577388e+00 2.708375854932717264e+00 -2.909352835039812124e+00
1.100694736462335621e+00 2.712682275792757114e+00 -2.913038184289983956e+00
1.088301809832687095e+00 2.716947528198058848e+00 -2.916683770221743632e+00
7.643877501919735806e-01 2.758040218779650665e+00 -3.339540530685957798e+00
7.506295525261794666e-01 2.753781700613989969e+00 -3.387390499318895465e+00
7.367863753611547661e-01 2.749525220590123720e+00 -3.435358865734643885e+00
7.229522864975952423e-01 2.745271674465406875e+00 -3.483294868424154256e+00
7.091234411300567642e-01 2.741022220509921503e+00 -3.531197200556360105e+00
6.952974743263419244e-01 2.736777578461194071e+00 -3.579065012747525198e+00
6.810786018281099752e-01 2.730957023555706353e+00 -3.626609763241938289e+00
6.667002150130301175e-01 2.724517627400093289e+00 -3.674026270214255430e+00
6.523187053133225888e-01 2.718082040459364634e+00 -3.721428551261967588e+00
7.787449096446165120e-01 2.754253708989296889e+00 -3.341053401451146154e+00
7.881596303688679361e-01 2.744236358377700302e+00 -3.389140463844337425e+00
8.052471071093219024e-01 2.730740370082480162e+00 -3.434010571674924517e+00
8.287763520331915545e-01 2.715418289516992267e+00 -3.475102531807407580e+00
1.000823681897141215e+00 2.647676267076263024e+00 -3.535240544725616996e+00
9.956152971232767879e-01 2.644779325919346835e+00 -3.564474884563517243e+00
9.908152431503214341e-01 2.642287576487114098e+00 -3.590347093089803376e+00
9.863389829482820392e-01 2.639256227093020879e+00 -3.612412562963764895e+00
9.823331930120304811e-01 2.636485204738014954e+00 -3.631953122523589705e+00
1.144960655114797721e+00 2.653417908406769943e+00 -3.174840182190327820e+00
1.184424989141549034e+00 2.631984310455887766e+00 -3.196417750511209466e+00
1.223931051887818588e+00 2.610527742840792698e+00 -3.218020052623541183e+00
1.262760864528395199e+00 2.588017589611786295e+00 -3.239332990897678677e+00
1.300892082105795877e+00 2.564280146113192327e+00 -3.260454893503756058e+00
1.338999370281374945e+00 2.540546277620615800e+00 -3.281619512953534379e+00
1.373761060872154216e+00 2.516752271905487781e+00 -3.311524800333853324e+00
1.401689245531215100e+00 2.495029767082440397e+00 -3.348434755434146037e+00
1.422103850759840249e+00 2.476069170178445411e+00 -3.390652421996563692e+00
1.136556327487306728e+00 2.655315144343497913e+00 -3.186951048611889270e+00
1.161497167257411034e+00 2.637677689747648824e+00 -3.226215861870529000e+00
1.179307554284388049e+00 2.622543970565176075e+00 -3.270155971547859419e+00
1.189707718361858069e+00 2.609589385339633250e+00 -3.317050977292885783e+00
1.195340448596071914e+00 2.597564961099835479e+00 -3.365090858450368039e+00
1.196405087977181481e+00 2.588429700685091372e+00 -3.414100167437390976e+00
1.193428159981474668e+00 2.580281366961433953e+00 -3.463147982531917357e+00
1.199451323415045234e+00 2.567904251901630186e+00 -3.510905572124814356e+00
1.214114372616353466e+00 2.552356216187004812e+00 -3.555805365617458413e+00
-2.501464617365755649e-01 2.812344183399810849e+00 -3.579187003492353636e+00
-2.506304688482540177e-01 2.804079153932727220e+00 -3.626141308974428323e+00
-2.509544702960442852e-01 2.794850187300017996e+00 -3.671046210541231591e+00
-2.512379522205177018e-01 2.785876342165075403e+00 -3.714723320943753571e+00
-2.515191356575722792e-01 2.777032027003406789e+00 -3.757769219345915346e+00
-2.275042221425966071e-01 2.770244618448207241e+00 -3.801198740596637204e+00
-2.033001614680672864e-01 2.763497017742153616e+00 -3.844515113595837974e+00
-1.789711110375634961e-01 2.756777490870875535e+00 -3.887748085757314342e+00
-1.545922339452169003e-01 2.750429955502985191e+00 -3.931014025873072804e+00
-3.955474259281520077e-01 2.794445948726381523e+00 -3.573863136147624964e+00
-5.182470377842672837e-01 2.769525692597341493e+00 -3.611234144199940044e+00
-5.215643391014944674e-01 2.760408259259483632e+00 -3.659037724634263355e+00
-5.245897771414541610e-01 2.749984391091099045e+00 -3.705549534929420741e+00
-5.276000641823603843e-01 2.739707362219196085e+00 -3.751381058059301221e+00
-5.305735615903555136e-01 2.729550810742220612e+00 -3.796676669059445786e+00
-5.577565250369811434e-01 2.715904142262145715e+00 -3.836362826943452653e+00
-5.893198359187450386e-01 2.702137566469700491e+00 -3.872615760299607413e+00
-6.239099598323104567e-01 2.688424393262773382e+00 -3.906018954780385855e+00
-1.762121290280966104e-02 2.852360871456088187e+00 -3.387884446632978275e+00
2.792731373696390185e-02 2.849024847713772512e+00 -3.409072327057458107e+00
7.329810638464918926e-02 2.845685380522598784e+00 -3.430284430183625943e+00
1.184889467757626602e-01 2.842346248893178995e+00 -3.451496237750835139e+00
1.632318901709103875e-01 2.835420726825836013e+00 -3.472020482783932493e+00
2.080358982116490008e-01 2.828289637338631035e+00 -3.492526500755963603e+00
2.528469491331721275e-01 2.821149422940291807e+00 -3.513078252981683747e+00
2.976862976846870179e-01 2.814001671664823068e+00 -3.533659065367467544e+00
3.415473317872863013e-01 2.806397132616696322e+00 -3.556079138350461744e+00
-1.345248377645996869e-02 2.854524174161612748e+00 -3.373791988149937193e+00
3.678632572771980969e-02 2.854766722753398156e+00 -3.371690970661561870e+00
8.564378950408434166e-02 2.856374938498085214e+00 -3.360735558298321379e+00
1.319123389398579038e-01 2.859168256105354633e+00 -3.342111010111517455e+00
1.760073620046242182e-01 2.862638601944661687e+00 -3.319112486903625037e+00
2.170264912358275400e-01 2.863939679392649484e+00 -3.291011067741870466e+00
2.556842392270514686e-01 2.864499018695882526e+00 -3.259663595283450732e+00
2.916791904748000652e-01 2.865908951443395303e+00 -3.225330932038232845e+00
3.256422312000796793e-01 2.867914609101823498e+00 -3.189028976401660387e+00
-1.107614262034529506e+00 2.680065860970975766e+00 -3.119305016438078226e+00
-1.104662593349411193e+00 2.677748787665379382e+00 -3.138446416708092990e+00
-1.100586276366305682e+00 2.674548884497650825e+00 -3.164880964762839088e+00
-1.095599582529045213e+00 2.670634058465466865e+00 -3.197220736536104724e+00
-1.120837650835910138e+00 2.652926334042093437e+00 -3.237386431246823015e+00
-1.142780665748958979e+00 2.636195873298406323e+00 -3.279558808618350696e+00
-1.162562702182918795e+00 2.620147531860079759e+00 -3.322823362841007100e+00
-1.180877774382408818e+00 2.604696954379994711e+00 -3.366767177921208276e+00
-1.197728149968260380e+00 2.588801097142609198e+00 -3.410947868347425249e+00
-1.105951309567161145e+00 2.678766352377381477e+00 -3.130057023500719460e+00
-1.102639520546336405e+00 2.676163800075821886e+00 -3.151548901900143473e+00
-1.099310234368223949e+00 2.673547362295190410e+00 -3.173155063966816680e+00
-1.095268238908776892e+00 2.670372981530008349e+00 -3.199374754164252543e+00
-1.090999202387582079e+00 2.667018814589732223e+00 -3.227075256137627690e+00
-1.120720459288793824e+00 2.648170629325550696e+00 -3.263482906215299906e+00
-1.146705625597404854e+00 2.630328308605308862e+00 -3.302721073861157652e+00
-1.170693150183538478e+00 2.613081041384656356e+00 -3.343161770997562066e+00
-1.194848466357261607e+00 2.595828280365190643e+00 -3.383196582708218880e+00
-1.776251896826189336e+00 2.525803318373660122e+00 -1.303898683186474949e+00
-1.810801679414880461e+00 2.504279033887260031e+00 -1.274786615368910914e+00
-1.844156794333041915e+00 2.483599235514647230e+00 -1.245523746349788352e+00
-1.873800810125080707e+00 2.462340379796649437e+00 -1.216267055367452832e+00
-1.901096836848271909e+00 2.442291254442749526e+00 -1.186804638452644944e+00
-1.926385314875942001e+00 2.423868671096036209e+00 -1.157096342785794763e+00
-1.958959702870016306e+00 2.399717643014357638e+00 -1.127358935510213378e+00
-1.991361376027141805e+00 2.375721982600069726e+00 -1.097430127136309830e+00
-2.022469234450556375e+00 2.350382414564367917e+00 -1.067249934568380576e+00
-1.907822890898972279e+00 2.427186449637673160e+00 -1.340907439916581234e+00
-1.909930513678101960e+00 2.426436422293014594e+00 -1.325963577940093341e+00
-1.911157829076365333e+00 2.425969591370727763e+00 -1.317738856558720251e+00
-1.911380457768866226e+00 2.425878842654727752e+00 -1.316343264835413418e+00
-1.910699902689954488e+00 2.426125483729663745e+00 -1.321097925274517637e+00
-1.909341196373253835e+00 2.426625163322196244e+00 -1.330475061241119583e+00
-1.907474194651094690e+00 2.427315103976023014e+00 -1.343307347729351342e+00
-1.905097318071197421e+00 2.428196337432964924e+00 -1.359598527554999325e+00
-1.902207360485840937e+00 2.429269916393700601e+00 -1.379372734567359871e+00
-1.745122939299641684e+00 2.514776061641625482e+00 -1.725861221173628168e+00
-1.774532418971293657e+00 2.491637149439739130e+00 -1.731693409772634418e+00
-1.806601631674785047e+00 2.466408556346634917e+00 -1.738021175263715579e+00
-1.840625894190774270e+00 2.439641816734780200e+00 -1.744736045831536186e+00
-1.872887946271355908e+00 2.412348107272269893e+00 -1.771741840754525787e+00
-1.906253911428768211e+00 2.384414023493949486e+00 -1.796505313671942661e+00
-1.940281542615406085e+00 2.356116176891136949e+00 -1.819708323589946053e+00
-1.973443225536947176e+00 2.326081091566071901e+00 -1.841605239544662487e+00
-2.006421484771518493e+00 2.295155874025946119e+00 -1.862645436789923670e+00
-1.752330981915092956e+00 2.509103899782563651e+00 -1.727301306967488514e+00
-1.786801510733486253e+00 2.481983457807527049e+00 -1.734132583738667410e+00
-1.822029721046964923e+00 2.454269523847416590e+00 -1.741085640658351252e+00
-1.857347168304153584e+00 2.426484963666466488e+00 -1.748060881629220686e+00
-1.890762924160548364e+00 2.398545433093421497e+00 -1.772470407199572495e+00
-1.925441543254971410e+00 2.369902854498667555e+00 -1.793996176529322639e+00
-1.961228167138346468e+00 2.340483297268094010e+00 -1.812031218511817032e+00
-1.996775589567969744e+00 2.308404602014311191e+00 -1.825431405772396376e+00
-2.032552745192055976e+00 2.274807797133636011e+00 -1.833085821876168309e+00
-7.340234117133601632e-01 3.010308849114994079e+00 -1.037924781561385235e+00
-6.898910868571950239e-01 3.021066650137305576e+00 -1.017184996747742876e+00
-4.349478082375455301e-01 3.075923076496268838e+00 -9.591384424682564136e-01
-4.365995674532311965e-01 3.076473547843356471e+00 -9.474842539935459662e-01
-4.386076953479429719e-01 3.076917911877120826e+00 -9.367047912399089071e-01
-4.405349771357408017e-01 3.077345088856006772e+00 -9.263487115873598743e-01
-4.424356575683001669e-01 3.077767199910891982e+00 -9.161230597838477818e-01
-4.443544432632218766e-01 3.078194141172238218e+00 -9.057878042866205348e-01
-4.463285484472316877e-01 3.078634144752801394e+00 -8.951432237294535410e-01
-7.420590689906181314e-01 3.008753688144333527e+00 -1.025480652702725370e+00
-9.653503466167400182e-01 2.956056424549183159e+00 -9.220460389660914968e-01
-9.544410230622087932e-01 2.962325595276197099e+00 -8.752905088145971346e-01
-9.432096122123377890e-01 2.967083901507802324e+00 -8.270430434780502438e-01
-9.317455605848449229e-01 2.971057728699766809e+00 -7.786210255557083348e-01
-9.204404285522959084e-01 2.974976720944321862e+00 -7.307624824424203691e-01
-9.093176890119142319e-01 2.978832467711258314e+00 -6.836837779138259519e-01
-8.984334946767583707e-01 2.982605513046394208e+00 -6.376184669430393637e-01
-9.296826123913118911e-01 2.972413835120978121e+00 -4.957081302831268799e-01
-1.566477593867260820e+00 2.510256337808693949e+00 -2.689944066914034426e+00
-1.597255680315557091e+00 2.485583293923488757e+00 -2.720267360726190908e+00
-1.628288096288037279e+00 2.460750723808692086e+00 -2.750581586089764663e+00
-1.659268578952181938e+00 2.435945995927472296e+00 -2.780925365734055354e+00
-1.690082353762846212e+00 2.411048667290252467e+00 -2.811287229882713845e+00
-1.719568425140449275e+00 2.384345453904809453e+00 -2.841354329396772904e+00
-1.748408863092678400e+00 2.356828494297835697e+00 -2.871330128282138183e+00
-1.777192217620610082e+00 2.329350069592336592e+00 -2.901343619160132281e+00
-1.806058215104762610e+00 2.301807425579852850e+00 -2.931353888564872445e+00
-1.556601742025928603e+00 2.514773844404489811e+00 -2.700113017480041400e+00
-1.571122928468491775e+00 2.497957302512149536e+00 -2.744716486118696785e+00
-1.578683210799491476e+00 2.485034561747389237e+00 -2.792333250396914046e+00
-1.579120268667986160e+00 2.476360740183078057e+00 -2.841579888960492184e+00
-1.575942349917331731e+00 2.470804199297867321e+00 -2.891167646935627111e+00
-1.568399223929707320e+00 2.468005713901128217e+00 -2.940772295420080784e+00
-1.557066738859984589e+00 2.467716234798074115e+00 -2.989639319154798969e+00
-1.542542092407068299e+00 2.469172451982784455e+00 -3.037360202657470420e+00
-1.525159331619533543e+00 2.470885596441312781e+00 -3.084093073402486507e+00
-1.693643823647376534e+00 2.483546448815369345e+00 -2.303909796016212486e+00
-1.732973708701993854e+00 2.458122156200246877e+00 -2.287276277974934491e+00
-1.771189780049222895e+00 2.431128938808495121e+00 -2.270357185871255012e+00
-1.809360372817507390e+00 2.404182980633271516e+00 -2.253355693988402741e+00
-1.849759134331185884e+00 2.375537629882147339e+00 -2.236218340789632553e+00
-1.889367192984521049e+00 2.347493131052422299e+00 -2.219144143117707024e+00
-1.927551157850246222e+00 2.319821069968290406e+00 -2.202287149985318493e+00
-1.964618788322123111e+00 2.289660973697638102e+00 -2.189838781865714790e+00
-2.001841091582781562e+00 2.258253018993787276e+00 -2.187083732073278330e+00
-1.688521863105693299e+00 2.488478831252355139e+00 -2.290800831372198587e+00
-1.718940513652510438e+00 2.472489077047808959e+00 -2.254803758543238779e+00
-1.743384044736753236e+00 2.460068661955679747e+00 -2.213233170995383414e+00
-1.762002290502722168e+00 2.452080532006559732e+00 -2.167706010019222251e+00
-1.777014648422071685e+00 2.446757904719639942e+00 -2.120465200863593580e+00
-1.787838086773428925e+00 2.444470221298349788e+00 -2.071813147064544669e+00
-1.795729838977172532e+00 2.444275908434953237e+00 -2.022470901622814843e+00
-1.800707092329845604e+00 2.446954281919465402e+00 -1.972812525718174559e+00
-1.800460295375735154e+00 2.453212337545851440e+00 -1.923249859957233410e+00
2.122495073651937236e+00 2.192421025217385466e+00 -1.845662209794527664e+00
2.130575706161482064e+00 2.187938514906333065e+00 -1.814669882357471176e+00
2.139694880161697288e+00 2.182482085438065766e+00 -1.779055900960487602e+00
2.149714467834765053e+00 2.176481479108622441e+00 -1.739970387590651146e+00
2.160386839564671924e+00 2.170090784181623267e+00 -1.698331323829098016e+00
2.131881281652394211e+00 2.204176839090747908e+00 -1.635638945523866017e+00
2.143701940774516146e+00 2.197635073707548958e+00 -1.595248659337284103e+00
2.154674672219404563e+00 2.191516088027375186e+00 -1.558248467977097373e+00
2.164943711446674079e+00 2.185792184993570864e+00 -1.523592869656317239e+00
2.118846454597367757e+00 2.194124101943262239e+00 -1.858768825551263548e+00
2.122300377936582105e+00 2.192509087052773253e+00 -1.846380532076550063e+00
2.125475384497558906e+00 2.190976918040193233e+00 -1.834699475566908378e+00
2.129414678572670638e+00 2.188623727475918379e+00 -1.819282837552933962e+00
2.132269113730788312e+00 2.186916848713940542e+00 -1.808126315323644651e+00
2.136585623753311403e+00 2.184333426418186619e+00 -1.791274044552414457e+00
2.139598222703949837e+00 2.182533640878228098e+00 -1.779485478084390726e+00
2.142512055062859133e+00 2.180790487997986915e+00 -1.768103075319754192e+00
2.147294472821357214e+00 2.177927761497600923e+00 -1.749435645321495203e+00
2.006614735704788099e+00 2.324297135081847987e+00 -1.530832685502319546e+00
1.830469579502599142e+00 2.316277267069787538e+00 -2.745370334204908502e+00
1.852067196087673340e+00 2.291698414821956131e+00 -2.783137094078458329e+00
1.873468974390436470e+00 2.267237671848357561e+00 -2.821108077258822622e+00
1.894931615729892105e+00 2.242825284547875331e+00 -2.859135215289948739e+00
1.916753911771439389e+00 2.218887409136530930e+00 -2.897218340288862493e+00
1.937149715598755151e+00 2.193408941274478607e+00 -2.934962392099041750e+00
1.957188104876202095e+00 2.167478268178516743e+00 -2.972613791237941339e+00
1.977401311568891762e+00 2.141396407213192798e+00 -3.010238567636080997e+00
1.997558889645991931e+00 2.115360238600922038e+00 -3.047883254530170394e+00
1.819918618818127110e+00 2.323311579977965557e+00 -2.752871199761863341e+00
1.823564610470755687e+00 2.311187902217552992e+00 -2.800859576466024681e+00
1.820091739667301978e+00 2.304559027269145410e+00 -2.850002123049264036e+00
1.810445449609522361e+00 2.303815179952007686e+00 -2.899086021732281360e+00
1.797196874962637914e+00 2.306277579907457742e+00 -2.947348972243170717e+00
1.780357702335255921e+00 2.311301778979635735e+00 -2.994160227262048668e+00
1.759946848822198762e+00 2.317272501641899130e+00 -3.039417830986597124e+00
1.736741938322646783e+00 2.325649202712766872e+00 -3.082909245944362553e+00
1.719094365723474516e+00 2.329721383632604947e+00 -3.129482108509610505e+00
2.057503946885382629e+00 2.166644322556641189e+00 -2.449192767668351145e+00
2.093529360882343759e+00 2.132602234374185279e+00 -2.454211634230606176e+00
2.128151157206204402e+00 2.097312633789977898e+00 -2.458970086043509085e+00
2.161967318978072594e+00 2.061100633488315736e+00 -2.463576909584928920e+00
2.195813852992956949e+00 2.024862397943973491e+00 -2.468154356856749221e+00
2.228508209219889569e+00 1.987779209865828678e+00 -2.472640256122956792e+00
2.261117204039405859e+00 1.950546619156525274e+00 -2.477098418498527188e+00
2.292408862381597245e+00 1.912162359922169319e+00 -2.481340777112930773e+00
2.322971152421315466e+00 1.873071450888301515e+00 -2.485456230675830991e+00
2.058032443369344211e+00 2.168228543701268052e+00 -2.434428363978284438e+00
2.093165982454862295e+00 2.138342548688572986e+00 -2.415727945922942155e+00
2.125792488778341927e+00 2.111892164130301008e+00 -2.389082726589712546e+00
2.154767840032106196e+00 2.088835375165264185e+00 -2.355879693991782986e+00
2.179904155569233559e+00 2.066846087065920656e+00 -2.318993914742951024e+00
2.202589940556636261e+00 2.048354272632214812e+00 -2.278716931620857533e+00
2.223346984754753564e+00 2.032392682475701040e+00 -2.236327926026963286e+00
2.241990245206442189e+00 2.019136638444608778e+00 -2.192013917122029643e+00
2.259057503206595818e+00 2.007858135229212415e+00 -2.146493900434916391e+00
1.564163799966408197e+00 2.424671250114895038e+00 -3.207049965077164000e+00
1.580928642058036848e+00 2.404343061650855873e+00 -3.249444710516777413e+00
1.597902174306568890e+00 2.383896910591798868e+00 -3.291737762631780750e+00
1.614909545344304753e+00 2.363429620504924333e+00 -3.334023698271694425e+00
1.632154377759214903e+00 2.343192769580333845e+00 -3.376485437419651348e+00
1.653118293865036836e+00 2.321731674533871637e+00 -3.416619749934187045e+00
1.678401233119198421e+00 2.297962069631628079e+00 -3.452649650422620287e+00
1.704823159821051926e+00 2.270041375068183154e+00 -3.484610989926590463e+00
1.729707924278818698e+00 2.242896686568442544e+00 -3.518381617004077810e+00
1.552110673424006215e+00 2.431568304236255251e+00 -3.212531991631621509e+00
1.549736693564874868e+00 2.422628588432742980e+00 -3.261596064068772893e+00
1.538375726663893328e+00 2.419903220902191787e+00 -3.309753537127015921e+00
1.520427133515600548e+00 2.421939304684050054e+00 -3.356285572214598556e+00
6.445653081627470415e-01 2.689009933231382821e+00 -3.867550943884524806e+00
6.382766813947454709e-01 2.690532086342005691e+00 -3.867858457193214861e+00
6.322924316716886928e-01 2.691983218400625599e+00 -3.868138593169229367e+00
6.262348341359442738e-01 2.693452205793249732e+00 -3.868421837390868756e+00
6.197888850400212757e-01 2.695015443960450785e+00 -3.868722890744608289e+00
6.126773282325804759e-01 2.696740174262153289e+00 -3.869054689868023367e+00
6.046432003349228035e-01 2.698688717403883608e+00 -3.869429220608470832e+00
5.954386041642926175e-01 2.700921196330171359e+00 -3.869858041023221507e+00
5.848190578564890219e-01 2.703496906691765123e+00 -3.870352545084272844e+00
6.306945331829834078e-01 2.692374448543970900e+00 -3.868195722177585338e+00
6.098272959153355766e-01 2.697433183524205802e+00 -3.869179161008175161e+00
5.879930891420064309e-01 2.702729169006466758e+00 -3.870194829733050401e+00
5.649113273592761830e-01 2.708327753434225382e+00 -3.871268536820958506e+00
5.354229515403843287e-01 2.715480146288911989e+00 -3.872640944047684552e+00
5.005677458795816381e-01 2.721271910794678117e+00 -3.873765684914900476e+00
4.615036197187497025e-01 2.726279802470157332e+00 -3.874688637622172749e+00
4.194357449436802998e-01 2.731675151967098536e+00 -3.875670142920454975e+00
3.751778849339238442e-01 2.737351225881384575e+00 -3.876703517254783460e+00
9.775085684246918039e-01 2.633148327739124550e+00 -3.655485381104840670e+00
9.713977040735484181e-01 2.628916539185498280e+00 -3.685315560022947690e+00
9.642594626466046703e-01 2.623972805844143608e+00 -3.720163090145089058e+00
9.563397095549159843e-01 2.618487179232331652e+00 -3.758828743713415133e+00
9.715306957752057881e-01 2.602947028596851897e+00 -3.803804130209064827e+00
9.863784200885510334e-01 2.587302200266740293e+00 -3.849847008181270791e+00
9.992102836953343781e-01 2.572622758692476808e+00 -3.896865036559333362e+00
1.010629773212188498e+00 2.558754548921304384e+00 -3.944293718281137728e+00
9.418842997940423123e-01 2.571982111319073283e+00 -4.006467440888135556e+00
9.802885414285312793e-01 2.635074206545462872e+00 -3.641911559403947951e+00
9.779202289777347845e-01 2.633432132779604640e+00 -3.653481670269814519e+00
9.759434817969991904e-01 2.632061197928951213e+00 -3.663140451592328706e+00
9.729690162866796443e-01 2.630000265536751591e+00 -3.677665366210940867e+00
9.710185917094824593e-01 2.628646764699939631e+00 -3.687199285525093906e+00
9.687017830960625853e-01 2.627040954877807977e+00 -3.698515249460403442e+00
9.655431808881363986e-01 2.624851994680367451e+00 -3.713941370913209195e+00
9.635583041923483361e-01 2.623474145734163709e+00 -3.723645707887374812e+00
9.609095957663357224e-01 2.621638667551599688e+00 -3.736581049275340405e+00
1.441907879679622972e+00 2.457587973917856328e+00 -3.432747614053193175e+00
1.459853745194156671e+00 2.438128368078955610e+00 -3.474269127024729453e+00
1.478018388327313248e+00 2.417806733953325349e+00 -3.515940288055309892e+00
1.496180386423490605e+00 2.397472357858039249e+00 -3.557682246581396868e+00
1.514339139510207266e+00 2.377129807178362864e+00 -3.599474552350983902e+00
1.524823393571985708e+00 2.360608150252363480e+00 -3.645367528621138664e+00
1.519639850985835539e+00 2.353446501737876062e+00 -3.695247826333776242e+00
1.521919907446026121e+00 2.341769647743891181e+00 -3.743445067730200471e+00
1.524136618130034648e+00 2.330380808642941393e+00 -3.790471891780408331e+00
1.429448800253656504e+00 2.463235397821596617e+00 -3.438525546900929708e+00
1.428555224722699801e+00 2.453656393961552773e+00 -3.487405812745989042e+00
1.419898091856052424e+00 2.448354618847820685e+00 -3.536205988125126431e+00
1.404121680167359054e+00 2.447269014192430259e+00 -3.583506038737669819e+00
1.384481073773679460e+00 2.448625746529376368e+00 -3.629373577009460838e+00
1.360770042088888410e+00 2.452724800454423537e+00 -3.673131627403147359e+00
1.333409439188242063e+00 2.459336493374113974e+00 -3.714393240750020642e+00
1.304425084320337547e+00 2.467113215443774266e+00 -3.754312999354425973e+00
1.280605501953547609e+00 2.469122594074363963e+00 -3.798109446763885177e+00
1.229233867319398987e+00 2.536642193846348370e+00 -3.600546678769909192e+00
1.244347451085563439e+00 2.520845920558325126e+00 -3.645347148746021393e+00
1.241351265464443854e+00 2.532976178073034212e+00 -3.592715918228077676e+00
1.273606631225575825e+00 2.510725004382760250e+00 -3.623367921661833968e+00
-1.369963129190590601e-01 2.742280942602281169e+00 -3.977032087612739186e+00
-1.193750021621103469e-01 2.732681361701385647e+00 -4.022756158152980710e+00
-1.019887970386938875e-01 2.723079854044679671e+00 -4.068451559399062667e+00
-8.408726658341242333e-02 2.713482936039698590e+00 -4.114208161914575612e+00
-6.620882454095816660e-02 2.704015571677706120e+00 -4.160070548183236738e+00
-4.837496478988349835e-02 2.694937709278064197e+00 -4.206005936413427015e+00
-3.059200823979514594e-02 2.685860855766581956e+00 -4.251927944310419427e+00
-1.338877485206829872e-02 2.675485918668819352e+00 -4.297484476987680324e+00
3.730485580916824157e-03 2.664142872542835327e+00 -4.342823066929832443e+00
-1.239933840835748813e-01 2.744316887370379376e+00 -3.969989465350338254e+00
-8.705442225424593616e-02 2.738240884609426828e+00 -4.003019655333437399e+00
-4.464496360733680863e-02 2.733897415377287476e+00 -4.029169502562413463e+00
1.148072821153653736e-03 2.730712644124294375e+00 -4.048586675124476564e+00
4.874024942380070224e-02 2.727076640037278565e+00 -4.063004098060069680e+00
9.756468910099491687e-02 2.724058188151932125e+00 -4.072130739433664992e+00
1.468951515327628077e-01 2.719361796683880339e+00 -4.076392611643472108e+00
1.963597146259881132e-01 2.715525963929345199e+00 -4.076799171410347533e+00
2.456340036033227703e-01 2.710445539433150142e+00 -4.082780285702476419e+00
-6.649287127140462994e-01 2.674677882481627300e+00 -3.930993957930750238e+00
-7.051704131735192504e-01 2.658235505791425091e+00 -3.955416462392696175e+00
-7.450259364419853370e-01 2.641153533144052989e+00 -3.979750226908254973e+00
-7.851074999713923974e-01 2.624001376273700892e+00 -4.004090412480755923e+00
-8.251759835481319305e-01 2.606854821128337107e+00 -4.028422633332945146e+00
-8.650017449087810117e-01 2.589129927331705883e+00 -4.052598407036525074e+00
-9.040380393165659001e-01 2.569041548129460395e+00 -4.076260627836650663e+00
-9.430646684836142546e-01 2.548955117616424904e+00 -4.099929649189338221e+00
-9.821455755604302507e-01 2.528843472621288502e+00 -4.123620200301828298e+00
-6.552333282307446494e-01 2.674496336816053699e+00 -3.942362703656256961e+00
-6.792938000081703009e-01 2.658970641866826412e+00 -3.983270430651273841e+00
-6.954691777161140509e-01 2.644504664985210418e+00 -4.028200518624068138e+00
-7.041487861795627801e-01 2.631355648810363768e+00 -4.075615032161389983e+00
-7.082051142568278612e-01 2.619174668389203653e+00 -4.123888036927617406e+00
-7.071681835481935519e-01 2.608421663364868248e+00 -4.172720013422279273e+00
-7.019413405151123664e-01 2.599125122282671008e+00 -4.221547163108630762e+00
-6.722280435324187176e-01 2.596326417449715596e+00 -4.268895120760633155e+00
-6.672433259461656441e-01 2.587091005090008444e+00 -4.317160165218631995e+00
3.794347192316428474e-01 2.796308577198571843e+00 -3.586508777922772229e+00
4.168630434533899254e-01 2.783661233051289319e+00 -3.616612885105155772e+00
4.540771211834517818e-01 2.771262889109451955e+00 -3.646843406775694962e+00
4.910234418926528455e-01 2.758902288941290859e+00 -3.677150128451098787e+00
3.870137244609582750e-01 2.797316468484504881e+00 -3.573797304745585102e+00
4.344527911164142164e-01 2.786520306417717752e+00 -3.582720208053468802e+00
4.827106653950036796e-01 2.777273776347354062e+00 -3.582816492070934444e+00
5.309725855607423384e-01 2.769594406309731305e+00 -3.574801469308810375e+00
5.784478382746925940e-01 2.762966634135614274e+00 -3.562124469607011790e+00
3.631192768137289084e-01 2.868891847429939190e+00 -3.156122128420412398e+00
4.006284544602593534e-01 2.869866847997705417e+00 -3.123204862321120601e+00
4.378211883398943072e-01 2.869394065706817987e+00 -3.090109201524395388e+00
4.747657057436709405e-01 2.867621893029743241e+00 -3.056787995159277571e+00
5.116172943412023999e-01 2.865867984503606802e+00 -3.023455446012816239e+00
5.489245148230803562e-01 2.864082243618017998e+00 -2.990043900583914560e+00
5.801336222864786896e-01 2.864378980780809325e+00 -2.951018042798965180e+00
6.035596841860170203e-01 2.866815858446150056e+00 -2.907047962325012058e+00
6.179104694952314292e-01 2.871413497507885548e+00 -2.859531417123699182e+00
3.518839796083462201e-01 2.871915097415124407e+00 -3.146799724238225959e+00
3.706527737527237076e-01 2.877483693185546088e+00 -3.100931604337748393e+00
3.809627545502953794e-01 2.884532123417530958e+00 -3.052652260213902569e+00
3.828621533570932267e-01 2.891820687373057641e+00 -3.003366041059349456e+00
3.799416553778589556e-01 2.898887328559375032e+00 -2.954116491671991973e+00
3.716011437840356924e-01 2.905852554300018209e+00 -2.905464243305128313e+00
3.590506574952911367e-01 2.913249101268846175e+00 -2.857802945439760656e+00
3.427780602037408531e-01 2.920997203509166251e+00 -2.811264460203259041e+00
3.239425277304213702e-01 2.928961877203327457e+00 -2.765710320676898260e+00
-2.055638762786204943e+00 2.321960821145531373e+00 -1.043303729946605030e+00
-2.088433050582217732e+00 2.293865532901060433e+00 -1.019471195621776571e+00
-2.122160316959461834e+00 2.264951941468212659e+00 -9.955862614132047206e-01
-2.155309350705243432e+00 2.236254332567209957e+00 -9.714634024091240994e-01
-2.187594911583178980e+00 2.206791835813208813e+00 -9.473236230856585394e-01
-2.219840404901855635e+00 2.177366055681729140e+00 -9.232117451937628116e-01
-2.250446399103022799e+00 2.146440965676904344e+00 -8.990225865079946033e-01
-2.280309783900556386e+00 2.114767237175994907e+00 -8.747738619170783991e-01
-2.309976513278881427e+00 2.082883064269378082e+00 -8.504987370958072557e-01
-2.049077835952776372e+00 2.328086794610589205e+00 -1.031446038183414959e+00
-2.070632589702413817e+00 2.310390401254175163e+00 -9.904439053522284819e-01
-2.087548416828897135e+00 2.296899945504969676e+00 -9.451867892829683981e-01
-2.098532271382532954e+00 2.288708430767381063e+00 -8.971003642248562837e-01
-2.106119849439273217e+00 2.283531642388689331e+00 -8.480232113297397900e-01
-2.110347176335483965e+00 2.282393916096421727e+00 -7.980286860122081105e-01
-2.111292331805573408e+00 2.284793720330848377e+00 -7.480192686747688668e-01
-2.109435956382180954e+00 2.289635066262021734e+00 -6.983002066406023278e-01
-2.104560307129645036e+00 2.297104871872901022e+00 -6.489381267517756458e-01
-1.897888286889552800e+00 2.430878595193019631e+00 -1.408858779919654580e+00
-1.892688908661789515e+00 2.432625702841434201e+00 -1.443591484968634431e+00
-1.886040388663080103e+00 2.433485148543419019e+00 -1.482279291229508411e+00
-1.878889019945652494e+00 2.434398530477666522e+00 -1.523994325470565459e+00
-1.871359376355901993e+00 2.435360516359132088e+00 -1.567913242859795275e+00
-1.864124105648184093e+00 2.436287684365358253e+00 -1.610089630663816385e+00
-1.899803041759130950e+00 2.430161854734028015e+00 -1.395843579764148856e+00
-1.897666704240838387e+00 2.430958187583426522e+00 -1.410418153812028397e+00
-1.895324608317191517e+00 2.431831589826069173e+00 -1.426390557213972343e+00
-1.892943176728874466e+00 2.432590848122329952e+00 -1.442130046668883558e+00
-1.890472860657330889e+00 2.432911556749139059e+00 -1.456492282846122421e+00
-1.887051010085726510e+00 2.433349269591912112e+00 -1.476446342580067572e+00
-1.884507181498689121e+00 2.433675245682413557e+00 -1.491275060216070480e+00
-1.880762149307537268e+00 2.434154042410459073e+00 -1.513116054670450072e+00
-1.878452009171490467e+00 2.434450392685355347e+00 -1.526579610115100571e+00
-4.502288280806309162e-01 3.079503754160284767e+00 -8.741082085587841277e-01
-4.551850721801818378e-01 3.079706225471326775e+00 -8.462891343548448742e-01
-4.610876246008123736e-01 3.079010333086699802e+00 -8.128555721567198855e-01
-4.677865695742082774e-01 3.078219248218914128e+00 -7.750859233805653670e-01
-4.750598179357648498e-01 3.077360432422644454e+00 -7.340662815224625604e-01
-4.827528664350236864e-01 3.076452140845710836e+00 -6.906664529495661897e-01
-4.907479716619834176e-01 3.075508276324040668e+00 -6.455505072967573366e-01
-4.989579644532309843e-01 3.074539125512088411e+00 -5.992108904926289892e-01
-5.453804826509590642e-01 3.070183980058499795e+00 -3.774071891528132938e-01
-4.477246007836471753e-01 3.078942472690484600e+00 -8.876582889794479847e-01
-4.493012896175587190e-01 3.079296644140275152e+00 -8.791152169666452965e-01
-4.506880390219351606e-01 3.079607961357689661e+00 -8.716041414764641448e-01
-9.186512375653462792e-01 2.976140455134023810e+00 -4.907029562117444788e-01
-9.005748643838619172e-01 2.982240689286228097e+00 -4.852080752509834172e-01
-8.759891188702360054e-01 2.990537572970201285e+00 -4.777637791942110357e-01
-8.460399635499517013e-01 3.000644435280803712e+00 -4.686939946090959430e-01
-8.118929769399728658e-01 3.012167939086501267e+00 -4.583484661778870484e-01
-7.745695917126264041e-01 3.024763388333504999e+00 -4.470347568326656362e-01
-7.344985380291711996e-01 3.038081142858791051e+00 -4.350683194863502190e-01
-6.955145698346048011e-01 3.044693902682742870e+00 -4.233279465494762528e-01
-6.605161519140103632e-01 3.050635955492878360e+00 -4.126247210554849221e-01
-9.336506061979391591e-01 2.971078498318736383e+00 -4.953135900429355143e-01
-9.404628608498493136e-01 2.968779600825132370e+00 -4.973697293868019065e-01
-9.543574374772904045e-01 2.964090554707881520e+00 -5.016117995147378883e-01
-9.885447017795272462e-01 2.953613840674106150e+00 -4.650222562877290855e-01
-1.024508681576265845e+00 2.942974647797897969e+00 -4.305733010399216965e-01
-1.061127689097228544e+00 2.932080473283912969e+00 -3.972534978125002447e-01
-1.098020987479539246e+00 2.921071060309461842e+00 -3.646494874182460988e-01
-1.134995401404749860e+00 2.909373261899899088e+00 -3.324254279429757486e-01
-1.170107473249205388e+00 2.894448980504849445e+00 -3.007666970019039487e-01
-1.838634912171953184e+00 2.272375178389221873e+00 -2.955165915540282295e+00
-1.870269589301400526e+00 2.242107218880905695e+00 -2.978713687976450419e+00
-1.900663108111666721e+00 2.210595168484786655e+00 -3.002000026770894170e+00
-2.021942654221061009e+00 2.100879839076437161e+00 -3.011326557446106555e+00
-2.022108812804301881e+00 2.095969928977089225e+00 -3.038031722317318994e+00
-2.021922348625138532e+00 2.091179547004740513e+00 -3.063790689263911293e+00
-2.021179311364316167e+00 2.085803968668940467e+00 -3.089289380728862167e+00
-2.020418339829634924e+00 2.080361116370614383e+00 -3.115142487230253554e+00
-2.019637832691552504e+00 2.074768043867860623e+00 -3.141703130270606437e+00
-1.830578094973990932e+00 2.276755474283546743e+00 -2.966933454224271571e+00
-1.849035568204532964e+00 2.254706378077918849e+00 -3.007605851033491984e+00
-1.859989265253569446e+00 2.235773579484931162e+00 -3.052332772181625131e+00
-1.864856128346894071e+00 2.222098702819351956e+00 -3.100022168674384293e+00
-1.866214410343570718e+00 2.211620217804564525e+00 -3.148776701294906832e+00
-1.871066145811723258e+00 2.172147459038531014e+00 -3.322157253164930601e+00
-1.862702814486159708e+00 2.178459546301795058e+00 -3.324096743411739663e+00
-1.849791459644377190e+00 2.188212651916390694e+00 -3.327048986989713963e+00
-1.832956519035421339e+00 2.200929215034038933e+00 -3.330900254696605334e+00
-1.511527594502202199e+00 2.470653653874149480e+00 -3.132203371240257272e+00
-1.498014318752003859e+00 2.470422591261254741e+00 -3.180355675770591528e+00
-1.484180010670601124e+00 2.470395444500935067e+00 -3.228407758008503770e+00
-1.470378397392346326e+00 2.470349239377013451e+00 -3.276459893361725939e+00
-1.456596187640527340e+00 2.470292654440816804e+00 -3.324506529726754867e+00
-1.442091514051969892e+00 2.468982138460976472e+00 -3.372301415214579379e+00
-1.435626144623837863e+00 2.462123477658976434e+00 -3.421349820331991864e+00
-1.437676874344790079e+00 2.450336360537621605e+00 -3.469818191343968294e+00
-1.567497884981437828e+00 2.358445415877397977e+00 -3.531888767517664451e+00
-1.500167910486683853e+00 2.478221553329152727e+00 -3.126563461603781402e+00
-1.469933052838124476e+00 2.489490931697351694e+00 -3.164272412740939622e+00
-1.327409202085405804e+00 2.568791426757462748e+00 -3.170540195974033804e+00
-1.318700030813039659e+00 2.567095250609796597e+00 -3.202555753939006600e+00
-1.311175078966604568e+00 2.565506192823427067e+00 -3.230849093185852450e+00
-1.268565200434586870e+00 2.584405525681955584e+00 -3.248529747329615525e+00
-2.037712434361413916e+00 2.225435816701453628e+00 -2.186624837464550719e+00
-2.073625580175760152e+00 2.191484259603773577e+00 -2.186072658961279558e+00
-2.191148258552601646e+00 2.071562704414872336e+00 -2.208785053649980679e+00
-2.192979000153641334e+00 2.070806267194420958e+00 -2.199608387815504162e+00
-2.194734657596080663e+00 2.070089851974049378e+00 -2.190736754494411631e+00
-2.196491927651177178e+00 2.069372398582190353e+00 -2.181859985665413060e+00
-2.198302327775172760e+00 2.068632874579289460e+00 -2.172717835611212234e+00
-2.200209569532642462e+00 2.067853436284991631e+00 -2.163089475518232607e+00
-2.234777120128872419e+00 2.031838714887646002e+00 -2.162088451434556191e+00
-2.035031564844371310e+00 2.225652672606232230e+00 -2.201221674310085419e+00
-2.064441281848830911e+00 2.194176760534990667e+00 -2.223835081608140918e+00
-2.177303724276762775e+00 2.077232511489560007e+00 -2.278582161244514293e+00
-2.171532182106806541e+00 2.079436701698072376e+00 -2.306895371061029376e+00
-2.163863811026184081e+00 2.081252191965912601e+00 -2.340529249367700348e+00
-2.155247679037094688e+00 2.083290536565662432e+00 -2.378328351064058488e+00
-2.145923906397155800e+00 2.085496518371706021e+00 -2.419230643073488896e+00
-2.149903219738094506e+00 2.058774300054353468e+00 -2.541672000189471703e+00
-2.153372137949420839e+00 2.046805552768660164e+00 -2.589962474660521430e+00
-1.800510270311765693e+00 2.458513600919722819e+00 -1.873673798472291541e+00
2.172715420535121567e+00 2.180853777274631700e+00 -1.495715301606480807e+00
2.181267465724783694e+00 2.174223156140321134e+00 -1.462576935460870420e+00
2.190827041725770474e+00 2.166816911974007720e+00 -1.425427108762384876e+00
2.201153650170116993e+00 2.158815983509454917e+00 -1.385304799085302685e+00
2.212039818674364167e+00 2.150381064039986079e+00 -1.343017146988326083e+00
2.236511949540254562e+00 2.128514503833874194e+00 -1.304238770290456317e+00
2.259522542598138006e+00 2.108144323184220514e+00 -1.264086110084746473e+00
2.281461802417725337e+00 2.088860804818117867e+00 -1.223123916184359894e+00
2.302797999675260776e+00 2.070580256538053110e+00 -1.181711631276951779e+00
2.175311654803750994e+00 2.178843503284518590e+00 -1.485603727441681565e+00
2.185569376120822582e+00 2.170890108005385066e+00 -1.445862217625561330e+00
2.195807212160370003e+00 2.162955856184301862e+00 -1.406125568375327317e+00
2.206043322914340354e+00 2.155022367959714913e+00 -1.366406727492226691e+00
2.234908907149968371e+00 2.128545053523323904e+00 -1.333940575594688704e+00
2.266460096504955946e+00 2.098556758165083469e+00 -1.307415694679492812e+00
2.298630661540682407e+00 2.064919918061923543e+00 -1.287399907625923934e+00
2.331558738985463286e+00 2.029737098801894124e+00 -1.273271904268349575e+00
2.362984705923345530e+00 1.992335510444711577e+00 -1.265784391384385588e+00
2.012822790875187895e+00 2.093013341689023754e+00 -3.089939549974540345e+00
2.027462094881054888e+00 2.070252453406137061e+00 -3.131876009374832126e+00
2.041251594507019540e+00 2.046618996982437988e+00 -3.173642280803792293e+00
2.055065845261532687e+00 2.022938569887642757e+00 -3.215502647853601736e+00
2.068882797611985236e+00 1.999259095151532550e+00 -3.257347730406767727e+00
2.082701077381687416e+00 1.975582606332653146e+00 -3.299174718220933666e+00
2.096601265733110786e+00 1.952044276832125114e+00 -3.340998695402683349e+00
2.109001720119333623e+00 1.927223463973099182e+00 -3.382443714831789183e+00
2.121445700454172467e+00 1.902342938112791648e+00 -3.423932399105593660e+00
2.022190676486984362e+00 2.086482364546080159e+00 -3.080385721832759049e+00
2.049909360853900075e+00 2.053984978860461386e+00 -3.106035233393038109e+00
2.079719942243150488e+00 2.018067997234814115e+00 -3.123499770227383898e+00
2.111862846354682244e+00 1.981238052686353113e+00 -3.133239359967989746e+00
2.144970567341073941e+00 1.944352280456831394e+00 -3.138241035544512059e+00
2.178811293966286033e+00 1.907800006170798701e+00 -3.137841704009705968e+00
2.212127613188632047e+00 1.871107860518348875e+00 -3.132925315176422920e+00
2.244686084300032469e+00 1.834492759819257302e+00 -3.123968554905414585e+00
2.275739844829825831e+00 1.797416423047178968e+00 -3.112058830747063354e+00
1.714941081883300411e+00 2.324007054793590488e+00 -3.178931577319541901e+00
1.710786522836080792e+00 2.318291147719593770e+00 -3.228395233382850726e+00
1.706630905153928346e+00 2.312574263583617284e+00 -3.277868785793997208e+00
1.710150480996009081e+00 2.301268892390298415e+00 -3.326406467037206216e+00
1.702991317646720182e+00 2.333137453090556424e+00 -3.176787262145034152e+00
1.681045632888548358e+00 2.341396395770212635e+00 -3.220905117354416536e+00
2.352653039902270926e+00 1.833602312526769085e+00 -2.496828292346467304e+00
2.381951037250491066e+00 1.794615375726984707e+00 -2.508191881042773019e+00
2.410297949393144901e+00 1.755696003412162920e+00 -2.519483372885361838e+00
2.436057867643162567e+00 1.715162914743076028e+00 -2.530417706528775401e+00
2.461645110698424954e+00 1.674425296447491718e+00 -2.541304808909627511e+00
2.487560048674585023e+00 1.633376099355065003e+00 -2.552264764607687919e+00
2.513491776737040606e+00 1.592300833211075961e+00 -2.563229278535839484e+00
2.538716015307386442e+00 1.550784368321741269e+00 -2.574084576968417970e+00
2.562497295284549281e+00 1.508368688422994763e+00 -2.584763502231543164e+00
2.354868978800969792e+00 1.833830097743930798e+00 -2.482114224516605461e+00
2.385893640973201002e+00 1.796988777801153958e+00 -2.469661116707210446e+00
2.414464872417624974e+00 1.762720366586892906e+00 -2.448543517938186032e+00
2.452706154488838663e+00 1.714377008271817271e+00 -2.423497114020012333e+00
2.459805052424172356e+00 1.712331668574689436e+00 -2.385458651139634512e+00
2.467510621532802872e+00 1.710110626595120698e+00 -2.344173433539599394e+00
2.475394159253618831e+00 1.707509515159078228e+00 -2.300782237326722601e+00
2.482807719460614404e+00 1.704466944409670948e+00 -2.255826734703668901e+00
2.500133582934824794e+00 1.686868887440329701e+00 -2.212501162995168080e+00
2.270072530603116423e+00 2.002234889597843903e+00 -2.098214690321292597e+00
2.280783384318699536e+00 1.996520193676335264e+00 -2.049815516557876194e+00
2.291645942815583759e+00 1.991077344099208890e+00 -2.001414360850411800e+00
2.302451536735747428e+00 1.985707778793349920e+00 -1.952989959253022434e+00
2.313409478188516832e+00 1.980152747124351853e+00 -1.904562537110057852e+00
2.324366925662782357e+00 1.974599756444111121e+00 -1.856126209666084881e+00
2.340624544418761221e+00 1.961605859888686521e+00 -1.810724518257410320e+00
2.360549981157042954e+00 1.941198427413027838e+00 -1.769730500297405529e+00
2.384135067820730036e+00 1.915448818819623478e+00 -1.734131170086455231e+00
2.278456178616729666e+00 1.991255608159002932e+00 -2.103741961281870854e+00
2.301313642350453659e+00 1.968906129487378864e+00 -2.065637764328453141e+00
2.327798109022883200e+00 1.941721564482085993e+00 -2.033794184990483256e+00
2.357083245961836049e+00 1.910125240413039327e+00 -2.008101671825166079e+00
2.387426632022968676e+00 1.876510906016519931e+00 -1.986907008896422244e+00
2.417924238330233955e+00 1.840692291085585186e+00 -1.970732729651922588e+00
2.447907811082580931e+00 1.802892639683407294e+00 -1.958695005956072599e+00
2.476919063811399813e+00 1.763352838404564027e+00 -1.950352362820911845e+00
2.504404059310188835e+00 1.723581963659427174e+00 -1.938609091634836412e+00
1.745973698870563195e+00 2.220728638112880571e+00 -3.560091451674721075e+00
1.762393704876618505e+00 2.198810288192292184e+00 -3.601881830475894386e+00
1.778801758157634305e+00 2.176899641393087670e+00 -3.643679366090081029e+00
1.793995344200467024e+00 2.153630799010398000e+00 -3.685107001185147446e+00
1.808811048006625732e+00 2.129986200812237662e+00 -3.726454772659915538e+00
1.823690500123475111e+00 2.106506454273344264e+00 -3.767905965294811477e+00
1.839087301924712481e+00 2.082969960631493755e+00 -3.809409877552948132e+00
1.854271545200869342e+00 2.059616370966845356e+00 -3.850918945313853037e+00
1.868645644904318504e+00 2.035483933445942029e+00 -3.892164623849578398e+00
1.755945302885165482e+00 2.215091665761127260e+00 -3.550526215046053924e+00
1.786936482161543660e+00 2.185431344222947381e+00 -3.576084461409437143e+00
1.821274961578900786e+00 2.153770413394431316e+00 -3.593606398374124211e+00
1.856994481470879865e+00 2.120272636092056739e+00 -3.603067585842201659e+00
1.892854289475107255e+00 2.086164992048019418e+00 -3.607695392783877963e+00
1.929431472312419293e+00 2.052480061082826435e+00 -3.606913891406684947e+00
1.995273806956263885e+00 1.989427595670202553e+00 -3.607665675170224073e+00
1.996289933310810394e+00 1.989564098330565356e+00 -3.603412845931655895e+00
1.995227906983465749e+00 1.989410168129212231e+00 -3.607898150008344018e+00
3.263790594156759095e-01 2.741363187196276474e+00 -3.889526933035723832e+00
2.778790779163251012e-01 2.745352025154465636e+00 -3.902264298106740803e+00
2.296927912701187957e-01 2.749310824227845007e+00 -3.914941327470865762e+00
1.814824062933675375e-01 2.750478880785473645e+00 -3.927021165868898045e+00
1.319056729172926878e-01 2.751319643951359417e+00 -3.928939276887186249e+00
8.300680063499241146e-02 2.753715466980995341e+00 -3.921100876226364385e+00
3.685771085204306990e-02 2.757867400966817151e+00 -3.903861296913497814e+00
-4.808840469838981078e-03 2.763695674750682674e+00 -3.877937663221313613e+00
-4.019544025736067339e-02 2.771276095027100705e+00 -3.844401620624138260e+00
3.319445137111640687e-01 2.738040561957875152e+00 -3.902965654735771395e+00
2.940256954431026970e-01 2.736727938780936231e+00 -3.935970940488743075e+00
2.626765179730842781e-01 2.733410648460401493e+00 -3.974866972954852251e+00
9.467232458192864630e-01 2.561042248533321963e+00 -4.051621986518102680e+00
9.516772479350751324e-01 2.549865855941104709e+00 -4.097733443337860493e+00
9.560136091752096110e-01 2.536797747181766649e+00 -4.144053762420544906e+00
9.601708947740382749e-01 2.523054267576910537e+00 -4.190723049026329861e+00
9.643556131866979353e-01 2.509211683161086892e+00 -4.237732759475547617e+00
9.754028401747925070e-01 2.492927125962217438e+00 -4.283677432573040456e+00
9.855405018780875048e-01 2.476935357201989429e+00 -4.329977055084844650e+00
9.959913758447815901e-01 2.462006110860717634e+00 -4.376652364898622416e+00
1.005828671806883401e+00 2.447275807524178504e+00 -4.423489461055720717e+00
9.470510537997884892e-01 2.560297404631107998e+00 -4.054699416796176514e+00
9.522346721469331365e-01 2.548604318254058754e+00 -4.102941551133929998e+00
9.566036642000839141e-01 2.534850512891742458e+00 -4.150664485446470486e+00
9.608509070933802798e-01 2.520807238397691386e+00 -4.198352910182117093e+00
9.650992448654756029e-01 2.506755390837440700e+00 -4.246072736410829052e+00
9.705389936073651747e-01 2.492283698686394988e+00 -4.293591802986677308e+00
9.723566573335157281e-01 2.479252292129251245e+00 -4.341838593960995141e+00
9.692454199705712314e-01 2.469078719098556807e+00 -4.390554945986318458e+00
9.590656188592656672e-01 2.461794181748487631e+00 -4.438577348675521783e+00
1.525304442231413482e+00 2.318719818362639629e+00 -3.832950132506070418e+00
1.526553499926875945e+00 2.306578286099882469e+00 -3.877092517248917236e+00
1.527835036588524931e+00 2.294106612997711458e+00 -3.922439050452133369e+00
1.517188212242305045e+00 2.288790641017720340e+00 -3.970962893224980306e+00
1.507970834266121107e+00 2.282529916388587932e+00 -4.019729993523477596e+00
1.499931832732841697e+00 2.276015322856129064e+00 -4.068672157265674549e+00
1.492691796375573476e+00 2.268957820508182177e+00 -4.117659774818130280e+00
1.485825311688092842e+00 2.261392836671812123e+00 -4.166570369383439498e+00
1.478699670083803097e+00 2.252690862582977793e+00 -4.215257615422065562e+00
1.525443313944311541e+00 2.317407001706373926e+00 -3.837713123594630904e+00
1.526778516691566390e+00 2.304376651568445844e+00 -3.885100743745658392e+00
1.521720013076579336e+00 2.295249669949228633e+00 -3.933926545259199159e+00
1.513900753847937652e+00 2.287977610384447136e+00 -3.982711711194415916e+00
1.505448366003420135e+00 2.281342074165051415e+00 -4.031555238159673316e+00
1.496959161450923892e+00 2.275137339509439194e+00 -4.080455542507902322e+00
1.488180862577210162e+00 2.269133501721849910e+00 -4.129321034064086682e+00
1.477828330896146403e+00 2.263309226892919135e+00 -4.177835662937138039e+00
1.464425896505899161e+00 2.258738594558497237e+00 -4.225765784425052907e+00
1.256048289998702439e+00 2.471540380608210352e+00 -3.841499215322614624e+00
1.231649007550646990e+00 2.474116227413803770e+00 -3.884973655091503719e+00
1.206875321153532132e+00 2.476876625171115620e+00 -3.928442142008877536e+00
1.212842785389336431e+00 2.463648142327902413e+00 -3.976279160171102056e+00
1.203476703764816413e+00 2.458293801226280717e+00 -4.022406098558912291e+00
1.193700521812059545e+00 2.452707283742714850e+00 -4.070344217599409120e+00
1.183163035869433388e+00 2.445742461821578395e+00 -4.118646894192777630e+00
1.172890261682857149e+00 2.438929147718720714e+00 -4.165828144771970720e+00
1.180621260736452571e+00 2.423091997819779131e+00 -4.212537379410449923e+00
1.268290064678766482e+00 2.464521442793984995e+00 -3.846264001206888494e+00
1.263673241800979063e+00 2.456222021768472263e+00 -3.895269987309312398e+00
1.266943793187156997e+00 2.443997748119199898e+00 -3.943502892669479287e+00
1.212065515682342776e+00 2.463204009762004709e+00 -3.980106145631203685e+00
1.203155160019106162e+00 2.458110383493905537e+00 -4.023987808812059086e+00
1.194187374249710665e+00 2.452983853287956428e+00 -4.068152646291619767e+00
1.184696091333036216e+00 2.446778605214587010e+00 -4.111529886689708313e+00
1.175581368299176699e+00 2.440746009008556872e+00 -4.153342771357126040e+00
1.192486376099378020e+00 2.421328888424737258e+00 -4.195818367959362583e+00
1.356025685918581941e-02 2.652435111989928984e+00 -4.390251943586838124e+00
2.318652348518896941e-02 2.641188085161990884e+00 -4.437958194581906213e+00
3.267615999643996155e-02 2.630099526437605029e+00 -4.485730061083283537e+00
3.858994246347722396e-02 2.592793368951755717e+00 -4.646590591526707392e+00
4.962157267261060184e-02 2.592829779325765749e+00 -4.646999583672123180e+00
6.024647161521846234e-02 2.591997063214912966e+00 -4.647184969631742213e+00
7.085514903026483846e-02 2.591167298401917840e+00 -4.647363297651327940e+00
8.171335446705300931e-02 2.590317931297008602e+00 -4.647546164105638589e+00
9.304377190664046837e-02 2.589431547254750221e+00 -4.647737301216579908e+00
2.744452392860796675e-02 2.653419506196407873e+00 -4.385077266775204485e+00
6.000667325812188146e-02 2.643971757424527169e+00 -4.422605964230315934e+00
9.864437752821229866e-02 2.636029725292273973e+00 -4.454093218661593134e+00
1.413903150280408361e-01 2.629357765389541246e+00 -4.479663515529221485e+00
1.859847946725788626e-01 2.621194048656821263e+00 -4.500380376605550126e+00
2.317632106170210982e-01 2.613069335263430215e+00 -4.518422043519032094e+00
2.799366225883658799e-01 2.606228019338261870e+00 -4.528657507391208092e+00
3.289763733220411601e-01 2.598644596978837207e+00 -4.532360034962845674e+00
3.783548167533661855e-01 2.592009337342488617e+00 -4.531690214727984944e+00
2.943308237957187323e-01 2.704898014812529894e+00 -4.091023153689282488e+00
3.428784714161060010e-01 2.698859970272362574e+00 -4.099195537529573663e+00
3.911544383527318369e-01 2.690451619077563805e+00 -4.106828281049686780e+00
4.390827373059448813e-01 2.679562299721470087e+00 -4.113917848826506685e+00
4.869482679906382838e-01 2.668685632742200387e+00 -4.121005157841587163e+00
5.347757354950841702e-01 2.657451795044547982e+00 -4.129684648863836571e+00
5.797149429985072322e-01 2.644912013332344713e+00 -4.147199422049953732e+00
6.206710963970624162e-01 2.631712990767356874e+00 -4.172215668678965095e+00
6.565627958570801059e-01 2.616377832335772702e+00 -4.202804843129514190e+00
2.894452438596532562e-01 2.702157697411215143e+00 -4.104794058272272395e+00
3.283859021881437301e-01 2.692588715144858647e+00 -4.134112785163702952e+00
3.610967831413818829e-01 2.681414384193184564e+00 -4.169737972580715990e+00
3.875069655458848183e-01 2.667860781330929854e+00 -4.209596862090386971e+00
4.096319409349600260e-01 2.654258024726322329e+00 -4.252041308550361443e+00
5.321187657111107194e-01 2.620783589741854769e+00 -4.304439012071115123e+00
5.271698762877526923e-01 2.611912268925750791e+00 -4.350823541260013805e+00
5.219394870618301319e-01 2.602230602088973832e+00 -4.398613436382567521e+00
5.166380707251827520e-01 2.591402615074843485e+00 -4.443743908996260039e+00
-1.024673963044580027e+00 2.509038531280948447e+00 -4.140692923398861858e+00
-1.067191705102089605e+00 2.489244008990618262e+00 -4.157738517746119911e+00
-1.108393786879430909e+00 2.466558925305982974e+00 -4.174103814412649882e+00
-1.149080568921114320e+00 2.442941684245542255e+00 -4.190326173103932739e+00
-1.189847982737252563e+00 2.419269616317453853e+00 -4.206615615475452152e+00
-1.230602896314309636e+00 2.395617915875165593e+00 -4.222842981752908287e+00
-1.270895911962227176e+00 2.371286525434513237e+00 -4.238805555010926263e+00
-1.309934225449002732e+00 2.344501510444458869e+00 -4.254193271786780528e+00
-1.349103015707362685e+00 2.317894073076700590e+00 -4.269714138970803319e+00
-1.016882216395979199e+00 2.508878688644763599e+00 -4.153418161595546110e+00
-1.045793076590309845e+00 2.489942830951640484e+00 -4.189434361136558316e+00
-1.067164995720481624e+00 2.471188929734086770e+00 -4.230414658822371443e+00
-1.081343849377394806e+00 2.453845068728961465e+00 -4.275001336018683595e+00
-1.126687969070834461e+00 2.422838128835149263e+00 -4.317583639022652520e+00
-1.126728474073491304e+00 2.411020372937771938e+00 -4.365877876485891207e+00
-1.126764130277481568e+00 2.399150893635714432e+00 -4.414393378985406180e+00
-1.126073987623696482e+00 2.385794068337707241e+00 -4.462306751671543559e+00
-1.125392298961284565e+00 2.372438918367488991e+00 -4.509934423850739726e+00
-6.625135972861779798e-01 2.578318175395950096e+00 -4.363001547280657810e+00
-6.574546893855723884e-01 2.568469651378886720e+00 -4.409469946247255301e+00
-6.520722785971587721e-01 2.557344113330005442e+00 -4.456295723024991773e+00
-6.466640476731498888e-01 2.546102348349092992e+00 -4.503581245120074961e+00
-5.130730274905446198e-01 2.561648306768267602e+00 -4.565014178473409956e+00
-5.159736178136686835e-01 2.550612989163210553e+00 -4.609766263872955960e+00
-5.187760297946854005e-01 2.538792003412185583e+00 -4.653701944737060003e+00
-5.213638600665273515e-01 2.525910249637629335e+00 -4.697113543505572864e+00
-5.239754358418762248e-01 2.513024879274292633e+00 -4.740520612037430581e+00
-6.622137535818554133e-01 2.577753745197389090e+00 -4.365945736152451850e+00
-6.568864497038841010e-01 2.567296577287941250e+00 -4.414407941597119134e+00
-6.513416621441546761e-01 2.555838466337021941e+00 -4.462634903860112523e+00
-6.458198572948394833e-01 2.544367011786275334e+00 -4.510889530327837349e+00
-5.136878466312903013e-01 2.559415080032285683e+00 -4.574046811132422619e+00
-5.167833055023752786e-01 2.547661033124708041e+00 -4.621708485468890792e+00
-5.196855903783699215e-01 2.534233350992360467e+00 -4.669069161126558676e+00
-5.225215588495069063e-01 2.520176366640789922e+00 -4.716432547157861421e+00
-5.253731702186256181e-01 2.506082162312358363e+00 -4.763915434174143648e+00
6.147585253910611280e-01 2.878920037295783274e+00 -2.810288877038694455e+00
6.116040555435697801e-01 2.886200791067710991e+00 -2.760985017996263835e+00
6.084898014122877008e-01 2.893474216853595848e+00 -2.711663635987092036e+00
6.053916853273545451e-01 2.900573318042870774e+00 -2.662339413039982006e+00
6.021944096794590306e-01 2.906713826028410885e+00 -2.612953773622971987e+00
5.897467719811363418e-01 2.914107596859664806e+00 -2.565235774427655713e+00
5.689029959249857216e-01 2.922954497107093541e+00 -2.520822958223855270e+00
5.390282700113894210e-01 2.933244396112450136e+00 -2.481170325996860271e+00
5.039205525361768467e-01 2.944163449921812781e+00 -2.446354742103130420e+00
6.291274784420285426e-01 2.875348892018833258e+00 -2.811229077793242936e+00
6.486642622083029774e-01 2.876705944143358007e+00 -2.765557715769836999e+00
6.756544908499938495e-01 2.875736442684746041e+00 -2.723957182893914197e+00
7.089914458952164544e-01 2.872584962004318676e+00 -2.687084849323670088e+00
3.058747738914791570e-01 2.936866860866248707e+00 -2.719818325745375187e+00
2.878413826385615160e-01 2.944911362095977925e+00 -2.673872811265489702e+00
2.698912779181152355e-01 2.953603722026469480e+00 -2.628012668060919488e+00
2.519890238451177877e-01 2.961721514144111556e+00 -2.582141559172396406e+00
2.339193820096494014e-01 2.967626589924047487e+00 -2.536027983041149181e+00
2.159042457740594501e-01 2.973521924563074847e+00 -2.489973181872055186e+00
1.903544647922711386e-01 2.979594018760638896e+00 -2.447435573943952392e+00
1.585531930301714021e-01 2.985661025388749223e+00 -2.409326342661052500e+00
1.223875505183884688e-01 2.991623948856498849e+00 -2.375309193268701602e+00
2.930644724673671653e-01 2.937626386703314552e+00 -2.727413484706803004e+00
2.560475022510114718e-01 2.946378828960116270e+00 -2.695042874482207917e+00
2.138281280931041417e-01 2.955148378130620479e+00 -2.669858090473610446e+00
1.679751215179990931e-01 2.959715212593570843e+00 -2.651164792798456293e+00
1.206369567363392570e-01 2.961813958764684784e+00 -2.636800190356799245e+00
7.241352387084075415e-02 2.963194712112856344e+00 -2.627637967990399392e+00
2.400677105786051119e-02 2.963989148603822343e+00 -2.622714933642795732e+00
-2.811803050454752748e-02 2.964226843756732510e+00 -2.621877043680629349e+00
-7.943698957294732799e-02 2.964089512154441497e+00 -2.623735097725519161e+00
-2.340936525433148230e+00 2.049863604376552573e+00 -8.200206523809920878e-01
-2.370492168564655611e+00 2.018390904091999616e+00 -7.899357280176193541e-01
-2.398652691764524558e+00 1.988473720724494243e+00 -7.601287120295504574e-01
-2.424277120748335346e+00 1.958911359326393820e+00 -7.304288458911121218e-01
-2.447828630008530570e+00 1.928917359669375386e+00 -7.006616975253765478e-01
-2.470966507992883532e+00 1.899470121749695428e+00 -6.708381453192832078e-01
-2.495856382857431832e+00 1.867701911277374061e+00 -6.414008000509459073e-01
-2.520746844468720216e+00 1.835934368728735055e+00 -6.119216929927975279e-01
-2.545008497813367576e+00 1.803655651176993446e+00 -5.823577604756912107e-01
-2.345186478851914558e+00 2.044479766545039823e+00 -8.330324692787169916e-01
-2.379724843429815273e+00 2.006403979671838478e+00 -8.240812166659864380e-01
-2.412262807706857082e+00 1.969450528510866549e+00 -8.241567407098696618e-01
-2.440448353169273776e+00 1.932201805576352349e+00 -8.328648612453464217e-01
-2.467129688632412776e+00 1.896221278205332039e+00 -8.463941932570241411e-01
-2.494465660527850570e+00 1.858739616921677884e+00 -8.653881957637212796e-01
-2.520632234426986695e+00 1.822634636698246657e+00 -8.876513052458208097e-01
-2.545089306336990376e+00 1.788140743376783304e+00 -9.134522962522463319e-01
-2.566426978301925566e+00 1.753434613329301062e+00 -9.415938893186119873e-01
-2.103022497777082833e+00 2.301677834179228110e+00 -5.990428626792749789e-01
-2.101495369223271403e+00 2.306239199222305025e+00 -5.491819322750044474e-01
-2.099510689968780763e+00 2.310602202451238707e+00 -4.994541640584416187e-01
-2.096646293886214707e+00 2.314047517974999302e+00 -4.496959647164750495e-01
-2.094013827148695661e+00 2.317794514262613070e+00 -3.998678472191312672e-01
-2.091913877047876902e+00 2.322078644301650563e+00 -3.500631510495011423e-01
-2.088403034590721408e+00 2.324482139616463439e+00 -3.003680211376210107e-01
-2.084742564308231128e+00 2.326723615865339934e+00 -2.507230004917733179e-01
-2.081080898172134486e+00 2.328967244169513950e+00 -2.011368252779677512e-01
-2.091988493105186642e+00 2.311145031446916409e+00 -6.024929938558075682e-01
-2.073676308307399019e+00 2.329980755620577160e+00 -5.598507509349499589e-01
-2.049845949581796223e+00 2.353318692143179014e+00 -5.225321916938258093e-01
-2.021389572363124554e+00 2.379318378904361708e+00 -4.910346639142499359e-01
-1.988173980729854184e+00 2.404159243961995873e+00 -4.637579806242964064e-01
-1.953022999240734192e+00 2.430419989346952470e+00 -4.412056854286935392e-01
-1.916628409040437742e+00 2.457588240614811959e+00 -4.228025292081009634e-01
-1.879693807952297124e+00 2.485734620554399310e+00 -4.076400061584209422e-01
-1.837353969131085396e+00 2.517829969265151568e+00 -3.954339814377530460e-01
-5.261068552243957086e-01 3.073466988820395152e+00 -3.711861834337228383e-01
-4.999861242070646195e-01 3.077902332141210895e+00 -3.631811830147488318e-01
-4.604745803965926143e-01 3.081743980396780547e+00 -4.583876369824324004e-01
-4.263965665581535558e-01 3.087230191134123114e+00 -4.539060242176034543e-01
-3.861886346063072017e-01 3.093703333155074731e+00 -4.486078626242484546e-01
-3.418919339999571538e-01 3.100834742375634612e+00 -4.427696480980319871e-01
-2.955246225309091646e-01 3.108299514453829016e+00 -4.366570092382056067e-01
-2.482352542852104549e-01 3.115912737973585589e+00 -4.304217981012862793e-01
-2.026537109045537521e-01 3.116111399661418702e+00 -4.241644429437952390e-01
-5.142536163285952311e-01 3.075479525729837071e+00 -3.675585785828758834e-01
-4.750518815384572879e-01 3.079397167371007882e+00 -4.603069954079493376e-01
-4.565549200808229346e-01 3.082374971551082421e+00 -4.578767281181920223e-01
-4.348597520138796080e-01 3.085867722866010077e+00 -4.550166276497423778e-01
-4.193941084414542497e-01 3.088357572184583066e+00 -4.529774475058914729e-01
-3.981660688898158718e-01 3.091775118691849844e+00 -4.501790358217283572e-01
-3.840929839031091975e-01 3.094040776989865904e+00 -4.483234448139809536e-01
-3.681371335360097419e-01 3.096609543691627664e+00 -4.462199161960394012e-01
-3.487000659112878820e-01 3.099738760251788516e+00 -4.436572826353334942e-01
-1.199521619694558838e+00 2.881888506944127126e+00 -2.643247510159584812e-01
-1.231848133248390154e+00 2.868095353445613949e+00 -2.261473433630251106e-01
-1.263924362579129879e+00 2.854408154440933210e+00 -1.881224828425662743e-01
-1.295765704524081574e+00 2.840820598152164145e+00 -1.502760191444696969e-01
-1.327373136688078548e+00 2.827332324793676577e+00 -1.126165925294162901e-01
-1.358743434338084421e+00 2.813944700362832396e+00 -7.514631357690106095e-02
-1.389872147907321498e+00 2.800659587142514173e+00 -3.786424188549766118e-02
-1.420754676368093827e+00 2.787478901834592460e+00 -7.678724531003146021e-04
-1.208139547760832544e+00 2.878338873251511387e+00 -2.759234465672649184e-01
-1.248464686719888084e+00 2.861313862437712796e+00 -2.592200757818259871e-01
-1.295102224688144288e+00 2.841680925025122040e+00 -2.496602504503244169e-01
-2.018662095243947352e+00 2.067764763215213186e+00 -3.174954246364110055e+00
-2.017562330094692324e+00 2.059847833526620597e+00 -3.212529950301055592e+00
-2.036668518718009135e+00 2.032245520445507658e+00 -3.249745327524342642e+00
-2.053938787837181756e+00 2.006011330916005253e+00 -3.288750406784407776e+00
-2.070148937309808534e+00 1.980679209114405648e+00 -3.328837726265901242e+00
-2.085773607730990076e+00 1.956293686267027709e+00 -3.369496854475988901e+00
-2.099440231849975191e+00 1.930892854610979370e+00 -3.410226677236566584e+00
-2.112851921125823207e+00 1.905708282177809965e+00 -3.451164148688254496e+00
-2.125900626046727471e+00 1.880806409620131792e+00 -3.492491992346807628e+00
-2.019015297977570622e+00 2.070306388715410950e+00 -3.162890500976683228e+00
-2.018508323910838342e+00 2.066631755435948570e+00 -3.180316987878855084e+00
-2.017871241732605903e+00 2.062038649896206000e+00 -3.202113075200987868e+00
-2.052014264860318793e+00 2.026500938057383294e+00 -3.211007021576551157e+00
-2.086832206526577860e+00 1.991052568527304167e+00 -3.211782430095625251e+00
-2.121161669060927402e+00 1.955501661187880602e+00 -3.208059588338766588e+00
-2.155447504718838836e+00 1.920662613628892679e+00 -3.198965583492254794e+00
-2.187925527979821982e+00 1.885254587167636275e+00 -3.185922922355790110e+00
-2.220259936600727624e+00 1.850701503994422348e+00 -3.170256638368516899e+00
-1.807940130585653948e+00 2.219825442258668069e+00 -3.336624815186742588e+00
-1.780303621750728649e+00 2.233976820061561952e+00 -3.376244166782476075e+00
-1.751481020453023119e+00 2.249376996605295442e+00 -3.414387575144465004e+00
-1.721877219341174658e+00 2.264304060441808542e+00 -3.451453781483807326e+00
-1.691188738458214047e+00 2.278498236944135336e+00 -3.487802090295111235e+00
-1.817986416410264816e+00 2.212237081946234696e+00 -3.334325200566367720e+00
-1.805359804596573525e+00 2.221773846906475391e+00 -3.337218519385928506e+00
-1.790551530995294183e+00 2.232958819954740548e+00 -3.340609680252840441e+00
-1.771668158665049120e+00 2.238777059598070718e+00 -3.386750035448467422e+00
-1.751396692038249103e+00 2.245910756187645241e+00 -3.431886147122455544e+00
-1.733540315270022392e+00 2.249532682427510366e+00 -3.478278454255879559e+00
-1.720308312039900533e+00 2.248181695403985714e+00 -3.526330023130552327e+00
-1.713219790540749576e+00 2.242432611401372178e+00 -3.575457782617828428e+00
-1.709413690230191740e+00 2.234721491501052260e+00 -3.624710430453013110e+00
-1.559272915562331052e+00 2.354746884722129341e+00 -3.576815619576893646e+00
-1.550168360854556227e+00 2.349836231019179600e+00 -3.622718094498698527e+00
-1.540920903853152835e+00 2.344812992815852315e+00 -3.669488739968393975e+00
-1.540970403296875402e+00 2.333110909455914594e+00 -3.718025792046511402e+00
-1.539769610792804277e+00 2.322205879269944262e+00 -3.766746008422547476e+00
-1.534442884524184647e+00 2.314219640674371359e+00 -3.815835487331130871e+00
-1.524300986097950172e+00 2.309991412651257292e+00 -3.864652197793111199e+00
-1.561728729495002188e+00 2.272623845102655693e+00 -3.918746873256858887e+00
-1.552649816122547266e+00 2.267787561902287141e+00 -3.967095711104855926e+00
-1.558534609824497874e+00 2.354356169815563504e+00 -3.580506744806058794e+00
-1.548923962071061533e+00 2.349178684934408068e+00 -3.628935266849779406e+00
-1.539332635661989412e+00 2.343971069528243412e+00 -3.677435053887513572e+00
-1.532862662607028525e+00 2.336555814167592615e+00 -3.726383511905596801e+00
-1.522253896548033669e+00 2.332008837009224234e+00 -3.774982324226344055e+00
-1.505855436218701549e+00 2.331972804088832785e+00 -3.822225464506924908e+00
-1.483711765038688624e+00 2.336764664018376791e+00 -3.866796054530327265e+00
-1.455506228099404442e+00 2.344743138261543791e+00 -3.907174204179102883e+00
-1.424653559256768842e+00 2.354207837552082516e+00 -3.945261395956307204e+00
-2.267700783480024462e+00 1.995638885843789234e+00 -2.152912535590216336e+00
-2.300540557160628996e+00 1.959281173605417647e+00 -2.143720255330477276e+00
-2.332913171012122255e+00 1.922620879134072203e+00 -2.134522046575280552e+00
-2.363551229951723176e+00 1.884554194425501095e+00 -2.125115210978406832e+00
-2.394134816453316716e+00 1.846555616441122094e+00 -2.115722126754481902e+00
-2.424808989599567255e+00 1.808450522014876327e+00 -2.106259179945926707e+00
-2.455355705073651862e+00 1.770253778076356532e+00 -2.096753599317056072e+00
-2.484544378976266898e+00 1.731002013902860792e+00 -2.087053508129053991e+00
-2.513076791889033768e+00 1.691352106543594802e+00 -2.077298625006358535e+00
-2.266736750212383633e+00 1.994127265156538265e+00 -2.167728908148859102e+00
-2.296508316860771615e+00 1.957068537811445852e+00 -2.182509830385597649e+00
-2.323344303378864328e+00 1.921926529138452633e+00 -2.205633178263022742e+00
-2.346718795299413962e+00 1.889571260616590642e+00 -2.235622991287083305e+00
-2.367392424846521681e+00 1.858931299242218893e+00 -2.269232673214558460e+00
-2.384304916480248338e+00 1.830414996415087092e+00 -2.306480895373688167e+00
-2.398438573167620547e+00 1.803700280834844349e+00 -2.345974536604664706e+00
-2.410209331453917248e+00 1.779656510128110547e+00 -2.387726331474110619e+00
-2.420663941001905517e+00 1.757160534913045469e+00 -2.430960083459602572e+00
-2.150345333838090678e+00 2.041587925339713561e+00 -2.639501911489177566e+00
-2.147239547104342616e+00 2.036450660499027343e+00 -2.689053975985549627e+00
-2.144138400499381980e+00 2.031305996161240746e+00 -2.738621133291608167e+00
-2.141040085746742871e+00 2.026157191258007195e+00 -2.788195282716236623e+00
-2.137110833030517743e+00 2.020214955479589403e+00 -2.837612493298751648e+00
-2.137886569411478810e+00 2.008457988611157319e+00 -2.886087649649224929e+00
-2.145189066281565804e+00 1.990371921939614763e+00 -2.931954720479548637e+00
-2.159079525205179539e+00 1.966323953714789186e+00 -2.973298323222304251e+00
-2.178162056482453757e+00 1.937939978052886314e+00 -3.009469213600875381e+00
-2.160689213552488663e+00 2.031234931614787964e+00 -2.636833535596047717e+00
-2.173531855372625721e+00 2.010462875158787632e+00 -2.680334068872456399e+00
-2.190834894612674777e+00 1.983915810199663010e+00 -2.718716835046339764e+00
-2.211621056231035887e+00 1.952919197049505229e+00 -2.751636977121808769e+00
-2.234991064763510060e+00 1.919787766507118798e+00 -2.780615287695710425e+00
-2.260775069824662697e+00 1.884850209498774909e+00 -2.805151774839361511e+00
-2.288445483083372700e+00 1.848895177408783841e+00 -2.825842653564392126e+00
-2.316653786572035578e+00 1.810545915733077438e+00 -2.840410218661071351e+00
-2.345110478288145561e+00 1.770343972055620219e+00 -2.847239666845126305e+00
2.326303953639151878e+00 2.047954341970001035e+00 -1.144439535525433316e+00
2.347467004152352210e+00 2.024397414403174889e+00 -1.107296219100535550e+00
2.367955934635203263e+00 2.001652041038580965e+00 -1.070539522295775203e+00
2.387777077218544264e+00 1.979712355508273625e+00 -1.034142942351651273e+00
2.409856325519829312e+00 1.955073534456594819e+00 -9.961995750265082439e-01
2.431838400106281828e+00 1.930558477958622676e+00 -9.582236694093385632e-01
2.453731953109478781e+00 1.906154720974588601e+00 -9.202369397438039389e-01
2.474720658573994925e+00 1.881289467680383298e+00 -8.822846046537873299e-01
2.495527418368279626e+00 1.856332543288792714e+00 -8.442960553544517355e-01
2.318620644539478359e+00 2.057429884365082007e+00 -1.136387236321254157e+00
2.328060052167036709e+00 2.050061210628522090e+00 -1.088477904489776327e+00
2.331465785378111111e+00 2.049588899373732342e+00 -1.039293657730811393e+00
2.329698283798386615e+00 2.054537272507641177e+00 -9.903844876402422281e-01
2.334204001103894033e+00 2.052645700740075796e+00 -9.430841019319468055e-01
2.339188086613928075e+00 2.050154681317135630e+00 -8.974989727481839097e-01
2.343954915629325342e+00 2.047770900173104813e+00 -8.539236392054474489e-01
2.348468878435549190e+00 2.045513044638894495e+00 -8.126687543683918102e-01
2.352834570031894668e+00 2.043327741915514473e+00 -7.727962146387334919e-01
2.392982644174419082e+00 1.955220281480830158e+00 -1.257902763617485098e+00
2.423998172365091630e+00 1.916852794544322336e+00 -1.249666881446517719e+00
2.455073647094195621e+00 1.878551353506266564e+00 -1.241388199661771052e+00
2.486124200019128594e+00 1.840304677551690915e+00 -1.233081504962366015e+00
2.516470734054127245e+00 1.801874436729195006e+00 -1.224698739195786423e+00
2.543287855735134162e+00 1.760945663588886934e+00 -1.216060377108160173e+00
2.570072709574799052e+00 1.720058718653564300e+00 -1.207507799698879891e+00
2.596838058424078444e+00 1.679136276362870994e+00 -1.199624679136719108e+00
2.623992312040250408e+00 1.636992095467804997e+00 -1.197999310023119213e+00
2.392689938782935677e+00 1.954437194809917955e+00 -1.272690540852684293e+00
2.421578429286946665e+00 1.916881674198101182e+00 -1.288388395165785516e+00
2.447855985677279911e+00 1.881974628605370015e+00 -1.312247243179858858e+00
2.470990119647713090e+00 1.850491919351039183e+00 -1.342903645124559509e+00
2.490600575933786143e+00 1.820398768665408396e+00 -1.377076862816998259e+00
2.506493135256600890e+00 1.792403278004831568e+00 -1.414914942426640510e+00
2.535265355112994445e+00 1.735086054316870685e+00 -1.539583477885332119e+00
2.547125886391394367e+00 1.719211269783082585e+00 -1.531605776525606588e+00
2.557463501532506456e+00 1.705375865705532457e+00 -1.524642697442552874e+00
2.138514285441996066e+00 1.873549047268278311e+00 -3.461030242001412738e+00
2.155624950376188842e+00 1.844819298895455040e+00 -3.498181264639315113e+00
2.172198811070899627e+00 1.815707701786323680e+00 -3.535202561956206857e+00
2.187659671397642835e+00 1.785665604605938706e+00 -3.571956851202960248e+00
2.247321540252367189e+00 1.702291689069935110e+00 -3.600398566071366879e+00
2.245069482158749352e+00 1.694252093255894653e+00 -3.639738414786986453e+00
2.242406234118094144e+00 1.686021660251610044e+00 -3.678571031310447825e+00
2.239135788428349372e+00 1.677250950379045147e+00 -3.717319722802723270e+00
2.235846507678465489e+00 1.668383407902165549e+00 -3.756427079432246963e+00
2.128999473462526382e+00 1.881913344337460492e+00 -3.468902175930612675e+00
2.131121662809315698e+00 1.867090493126906559e+00 -3.516596488148633348e+00
2.127381502852109918e+00 1.858756762705779053e+00 -3.565740059392045413e+00
2.117939568827398755e+00 1.856709649032737719e+00 -3.614808267941103104e+00
2.105394881798663853e+00 1.858250975178078690e+00 -3.663174304573602047e+00
2.089350244971345028e+00 1.863694623270360395e+00 -3.710188590556524169e+00
2.073703000824325571e+00 1.866780239230346972e+00 -3.757550433624313069e+00
2.062756298806579291e+00 1.864027539987325177e+00 -3.806237967581593828e+00
2.055389888768280660e+00 1.857062563770255137e+00 -3.855192214400313677e+00
2.305638138901145773e+00 1.763792208589022303e+00 -3.090336082148136931e+00
2.335189109332296287e+00 1.730317000405643624e+00 -3.068632620024415392e+00
2.364856615193039691e+00 1.696701829828344499e+00 -3.046878483301995288e+00
2.393420022441838046e+00 1.662297173269363659e+00 -3.024899444074345745e+00
2.420880944686139014e+00 1.627176077775122520e+00 -3.002725649590750834e+00
2.447531511302040830e+00 1.591602744718626949e+00 -2.980397583082609714e+00
2.474215982064360553e+00 1.555985540714620585e+00 -2.958035671816105605e+00
2.500965997515408379e+00 1.520396255534965713e+00 -2.935652642371537446e+00
2.527371157991574968e+00 1.480692249970555041e+00 -2.921573666971234662e+00
2.306825380811447168e+00 1.759047355070423313e+00 -3.104392665288069342e+00
2.336841747729649477e+00 1.719706521040259117e+00 -3.105787419740082544e+00
2.364262018047582181e+00 1.680062379621748203e+00 -3.115995574475157959e+00
2.387650579444819066e+00 1.640544294512518375e+00 -3.133947603220337275e+00
2.409904466747921692e+00 1.601742033418998679e+00 -3.156094216714312672e+00
2.429934764723226337e+00 1.564678246181467003e+00 -3.182931521025790023e+00
2.446976003461310167e+00 1.528201141760443971e+00 -3.212385134669696996e+00
2.468296473285212844e+00 1.469883954477206434e+00 -3.289870282888324837e+00
2.476479690395420263e+00 1.458949059071767973e+00 -3.282954975700585809e+00
2.586212522774455458e+00 1.464717262949369880e+00 -2.587972971773210951e+00
2.609956108803652253e+00 1.421009329434103963e+00 -2.591204469133006505e+00
2.633635634646002366e+00 1.377447061471741119e+00 -2.594310164682116504e+00
2.656320432798208842e+00 1.333486069004636398e+00 -2.597184167212041039e+00
2.677649869233275304e+00 1.288732355539720542e+00 -2.599771925862587540e+00
2.698350099240702349e+00 1.243635899421901003e+00 -2.602529667610859132e+00
2.719052781799558449e+00 1.198541052990053979e+00 -2.605263267602630606e+00
2.738027080845295558e+00 1.152678454033982280e+00 -2.607744538329607398e+00
2.756307199832279675e+00 1.106426154373845172e+00 -2.610131026421377953e+00
2.583235920874902725e+00 1.466682272782209306e+00 -2.602400427011573480e+00
2.608255176522130014e+00 1.414558038153940212e+00 -2.631415565447202454e+00
2.603707492113942035e+00 1.417512727027673947e+00 -2.653658351971227347e+00
2.598000985203227309e+00 1.421220338150996465e+00 -2.681568869032809665e+00
2.591310023024081310e+00 1.425567577874375935e+00 -2.714294305303560861e+00
2.583447141873298936e+00 1.430221655555429239e+00 -2.750776988303752280e+00
2.574347171757001007e+00 1.434926927590421952e+00 -2.790243002608678857e+00
2.566476331854768755e+00 1.438997893257208949e+00 -2.824374196423366623e+00
2.608038435758071483e+00 1.354558369688235953e+00 -2.852189292006453769e+00
2.512459082971889135e+00 1.677160524102241368e+00 -2.165133087128723766e+00
2.524092257111086646e+00 1.667102919280540885e+00 -2.117714218622758438e+00
2.534873944378085220e+00 1.656455332282014581e+00 -2.070182355446694267e+00
2.547146530491235961e+00 1.643458333935620574e+00 -2.023607033275462985e+00
2.564544374230606660e+00 1.623290431073606932e+00 -1.981338435355954219e+00
2.586279299807641152e+00 1.597136944077516496e+00 -1.944735101605381100e+00
2.609921642451196622e+00 1.566679572395084152e+00 -1.912922876998469413e+00
2.633767685192685448e+00 1.533122604909354703e+00 -1.884587462468910957e+00
2.656086099266835365e+00 1.497152031832920116e+00 -1.858619753557561927e+00
2.519549929254252252e+00 1.665834351932078405e+00 -2.171678388409276739e+00
2.541480968575591692e+00 1.638863391133797309e+00 -2.136062683744017754e+00
2.565039922736397582e+00 1.606069697454511447e+00 -2.107024748516372892e+00
2.590080177148326612e+00 1.569361074126091049e+00 -2.084586133147769527e+00
2.616060421117670565e+00 1.530058116140321944e+00 -2.067800173300560207e+00
2.640546018422423202e+00 1.487754969528467974e+00 -2.058000899550766594e+00
2.664252877531274599e+00 1.444369179408596215e+00 -2.055455579152976053e+00
2.725537832082919110e+00 1.321059897251704029e+00 -2.090043836792243592e+00
2.726497455776892398e+00 1.320032994166212559e+00 -2.085666309904887772e+00
2.412099557369698388e+00 1.882268582103445054e+00 -1.709842287958255769e+00
2.440381615816186844e+00 1.848681592143659014e+00 -1.685480192701383162e+00
2.468596598427653444e+00 1.815179308516231105e+00 -1.661141723904687950e+00
2.495620039723868810e+00 1.780653509526785250e+00 -1.637335422610458613e+00
2.407414916164918317e+00 1.890165323017209964e+00 -1.698093852358151912e+00
2.427318654933352526e+00 1.870094278930039211e+00 -1.656826720476973325e+00
2.442734275792897591e+00 1.856553463356465095e+00 -1.611306687226563117e+00
2.452553935395465956e+00 1.849175926448726859e+00 -1.563122877859373094e+00
2.458883777786811109e+00 1.845431248543622171e+00 -1.514033559003415741e+00
2.529487595031575609e+00 1.690483277432243803e+00 -1.911403484162406796e+00
1.887093355843112219e+00 2.007008032166782918e+00 -3.928756849595310907e+00
1.905614469535888089e+00 1.978718659177676420e+00 -3.965454577158024296e+00
1.924344254597117221e+00 1.950421021058423632e+00 -4.002205700942485400e+00
1.943044441477418172e+00 1.922155436379096027e+00 -4.038944201930749323e+00
1.960846954744960735e+00 1.893166959094526369e+00 -4.075424429394521653e+00
1.972476040537202380e+00 1.867390952658576353e+00 -4.116390350393503539e+00
1.979529741748448091e+00 1.845135980149614108e+00 -4.160265747867387454e+00
1.983562258547470369e+00 1.826249611779696025e+00 -4.206102253856826678e+00
1.978155599035095635e+00 1.786347019522520396e+00 -4.349551992806254930e+00
1.876952740297394895e+00 2.014510147094403347e+00 -3.936692038620453360e+00
1.879433930269798880e+00 1.998786048847013053e+00 -3.984024424671012810e+00
1.875476650169721093e+00 1.988998481405411578e+00 -4.032846173583924276e+00
1.864963254979605578e+00 1.984485422165105373e+00 -4.081469371610022989e+00
1.850645957489211790e+00 1.982842941437192863e+00 -4.129308772249687287e+00
1.832752747427468742e+00 1.985053554685143329e+00 -4.175917124525163615e+00
1.812303686728248264e+00 1.990612911078093683e+00 -4.221196751766663979e+00
1.788474694676866150e+00 1.999906990442650301e+00 -4.264153364530709922e+00
1.761535099244053493e+00 2.012846802480586117e+00 -4.304245522913864974e+00
1.990018833565571299e+00 1.988661954763489170e+00 -3.629873526238276416e+00
2.009902445525526549e+00 1.958646734688006319e+00 -3.663821505498020770e+00
1.993167614015979083e+00 1.989113240440386399e+00 -3.616593416049710186e+00
1.990756839379911991e+00 1.988767413940277562e+00 -3.626762076374674404e+00
2.021030395119080225e+00 1.953281233251371818e+00 -3.641839102148158869e+00
-7.372285796092784005e-02 2.778482437214118583e+00 -3.809179047629526860e+00
-1.073652621766172655e-01 2.783587339923809356e+00 -3.773358254483461849e+00
-1.411361421765948143e-01 2.788707512288589818e+00 -3.737424545554914879e+00
-6.157274439803657462e-02 2.780378979057194666e+00 -3.800978304650722173e+00
-7.487124750146526009e-02 2.788175143211540252e+00 -3.754163183360873735e+00
-7.906966010076024731e-02 2.796556743854145211e+00 -3.705925016080210188e+00
-7.478650047524787459e-02 2.805262648211923171e+00 -3.657611427718885366e+00
-6.546526101727492830e-02 2.814086680797922568e+00 -3.609756470347086132e+00
-5.316089055043667772e-02 2.823162744761205989e+00 -3.562452284705183825e+00
-4.396652758858913407e-02 2.832215113204241241e+00 -3.514654223481798123e+00
1.017684667326270720e-01 2.588748474677680989e+00 -4.647886640871987218e+00
1.184070258853991559e-01 2.587446476048743005e+00 -4.648168759079638335e+00
1.429700951601645398e-01 2.585524400950935053e+00 -4.648585116208605150e+00
1.740174447950977865e-01 2.583094917794716228e+00 -4.649111422369037960e+00
2.092748410293220340e-01 2.572030442423547392e+00 -4.683203700291147520e+00
2.470577116564118825e-01 2.561474068586142128e+00 -4.714492755221014519e+00
2.860239841018449858e-01 2.550594591323076088e+00 -4.743733067959709615e+00
3.235449082431730017e-01 2.537282400326585030e+00 -4.773828716888884216e+00
3.567484394323161556e-01 2.523157349197857613e+00 -4.808750337120487828e+00
1.120636642521013610e-01 2.587943405289851118e+00 -4.648058988083102250e+00
1.323193563484132418e-01 2.586358243341741137e+00 -4.648402904447690887e+00
1.513431068490976861e-01 2.584869446093112089e+00 -4.648726081824699818e+00
1.747724380767122776e-01 2.583035995161835796e+00 -4.649123590589150368e+00
1.976221532335241393e-01 2.570685107162197891e+00 -4.692108869354981060e+00
2.122947527575194393e-01 2.558145234297025006e+00 -4.738298121740598390e+00
2.183663640501523340e-01 2.545768191327111296e+00 -4.786399126420254113e+00
2.186734075144628475e-01 2.533443876576913389e+00 -4.834820906206820368e+00
2.138086488396704343e-01 2.520497571245815305e+00 -4.882857514397204390e+00
4.272875283236814425e-01 2.584023704213759043e+00 -4.534938882142697025e+00
4.268189814446962660e-01 2.587850608564779886e+00 -4.520687089724113150e+00
6.799354502056558225e-01 2.600071952519544372e+00 -4.243244574058446794e+00
7.033576704254707046e-01 2.583736317271159155e+00 -4.283750887214924141e+00
7.275291137540760289e-01 2.567163634212018319e+00 -4.324417976025066501e+00
7.515045293860094233e-01 2.550632020169535163e+00 -4.365126292642253603e+00
7.752990461659464705e-01 2.534307477150802956e+00 -4.405955552196195946e+00
7.913202282034225155e-01 2.519008420975640039e+00 -4.450386730205477370e+00
7.975977898522816911e-01 2.504661263395083104e+00 -4.497447235854163061e+00
8.578059428353466132e-01 2.475137691806018392e+00 -4.538059699997537777e+00
8.599038251098122254e-01 2.462512125451615574e+00 -4.584852446584707586e+00
6.912227861949735708e-01 2.599490206622857791e+00 -4.233782538197793599e+00
7.310128359971090894e-01 2.582945008654245367e+00 -4.258047409730056465e+00
7.743650514257012230e-01 2.566298466146191171e+00 -4.274424740730286665e+00
8.200287070354115304e-01 2.550196274443713662e+00 -4.282733149803121364e+00
8.666105495082525589e-01 2.534868103739734480e+00 -4.286246714713693784e+00
-1.440533774576923554e+00 2.259681077250792924e+00 -4.283866193011455437e+00
-1.439887181471812161e+00 2.259215258927531167e+00 -4.286914125755984628e+00
-1.439243202274042899e+00 2.258754251752860043e+00 -4.289939697157700849e+00
-1.438554769402976552e+00 2.258261287936871309e+00 -4.293174580401754703e+00
-1.437777736157726638e+00 2.257704740019220058e+00 -4.296826269887324301e+00
-1.436869172672391226e+00 2.257053850476199663e+00 -4.301096547011602489e+00
-1.435784450103431364e+00 2.256276642013289813e+00 -4.306195187449346484e+00
-1.434475104070469964e+00 2.255338386437557130e+00 -4.312350004794471836e+00
-1.432887492061858614e+00 2.254200642604394123e+00 -4.319813161572989557e+00
-1.437542165595749877e+00 2.257536727152628320e+00 -4.297930892483848631e+00
-1.433850170870453411e+00 2.254887407696571699e+00 -4.315298458164879669e+00
-1.429893331583190985e+00 2.252051364506667319e+00 -4.333900483029083261e+00
-1.483289603073624674e+00 2.186132709768386473e+00 -4.442281326722512524e+00
-1.498313365798343622e+00 2.178574263226310315e+00 -4.434025745548072273e+00
-1.512276484378847652e+00 2.171565285991754024e+00 -4.426295338686489167e+00
-1.526042265127179665e+00 2.164654695086338343e+00 -4.418676619817897944e+00
-1.540269868875332460e+00 2.157511413729435112e+00 -4.410805391888830584e+00
-1.555068319951534273e+00 2.149862435275233352e+00 -4.402303728533094151e+00
-1.110237495709266886e+00 2.366179945552601360e+00 -4.557061032444718052e+00
-1.095093228217846937e+00 2.359911041857559511e+00 -4.604204592905909443e+00
-1.080086733343531336e+00 2.353944121365115105e+00 -4.651423670732630633e+00
-1.065151498522250106e+00 2.348153586324804643e+00 -4.698664258080686551e+00
-1.049853096984744161e+00 2.341344790498001149e+00 -4.745699983255154741e+00
-1.034342489505393203e+00 2.333965371966924884e+00 -4.792570550336595403e+00
-1.018899520064777686e+00 2.326584402871457957e+00 -4.839483233209168844e+00
-1.003673571478401527e+00 2.319558710050180661e+00 -4.886502011672051893e+00
-9.882974491531679728e-01 2.312561314802963786e+00 -4.933646595964149562e+00
-1.123540445378393926e+00 2.359496766547265700e+00 -4.558081083936767364e+00
-1.129683677443642953e+00 2.343109649590610744e+00 -4.604851006506761379e+00
-1.143884911395380399e+00 2.324056909586990294e+00 -4.648805137294992562e+00
-1.164825924200824980e+00 2.302993990245807865e+00 -4.688978198084063465e+00
-1.189215015640811890e+00 2.280174255709278341e+00 -4.726066630235226995e+00
-1.216608363611412225e+00 2.254760856307095107e+00 -4.759060994461538741e+00
-1.248201156151852675e+00 2.228011081295312223e+00 -4.788933931780219311e+00
-1.281643901530491902e+00 2.201197547928222420e+00 -4.815846854427877410e+00
-1.316161414450752742e+00 2.174785668531710847e+00 -4.840548773918250447e+00
4.693565887343451037e-01 2.954981153018887419e+00 -2.411397842250430745e+00
4.352292858363851491e-01 2.965711373254149574e+00 -2.376388651449526268e+00
4.014011704008262904e-01 2.975547650343182138e+00 -2.341221111934550958e+00
3.672583115410908983e-01 2.982262095716253114e+00 -2.305626938104092361e+00
3.330433794082646171e-01 2.988984604597805461e+00 -2.270008008086459306e+00
3.067013423029316121e-01 2.995898318056225307e+00 -2.228254192838801551e+00
4.606878561682963835e-01 2.955633979396502298e+00 -2.423321319282269126e+00
4.146284340331266582e-01 2.965138490496732171e+00 -2.407775650029594150e+00
3.662381173717160765e-01 2.971918776793286199e+00 -2.400653058134255335e+00
3.169777979194161044e-01 2.975311516968743408e+00 -2.401384180587983863e+00
7.800853349928102420e-02 2.996993748248347966e+00 -2.352946405485279779e+00
3.366016021636462213e-02 3.002655319069586604e+00 -2.330629431420853326e+00
-1.062515857089027342e-02 3.005546404040817965e+00 -2.308007705099019535e+00
-5.463762051349394661e-02 3.005578685230452685e+00 -2.284957575836231936e+00
-9.825204682815798229e-02 3.005649043375460572e+00 -2.261799311632710197e+00
-1.414560511782788910e-01 3.005757766233052575e+00 -2.238536950104776935e+00
-1.839143421922546651e-01 3.006245088932633536e+00 -2.212536676551412285e+00
-2.232784648386322568e-01 3.007422421185831141e+00 -2.182444670515485186e+00
8.670426636640093943e-02 2.997698999122617725e+00 -2.340783653673645492e+00
5.749525357151431121e-02 3.004598192415145252e+00 -2.300809518504074891e+00
3.589897991966619489e-02 3.009647181209605282e+00 -2.256102757514292012e+00
2.177437746712622760e-02 3.013638969567476344e+00 -2.208418608620103640e+00
1.269233660751707855e-02 3.017702118169158343e+00 -2.159550033655901924e+00
7.349326847072759801e-03 3.021786775047014650e+00 -2.110185330259999770e+00
6.611800465715900015e-03 3.025859098374318101e+00 -2.060681941326212741e+00
-3.937493040070739504e-03 3.029916421196427123e+00 -2.011976244283814275e+00
-2.366676390669845281e-02 3.034423094799117759e+00 -1.965586402480443695e+00
-1.299827531258854474e-01 2.964160726355895115e+00 -2.624073378858951866e+00
-1.795825467060706004e-01 2.962672104961221464e+00 -2.624256283161497727e+00
-2.288191887653358569e-01 2.958523344984784753e+00 -2.623979023758106432e+00
-2.779486082367532696e-01 2.952067323154930811e+00 -2.623376463389086588e+00
-3.267093632424512006e-01 2.945185199979531987e+00 -2.626117916847486189e+00
-1.276941289200709262e-01 2.962134468336310889e+00 -2.638674327027355382e+00
-1.716168971653317665e-01 2.959011533122976267e+00 -2.661978354917751144e+00
-2.100684017558333561e-01 2.951935286540025682e+00 -2.692231443864183671e+00
-2.433010454904242781e-01 2.943563183545937267e+00 -2.727868978779124376e+00
-2.728820168591069018e-01 2.935317153473193663e+00 -2.766715644418505260e+00
-2.571492891445832818e+00 1.768135476584045351e+00 -5.590955129811510105e-01
-2.597461044869475710e+00 1.732419077694002052e+00 -5.357909373180235191e-01
-2.620932298245042258e+00 1.695342849167718047e+00 -5.123256699312968010e-01
-2.644438366414790131e+00 1.658209938400758254e+00 -4.888489938380913835e-01
-2.667967624856807163e+00 1.621039163329995203e+00 -4.653662165384103155e-01
-2.691149500157760333e+00 1.583651710347941277e+00 -4.418916047119343382e-01
-2.713355471660034102e+00 1.545695970485947646e+00 -4.183867320771844089e-01
-2.735575934791679931e+00 1.507715486187882314e+00 -3.948656218907459214e-01
-2.757804456862442244e+00 1.469721329277817290e+00 -3.713323815551381468e-01
-2.566287073185762768e+00 1.775278862676382907e+00 -5.470917210942608522e-01
-2.583763780230681650e+00 1.752086345106420140e+00 -5.064082437248697000e-01
-2.596783279428070745e+00 1.734953457466057003e+00 -4.612489141148670146e-01
-2.605092156434898332e+00 1.724207300731563919e+00 -4.131473646924568310e-01
-2.610636257620267298e+00 1.717203271792876240e+00 -3.639755191227392328e-01
-2.613662329967731068e+00 1.714874056984592832e+00 -3.140918506772852337e-01
-2.614171679391905201e+00 1.716327813996924911e+00 -2.641073892340822238e-01
-2.611156319201468179e+00 1.720363843608625931e+00 -2.144775307828285238e-01
-2.606745184522698988e+00 1.726625970194385795e+00 -1.652345282065798282e-01
-2.583590676873364966e+00 1.723181162305128966e+00 -9.770220231738675487e-01
-2.600843755569997473e+00 1.692933167444289122e+00 -1.012496858650881348e+00
-2.618550864778191212e+00 1.662555374330962232e+00 -1.048134988715985205e+00
-2.636224825025187624e+00 1.632229078504701114e+00 -1.083780368908682457e+00
-2.653860839706774666e+00 1.601962489673368850e+00 -1.119423609789341967e+00
-2.669943671824528852e+00 1.570924813402254427e+00 -1.154920574206536710e+00
-2.685335196560412641e+00 1.539431145401231049e+00 -1.190393151625711354e+00
-2.700727582198004573e+00 1.507924633704978534e+00 -1.225948448726634776e+00
-2.716134575567310083e+00 1.476392994984738749e+00 -1.261502713572234091e+00
-2.588955696465702783e+00 1.716033572425291975e+00 -9.651479620656475689e-01
-2.613669835729621305e+00 1.676019831719219422e+00 -9.808951108344348135e-01
-2.640024402538100112e+00 1.634332385707430335e+00 -9.879254054363633131e-01
-2.666966133415349383e+00 1.592574907820171415e+00 -9.865777477836743525e-01
-2.692744848455672191e+00 1.550659187935973016e+00 -9.803918383285178395e-01
-2.716626485809417790e+00 1.508663480346079222e+00 -9.687657928951253217e-01
-2.776033530732266552e+00 1.403915769886100451e+00 -9.027021045443102132e-01
-2.778255359398106084e+00 1.398397783730819910e+00 -9.113715090316127920e-01
-2.779936361979205461e+00 1.394236461113155245e+00 -9.177697229205210583e-01
-2.084270612372706832e+00 2.325235705034764955e+00 -1.503763987409166836e-01
-2.087506163380770552e+00 2.321466392912215682e+00 -9.972452713779034195e-02
-2.090767058025751357e+00 2.317677181543434717e+00 -4.918479744000685272e-02
-2.071850364842088954e+00 2.336073266204760301e+00 -1.528075494070729734e-01
-2.057615267919699065e+00 2.347557690893701920e+00 -1.060690636314887414e-01
-2.035293495956469023e+00 2.366172234283337339e+00 -6.482121640930661732e-02
-2.008948475691942903e+00 2.388363109559502817e+00 -2.783751839654674543e-02
-1.797003815280393324e+00 2.548620012431851212e+00 -3.789263019532227994e-01
-1.757452225089112252e+00 2.578806913674021484e+00 -3.625959352509673939e-01
-1.718704079457366474e+00 2.608389228943274851e+00 -3.463901000141157982e-01
-1.679525210015042624e+00 2.634790524093289843e+00 -3.304785727445047061e-01
-1.639405623038654447e+00 2.659498059828321548e+00 -3.144742260617602869e-01
-1.599299557638037994e+00 2.684196488283602022e+00 -2.984238333580849223e-01
-1.558302888377069317e+00 2.707129839036537255e+00 -2.822598960894131537e-01
-1.517995229448221961e+00 2.728945806112050843e+00 -2.635713562201340565e-01
-1.479356222086874562e+00 2.750037350727431384e+00 -2.405079797618576709e-01
-1.794524951512717736e+00 2.549858894443536972e+00 -3.935899108104113919e-01
-1.752860722717159536e+00 2.580629014231284657e+00 -4.011098657892402941e-01
-1.713616430548210445e+00 2.609229713478768975e+00 -4.173747001216365216e-01
-1.677906155059708082e+00 2.635184515512398296e+00 -4.414703980065895483e-01
-1.643138091111990384e+00 2.656757142843209962e+00 -4.694431114863142906e-01
-1.609534984381954414e+00 2.673791915310393286e+00 -5.016370252475438329e-01
-1.578119872054255080e+00 2.689653450372937904e+00 -5.366707949776257092e-01
-1.549229831077421737e+00 2.704167848884102110e+00 -5.744542969698378521e-01
-1.522211039244374176e+00 2.717687241234874929e+00 -6.140202043218638828e-01
-1.643716096550296990e-01 3.116268296096217583e+00 -4.190341140963636524e-01
-1.228598748732780549e-01 3.116436098172896685e+00 -4.135418323581359079e-01
-1.570888176019115678e-01 3.116297649952390447e+00 -4.180731430299202689e-01
-1.105474890588738351e-01 3.116486087052379172e+00 -4.119061698853014875e-01
-2.142927728581796920e+00 1.851819258043869709e+00 -3.529438457944792162e+00
-2.159200077542854590e+00 1.822336482207867814e+00 -3.566199043568059057e+00
-2.174546832413584152e+00 1.792231127161265869e+00 -3.602892239990784784e+00
-2.189968269551751501e+00 1.762411765682726728e+00 -3.639720922087378518e+00
-2.205594500300338545e+00 1.732358685626175232e+00 -3.676455817022183936e+00
-2.221217351455480049e+00 1.702309916761595598e+00 -3.713190628041665331e+00
-2.235000247956563602e+00 1.670968164128737499e+00 -3.749467419158437842e+00
-2.248738776444496601e+00 1.639651379401154241e+00 -3.785823913136751262e+00
-2.262610396835474269e+00 1.608500159201434743e+00 -3.822252043135092148e+00
-2.133810983724523602e+00 1.860416729297680982e+00 -3.537429033646192877e+00
-2.136077688798346141e+00 1.845409219203853590e+00 -3.585020620656862445e+00
-2.131462574852179159e+00 1.835893006702211894e+00 -3.633833110970952518e+00
-2.121328407523368043e+00 1.832761290013775302e+00 -3.682623227647635833e+00
-2.108076803877399819e+00 1.833486667746361709e+00 -3.730782942358104926e+00
-2.091728608681213242e+00 1.838476920519350077e+00 -3.777793086913336484e+00
-2.073222333991791455e+00 1.847200409364057494e+00 -3.823445365747769831e+00
-2.051600786846718538e+00 1.857753565909847193e+00 -3.867175631509197853e+00
-1.939182805849117619e+00 1.957980998710191933e+00 -3.930681592256816348e+00
-2.250994102341000502e+00 1.820511470930405329e+00 -3.145179873976961638e+00
-2.280155130889502502e+00 1.789158490976483940e+00 -3.119845921316669823e+00
-2.373240840744805347e+00 1.676212142423922469e+00 -3.079206340881624371e+00
-2.373882993694301557e+00 1.679386252042460725e+00 -3.064892840046829381e+00
-2.374101128836182184e+00 1.680449125215344175e+00 -3.060084330597747648e+00
-2.373904801583032409e+00 1.679462387656738276e+00 -3.064517477932721778e+00
-2.373330478592292625e+00 1.676609758535235528e+00 -3.077367317258228763e+00
-2.372691670324172719e+00 1.673419834957660335e+00 -3.091719402788891902e+00
-2.372220810966684468e+00 1.671046903687035901e+00 -3.102373978621951522e+00
-2.252837815744410666e+00 1.814758572490344335e+00 -3.158809595869179976e+00
-2.283971584005438427e+00 1.776104213531926934e+00 -3.155947320497572761e+00
-2.313792377207740003e+00 1.736766973071595777e+00 -3.161936876524652273e+00
-2.340869851206578200e+00 1.696158744600327006e+00 -3.171332428610785570e+00
-2.364632159787904975e+00 1.656832985195080710e+00 -3.190041679281989673e+00
-2.385355500306594490e+00 1.619846825106095345e+00 -3.215766170100912813e+00
-2.404181511330378829e+00 1.584828901663946743e+00 -3.245563316908474771e+00
-2.421054333933411851e+00 1.550683785852175811e+00 -3.277616292989063762e+00
-2.435837621802339203e+00 1.516743148025773369e+00 -3.310957485845700710e+00
-1.713045170908112258e+00 2.221755750438008103e+00 -3.672981788751817245e+00
-1.715664879138178556e+00 2.207957468090530284e+00 -3.720853319442823270e+00
-1.717929039020276605e+00 2.193834804981452891e+00 -3.768668744379019220e+00
-1.720323280549508338e+00 2.180032076514012651e+00 -3.816661118614903980e+00
-1.723096566057952916e+00 2.166210386319729508e+00 -3.864630336213210171e+00
-1.733876184646453655e+00 2.146625008881286156e+00 -3.909360467059495470e+00
-1.750916188423911057e+00 2.122922929775048040e+00 -3.949938429681433938e+00
-1.769752878536787533e+00 2.097099643689677162e+00 -3.988293146572578163e+00
-1.780944132274357328e+00 2.075028527465726302e+00 -4.031640058920178404e+00
-1.700950177233042426e+00 2.230434587466674667e+00 -3.673950503969348080e+00
-1.685917799166660958e+00 2.231289603605894900e+00 -3.721708613516988784e+00
-1.664509834014153755e+00 2.237473328299467212e+00 -3.766443611071953690e+00
-1.637057468468606558e+00 2.247324436180124785e+00 -3.806918087837768638e+00
-1.543501911253386760e+00 2.262918018527382724e+00 -4.015796517630290552e+00
-1.533407945327799338e+00 2.256735851959399852e+00 -4.064171786089345595e+00
-1.523307445489973100e+00 2.250417315820507191e+00 -4.112590509052970411e+00
-1.466279063611514388e+00 2.277023081652062686e+00 -4.156120025794438178e+00
-1.543665322354464076e+00 2.263005711132037412e+00 -4.014923438282688828e+00
-1.533787772685194284e+00 2.256978920082522766e+00 -4.062331322149198343e+00
-1.523909208444510055e+00 2.250817074647530447e+00 -4.109621782063404005e+00
-1.467158486419987806e+00 2.277537695372101378e+00 -4.151691540385932022e+00
-1.388004527631311547e+00 2.368882374167286198e+00 -3.976881598470714430e+00
-1.351844705445085282e+00 2.383269342847476935e+00 -4.008443674433452841e+00
-1.315518686747581212e+00 2.396295440295947543e+00 -4.039697784243649004e+00
-1.278343336680767495e+00 2.407467674617949971e+00 -4.070544308417799684e+00
-1.238092110017717129e+00 2.421259670192795532e+00 -4.095595456682661784e+00
-1.396332539911923076e+00 2.361322331494516202e+00 -3.986469793226366409e+00
-1.374065264109690876e+00 2.363755745018872201e+00 -4.031415045990807577e+00
-1.358920118943830024e+00 2.361377219908010527e+00 -4.079134333332672391e+00
-1.350714318844088657e+00 2.354050151489329945e+00 -4.127816960222468801e+00
-2.539742512749146641e+00 1.649432519025586519e+00 -2.074740489538681842e+00
-2.566482385393902721e+00 1.607385885738761067e+00 -2.072240094845395397e+00
-2.593214781412533032e+00 1.565358650702643795e+00 -2.069693091736036994e+00
-2.620109623685175304e+00 1.523479016472343073e+00 -2.067098648419263718e+00
-2.644759090535874435e+00 1.480376005810821960e+00 -2.064212110470556638e+00
-2.668474402397202905e+00 1.436675268530078986e+00 -2.061224414808983330e+00
-2.692154146450360219e+00 1.393028051656154398e+00 -2.058296274731260311e+00
-2.715131696258607175e+00 1.349007312700378991e+00 -2.055298205955506052e+00
-2.736269776167785217e+00 1.304015506286228643e+00 -2.052104829964697785e+00
-2.539210736074450026e+00 1.652620326680608542e+00 -2.060232111061637728e+00
-2.564053104830938512e+00 1.617513765804255765e+00 -2.034920072227669685e+00
-2.586983797380096650e+00 1.587413917365579241e+00 -2.002411576991621978e+00
-2.607145753124947785e+00 1.562706232105653070e+00 -1.964232552297138223e+00
-2.625413738603445069e+00 1.541518447318656282e+00 -1.923095165289784525e+00
-2.640054631958314246e+00 1.523596627268684500e+00 -1.878968491233565130e+00
-2.652779897416431609e+00 1.508633452484831494e+00 -1.833111480941638005e+00
-2.663431827188380563e+00 1.496454043494912511e+00 -1.785791748961809144e+00
-2.672771805864382788e+00 1.486607034102047864e+00 -1.737667144167303057e+00
-2.425391075791174078e+00 1.741850321978250404e+00 -2.478215209331882551e+00
-2.430052173438190799e+00 1.726574757317795195e+00 -2.525467170117257076e+00
-2.433280908996541481e+00 1.710310514954771710e+00 -2.572569577577479727e+00
-2.437174912096295998e+00 1.694527715891699149e+00 -2.619801082605081266e+00
-2.441066091938187910e+00 1.678745694911813580e+00 -2.667049031971826079e+00
-2.449975341198451950e+00 1.656157387852513985e+00 -2.710844922803440138e+00
-2.463859529641949209e+00 1.627282126306301979e+00 -2.749028165453002437e+00
-2.480488103616987239e+00 1.592661620837572345e+00 -2.780442772793517481e+00
-2.499656951666884286e+00 1.554640083513507687e+00 -2.805771755571877080e+00
-2.433778910170225629e+00 1.731454110536048585e+00 -2.471639696151967325e+00
-2.450386942475987428e+00 1.700469804085499081e+00 -2.506928124220775711e+00
-2.469745426768512608e+00 1.664429391737832775e+00 -2.535335944046586132e+00
-2.492055470282683149e+00 1.625566921078450688e+00 -2.557072210837387782e+00
-2.516187380522214578e+00 1.585502015433382539e+00 -2.574271001389578650e+00
-2.541258781927045352e+00 1.544209623753448390e+00 -2.586246221094454345e+00
-2.565187555114088802e+00 1.501192843413803768e+00 -2.593646840813029097e+00
-2.589432382943309907e+00 1.457709586407591740e+00 -2.593478749941601436e+00
-2.609697105801714656e+00 1.429849707128486358e+00 -2.557336533497244879e+00
-2.204032420986101304e+00 1.904642137247522626e+00 -3.035531490868126792e+00
-2.196176800039604693e+00 1.910514068097368900e+00 -3.046703865527215616e+00
-2.373004669138058187e+00 1.730048962973674609e+00 -2.855511886025563495e+00
-2.401446308972978727e+00 1.688990217835028895e+00 -2.863822760084165253e+00
-2.429245005053423334e+00 1.648615754524183741e+00 -2.871979823642140772e+00
-2.452112987751017048e+00 1.608603415329186159e+00 -2.888918485501111633e+00
-2.471821196949542276e+00 1.571073485499349331e+00 -2.914400212145319635e+00
-2.487740898120173405e+00 1.537392994930864454e+00 -2.947005630642871132e+00
-2.500842598061529198e+00 1.507018149721771394e+00 -2.983968285475214532e+00
-2.511455230935512262e+00 1.478684780121621412e+00 -3.023405880155368930e+00
-2.520149412901022234e+00 1.451671665689086899e+00 -3.064367640887461164e+00
-2.374700818256011647e+00 1.730935373244582687e+00 -2.840779856139696413e+00
-2.404493143010955958e+00 1.693231352794646316e+00 -2.825264527702931350e+00
2.519455487599823407e+00 1.827094724743965948e+00 -8.115444837396521560e-01
2.543367581106004138e+00 1.797877807633486258e+00 -7.787866631437451170e-01
2.566216967050665598e+00 1.768042910326828698e+00 -7.459678463786931779e-01
2.587719625064258899e+00 1.737337549034051243e+00 -7.130384096098827396e-01
2.607619590225670692e+00 1.705910201556829486e+00 -6.801356228219014310e-01
2.627389262171828666e+00 1.674792082388895542e+00 -6.470467406468071170e-01
2.647303723479280002e+00 1.644129727556544296e+00 -6.138965071277491248e-01
2.668055076533055292e+00 1.612067100563846278e+00 -5.808929657845138816e-01
2.688736158630372408e+00 1.580123046068113490e+00 -5.478633725117428854e-01
2.512723647812173944e+00 1.836248448875608563e+00 -8.018591906223470067e-01
2.525488973440072726e+00 1.822061024624695991e+00 -7.556606466112877341e-01
2.533120718152759743e+00 1.814620643623994667e+00 -7.068298405666902928e-01
2.535717876867675802e+00 1.813895776184316411e+00 -6.569163521146685891e-01
2.535286512643347479e+00 1.816914808459945130e+00 -6.070481383225516669e-01
2.530858981861629164e+00 1.823651564951791260e+00 -5.577412630889362344e-01
2.523763739863007505e+00 1.834022649471000355e+00 -5.093944363631794925e-01
2.514274329425634225e+00 1.847652255069674121e+00 -4.621365738584858329e-01
2.503251744554937375e+00 1.863364657409306790e+00 -4.158569822340392186e-01
2.356058028289700346e+00 2.041153140482551809e+00 -7.397001485681836686e-01
2.359458399394464667e+00 2.038426977760745995e+00 -7.020744006299717288e-01
2.363154007191617723e+00 2.035467127623509231e+00 -6.610367417722264882e-01
2.367075006628229339e+00 2.032326741954229909e+00 -6.174970565527423405e-01
2.371158721880998410e+00 2.029056011827615968e+00 -5.721516445433458831e-01
2.363838188103577487e+00 2.037615901671177454e+00 -5.235284554223339493e-01
2.353488116227761218e+00 2.049273855951057932e+00 -4.761897523574915581e-01
2.337126006493725594e+00 2.067050501260271123e+00 -4.328132657340372780e-01
2.316218099006214004e+00 2.089440271241756797e+00 -3.938323513680205834e-01
2.356937992224633405e+00 2.040441519458412234e+00 -7.302585745903337200e-01
2.360939553774854538e+00 2.037234777342263659e+00 -6.859126141915851127e-01
2.365019692732149625e+00 2.033967056378788385e+00 -6.405999360133149967e-01
2.369150647958772726e+00 2.030658079231596247e+00 -5.947497998912162354e-01
2.360322484764250106e+00 2.040760680876895883e+00 -5.467185826891913791e-01
2.349496764339618515e+00 2.052903835740943705e+00 -4.996396865319279179e-01
2.336108812668184154e+00 2.067657968801534185e+00 -4.540907807889227876e-01
2.319982907295627506e+00 2.085193132673569760e+00 -4.106109802729929203e-01
2.302711719102789711e+00 2.104593843937750730e+00 -3.683004644912724057e-01
2.651089411418741104e+00 1.595088337495878861e+00 -1.194835747525270442e+00
2.678044854377934492e+00 1.553291578399294659e+00 -1.191713442041127280e+00
2.703283676458034357e+00 1.510600972128415043e+00 -1.188523708384787492e+00
2.726317796984143893e+00 1.466597657234352425e+00 -1.185205814802844371e+00
2.749370618977593939e+00 1.422563797488707760e+00 -1.181836030374948443e+00
2.772347416631756989e+00 1.378509595296613766e+00 -1.178406208515096587e+00
2.795141523772981085e+00 1.334356769417061273e+00 -1.175005041371429693e+00
2.816565996156549012e+00 1.289629400076719445e+00 -1.171566076902936349e+00
2.835939350760106503e+00 1.243914757752279776e+00 -1.167979006269149078e+00
2.649737362892644832e+00 1.595735125506614560e+00 -1.209666774772735653e+00
2.673347087101669572e+00 1.556930028644777142e+00 -1.230223071582431160e+00
2.693589855499175734e+00 1.521402462040907899e+00 -1.258559680580071172e+00
2.708159905224420960e+00 1.488553218386482691e+00 -1.292959823799132879e+00
2.720918528807041437e+00 1.458746060345461837e+00 -1.330707917272872853e+00
2.701647655696139516e+00 1.472952618887481302e+00 -1.499638876590669190e+00
2.721681181904260338e+00 1.435968185692694687e+00 -1.516078440816312156e+00
2.739924283696337781e+00 1.395848861815916830e+00 -1.533184420723515240e+00
2.758309895410010260e+00 1.355074253744455337e+00 -1.550396094633387900e+00
2.561234856722621522e+00 1.700329191980104016e+00 -1.522095416341280316e+00
2.568134168832140851e+00 1.691095219340840838e+00 -1.517450544713344174e+00
2.579448643604472569e+00 1.675952173997878658e+00 -1.509831910800487842e+00
2.594753598188255239e+00 1.655468373496860046e+00 -1.499526127367506900e+00
2.611808008348759813e+00 1.630077304785613190e+00 -1.486887683151865591e+00
2.630160646646658940e+00 1.600398713721725263e+00 -1.472598024493206204e+00
2.650106234304128172e+00 1.568140279257645764e+00 -1.457094873853771677e+00
2.568499436662374347e+00 1.690605544228676482e+00 -1.517212259043963840e+00
2.579941330323806792e+00 1.675291607049858689e+00 -1.509511214475460328e+00
2.591783088600083662e+00 1.659442468364996870e+00 -1.501541218257569144e+00
2.601259285489850193e+00 1.646759056392373299e+00 -1.495166818863721270e+00
2.612047390658226664e+00 1.629695426294118787e+00 -1.486664746515069302e+00
2.622910928856126311e+00 1.612127293402220163e+00 -1.478208915773613796e+00
2.631260597397378387e+00 1.598624358673295776e+00 -1.471710804055940347e+00
2.640552746124843697e+00 1.583596464124808367e+00 -1.464484779985787632e+00
2.649257727358631964e+00 1.569518592383236877e+00 -1.457712463209617448e+00
2.299903921628029035e+00 1.553211758780031371e+00 -3.837081125347127752e+00
2.290816225790313965e+00 1.557873281452060166e+00 -3.860141315043923882e+00
2.282122813200416989e+00 1.562447439680103134e+00 -3.881859450979232129e+00
2.294074738753383524e+00 1.531467503364732252e+00 -3.919122059685187232e+00
2.305143655335808450e+00 1.499805253524013393e+00 -3.956085218427002559e+00
2.316224974591938324e+00 1.468139571103538543e+00 -3.993006078186382979e+00
2.366323086327379865e+00 1.377188186079528531e+00 -4.020034364166976459e+00
2.361676927884803323e+00 1.367563231376643929e+00 -4.059713763518585594e+00
2.417061325644741743e+00 1.332615513162223042e+00 -4.110620335174776763e+00
2.304852430177665390e+00 1.550487588067898770e+00 -3.824806559332960987e+00
2.302837740505919051e+00 1.551546546603451038e+00 -3.830113128776854836e+00
2.303264904331662422e+00 1.551320236627466542e+00 -3.829050589503835145e+00
2.306139060095577342e+00 1.549811786373589850e+00 -3.821091587151459468e+00
2.312074523386163261e+00 1.546226987832216571e+00 -3.805192716594860691e+00
2.320682555195054064e+00 1.541025030032596499e+00 -3.782143070399540452e+00
2.331480100190515437e+00 1.534500002648970352e+00 -3.753230360302315827e+00
2.347688549945166514e+00 1.517333813541917653e+00 -3.729377135765411744e+00
2.354427879659293232e+00 1.517785892561457128e+00 -3.699331898128719320e+00
2.049703997414820567e+00 1.848188475254157304e+00 -3.904056154967685988e+00
2.044804298382916219e+00 1.840009332979628320e+00 -3.953179407160812620e+00
2.039526011751985557e+00 1.831404095969147550e+00 -4.002125608275947322e+00
2.039998571762552171e+00 1.815753870845870255e+00 -4.049579398027137955e+00
2.046897713145572339e+00 1.793576981377815294e+00 -4.093795974848105423e+00
2.071621456271817152e+00 1.754559693892164374e+00 -4.129640022163544977e+00
2.071249158264672818e+00 1.741856987560467696e+00 -4.169441574518176097e+00
2.070567950841908367e+00 1.730284750676841066e+00 -4.204454046101958831e+00
2.069674780254096014e+00 1.719666906501798209e+00 -4.236052655246784759e+00
2.059736049356956755e+00 1.837586741668508106e+00 -3.900999633295474833e+00
2.070393159638445280e+00 1.813462803288309111e+00 -3.943481526078766564e+00
2.086528077021898575e+00 1.784507230122517996e+00 -3.980912769875686763e+00
2.106084383739417643e+00 1.751191478925325118e+00 -4.012602848829141422e+00
2.129187297992247263e+00 1.714760911936033416e+00 -4.037759396493100894e+00
2.156129988439920098e+00 1.676157528291059684e+00 -4.054327232261086600e+00
2.183597012508543322e+00 1.635569515864544465e+00 -4.063682354729482249e+00
2.212034821425195474e+00 1.594940826771015674e+00 -4.068411791150110091e+00
2.238008391694840782e+00 1.554468290556286991e+00 -4.081067808990266776e+00
2.551080191352164572e+00 1.437118203996528454e+00 -2.924321755813178658e+00
2.486878271549107122e+00 1.444900955581023494e+00 -3.273879656267387972e+00
2.499803977976273295e+00 1.425160663310060860e+00 -3.261590977343399977e+00
2.515662460676956425e+00 1.400934657427553631e+00 -3.246533383561161390e+00
2.579931171035526827e+00 1.283271727420224328e+00 -3.240181448730497848e+00
2.578870455174781640e+00 1.278531315476337138e+00 -3.257465926047233395e+00
2.577945960508853940e+00 1.274358905133203601e+00 -3.272631735520107554e+00
2.577096687479758508e+00 1.270526429719755157e+00 -3.286562470967593796e+00
2.576279442935394570e+00 1.266839220774872654e+00 -3.299966022356091599e+00
2.655096805558600614e+00 1.217000559056681253e+00 -3.318221434538539683e+00
2.479428248279552882e+00 1.455013785803099591e+00 -3.280447293323696556e+00
2.483988083499479416e+00 1.448922452474261435e+00 -3.276587968887314961e+00
2.486746173851147379e+00 1.445103037050486705e+00 -3.274004268498815318e+00
2.489223356364236306e+00 1.441320319280493978e+00 -3.271647838986155854e+00
2.493824095641393068e+00 1.434292518575201569e+00 -3.267278131658829743e+00
2.497869358999931233e+00 1.428113500902508548e+00 -3.263435224368945953e+00
2.500091781152913750e+00 1.424719089964743279e+00 -3.261323195414258969e+00
2.502598058384537527e+00 1.420890814835279681e+00 -3.258942324881101804e+00
2.507548936673376527e+00 1.413328104137079322e+00 -3.254240232023004609e+00
2.783624699382916123e+00 1.060792654980585503e+00 -2.621729208071818196e+00
2.786769121899305368e+00 1.060611312711678966e+00 -2.607199167262284512e+00
2.606007625138595074e+00 1.347624730105200008e+00 -2.890805835818578196e+00
2.603286597390479518e+00 1.339913595749321784e+00 -2.932262218361092465e+00
2.600042993932489832e+00 1.331605722204587394e+00 -2.975873061534323849e+00
2.632587669424011345e+00 1.253695009431010643e+00 -3.014924282029575409e+00
2.627942592828025337e+00 1.249685656472645956e+00 -3.057101940754795244e+00
2.623107244451433839e+00 1.245903496160353674e+00 -3.094039553671833698e+00
2.619202949797017510e+00 1.242762837678352827e+00 -3.124012463522064298e+00
2.694012734715494517e+00 1.195812843312085816e+00 -3.158122332746264860e+00
2.678094105220272247e+00 1.146365091338266362e+00 -3.162715265986174806e+00
2.606568248710203761e+00 1.349526803037306433e+00 -2.880188050783153653e+00
2.605435693791904761e+00 1.345673913377294806e+00 -2.901674615029412152e+00
2.603479982035932672e+00 1.340398734086287735e+00 -2.929692416830593782e+00
2.601534154676381938e+00 1.335406854301367963e+00 -2.955878265714692255e+00
2.599674197361495409e+00 1.330636495294565069e+00 -2.980904871744265883e+00
2.633934630249164410e+00 1.254859938710297662e+00 -3.002686573882833887e+00
2.632136862960671397e+00 1.253309423945088152e+00 -3.019006673634824001e+00
2.629956586981145428e+00 1.251427347366052656e+00 -3.038804348931554600e+00
2.628047808932092000e+00 1.249779976674270099e+00 -3.056135665638883836e+00
2.676554099152286703e+00 1.463559564463920992e+00 -1.828137070010805720e+00
2.697015863490759724e+00 1.429995438092435789e+00 -1.797567753573413807e+00
2.717968166536240737e+00 1.395520005814751219e+00 -1.766830592282801815e+00
2.738742740567102540e+00 1.361370836860951616e+00 -1.736174985322638031e+00
2.760692845184217425e+00 1.323813611039804883e+00 -1.711771108044699119e+00
2.782397607751653457e+00 1.282121387693562875e+00 -1.696449561910879922e+00
2.802108374882610775e+00 1.237305418706764693e+00 -1.690141089256725682e+00
2.852026910980958618e+00 1.119098802800613912e+00 -1.697144793886466330e+00
2.851893333717891998e+00 1.119200371556533957e+00 -1.698208782054857036e+00
2.678902781194933524e+00 1.456606966728452468e+00 -1.841049812286610798e+00
2.702129458670932127e+00 1.413696258133777528e+00 -1.831836342251361938e+00
2.725537516021184548e+00 1.368923717295175368e+00 -1.831505335230864340e+00
2.747846288940052339e+00 1.324837083411434024e+00 -1.839696779299296869e+00
2.768064275100081240e+00 1.281446547804701019e+00 -1.852577546200032677e+00
2.785262049391994399e+00 1.238173580716670941e+00 -1.870419610842428249e+00
2.800636089949165353e+00 1.197600582823394211e+00 -1.895040973291932440e+00
2.814010525097296433e+00 1.160244828927085914e+00 -1.925306040230874816e+00
2.824542827345688067e+00 1.126016635285330247e+00 -1.959932021743384434e+00
2.725184692688993326e+00 1.321488418511145735e+00 -2.091455205999231293e+00
2.723167867038525092e+00 1.323750733677891089e+00 -2.100245074509377474e+00
2.719446806987988019e+00 1.327924188949657580e+00 -2.116464563604863791e+00
2.714147911706185301e+00 1.333769578433053216e+00 -2.140063514070911665e+00
2.706676377667170730e+00 1.341008670956958193e+00 -2.169464532292800119e+00
2.697936244185443755e+00 1.349426077829959381e+00 -2.203615760912696064e+00
2.701311674189399881e+00 1.332233202930614313e+00 -2.250387044992951502e+00
2.704338178199826359e+00 1.315676329002997580e+00 -2.297231695819641928e+00
2.706706907012736973e+00 1.298986240247955726e+00 -2.343765196638225135e+00
2.728564862056501727e+00 1.317692297803699786e+00 -2.076741315069300153e+00
2.732275035356305448e+00 1.313525144023366176e+00 -2.060592571507945170e+00
2.753125778206600316e+00 1.269657716708397999e+00 -2.050444239835290894e+00
2.774014760117651246e+00 1.226432312648652267e+00 -2.037429386546819376e+00
1.986766114922389193e+00 1.776736646459666780e+00 -4.347902367654017830e+00
2.000221238727524220e+00 1.761706718950700523e+00 -4.345358120669235547e+00
2.018421623092589545e+00 1.741376073105227240e+00 -4.341916766988413556e+00
2.088510612440006575e+00 1.639249778938117963e+00 -4.392918734432618599e+00
2.080179860063932296e+00 1.639906985002889783e+00 -4.417754975367216730e+00
2.072720227602958598e+00 1.640552127186282183e+00 -4.439853340739369436e+00
2.090967292366445296e+00 1.605117282909988674e+00 -4.469953136656179993e+00
2.109830617921194751e+00 1.569264275720230639e+00 -4.499134241066569118e+00
2.128478859083681396e+00 1.532669142607625323e+00 -4.527479977263796584e+00
1.976623559832686006e+00 1.788067198203470154e+00 -4.349817801609110468e+00
1.973583636278645859e+00 1.791462760732830395e+00 -4.350393050350633395e+00
1.966504237993481397e+00 1.798774840840828171e+00 -4.351613902870719031e+00
1.953270232491561620e+00 1.811413221919507377e+00 -4.353588111641697012e+00
1.934620127750696916e+00 1.829223572318858348e+00 -4.356371367458695687e+00
1.911508802397557716e+00 1.851294276418168794e+00 -4.359820372948629341e+00
1.882075164420272451e+00 1.868813726672386544e+00 -4.396292091857906037e+00
1.851122282732352131e+00 1.888789725086005067e+00 -4.430115923324756011e+00
1.819344054724777893e+00 1.910138748923924545e+00 -4.462125209967372719e+00
1.734680716876207951e+00 2.022667014546290165e+00 -4.345113970830989381e+00
1.707836553265434931e+00 2.032351697507481791e+00 -4.385999471437649788e+00
1.680945063715326038e+00 2.042329793259261006e+00 -4.426995850258851561e+00
1.654171700302514703e+00 2.052386411755847462e+00 -4.468028663584479254e+00
1.626948311358802801e+00 2.061688843819248440e+00 -4.508801278214654928e+00
1.683007340405285657e+00 2.009416538589301027e+00 -4.530475846064686785e+00
1.682598840701427401e+00 2.000693249591603440e+00 -4.560556197072441087e+00
1.682213664142457432e+00 1.992512258430386707e+00 -4.588772310588333347e+00
1.681705191638922292e+00 1.984407784220801441e+00 -4.616159401401909612e+00
1.727569636096037531e+00 2.031631525019352846e+00 -4.335523432437279112e+00
1.690801227759083369e+00 2.054711463433260832e+00 -4.360202092313962829e+00
1.652364598648469407e+00 2.081626629302502085e+00 -4.377102881114371513e+00
1.613233517968567954e+00 2.111016454870618730e+00 -4.386227314313091874e+00
1.572279142008344177e+00 2.139056377119537000e+00 -4.389919545518269572e+00
1.531664224883785952e+00 2.167765649738827793e+00 -4.388185733631975616e+00
1.491723821799177951e+00 2.197131856396842053e+00 -4.382641496759081434e+00
1.450553958925808962e+00 2.224569531649015275e+00 -4.386518484070759172e+00
1.409214854477524703e+00 2.248342195195100590e+00 -4.399572956943252677e+00
3.785547458299358681e-01 2.508323113473474475e+00 -4.851332843142763807e+00
4.002946880147685293e-01 2.493653576583593434e+00 -4.894027864196260680e+00
4.219791975376210869e-01 2.479373147514632780e+00 -4.936796522747251004e+00
4.430865915311674175e-01 2.462724416670321048e+00 -4.978813425560970174e+00
5.746000646481728147e-01 2.426734306704242616e+00 -5.009218825341328341e+00
5.770974166607802935e-01 2.414255852652850809e+00 -5.052367687631665660e+00
5.794407183384261417e-01 2.402003066913613871e+00 -5.094830393478910757e+00
5.813004558003468381e-01 2.387996617565299129e+00 -5.136223878956149846e+00
5.831012039693878046e-01 2.373970506565104888e+00 -5.177555471208801663e+00
3.907219747875682603e-01 2.509171084434537402e+00 -4.842833120266412550e+00
4.301183100882371435e-01 2.496249603695658070e+00 -4.870699456477155742e+00
4.737624501178175351e-01 2.483380490177755640e+00 -4.890752201185557979e+00
5.198844952534599217e-01 2.469097129911126398e+00 -4.902724004762386123e+00
5.672949979242309926e-01 2.455767597353573528e+00 -4.910118120265335229e+00
6.157390084216365356e-01 2.444843120051254814e+00 -4.907885698503712923e+00
6.635357009379383442e-01 2.436329788699627130e+00 -4.897458355549026976e+00
7.101186058829371817e-01 2.429569871063806286e+00 -4.881714226995113926e+00
7.545070144501513365e-01 2.420339333051842345e+00 -4.861579116270207557e+00
1.964705585228519180e-01 2.509600920724401885e+00 -4.928383097173820282e+00
1.790409655378129294e-01 2.497152313465264672e+00 -4.973475835431256264e+00
1.616112271661249156e-01 2.484711249554464096e+00 -5.018543780787873665e+00
1.439862493991791170e-01 2.472281663065825086e+00 -5.063620111206718732e+00
1.263394752728540238e-01 2.459851901136766106e+00 -5.108702172365411798e+00
1.087089723600755953e-01 2.447777066097356791e+00 -5.153980332388297114e+00
9.111732351874511637e-02 2.436107005336543008e+00 -5.199368696930065425e+00
7.357231943779629635e-02 2.423236004490949114e+00 -5.244318967663617492e+00
5.579743082930994219e-02 2.410046119659167374e+00 -5.289481906881170481e+00
2.110311856817380927e-01 2.507740872198253257e+00 -4.931062467377210545e+00
2.174533685989086529e-01 2.492925976860542736e+00 -4.978304044590535327e+00
2.326127739897189683e-01 2.478099092500693601e+00 -5.023519338332214090e+00
2.551969967065285672e-01 2.463670451714446319e+00 -5.065668450225082609e+00
2.819747900269615748e-01 2.449659957568908197e+00 -5.105449837799118207e+00
3.130679771582308146e-01 2.436049434998353025e+00 -5.142055450833424857e+00
3.467564002950689894e-01 2.420716434593072730e+00 -5.175519128315277051e+00
3.743008788467845904e-01 2.372483081637201785e+00 -5.313599687132673388e+00
3.938352078250925703e-01 2.370071035295554296e+00 -5.312904798515400095e+00
8.618758034410195501e-01 2.450839583907091779e+00 -4.628064787579778461e+00
8.637165309340192332e-01 2.437940405467461602e+00 -4.672378467517365408e+00
8.652522708314395183e-01 2.424089728049363845e+00 -4.717605607831619530e+00
8.668113834801817186e-01 2.410004053848578742e+00 -4.763603271759352609e+00
8.629555730763557309e-01 2.397219030834616404e+00 -4.811599722330660356e+00
8.683360376780057122e-01 2.381522023212654382e+00 -4.858542303720843059e+00
8.824833477840589024e-01 2.363855683126202312e+00 -4.902929340346640963e+00
9.026243046256536839e-01 2.345048132302571364e+00 -4.944450380127968003e+00
9.256685795457775257e-01 2.323530929082284757e+00 -4.982945676180776218e+00
8.620792517391426824e-01 2.449671653919485603e+00 -4.632379387926659930e+00
8.639618854811025317e-01 2.435738258278888235e+00 -4.679567818698386894e+00
8.655649276288277516e-01 2.421280863202326383e+00 -4.726776061067305967e+00
8.671699774633001567e-01 2.406782288911128997e+00 -4.774121798973490094e+00
8.642157018255914869e-01 2.393668648681411604e+00 -4.822166144180286551e+00
8.623427766864927291e-01 2.380182876641875556e+00 -4.870193107590250925e+00
8.576461316451163830e-01 2.368105384701736593e+00 -4.918455404759502159e+00
8.460415893081550953e-01 2.358596107945601705e+00 -4.966200811523536984e+00
8.274615311191487743e-01 2.352025293800681371e+00 -5.012160059472502205e+00
-1.575549569458910337e+00 2.137455687570586793e+00 -4.389915353697260159e+00
-1.600446922835260466e+00 2.122368836644531243e+00 -4.374872060801049400e+00
-1.628896524012736879e+00 2.105129724205461628e+00 -4.357681592507902657e+00
-1.666915363873730627e+00 2.073306381150871402e+00 -4.363227231322426292e+00
-1.705599776331832906e+00 2.041932129591260470e+00 -4.365603842455478834e+00
-1.744197575883736917e+00 2.010422401786655655e+00 -4.365855354973332325e+00
-1.780799251960997420e+00 1.976708240705745245e+00 -4.364000757715403189e+00
-1.817160540785318190e+00 1.942866214289234783e+00 -4.361035292522922546e+00
-1.874254564741359541e+00 1.871514100310350370e+00 -4.414302143744245122e+00
-1.565246842925549497e+00 2.143696254566603177e+00 -4.396148486101035147e+00
-1.575494610521094740e+00 2.137487780200732601e+00 -4.389952489504432620e+00
-1.585689741096177663e+00 2.131311211760442248e+00 -4.383788264754015174e+00
-1.598728923436795402e+00 2.123411181933891445e+00 -4.375905868457634185e+00
-1.610243448235919805e+00 2.116435691295911692e+00 -4.368942564532215300e+00
-1.626432472724412381e+00 2.106626571794721237e+00 -4.359158308486601463e+00
-1.651751863156568634e+00 2.077029105037238921e+00 -4.390131005124940700e+00
-1.671416331407661549e+00 2.050536522156341857e+00 -4.427475584095021510e+00
-1.687841218918499031e+00 2.025892432123134856e+00 -4.467604025108481203e+00
-9.795951011446226708e-01 2.302380838382367845e+00 -4.981868022890854064e+00
-9.705996892659390918e-01 2.291333036066301787e+00 -5.029748107424519610e+00
-9.615095908906776678e-01 2.280061586365551562e+00 -5.077588836878105027e+00
-9.524837506039706136e-01 2.268977895970896608e+00 -5.125488884468292206e+00
-9.429973852027933034e-01 2.257515715178032956e+00 -5.173241243235701781e+00
-9.333499491429034789e-01 2.245645153281948136e+00 -5.220864691297031790e+00
-9.238122393856598169e-01 2.233925896885289308e+00 -5.268532021984486668e+00
-9.140161506387847190e-01 2.221628660373848430e+00 -5.316024278625513411e+00
-9.041445597271968726e-01 2.208865286834112762e+00 -5.363342265953893850e+00
-9.665783432449165380e-01 2.308930497465993437e+00 -4.978585970150789741e+00
-9.375219426588943250e-01 2.307308259803173556e+00 -5.019106448566399870e+00
-9.024438728696262402e-01 2.309516437168446235e+00 -5.054499664983055141e+00
-7.658444276734799327e-01 2.346038000162813386e+00 -5.101732080961395965e+00
-7.670038483914032312e-01 2.339972240437021789e+00 -5.118647395108867570e+00
-7.678394500618227481e-01 2.335410478659292188e+00 -5.131404947555656904e+00
-7.684070664169326825e-01 2.332305019819429059e+00 -5.140090989554826351e+00
-7.687073990898618536e-01 2.330650979399891298e+00 -5.144719374526925293e+00
-7.687902828818474754e-01 2.330177467213520703e+00 -5.146047467055175240e+00
-1.346138269988927938e+00 2.146641058595883944e+00 -4.868135573662918603e+00
-1.375930617833710068e+00 2.118471811821220907e+00 -4.895815084339588452e+00
-1.405714693678760341e+00 2.089600569908699690e+00 -4.923332500068962503e+00
-1.435429304513060611e+00 2.060682613366309646e+00 -4.950870984272569331e+00
-1.464021782002493222e+00 2.030198779553388455e+00 -4.977930458721461449e+00
-1.492229750016877965e+00 1.999109595006999696e+00 -5.004832236422116942e+00
-1.520502673529768201e+00 1.968014782049588796e+00 -5.031803589610873040e+00
-1.548784769697879371e+00 1.936915356107978825e+00 -5.058768179496713202e+00
-1.575930017988176113e+00 1.904853029819399746e+00 -5.085238402017862036e+00
-1.353678905731113380e+00 2.146303037487715670e+00 -4.855304206966046365e+00
-1.393214955123042165e+00 2.117699404287448406e+00 -4.861448920973451493e+00
-1.434570752402022142e+00 2.090409076530252541e+00 -4.858875839419969367e+00
-1.476128137030774390e+00 2.065566487872053436e+00 -4.848143562271268969e+00
-1.516973252132277628e+00 2.042028693438973086e+00 -4.832728713007634624e+00
-1.556017256076626110e+00 2.019407580591575435e+00 -4.812008189925212953e+00
-1.593216681875460505e+00 1.997000910282419328e+00 -4.787772205396620961e+00
-1.716411931990220019e+00 1.910007403469381471e+00 -4.745318414988539679e+00
-1.716941840995937163e+00 1.913595231904866800e+00 -4.732784523182052006e+00
-5.383675368921624765e-02 3.038761585040826052e+00 -1.925011624893007811e+00
-8.381983302617319886e-02 3.043090022570898778e+00 -1.884525201440974129e+00
-4.063232518831762924e-02 3.039388294024535142e+00 -1.918300637463212999e+00
-4.888428883769636857e-02 3.044516202140215011e+00 -1.869016783338940169e+00
-4.671780334314599298e-02 3.049630275596492801e+00 -1.819362835664492861e+00
-4.070879342104331833e-02 3.054695146773209302e+00 -1.769999663387378241e+00
-3.273337125269033809e-02 3.059722951571936189e+00 -1.720900466967020703e+00
-2.612217536922943617e-02 3.063908999627878771e+00 -1.671485209939288286e+00
-2.778119680466533126e+00 1.435243568242892787e+00 -3.414695077519546151e-01
-2.796410459787552316e+00 1.399717853156901004e+00 -3.115807946544471574e-01
-2.813885497769720523e+00 1.363953708041416135e+00 -2.816027676663493962e-01
-2.831343582589307850e+00 1.328193662040586975e+00 -2.516261705537876092e-01
-2.848782870410931700e+00 1.292473179268957439e+00 -2.216642676950144053e-01
-2.864801995185190631e+00 1.256126626512994671e+00 -1.916643266945177171e-01
-2.906699425519539304e+00 1.159071322585524699e+00 -1.441859224605565593e-01
-2.904892619072927396e+00 1.163433497880268286e+00 -1.264496574860265732e-01
-2.903101344805159467e+00 1.167756742017955318e+00 -1.087678672235199845e-01
-2.781459409275569339e+00 1.429053572330208022e+00 -3.546379470511992205e-01
-2.802454644144480422e+00 1.384643549387410744e+00 -3.463904776487295445e-01
-2.823353453834659632e+00 1.339629865572093292e+00 -3.470709339055413345e-01
-2.843801457543663869e+00 1.295280661187837801e+00 -3.561555818916118943e-01
-2.863803540571539408e+00 1.251877149576270387e+00 -3.699326743668546191e-01
-2.882571379579741855e+00 1.209803741327118987e+00 -3.888161031536671031e-01
-2.898452285157111952e+00 1.168158401048871919e+00 -4.110998991123868129e-01
-2.942611340436696921e+00 1.053035022363238760e+00 -4.382100749266217843e-01
-2.941995507628840212e+00 1.053208507003913219e+00 -4.678572093304518287e-01
-2.596733324242857854e+00 1.741950850629439440e+00 -1.186519444321934152e-01
-2.586744483780754944e+00 1.757238497264937749e+00 -7.205933291646396399e-02
-2.576766412209893442e+00 1.772508823936262745e+00 -2.546779693777471987e-02
-2.604360674542534948e+00 1.729615415324436967e+00 -1.154204387742805149e-01
-2.606468224468620587e+00 1.725375120871320167e+00 -6.576122167010753361e-02
-2.613151170113556798e+00 1.713797621190727316e+00 -1.782264470260354339e-02
-2.734544787399989296e+00 1.440882836083354102e+00 -1.291451810956462110e+00
-2.751834525878388504e+00 1.404856316736252886e+00 -1.321329345416860201e+00
-2.767381478203457590e+00 1.368104692266832956e+00 -1.351110458708889794e+00
-2.821104106654578114e+00 1.246378088281866248e+00 -1.409195623222517124e+00
-2.818174282850851586e+00 1.250150282471470087e+00 -1.424475617958252061e+00
-2.815299728342906427e+00 1.253853956400780678e+00 -1.439452523579387133e+00
-2.830055129144949611e+00 1.216026611453503437e+00 -1.468361139372371893e+00
-2.843834836173251723e+00 1.177804873827135168e+00 -1.497294309245791100e+00
-2.857264426817854641e+00 1.139440833281145427e+00 -1.526283463123326190e+00
-2.728780989220340292e+00 1.449838262740139161e+00 -1.301910759642125548e+00
-2.736966261325299854e+00 1.428947096175937181e+00 -1.346531721535936699e+00
-2.740469841393738282e+00 1.414939495197608199e+00 -1.394310340918636371e+00
-2.773235154922265355e+00 1.343375664517241441e+00 -1.443482900008652869e+00
-2.770786062373374214e+00 1.341855527041816210e+00 -1.493259979163416462e+00
-2.767791876136945106e+00 1.340069150998762559e+00 -1.542785213990093718e+00
-2.764199723293573108e+00 1.337993331383433349e+00 -1.591457372246706692e+00
-2.760664466151349750e+00 1.335935653892213137e+00 -1.639433788662485458e+00
-2.754489654974632717e+00 1.339056804048972538e+00 -1.688977195673290632e+00
-2.783035366267506028e+00 1.386560199565936236e+00 -9.296208341225211669e-01
-2.787738511127165975e+00 1.374903518302095673e+00 -9.476892616367513789e-01
-2.793924439985803421e+00 1.359571986523733456e+00 -9.714517138347824599e-01
-2.814390427487888147e+00 1.314789375576225661e+00 -9.792639974427100880e-01
-2.860425465217179664e+00 1.213075767705901420e+00 -1.000114573845808597e+00
-2.859877425881564239e+00 1.213648109080812665e+00 -1.005623587562060273e+00
-2.859160121056650183e+00 1.214444562651054937e+00 -1.012422377838591903e+00
-2.858304467548716143e+00 1.215392688467476390e+00 -1.020549360817426310e+00
-2.857303922560718856e+00 1.216499828320457555e+00 -1.030065880640681719e+00
-2.779728701511878342e+00 1.394756663559656440e+00 -9.169061690423619959e-01
-2.779835912521934738e+00 1.394490636523396221e+00 -9.173216962737985591e-01
-2.780268439976472106e+00 1.393418328327928224e+00 -9.189868819761181085e-01
-2.780939576900157473e+00 1.391754940858854539e+00 -9.215650444262564189e-01
-2.781630659461039823e+00 1.390042410858584709e+00 -9.242163481749902099e-01
-2.782312094404664649e+00 1.388353239031101971e+00 -9.268371819933594047e-01
-2.782981960562381119e+00 1.386692342109201226e+00 -9.294183163045336427e-01
-2.783774333426862757e+00 1.384728065806924757e+00 -9.324670925939796406e-01
-2.785166668435295367e+00 1.381277149048363739e+00 -9.378165266698842428e-01
-1.447816221543372084e+00 2.767758547749492148e+00 -2.071413438910601201e-01
-1.416100746505487118e+00 2.785577696996108799e+00 -1.736075262325527946e-01
-1.440453418360533977e+00 2.771206524061646359e+00 -2.191991201933097266e-01
-1.398770109782204285e+00 2.793553843977965023e+00 -2.060147799747467090e-01
-1.504203581272960166e+00 2.726445059017775119e+00 -6.598535447397848586e-01
-1.486421073993726916e+00 2.735084057667861224e+00 -7.058399137083983810e-01
-1.468810701327773360e+00 2.743632198127003097e+00 -7.519384924198221354e-01
-1.451344718853911475e+00 2.752104198704451665e+00 -7.981254994694124694e-01
-1.433971638119536429e+00 2.759645547936973919e+00 -8.440351628476912005e-01
-1.416450205595734202e+00 2.766343050448909491e+00 -8.900403436263726320e-01
-1.399218660848885909e+00 2.772894237081624080e+00 -9.361821893964823449e-01
-1.382126229546486007e+00 2.779096991284994989e+00 -9.823275786142784405e-01
-1.364272116726510831e+00 2.785618694204466728e+00 -1.029077707981520762e+00
-1.493450911271925419e+00 2.732136474700344486e+00 -6.516258302457248464e-01
-1.459959189794377332e+00 2.749120406331742927e+00 -6.832795751941426188e-01
-1.422554085213982855e+00 2.768231032723783791e+00 -7.076750312102934037e-01
-1.383018108588979889e+00 2.788530496450588814e+00 -7.257422687035269826e-01
-1.335647794489251305e+00 2.811633043807906240e+00 -7.380026204596678019e-01
-1.289330820790436150e+00 2.833879105091384520e+00 -7.447805070442713449e-01
-1.244660043774106439e+00 2.855485772542202039e+00 -7.474924779158077515e-01
-1.200412975915992497e+00 2.874781539077215786e+00 -7.460271067690510405e-01
-1.156270016604215245e+00 2.891563575917361018e+00 -7.411394298834086403e-01
-2.271783626170315262e+00 1.551555614217614343e+00 -3.953136383012546773e+00
-2.279936875911984906e+00 1.540380287786839553e+00 -3.949437110514926186e+00
-2.287725016592704108e+00 1.529698015090849683e+00 -3.945922992524034001e+00
-2.295618574342288998e+00 1.518871538526317178e+00 -3.942360287343722902e+00
-2.303264544806944869e+00 1.491598659730081211e+00 -3.983687788841240085e+00
-2.311245989519620903e+00 1.464051033136426927e+00 -4.024748725307485842e+00
-2.319279050922336882e+00 1.436470646016793085e+00 -4.065683443197685598e+00
-2.325810745621727182e+00 1.407875403590779895e+00 -4.106015560759636251e+00
-2.332286580746876670e+00 1.379162459497721871e+00 -4.146306016714529363e+00
-2.279330087135531979e+00 1.541208164991541008e+00 -3.949722514032534271e+00
-2.295851545845113861e+00 1.518559653852443958e+00 -3.942234944721766610e+00
-2.311879909241575159e+00 1.482393778534999429e+00 -3.972689508518023604e+00
-2.331627480050849854e+00 1.443188964675588881e+00 -3.996267006131740906e+00
-2.353647403486361700e+00 1.401461791081894948e+00 -4.011665066684986236e+00
-2.376737801108842696e+00 1.358214556068841894e+00 -4.019454308672367304e+00
-2.440920163354425299e+00 1.312985686846105393e+00 -4.036260041216151784e+00
-2.430842201254475476e+00 1.259076936119496448e+00 -4.023993105914194679e+00
-1.938845119260943717e+00 1.950341618306342006e+00 -3.961228488985027330e+00
-1.938053985565404647e+00 1.941140661051576899e+00 -3.996431658003518184e+00
-1.936468826874357951e+00 1.930276044634150034e+00 -4.035095792568197837e+00
-1.934763783654807279e+00 1.918657252805977542e+00 -4.076474842306435420e+00
-1.917422796423927212e+00 1.921172239175686025e+00 -4.123285731722520886e+00
-1.901854616838302148e+00 1.921663844296989110e+00 -4.170785215878258789e+00
-1.887707938355416060e+00 1.921159482330602852e+00 -4.218742236696989778e+00
-1.875483901083960125e+00 1.918565702197748690e+00 -4.267057710009641625e+00
-1.938739704409987441e+00 1.947899646867833789e+00 -3.970983449953426891e+00
-1.937388104178906501e+00 1.936529160058030774e+00 -4.012820843911276469e+00
-1.935630457899903956e+00 1.924502778597019903e+00 -4.055628774865495778e+00
-1.933868089152779302e+00 1.912471859540714192e+00 -4.098465639858863696e+00
-1.917667059381840122e+00 1.913699378877633306e+00 -4.145677114596307611e+00
-1.903511259597568728e+00 1.912828124137255115e+00 -4.193600664523098764e+00
-1.891853152159864937e+00 1.909810856150585989e+00 -4.242106215690920834e+00
-2.445949409625084670e+00 1.487708536878455945e+00 -3.350129177400736680e+00
-2.456116374621317711e+00 1.458496713226515196e+00 -3.389574446291138798e+00
-2.464824027943759877e+00 1.428716321380927079e+00 -3.428597837707097362e+00
-2.473555167913907837e+00 1.399367516794129962e+00 -3.467524158558776382e+00
-2.495126424293857337e+00 1.346824695561446239e+00 -3.508917613748401276e+00
-2.488325369175799828e+00 1.346581660344748022e+00 -3.544849774538640474e+00
-2.481471531031550715e+00 1.346372835625998521e+00 -3.580955615661710834e+00
-2.474512860865742958e+00 1.346159214614262245e+00 -3.617618378237305254e+00
-2.466785657086085326e+00 1.345703385502432070e+00 -3.654890215645874907e+00
-2.452747693110699068e+00 1.479743529671780022e+00 -3.339650050541538739e+00
-2.472635170041922237e+00 1.439850575467587213e+00 -3.361257010218394736e+00
-2.493767133867774710e+00 1.397097172391905451e+00 -3.374398081830114027e+00
-2.516969506385932309e+00 1.353620246748181932e+00 -3.379539028599008788e+00
-2.540427838519251580e+00 1.310192027618752642e+00 -3.379796645691238943e+00
-2.562853115982051122e+00 1.266826637520063858e+00 -3.372654738310611577e+00
-2.639880544169980858e+00 1.221664776171189404e+00 -3.373912118225642409e+00
-2.633865307558764801e+00 1.176170549411929001e+00 -3.349565260124116151e+00
-1.779191199194886996e+00 2.063077938987856630e+00 -4.080006173614895815e+00
-1.776965272061520329e+00 2.050574400072559644e+00 -4.128233660552684370e+00
-1.774756747135591617e+00 2.038045537943901753e+00 -4.176496614154221021e+00
-1.772799383159865405e+00 2.025765366808864876e+00 -4.224910830274269280e+00
-1.790488662061767267e+00 2.054359891636195812e+00 -4.076052004845359455e+00
-1.805927356671878758e+00 2.029430044326628213e+00 -4.116410733932757360e+00
-1.827171908073576434e+00 2.000722223814310308e+00 -4.151224221985785334e+00
-2.756739146388601291e+00 1.258859978521394751e+00 -2.056348179306172419e+00
-2.777224471303303410e+00 1.213670239103785908e+00 -2.060590285620059081e+00
-2.797156573818631031e+00 1.168240037591401270e+00 -2.064774778498565500e+00
-2.814624582394872565e+00 1.121752700875661812e+00 -2.068714443692603489e+00
-2.887679779330092789e+00 1.060314601560122805e+00 -2.081493241175109254e+00
-2.873077634908849376e+00 1.015960434296636183e+00 -2.081252950619211006e+00
-2.757557727650109314e+00 1.260291593904989460e+00 -2.041553848360340151e+00
-2.778377683000226472e+00 1.219505152516237700e+00 -2.022100197222187479e+00
-2.798206486113463676e+00 1.182951309702521270e+00 -1.994778428812803428e+00
-2.814931658188049024e+00 1.150294736127852380e+00 -1.961137898375801436e+00
-2.818324305388396844e+00 1.156692786962752573e+00 -1.896458238042465716e+00
-2.832905377572676464e+00 1.130808119761692820e+00 -1.856411373599023529e+00
-2.846973356573926583e+00 1.105033147498266866e+00 -1.816519431806050910e+00
-2.859888210907029382e+00 1.078966773704852722e+00 -1.776965503809541103e+00
-2.872713105963357272e+00 1.053467799176939890e+00 -1.736134356488262975e+00
-2.677945824693474197e+00 1.486090132404222830e+00 -1.687955584640377094e+00
-2.683290079700997310e+00 1.485685139841043778e+00 -1.638255805974903501e+00
-2.687807889171623277e+00 1.484903850847042461e+00 -1.588521660214257558e+00
-2.691930916606476210e+00 1.483946500598785079e+00 -1.538756034688975705e+00
-2.691359745316681984e+00 1.492083966942173268e+00 -1.489448799451833949e+00
-2.686849833384130193e+00 1.507885841565101082e+00 -1.442249903675114409e+00
-2.676561732981094011e+00 1.530730645121411770e+00 -1.399133192642188162e+00
-2.661893479010757346e+00 1.559852688385989117e+00 -1.361401481901643340e+00
-2.643643106031032808e+00 1.594507530974930809e+00 -1.330503945796552845e+00
-2.685082483392295938e+00 1.473360629942232158e+00 -1.691068783916784835e+00
-2.700487714014311980e+00 1.452999917516228479e+00 -1.648120746467676367e+00
-2.717876331988205774e+00 1.425534077982401948e+00 -1.610267314939082928e+00
-2.522746040188180494e+00 1.513012507758045633e+00 -2.819246117297903087e+00
-2.546043479873960180e+00 1.471060755282333155e+00 -2.832631833263535182e+00
-2.568213470867709791e+00 1.428278345133665139e+00 -2.845866236307520225e+00
-2.588892285391706238e+00 1.384670530175820424e+00 -2.858865375752169147e+00
-2.636231664460066959e+00 1.279968435375835600e+00 -2.906548126295398493e+00
-2.644649992474995326e+00 1.270171521686966232e+00 -2.886199148380161894e+00
-2.654511929880001730e+00 1.258755430278362786e+00 -2.862155661477649993e+00
-2.664420168184906235e+00 1.245900741649221599e+00 -2.835214114804664565e+00
-2.673080854164277653e+00 1.234104996562386924e+00 -2.811368466154561041e+00
-2.518106933378329693e+00 1.517416180119086189e+00 -2.832717392125416733e+00
-2.533226838163499028e+00 1.484025883452064987e+00 -2.866585607942668368e+00
-2.543483531935108122e+00 1.455778607832256322e+00 -2.906109191651399914e+00
-2.633452752303409916e+00 1.392619024169135189e+00 -2.534364933690789190e+00
-2.657241989776437663e+00 1.355331838572221947e+00 -2.511377219616700351e+00
-2.678848276721067290e+00 1.317228344424338671e+00 -2.488048339693866851e+00
-2.699905770251260329e+00 1.278649815918180721e+00 -2.464764101319745215e+00
-2.721061025456585458e+00 1.239636967099032594e+00 -2.442226312769725904e+00
-2.742121890068255574e+00 1.200630894897467549e+00 -2.419550967582303702e+00
-2.762124336596446295e+00 1.161200903361243153e+00 -2.396625926590523648e+00
-2.844461672370978800e+00 1.102592804666319592e+00 -2.395496112421111601e+00
-2.830772190291388934e+00 1.054281091092119427e+00 -2.385817724019968722e+00
-2.632086170302562422e+00 1.394759231363501328e+00 -2.535692980593471368e+00
-2.654307031057705935e+00 1.359925209350703934e+00 -2.514242464080828299e+00
-2.674414646902476989e+00 1.325361228042530204e+00 -2.492916584311290151e+00
-2.692894547295918706e+00 1.291520795636491359e+00 -2.472429610144598833e+00
-2.712736631047232727e+00 1.247589517387740710e+00 -2.476102959483490462e+00
-2.731879789620152987e+00 1.203998952007362400e+00 -2.485564733199543852e+00
-2.748926895358540623e+00 1.160624593882075617e+00 -2.500077209276402090e+00
-2.820236624893880162e+00 1.114497579448266329e+00 -2.531122768302215054e+00
-2.802381116922724402e+00 1.073650857264457414e+00 -2.554393339180764944e+00
-2.529621441774035695e+00 1.422724460644779976e+00 -3.103781607916574981e+00
-2.538836990802022520e+00 1.393811886756834095e+00 -3.143264626741470114e+00
-2.547300852807309557e+00 1.364708790711448794e+00 -3.182727371757360757e+00
-2.585121557537312320e+00 1.280698983178661932e+00 -3.217722012639316898e+00
-2.581081643409569359e+00 1.275693863777438652e+00 -3.254866038427797204e+00
-2.535729880863260455e+00 1.414240368927767388e+00 -3.093320138761366245e+00
-2.553883062022681116e+00 1.373602271474770875e+00 -3.115303248892182797e+00
-2.574050368221782570e+00 1.330848350713196959e+00 -3.129011418909096065e+00
-2.607359646973746781e+00 1.263648826931310643e+00 -3.137038270832985809e+00
-2.608769644858712322e+00 1.263594029099368132e+00 -3.129125234794588817e+00
-2.611688616401719898e+00 1.263406336967880295e+00 -3.112937033266343523e+00
-2.615896041835946928e+00 1.263140230122129726e+00 -3.089591704596811983e+00
2.711478456537115722e+00 1.544325226555399500e+00 -5.207773798148751521e-01
2.733494343189278197e+00 1.508367352365990843e+00 -4.937870279489124936e-01
2.755032125756621930e+00 1.472348802988432181e+00 -4.667266066424511362e-01
2.775481077711882349e+00 1.435772468207199504e+00 -4.396477613569909071e-01
2.794421944103005817e+00 1.398456227475483926e+00 -4.125083387656134359e-01
2.812719383686195229e+00 1.361008336911022187e+00 -3.854114152189879738e-01
2.830927032403805832e+00 1.323351783808265347e+00 -3.582152737513784047e-01
2.849195594610732574e+00 1.285683435587959389e+00 -3.310080303427860859e-01
2.867757718981172932e+00 1.248131199757687826e+00 -3.038029058625624224e-01
2.706759497757601274e+00 1.552971711515993336e+00 -5.096008700016240178e-01
2.720537766344102604e+00 1.531829464677501695e+00 -4.665221932461869336e-01
2.729987427511190834e+00 1.517468786447970341e+00 -4.196453993275579553e-01
2.735393989666795367e+00 1.510170876820239094e+00 -3.705359075403319435e-01
2.738202554571195435e+00 1.506865944475946906e+00 -3.207772195963367601e-01
2.738142430047321163e+00 1.508128907095169779e+00 -2.708336443178149811e-01
2.735948368397787878e+00 1.513068669872810856e+00 -2.211619434639517379e-01
2.731933625117052067e+00 1.521140928188590813e+00 -1.719187391335507686e-01
2.726560147425832081e+00 1.531544727432106567e+00 -1.232611966445694290e-01
2.494660235683914706e+00 1.875773299029996455e+00 -3.681111683628722764e-01
2.486597076822832708e+00 1.888551827083318146e+00 -3.202769145122819627e-01
2.478687824751782287e+00 1.901398790351581880e+00 -2.724782628815003438e-01
2.470804297845962338e+00 1.914209066836683126e+00 -2.247133519975253735e-01
2.461423839204900599e+00 1.925609272307753361e+00 -1.770616254800622680e-01
2.451910274966764725e+00 1.935637986531495658e+00 -1.289078215152248130e-01
2.442393735859066606e+00 1.945669801476672456e+00 -8.073768638148057231e-02
2.432923154149130518e+00 1.955645825688591799e+00 -3.253468313890604813e-02
2.486695073717280380e+00 1.886574084187333300e+00 -3.746216501277787048e-01
2.466660049443373026e+00 1.915123157378873842e+00 -3.385582146545190185e-01
2.443328397015117837e+00 1.948343101529129484e+00 -3.092326134025515927e-01
2.415696896625836754e+00 1.983250085712016331e+00 -2.867506106832819479e-01
2.385517397780765769e+00 2.018799824961224232e+00 -2.690380748418533807e-01
2.354355581134765618e+00 2.055666240908412767e+00 -2.565165624672705591e-01
2.324264200553539883e+00 2.088183628190837915e+00 -2.343611544293502380e-01
2.297295682888143897e+00 2.117502641471022518e+00 -2.044777757603629398e-01
2.273385930386230491e+00 2.143869873721763408e+00 -1.695859900202149606e-01
2.854970150479600566e+00 1.198086899169607422e+00 -1.171789195175705567e+00
2.874043854533895104e+00 1.152157453644568230e+00 -1.175596012587262873e+00
2.893169851232558099e+00 1.106097403896546538e+00 -1.179445640431851405e+00
2.910165492419112709e+00 1.059322027572549230e+00 -1.183166787564739808e+00
2.984870850479976134e+00 1.004891870916280183e+00 -1.191595448563647741e+00
2.968063283517503148e+00 9.545136419908517578e-01 -1.192980094112768841e+00
2.855319100764287743e+00 1.199399759653645203e+00 -1.156976211790270659e+00
2.874027952027035759e+00 1.157768420755699523e+00 -1.137074053235758608e+00
2.891445869418476367e+00 1.120341732052707151e+00 -1.109338022326194162e+00
2.906484306647211024e+00 1.087239089283601245e+00 -1.075485245645811050e+00
2.918775710819498936e+00 1.056820584884343273e+00 -1.038097586796536742e+00
2.929874200802635720e+00 1.030499319083944876e+00 -9.973071013276022523e-01
2.940086376943610080e+00 1.007081754839868726e+00 -9.545496405397039252e-01
2.949702247421181145e+00 9.855981535578869357e-01 -9.105967134652492856e-01
2.994939261044161860e+00 9.559296385036752941e-01 -8.666634045848434775e-01
2.774609031461700237e+00 1.317056043243153507e+00 -1.577774657192755559e+00
2.778144211377460593e+00 1.311800928950667577e+00 -1.564337533444769335e+00
2.799231456069457558e+00 1.267281817410355060e+00 -1.569521332101554423e+00
2.819435864332665798e+00 1.222118358354709500e+00 -1.572537407776902985e+00
2.838167115405525021e+00 1.176123677038233284e+00 -1.574504951681946485e+00
2.857182767102829590e+00 1.130976281137895612e+00 -1.568013436525236504e+00
2.875281330530859769e+00 1.088109476611257564e+00 -1.552019597046623955e+00
2.891557218228703263e+00 1.047681272819986242e+00 -1.529054381436963705e+00
2.906911602659299376e+00 1.009584107838901845e+00 -1.501574673624773482e+00
2.944495756561249955e+00 9.714405760832378611e-01 -1.473443317317918444e+00
2.395319038935286304e+00 1.297856257484900189e+00 -4.142058301836152090e+00
2.396698683869638913e+00 1.289885492564220471e+00 -4.133506170698339588e+00
2.363077915765753989e+00 1.518367990026059822e+00 -3.660763463298978948e+00
2.372013132950111736e+00 1.518664572772022048e+00 -3.619246251376131873e+00
2.380871237814174979e+00 1.518751453273878838e+00 -3.575472508817897133e+00
2.400170187109045283e+00 1.502953232832987762e+00 -3.532183576436283001e+00
2.418355904145836899e+00 1.488901231727706609e+00 -3.487816149181022674e+00
2.436944351777541762e+00 1.472499250521853709e+00 -3.444469785219522961e+00
2.456627734553869402e+00 1.452355994813778306e+00 -3.403303055012164346e+00
2.360720837473599065e+00 1.518208451173832296e+00 -3.671275552363717942e+00
2.365562752645096189e+00 1.518536788401238846e+00 -3.649679973484239337e+00
2.371553382800806187e+00 1.518653900990965644e+00 -3.621538255016753194e+00
2.376941352680437713e+00 1.518699028805527540e+00 -3.594937879858529861e+00
2.381983984670032584e+00 1.518746435842575071e+00 -3.570025588935124894e+00
2.408548195450512353e+00 1.484318383088048643e+00 -3.545553799134162798e+00
2.435031648118859415e+00 1.446037379019033287e+00 -3.527790136542923172e+00
2.460862326509264619e+00 1.405183818141344076e+00 -3.517143939511652828e+00
2.484018371162882044e+00 1.366304936320235086e+00 -3.511393493966143087e+00
2.125761020766929743e+00 1.634536504783802968e+00 -4.276860955005806986e+00
2.120934965670808747e+00 1.635253913037535423e+00 -4.292523946257843726e+00
2.068990013300323838e+00 1.711583219636658493e+00 -4.260124951425998674e+00
2.121069667033617101e+00 1.635260777918069230e+00 -4.292009919838566390e+00
2.256088334192967171e+00 1.516759627255645615e+00 -4.107813748626874428e+00
2.303488408278155930e+00 1.436909549827990240e+00 -4.128208817525908181e+00
2.299457385238531604e+00 1.428426636704493324e+00 -4.166107541860766261e+00
2.293961987784890244e+00 1.418128085991877008e+00 -4.208687949505282688e+00
2.288058863241408059e+00 1.407023774368104885e+00 -4.254519334798959385e+00
2.285303571958201108e+00 1.390023172794262907e+00 -4.301934602348448600e+00
2.278164150106290364e+00 1.380546910230741053e+00 -4.350108865191675278e+00
2.301859019771901327e+00 1.376826394485042959e+00 -4.411721486505905787e+00
2.279253373045393882e+00 1.362417143555820553e+00 -4.454422164533910156e+00
2.261983901646953399e+00 1.513205604855732078e+00 -4.094715907522699538e+00
2.306720301229090442e+00 1.444152984226880543e+00 -4.095681734506698035e+00
2.306561240759612552e+00 1.443808313851987490e+00 -4.097251461685254448e+00
2.622179589474173067e+00 1.163976299246019419e+00 -3.315273173904973447e+00
2.623888680017505415e+00 1.164476795092134420e+00 -3.303850916607738775e+00
2.852144007055054331e+00 1.119087844139148080e+00 -1.695899365592650199e+00
2.852574127896964296e+00 1.118922451288183906e+00 -1.691825827292683604e+00
2.853602957863094147e+00 1.118525957629249445e+00 -1.682085634226724968e+00
2.850352494910775025e+00 1.119778393963241969e+00 -1.712859537292289014e+00
2.847953077803214050e+00 1.120695480788367782e+00 -1.735605896107845769e+00
2.858220738801134253e+00 1.084361560306410732e+00 -1.768075262527232239e+00
2.867444376799497263e+00 1.050297157156186767e+00 -1.802950286712759587e+00
2.909574043679752364e+00 1.013677552155975103e+00 -1.843168313104354805e+00
2.893039081938702850e+00 9.767610372787004502e-01 -1.872780853530362055e+00
2.907143793491269168e+00 1.075971955360758514e+00 -1.991708226989408193e+00
2.888963855478862364e+00 1.028991411468694883e+00 -2.011151487711783314e+00
2.871766192779884097e+00 9.863425443858739872e-01 -2.030988572663216640e+00
2.834129515601564009e+00 1.091204546678181231e+00 -1.994079461567290101e+00
2.892114584424695156e+00 1.051192332351243763e+00 -2.035309273616783710e+00
2.876121999866553924e+00 1.021104206809867243e+00 -2.072247039417208558e+00
2.857724517507372219e+00 9.963528347655922213e-01 -2.112647557971418344e+00
2.708380357959515816e+00 1.282409229034204845e+00 -2.388785643906115919e+00
2.752971572755423590e+00 1.173799511408730956e+00 -2.429851867781287034e+00
2.749030887417049041e+00 1.168040063245050719e+00 -2.478626977666078979e+00
2.708449003606640204e+00 1.281744905330223894e+00 -2.390577945321304743e+00
2.752981481527263075e+00 1.173805342642247451e+00 -2.429746933471364390e+00
2.749142657331488770e+00 1.168230981320596440e+00 -2.477209852516649935e+00
2.141982089298176017e+00 1.497807775413879661e+00 -4.560542028411571636e+00
2.155519775688631068e+00 1.462996916811503123e+00 -4.593644192777698088e+00
2.207301343030088070e+00 1.428884499843950273e+00 -4.643208129925458394e+00
2.187133010195891458e+00 1.388009318714342966e+00 -4.664370208352270453e+00
2.149040494643364774e+00 1.492381925433400536e+00 -4.548561088459113222e+00
2.172870772985969978e+00 1.450658145586655401e+00 -4.561896739515537647e+00
2.232695843686580695e+00 1.409790799239883263e+00 -4.580543339051602381e+00
1.786957831893193571e+00 1.928746400623907009e+00 -4.495191293392031717e+00
1.793934630892694448e+00 1.919069310957674634e+00 -4.504119206449901824e+00
1.680856576858036133e+00 1.977557719844367679e+00 -4.637305339945861249e+00
1.679766605357551956e+00 1.968594985774304584e+00 -4.664924262328712601e+00
1.678468573109059614e+00 1.957923507074814884e+00 -4.697809347390590418e+00
1.659608500004509546e+00 1.946592691006764797e+00 -4.774575751771513055e+00
1.630702682911324697e+00 1.965633661574898161e+00 -4.790640929579581098e+00
1.602923702375264936e+00 1.983940271235372643e+00 -4.806057754788016112e+00
1.575486031468833925e+00 2.002022186867999931e+00 -4.821284511387621485e+00
1.546495719817812864e+00 2.018401119924850828e+00 -4.836024483801320883e+00
1.516662888745570203e+00 2.034822873933981313e+00 -4.850914100604592605e+00
1.680399062242503350e+00 1.973782547757462202e+00 -4.648934835544209498e+00
1.679049103343188465e+00 1.962706766036065975e+00 -4.683072396119184688e+00
1.677743859707575780e+00 1.952012838749893620e+00 -4.716037385054737463e+00
1.655574138021968622e+00 1.949250606488688087e+00 -4.776816889104611441e+00
1.623442006738888388e+00 1.970420954401803204e+00 -4.794663666346830944e+00
1.589964956791636297e+00 1.992483428388815092e+00 -4.813240630932279274e+00
1.555494576369975457e+00 2.013449295713598097e+00 -4.831527974118687396e+00
1.521527901308900033e+00 2.032128599170889949e+00 -4.848536074980797750e+00
1.489039120821915141e+00 2.050009869471576707e+00 -4.864758897727587517e+00
1.370356124311558066e+00 2.264206310367990138e+00 -4.425715866420460110e+00
1.331035522806472748e+00 2.279572386513285753e+00 -4.451796977092972618e+00
1.291797453438151555e+00 2.294932999219424730e+00 -4.477968565684713909e+00
1.252492289557313399e+00 2.310319529835542340e+00 -4.504186179322196892e+00
1.212422200814762041e+00 2.324333025347685933e+00 -4.530032008286631218e+00
1.172021115723026696e+00 2.337735335366573963e+00 -4.555848406365644365e+00
1.091936667846826303e+00 2.366300393469642493e+00 -4.592531418215465955e+00
1.090603893497650967e+00 2.357164029415935502e+00 -4.629484579232086894e+00
1.089185269792301236e+00 2.346934176215038192e+00 -4.670728568556040905e+00
1.366663789246724825e+00 2.269987180267197591e+00 -4.412574319386174615e+00
1.323384240435174775e+00 2.293625746401479759e+00 -4.416998911533694283e+00
1.281324235760304742e+00 2.318987732244276678e+00 -4.412716898809041943e+00
1.241207027190791345e+00 2.344929039378861546e+00 -4.400399038104619187e+00
1.201753875812490158e+00 2.369308546037934615e+00 -4.383056040225405958e+00
1.165093078286481010e+00 2.393486809030916262e+00 -4.360746861336700420e+00
1.124173863694428510e+00 2.416595479454173301e+00 -4.346955219624686784e+00
1.083788511713158265e+00 2.438749766454491485e+00 -4.331184802453755367e+00
6.021764351553451355e-01 2.355397096664506140e+00 -5.219890086998219658e+00
6.212607076376953641e-01 2.336818314852334488e+00 -5.262234329469615446e+00
6.403608346759392944e-01 2.318236008235485812e+00 -5.304577519049257894e+00
6.595717632458696356e-01 2.300086305657717212e+00 -5.347111359593896829e+00
6.780441777070415066e-01 2.280133738050857506e+00 -5.388912614261248457e+00
6.964122425141184847e-01 2.260021673689649901e+00 -5.430734771203003852e+00
7.148186993942108325e-01 2.239899225121813053e+00 -5.472554368784976475e+00
7.332820015485833620e-01 2.219865400058245175e+00 -5.514397870814900848e+00
7.516060892809500737e-01 2.199152850724905406e+00 -5.556015189708979563e+00
5.847418152683294679e-01 2.361204573369480197e+00 -5.215172394374183895e+00
6.113895663893437193e-01 2.342243882406899846e+00 -5.253060775950777916e+00
6.360156527738102250e-01 2.323372963592328144e+00 -5.292177624760761034e+00
6.625781585760844861e-01 2.304768638763665223e+00 -5.329997288795290444e+00
6.941168293808825940e-01 2.284732024112555937e+00 -5.362413284654745205e+00
7.311455572816747406e-01 2.264644731098798491e+00 -5.387995732357286016e+00
7.720340326634291817e-01 2.243935445394861894e+00 -5.406674587343661464e+00
8.152948283733865154e-01 2.224014500178328912e+00 -5.420336482916032317e+00
8.596312108143325803e-01 2.204150068531641082e+00 -5.427729501263275580e+00
4.538153124428751656e-02 2.395996068517010080e+00 -5.336395560286495865e+00
3.515928668007852614e-02 2.381724946801618614e+00 -5.383071451369971783e+00
2.493815276353158680e-02 2.365976503874817283e+00 -5.429192023345090767e+00
1.467354118384347518e-02 2.349983911726013730e+00 -5.475381360531268449e+00
4.420582719913828361e-03 2.334050557478705379e+00 -5.521632511996133807e+00
-5.829121064504561890e-03 2.318582644792145597e+00 -5.568048710596854356e+00
-1.637075767519082306e-02 2.303039165775385033e+00 -5.614680266860447411e+00
-2.677738079857069214e-02 2.287534546405442626e+00 -5.661200363987313189e+00
-3.707621831258671452e-02 2.271901341541639585e+00 -5.707531340236811523e+00
3.143947927238718160e-02 2.398105018691544021e+00 -5.331528112623190374e+00
-8.176230083494931227e-05 2.386402268777674252e+00 -5.368213453362161047e+00
-3.799165322383524224e-02 2.375385359604026636e+00 -5.398497251593076030e+00
-8.042588427757357827e-02 2.366108565621514170e+00 -5.423014476422573615e+00
-1.252598849645648604e-01 2.358096205431235326e+00 -5.443424529670682688e+00
-1.721352229540754897e-01 2.350535864385218776e+00 -5.458716296941149793e+00
-2.199325862063962744e-01 2.341641538490506935e+00 -5.469271081809737645e+00
-2.682850319283959228e-01 2.333638878868165456e+00 -5.476018338008760367e+00
-3.174772188194819877e-01 2.326384990523071572e+00 -5.480189271638528759e+00
3.973050373473051566e-01 2.369642696828855755e+00 -5.312781024324246815e+00
4.041876791964293947e-01 2.368792543665772410e+00 -5.312537164239203413e+00
4.198581204228422070e-01 2.366857055463866821e+00 -5.311981473741325566e+00
4.435354019626153721e-01 2.363932669475063086e+00 -5.311141712660901959e+00
4.729397350948781886e-01 2.357600084505178994e+00 -5.309177182221752389e+00
5.074819472244056495e-01 2.349923861025764005e+00 -5.306873384696705997e+00
4.078985463913530340e-01 2.368335116304376875e+00 -5.312402650369322465e+00
4.224646456032835062e-01 2.366535819235195515e+00 -5.311886790754092758e+00
4.388309436204418379e-01 2.364514191945259025e+00 -5.311307042724135563e+00
4.529477380055202396e-01 2.362036917635964794e+00 -5.310528605991318152e+00
4.709269116720049553e-01 2.358043514398337148e+00 -5.309323214364399135e+00
4.871283930398764839e-01 2.354443789356628347e+00 -5.308240564856220978e+00
5.061366177393100685e-01 2.350220031746643290e+00 -5.306971624248685515e+00
5.239843029459800849e-01 2.346254488786363002e+00 -5.305779139698984181e+00
9.565909102965804989e-01 2.300620925183228138e+00 -5.014564375120574624e+00
9.875151856082832191e-01 2.277696416152898529e+00 -5.046225715335154405e+00
1.018455615738513398e+00 2.254842751603428397e+00 -5.077962870438881282e+00
1.049060240043731884e+00 2.231398458166234278e+00 -5.109490742280349274e+00
1.078967861566497932e+00 2.206337496152583455e+00 -5.140521825105998310e+00
1.108574555906314485e+00 2.180843473639161534e+00 -5.171466752915399034e+00
1.137909352637986204e+00 2.155139289489642174e+00 -5.202357794819001846e+00
1.166805013799091739e+00 2.129659595006926143e+00 -5.233275569759588741e+00
1.199825257161712733e+00 2.101711713146487526e+00 -5.256563839131224825e+00
9.450275279042839038e-01 2.302448127708301762e+00 -5.023713546591856094e+00
9.569248839537052298e-01 2.283272414269355455e+00 -5.068119727505342453e+00
9.608006748747911496e-01 2.267064483708822298e+00 -5.115129899792807855e+00
9.670105445613295103e-01 2.248923286126212950e+00 -5.165521097433040332e+00
9.519220025035513011e-01 2.240754389529217239e+00 -5.211998392543953251e+00
9.367157916044506205e-01 2.232523302472193993e+00 -5.258833245031887316e+00
9.211551079722544166e-01 2.223324042855447935e+00 -5.305217800109372384e+00
8.119862292309528717e-01 2.344098519036552197e+00 -5.058968441920306702e+00
7.960175702595794212e-01 2.334632328512084687e+00 -5.105338658312956746e+00
7.801410922377094437e-01 2.325410890315511736e+00 -5.151806521641752568e+00
7.640800787769289615e-01 2.315812753824925352e+00 -5.198313433094664759e+00
7.558486819695168224e-01 2.302708816198487884e+00 -5.245947440210104951e+00
7.993360756459385597e-01 2.349621049661374972e+00 -5.053309432391016820e+00
7.645654886336197276e-01 2.348829382118162723e+00 -5.089104344500055888e+00
7.246371471951338350e-01 2.351763595931277262e+00 -5.118824841000665593e+00
-1.900055027063911162e+00 1.853381123071592640e+00 -4.393072367532713685e+00
-1.928071374275510896e+00 1.833737179240107373e+00 -4.369867677388030280e+00
-1.955761112791957190e+00 1.811594203145997728e+00 -4.344650004962010925e+00
-1.984410838021497758e+00 1.787966338208312855e+00 -4.318500126199871225e+00
-2.013244078165024931e+00 1.764183809440010853e+00 -4.292191916388297557e+00
-2.094145185745190041e+00 1.674706226498962724e+00 -4.274333732306699218e+00
-2.094086770535265263e+00 1.674095773163862599e+00 -4.276355970494815750e+00
-2.093830234687820369e+00 1.673140188119856431e+00 -4.280117708410116073e+00
-2.093477175647285193e+00 1.671787282489026305e+00 -4.285406908883992116e+00
-1.905364796476968881e+00 1.849662674638512527e+00 -4.388659656255167185e+00
-1.936496433704912645e+00 1.827461497409319069e+00 -4.362290648859143971e+00
-1.966352416803713421e+00 1.802861534771944552e+00 -4.334976928505580140e+00
-1.996688459180804731e+00 1.777839854080922821e+00 -4.307296402706147553e+00
-2.094142755880015194e+00 1.674763761663885520e+00 -4.274171793155752574e+00
-2.125580468613073037e+00 1.643922919204393374e+00 -4.252152702873853052e+00
-2.155860483257601157e+00 1.612298276743494352e+00 -4.229655603784924445e+00
-2.185680778933492441e+00 1.580154176149459522e+00 -4.206855272966666170e+00
-2.214518177699281054e+00 1.547155728094859573e+00 -4.183658578097201541e+00
-1.704661082007786987e+00 1.998815020817060972e+00 -4.505858971585025685e+00
-1.721030266305138001e+00 1.971336504665446743e+00 -4.544012739122019084e+00
-1.737631606047387756e+00 1.944025699134453777e+00 -4.582350321744122823e+00
-1.756343219157936897e+00 1.915690678502094846e+00 -4.618951434009050061e+00
-1.780091840533626568e+00 1.883687000396408573e+00 -4.648890409977264326e+00
-1.807770956904157567e+00 1.848565604425824516e+00 -4.670292517733991566e+00
-1.838716495710207122e+00 1.812719741868837442e+00 -4.685049501708064668e+00
-1.871412969334198984e+00 1.776813825835859673e+00 -4.695230047576074206e+00
-1.903224418617076585e+00 1.739222800523037460e+00 -4.701621764135252235e+00
-1.693725653834587730e+00 2.006069540202751078e+00 -4.512934119364723884e+00
-1.692809367598547166e+00 1.990727941495952225e+00 -4.560306921309547512e+00
-1.685444592589127710e+00 1.981492404563450105e+00 -4.608732601104929216e+00
-1.671832984537006572e+00 1.977750016975374558e+00 -4.656459147670052978e+00
-8.875775680284518909e-01 2.199272379710154990e+00 -5.409525507381775178e+00
-8.710601391392988058e-01 2.189744942318007759e+00 -5.455759394089679581e+00
-8.546092207377381511e-01 2.180356674569808195e+00 -5.502042540063066589e+00
-8.380291402583643912e-01 2.170193819638503108e+00 -5.548033220932117260e+00
-8.212123382252298764e-01 2.159385200148935979e+00 -5.593798095206689247e+00
-8.044317906480404901e-01 2.148559412767585552e+00 -5.639572758455044799e+00
-7.870722246845114345e-01 2.137788917369671360e+00 -5.685440909598095338e+00
-7.698446395931904940e-01 2.126969443956375549e+00 -5.731263839785770919e+00
-7.527638235981920500e-01 2.115495120585380917e+00 -5.776771642628948378e+00
-9.011675842426372096e-01 2.193233072199343159e+00 -5.410716329070932140e+00
-9.066099392599072937e-01 2.174705654723080972e+00 -5.456831001239083712e+00
-9.202701832408126670e-01 2.153916047346308815e+00 -5.500195601048955218e+00
-9.407883448152475347e-01 2.131530368837275979e+00 -5.539835695354896394e+00
-9.643088300360275200e-01 2.106293732229523652e+00 -5.575923591257843093e+00
-9.918875103647651903e-01 2.080487902090818686e+00 -5.608558313367430159e+00
-1.022597020911480525e+00 2.054493339529492868e+00 -5.638258901113415433e+00
-1.055823419110930361e+00 2.028431089534227905e+00 -5.664962832807796111e+00
-1.089482429336239289e+00 2.000238905451159344e+00 -5.688577652823644470e+00
-7.684008046022879901e-01 2.332304365315641892e+00 -5.140099206645555974e+00
-7.680379207473360115e-01 2.334268282792908433e+00 -5.134610004607548461e+00
-7.675829883189628777e-01 2.336731817998541239e+00 -5.127724088857514850e+00
-7.671600175283393996e-01 2.339019633964921407e+00 -5.121329820465803095e+00
-7.666445485883793820e-01 2.341811416422511005e+00 -5.113526329207880750e+00
-7.661181198135033066e-01 2.344658510392740869e+00 -5.105568980987675864e+00
-7.655947594609889828e-01 2.347493395416892170e+00 -5.097644943956722408e+00
-7.648190723900055721e-01 2.351690362379715182e+00 -5.085914499202548456e+00
-7.635253638073821181e-01 2.358686907704447666e+00 -5.066359886376606170e+00
-7.693247307940777047e-01 2.327302803166541700e+00 -5.154078947233249330e+00
-7.702945073582597724e-01 2.322048899356357943e+00 -5.168764766326659377e+00
-7.278683561066925378e-01 2.326423025787496268e+00 -5.198189384048577111e+00
-6.877468347764785772e-01 2.329435033879335482e+00 -5.229366612158207417e+00
-6.492122047081385627e-01 2.331676734317873922e+00 -5.261251185525945395e+00
-6.110868479167692602e-01 2.331345576318054391e+00 -5.292731877812259178e+00
-5.732099935877480457e-01 2.330264649324926829e+00 -5.324217827287409222e+00
-5.350531151045219147e-01 2.329062410558750518e+00 -5.356322068949772586e+00
-4.983758688880032262e-01 2.327125861558327902e+00 -5.389838108650002901e+00
-1.597557992917467917e+00 1.873471046639283655e+00 -5.117039524330402323e+00
-1.627776837602685323e+00 1.828425417808192677e+00 -5.165315718574691850e+00
-1.649658956937812615e+00 1.797095950521771179e+00 -5.197405124984070923e+00
-1.670306281253657321e+00 1.764695777437733870e+00 -5.229020703897966804e+00
-1.690202603202862308e+00 1.731514326337440624e+00 -5.260421344149148304e+00
-1.710166072760225031e+00 1.698296901688118199e+00 -5.291916713452175181e+00
-1.729441134187610141e+00 1.664609539923268322e+00 -5.323187836743077384e+00
-1.815809545682825821e+00 1.632491847691823539e+00 -5.396744693483877420e+00
-1.800726909327695857e+00 1.595721373475778249e+00 -5.408371097946578665e+00
-1.633891395654285095e+00 1.825352769382468709e+00 -5.159640146335457089e+00
-1.651467318455571043e+00 1.816468299610603854e+00 -5.143460919178569846e+00
-1.673270807155881945e+00 1.805496481921804452e+00 -5.123262128558888406e+00
-1.697978586342828056e+00 1.792867993932398596e+00 -5.099812044328134064e+00
-1.723889911966924426e+00 1.777190037175139459e+00 -5.073491269593759512e+00
-1.751662708310755212e+00 1.760355959980722806e+00 -5.045349092597954943e+00
-1.788143559553159845e+00 1.728835653007422035e+00 -5.030307868741040522e+00
-1.824097956383790908e+00 1.699579525992310325e+00 -5.011267190683112105e+00
-1.859116994453524629e+00 1.671892281672207714e+00 -4.989460187946179737e+00
-1.716883009567050200e+00 1.913178414496887525e+00 -4.734233212101801591e+00
-1.716920585611608319e+00 1.913411044707743480e+00 -4.733411764140130984e+00
-1.717067325787454912e+00 1.914331970220531476e+00 -4.730165342437620879e+00
-1.717342730518763183e+00 1.916066118303115129e+00 -4.724054661554304424e+00
-2.900596182658812250e+00 1.173803164498787632e+00 -8.405350962744075061e-02
-2.910955547312095604e+00 1.146713161842707773e+00 -4.342857747999805812e-02
-2.920619093464683402e+00 1.121383452843679462e+00 -1.474463837441473231e-03
-2.901942244438521445e+00 1.170554125815511215e+00 -9.731896295118459828e-02
-2.900678678698758617e+00 1.173604030703265133e+00 -8.486581920209811114e-02
-2.899492571526035789e+00 1.176466962971417729e+00 -7.317548049246928865e-02
-2.913544485326816424e+00 1.140072028492705947e+00 -4.210526368888486276e-02
-2.928273577070745315e+00 1.101979586454250315e+00 -1.339829057516543805e-02
-2.941396484622596397e+00 1.053445087840222172e+00 -4.952813437493571169e-01
-2.940481687527955579e+00 1.053612880589532175e+00 -5.285687885592277313e-01
-2.939231992595809473e+00 1.053779816149861270e+00 -5.664279219096129969e-01
-2.946916895022190008e+00 1.027515437263156972e+00 -6.081176011511071344e-01
-2.953513434594531528e+00 1.003822805932457429e+00 -6.515385221627060242e-01
-2.959395513736925221e+00 9.817995441788344158e-01 -6.959458816515932122e-01
-2.965106940487239218e+00 9.598005461283353190e-01 -7.410667464772100477e-01
-2.970273007264281340e+00 9.390251719825268850e-01 -7.864963121617319919e-01
-2.974976518211958965e+00 9.192450985780638018e-01 -8.321755086323011641e-01
-2.869891860154388130e+00 1.101753857878007947e+00 -1.556531358295509371e+00
-2.881443833166097424e+00 1.063677334208079639e+00 -1.586617579365464437e+00
-2.892602127775090626e+00 1.025451330541491624e+00 -1.616703507437439402e+00
-2.906104850278157681e+00 9.822601237131212137e-01 -1.638407096114911754e+00
-2.873069803708893755e+00 1.096297793688369993e+00 -1.543277458356093756e+00
-2.872842338180855215e+00 1.096475300921827767e+00 -1.545329460137561783e+00
-2.873509641380662671e+00 1.095926455256280185e+00 -1.539455172261871674e+00
-2.875108690847438364e+00 1.094609046288585352e+00 -1.525390183606907701e+00
-2.877579630970879876e+00 1.092572341292812776e+00 -1.503661212853488749e+00
-2.880569914393885433e+00 1.090107700510477784e+00 -1.477364513318734973e+00
-2.883605582839568804e+00 1.087497757327459125e+00 -1.449029367944247415e+00
-2.886806892225090682e+00 1.084426673201212887e+00 -1.417800438844607935e+00
-2.890317577620859169e+00 1.081058201287658616e+00 -1.383556575199213157e+00
-2.756073061121754542e+00 1.326839205766060514e+00 -1.737311811440096054e+00
-2.757989592096917075e+00 1.314225162783707823e+00 -1.785634092148152163e+00
-2.759834503298808084e+00 1.301636354291852538e+00 -1.833950714413759009e+00
-2.761558973384278914e+00 1.289032614591955728e+00 -1.882259759240336949e+00
-2.758096884870563148e+00 1.284856584488115683e+00 -1.931902483027667206e+00
-2.749565376023209495e+00 1.340057845702839368e+00 -1.738766850025891708e+00
-2.741113080343040131e+00 1.348858615110387627e+00 -1.787312175550950233e+00
-2.729013490102754069e+00 1.365148151074494498e+00 -1.833049213340582462e+00
-2.714184077257471017e+00 1.387750423395893051e+00 -1.875040503875080145e+00
-2.696740446393379731e+00 1.413522317176068910e+00 -1.914049090646572582e+00
-2.681932453356512980e+00 1.432372428911716122e+00 -1.957789443299927212e+00
-2.856503737620928796e+00 1.217383636195234153e+00 -1.037690851636809297e+00
-2.854979588588637096e+00 1.219065291818046681e+00 -1.052229911372698279e+00
-2.852608379476407219e+00 1.221681973246109942e+00 -1.074845450189018337e+00
-2.841617750980853341e+00 1.239985569363443618e+00 -1.125964231301568752e+00
-2.844893459978955264e+00 1.227594134685206839e+00 -1.171051184350219154e+00
-2.847622072139657678e+00 1.214517999741619558e+00 -1.217707392369150154e+00
-2.849938322559496751e+00 1.201080245247906797e+00 -1.264734457732517914e+00
-2.858887286498969171e+00 1.172470611127431672e+00 -1.304646500423616073e+00
-2.855362804481307304e+00 1.218644064402464533e+00 -1.048560533795924732e+00
-2.853271925060775871e+00 1.220950198691403310e+00 -1.068512824110902759e+00
-2.840679457710391098e+00 1.243536785503042141e+00 -1.113033736294736453e+00
-2.842781153270183658e+00 1.235589046551067050e+00 -1.141938852562097484e+00
-2.845150700123285414e+00 1.226635514912891800e+00 -1.174465960015279364e+00
-2.847172763538108775e+00 1.217113076577869712e+00 -1.208655550002169843e+00
-2.848604019941013199e+00 1.208801445944278852e+00 -1.237764247943728080e+00
-2.850123063647145294e+00 1.199995594714184710e+00 -1.268563579294093913e+00
-2.865413793280445987e+00 1.158533191179022204e+00 -1.291614091136411124e+00
-1.355392292707916280e+00 2.787637964340128782e+00 -1.078400198835270052e+00
-1.346627954163551966e+00 2.789603781950227734e+00 -1.127660246039901226e+00
-1.284883471109450781e+00 2.807671306427554914e+00 -1.329142076302769926e+00
-1.300257061925894408e+00 2.801036519458008911e+00 -1.335194723874145950e+00
-1.321928153604950307e+00 2.791364904247215950e+00 -1.343940204957135842e+00
-1.347700352535787571e+00 2.776625983526348929e+00 -1.354551214817629967e+00
-1.377093239983494311e+00 2.759820183345725653e+00 -1.366592364995530051e+00
-1.406833262277215502e+00 2.742814112944922833e+00 -1.378804546376197981e+00
-1.435798157555942201e+00 2.726250904432735211e+00 -1.390704465989232030e+00
-1.342821085874305487e+00 2.793998401191022829e+00 -1.073659346509168167e+00
-1.315205743690111895e+00 2.805605672464354328e+00 -1.113601323715080804e+00
-1.281996889187480448e+00 2.820230217576749965e+00 -1.147447157310589327e+00
-1.115289511131548839e+00 2.907568070711593844e+00 -7.251763893366163227e-01
-2.385408021365778453e+00 1.344955288509305458e+00 -4.197659711273054484e+00
-2.364411693258672287e+00 1.306489891326505948e+00 -4.223847582368793319e+00
-2.383632708687287938e+00 1.354332066148735025e+00 -4.208194525720106327e+00
-2.361179972889646539e+00 1.330033904785040466e+00 -4.247290662292471097e+00
-2.340530261569035542e+00 1.317113180984010423e+00 -4.288984043124059120e+00
-2.459222583710082510e+00 1.345129760093731086e+00 -3.691107366952479207e+00
-2.463857674165570000e+00 1.318682123743486256e+00 -3.733188890404847804e+00
-2.467438533829446889e+00 1.293809324951661122e+00 -3.776349782624464968e+00
-2.503980366409956471e+00 1.266577605157436448e+00 -3.830553310178781423e+00
-2.481472774001616699e+00 1.234023857494369603e+00 -3.867873002126237303e+00
-2.461581714807397070e+00 1.345308288039978484e+00 -3.679811202277866400e+00
-2.457508744643680743e+00 1.345000564713140001e+00 -3.699312497959188484e+00
-2.471235445517960372e+00 1.306634419012507209e+00 -3.728097475857016896e+00
-2.526406429131701437e+00 1.262127011463121784e+00 -3.763527645491032025e+00
-2.513151046009056699e+00 1.222786908876084322e+00 -3.770430664732461246e+00
-2.620694855816371405e+00 1.635833891519839156e+00 -1.314511171193352368e+00
-2.596764830683797154e+00 1.676560534677298930e+00 -1.298436498907444170e+00
-2.570602931231950716e+00 1.715528867183911510e+00 -1.282223830496911576e+00
-2.544385744584111819e+00 1.753999175007038946e+00 -1.265825085483279766e+00
-2.517951916146531133e+00 1.793028259705937932e+00 -1.249480403102655401e+00
-2.491523511362820908e+00 1.832051134591522912e+00 -1.233122460404352028e+00
-2.463592550100890843e+00 1.872374118841732216e+00 -1.224321005624491754e+00
-2.433970569541833662e+00 1.912323275700890335e+00 -1.222521185952449185e+00
-2.401757113149178835e+00 1.949917905775572002e+00 -1.226966884698543758e+00
-2.624680970633986199e+00 1.630230848633381635e+00 -1.301278246694734575e+00
-2.608915190099652115e+00 1.661306668039734591e+00 -1.265555774117144594e+00
-2.595600943866847476e+00 1.685787325132247050e+00 -1.224176834751503407e+00
-2.586072799491191176e+00 1.704039428754724916e+00 -1.178758098561426770e+00
-2.579052630112099287e+00 1.718486019421392452e+00 -1.131542628912781678e+00
-2.682058564478334795e+00 1.221873551964228977e+00 -2.786660918227405581e+00
-2.692738258992471323e+00 1.207332199583900367e+00 -2.757244366662050528e+00
-2.690812104667392290e+00 1.220622003693911939e+00 -2.732669057004896374e+00
-2.695932956479677678e+00 1.218905360999262166e+00 -2.703841350924699238e+00
-2.701947496291791762e+00 1.216887977044223801e+00 -2.669985882817189182e+00
-2.708522785797222276e+00 1.214488799348674597e+00 -2.632214493399420707e+00
-2.713924746131527233e+00 1.212140035666419147e+00 -2.598011203001933556e+00
-2.677963372865617586e+00 1.227443004308699015e+00 -2.797959116590452933e+00
-2.682458863694675788e+00 1.221325919205695110e+00 -2.785565573644689152e+00
-2.687314543186507088e+00 1.214716848256878201e+00 -2.772184274971074558e+00
-2.774914331277809953e+00 1.160194835934102553e+00 -2.796787756636373690e+00
-2.761223448246083123e+00 1.119409340113707074e+00 -2.802184241320947677e+00
-2.746851935339556405e+00 1.078305150263413115e+00 -2.808679920598355473e+00
-2.785968834579408693e+00 1.044137773181567530e+00 -2.586903791594000523e+00
2.882535130916231036e+00 1.213881545957442354e+00 -2.706334295320985683e-01
2.897191962505379248e+00 1.179446540327907744e+00 -2.374688176441623055e-01
2.911421635593630874e+00 1.144892584030015703e+00 -2.042628133894222597e-01
2.925231989893088524e+00 1.110304293679896137e+00 -1.710539974682262487e-01
2.938319549049087875e+00 1.075164197511002007e+00 -1.379179832229595337e-01
2.951426263125509042e+00 1.040077842460195079e+00 -1.047472751812761615e-01
2.963645827592429338e+00 1.004730691557387923e+00 -7.154677491420652347e-02
2.975039279649068114e+00 9.694296837037014170e-01 -3.823920523397775911e-02
2.991866592383043422e+00 9.175936030722500192e-01 -2.467774260123454730e-02
2.885625225409828243e+00 1.206424510536167949e+00 -2.831102790940407399e-01
2.903348703818380283e+00 1.161672110750376463e+00 -2.705672116548551442e-01
2.942490920297427426e+00 1.059645466009172310e+00 -3.008452679282686004e-01
2.946752226907834338e+00 1.049621571047536728e+00 -2.819072173241695123e-01
2.949473886089647667e+00 1.042336424604029421e+00 -2.676682866402518290e-01
2.951215294862162164e+00 1.037389351534452331e+00 -2.584698220406770885e-01
2.952247850391799489e+00 1.034455249259849774e+00 -2.530312647677673277e-01
2.952740235578001471e+00 1.033055427178756203e+00 -2.504512562183691116e-01
2.952810065964058595e+00 1.032855873702258398e+00 -2.501061824577482939e-01
2.723013737767820963e+00 1.537955386732941410e+00 -7.388288002358661677e-02
2.718787311588382494e+00 1.543859831680364891e+00 -2.448424218077008621e-02
2.715571364574412172e+00 1.550019278624272800e+00 -7.836992653123681096e-02
2.700141712320222265e+00 1.574121758193636200e+00 -3.780581407124322668e-02
2.681335677673650331e+00 1.603765717703765858e+00 -3.034299055196035093e-03
2.248000109324841844e+00 2.171672648663903527e+00 -1.368615575474400881e-01
2.222602538434268027e+00 2.199488401708074470e+00 -1.041195151542987085e-01
2.196305304543336945e+00 2.226045171879546203e+00 -7.147041090716765854e-02
2.167943344704005515e+00 2.250228418776692774e+00 -3.877369588475775009e-02
2.139791783305184492e+00 2.274228579936058647e+00 -6.057713911316353270e-03
2.256091029906598600e+00 2.163704579351503732e+00 -1.272133429636402857e-01
2.243972160891722911e+00 2.178332554609024641e+00 -8.112520345056382920e-02
2.237789993646421394e+00 2.186914704487953554e+00 -3.243706404035216068e-02
2.995802997764016595e+00 9.489528370656340472e-01 -8.183876646443281055e-01
2.996296856732366010e+00 9.419599478836723216e-01 -7.696288431902481575e-01
2.996568566963799363e+00 9.349807326936030449e-01 -7.205881888756117126e-01
2.979568007570889243e+00 9.229179451616097429e-01 -6.709510627432960783e-01
2.983736450185498157e+00 9.147478421516266334e-01 -6.218914816114986532e-01
2.987490538755584346e+00 9.068905654885023315e-01 -5.727385597517226090e-01
2.991171902966955454e+00 8.992143169433133298e-01 -5.235414542266154658e-01
2.991069839255334983e+00 9.359310766324215880e-01 -8.215130864078953321e-01
2.984476550049424581e+00 9.092883172098201738e-01 -7.800334754521593972e-01
2.937851033016092295e+00 9.395579346351963235e-01 -1.438568717676583120e+00
2.482961617859087422e+00 1.364103118478522170e+00 -3.523203493373250783e+00
2.481171448598883611e+00 1.360371334549420608e+00 -3.543215312968225561e+00
2.478741506984507570e+00 1.355305948250397297e+00 -3.570378783456588767e+00
2.475798485379161029e+00 1.349170958761040762e+00 -3.603277945693937223e+00
2.471712754424401748e+00 1.341895252583241938e+00 -3.640385521702206972e+00
2.467095713957892844e+00 1.333766382433497988e+00 -3.680750477970587742e+00
2.474901372172928049e+00 1.301888627912451968e+00 -3.721380701101898669e+00
2.480727687313727614e+00 1.273178476982707696e+00 -3.763439610096666943e+00
2.485162035581727658e+00 1.246969101914367384e+00 -3.806339471843216860e+00
2.496872479582140425e+00 1.360821890928557654e+00 -3.461446120862035070e+00
2.518157255244971804e+00 1.334263181491559980e+00 -3.429504285367059868e+00
2.539052465734552566e+00 1.306386312152268747e+00 -3.396233036392411808e+00
2.257613349087653987e+00 1.350779542988790993e+00 -4.496568795646434857e+00
1.369159357635153951e+00 2.124491555160392675e+00 -4.892282756006387956e+00
1.361520741586650818e+00 2.117913871209035737e+00 -4.925422921506033447e+00
1.323726752849531563e+00 2.132721535131952617e+00 -4.954270571178004623e+00
1.284883732830567782e+00 2.147351599297223412e+00 -4.981698291646259769e+00
1.245161305371556892e+00 2.162203549947303127e+00 -5.007629245257719575e+00
1.203258962311030356e+00 2.177263956426934044e+00 -5.029291333958745724e+00
1.161100294480577277e+00 2.193530264065939317e+00 -5.047745324426379021e+00
1.087146031001114288e+00 2.335186995641858054e+00 -4.711921137450449493e+00
1.084988396562207358e+00 2.322858532742739346e+00 -4.755102743097250340e+00
1.082756472654762714e+00 2.310121258806915101e+00 -4.799720365225116581e+00
1.066966356866912768e+00 2.303039085785217654e+00 -4.846371106211357471e+00
1.052703342260933761e+00 2.295504801227377989e+00 -4.893598126652489277e+00
1.042974087177522602e+00 2.285889509207120529e+00 -4.941506080935715417e+00
1.086891559803918161e+00 2.333730604215275228e+00 -4.717021662290679096e+00
1.084554620529599944e+00 2.320432747300015919e+00 -4.763613147719251373e+00
1.074430291281257555e+00 2.310445594681159065e+00 -4.811169589837508198e+00
1.061390849283207594e+00 2.301920255425792483e+00 -4.858366409834617095e+00
1.047494461858383241e+00 2.294364895461092235e+00 -4.905644003720500912e+00
7.628140163011739583e-01 2.178628856604710951e+00 -5.600172099322385577e+00
7.739101981026398347e-01 2.158132674161756359e+00 -5.644357337770197880e+00
7.850076896202772270e-01 2.137631304878401473e+00 -5.688555125993699058e+00
7.961515574521745853e-01 2.117265852080886024e+00 -5.732820011927524106e+00
8.069450860390763314e-01 2.096193393094784252e+00 -5.776767109837600778e+00
8.172886685384301853e-01 2.074106100621023518e+00 -5.820323583577459381e+00
8.276110433129417743e-01 2.052017776327728082e+00 -5.863903618947025720e+00
8.382774732978628407e-01 2.029984078622026900e+00 -5.907576255081518291e+00
8.215608797061491053e-01 2.018434537714248300e+00 -5.953182396684921329e+00
7.759438208308685470e-01 2.176649574829722322e+00 -5.593428802101541031e+00
8.068308525766478834e-01 2.153948595712733560e+00 -5.625386296492346894e+00
8.433224885745792543e-01 2.131053906374537288e+00 -5.650471924360929599e+00
8.833423148408384717e-01 2.107329120206938633e+00 -5.668239885764073449e+00
9.250171316546024203e-01 2.083436894081230673e+00 -5.681316583439899759e+00
9.685093604367228659e-01 2.060661897859988656e+00 -5.689400931044034770e+00
1.013106006148770666e+00 2.038953414000801878e+00 -5.693463532146311401e+00
1.057336542396544399e+00 2.016268706197386962e+00 -5.692963360966476927e+00
1.101257503235571145e+00 1.993179345425859061e+00 -5.689358300707282545e+00
9.733855503894295325e-01 2.159627732222354268e+00 -5.421322742329260258e+00
9.738149724903448767e-01 2.160880245170716307e+00 -5.417069312426560757e+00
9.742505464336157495e-01 2.162098994185787770e+00 -5.412905865012885620e+00
9.747064539879972678e-01 2.163377157239048110e+00 -5.408540703129199656e+00
9.751171268770640888e-01 2.164529255666673979e+00 -5.404606449178004368e+00
9.753425019940159535e-01 2.165159680990146107e+00 -5.402452722348304981e+00
9.753114923373875644e-01 2.165067058990865156e+00 -5.402766221016762849e+00
9.750780238421015156e-01 2.164402944053813282e+00 -5.405029542759396399e+00
9.747760531580844656e-01 2.163545472376047663e+00 -5.407952564431915299e+00
9.719220624850538615e-01 2.155489562661719649e+00 -5.435437876651528555e+00
9.700814210338519761e-01 2.150337601211978367e+00 -5.453036934585754558e+00
9.675033231790515220e-01 2.143046191414895940e+00 -5.477906879589744094e+00
9.641133847579336225e-01 2.133211530904674191e+00 -5.508088513219735916e+00
9.598493397169207686e-01 2.121635554096711118e+00 -5.542777757698390317e+00
9.551528713945717231e-01 2.108897695779049286e+00 -5.580953912366755532e+00
-3.983117362657748184e-02 2.254287689867015665e+00 -5.754180816991028458e+00
-4.256072161527293951e-02 2.236313178374084387e+00 -5.800712829606258225e+00
-4.537930342589509281e-02 2.218335530607904005e+00 -5.847247941098153490e+00
-4.820371063579712706e-02 2.200355281642268235e+00 -5.893789478673669535e+00
-5.104492174901865270e-02 2.182685885858484998e+00 -5.940478216623250596e+00
-5.381163396477356420e-02 2.165070061584270622e+00 -5.987235756315321566e+00
-5.660002595518979357e-02 2.147464994054380405e+00 -6.033963426915671668e+00
-5.939702826915306544e-02 2.129446435685244943e+00 -6.080488410943642563e+00
-6.214187752721755942e-02 2.109699731789722144e+00 -6.126306225168339559e+00
-5.435703907651257688e-02 2.255124536167154137e+00 -5.751183747538050284e+00
-7.983751320331973489e-02 2.239264068176304523e+00 -5.790935046063971470e+00
-1.127226766453452989e-01 2.225158275224229154e+00 -5.825709011627624001e+00
-1.509770521840529955e-01 2.212350856053529213e+00 -5.855060689561315534e+00
-1.919959145865492711e-01 2.199411777928809375e+00 -5.880200480040677746e+00
-2.355413356840330152e-01 2.186267466835509765e+00 -5.900333952443101992e+00
-3.831027664872877492e-01 2.162586503823098472e+00 -5.911946805542499739e+00
-3.832453838485657127e-01 2.156347896712195400e+00 -5.927052908272372633e+00
-3.832392536684138817e-01 2.151139893089788924e+00 -5.939717589233918460e+00
-3.668272999748640739e-01 2.322389319695496557e+00 -5.474417310718054708e+00
-4.158422451300515243e-01 2.316966788301003888e+00 -5.468133486991932024e+00
-3.658409528768667984e-01 2.317840612671538736e+00 -5.488576042169030167e+00
-4.111365144704909880e-01 2.305601688946751882e+00 -5.504741936668529512e+00
-4.517872855114509756e-01 2.288726262759565699e+00 -5.527703582635297153e+00
-4.902859213672093874e-01 2.271411487206040469e+00 -5.553969589485316938e+00
-5.277134843931505781e-01 2.253792712635767970e+00 -5.581816141818011445e+00
-5.638731004117343293e-01 2.235235559740608835e+00 -5.610180244452915410e+00
-5.991654781882718162e-01 2.215042363737815823e+00 -5.638611221103017712e+00
-6.310494482982689224e-01 2.194556187052577823e+00 -5.670326090231029958e+00
-6.590913940251119651e-01 2.174112007279363379e+00 -5.705131862049464431e+00
1.232657070534832755e+00 2.073624909384395032e+00 -5.279675838352756223e+00
1.266472969931667247e+00 2.045252805431402532e+00 -5.302824325001287420e+00
1.300271684001091277e+00 2.016886969158240728e+00 -5.325984483571079231e+00
1.332664878766306904e+00 1.986512973591734177e+00 -5.348348388210234283e+00
1.364623896295619199e+00 1.955450034181036800e+00 -5.370528066138167134e+00
1.396146760537075204e+00 1.927033773534600591e+00 -5.386894926292077557e+00
1.425696628855670944e+00 1.910222089951042035e+00 -5.377049963191745441e+00
1.454902293887189391e+00 1.892585253948247948e+00 -5.366739677443237433e+00
1.483798408306172822e+00 1.873172630022011509e+00 -5.355752893322820896e+00
1.239071252569811099e+00 2.074415946250715237e+00 -5.266319042353987179e+00
1.281485668681574097e+00 2.048500780535894350e+00 -5.267546844173178755e+00
1.324723674883987679e+00 2.025080913964266038e+00 -5.260177162524812822e+00
1.366706456079042065e+00 2.003580719010083833e+00 -5.244505818008122766e+00
1.406571719739869497e+00 1.982322470216558052e+00 -5.223876597753297268e+00
1.444857333000481692e+00 1.963499082984837107e+00 -5.198539645183570812e+00
1.480083896502311536e+00 1.949628314852435818e+00 -5.166502471878361646e+00
1.511515370843837580e+00 1.940489754049118831e+00 -5.129290736964268405e+00
1.538535323281883249e+00 1.933488856133663170e+00 -5.088216283788699279e+00
-2.243886399977124135e+00 1.510254226840865410e+00 -4.168713742830835400e+00
-2.242439895070533762e+00 1.517267751155193078e+00 -4.155766558678074318e+00
-1.932553784627705440e+00 1.700512060083857024e+00 -4.712290210655741163e+00
-1.961957451308393940e+00 1.661735902002101639e+00 -4.722906593653121377e+00
-1.991439062187099207e+00 1.622942213634277930e+00 -4.733539976205010547e+00
-2.020997114429408104e+00 1.584163957291577551e+00 -4.744215409418636398e+00
-2.048004792996549028e+00 1.543563924814840727e+00 -4.754120794939067807e+00
-2.074006147578807191e+00 1.502672167335149522e+00 -4.763895093587369622e+00
-2.100828260150586768e+00 1.460344489707551929e+00 -4.774311624055525449e+00
-2.126967428764574564e+00 1.419310936448671789e+00 -4.783965419464442093e+00
-1.936178102636719744e+00 1.702164855985634384e+00 -4.698016803627942828e+00
-1.969933525181960743e+00 1.667807759770868481e+00 -4.685597469454103603e+00
-2.003357714541596390e+00 1.637202540977426457e+00 -4.665028026492147539e+00
-2.034490878355374566e+00 1.610074232145811024e+00 -4.637278462941099910e+00
-2.063542655648682000e+00 1.585406711369035104e+00 -4.605433790041634445e+00
-2.091059273563859566e+00 1.564213993646215384e+00 -4.569781832519886677e+00
-2.117328920464928821e+00 1.545564182570249745e+00 -4.531744232610622092e+00
-2.141538947013565952e+00 1.529419837061452903e+00 -4.491270406298836448e+00
-2.168144526335511468e+00 1.505838783682746040e+00 -4.456576712542381635e+00
-7.421853111923295554e-01 2.100371326967237273e+00 -5.823197965059374148e+00
-7.316692583981041498e-01 2.085360787384660242e+00 -5.869722772415945755e+00
-7.212736417016815116e-01 2.070713068457916695e+00 -5.916388853891216826e+00
-6.775984700376572745e-01 2.066231817282973893e+00 -5.965647376790587764e+00
-6.759190952389326768e-01 2.049024694029992766e+00 -6.011368718725038640e+00
-6.738860973444221747e-01 2.030750075245318698e+00 -6.056449630454498134e+00
-6.715139356688737404e-01 2.011566140380055767e+00 -6.101121912803201930e+00
-6.593976620610880746e-01 1.995206055246838028e+00 -6.146647287906187529e+00
-6.550008942061458228e-01 1.976180760174560458e+00 -6.192470966476503413e+00
-7.289396470575386644e-01 2.106255627813160114e+00 -5.819688332929821684e+00
-6.980413607986061253e-01 2.100921739560858814e+00 -5.858835848247711198e+00
-6.613228853852912703e-01 2.099963809859127117e+00 -5.892921269721767885e+00
-6.203038337604552810e-01 2.102615645398987265e+00 -5.921533230106108547e+00
-5.750001299447550229e-01 2.106859752329318436e+00 -5.942127893849285414e+00
-5.287177750878152560e-01 2.112691622900296995e+00 -5.957864698474672593e+00
-4.768448369705662881e-01 2.117566762336383857e+00 -5.975687675756123696e+00
-4.763818796230007702e-01 2.109353141870109472e+00 -5.997293763795031651e+00
-4.757904131606793818e-01 2.098292365265443049e+00 -6.026370562789939100e+00
-1.148454834547757653e+00 1.940429199287278861e+00 -5.754055443659534141e+00
-1.154639877313165863e+00 1.939222373689733825e+00 -5.748642358462911162e+00
-1.160761516331764165e+00 1.938063237383806703e+00 -5.743198360835926053e+00
-1.167318320927383635e+00 1.936820299606225149e+00 -5.737370800079329314e+00
-1.174703603425094833e+00 1.935418820599803968e+00 -5.730810552291837112e+00
-1.182938286849679166e+00 1.933635936137527267e+00 -5.723099297450976231e+00
-1.192587517839486910e+00 1.931195230050962941e+00 -5.714033638328163356e+00
-1.203973091572162923e+00 1.928314905330493323e+00 -5.703337641219603071e+00
-1.217317176292991299e+00 1.924940847230871332e+00 -5.690797685120744909e+00
-1.158885066892348048e+00 1.938444801659736427e+00 -5.744802858020546132e+00
-1.176561529174126486e+00 1.935043209790263230e+00 -5.729216544357134566e+00
-1.192916147868576138e+00 1.931138989149863372e+00 -5.713661726809121433e+00
-1.209620062966437759e+00 1.926921314097661986e+00 -5.697950505044241609e+00
-1.246997502505703403e+00 1.897121502338056986e+00 -5.710489556383914866e+00
-1.283455862669597547e+00 1.867035811730963335e+00 -5.724503683923180652e+00
-1.318733900076884957e+00 1.835701034647688301e+00 -5.738608164692562852e+00
-1.353255120011968682e+00 1.803312424235597344e+00 -5.752662051836762380e+00
-1.428527892715097058e+00 1.740940367534673072e+00 -5.760305096514571233e+00
-1.782606623074834307e+00 1.561313393179749376e+00 -5.424554622760846101e+00
-1.892940010763308978e+00 1.636667613381926012e+00 -4.983068637426634417e+00
-1.925502016709301323e+00 1.600200541922007114e+00 -4.976228288681626921e+00
-1.957738595323509578e+00 1.563167343907926110e+00 -4.968996285290716131e+00
-1.989863065713550538e+00 1.526212724685482192e+00 -4.961893520001939173e+00
-2.051688803956968066e+00 1.489872949901758448e+00 -4.969660034360471990e+00
-2.051370345627089975e+00 1.453782593481902419e+00 -4.954559180676073815e+00
-1.893140897802016775e+00 1.642420047418710061e+00 -4.969350466901512497e+00
-1.924850962519595088e+00 1.616450147639548751e+00 -4.941548189204138630e+00
-1.954202058512154672e+00 1.596188816658305809e+00 -4.907170682674684592e+00
-1.980190300370603396e+00 1.581850844633697184e+00 -4.867746581687204532e+00
-2.903661036615859725e+00 1.049938426186126206e+00 -1.346811931777782245e+00
-2.916781308251509497e+00 1.018775586423715573e+00 -1.310043630635641110e+00
-2.969099872967359222e+00 9.819631539390148989e-01 -1.276661828827002632e+00
-2.962457912976406593e+00 9.505042766089676354e-01 -1.237416627986001938e+00
-2.906035674487243092e+00 1.040844659551269924e+00 -1.358405187381046764e+00
-2.965217115139026305e+00 9.910093827088202190e-01 -1.344887341669181113e+00
-2.950940536216799970e+00 9.443658245304767940e-01 -1.330231284165043659e+00
-2.369280886179346179e+00 1.987308895117856800e+00 -1.230784975444804141e+00
-2.336510766874564826e+00 2.025150152814582771e+00 -1.234537671880395093e+00
-2.303921953089779429e+00 2.062932184300057870e+00 -1.238349057865951730e+00
-2.271462433977435857e+00 2.100558177908259161e+00 -1.242221734707858571e+00
-2.237441196996973858e+00 2.136454965152375429e+00 -1.246012567667620141e+00
-2.201781889510114887e+00 2.170788501305724871e+00 -1.249724426566116708e+00
-2.167008283329707741e+00 2.203506604688106219e+00 -1.263140506096469995e+00
-2.133321071724106677e+00 2.234520042916929405e+00 -1.285750445728849334e+00
-2.103745007437065606e+00 2.260967469074350422e+00 -1.316604035654761695e+00
-2.370789192019234992e+00 1.984224628730954398e+00 -1.245273009130579922e+00
-2.342441357885228115e+00 2.015229804032331984e+00 -1.271739231104947354e+00
-2.317031221701823629e+00 2.042237372517934801e+00 -1.305227242865223181e+00
-2.295285281881362938e+00 2.064518587943219519e+00 -1.344239120264797194e+00
-2.274930225656643490e+00 2.082106751503294273e+00 -1.385964105693521686e+00
-2.257304847847795060e+00 2.095760015132738907e+00 -1.430381102445571484e+00
-2.242100895207738809e+00 2.106699249176624100e+00 -1.476461169598300982e+00
-2.229584239690546976e+00 2.114951099680745017e+00 -1.524030624789478150e+00
-2.219380003931146206e+00 2.121346306841602303e+00 -1.572471183588926458e+00
2.954162750521849290e+00 1.029012839814146041e+00 -2.429664191203116663e-01
2.956610115384261661e+00 1.022062187601581407e+00 -2.299998668840091964e-01
2.951335339104415922e+00 1.037042917170204692e+00 -2.579450700728656565e-01
2.949782007084226887e+00 1.041454427364750579e+00 -2.661756753138319609e-01
2.948049026949947304e+00 1.046375998469092572e+00 -2.753611141902593262e-01
2.946153204176356510e+00 1.051039108956680845e+00 -2.843868060184526758e-01
2.943705729939230853e+00 1.056791740173242067e+00 -2.953626753341759281e-01
2.941806312902888187e+00 1.061256306680685713e+00 -3.038783984505988300e-01
2.939284843393752400e+00 1.067183130935294377e+00 -3.151802321786060790e-01
2.935244302765181779e+00 1.076680773929294732e+00 -3.332871137677455020e-01
2.929824344293136207e+00 1.089420873149836710e+00 -3.575752733684661178e-01
8.182522937748989422e-01 2.001147214373903083e+00 -5.999462626198871718e+00
8.148144488406733332e-01 1.983531700405473774e+00 -6.045710019426096871e+00
8.107295303987009927e-01 1.964333329858551025e+00 -6.091374856931236259e+00
8.097281564562224254e-01 1.943866091876360835e+00 -6.137013201599835988e+00
8.094212747029084776e-01 1.923117121154141129e+00 -6.182472487244018211e+00
8.087307631985848344e-01 1.902287155110678141e+00 -6.227899774398934163e+00
8.076577637673482135e-01 1.881179570177734739e+00 -6.273107661757701514e+00
8.063508454771622924e-01 1.859871205497124258e+00 -6.318782551919611912e+00
8.046637365814597320e-01 1.838401309148619323e+00 -6.364067462411858500e+00
8.185362542090645066e-01 2.002627763190660826e+00 -5.995498411504424752e+00
8.155710792587955726e-01 1.987115870350343094e+00 -6.037021941600387187e+00
8.121306303655384529e-01 1.970891817088825881e+00 -6.075769873206670724e+00
8.089102634216077670e-01 1.955766014881914039e+00 -6.111749589046143072e+00
8.329211571278688497e-01 1.929668446762526468e+00 -6.146984395572989257e+00
8.598068096258687509e-01 1.903482434430840087e+00 -6.179802557598503832e+00
8.906391750700505261e-01 1.876237421605792655e+00 -6.207569399270849608e+00
9.250918649882599043e-01 1.847815139574844556e+00 -6.229251069504059046e+00
9.916013802088348150e-01 1.831856496868767170e+00 -6.285083182996922702e+00
1.194092904719839199e+00 1.942546534015588744e+00 -5.685204078437001485e+00
1.193676600832697998e+00 1.941051082034860764e+00 -5.689278718181501660e+00
1.193270107180070649e+00 1.939553330372024043e+00 -5.693344881146900960e+00
1.192832055810711500e+00 1.937942860575673443e+00 -5.697718418700189247e+00
1.192334087750753779e+00 1.936115820773858021e+00 -5.702681517023217239e+00
1.191748763210566331e+00 1.933971767076091419e+00 -5.708507118270533809e+00
1.191047967458823686e+00 1.931407844511352057e+00 -5.715474739321762421e+00
1.190202046791592361e+00 1.928315628226398459e+00 -5.723879056922938524e+00
1.230909577898070983e+00 1.899939321811590975e+00 -5.729191884090186093e+00
1.195492646602972275e+00 1.947648810873578329e+00 -5.671331070074021596e+00
1.196833322756460039e+00 1.953605907933928298e+00 -5.654141642729133999e+00
1.198815734146028378e+00 1.961717486219494155e+00 -5.629649023371610994e+00
1.201281713472336588e+00 1.971783295860739305e+00 -5.599245763558556632e+00
1.204119678940263505e+00 1.983374776604351020e+00 -5.564237250650105437e+00
1.231883055690580431e+00 1.981724436549072932e+00 -5.522842690440158187e+00
1.257748126224623730e+00 1.983094575911473756e+00 -5.480217986632492710e+00
1.283743907813721385e+00 1.984311075343531794e+00 -5.437766076501719503e+00
-7.224964634987778023e-02 2.090089841906652701e+00 -6.171117919487425496e+00
-1.138609523379501831e-01 2.046418328668065723e+00 -6.269110784544349890e+00
-1.248930323382393404e-01 2.026769503890604174e+00 -6.313881155512176768e+00
-1.364790887355730453e-01 2.006952134582768998e+00 -6.358224824107117534e+00
-1.484817526402754662e-01 1.985972519642633438e+00 -6.401860135417025255e+00
-1.606944242061546513e-01 1.964350634204482748e+00 -6.445154293409799173e+00
-1.731193044744539500e-01 1.942877993637913026e+00 -6.488475031425600115e+00
-1.857375806206029989e-01 1.921287176311221145e+00 -6.531706243883135699e+00
-2.015543354248203745e-01 1.910938825563295973e+00 -6.604597410977577354e+00
-5.736734066958013717e-02 2.090269578621180013e+00 -6.172086945600260499e+00
1.699680212587191541e-02 2.066861553950215313e+00 -6.230189207406704455e+00
7.505840173317264788e-03 2.052327050896827210e+00 -6.266648494803439995e+00
-6.317689155996519769e-04 2.038350512625191957e+00 -6.297279399752079954e+00
-7.754509806830860510e-03 2.026199701333654790e+00 -6.323906443165229874e+00
-1.364738658204810856e-02 2.016146900163617861e+00 -6.345935950584837393e+00
2.479638005709674728e-02 2.002976117554023716e+00 -6.374717183173254753e+00
6.545645257125509708e-02 1.990072392044471616e+00 -6.399923574572971674e+00
2.096087559662687672e-01 1.977845065256962132e+00 -6.407740454273096908e+00
-3.832423831591222352e-01 2.149082110711916016e+00 -5.944719250326157223e+00
1.509316432328529300e+00 1.856018937176928674e+00 -5.346075575836810145e+00
1.540670323543044118e+00 1.822115789547053222e+00 -5.365244471184818842e+00
1.573181486919669192e+00 1.788192420972661623e+00 -5.382383263497726666e+00
1.605163361594783566e+00 1.753225976593179247e+00 -5.397955746231691165e+00
1.636519889222025181e+00 1.716997659758467076e+00 -5.412288781515962377e+00
1.667784466197871351e+00 1.680986449352184664e+00 -5.426332038034670013e+00
1.697819556538252561e+00 1.644070292375109821e+00 -5.439717644486044001e+00
1.727133417792342973e+00 1.606386828822768731e+00 -5.452638863865347574e+00
1.517055882297149827e+00 1.850819644108515405e+00 -5.343132605224573339e+00
1.553233327729542035e+00 1.817319918581394189e+00 -5.351404191890536843e+00
1.591413961206880279e+00 1.785103274653871752e+00 -5.352854593248738801e+00
1.629172545877584533e+00 1.753434528972727113e+00 -5.345862744358000462e+00
1.666022183937506895e+00 1.724059773859137001e+00 -5.330916814238515045e+00
1.702225776162445747e+00 1.698300689404286468e+00 -5.308978413948652886e+00
1.737198808879374168e+00 1.675961343553124649e+00 -5.281833183015811173e+00
1.769727687108207714e+00 1.655576578829401679e+00 -5.250390310199105848e+00
1.799762603967949515e+00 1.637752501137309746e+00 -5.214994155047414814e+00
1.574162805121212205e+00 1.915775962534368437e+00 -5.057824927204181975e+00
1.609476679831764567e+00 1.898352378588769485e+00 -5.027327287729315586e+00
1.644466088452893882e+00 1.881423208763147947e+00 -4.996779778977842312e+00
1.677839239251627701e+00 1.863098126584328051e+00 -4.965481244880373346e+00
1.711058927516363681e+00 1.843097182379376031e+00 -4.935008382836534757e+00
1.746874755240309218e+00 1.817319290997811754e+00 -4.912638837922024493e+00
1.783693918772436771e+00 1.787477129840729484e+00 -4.897958426925631770e+00
1.820048131052527385e+00 1.754836348081126429e+00 -4.889442542598499308e+00
1.855066786998218475e+00 1.719991976422134972e+00 -4.885284026222890930e+00
1.567396505374005544e+00 1.924565848678590818e+00 -5.048392223591172012e+00
1.591208256838261281e+00 1.921245039479066996e+00 -5.004659231915036699e+00
1.609206926269270754e+00 1.924102617886221278e+00 -4.958315045718466152e+00
-2.194773855812857111e+00 1.480320570489083165e+00 -4.423546208431566207e+00
-2.221476838504123474e+00 1.454736759878968000e+00 -4.390413358700556046e+00
-2.246922521210996671e+00 1.428338469865675586e+00 -4.356895557927555451e+00
-2.272119896921116933e+00 1.401910330086894696e+00 -4.323120345342887028e+00
-2.196987801424824749e+00 1.471619633901701585e+00 -4.435308869987596658e+00
-2.225959355573664311e+00 1.433719929682121697e+00 -4.421727179148145837e+00
-2.296819538230213453e+00 1.393664830312865366e+00 -4.433340995106614280e+00
-2.290033866735665224e+00 1.346691501811325242e+00 -4.420808528544104554e+00
-6.495651261414698840e-01 1.957498207894694975e+00 -6.238570999277103901e+00
-6.440532062302950500e-01 1.938562806024920260e+00 -6.284481466042076470e+00
-6.383722070360473566e-01 1.919140725372481260e+00 -6.330175494953733661e+00
-6.326223430820464566e-01 1.899505828044291134e+00 -6.375765905866110472e+00
-6.538421172105886026e-01 1.897161619081072059e+00 -6.477595702629619367e+00
-6.263177931507510898e-01 1.854694072749700329e+00 -6.486846258386262498e+00
-6.638469960835891026e-01 1.953799801808375536e+00 -6.236350802551211103e+00
-6.810117966620579111e-01 1.930165046071205870e+00 -6.276909222246051634e+00
-7.055475038275302868e-01 1.905323459988527590e+00 -6.312536467096466097e+00
-7.352767170658960350e-01 1.878222606710772125e+00 -6.342030507569500486e+00
-7.716647135473825303e-01 1.846979631377188902e+00 -6.374275178008412368e+00
-8.074695575095250932e-01 1.822947156957757553e+00 -6.394961457475408118e+00
-4.751681382426619638e-01 2.086547527942661073e+00 -6.056915541085528432e+00
-4.741382440552238120e-01 2.071708012364362084e+00 -6.091202688986144587e+00
-4.730309285020132259e-01 2.055452350963228980e+00 -6.128751102801679451e+00
-3.618879908477625196e-01 2.058687819281104669e+00 -6.175035529508468457e+00
-3.611661981780557862e-01 2.042568015384798485e+00 -6.215002722232624954e+00
-3.602768083630251139e-01 2.025383269158334443e+00 -6.254424671378553846e+00
-3.592116278128724138e-01 2.006330569998137303e+00 -6.296764720999361131e+00
-3.499013863985656614e-01 1.987603651051022657e+00 -6.341513083469145329e+00
-3.501086910883365322e-01 1.967050567045482090e+00 -6.386419288123944327e+00
-4.749062166098622639e-01 2.082808957120300342e+00 -6.065554891313018615e+00
-4.736943479840394211e-01 2.065331314116066075e+00 -6.105936934720458176e+00
-4.724665006320247218e-01 2.047418318107780522e+00 -6.147317517280271204e+00
-3.614997384843491868e-01 2.049995280132888009e+00 -6.196587252941948343e+00
-3.607077031795294375e-01 2.032287188226118424e+00 -6.239065342535875303e+00
-3.596904920082771850e-01 2.013832483567060905e+00 -6.280070982445893790e+00
-2.767441908046761045e-01 2.009672145286727662e+00 -6.318552732977089192e+00
-2.724935595893558382e-01 1.994089122957814153e+00 -6.356397670540160583e+00
-2.682855433954704494e-01 1.978656824312155171e+00 -6.390267564770867104e+00
-1.467595862713385380e+00 1.702768560834487355e+00 -5.771762603256140878e+00
-1.517263241756592773e+00 1.673819327336863338e+00 -5.789158482578464771e+00
-1.461216588965381868e+00 1.702331596066761543e+00 -5.784825499685062766e+00
-1.493017426557448735e+00 1.672178533439527826e+00 -5.816677512813432038e+00
-2.074488564531004720e+00 2.286100828157252352e+00 -1.347176346256138801e+00
-2.043619362206351653e+00 2.309630794852270075e+00 -1.377761381183095324e+00
-2.082173436776814324e+00 2.278537318220015706e+00 -1.357237420940031303e+00
-2.064331758731142941e+00 2.289543694157215814e+00 -1.401788166672761404e+00
-2.052729938167310308e+00 2.294906814916678695e+00 -1.449347161328945921e+00
-2.044132395191270657e+00 2.297875014126110838e+00 -1.497979009812549167e+00
-2.037257367435266975e+00 2.299754262654742920e+00 -1.547078402072092906e+00
-2.031292460627492691e+00 2.300829024869075923e+00 -1.596425747717054699e+00
-2.032685425542834157e+00 2.295561299977074476e+00 -1.645818080757554203e+00
-2.035889137248346525e+00 2.287322594829228617e+00 -1.694451498852246329e+00
-2.218573092302237537e+00 2.117765363635730314e+00 -1.622266377043473762e+00
-2.217750944458057205e+00 2.114198874114865845e+00 -1.672078731185336675e+00
-2.216915454737820479e+00 2.110645394177347978e+00 -1.721902142652137258e+00
-2.215802743013797205e+00 2.106856461766151156e+00 -1.771710033913426185e+00
-2.213620686857940445e+00 2.102050852977677575e+00 -1.821381423185040926e+00
-2.214092150210014598e+00 2.094140933639703661e+00 -1.870671336793268358e+00
-2.220859105511370224e+00 2.079931937002235109e+00 -1.918038364780477956e+00
-2.230315463703914425e+00 2.063108187833524010e+00 -1.964077642824927583e+00
-2.242240354044518824e+00 2.043941382583150723e+00 -2.008519683589293336e+00
-2.208428102473654064e+00 2.128547546353488418e+00 -1.620665459761165828e+00
-2.192153769699057175e+00 2.141580680559176830e+00 -1.666049621901448230e+00
-2.169915121589931495e+00 2.159173886343331628e+00 -1.706838963285348232e+00
-2.142961824478154309e+00 2.180194390411657412e+00 -1.742507097073783040e+00
-2.114104922670439812e+00 2.203661911815091301e+00 -1.774595180121490312e+00
2.937258241939975090e+00 1.068332124764879376e+00 -4.023341816210905808e-01
2.944395531627466589e+00 1.047246548256683285e+00 -4.470890157199983728e-01
2.950567927483655595e+00 1.025825889451597472e+00 -4.918268858673923161e-01
2.953942999604977082e+00 1.012001374038858925e+00 -5.397311222108273077e-01
2.932011026795842579e+00 1.081541960406305902e+00 -4.069326316061293025e-01
2.930992210269252052e+00 1.081833030994694855e+00 -4.569359265611158682e-01
2.926374796563850911e+00 1.090275806530488723e+00 -5.059894931497517234e-01
2.919210547912954645e+00 1.106229741077458861e+00 -5.528357551761005073e-01
2.881802764352996427e+00 1.197129794491287313e+00 -6.028813255994052156e-01
2.882555724254499907e+00 1.193929821486324760e+00 -6.402012340053550021e-01
2.883286205633983190e+00 1.190878379441794088e+00 -6.749245882971594002e-01
2.883144808022322536e+00 1.187614888124066459e+00 -7.080708033158625847e-01
2.882839730783507637e+00 1.184316662151334798e+00 -7.406305664880644679e-01
1.010997002034205394e+00 1.793448865310192986e+00 -6.267975983497646730e+00
1.006160288071823894e+00 1.787463815332982264e+00 -6.270424051610811844e+00
1.268382022314485935e+00 1.869748540223810762e+00 -5.742244055408700198e+00
1.305328275159983065e+00 1.838731619943369200e+00 -5.754918679975263629e+00
1.341312384678820413e+00 1.806470539177356116e+00 -5.767039338028174811e+00
1.376747111119286160e+00 1.773511694010568851e+00 -5.778822668927791284e+00
1.411778420924785227e+00 1.739965270925987184e+00 -5.790348998842858030e+00
1.446734390667294923e+00 1.706473780793049011e+00 -5.801886341595001717e+00
1.480582791484111871e+00 1.671849586503398877e+00 -5.812858927416116650e+00
1.272730778394596918e+00 1.872775934050808999e+00 -5.728298005653424951e+00
1.314989170627908432e+00 1.848077228154626273e+00 -5.718711750159027218e+00
1.355533351702765232e+00 1.825627512079387449e+00 -5.700333958283001046e+00
1.394309019094603475e+00 1.807561141751980793e+00 -5.675018849405963017e+00
1.431449068102676359e+00 1.792151128284862560e+00 -5.645917772559185366e+00
1.465715825322591259e+00 1.779009558404946789e+00 -5.612508512214741785e+00
1.498005015551614028e+00 1.767557546366311572e+00 -5.576356004940956623e+00
1.578690059644207500e+00 1.725465454841595969e+00 -5.515188613093140013e+00
1.576839212219248054e+00 1.730964799873641047e+00 -5.506262005082930067e+00
2.142098431672208592e-01 1.963386534089015978e+00 -6.438837105462224208e+00
2.191318870113996564e-01 1.945817760006826491e+00 -6.473085896190729827e+00
2.244421505018193708e-01 1.926808329358969063e+00 -6.510146719947742078e+00
2.627502009622111889e-01 1.923281026923275849e+00 -6.595974270083139857e+00
2.819654738668456728e-01 1.882063922201397066e+00 -6.591308458117723035e+00
2.126334429405497550e-01 1.968418142339134258e+00 -6.428177475755592063e+00
2.149722063283001083e-01 1.960684269583961692e+00 -6.444103694862457488e+00
2.178174585558260434e-01 1.950521129339769733e+00 -6.463916325983307232e+00
2.197419826524924513e-01 1.943656173644443097e+00 -6.477298665912294418e+00
2.221659868658507619e-01 1.934985391668301746e+00 -6.494202811625397587e+00
2.242060792070955100e-01 1.927702678198857322e+00 -6.508399877589400973e+00
2.906970869026958004e-01 1.946264662056270245e+00 -6.592132805693061037e+00
3.356745935180860396e-01 1.925511039832378479e+00 -6.582794544922419000e+00
3.816371419100744733e-01 1.912483529871868537e+00 -6.570727832908692889e+00
1.831074392108439586e+00 1.617291717850894983e+00 -5.182119184008116441e+00
1.869872822748472663e+00 1.589166395095142903e+00 -5.147196536084851282e+00
1.872419623236800668e+00 1.598112650618478625e+00 -5.122276024881790235e+00
1.875059243865989878e+00 1.607402811195963510e+00 -5.096409837012219057e+00
1.877871537784900235e+00 1.617304788174737329e+00 -5.068843008937846228e+00
1.880290394519366526e+00 1.627406769885761939e+00 -5.039049135370430754e+00
1.881998286464284131e+00 1.635229315661952176e+00 -5.015340767532729060e+00
1.883083539681534857e+00 1.640190705152418271e+00 -5.000298290481313579e+00
1.883523966693114060e+00 1.642199204608779883e+00 -4.994205696685612317e+00
1.825410351003133202e+00 1.627959440619945131e+00 -5.173459518568729543e+00
1.872455216326854188e+00 1.598295028870007295e+00 -5.121807504349335183e+00
1.876567426403366268e+00 1.612776256134787367e+00 -5.081493749310372010e+00
1.880097337768185328e+00 1.626631563388574842e+00 -5.041464410774642246e+00
1.882944597026550593e+00 1.639690717448887058e+00 -5.001895952553577551e+00
1.885770951232303538e+00 1.652615861205408265e+00 -4.962710560993408571e+00
-3.777390964976464760e-01 1.927754524113551193e+00 -6.461281108111636584e+00
-3.577686238991262258e-01 1.924070178928751984e+00 -6.476421914311649708e+00
-3.373402617014811811e-01 1.920099568181446781e+00 -6.491224643512223835e+00
-3.501279423332185892e-01 1.910117920235956390e+00 -6.578373938239704621e+00
-3.529882989360164647e-01 1.882364001979756729e+00 -6.576568117987100948e+00
-3.882809702178960931e-01 1.929145960090387302e+00 -6.453188249187034486e+00
-3.837511095197265187e-01 1.928562790837037078e+00 -6.456634877770438763e+00
-3.844195114779201394e-01 1.928650978701043295e+00 -6.456121828524123529e+00
-3.905496044318622073e-01 1.929454969328818992e+00 -6.451426587530757928e+00
-4.032595985463213739e-01 1.931120721601663703e+00 -6.441694147394749770e+00
-4.221765639458648356e-01 1.933599569353093406e+00 -6.427209633101282904e+00
-4.786409010738097436e-01 1.913125014676911650e+00 -6.442549242913030660e+00
-4.955053074751728515e-01 1.917897753013558582e+00 -6.424214438709897834e+00
-5.144313572510584853e-01 1.923275412603168366e+00 -6.403593023392976313e+00
-2.261046262430962184e+00 2.018873012424992286e+00 -2.047152557250118576e+00
-2.251722052087781645e+00 2.027679063807719118e+00 -2.054624452455957151e+00
2.882647400478784760e+00 1.182245805780820502e+00 -7.610893552371928994e-01
2.866678210801628879e+00 1.217740036266548476e+00 -7.924699986046127576e-01
2.851188176918903139e+00 1.251837125758229252e+00 -8.255786635440057752e-01
2.835192336679278835e+00 1.284922144689818468e+00 -8.594518547890164228e-01
2.817558254279460606e+00 1.316694056807540036e+00 -8.936899098869393043e-01
2.800028877313076592e+00 1.348093004475011902e+00 -9.282128294835536586e-01
2.780549612506820534e+00 1.383839425207535001e+00 -9.567733729362588591e-01
2.759156290809352097e+00 1.424037903638609714e+00 -9.773656218792061701e-01
2.736706156210956919e+00 1.467115964175207621e+00 -9.887251854123459971e-01
2.882532181565490514e+00 1.180977132122438711e+00 -7.735713375522255131e-01
2.869725667819643000e+00 1.207549836656160114e+00 -8.139438900328747062e-01
2.859211514694133260e+00 1.227964426544463805e+00 -8.583554575088916394e-01
2.851656292704275675e+00 1.241501928678992339e+00 -9.058972202336647017e-01
2.846497294894953622e+00 1.247556790502041268e+00 -9.552356611837827804e-01
2.844175739545321768e+00 1.246477015952118794e+00 -1.005130692892939548e+00
2.844094163276416065e+00 1.240136066355982836e+00 -1.054704226604924244e+00
1.574257584452258385e+00 1.738464078204662089e+00 -5.494203643338207321e+00
1.576948568132002571e+00 1.730684842085688624e+00 -5.506686380951851589e+00
1.576836405153430043e+00 1.731005252597900279e+00 -5.506174878323114363e+00
1.576558117663350522e+00 1.731808422687600935e+00 -5.504886998872719595e+00
1.576163310340287227e+00 1.732954694964782050e+00 -5.503044269049994774e+00
1.575760639708522648e+00 1.734127242341715114e+00 -5.501156943350123285e+00
1.575343215209357384e+00 1.735339821762217127e+00 -5.499207180665967698e+00
1.574935817752960876e+00 1.736515702278228268e+00 -5.497321603980283022e+00
1.574535312795037445e+00 1.737669370414134606e+00 -5.495473241024661171e+00
1.574102955034766715e+00 1.738916267281712447e+00 -5.493474493190628749e+00
4.223223080877895885e-01 1.907338553772454093e+00 -6.559895120580259587e+00
4.656277741722582575e-01 1.900525334896237872e+00 -6.547852536495959441e+00
5.101517862304338902e-01 1.891775640621445209e+00 -6.532493571292081747e+00
5.550774921305242637e-01 1.883842109537561038e+00 -6.515230496471671628e+00
5.995908367779065884e-01 1.884882476539982088e+00 -6.498675368792938833e+00
6.444092944518181598e-01 1.883807293062333077e+00 -6.481057097830237090e+00
6.876111003119763643e-01 1.884325782212862288e+00 -6.461415690199606487e+00
7.281535093503477274e-01 1.888493369803184718e+00 -6.441057803266739157e+00
7.777558022429740259e-01 1.994402484231974526e+00 -6.424570411897683186e+00
4.254120889084626600e-01 1.897057770948465727e+00 -6.558575208455021510e+00
4.700652316488064253e-01 1.878417228163368424e+00 -6.545930600311662850e+00
-5.266293443568724753e-01 1.926914529426480671e+00 -6.389833382534549244e+00
-5.348493079594138777e-01 1.928684153458136263e+00 -6.380404329793817553e+00
2.714267968487905858e+00 1.511132226686705105e+00 -9.826632097913444719e-01
2.690434675751043780e+00 1.554229867537360033e+00 -9.765478616599984063e-01
2.664152825084653120e+00 1.595910551865032723e+00 -9.702565135781674455e-01
2.637915491254325229e+00 1.637529655038035381e+00 -9.638802666093427840e-01
2.611698662573814111e+00 1.679022596502340425e+00 -9.574647604200572371e-01
2.584824450512021254e+00 1.720793850288049986e+00 -9.589658012845982960e-01
2.558285390942359960e+00 1.761291881413562521e+00 -9.692339317047615754e-01
2.532940386443188974e+00 1.799195181395961685e+00 -9.880634551078003591e-01
2.507790388486270672e+00 1.831379578095254201e+00 -1.015465252049903899e+00
2.713816588963358090e+00 1.510434589359600954e+00 -9.975392056450742562e-01
2.690541888239809776e+00 1.550396788495953082e+00 -1.015384862323137849e+00
2.666650465372581547e+00 1.585314860477506027e+00 -1.041150974645589145e+00
2.645058597092148300e+00 1.616034074584603575e+00 -1.073315857553630348e+00
8.088013602464559915e-01 1.990056082448052210e+00 -6.406374075947566915e+00
8.430404753674982654e-01 1.984923236031358007e+00 -6.386288924976991410e+00
8.817815137383683277e-01 1.998709397729319548e+00 -6.364545406827422980e+00
9.217606920999066311e-01 2.010670083576477030e+00 -6.341993348134135289e+00
9.608403146684889595e-01 2.021625279926448027e+00 -6.316244577703730378e+00
9.977191144013567436e-01 2.046343318078002849e+00 -6.290272424857024092e+00
1.027838764079253675e+00 2.040843577173697021e+00 -6.270465002573692992e+00
1.054525030336920022e+00 2.035973073007064649e+00 -6.252915325280472558e+00
1.076784004327420607e+00 2.032206349478589580e+00 -6.235820397777031232e+00
8.009621897653295131e-01 1.991218641686126611e+00 -6.410972011574226137e+00
8.190428636686265529e-01 1.988608882955456680e+00 -6.400370683506195313e+00
8.421985596689280928e-01 1.985142935596715175e+00 -6.386787492503929187e+00
8.684587331940890609e-01 2.017189307827097711e+00 -6.372427347550356558e+00
8.879961376511369409e-01 2.055224563229404389e+00 -6.359808821548905478e+00
9.030222217112408023e-01 2.096582840154252558e+00 -6.348115891589181992e+00
9.142127645974794659e-01 2.138667453885310987e+00 -6.338075497722117646e+00
9.213134178563233689e-01 2.183065471844521710e+00 -6.329231186987175128e+00
9.222600197046717518e-01 2.229269423278177786e+00 -6.321697847476952958e+00
2.488252950958496079e+00 1.852614059364418031e+00 -1.055107138594193916e+00
2.468664843191539671e+00 1.873825122409813249e+00 -1.095001322142382438e+00
2.449088685742106364e+00 1.895008188325899123e+00 -1.135050059418668544e+00
2.482174604281556896e+00 1.861078210410688216e+00 -1.044991791574126250e+00
2.454112846352886734e+00 1.894365496900323631e+00 -1.067536486525919370e+00
1.102027431314436479e+00 2.027194104083259063e+00 -6.216412858782614848e+00
1.134357180719622438e+00 2.053398984474136935e+00 -6.190740148253805586e+00
1.167062209364841285e+00 2.077697604037137324e+00 -6.163285864689026283e+00
1.199686004014369534e+00 2.101027861027510379e+00 -6.134520764927485104e+00
1.242756983973494656e+00 2.169218213222915637e+00 -6.092189320989780832e+00
1.266512545718632587e+00 2.157977665766649178e+00 -6.071964685401407102e+00
1.325059673975578001e+00 2.190669054597648824e+00 -6.014316063750802854e+00
1.322277447910417791e+00 2.200665483086565288e+00 -6.015234880312386068e+00
1.319497210164793488e+00 2.210672553980268962e+00 -6.016149999147482497e+00
1.092325254253455613e+00 2.029104462456271296e+00 -6.223871840655286647e+00
1.109184270825275487e+00 2.072021385794014847e+00 -6.208708295164172775e+00
1.118965562992949359e+00 2.117961839303983407e+00 -6.198101992009706684e+00
1.125040062060725710e+00 2.165314065426997114e+00 -6.189588765692305650e+00
1.125394279701768863e+00 2.213512169942616126e+00 -6.182767644807364071e+00
1.154099587714617403e+00 2.309333372229255943e+00 -6.143790416283977152e+00
1.130075581121195771e+00 2.335022307077272430e+00 -6.156337950366043366e+00
1.103580658612255627e+00 2.362675991295184463e+00 -6.169088607629410248e+00
1.095095734297234058e+00 2.417616638718514732e+00 -6.160950961458731889e+00
9.135518136763117747e-01 2.275611518214933682e+00 -6.319912309101723302e+00
9.041711108298184918e-01 2.322538997120912274e+00 -6.317199101954193097e+00
8.931701234669617850e-01 2.369427253012598822e+00 -6.311859197452266201e+00
9.254714573638052055e-01 2.275371553555516346e+00 -6.312177862613697066e+00
9.354091308056889931e-01 2.319365594628060911e+00 -6.297749776717232351e+00
1.007648659044206640e+00 2.301502882541674566e+00 -6.253863051384649374e+00
1.351295350748321855e+00 2.229318260939746388e+00 -5.982926535836847748e+00
1.383006207255482956e+00 2.247977268163254383e+00 -5.949573864603345363e+00
1.413786489322293338e+00 2.266474188811481660e+00 -5.915183202660815098e+00
1.443340867025794116e+00 2.284698373752727107e+00 -5.879543953371881848e+00
1.477936467258945674e+00 2.307721321723423813e+00 -5.837337800314021052e+00
1.481333944930577573e+00 2.301231017759438391e+00 -5.835198135524810148e+00
1.484823647911900135e+00 2.294564476862986258e+00 -5.833000401909333554e+00
1.488498284895771961e+00 2.287545302561524441e+00 -5.830686051185399954e+00
1.492438910212740666e+00 2.280018641229812459e+00 -5.828204039926263569e+00
1.344952468457921935e+00 2.241588248171831221e+00 -5.986819896041820854e+00
1.365630992105608454e+00 2.278502600983613569e+00 -5.960971774911279830e+00
1.378910439662086818e+00 2.320293076256485509e+00 -5.937775301347230084e+00
1.385949674379340468e+00 2.365707072317472015e+00 -5.919010249266427159e+00
1.389437840145085756e+00 2.412374727205819358e+00 -5.903243048620448796e+00
1.387271041277495565e+00 2.459839553257129552e+00 -5.889273634801546642e+00
1.394371104388437921e+00 2.524807977693005689e+00 -5.859681826696301776e+00
1.372677711300071213e+00 2.554232944556217078e+00 -5.871870743032836515e+00
1.347938799958349865e+00 2.583826373093994100e+00 -5.882344358668290418e+00
1.067171500579992438e+00 2.455089824503795537e+00 -6.172412857660495966e+00
1.037210128404203457e+00 2.491442018796240720e+00 -6.180749383629352778e+00
1.014460922392077968e+00 2.535368419039278010e+00 -6.180814942642693488e+00
9.876078233739911116e-01 2.576607852570123480e+00 -6.184654258788445880e+00
1.070256159266488538e+00 2.450951365453094333e+00 -6.171146428632031444e+00
1.045300071666118935e+00 2.481779955850645258e+00 -6.178613524770715237e+00
1.022040725881738110e+00 2.509583028864575738e+00 -6.184745904451038001e+00
1.005064939279883607e+00 2.549910899110584328e+00 -6.182118385645689607e+00
1.494342511650128769e+00 2.276380519753419485e+00 -5.827005558972564003e+00
1.498044377214883482e+00 2.269311779368934801e+00 -5.824673498961448814e+00
1.505328774105778145e+00 2.255402033419330543e+00 -5.820084586683431205e+00
1.515336330160003353e+00 2.234829874083726242e+00 -5.812694607655011225e+00
1.527149364310405266e+00 2.208501395696675473e+00 -5.802476768319159817e+00
1.540968578253059329e+00 2.177692806194101660e+00 -5.790524806102932409e+00
1.552288685345916797e+00 2.136662706317313365e+00 -5.782671536471944762e+00
1.570949840498034211e+00 2.099920225763197035e+00 -5.765998150515798670e+00
1.588249182684594807e+00 2.061667433133816285e+00 -5.746860225850527470e+00
1.500163071321965358e+00 2.265266028012003829e+00 -5.823338808026927715e+00
1.507949898884128892e+00 2.250396928616248626e+00 -5.818433370511820968e+00
1.516031813448287968e+00 2.233280925713471365e+00 -5.812092894089153639e+00
1.524301356148171971e+00 2.214850174341893574e+00 -5.804940029066222529e+00
1.530549064497627842e+00 2.200924087319428235e+00 -5.799536175757037171e+00
1.539199783169340696e+00 2.181638730722979425e+00 -5.792054266666882612e+00
1.568345449812503345e+00 2.209127085163646420e+00 -5.754786903203226167e+00
1.600287625630744337e+00 2.214253182176086465e+00 -5.717204353432059349e+00
1.631355220255157112e+00 2.219167474272989438e+00 -5.679268898791050013e+00
1.324705582560695705e+00 2.611507471789394241e+00 -5.891991587125816388e+00
1.280983982599312565e+00 2.697794023105924310e+00 -5.894510672271419338e+00
1.291360079689444884e+00 2.710446766176499267e+00 -5.878528590366461692e+00
1.300781030831877239e+00 2.722172523027385882e+00 -5.862616751761671630e+00
1.310308069774188899e+00 2.734014799554560504e+00 -5.846534336033903045e+00
1.292693638409902590e+00 2.779515916451319235e+00 -5.837666799784678062e+00
1.275050045223196982e+00 2.824854629182381505e+00 -5.827742609477285285e+00
1.256776591983441715e+00 2.869601711350108442e+00 -5.816453207547375825e+00
1.238050794221188688e+00 2.914339669431468050e+00 -5.804346818898871163e+00
1.319791263396578485e+00 2.617361396306882693e+00 -5.894032726779195208e+00
1.275790478747841350e+00 2.691655677079288100e+00 -5.901967577307486224e+00
1.279507775470061670e+00 2.696075519431774037e+00 -5.896617803006865444e+00
1.281830729008395897e+00 2.698823910187637676e+00 -5.893281136119363772e+00
1.284989186219148927e+00 2.702560090881616972e+00 -5.888744706590065547e+00
1.288927796651280877e+00 2.707452667046772454e+00 -5.882618257439068188e+00
1.290831323567871447e+00 2.709833347077021504e+00 -5.879396877667891985e+00
1.292232185906191377e+00 2.711578142817356873e+00 -5.877030168678505362e+00
1.294503167241647823e+00 2.714405477430643199e+00 -5.873194092873483818e+00
1.606052150277937240e+00 2.020819275194925435e+00 -5.725971044371208407e+00
1.627433042613474656e+00 1.983477393028570734e+00 -5.700741631354950378e+00
1.647116982917161243e+00 1.945833813866840512e+00 -5.674739629635594085e+00
1.666530856209921474e+00 1.907932076139231325e+00 -5.648857002795720561e+00
1.685248646268840078e+00 1.869943220670392092e+00 -5.622544855597217506e+00
1.704879165060221524e+00 1.835460301702736885e+00 -5.592702865741753016e+00
1.726145773487354429e+00 1.805640166689628456e+00 -5.559483165568548380e+00
1.749482985364876564e+00 1.780815447444522137e+00 -5.524305613397385351e+00
1.774184882126830898e+00 1.760806398949642526e+00 -5.487565222329149783e+00
1.604409638253610382e+00 2.024591192171407705e+00 -5.727898252946213908e+00
1.632848837076418480e+00 2.001744085158485564e+00 -5.694014816661391976e+00
1.662324094764103588e+00 1.987828745285175058e+00 -5.656524478659404664e+00
1.692607095159646136e+00 1.982879915082388145e+00 -5.617471753734906592e+00
1.722832479005944384e+00 1.983062632863614505e+00 -5.578042306449044752e+00
1.752951954766462039e+00 1.988684646206962725e+00 -5.538876447319533547e+00
1.781830307449767226e+00 1.999445295030292336e+00 -5.499891792970326598e+00
1.809282845184913002e+00 2.014465410922743782e+00 -5.461192946406758786e+00
1.834562317398692466e+00 2.011566924264986067e+00 -5.425089070600689567e+00
1.661293817694860842e+00 2.224022136388516202e+00 -5.639749585990962544e+00
1.691269683324725603e+00 2.228793280638766472e+00 -5.600199043311435254e+00
1.721099537586731065e+00 2.233549269493481315e+00 -5.560520295288137405e+00
1.750388596757754600e+00 2.238271827841709083e+00 -5.520448635693656847e+00
1.803502593766123763e+00 2.277622151787755733e+00 -5.438467590087591397e+00
1.810460522068829459e+00 2.263996293854057207e+00 -5.431123613043897791e+00
1.834036282742646851e+00 2.285637759257067358e+00 -5.392948953999639805e+00
1.854128879461271806e+00 2.313682503609720165e+00 -5.357080967849369380e+00
1.870599303886291587e+00 2.346145121578839809e+00 -5.323084348739542726e+00
1.659987987150009170e+00 2.223816532942509916e+00 -5.641472066173228939e+00
1.686093889269544066e+00 2.243506003309478025e+00 -5.603911660044777143e+00
1.708540828223388042e+00 2.271153806601310166e+00 -5.569143960801186566e+00
1.726356002533686151e+00 2.305982631305297126e+00 -5.538080685639788392e+00
1.754557634358020701e+00 2.366504047631655894e+00 -5.484229279611599672e+00
1.744161603976901453e+00 2.384075608372830501e+00 -5.492860535813155032e+00
1.722591518417576406e+00 2.484844476186522488e+00 -5.490569394823349825e+00
1.735570740981107862e+00 2.496887317378146509e+00 -5.467185979109220106e+00
1.747186049192203772e+00 2.507628690707936148e+00 -5.446274845562913747e+00
1.224941372036367104e+00 2.959281727875048951e+00 -5.786886734638491347e+00
1.210333207836047142e+00 3.002704064820079566e+00 -5.767646962341690831e+00
1.195326387429756609e+00 3.045056827241975572e+00 -5.747611664050981339e+00
1.179901275722520682e+00 3.088073317520698691e+00 -5.727425290230252486e+00
1.163789877659430871e+00 3.130393679187770672e+00 -5.706444730347854488e+00
1.147226023827128571e+00 3.171980798752042752e+00 -5.684946801837706509e+00
1.130334299041156010e+00 3.213067382062578581e+00 -5.662942577865550220e+00
1.112825074260972213e+00 3.253567800709396440e+00 -5.640287299870461624e+00
1.094708708440726319e+00 3.293194712422373716e+00 -5.616580495371534809e+00
1.214330383526364354e+00 2.957740276844913474e+00 -5.797192953670646354e+00
1.184230667956801097e+00 2.997003721361934048e+00 -5.794480391099527061e+00
1.148979356862876111e+00 3.032034983957478058e+00 -5.797892607016805755e+00
1.110736605063876281e+00 3.062527369388792664e+00 -5.807325056131092289e+00
1.069923864181183015e+00 3.088544730238644842e+00 -5.818566668339534509e+00
1.028458194958143279e+00 3.110530621377293858e+00 -5.833464049539173857e+00
9.861845889427695022e-01 3.129106323430474124e+00 -5.850882741658858244e+00
9.423140264310837511e-01 3.143035446736595961e+00 -5.868853780404862164e+00
8.592942671362038265e-01 3.170826951481119149e+00 -5.900212740835428349e+00
1.801611126532469020e+00 1.754268142071073733e+00 -5.448476304496862710e+00
1.829004283572204237e+00 1.748265012717250322e+00 -5.408548380328171312e+00
1.855816615677832182e+00 1.742084839781682826e+00 -5.368118860425299843e+00
1.882119787124693522e+00 1.735789865116142972e+00 -5.327191875701442036e+00
1.909237507344635043e+00 1.736106568783821302e+00 -5.285929905542536389e+00
1.936105834506222090e+00 1.743029085679383750e+00 -5.245028500543797989e+00
1.962157563486491174e+00 1.756221445276902493e+00 -5.205123711055212432e+00
1.993656734013507847e+00 1.827608257665843672e+00 -5.168492318708350020e+00
2.014144537380415212e+00 1.825967975446316727e+00 -5.132643915529939704e+00
1.798313266026011270e+00 1.740238760015357933e+00 -5.450918115536350861e+00
1.817917968262205974e+00 1.711858194686487034e+00 -5.416383467267108287e+00
1.833646202021640859e+00 1.678038509956022661e+00 -5.385864872560491179e+00
1.844549619200274382e+00 1.639328554328414844e+00 -5.359666749951384368e+00
1.851116263293818509e+00 1.597955060330702892e+00 -5.335476591697790205e+00
1.855986528631151877e+00 1.555147916474285852e+00 -5.313336436123584861e+00
1.855524848150352790e+00 2.008932193947684297e+00 -5.395144132607136100e+00
1.878218180960987693e+00 2.005886428827413415e+00 -5.362135345100095485e+00
1.901285638895073182e+00 2.002790366681208134e+00 -5.325998474263370142e+00
1.927576371493506580e+00 1.968421916972062480e+00 -5.284536892708365130e+00
1.954051653155508550e+00 1.970823483927329312e+00 -5.243740127791340022e+00
1.978120213722832199e+00 1.972994608677338446e+00 -5.205362011702087344e+00
1.998867502233516058e+00 1.975017974223620243e+00 -5.170300823671475143e+00
2.039747318379490082e+00 2.045062859767526220e+00 -5.100084956790055024e+00
2.035883699145165426e+00 2.055298087245414074e+00 -5.106556171441104297e+00
1.860304282045147639e+00 2.008328499599794537e+00 -5.388316636381333069e+00
1.885791139803584704e+00 2.004864719654364524e+00 -5.350271943910627215e+00
1.910985472160273702e+00 2.001490191111771288e+00 -5.310802907776696280e+00
1.938342756653950838e+00 1.969405276868611665e+00 -5.267946820247368933e+00
1.965160689760338419e+00 1.971843220146248798e+00 -5.226622253669069629e+00
1.990457477517285412e+00 1.974194550078744115e+00 -5.184513103259280165e+00
2.028645828659817241e+00 2.003716102276309918e+00 -5.119668438323326853e+00
2.036941647914690900e+00 1.981413459944424860e+00 -5.105926506817930921e+00
2.047571571531797918e+00 1.952830049356537812e+00 -5.088318226219801232e+00
1.888193297810928817e+00 2.376156518588191879e+00 -5.287483642316083809e+00
1.905800682438870242e+00 2.406188886474002420e+00 -5.251856409382815727e+00
1.922833171340851743e+00 2.436086199710056910e+00 -5.215842221258172096e+00
1.938467165030007155e+00 2.465700156152842215e+00 -5.178913548023296620e+00
1.953821002186506561e+00 2.495190401455231743e+00 -5.141820020149873827e+00
1.969199619470718643e+00 2.524670279529265038e+00 -5.104689361650931012e+00
1.984000289232330516e+00 2.553930588634942378e+00 -5.067190685563356389e+00
1.997537074302791593e+00 2.582858510609950642e+00 -5.028897570918826609e+00
2.011016509591313284e+00 2.612057527885890629e+00 -4.990564397300549793e+00
1.880813473240610101e+00 2.386305075330660941e+00 -5.295500303633940753e+00
1.886505321707201643e+00 2.430572556134166895e+00 -5.273471093639128249e+00
1.885250439329604788e+00 2.477387305778971260e+00 -5.256834152387703796e+00
1.879046503596351059e+00 2.525491072873101039e+00 -5.246809573765323087e+00
1.870133600091324899e+00 2.573882294098690515e+00 -5.240741713147314407e+00
1.856113543506200392e+00 2.621334617678312995e+00 -5.237784582691637603e+00
1.822759941340702072e+00 2.737243385715959487e+00 -5.224438184160828058e+00
1.814526949475036011e+00 2.737704477657404656e+00 -5.236808470263570214e+00
1.804438683899606044e+00 2.738262750436677440e+00 -5.251970608155226650e+00
1.734269244878791749e+00 2.555343345857301163e+00 -5.443943192080107352e+00
1.720539414796832034e+00 2.602878000623535026e+00 -5.441052402124710419e+00
1.705644178478353146e+00 2.650011112625943799e+00 -5.437345040743455371e+00
1.689957745363370512e+00 2.696795548133089859e+00 -5.432889775383743292e+00
1.674219742558156199e+00 2.743684286107952452e+00 -5.428415651471834913e+00
1.652248815297267637e+00 2.788162627117029668e+00 -5.430846332618562755e+00
1.625598729079851923e+00 2.828967723375503507e+00 -5.438676243186733039e+00
1.596704836875593836e+00 2.866877090041628939e+00 -5.451211607728645880e+00
1.565067727378705253e+00 2.901585142206664969e+00 -5.466059388249811413e+00
1.743145027345758047e+00 2.554999170714482570e+00 -5.432157454359760607e+00
1.743902780694849275e+00 2.599906690466511350e+00 -5.411382949657675745e+00
1.748983451862268002e+00 2.640654071524092039e+00 -5.383851407327185257e+00
1.758004236235521933e+00 2.676710639649663381e+00 -5.351116489022937905e+00
1.070802791112891450e+00 3.332440055565967896e+00 -5.597609418851556384e+00
1.083800306978857320e+00 3.366082036629395535e+00 -5.552769752679603599e+00
1.069764977520505589e+00 3.402795336752175714e+00 -5.524337705247589270e+00
1.054940720778785757e+00 3.439324905130686005e+00 -5.495048238153232845e+00
9.763553268605799085e-01 3.503215875659222434e+00 -5.486612735715380218e+00
9.779789069859132766e-01 3.529519196105055823e+00 -5.452755427218987982e+00
9.795030257992694001e-01 3.555973864041446220e+00 -5.418783990083697155e+00
9.590196714095560182e-01 3.591226264344630881e+00 -5.390210743368814228e+00
9.385471375123890514e-01 3.625865768310205794e+00 -5.360897984880787170e+00
1.096212399673521576e+00 3.329941040142785358e+00 -5.578434317234421513e+00
1.083107784237375526e+00 3.368112408426333193e+00 -5.551323860780178698e+00
1.069040722918197739e+00 3.404595033159344197e+00 -5.522889736586143350e+00
1.054410855950052239e+00 3.440655415072581214e+00 -5.493973210790027650e+00
9.766359940146813745e-01 3.507252203794693379e+00 -5.481393847496111249e+00
9.784648217116058699e-01 3.536929476149545337e+00 -5.443195862396060569e+00
9.730592871710135316e-01 3.569660468313060164e+00 -5.406571646091116179e+00
9.660620167488868093e-01 3.602745596172435061e+00 -5.370395681470044202e+00
9.620827017015340932e-01 3.634231099147992250e+00 -5.332224291524424231e+00
8.161016167881149919e-01 3.172982126138992331e+00 -5.923888551527856094e+00
7.728554364414376154e-01 3.174671845248488111e+00 -5.947332413456358324e+00
7.290808304261794381e-01 3.175831113841815601e+00 -5.970248506192140425e+00
7.212230854999697183e-01 3.127196735227262714e+00 -6.014672222954814629e+00
6.865286738927746102e-01 3.114490989998633719e+00 -6.043640504639306243e+00
6.500529406356949647e-01 3.099650821393307165e+00 -6.070613335593958659e+00
6.070261949405600932e-01 3.093085660839753892e+00 -6.094207802674217689e+00
5.645879889722317246e-01 3.085393717201495356e+00 -6.118393911918526662e+00
5.220698417797617896e-01 3.076063348990416557e+00 -6.141851071619783831e+00
8.142959028677047018e-01 3.184620864167077681e+00 -5.914916821948831505e+00
7.702472342280839435e-01 3.204072572668649865e+00 -5.923659218335139087e+00
7.283394441893491500e-01 3.229282732903336228e+00 -5.925945341239534869e+00
6.882248024308357248e-01 3.256931883806793770e+00 -5.919949903750429954e+00
6.007807289997821876e-01 3.338338517694792618e+00 -5.885900044843066503e+00
5.960916487007339448e-01 3.336040026355652444e+00 -5.890516010036922268e+00
5.930046950948667517e-01 3.334265843955613651e+00 -5.893515443576452739e+00
5.906151111269868359e-01 3.332985022049615331e+00 -5.895605205804369753e+00
5.888528944876679772e-01 3.332044518098884467e+00 -5.897142552866547760e+00
