<VTKFile type="UnstructuredGrid" version="0.1" byte_order="BigEndian"><UnstructuredGrid><Piece NumberOfPoints="10556" NumberOfCells="10555"><Points><DataArray type="Float32" NumberOfComponents="3" Format="ascii">0.0 3.13 0.0
0.0011451720161734773 3.1226071673556546 -0.22475644235559933
0.006270238112182833 3.1157426298357995 -0.4516342714928567
0.0061543494495708 3.1145864057777106 -0.6767133764813797
0.006233567648543173 3.1099393206895014 -0.9014926674331206
0.006225975448725892 3.094856542066089 -1.12548438444481
0.006096319123272893 3.08196281096583 -1.3499111905637147
0.006607358104854053 3.07174785957049 -1.5740551149877424
0.18713199535364963 3.030532873443352 -1.9930776245022779
-0.18413935768949508 3.0453481921941 -1.8011491847368126
0.22601824349459498 3.029426132886486 -1.9959084421113675
0.2674060805624983 3.023361130782884 -1.9981173257887124
0.31110774779790995 3.016962687171316 -2.0003819761546757
0.35648221075865494 3.010319124241643 -2.0027357439925537
0.4030525944582395 3.0035002735706042 -2.0051537800371766
0.4521683202208385 2.9951437363971887 -2.021720815554988
0.5010509526030517 2.9869807227633243 -2.03635797536411
0.5494830012394274 2.979000377739531 -2.049567717881299
0.5970347493528079 2.9704732813839563 -2.0615036994854448
0.21587400946268742 3.0301697235753307 -1.995205315724898
0.23689707317975234 3.027831002537967 -1.9965003488654327
0.26470409242584264 3.02375865016212 -1.9979542519155389
0.29058789386697365 3.0199679415966516 -1.9993077482171033
0.3155607338165677 3.0163106873821715 -2.000613090267552
0.3436238646593249 3.012201403168957 -2.0020734559398528
0.3639208236091984 3.0092283062799865 -2.0031418716685807
0.38976200746990247 3.0054445739015234 -2.0044842985850413
0.4073919325410547 3.0028621056819955 -2.005412783811197
-0.2099768578794246 3.0409405040879567 -1.8434648505786084
-0.23577341346313113 3.036533882059425 -1.8858044921878794
-0.26128127394900236 3.03008823281661 -1.927926892476098
-0.2866887171587135 3.0224694304954243 -1.9700257267502888
-0.31213697488789666 3.015203751070228 -2.0122928368307287
-0.3376339244221139 3.0083792529500504 -2.054644311790107
-0.3631298243967138 3.00155232855628 -2.097026412934674
-0.3531562804529288 2.9987489537370644 -2.1458984146788267
-0.3609815637968729 2.9939033839350735 -2.1917905169972642
-0.2213613860088809 3.0408335971967286 -1.8338836685862152
-0.2635517098033904 3.036444516720381 -1.8597888096061337
-0.3092775841530551 3.029141258661457 -1.8773571877267476
-0.357297328382099 3.021936639720706 -1.8873068599528495
-0.4064345487026842 3.0150844970676878 -1.8924552699718102
-0.45586584925698076 3.0087487666198465 -1.8922409210405875
-0.5050864787737446 3.002869408372649 -1.887872931208351
-0.5533431518016854 2.995587867664697 -1.8795099529668595
-0.6009373766681856 2.9869960769379977 -1.8682856567646153
0.6452059133962122 2.9599349692737493 -2.065188782509371
0.6931111221711985 2.947940505971949 -2.0686506008474765
0.7406827062300331 2.9341664495651494 -2.0719258659335384
0.7883616983927472 2.9203611823999016 -2.075209754966887
0.8365083984122745 2.9063977010765316 -2.078777271878424
0.884536676681403 2.8924733060829872 -2.0822837071845233
0.9324234731945352 2.878594353870995 -2.0857310079535956
0.9798712016027442 2.864087876091766 -2.089015266851794
1.026463850043249 2.8468700857554836 -2.09199078644667
0.6416388735019961 2.958886522092296 -2.079584607865968
0.6819161457428622 2.947196078356584 -2.105758594409868
0.7167183328296147 2.9348914925463343 -2.138820594755396
0.7459902039522559 2.9231324799479843 -2.177057244369752
0.7714402606045044 2.9121680386462634 -2.2184726331644753
0.7923310180346798 2.9022455526772726 -2.2626425798244245
0.8095346610271253 2.8932076803303564 -2.3085770271732753
0.8231120744951282 2.8850728794797917 -2.3558820862282768
0.8338523495565762 2.876853751008864 -2.4038899053065848
-0.36919308995750716 2.9888221745813897 -2.2399055731472384
-0.37745712868404163 2.9837108631973375 -2.2882997209024176
-0.385731219306126 2.9784391140807767 -2.3367983735631044
-0.39366035015532014 2.9705191876451402 -2.385102934170456
-0.40153835159854323 2.9625869830812674 -2.4335418077215043
-0.4094326297948544 2.954640609866488 -2.4820651376423846
-0.41733866488969207 2.9466843067175184 -2.53064733031706
-0.4280916386561191 2.9384037586238 -2.5788436814902425
-0.43844839978170425 2.93016352989419 -2.627127553661144
-0.36836413235564824 2.9893380288577234 -2.2350136155546734
-0.37553615057425954 2.984906813573077 -2.2769569300116923
-0.3821215321045215 2.980840579029335 -2.3154392486281252
-0.3884185835076506 2.9758000391875195 -2.3528520270819495
-0.39496257332799883 2.9692351564936876 -2.3929187429116787
-0.401821361811004 2.9623288018376623 -2.435093501451881
-0.4087501599585472 2.9553617506442906 -2.4776297948502477
-0.4154908796739826 2.948594086224912 -2.5189391917009987
-0.45242767847819976 2.9390981165108094 -2.551154090068991
-0.6454379104546023 2.9796895114223387 -1.8472604708339464
-0.6895676305087355 2.971683242493532 -1.826039643718456
-0.733277581259846 2.96247557429573 -1.8046337648647137
-0.7769799288138715 2.9532742888622834 -1.783186424402539
-0.8206401491488338 2.9440882575551472 -1.761699420322945
-0.8638226711540855 2.9325414119639475 -1.7398147842717946
-0.9067706204279332 2.9199453245360165 -1.717827703360686
-0.9497801077211511 2.907327314084165 -1.695862985576836
-0.9928357247037768 2.8946798794957216 -1.6740956273998537
-0.6493781405549139 2.977932798586806 -1.861479198124112
-0.6972487803920343 2.9657056427418604 -1.8634787847353576
-0.743491176197379 2.9524241131408986 -1.8742919909353684
-0.7875143024818424 2.938914802168393 -1.892762923499765
-0.8294892337537006 2.9254717783480575 -1.9156880602113184
-0.8686752275267082 2.912264504120202 -1.9433033119586147
-0.9056761276188069 2.8993089936369087 -1.9739594638432807
-0.940112570494893 2.8868558170104706 -2.0077348618781623
-0.9718942818316273 2.872630443512111 -2.0432641742164805
1.073322679773019 2.8305032027042167 -2.0875494790514706
1.119018305057871 2.811559637118892 -2.082938249411563
1.164490005823198 2.7924080703393446 -2.078384920947039
1.2105020292104927 2.773025500346981 -2.0738159695575393
1.256442393313586 2.75367602265348 -2.069221556647049
1.3022864981387612 2.7343700627016294 -2.0646034221222678
1.3474828722516248 2.7142255253683594 -2.059802469530368
1.3918681965951905 2.692262681947728 -2.0548005112530303
1.435498892756839 2.6691244597794492 -2.0497411633664897
1.0718878067321105 2.8291373090525185 -2.1023066368792964
1.1137754830872366 2.8103773765396984 -2.121473234821684
1.1512421223039362 2.7918578206547706 -2.1484344083748135
1.1841276854664091 2.774751563775699 -2.1816407518117
1.2137953520264066 2.7587199221762764 -2.21831607858848
1.2390370399650614 2.7434541940448725 -2.25828026097303
1.2600840495118024 2.7272274900386884 -2.3002160057283505
1.2780214706522193 2.7131181066719288 -2.344350495536183
1.2935125386058959 2.7001680295133474 -2.3897417556717446
0.8344891331660648 2.8704161965530917 -2.4533386226764073
0.8350674813192076 2.86387999723984 -2.50281079372217
0.8355586339696026 2.857367022805408 -2.552326252197351
0.8360740302305736 2.8508444569607994 -2.601854109981419
0.8366151637910315 2.8443129891401364 -2.651385148393641
0.8371716649027015 2.8377369293637456 -2.7009034951251825
0.8377053073492422 2.830994816035008 -2.7503991506843417
0.8380291904682108 2.82349524728461 -2.7997867443933613
0.8384913290185748 2.8157759065434678 -2.8491702460574237
0.8484639333380043 2.8661808392749792 -2.4504015024503696
0.8708206447010767 2.853323584968633 -2.493118576679476
0.9002475988968394 2.8387942827340003 -2.530679510340548
0.9351381854614409 2.823145600679396 -2.5629093328072576
0.973060188205278 2.8070035334578005 -2.5911857439071513
1.0138158460633007 2.7905153172569985 -2.6148696577068957
1.0563305219100705 2.7735770554074186 -2.634675224550001
1.0988086969745943 2.75273682443213 -2.650363837117132
1.1420281481374437 2.7318914208663365 -2.663505251594551
-0.44118769750003367 2.923052353334294 -2.676732741579064
-0.4440594592528603 2.9171349462665215 -2.726428353463895
-0.44687118737371656 2.9112355326355264 -2.7760338331966405
-0.3315119631644303 2.9179756043953953 -2.852665576225299
-0.3415945949305025 2.911392522697303 -2.8997643025831072
-0.35153636077272155 2.904901457158536 -2.946204620159146
-0.3610682191978518 2.896038479594518 -2.9917821601799988
-0.3704834804292259 2.8870813888004645 -3.0371106449794256
-0.3798801077119931 2.878141021969056 -3.082355284842773
-0.45567260118812697 2.921497341605803 -2.673471277976616
-0.48115865097340027 2.913399946791796 -2.7158514540521708
-0.5137329222354272 2.9049696067682564 -2.75279426066633
-0.5512758893674093 2.894288813559391 -2.783947271916598
-0.5940409642707745 2.8830797915583357 -2.811278653484981
-0.6352473624599323 2.870758192553868 -2.835866678697152
-0.6757101586437301 2.857030050750225 -2.8584944100595195
-0.715799320985679 2.843557835553966 -2.879930864257209
-0.7553056175341416 2.830353611950139 -2.9005071715549273
-1.0384302917283794 2.880841570479008 -1.6591814479960023
-1.0840701369066796 2.8671365675391605 -1.6443001860233886
-1.1293813280438472 2.8527093603956164 -1.6293810680691394
-1.1734849200011057 2.8355327833881714 -1.6141705736263494
-1.2166527276928356 2.816738717079671 -1.598751850591955
-1.2595070888050286 2.7980960756818103 -1.5832873356587933
-1.3020353896030201 2.779610475094992 -1.5677802241504226
-1.3456882256881144 2.7605988257461176 -1.5522559086229568
-1.3892411655950392 2.7416331975489854 -1.5367406033296962
-1.0325817611166312 2.8839300541863824 -1.6458210002085698
-1.0672885557962546 2.875566545499602 -1.6109149895153465
-1.0956871119221396 2.869777860802321 -1.570266847381605
-1.116706605630011 2.864048874893594 -1.5254587175681198
-1.133446480337791 2.8600499894134956 -1.4787319399757646
-1.1946801474327164 2.846611181374627 -1.2934793121125419
-1.1864765667742128 2.850159772415931 -1.290136467640136
-1.1751745412820123 2.855038035073571 -1.2856779149964048
-1.1611239831609472 2.8611029735543876 -1.280130464924991
-1.006504376564955 2.856695559599021 -2.075213295219568
-1.040800124486777 2.840184178293706 -2.1071619524749914
-1.0752107564503453 2.8236171216578305 -2.1392217755108005
-1.1096571921967493 2.807034742383498 -2.171293238539036
-1.1441276934909417 2.7904430191317084 -2.203361694023921
-1.177800146960193 2.772362936390185 -2.235155765226274
-1.2107540255272682 2.752744976303027 -2.266820650222667
-1.2436658162416423 2.7333086926859105 -2.298700066922516
-1.2766386293001473 2.714273436073286 -2.330698193738714
-0.9958571232657556 2.859356102009557 -2.084848196672464
-1.0126504251516175 2.847967339009113 -2.130253149471317
-1.021452359224809 2.8388691472435057 -2.1784447215212324
-1.022264080121832 2.8322649646509124 -2.227833931059196
-1.0186112341118951 2.827130411228176 -2.277299125255012
-1.010261666260178 2.8246402417244902 -2.326577140657516
-0.9978133756043588 2.8239121451144578 -2.3750221815338115
-0.9816434816018161 2.8245238877287506 -2.422346457902632
-0.9630803600581098 2.826016337405096 -2.4687586031867093
1.47745127511096 2.6457607741180262 -2.0372590009753586
1.519282474636802 2.622465644376038 -2.024801743248482
1.561531512076154 2.5989292062900247 -2.0123100641850358
1.603758760226306 2.5754079544992474 -1.999793006894851
1.6459468839249909 2.551911795191853 -1.987253097350908
1.6878307260156546 2.528055655642389 -1.974641541026767
1.7275421797879589 2.501017862716077 -1.9616799746240416
1.7668400676874738 2.473502806158756 -1.9486550237791267
1.8065852589796134 2.4456571985003532 -1.9357375306442806
1.478182252364345 2.6439238525866666 -2.0519700068912607
1.519201724724252 2.618802716622686 -2.0635389111062215
1.5578038722613317 2.5942621795657814 -2.0838208044625275
1.5926844701495602 2.5712399572042073 -2.110996770419599
1.6237556369937596 2.5479339917780717 -2.1416764578628564
1.6511278761804273 2.5253935497982125 -2.176422907889821
1.6761307083752457 2.504062936158113 -2.213760487570205
1.6984533268722177 2.4842789711649287 -2.2536837390830344
1.7188927159159957 2.4658067020864287 -2.295258288863453
1.3127731899435362 2.6855421259184418 -2.4330068835330754
1.3328935653135905 2.6704511108343647 -2.4765272485486967
1.3528264892262583 2.6554636154636024 -2.5199731410836432
1.3725863111538699 2.640574455331328 -2.563325801360117
1.391134006217639 2.6237294882355964 -2.6063485461873044
1.409794962857905 2.607034080381438 -2.649416061971933
1.4330872919458444 2.5880469678426135 -2.6891629936359487
1.4578024892641803 2.5686616072237087 -2.7255762346036168
1.4630896156167477 2.560452541519197 -2.7640958487855096
1.3002124704142555 2.691327284671057 -2.4382961712754936
1.3002020088361252 2.685745604349256 -2.4881727659363433
1.291898813631952 2.6826666182996677 -2.5371269371046377
1.276284944379503 2.682818439895868 -2.584252424221157
1.256952195125329 2.6850599413492278 -2.6300031928735406
1.243342615882289 2.6850821749392813 -2.6779420705749333
1.2657105907783426 2.648220560757558 -2.862439183374408
1.2447231916612065 2.6578752882418963 -2.8692347619625718
1.228431319373154 2.6653717345543892 -2.8744992431524956
0.8317795405082722 2.810105958549033 -2.8983580117239294
0.825136545273424 2.8044145426717386 -2.9475594681682464
0.818557160785711 2.798738165084819 -2.9967815976445
0.8120285310501941 2.7930629162470644 -3.0460137871342106
0.8055420759632819 2.7873748376439296 -3.095252310210473
0.798811346199078 2.781757180526439 -3.1444796331024003
0.7920573322933072 2.775848776448179 -3.1936387850935954
0.7850899687982552 2.7690024702737994 -3.242642847564012
0.7782070506635648 2.7622816859531496 -3.291702850987851
0.8461222513779344 2.8061755663135566 -2.8976631647434212
0.8622346272989583 2.7945838333820987 -2.943579554968368
0.8861274865399972 2.7814550633808675 -2.9854829585069176
0.9159003191712586 2.766466765287696 -3.0226199808590852
0.9487301342012686 2.749236672764347 -3.0560447625354867
0.9850635456156345 2.731451583502771 -3.085331244566997
1.0238096527924143 2.7133868606783937 -3.111152408086178
1.064441190272419 2.694998954010148 -3.1335413699948234
1.1055404549097978 2.6748360107184617 -3.153233668740878
-0.3807063405352953 2.86962346670496 -3.1315384078794533
-0.38160594983898843 2.8610970063544054 -3.1807187126630625
-0.38258096577745493 2.8525617065330433 -3.2298942970012274
-0.3835777358505271 2.844924205078392 -3.2795365183022698
-0.3845799724080901 2.837497479387299 -3.329144429572434
-0.38556271717278584 2.830081476027611 -3.3786954231589736
-0.38647291420569807 2.822396249492902 -3.4281745476940824
-0.38729489585545485 2.814125118612636 -3.477445167934307
-0.38782669982011353 2.804765178117853 -3.5262542861932737
-0.366062925099839 2.871792149765362 -3.1298115759011145
-0.3438139606909524 2.867073287758977 -3.1740443205330573
-0.31365902990946615 2.8641257300125806 -3.213834081689049
-0.2779258980534595 2.8627200665291506 -3.2487810356696007
-0.23901103625773343 2.8623320164512562 -3.2801580422946444
-0.19700973739093677 2.863236060124929 -3.30723000364052
-0.1528798002871828 2.861450418632461 -3.330271324580657
-0.10735043859878708 2.8584002766761865 -3.349602845025026
-0.061337055217349806 2.855719010211661 -3.366533764460398
-0.9031582272601197 2.7888344191060015 -2.9026399979638855
-0.9083553560938316 2.7818393035062163 -2.9336648179263105
-0.913394185274135 2.7751820157691474 -2.9629935211974656
-0.9183537693985953 2.768627324188933 -2.9918736316852415
-0.923385308752025 2.7619750185453467 -3.021187894514545
-1.1162449431680037 2.6865686221963245 -3.0589954430337887
-1.1143200263987216 2.684959882254363 -3.0756135059283043
-1.111848356121804 2.683384788031118 -3.0918735429652915
-1.1093184505229658 2.6814004925022434 -3.1082706428252718
-0.9011949644488355 2.7914353204379534 -2.891170343316065
-0.9035716117556999 2.7881515323577144 -2.90586925921047
-0.9065723921770111 2.784179603774605 -2.923379401666601
-0.9088407188784948 2.7811710421595777 -2.936652451019168
-0.911574389504505 2.7775528372814557 -2.952602939957493
-0.913706919699153 2.7747242835728354 -2.96508200473134
-0.9161728466819322 2.771459964223267 -2.9794732183144323
-0.9183283227412316 2.7686008442977066 -2.992087346718954
-0.9205228551670682 2.765694705521632 -3.0049012166602065
-1.429086792462277 2.7222421083215282 -1.5142290783076031
-1.468603374077275 2.70205651567891 -1.4916543613701148
-1.509531523216727 2.681106292781018 -1.4689746709087166
-1.549986190556444 2.660412029321531 -1.4463385657684664
-1.5899525008088737 2.639981271553657 -1.4237553845335857
-1.6291766827133767 2.619445993922128 -1.4011801560576431
-1.6662931332953592 2.595873593422389 -1.3784567539775343
-1.7033644928290719 2.5720442609489984 -1.355698697037048
-1.7405000471001812 2.548171039813827 -1.3329315428739446
-1.4328604584991502 2.7193020122310156 -1.5283676050799553
-1.476475170580162 2.695432640186057 -1.5290473653792986
-1.5190578162229345 2.671571339177143 -1.5386713783542858
-1.5586207406916734 2.64735624773267 -1.5561444740032486
-1.5955568806134128 2.6225568770468386 -1.5780233931400198
-1.6124759861324416 2.6001237781532316 -1.6999965406868214
-1.6491746838710688 2.5769278784429464 -1.7071355946562192
-1.6843326598930457 2.5547079254101352 -1.7139535670414652
-1.7179069949691523 2.5334889276547634 -1.7204635323110562
-1.0372229132165272 2.9074784795249795 -1.3376812047497377
-1.0088124651238548 2.921120020411152 -1.302101288497628
-0.9790765195143469 2.9333661776592312 -1.2647367693633684
-0.948302584221831 2.9438775911057626 -1.2270236089546338
-0.9175853929244612 2.954361490775692 -1.189520814644516
-0.8871314758733255 2.964755978821093 -1.1523317481586373
-0.8569298082867571 2.9750648867519693 -1.1154417593880035
-0.8176504597175398 2.9873713823123285 -1.0865300679385494
-0.7780969595225284 2.999563799507336 -1.0587002869714222
-1.0427070744387408 2.904842261703985 -1.3445986992210313
-1.0247929225622676 2.9134361510022067 -1.3222938638493575
-1.005216598340993 2.9228534082321986 -1.2974840450746823
-0.9837201104488337 2.931773276725779 -1.2705451309295281
-0.9639949682358017 2.9385154931627726 -1.2462903317332277
-0.9438909165182393 2.945379372392849 -1.2217055850969354
-0.9218379392244657 2.952907663388351 -1.1947546201322272
-0.9018684357933944 2.9597269254915783 -1.1703115487483409
-0.8823831396259353 2.9663798896276417 -1.1464775920073127
-1.308087402381085 2.6953643011564252 -2.3681489548636634
-1.338880210944506 2.6767969275740273 -2.40530275720502
-1.367368266325307 2.658763020572319 -2.441983738153628
-1.3947248147602354 2.6383192993234426 -2.4782522107171734
-1.4220698193255432 2.617891588160742 -2.514456179063797
-1.4508889368860003 2.596642623864233 -2.5507462504164007
-1.4794831929276238 2.5757150240793845 -2.587190105468601
-1.507924812756302 2.5553468134643547 -2.623551434480842
-1.5356619288225162 2.5349447583090456 -2.6596700792953363
-1.3170054518761505 2.6923977766889116 -2.3567373281650794
-1.359862263779966 2.670182686670869 -2.375094482464642
-1.4034539070962129 2.6476021801279286 -2.384497826023467
-1.4465476940113695 2.6238386886054585 -2.3853837925471906
-1.4892630528976631 2.60013093735805 -2.3813558876296956
-1.5306251313840125 2.5758253375728106 -2.3717146896876757
-1.5722058778201602 2.551862284786595 -2.3580266536755445
-1.6128998563988897 2.5288916475251035 -2.3405470628329663
-1.6527305201926838 2.5067811086486187 -2.320275989229184
-0.9356824170196097 2.8309101843863558 -2.51029888172364
-0.9078932368337184 2.833965272811212 -2.551533146178411
-0.8799282454609026 2.8358713642807962 -2.5926179743135638
-0.852330388048966 2.838177450888881 -2.6338759515886054
-0.8249283681018957 2.8404618092295975 -2.6751571092386106
-0.8654287948191522 2.826690846237107 -2.6978011584353414
-0.8699102240733759 2.8225510624877397 -2.721360816469519
-0.872731300927751 2.819910217469039 -2.7364720717261037
-0.873790368958495 2.8189189070485314 -2.742144253620799
-0.9483604216670161 2.8261032142019555 -2.516548164645369
-0.9414961398361419 2.822727439637504 -2.5658919047427355
-0.9429203700584184 2.8159685750798893 -2.6153630927226357
-0.951964972906891 2.806374669972687 -2.663470313177784
-0.9695335828141279 2.793020773330179 -2.7081819999485646
-0.880198896882721 2.8129744850480525 -2.776031813000811
1.847038717572233 2.416498267720041 -1.9300794542813098
1.8874264067213378 2.3873892232595577 -1.9244085589439395
1.9267665993846594 2.3573195160199174 -1.9186051099062016
1.963754566512248 2.3253172101707635 -1.9125249535270714
2.0000741148594554 2.293910061942766 -1.906401890074943
2.1002672377454683 2.2028047664010453 -1.9254529411789154
2.1053099476187302 2.200484548918321 -1.907112721614514
2.1103809137386107 2.198101730059144 -1.8890031289876366
2.1154934706258355 2.1957015236571373 -1.8707305161339765
1.8446653562927915 2.419858246598168 -1.9157665188519937
1.8795910930999489 2.3972704915408394 -1.8879117339647333
1.910039885636111 2.3781036745534414 -1.8530916883570432
1.9338102243591184 2.3610419482273377 -1.8127312450625477
1.954292730432591 2.347106510745502 -1.7697513521750026
1.971079441929518 2.3366360548463527 -1.7243538011435553
1.984891918105097 2.328954675619514 -1.6774099619475527
1.995821459109664 2.323918700116436 -1.6293281526151646
2.0046477477732076 2.3207834535027514 -1.5806215865426732
1.7316018710121126 2.451816730623377 -2.34145116991357
1.7429942883482958 2.436273963012833 -2.387409636988047
1.7521140983810617 2.42220261221739 -2.4327451741293746
1.7600421122912397 2.409074127285961 -2.477840631046661
1.7671314333578165 2.3970343481970016 -2.5231936334118217
1.7733765441942646 2.3861443436941943 -2.5685284912573
1.7853647142676914 2.3708218374652894 -2.61485905702855
1.7968800212030498 2.3553868654855274 -2.6611418136861986
1.8081758193467878 2.3400335081468246 -2.7074957796586627
1.7424742747514426 2.4451005696996964 -2.3339170318984825
1.7697342768362427 2.4192534077949395 -2.366567656502645
1.801744478920967 2.39092971856546 -2.3920450801303605
1.8367738023158424 2.361284208369971 -2.411363337721779
1.8734918750643088 2.3310617595917993 -2.4262060080720347
1.9118035590212825 2.300770121902303 -2.4360502514209617
1.9487908996017695 2.268223158336812 -2.4422310397688696
1.985045427659326 2.234339670435699 -2.4446106318902836
2.0214874828276717 2.2006763062590817 -2.4441868785890555
1.4686769054469069 2.551774955991652 -2.804821007825094
1.4745760213471104 2.5426138793377477 -2.8478129512903685
1.4803913135019444 2.532567238568752 -2.8922569682753605
1.4855599146155563 2.5209791903511984 -2.937644588665854
1.4907916803104775 2.5091961888700225 -2.9838691739849637
1.5062190211848416 2.4918393326063644 -3.028145735247633
1.5203387904805827 2.4751162183649065 -3.0731013454114993
1.5335243783888615 2.4588520492432395 -3.118509416649972
1.546330516564542 2.4434419302310237 -3.164364341836025
1.467364092119155 2.5538141215092307 -2.795250211830274
1.4708033444019266 2.548476365301964 -2.820290371761519
1.474774905787299 2.5423089443023246 -2.849232708000951
1.2222481667708123 2.6682147560147342 -2.876509641496907
1.2107762156340214 2.6734953777017245 -2.880204669459488
1.1920525040871885 2.6812466738549077 -2.8861142494986995
1.1663853258507373 2.690078148592808 -2.8936817106874844
1.1354900107114136 2.700712208938803 -2.90276377015522
1.100564989257772 2.712733182612887 -2.91303111780835
1.0626246323172452 2.7257918982277483 -2.924185772767454
1.0289067252862607 2.733777213005981 -2.9602907875348485
1.2115614570345392 2.6731393784137802 -2.8799188867864842
1.193714744345596 2.6806720024235307 -2.8856439480303697
1.176683772300378 2.6865300273315227 -2.8906791840444113
1.1618504767334734 2.6916347275872794 -2.8950458992667545
1.1432867815707266 2.6980241662993345 -2.9005038007148025
1.1303859032147692 2.7024636765580623 -2.904302882686699
1.1132089237985774 2.7083758549327173 -2.909352835039812
1.1006947364623356 2.712682275792757 -2.913038184289984
1.088301809832687 2.716947528198059 -2.9166837702217436
0.7643877501919736 2.7580402187796507 -3.339540530685958
0.7506295525261795 2.75378170061399 -3.3873904993188955
0.7367863753611548 2.7495252205901237 -3.435358865734644
0.7229522864975952 2.745271674465407 -3.4832948684241543
0.7091234411300568 2.7410222205099215 -3.53119720055636
0.6952974743263419 2.736777578461194 -3.579065012747525
0.68107860182811 2.7309570235557064 -3.6266097632419383
0.6667002150130301 2.7245176274000933 -3.6740262702142554
0.6523187053133226 2.7180820404593646 -3.7214285512619676
0.7787449096446165 2.754253708989297 -3.341053401451146
0.7881596303688679 2.7442363583777003 -3.3891404638443374
0.8052471071093219 2.73074037008248 -3.4340105716749245
0.8287763520331916 2.7154182895169923 -3.4751025318074076
1.0008236818971412 2.647676267076263 -3.535240544725617
0.9956152971232768 2.644779325919347 -3.5644748845635172
0.9908152431503214 2.642287576487114 -3.5903470930898034
0.986338982948282 2.639256227093021 -3.612412562963765
0.9823331930120305 2.636485204738015 -3.6319531225235897
1.1449606551147977 2.65341790840677 -3.174840182190328
1.184424989141549 2.6319843104558878 -3.1964177505112095
1.2239310518878186 2.6105277428407927 -3.218020052623541
1.2627608645283952 2.5880175896117863 -3.2393329908976787
1.3008920821057959 2.5642801461131923 -3.260454893503756
1.338999370281375 2.540546277620616 -3.2816195129535344
1.3737610608721542 2.516752271905488 -3.3115248003338533
1.401689245531215 2.4950297670824404 -3.348434755434146
1.4221038507598402 2.4760691701784454 -3.3906524219965637
1.1365563274873067 2.655315144343498 -3.1869510486118893
1.161497167257411 2.637677689747649 -3.226215861870529
1.179307554284388 2.622543970565176 -3.2701559715478594
1.189707718361858 2.6095893853396332 -3.317050977292886
1.195340448596072 2.5975649610998355 -3.365090858450368
1.1964050879771815 2.5884297006850914 -3.414100167437391
1.1934281599814747 2.580281366961434 -3.4631479825319174
1.1994513234150452 2.56790425190163 -3.5109055721248144
1.2141143726163535 2.552356216187005 -3.5558053656174584
-0.25014646173657556 2.812344183399811 -3.5791870034923536
-0.250630468848254 2.804079153932727 -3.6261413089744283
-0.2509544702960443 2.794850187300018 -3.6710462105412316
-0.2512379522205177 2.7858763421650754 -3.7147233209437536
-0.2515191356575723 2.777032027003407 -3.7577692193459153
-0.2275042221425966 2.7702446184482072 -3.801198740596637
-0.2033001614680673 2.7634970177421536 -3.844515113595838
-0.1789711110375635 2.7567774908708755 -3.8877480857573143
-0.1545922339452169 2.750429955502985 -3.931014025873073
-0.395547425928152 2.7944459487263815 -3.573863136147625
-0.5182470377842673 2.7695256925973415 -3.61123414419994
-0.5215643391014945 2.7604082592594836 -3.6590377246342634
-0.5245897771414542 2.749984391091099 -3.7055495349294207
-0.5276000641823604 2.739707362219196 -3.751381058059301
-0.5305735615903555 2.7295508107422206 -3.796676669059446
-0.5577565250369811 2.7159041422621457 -3.8363628269434527
-0.589319835918745 2.7021375664697005 -3.8726157602996074
-0.6239099598323105 2.6884243932627734 -3.906018954780386
-0.01762121290280966 2.852360871456088 -3.3878844466329783
0.027927313736963902 2.8490248477137725 -3.409072327057458
0.07329810638464919 2.845685380522599 -3.430284430183626
0.11848894677576266 2.842346248893179 -3.451496237750835
0.1632318901709104 2.835420726825836 -3.4720204827839325
0.208035898211649 2.828289637338631 -3.4925265007559636
0.2528469491331721 2.821149422940292 -3.5130782529816837
0.297686297684687 2.814001671664823 -3.5336590653674675
0.3415473317872863 2.8063971326166963 -3.5560791383504617
-0.013452483776459969 2.8545241741616127 -3.373791988149937
0.03678632572771981 2.854766722753398 -3.371690970661562
0.08564378950408434 2.856374938498085 -3.3607355582983214
0.1319123389398579 2.8591682561053546 -3.3421110101115175
0.17600736200462422 2.8626386019446617 -3.319112486903625
0.21702649123582754 2.8639396793926495 -3.2910110677418705
0.25568423922705147 2.8644990186958825 -3.2596635952834507
0.29167919047480007 2.8659089514433953 -3.225330932038233
0.3256422312000797 2.8679146091018235 -3.1890289764016604
-1.1076142620345295 2.6800658609709758 -3.1193050164380782
-1.1046625933494112 2.6777487876653794 -3.138446416708093
-1.1005862763663057 2.674548884497651 -3.164880964762839
-1.0955995825290452 2.670634058465467 -3.1972207365361047
-1.1208376508359101 2.6529263340420934 -3.237386431246823
-1.142780665748959 2.6361958732984063 -3.2795588086183507
-1.1625627021829188 2.6201475318600798 -3.322823362841007
-1.1808777743824088 2.6046969543799947 -3.3667671779212083
-1.1977281499682604 2.588801097142609 -3.4109478683474252
-1.1059513095671611 2.6787663523773815 -3.1300570235007195
-1.1026395205463364 2.676163800075822 -3.1515489019001435
-1.099310234368224 2.6735473622951904 -3.1731550639668167
-1.095268238908777 2.6703729815300083 -3.1993747541642525
-1.090999202387582 2.6670188145897322 -3.2270752561376277
-1.1207204592887938 2.6481706293255507 -3.2634829062153
-1.1467056255974049 2.630328308605309 -3.3027210738611577
-1.1706931501835385 2.6130810413846564 -3.343161770997562
-1.1948484663572616 2.5958282803651906 -3.383196582708219
-1.7762518968261893 2.52580331837366 -1.303898683186475
-1.8108016794148805 2.50427903388726 -1.274786615368911
-1.844156794333042 2.4835992355146472 -1.2455237463497884
-1.8738008101250807 2.4623403797966494 -1.2162670553674528
-1.901096836848272 2.4422912544427495 -1.186804638452645
-1.926385314875942 2.423868671096036 -1.1570963427857948
-1.9589597028700163 2.3997176430143576 -1.1273589355102134
-1.9913613760271418 2.3757219826000697 -1.0974301271363098
-2.0224692344505564 2.350382414564368 -1.0672499345683806
-1.9078228908989723 2.427186449637673 -1.3409074399165812
-1.909930513678102 2.4264364222930146 -1.3259635779400933
-1.9111578290763653 2.4259695913707278 -1.3177388565587203
-1.9113804577688662 2.4258788426547278 -1.3163432648354134
-1.9106999026899545 2.4261254837296637 -1.3210979252745176
-1.9093411963732538 2.4266251633221962 -1.3304750612411196
-1.9074741946510947 2.427315103976023 -1.3433073477293513
-1.9050973180711974 2.428196337432965 -1.3595985275549993
-1.902207360485841 2.4292699163937006 -1.3793727345673599
-1.7451229392996417 2.5147760616416255 -1.7258612211736282
-1.7745324189712937 2.491637149439739 -1.7316934097726344
-1.806601631674785 2.466408556346635 -1.7380211752637156
-1.8406258941907743 2.43964181673478 -1.7447360458315362
-1.872887946271356 2.41234810727227 -1.7717418407545258
-1.9062539114287682 2.3844140234939495 -1.7965053136719427
-1.940281542615406 2.356116176891137 -1.819708323589946
-1.9734432255369472 2.326081091566072 -1.8416052395446625
-2.0064214847715185 2.295155874025946 -1.8626454367899237
-1.752330981915093 2.5091038997825637 -1.7273013069674885
-1.7868015107334863 2.481983457807527 -1.7341325837386674
-1.822029721046965 2.4542695238474166 -1.7410856406583513
-1.8573471683041536 2.4264849636664665 -1.7480608816292207
-1.8907629241605484 2.3985454330934215 -1.7724704071995725
-1.9254415432549714 2.3699028544986676 -1.7939961765293226
-1.9612281671383465 2.340483297268094 -1.812031218511817
-1.9967755895679697 2.308404602014311 -1.8254314057723964
-2.032552745192056 2.274807797133636 -1.8330858218761683
-0.7340234117133602 3.010308849114994 -1.0379247815613852
-0.689891086857195 3.0210666501373056 -1.0171849967477429
-0.43494780823754553 3.075923076496269 -0.9591384424682564
-0.4365995674532312 3.0764735478433565 -0.947484253993546
-0.43860769534794297 3.076917911877121 -0.9367047912399089
-0.4405349771357408 3.0773450888560068 -0.9263487115873599
-0.44243565756830017 3.077767199910892 -0.9161230597838478
-0.4443544432632219 3.078194141172238 -0.9057878042866205
-0.4463285484472317 3.0786341447528014 -0.8951432237294535
-0.7420590689906181 3.0087536881443335 -1.0254806527027254
-0.96535034661674 2.956056424549183 -0.9220460389660915
-0.9544410230622088 2.962325595276197 -0.8752905088145971
-0.9432096122123378 2.9670839015078023 -0.8270430434780502
-0.9317455605848449 2.971057728699767 -0.7786210255557083
-0.9204404285522959 2.974976720944322 -0.7307624824424204
-0.9093176890119142 2.9788324677112583 -0.683683777913826
-0.8984334946767584 2.982605513046394 -0.6376184669430394
-0.9296826123913119 2.972413835120978 -0.4957081302831269
-1.5664775938672608 2.510256337808694 -2.6899440669140344
-1.597255680315557 2.4855832939234888 -2.720267360726191
-1.6282880962880373 2.460750723808692 -2.7505815860897647
-1.659268578952182 2.4359459959274723 -2.7809253657340554
-1.6900823537628462 2.4110486672902525 -2.811287229882714
-1.7195684251404493 2.3843454539048095 -2.841354329396773
-1.7484088630926784 2.3568284942978357 -2.871330128282138
-1.77719221762061 2.3293500695923366 -2.9013436191601323
-1.8060582151047626 2.301807425579853 -2.9313538885648724
-1.5566017420259286 2.51477384440449 -2.7001130174800414
-1.5711229284684918 2.4979573025121495 -2.744716486118697
-1.5786832107994915 2.4850345617473892 -2.792333250396914
-1.5791202686679862 2.476360740183078 -2.841579888960492
-1.5759423499173317 2.4708041992978673 -2.891167646935627
-1.5683992239297073 2.468005713901128 -2.940772295420081
-1.5570667388599846 2.467716234798074 -2.989639319154799
-1.5425420924070683 2.4691724519827845 -3.0373602026574704
-1.5251593316195335 2.470885596441313 -3.0840930734024865
-1.6936438236473765 2.4835464488153693 -2.3039097960162125
-1.7329737087019939 2.458122156200247 -2.2872762779749345
-1.771189780049223 2.431128938808495 -2.270357185871255
-1.8093603728175074 2.4041829806332715 -2.2533556939884027
-1.8497591343311859 2.3755376298821473 -2.2362183407896326
-1.889367192984521 2.3474931310524223 -2.219144143117707
-1.9275511578502462 2.3198210699682904 -2.2022871499853185
-1.964618788322123 2.289660973697638 -2.189838781865715
-2.0018410915827816 2.2582530189937873 -2.1870837320732783
-1.6885218631056933 2.488478831252355 -2.2908008313721986
-1.7189405136525104 2.472489077047809 -2.254803758543239
-1.7433840447367532 2.4600686619556797 -2.2132331709953834
-1.7620022905027222 2.4520805320065597 -2.1677060100192223
-1.7770146484220717 2.44675790471964 -2.1204652008635936
-1.787838086773429 2.44447022129835 -2.0718131470645447
-1.7957298389771725 2.4442759084349532 -2.022470901622815
-1.8007070923298456 2.4469542819194654 -1.9728125257181746
-1.8004602953757352 2.4532123375458514 -1.9232498599572334
2.1224950736519372 2.1924210252173855 -1.8456622097945277
2.130575706161482 2.187938514906333 -1.8146698823574712
2.1396948801616973 2.1824820854380658 -1.7790559009604876
2.149714467834765 2.1764814791086224 -1.7399703875906511
2.160386839564672 2.1700907841816233 -1.698331323829098
2.131881281652394 2.204176839090748 -1.635638945523866
2.143701940774516 2.197635073707549 -1.595248659337284
2.1546746722194046 2.191516088027375 -1.5582484679770974
2.164943711446674 2.185792184993571 -1.5235928696563172
2.1188464545973678 2.1941241019432622 -1.8587688255512635
2.122300377936582 2.1925090870527733 -1.84638053207655
2.125475384497559 2.1909769180401932 -1.8346994755669084
2.1294146785726706 2.1886237274759184 -1.819282837552934
2.1322691137307883 2.1869168487139405 -1.8081263153236447
2.1365856237533114 2.1843334264181866 -1.7912740445524145
2.13959822270395 2.182533640878228 -1.7794854780843907
2.142512055062859 2.180790487997987 -1.7681030753197542
2.147294472821357 2.177927761497601 -1.7494356453214952
2.006614735704788 2.324297135081848 -1.5308326855023195
1.8304695795025991 2.3162772670697875 -2.7453703342049085
1.8520671960876733 2.291698414821956 -2.7831370940784583
1.8734689743904365 2.2672376718483576 -2.8211080772588226
1.894931615729892 2.2428252845478753 -2.8591352152899487
1.9167539117714394 2.218887409136531 -2.8972183402888625
1.9371497155987552 2.1934089412744786 -2.9349623920990418
1.957188104876202 2.1674782681785167 -2.9726137912379413
1.9774013115688918 2.141396407213193 -3.010238567636081
1.997558889645992 2.115360238600922 -3.0478832545301704
1.819918618818127 2.3233115799779656 -2.7528711997618633
1.8235646104707557 2.311187902217553 -2.8008595764660247
1.820091739667302 2.3045590272691454 -2.850002123049264
1.8104454496095224 2.3038151799520077 -2.8990860217322814
1.797196874962638 2.3062775799074577 -2.9473489722431707
1.780357702335256 2.3113017789796357 -2.9941602272620487
1.7599468488221988 2.317272501641899 -3.039417830986597
1.7367419383226468 2.325649202712767 -3.0829092459443626
1.7190943657234745 2.329721383632605 -3.1294821085096105
2.0575039468853826 2.166644322556641 -2.449192767668351
2.0935293608823438 2.1326022343741853 -2.454211634230606
2.1281511572062044 2.097312633789978 -2.458970086043509
2.1619673189780726 2.0611006334883157 -2.463576909584929
2.195813852992957 2.0248623979439735 -2.468154356856749
2.2285082092198896 1.9877792098658287 -2.472640256122957
2.261117204039406 1.9505466191565253 -2.477098418498527
2.2924088623815972 1.9121623599221693 -2.4813407771129308
2.3229711524213155 1.8730714508883015 -2.485456230675831
2.058032443369344 2.168228543701268 -2.4344283639782844
2.0931659824548623 2.138342548688573 -2.415727945922942
2.125792488778342 2.111892164130301 -2.3890827265897125
2.154767840032106 2.088835375165264 -2.355879693991783
2.1799041555692336 2.0668460870659207 -2.318993914742951
2.2025899405566363 2.048354272632215 -2.2787169316208575
2.2233469847547536 2.032392682475701 -2.2363279260269633
2.241990245206442 2.0191366384446088 -2.1920139171220296
2.259057503206596 2.0078581352292124 -2.1464939004349164
1.5641637999664082 2.424671250114895 -3.207049965077164
1.5809286420580368 2.404343061650856 -3.2494447105167774
1.597902174306569 2.383896910591799 -3.2917377626317808
1.6149095453443048 2.3634296205049243 -3.3340236982716944
1.632154377759215 2.343192769580334 -3.3764854374196513
1.6531182938650368 2.3217316745338716 -3.416619749934187
1.6784012331191984 2.297962069631628 -3.4526496504226203
1.704823159821052 2.270041375068183 -3.4846109899265905
1.7297079242788187 2.2428966865684425 -3.518381617004078
1.5521106734240062 2.4315683042362553 -3.2125319916316215
1.5497366935648749 2.422628588432743 -3.261596064068773
1.5383757266638933 2.419903220902192 -3.309753537127016
1.5204271335156005 2.42193930468405 -3.3562855722145986
0.644565308162747 2.689009933231383 -3.867550943884525
0.6382766813947455 2.6905320863420057 -3.867858457193215
0.6322924316716887 2.6919832184006256 -3.8681385931692294
0.6262348341359443 2.6934522057932497 -3.8684218373908688
0.6197888850400213 2.695015443960451 -3.8687228907446083
0.6126773282325805 2.6967401742621533 -3.8690546898680234
0.6046432003349228 2.6986887174038836 -3.869429220608471
0.5954386041642926 2.7009211963301714 -3.8698580410232215
0.584819057856489 2.703496906691765 -3.870352545084273
0.6306945331829834 2.692374448543971 -3.8681957221775853
0.6098272959153356 2.697433183524206 -3.869179161008175
0.5879930891420064 2.7027291690064668 -3.8701948297330504
0.5649113273592762 2.7083277534342254 -3.8712685368209585
0.5354229515403843 2.715480146288912 -3.8726409440476846
0.5005677458795816 2.721271910794678 -3.8737656849149005
0.4615036197187497 2.7262798024701573 -3.8746886376221727
0.4194357449436803 2.7316751519670985 -3.875670142920455
0.37517788493392384 2.7373512258813846 -3.8767035172547835
0.9775085684246918 2.6331483277391246 -3.6554853811048407
0.9713977040735484 2.6289165391854983 -3.6853155600229477
0.9642594626466047 2.6239728058441436 -3.720163090145089
0.956339709554916 2.6184871792323317 -3.758828743713415
0.9715306957752058 2.602947028596852 -3.803804130209065
0.986378420088551 2.5873022002667403 -3.849847008181271
0.9992102836953344 2.572622758692477 -3.8968650365593334
1.0106297732121885 2.5587545489213044 -3.9442937182811377
0.9418842997940423 2.5719821113190733 -4.006467440888136
0.9802885414285313 2.635074206545463 -3.641911559403948
0.9779202289777348 2.6334321327796046 -3.6534816702698145
0.9759434817969992 2.632061197928951 -3.6631404515923287
0.9729690162866796 2.6300002655367516 -3.677665366210941
0.9710185917094825 2.6286467646999396 -3.687199285525094
0.9687017830960626 2.627040954877808 -3.6985152494604034
0.9655431808881364 2.6248519946803675 -3.713941370913209
0.9635583041923483 2.6234741457341637 -3.723645707887375
0.9609095957663357 2.6216386675515997 -3.7365810492753404
1.441907879679623 2.4575879739178563 -3.432747614053193
1.4598537451941567 2.4381283680789556 -3.4742691270247295
1.4780183883273132 2.4178067339533253 -3.51594028805531
1.4961803864234906 2.3974723578580392 -3.557682246581397
1.5143391395102073 2.377129807178363 -3.599474552350984
1.5248233935719857 2.3606081502523635 -3.6453675286211387
1.5196398509858355 2.353446501737876 -3.6952478263337762
1.5219199074460261 2.341769647743891 -3.7434450677302005
1.5241366181300346 2.3303808086429414 -3.7904718917804083
1.4294488002536565 2.4632353978215966 -3.4385255469009297
1.4285552247226998 2.4536563939615528 -3.487405812745989
1.4198980918560524 2.4483546188478207 -3.5362059881251264
1.404121680167359 2.4472690141924303 -3.58350603873767
1.3844810737736795 2.4486257465293764 -3.629373577009461
1.3607700420888884 2.4527248004544235 -3.6731316274031474
1.333409439188242 2.459336493374114 -3.7143932407500206
1.3044250843203375 2.4671132154437743 -3.754312999354426
1.2806055019535476 2.469122594074364 -3.798109446763885
1.229233867319399 2.5366421938463484 -3.600546678769909
1.2443474510855634 2.520845920558325 -3.6453471487460214
1.2413512654644439 2.532976178073034 -3.5927159182280777
1.2736066312255758 2.5107250043827603 -3.623367921661834
-0.13699631291905906 2.742280942602281 -3.977032087612739
-0.11937500216211035 2.7326813617013856 -4.022756158152981
-0.10198879703869389 2.7230798540446797 -4.068451559399063
-0.08408726658341242 2.7134829360396986 -4.114208161914576
-0.06620882454095817 2.704015571677706 -4.160070548183237
-0.0483749647898835 2.694937709278064 -4.206005936413427
-0.030592008239795146 2.685860855766582 -4.251927944310419
-0.013388774852068299 2.6754859186688194 -4.29748447698768
0.003730485580916824 2.6641428725428353 -4.342823066929832
-0.12399338408357488 2.7443168873703794 -3.9699894653503383
-0.08705442225424594 2.738240884609427 -4.003019655333437
-0.04464496360733681 2.7338974153772875 -4.0291695025624135
0.0011480728211536537 2.7307126441242944 -4.048586675124477
0.0487402494238007 2.7270766400372786 -4.06300409806007
0.09756468910099492 2.724058188151932 -4.072130739433665
0.1468951515327628 2.7193617966838803 -4.076392611643472
0.1963597146259881 2.715525963929345 -4.0767991714103475
0.24563400360332277 2.71044553943315 -4.082780285702476
-0.6649287127140463 2.6746778824816273 -3.9309939579307502
-0.7051704131735193 2.658235505791425 -3.955416462392696
-0.7450259364419853 2.641153533144053 -3.979750226908255
-0.7851074999713924 2.624001376273701 -4.004090412480756
-0.8251759835481319 2.606854821128337 -4.028422633332945
-0.865001744908781 2.589129927331706 -4.052598407036525
-0.9040380393165659 2.5690415481294604 -4.076260627836651
-0.9430646684836143 2.548955117616425 -4.099929649189338
-0.9821455755604303 2.5288434726212885 -4.123620200301828
-0.6552333282307446 2.6744963368160537 -3.942362703656257
-0.6792938000081703 2.6589706418668264 -3.983270430651274
-0.695469177716114 2.6445046649852104 -4.028200518624068
-0.7041487861795628 2.6313556488103638 -4.07561503216139
-0.7082051142568279 2.6191746683892037 -4.123888036927617
-0.7071681835481936 2.6084216633648682 -4.172720013422279
-0.7019413405151124 2.599125122282671 -4.221547163108631
-0.6722280435324187 2.5963264174497156 -4.268895120760633
-0.6672433259461656 2.5870910050900084 -4.317160165218632
0.37943471923164285 2.796308577198572 -3.5865087779227722
0.4168630434533899 2.7836612330512893 -3.6166128851051558
0.4540771211834518 2.771262889109452 -3.646843406775695
0.49102344189265285 2.758902288941291 -3.677150128451099
0.3870137244609583 2.797316468484505 -3.573797304745585
0.4344527911164142 2.7865203064177178 -3.582720208053469
0.4827106653950037 2.777273776347354 -3.5828164920709344
0.5309725855607423 2.7695944063097313 -3.5748014693088104
0.5784478382746926 2.7629666341356143 -3.562124469607012
0.3631192768137289 2.868891847429939 -3.1561221284204124
0.40062845446025935 2.8698668479977054 -3.1232048623211206
0.4378211883398943 2.869394065706818 -3.0901092015243954
0.47476570574367094 2.8676218930297432 -3.0567879951592776
0.5116172943412024 2.865867984503607 -3.0234554460128162
0.5489245148230804 2.864082243618018 -2.9900439005839146
0.5801336222864787 2.8643789807808093 -2.951018042798965
0.603559684186017 2.86681585844615 -2.907047962325012
0.6179104694952314 2.8714134975078855 -2.859531417123699
0.3518839796083462 2.8719150974151244 -3.146799724238226
0.3706527737527237 2.877483693185546 -3.1009316043377484
0.3809627545502954 2.884532123417531 -3.0526522602139026
0.3828621533570932 2.8918206873730576 -3.0033660410593495
0.37994165537785896 2.898887328559375 -2.954116491671992
0.3716011437840357 2.905852554300018 -2.9054642433051283
0.35905065749529114 2.913249101268846 -2.8578029454397607
0.34277806020374085 2.9209972035091663 -2.811264460203259
0.32394252773042137 2.9289618772033275 -2.7657103206768983
-2.055638762786205 2.3219608211455314 -1.043303729946605
-2.0884330505822177 2.2938655329010604 -1.0194711956217766
-2.122160316959462 2.2649519414682127 -0.9955862614132047
-2.1553093507052434 2.23625433256721 -0.9714634024091241
-2.187594911583179 2.206791835813209 -0.9473236230856585
-2.2198404049018556 2.177366055681729 -0.9232117451937628
-2.250446399103023 2.1464409656769043 -0.8990225865079946
-2.2803097839005564 2.114767237175995 -0.8747738619170784
-2.3099765132788814 2.082883064269378 -0.8504987370958073
-2.0490778359527764 2.328086794610589 -1.031446038183415
-2.070632589702414 2.310390401254175 -0.9904439053522285
-2.087548416828897 2.2968999455049697 -0.9451867892829684
-2.098532271382533 2.288708430767381 -0.8971003642248563
-2.106119849439273 2.2835316423886893 -0.8480232113297398
-2.110347176335484 2.2823939160964217 -0.7980286860122081
-2.1112923318055734 2.2847937203308484 -0.7480192686747689
-2.109435956382181 2.2896350662620217 -0.6983002066406023
-2.104560307129645 2.297104871872901 -0.6489381267517756
-1.8978882868895528 2.4308785951930196 -1.4088587799196546
-1.8926889086617895 2.432625702841434 -1.4435914849686344
-1.88604038866308 2.433485148543419 -1.4822792912295084
-1.8788890199456525 2.4343985304776665 -1.5239943254705655
-1.871359376355902 2.435360516359132 -1.5679132428597953
-1.864124105648184 2.4362876843653583 -1.6100896306638164
-1.899803041759131 2.430161854734028 -1.3958435797641489
-1.8976667042408384 2.4309581875834265 -1.4104181538120284
-1.8953246083171915 2.431831589826069 -1.4263905572139723
-1.8929431767288745 2.43259084812233 -1.4421300466688836
-1.890472860657331 2.432911556749139 -1.4564922828461224
-1.8870510100857265 2.433349269591912 -1.4764463425800676
-1.8845071814986891 2.4336752456824136 -1.4912750602160705
-1.8807621493075373 2.434154042410459 -1.51311605467045
-1.8784520091714905 2.4344503926853553 -1.5265796101151006
-0.4502288280806309 3.0795037541602848 -0.8741082085587841
-0.45518507218018184 3.0797062254713268 -0.8462891343548449
-0.4610876246008124 3.0790103330867 -0.8128555721567199
-0.4677865695742083 3.078219248218914 -0.7750859233805654
-0.47505981793576485 3.0773604324226445 -0.7340662815224626
-0.4827528664350237 3.076452140845711 -0.6906664529495662
-0.4907479716619834 3.0755082763240407 -0.6455505072967573
-0.498957964453231 3.0745391255120884 -0.599210890492629
-0.5453804826509591 3.0701839800585 -0.3774071891528133
-0.4477246007836472 3.0789424726904846 -0.887658288979448
-0.4493012896175587 3.079296644140275 -0.8791152169666453
-0.45068803902193516 3.0796079613576897 -0.8716041414764641
-0.9186512375653463 2.976140455134024 -0.4907029562117445
-0.9005748643838619 2.982240689286228 -0.4852080752509834
-0.875989118870236 2.9905375729702013 -0.47776377919421104
-0.8460399635499517 3.0006444352808037 -0.46869399460909594
-0.8118929769399729 3.0121679390865013 -0.45834846617788705
-0.7745695917126264 3.024763388333505 -0.44703475683266564
-0.7344985380291712 3.038081142858791 -0.4350683194863502
-0.6955145698346048 3.044693902682743 -0.42332794654947625
-0.6605161519140104 3.0506359554928784 -0.4126247210554849
-0.9336506061979392 2.9710784983187364 -0.4953135900429355
-0.9404628608498493 2.9687796008251324 -0.4973697293868019
-0.9543574374772904 2.9640905547078815 -0.5016117995147379
-0.9885447017795272 2.953613840674106 -0.4650222562877291
-1.0245086815762658 2.942974647797898 -0.4305733010399217
-1.0611276890972285 2.932080473283913 -0.39725349781250024
-1.0980209874795392 2.921071060309462 -0.3646494874182461
-1.1349954014047499 2.909373261899899 -0.33242542794297575
-1.1701074732492054 2.8944489805048494 -0.30076669700190395
-1.8386349121719532 2.272375178389222 -2.9551659155402823
-1.8702695893014005 2.2421072188809057 -2.9787136879764504
-1.9006631081116667 2.2105951684847867 -3.002000026770894
-2.021942654221061 2.100879839076437 -3.0113265574461066
-2.022108812804302 2.0959699289770892 -3.038031722317319
-2.0219223486251385 2.0911795470047405 -3.0637906892639113
-2.021179311364316 2.0858039686689405 -3.089289380728862
-2.020418339829635 2.0803611163706144 -3.1151424872302536
-2.0196378326915525 2.0747680438678606 -3.1417031302706064
-1.830578094973991 2.2767554742835467 -2.9669334542242716
-1.849035568204533 2.254706378077919 -3.007605851033492
-1.8599892652535694 2.235773579484931 -3.052332772181625
-1.864856128346894 2.222098702819352 -3.1000221686743843
-1.8662144103435707 2.2116202178045645 -3.148776701294907
-1.8710661458117233 2.172147459038531 -3.3221572531649306
-1.8627028144861597 2.178459546301795 -3.3240967434117397
-1.8497914596443772 2.1882126519163907 -3.327048986989714
-1.8329565190354213 2.200929215034039 -3.3309002546966053
-1.5115275945022022 2.4706536538741495 -3.1322033712402573
-1.4980143187520039 2.4704225912612547 -3.1803556757705915
-1.4841800106706011 2.470395444500935 -3.2284077580085038
-1.4703783973923463 2.4703492393770135 -3.276459893361726
-1.4565961876405273 2.470292654440817 -3.324506529726755
-1.44209151405197 2.4689821384609765 -3.3723014152145794
-1.4356261446238379 2.4621234776589764 -3.421349820331992
-1.43767687434479 2.4503363605376216 -3.4698181913439683
-1.5674978849814378 2.358445415877398 -3.5318887675176645
-1.5001679104866839 2.4782215533291527 -3.1265634616037814
-1.4699330528381245 2.4894909316973517 -3.1642724127409396
-1.3274092020854058 2.5687914267574627 -3.170540195974034
-1.3187000308130397 2.5670952506097966 -3.2025557539390066
-1.3111750789666046 2.565506192823427 -3.2308490931858524
-1.2685652004345869 2.5844055256819556 -3.2485297473296155
-2.037712434361414 2.2254358167014536 -2.1866248374645507
-2.07362558017576 2.1914842596037736 -2.1860726589612796
-2.1911482585526016 2.0715627044148723 -2.2087850536499807
-2.1929790001536413 2.070806267194421 -2.199608387815504
-2.1947346575960807 2.0700898519740494 -2.1907367544944116
-2.196491927651177 2.0693723985821904 -2.181859985665413
-2.1983023277751728 2.0686328745792895 -2.1727178356112122
-2.2002095695326425 2.0678534362849916 -2.1630894755182326
-2.2347771201288724 2.031838714887646 -2.162088451434556
-2.0350315648443713 2.2256526726062322 -2.2012216743100854
-2.064441281848831 2.1941767605349907 -2.223835081608141
-2.1773037242767628 2.07723251148956 -2.2785821612445143
-2.1715321821068065 2.0794367016980724 -2.3068953710610294
-2.163863811026184 2.0812521919659126 -2.3405292493677003
-2.1552476790370947 2.0832905365656624 -2.3783283510640585
-2.145923906397156 2.085496518371706 -2.419230643073489
-2.1499032197380945 2.0587743000543535 -2.5416720001894717
-2.153372137949421 2.04680555276866 -2.5899624746605214
-1.8005102703117657 2.458513600919723 -1.8736737984722915
2.1727154205351216 2.1808537772746317 -1.4957153016064808
2.1812674657247837 2.174223156140321 -1.4625769354608704
2.1908270417257705 2.1668169119740077 -1.4254271087623849
2.201153650170117 2.158815983509455 -1.3853047990853027
2.212039818674364 2.150381064039986 -1.343017146988326
2.2365119495402546 2.128514503833874 -1.3042387702904563
2.259522542598138 2.1081443231842205 -1.2640861100847465
2.2814618024177253 2.088860804818118 -1.22312391618436
2.3027979996752608 2.070580256538053 -1.1817116312769518
2.175311654803751 2.1788435032845186 -1.4856037274416816
2.1855693761208226 2.170890108005385 -1.4458622176255613
2.19580721216037 2.162955856184302 -1.4061255683753273
2.2060433229143404 2.155022367959715 -1.3664067274922267
2.2349089071499684 2.128545053523324 -1.3339405755946887
2.266460096504956 2.0985567581650835 -1.3074156946794928
2.2986306615406824 2.0649199180619235 -1.287399907625924
2.3315587389854633 2.029737098801894 -1.2732719042683496
2.3629847059233455 1.9923355104447116 -1.2657843913843856
2.012822790875188 2.0930133416890238 -3.0899395499745403
2.027462094881055 2.070252453406137 -3.131876009374832
2.0412515945070195 2.046618996982438 -3.1736422808037923
2.0550658452615327 2.0229385698876428 -3.2155026478536017
2.0688827976119852 1.9992590951515326 -3.2573477304067677
2.0827010773816874 1.9755826063326531 -3.2991747182209337
2.096601265733111 1.9520442768321251 -3.3409986954026833
2.1090017201193336 1.9272234639730992 -3.382443714831789
2.1214457004541725 1.9023429381127916 -3.4239323991055937
2.0221906764869844 2.08648236454608 -3.080385721832759
2.0499093608539 2.0539849788604614 -3.106035233393038
2.0797199422431505 2.018067997234814 -3.123499770227384
2.1118628463546822 1.9812380526863531 -3.1332393599679897
2.144970567341074 1.9443522804568314 -3.138241035544512
2.178811293966286 1.9078000061707987 -3.137841704009706
2.212127613188632 1.8711078605183489 -3.132925315176423
2.2446860843000325 1.8344927598192573 -3.1239685549054146
2.275739844829826 1.797416423047179 -3.1120588307470634
1.7149410818833004 2.3240070547935905 -3.178931577319542
1.7107865228360808 2.3182911477195938 -3.2283952333828507
1.7066309051539283 2.3125742635836173 -3.277868785793997
1.710150480996009 2.3012688923902984 -3.326406467037206
1.7029913176467202 2.3331374530905564 -3.176787262145034
1.6810456328885484 2.3413963957702126 -3.2209051173544165
2.352653039902271 1.833602312526769 -2.4968282923464673
2.381951037250491 1.7946153757269847 -2.508191881042773
2.410297949393145 1.755696003412163 -2.519483372885362
2.4360578676431626 1.715162914743076 -2.5304177065287754
2.461645110698425 1.6744252964474917 -2.5413048089096275
2.487560048674585 1.633376099355065 -2.552264764607688
2.5134917767370406 1.592300833211076 -2.5632292785358395
2.5387160153073864 1.5507843683217413 -2.574084576968418
2.5624972952845493 1.5083686884229948 -2.584763502231543
2.35486897880097 1.8338300977439308 -2.4821142245166055
2.385893640973201 1.796988777801154 -2.4696611167072104
2.414464872417625 1.762720366586893 -2.448543517938186
2.4527061544888387 1.7143770082718173 -2.4234971140200123
2.4598050524241724 1.7123316685746894 -2.3854586511396345
2.467510621532803 1.7101106265951207 -2.3441734335395994
2.475394159253619 1.7075095151590782 -2.3007822373267226
2.4828077194606144 1.704466944409671 -2.255826734703669
2.500133582934825 1.6868688874403297 -2.212501162995168
2.2700725306031164 2.002234889597844 -2.0982146903212926
2.2807833843186995 1.9965201936763353 -2.049815516557876
2.2916459428155838 1.991077344099209 -2.001414360850412
2.3024515367357474 1.98570777879335 -1.9529899592530224
2.313409478188517 1.9801527471243519 -1.9045625371100579
2.3243669256627824 1.9745997564441111 -1.8561262096660849
2.340624544418761 1.9616058598886865 -1.8107245182574103
2.360549981157043 1.9411984274130278 -1.7697305002974055
2.38413506782073 1.9154488188196235 -1.7341311700864552
2.2784561786167297 1.991255608159003 -2.103741961281871
2.3013136423504537 1.9689061294873789 -2.065637764328453
2.327798109022883 1.941721564482086 -2.0337941849904833
2.357083245961836 1.9101252404130393 -2.008101671825166
2.3874266320229687 1.87651090601652 -1.9869070088964222
2.417924238330234 1.8406922910855852 -1.9707327296519226
2.447907811082581 1.8028926396834073 -1.9586950059560726
2.4769190638114 1.763352838404564 -1.9503523628209118
2.504404059310189 1.7235819636594272 -1.9386090916348364
1.7459736988705632 2.2207286381128806 -3.560091451674721
1.7623937048766185 2.198810288192292 -3.6018818304758944
1.7788017581576343 2.1768996413930877 -3.643679366090081
1.793995344200467 2.153630799010398 -3.6851070011851474
1.8088110480066257 2.1299862008122377 -3.7264547726599155
1.8236905001234751 2.1065064542733443 -3.7679059652948115
1.8390873019247125 2.0829699606314938 -3.809409877552948
1.8542715452008693 2.0596163709668454 -3.850918945313853
1.8686456449043185 2.035483933445942 -3.8921646238495784
1.7559453028851655 2.2150916657611273 -3.550526215046054
1.7869364821615437 2.1854313442229474 -3.576084461409437
1.8212749615789008 2.1537704133944313 -3.593606398374124
1.8569944814708799 2.1202726360920567 -3.6030675858422017
1.8928542894751073 2.0861649920480194 -3.607695392783878
1.9294314723124193 2.0524800610828264 -3.606913891406685
1.9952738069562639 1.9894275956702026 -3.607665675170224
1.9962899333108104 1.9895640983305654 -3.603412845931656
1.9952279069834657 1.9894101681292122 -3.607898150008344
0.3263790594156759 2.7413631871962765 -3.889526933035724
0.2778790779163251 2.7453520251544656 -3.902264298106741
0.2296927912701188 2.749310824227845 -3.9149413274708658
0.18148240629336754 2.7504788807854736 -3.927021165868898
0.1319056729172927 2.7513196439513594 -3.9289392768871862
0.08300680063499241 2.7537154669809953 -3.9211008762263644
0.03685771085204307 2.757867400966817 -3.903861296913498
-0.004808840469838981 2.7636956747506827 -3.8779376632213136
-0.04019544025736067 2.7712760950271007 -3.8444016206241383
0.33194451371116407 2.738040561957875 -3.9029656547357714
0.2940256954431027 2.7367279387809362 -3.935970940488743
0.2626765179730843 2.7334106484604015 -3.9748669729548523
0.9467232458192865 2.561042248533322 -4.051621986518103
0.9516772479350751 2.5498658559411047 -4.0977334433378605
0.9560136091752096 2.5367977471817666 -4.144053762420545
0.9601708947740383 2.5230542675769105 -4.19072304902633
0.9643556131866979 2.509211683161087 -4.237732759475548
0.9754028401747925 2.4929271259622174 -4.2836774325730405
0.9855405018780875 2.4769353572019894 -4.329977055084845
0.9959913758447816 2.4620061108607176 -4.376652364898622
1.0058286718068834 2.4472758075241785 -4.423489461055721
0.9470510537997885 2.560297404631108 -4.0546994167961765
0.9522346721469331 2.5486043182540588 -4.10294155113393
0.9566036642000839 2.5348505128917425 -4.1506644854464705
0.9608509070933803 2.5208072383976914 -4.198352910182117
0.9650992448654756 2.5067553908374407 -4.246072736410829
0.9705389936073652 2.492283698686395 -4.293591802986677
0.9723566573335157 2.4792522921292512 -4.341838593960995
0.9692454199705712 2.469078719098557 -4.3905549459863185
0.9590656188592657 2.4617941817484876 -4.438577348675522
1.5253044422314135 2.3187198183626396 -3.8329501325060704
1.526553499926876 2.3065782860998825 -3.8770925172489172
1.527835036588525 2.2941066129977115 -3.9224390504521334
1.517188212242305 2.2887906410177203 -3.9709628932249803
1.507970834266121 2.282529916388588 -4.019729993523478
1.4999318327328417 2.276015322856129 -4.0686721572656745
1.4926917963755735 2.268957820508182 -4.11765977481813
1.4858253116880928 2.261392836671812 -4.1665703693834395
1.478699670083803 2.252690862582978 -4.215257615422066
1.5254433139443115 2.317407001706374 -3.837713123594631
1.5267785166915664 2.304376651568446 -3.8851007437456584
1.5217200130765793 2.2952496699492286 -3.933926545259199
1.5139007538479377 2.287977610384447 -3.982711711194416
1.5054483660034201 2.2813420741650514 -4.031555238159673
1.496959161450924 2.275137339509439 -4.080455542507902
1.4881808625772102 2.26913350172185 -4.129321034064087
1.4778283308961464 2.263309226892919 -4.177835662937138
1.4644258965058992 2.2587385945584972 -4.225765784425053
1.2560482899987024 2.4715403806082104 -3.8414992153226146
1.231649007550647 2.4741162274138038 -3.8849736550915037
1.2068753211535321 2.4768766251711156 -3.9284421420088775
1.2128427853893364 2.4636481423279024 -3.976279160171102
1.2034767037648164 2.4582938012262807 -4.022406098558912
1.1937005218120595 2.452707283742715 -4.070344217599409
1.1831630358694334 2.4457424618215784 -4.118646894192778
1.1728902616828571 2.4389291477187207 -4.165828144771971
1.1806212607364526 2.423091997819779 -4.21253737941045
1.2682900646787665 2.464521442793985 -3.8462640012068885
1.263673241800979 2.4562220217684723 -3.8952699873093124
1.266943793187157 2.4439977481192 -3.9435028926694793
1.2120655156823428 2.4632040097620047 -3.9801061456312037
1.2031551600191062 2.4581103834939055 -4.023987808812059
1.1941873742497107 2.4529838532879564 -4.06815264629162
1.1846960913330362 2.446778605214587 -4.111529886689708
1.1755813682991767 2.440746009008557 -4.153342771357126
1.192486376099378 2.4213288884247373 -4.195818367959363
0.01356025685918582 2.652435111989929 -4.390251943586838
0.02318652348518897 2.641188085161991 -4.437958194581906
0.03267615999643996 2.630099526437605 -4.4857300610832835
0.038589942463477224 2.5927933689517557 -4.646590591526707
0.0496215726726106 2.5928297793257657 -4.646999583672123
0.06024647161521846 2.591997063214913 -4.647184969631742
0.07085514903026484 2.591167298401918 -4.647363297651328
0.08171335446705301 2.5903179312970086 -4.647546164105639
0.09304377190664047 2.58943154725475 -4.64773730121658
0.027444523928607967 2.653419506196408 -4.3850772667752045
0.06000667325812188 2.643971757424527 -4.422605964230316
0.0986443775282123 2.636029725292274 -4.454093218661593
0.14139031502804084 2.6293577653895412 -4.4796635155292215
0.18598479467257886 2.6211940486568213 -4.50038037660555
0.2317632106170211 2.61306933526343 -4.518422043519032
0.2799366225883659 2.606228019338262 -4.528657507391208
0.32897637332204116 2.598644596978837 -4.532360034962846
0.3783548167533662 2.5920093373424886 -4.531690214727985
0.29433082379571873 2.70489801481253 -4.0910231536892825
0.342878471416106 2.6988599702723626 -4.099195537529574
0.39115443835273184 2.690451619077564 -4.106828281049687
0.4390827373059449 2.67956229972147 -4.113917848826507
0.4869482679906383 2.6686856327422004 -4.121005157841587
0.5347757354950842 2.657451795044548 -4.129684648863837
0.5797149429985072 2.6449120133323447 -4.147199422049954
0.6206710963970624 2.631712990767357 -4.172215668678965
0.6565627958570801 2.6163778323357727 -4.202804843129514
0.28944524385965326 2.702157697411215 -4.104794058272272
0.32838590218814373 2.6925887151448586 -4.134112785163703
0.3610967831413819 2.6814143841931846 -4.169737972580716
0.3875069655458848 2.66786078133093 -4.209596862090387
0.40963194093496 2.6542580247263223 -4.252041308550361
0.5321187657111107 2.6207835897418548 -4.304439012071115
0.5271698762877527 2.611912268925751 -4.350823541260014
0.5219394870618301 2.602230602088974 -4.3986134363825675
0.5166380707251828 2.5914026150748435 -4.44374390899626
-1.02467396304458 2.5090385312809484 -4.140692923398862
-1.0671917051020896 2.4892440089906183 -4.15773851774612
-1.108393786879431 2.466558925305983 -4.17410381441265
-1.1490805689211143 2.4429416842455423 -4.190326173103933
-1.1898479827372526 2.419269616317454 -4.206615615475452
-1.2306028963143096 2.3956179158751656 -4.222842981752908
-1.2708959119622272 2.3712865254345132 -4.238805555010926
-1.3099342254490027 2.344501510444459 -4.2541932717867805
-1.3491030157073627 2.3178940730767006 -4.269714138970803
-1.0168822163959792 2.5088786886447636 -4.153418161595546
-1.0457930765903098 2.4899428309516405 -4.189434361136558
-1.0671649957204816 2.4711889297340868 -4.230414658822371
-1.0813438493773948 2.4538450687289615 -4.275001336018684
-1.1266879690708345 2.4228381288351493 -4.3175836390226525
-1.1267284740734913 2.411020372937772 -4.365877876485891
-1.1267641302774816 2.3991508936357144 -4.414393378985406
-1.1260739876236965 2.3857940683377072 -4.462306751671544
-1.1253922989612846 2.372438918367489 -4.50993442385074
-0.662513597286178 2.57831817539595 -4.363001547280658
-0.6574546893855724 2.5684696513788867 -4.409469946247255
-0.6520722785971588 2.5573441133300054 -4.456295723024992
-0.6466640476731499 2.546102348349093 -4.503581245120075
-0.5130730274905446 2.5616483067682676 -4.56501417847341
-0.5159736178136687 2.5506129891632106 -4.609766263872956
-0.5187760297946854 2.5387920034121856 -4.65370194473706
-0.5213638600665274 2.5259102496376293 -4.697113543505573
-0.5239754358418762 2.5130248792742926 -4.740520612037431
-0.6622137535818554 2.577753745197389 -4.365945736152452
-0.6568864497038841 2.5672965772879413 -4.414407941597119
-0.6513416621441547 2.555838466337022 -4.4626349038601125
-0.6458198572948395 2.5443670117862753 -4.510889530327837
-0.5136878466312903 2.5594150800322857 -4.574046811132423
-0.5167833055023753 2.547661033124708 -4.621708485468891
-0.5196855903783699 2.5342333509923605 -4.669069161126559
-0.5225215588495069 2.52017636664079 -4.716432547157861
-0.5253731702186256 2.5060821623123584 -4.763915434174144
0.6147585253910611 2.8789200372957833 -2.8102888770386945
0.6116040555435698 2.886200791067711 -2.760985017996264
0.6084898014122877 2.893474216853596 -2.711663635987092
0.6053916853273545 2.9005733180428708 -2.662339413039982
0.602194409679459 2.906713826028411 -2.612953773622972
0.5897467719811363 2.914107596859665 -2.5652357744276557
0.5689029959249857 2.9229544971070935 -2.5208229582238553
0.5390282700113894 2.93324439611245 -2.4811703259968603
0.5039205525361768 2.944163449921813 -2.4463547421031304
0.6291274784420285 2.8753488920188333 -2.811229077793243
0.648664262208303 2.876705944143358 -2.765557715769837
0.6756544908499938 2.875736442684746 -2.723957182893914
0.7089914458952165 2.8725849620043187 -2.68708484932367
0.30587477389147916 2.9368668608662487 -2.719818325745375
0.2878413826385615 2.944911362095978 -2.6738728112654897
0.26989127791811524 2.9536037220264695 -2.6280126680609195
0.2519890238451178 2.9617215141441116 -2.5821415591723964
0.2339193820096494 2.9676265899240475 -2.536027983041149
0.21590424577405945 2.973521924563075 -2.489973181872055
0.19035446479227114 2.979594018760639 -2.4474355739439524
0.1585531930301714 2.9856610253887492 -2.4093263426610525
0.12238755051838847 2.991623948856499 -2.3753091932687016
0.29306447246736717 2.9376263867033146 -2.727413484706803
0.25604750225101147 2.9463788289601163 -2.695042874482208
0.21382812809310414 2.9551483781306205 -2.6698580904736104
0.1679751215179991 2.959715212593571 -2.6511647927984563
0.12063695673633926 2.961813958764685 -2.6368001903567992
0.07241352387084075 2.9631947121128563 -2.6276379679903994
0.02400677105786051 2.9639891486038223 -2.6227149336427957
-0.028118030504547527 2.9642268437567325 -2.6218770436806293
-0.07943698957294733 2.9640895121544415 -2.623735097725519
-2.3409365254331482 2.0498636043765526 -0.8200206523809921
-2.3704921685646556 2.0183909040919996 -0.7899357280176194
-2.3986526917645246 1.9884737207244942 -0.7601287120295505
-2.4242771207483353 1.9589113593263938 -0.7304288458911121
-2.4478286300085306 1.9289173596693754 -0.7006616975253765
-2.4709665079928835 1.8994701217496954 -0.6708381453192832
-2.495856382857432 1.867701911277374 -0.6414008000509459
-2.52074684446872 1.835934368728735 -0.6119216929927975
-2.5450084978133676 1.8036556511769934 -0.5823577604756912
-2.3451864788519146 2.04447976654504 -0.833032469278717
-2.3797248434298153 2.0064039796718385 -0.8240812166659864
-2.412262807706857 1.9694505285108665 -0.8241567407098697
-2.4404483531692738 1.9322018055763523 -0.8328648612453464
-2.4671296886324128 1.896221278205332 -0.8463941932570241
-2.4944656605278506 1.8587396169216779 -0.8653881957637213
-2.5206322344269867 1.8226346366982467 -0.8876513052458208
-2.5450893063369904 1.7881407433767833 -0.9134522962522463
-2.5664269783019256 1.753434613329301 -0.941593889318612
-2.103022497777083 2.301677834179228 -0.599042862679275
-2.1014953692232714 2.306239199222305 -0.5491819322750044
-2.0995106899687808 2.3106022024512387 -0.4994541640584416
-2.0966462938862147 2.3140475179749993 -0.44969596471647505
-2.0940138271486957 2.317794514262613 -0.39986784721913127
-2.091913877047877 2.3220786443016506 -0.35006315104950114
-2.0884030345907214 2.3244821396164634 -0.300368021137621
-2.084742564308231 2.32672361586534 -0.2507230004917733
-2.0810808981721345 2.328967244169514 -0.20113682527796775
-2.0919884931051866 2.3111450314469164 -0.6024929938558076
-2.073676308307399 2.329980755620577 -0.55985075093495
-2.0498459495817962 2.353318692143179 -0.5225321916938258
-2.0213895723631246 2.3793183789043617 -0.49103466391424994
-1.9881739807298542 2.404159243961996 -0.4637579806242964
-1.9530229992407342 2.4304199893469525 -0.44120568542869354
-1.9166284090404377 2.457588240614812 -0.42280252920810096
-1.8796938079522971 2.4857346205543993 -0.40764000615842094
-1.8373539691310854 2.5178299692651516 -0.39543398143775305
-0.5261068552243957 3.073466988820395 -0.37118618343372284
-0.4999861242070646 3.077902332141211 -0.36318118301474883
-0.4604745803965926 3.0817439803967805 -0.4583876369824324
-0.42639656655815356 3.087230191134123 -0.45390602421760345
-0.3861886346063072 3.0937033331550747 -0.44860786262424845
-0.34189193399995715 3.1008347423756346 -0.442769648098032
-0.29552462253090916 3.108299514453829 -0.4366570092382056
-0.24823525428521045 3.1159127379735856 -0.4304217981012863
-0.20265371090455375 3.1161113996614187 -0.42416444294379524
-0.5142536163285952 3.075479525729837 -0.3675585785828759
-0.4750518815384573 3.079397167371008 -0.46030699540794934
-0.45655492008082293 3.0823749715510824 -0.457876728118192
-0.4348597520138796 3.08586772286601 -0.4550166276497424
-0.41939410844145425 3.088357572184583 -0.4529774475058915
-0.39816606888981587 3.09177511869185 -0.45017903582172836
-0.3840929839031092 3.094040776989866 -0.44832344481398095
-0.36813713353600974 3.0966095436916277 -0.4462199161960394
-0.3487000659112879 3.0997387602517885 -0.4436572826353335
-1.1995216196945588 2.881888506944127 -0.2643247510159585
-1.2318481332483902 2.868095353445614 -0.2261473433630251
-1.2639243625791299 2.854408154440933 -0.18812248284256627
-1.2957657045240816 2.840820598152164 -0.1502760191444697
-1.3273731366880785 2.8273323247936766 -0.11261659252941629
-1.3587434343380844 2.8139447003628324 -0.07514631357690106
-1.3898721479073215 2.800659587142514 -0.03786424188549766
-1.4207546763680938 2.7874789018345925 -0.0007678724531003146
-1.2081395477608325 2.8783388732515114 -0.2759234465672649
-1.248464686719888 2.861313862437713 -0.259220075781826
-1.2951022246881443 2.841680925025122 -0.24966025045032442
-2.0186620952439474 2.067764763215213 -3.17495424636411
-2.0175623300946923 2.0598478335266206 -3.2125299503010556
-2.036668518718009 2.0322455204455077 -3.2497453275243426
-2.0539387878371818 2.0060113309160053 -3.2887504067844078
-2.0701489373098085 1.9806792091144056 -3.3288377262659012
-2.08577360773099 1.9562936862670277 -3.369496854475989
-2.099440231849975 1.9308928546109794 -3.4102266772365666
-2.112851921125823 1.90570828217781 -3.4511641486882545
-2.1259006260467275 1.8808064096201318 -3.4924919923468076
-2.0190152979775706 2.070306388715411 -3.1628905009766832
-2.0185083239108383 2.0666317554359486 -3.180316987878855
-2.017871241732606 2.062038649896206 -3.202113075200988
-2.052014264860319 2.0265009380573833 -3.211007021576551
-2.086832206526578 1.9910525685273042 -3.2117824300956253
-2.1211616690609274 1.9555016611878806 -3.2080595883387666
-2.155447504718839 1.9206626136288927 -3.198965583492255
-2.187925527979822 1.8852545871676363 -3.18592292235579
-2.2202599366007276 1.8507015039944223 -3.170256638368517
-1.807940130585654 2.219825442258668 -3.3366248151867426
-1.7803036217507286 2.233976820061562 -3.376244166782476
-1.7514810204530231 2.2493769966052954 -3.414387575144465
-1.7218772193411747 2.2643040604418085 -3.4514537814838073
-1.691188738458214 2.2784982369441353 -3.4878020902951112
-1.8179864164102648 2.2122370819462347 -3.3343252005663677
-1.8053598045965735 2.2217738469064754 -3.3372185193859285
-1.7905515309952942 2.2329588199547405 -3.3406096802528404
-1.7716681586650491 2.2387770595980707 -3.3867500354484674
-1.751396692038249 2.2459107561876452 -3.4318861471224555
-1.7335403152700224 2.2495326824275104 -3.4782784542558796
-1.7203083120399005 2.2481816954039857 -3.5263300231305523
-1.7132197905407496 2.242432611401372 -3.5754577826178284
-1.7094136902301917 2.2347214915010523 -3.624710430453013
-1.559272915562331 2.3547468847221293 -3.5768156195768936
-1.5501683608545562 2.3498362310191796 -3.6227180944986985
-1.5409209038531528 2.3448129928158523 -3.669488739968394
-1.5409704032968754 2.3331109094559146 -3.7180257920465114
-1.5397696107928043 2.3222058792699443 -3.7667460084225475
-1.5344428845241846 2.3142196406743714 -3.815835487331131
-1.5243009860979502 2.3099914126512573 -3.864652197793111
-1.5617287294950022 2.2726238451026557 -3.918746873256859
-1.5526498161225473 2.267787561902287 -3.967095711104856
-1.5585346098244979 2.3543561698155635 -3.580506744806059
-1.5489239620710615 2.349178684934408 -3.6289352668497794
-1.5393326356619894 2.3439710695282434 -3.6774350538875136
-1.5328626626070285 2.3365558141675926 -3.726383511905597
-1.5222538965480337 2.3320088370092242 -3.774982324226344
-1.5058554362187015 2.331972804088833 -3.822225464506925
-1.4837117650386886 2.336764664018377 -3.8667960545303273
-1.4555062280994044 2.344743138261544 -3.907174204179103
-1.4246535592567688 2.3542078375520825 -3.945261395956307
-2.2677007834800245 1.9956388858437892 -2.1529125355902163
-2.300540557160629 1.9592811736054176 -2.1437202553304773
-2.3329131710121223 1.9226208791340722 -2.1345220465752806
-2.363551229951723 1.884554194425501 -2.125115210978407
-2.3941348164533167 1.846555616441122 -2.115722126754482
-2.4248089895995673 1.8084505220148763 -2.1062591799459267
-2.455355705073652 1.7702537780763565 -2.096753599317056
-2.484544378976267 1.7310020139028608 -2.087053508129054
-2.5130767918890338 1.6913521065435948 -2.0772986250063585
-2.2667367502123836 1.9941272651565383 -2.167728908148859
-2.2965083168607716 1.9570685378114459 -2.1825098303855976
-2.3233443033788643 1.9219265291384526 -2.2056331782630227
-2.346718795299414 1.8895712606165906 -2.2356229912870833
-2.3673924248465217 1.858931299242219 -2.2692326732145585
-2.3843049164802483 1.830414996415087 -2.306480895373688
-2.3984385731676205 1.8037002808348443 -2.3459745366046647
-2.4102093314539172 1.7796565101281105 -2.3877263314741106
-2.4206639410019055 1.7571605349130455 -2.4309600834596026
-2.1503453338380907 2.0415879253397136 -2.6395019114891776
-2.1472395471043426 2.0364506604990273 -2.6890539759855496
-2.144138400499382 2.0313059961612407 -2.738621133291608
-2.141040085746743 2.026157191258007 -2.7881952827162366
-2.1371108330305177 2.0202149554795894 -2.8376124932987516
-2.137886569411479 2.0084579886111573 -2.886087649649225
-2.145189066281566 1.9903719219396148 -2.9319547204795486
-2.1590795252051795 1.9663239537147892 -2.9732983232223043
-2.1781620564824538 1.9379399780528863 -3.0094692136008754
-2.1606892135524887 2.031234931614788 -2.6368335355960477
-2.1735318553726257 2.0104628751587876 -2.6803340688724564
-2.1908348946126748 1.983915810199663 -2.7187168350463398
-2.211621056231036 1.9529191970495052 -2.7516369771218088
-2.23499106476351 1.9197877665071188 -2.7806152876957104
-2.2607750698246627 1.884850209498775 -2.8051517748393615
-2.2884454830833727 1.8488951774087838 -2.825842653564392
-2.3166537865720356 1.8105459157330774 -2.8404102186610714
-2.3451104782881456 1.7703439720556202 -2.8472396668451263
2.326303953639152 2.047954341970001 -1.1444395355254333
2.347467004152352 2.024397414403175 -1.1072962191005356
2.3679559346352033 2.001652041038581 -1.0705395222957752
2.3877770772185443 1.9797123555082736 -1.0341429423516513
2.4098563255198293 1.9550735344565948 -0.9961995750265082
2.431838400106282 1.9305584779586227 -0.9582236694093386
2.453731953109479 1.9061547209745886 -0.9202369397438039
2.474720658573995 1.8812894676803833 -0.8822846046537873
2.4955274183682796 1.8563325432887927 -0.8442960553544517
2.3186206445394784 2.057429884365082 -1.1363872363212542
2.3280600521670367 2.050061210628522 -1.0884779044897763
2.331465785378111 2.0495888993737323 -1.0392936577308114
2.3296982837983866 2.054537272507641 -0.9903844876402422
2.334204001103894 2.052645700740076 -0.9430841019319468
2.339188086613928 2.0501546813171356 -0.8974989727481839
2.3439549156293253 2.047770900173105 -0.8539236392054474
2.348468878435549 2.0455130446388945 -0.8126687543683918
2.3528345700318947 2.0433277419155145 -0.7727962146387335
2.392982644174419 1.9552202814808302 -1.257902763617485
2.4239981723650916 1.9168527945443223 -1.2496668814465177
2.4550736470941956 1.8785513535062666 -1.241388199661771
2.4861242000191286 1.840304677551691 -1.233081504962366
2.5164707340541272 1.801874436729195 -1.2246987391957864
2.543287855735134 1.760945663588887 -1.2160603771081602
2.570072709574799 1.7200587186535643 -1.20750779969888
2.5968380584240784 1.679136276362871 -1.199624679136719
2.6239923120402504 1.636992095467805 -1.1979993100231192
2.3926899387829357 1.954437194809918 -1.2726905408526843
2.4215784292869467 1.9168816741981012 -1.2883883951657855
2.44785598567728 1.88197462860537 -1.3122472431798589
2.470990119647713 1.8504919193510392 -1.3429036451245595
2.490600575933786 1.8203987686654084 -1.3770768628169983
2.506493135256601 1.7924032780048316 -1.4149149424266405
2.5352653551129944 1.7350860543168707 -1.5395834778853321
2.5471258863913944 1.7192112697830826 -1.5316057765256066
2.5574635015325065 1.7053758657055325 -1.5246426974425529
2.138514285441996 1.8735490472682783 -3.4610302420014127
2.155624950376189 1.844819298895455 -3.498181264639315
2.1721988110708996 1.8157077017863237 -3.535202561956207
2.187659671397643 1.7856656046059387 -3.5719568512029602
2.247321540252367 1.702291689069935 -3.600398566071367
2.2450694821587494 1.6942520932558947 -3.6397384147869865
2.242406234118094 1.68602166025161 -3.678571031310448
2.2391357884283494 1.6772509503790451 -3.7173197228027233
2.2358465076784655 1.6683834079021655 -3.756427079432247
2.1289994734625264 1.8819133443374605 -3.4689021759306127
2.1311216628093157 1.8670904931269066 -3.5165964881486333
2.12738150285211 1.858756762705779 -3.5657400593920454
2.1179395688273988 1.8567096490327377 -3.614808267941103
2.105394881798664 1.8582509751780787 -3.663174304573602
2.089350244971345 1.8636946232703604 -3.710188590556524
2.0737030008243256 1.866780239230347 -3.757550433624313
2.0627562988065793 1.8640275399873252 -3.806237967581594
2.0553898887682807 1.8570625637702551 -3.8551922144003137
2.3056381389011458 1.7637922085890223 -3.090336082148137
2.3351891093322963 1.7303170004056436 -3.0686326200244154
2.3648566151930397 1.6967018298283445 -3.0468784833019953
2.393420022441838 1.6622971732693637 -3.0248994440743457
2.420880944686139 1.6271760777751225 -3.002725649590751
2.447531511302041 1.591602744718627 -2.9803975830826097
2.4742159820643606 1.5559855407146206 -2.9580356718161056
2.5009659975154084 1.5203962555349657 -2.9356526423715374
2.527371157991575 1.480692249970555 -2.9215736669712347
2.306825380811447 1.7590473550704233 -3.1043926652880693
2.3368417477296495 1.7197065210402591 -3.1057874197400825
2.364262018047582 1.6800623796217482 -3.115995574475158
2.387650579444819 1.6405442945125184 -3.1339476032203373
2.4099044667479217 1.6017420334189987 -3.1560942167143127
2.4299347647232263 1.564678246181467 -3.18293152102579
2.44697600346131 1.528201141760444 -3.212385134669697
2.468296473285213 1.4698839544772064 -3.289870282888325
2.4764796903954203 1.458949059071768 -3.282954975700586
2.5862125227744555 1.4647172629493699 -2.587972971773211
2.6099561088036523 1.421009329434104 -2.5912044691330065
2.6336356346460024 1.3774470614717411 -2.5943101646821165
2.656320432798209 1.3334860690046364 -2.597184167212041
2.6776498692332753 1.2887323555397205 -2.5997719258625875
2.6983500992407023 1.243635899421901 -2.602529667610859
2.7190527817995584 1.198541052990054 -2.6052632676026306
2.7380270808452956 1.1526784540339823 -2.6077445383296074
2.7563071998322797 1.1064261543738452 -2.610131026421378
2.5832359208749027 1.4666822727822093 -2.6024004270115735
2.60825517652213 1.4145580381539402 -2.6314155654472025
2.603707492113942 1.417512727027674 -2.6536583519712273
2.5980009852032273 1.4212203381509965 -2.6815688690328097
2.5913100230240813 1.425567577874376 -2.714294305303561
2.583447141873299 1.4302216555554292 -2.7507769883037523
2.574347171757001 1.434926927590422 -2.790243002608679
2.5664763318547688 1.438997893257209 -2.8243741964233666
2.6080384357580715 1.354558369688236 -2.8521892920064538
2.512459082971889 1.6771605241022414 -2.1651330871287238
2.5240922571110866 1.6671029192805409 -2.1177142186227584
2.534873944378085 1.6564553322820146 -2.0701823554466943
2.547146530491236 1.6434583339356206 -2.023607033275463
2.5645443742306067 1.623290431073607 -1.9813384353559542
2.586279299807641 1.5971369440775165 -1.944735101605381
2.6099216424511966 1.5666795723950842 -1.9129228769984694
2.6337676851926854 1.5331226049093547 -1.884587462468911
2.6560860992668354 1.4971520318329201 -1.858619753557562
2.5195499292542523 1.6658343519320784 -2.1716783884092767
2.5414809685755917 1.6388633911337973 -2.1360626837440178
2.5650399227363976 1.6060696974545114 -2.107024748516373
2.5900801771483266 1.569361074126091 -2.0845861331477695
2.6160604211176706 1.530058116140322 -2.06780017330056
2.640546018422423 1.487754969528468 -2.0580008995507666
2.6642528775312746 1.4443691794085962 -2.055455579152976
2.725537832082919 1.321059897251704 -2.0900438367922436
2.7264974557768924 1.3200329941662126 -2.0856663099048878
2.4120995573696984 1.882268582103445 -1.7098422879582558
2.440381615816187 1.848681592143659 -1.6854801927013832
2.4685965984276534 1.815179308516231 -1.661141723904688
2.495620039723869 1.7806535095267852 -1.6373354226104586
2.4074149161649183 1.89016532301721 -1.698093852358152
2.4273186549333525 1.8700942789300392 -1.6568267204769733
2.4427342757928976 1.856553463356465 -1.6113066872265631
2.452553935395466 1.8491759264487269 -1.563122877859373
2.458883777786811 1.8454312485436222 -1.5140335590034157
2.5294875950315756 1.6904832774322438 -1.9114034841624068
1.8870933558431122 2.007008032166783 -3.928756849595311
1.905614469535888 1.9787186591776764 -3.9654545771580243
1.9243442545971172 1.9504210210584236 -4.002205700942485
1.9430444414774182 1.922155436379096 -4.038944201930749
1.9608469547449607 1.8931669590945264 -4.075424429394522
1.9724760405372024 1.8673909526585764 -4.1163903503935035
1.979529741748448 1.845135980149614 -4.1602657478673875
1.9835622585474704 1.826249611779696 -4.206102253856827
1.9781555990350956 1.7863470195225204 -4.349551992806255
1.876952740297395 2.0145101470944033 -3.9366920386204534
1.8794339302697989 1.998786048847013 -3.984024424671013
1.875476650169721 1.9889984814054116 -4.032846173583924
1.8649632549796056 1.9844854221651054 -4.081469371610023
1.8506459574892118 1.9828429414371929 -4.129308772249687
1.8327527474274687 1.9850535546851433 -4.175917124525164
1.8123036867282483 1.9906129110780937 -4.221196751766664
1.7884746946768662 1.9999069904426503 -4.26415336453071
1.7615350992440535 2.012846802480586 -4.304245522913865
1.9900188335655713 1.9886619547634892 -3.6298735262382764
2.0099024455255265 1.9586467346880063 -3.6638215054980208
1.993167614015979 1.9891132404403864 -3.61659341604971
1.990756839379912 1.9887674139402776 -3.6267620763746744
2.0210303951190802 1.9532812332513718 -3.641839102148159
-0.07372285796092784 2.7784824372141186 -3.809179047629527
-0.10736526217661727 2.7835873399238094 -3.773358254483462
-0.14113614217659481 2.78870751228859 -3.737424545554915
-0.061572744398036575 2.7803789790571947 -3.800978304650722
-0.07487124750146526 2.7881751432115403 -3.7541631833608737
-0.07906966010076025 2.796556743854145 -3.70592501608021
-0.07478650047524787 2.805262648211923 -3.6576114277188854
-0.06546526101727493 2.8140866807979226 -3.609756470347086
-0.05316089055043668 2.823162744761206 -3.562452284705184
-0.043966527588589134 2.8322151132042412 -3.514654223481798
0.10176846673262707 2.588748474677681 -4.647886640871987
0.11840702588539916 2.587446476048743 -4.648168759079638
0.14297009516016454 2.585524400950935 -4.648585116208605
0.1740174447950978 2.5830949177947162 -4.649111422369038
0.20927484102932203 2.5720304424235474 -4.6832037002911475
0.24705771165641188 2.561474068586142 -4.7144927552210145
0.286023984101845 2.550594591323076 -4.74373306795971
0.323544908243173 2.537282400326585 -4.773828716888884
0.35674843943231616 2.5231573491978576 -4.808750337120488
0.11206366425210136 2.587943405289851 -4.648058988083102
0.13231935634841324 2.586358243341741 -4.648402904447691
0.15134310684909769 2.584869446093112 -4.6487260818247
0.17477243807671228 2.583035995161836 -4.64912359058915
0.19762215323352414 2.570685107162198 -4.692108869354981
0.21229475275751944 2.558145234297025 -4.738298121740598
0.21836636405015233 2.5457681913271113 -4.786399126420254
0.21867340751446285 2.5334438765769134 -4.83482090620682
0.21380864883967043 2.5204975712458153 -4.882857514397204
0.42728752832368144 2.584023704213759 -4.534938882142697
0.42681898144469627 2.58785060856478 -4.520687089724113
0.6799354502056558 2.6000719525195444 -4.243244574058447
0.7033576704254707 2.583736317271159 -4.283750887214924
0.727529113754076 2.5671636342120183 -4.3244179760250665
0.7515045293860094 2.550632020169535 -4.365126292642254
0.7752990461659465 2.534307477150803 -4.405955552196196
0.7913202282034225 2.51900842097564 -4.450386730205477
0.7975977898522817 2.504661263395083 -4.497447235854163
0.8578059428353466 2.4751376918060184 -4.538059699997538
0.8599038251098122 2.4625121254516156 -4.584852446584708
0.6912227861949736 2.599490206622858 -4.233782538197794
0.7310128359971091 2.5829450086542454 -4.2580474097300565
0.7743650514257012 2.566298466146191 -4.274424740730287
0.8200287070354115 2.5501962744437137 -4.282733149803121
0.8666105495082526 2.5348681037397345 -4.286246714713694
-1.4405337745769236 2.259681077250793 -4.283866193011455
-1.4398871814718122 2.259215258927531 -4.286914125755985
-1.439243202274043 2.25875425175286 -4.289939697157701
-1.4385547694029766 2.2582612879368713 -4.293174580401755
-1.4377777361577266 2.25770474001922 -4.296826269887324
-1.4368691726723912 2.2570538504761997 -4.3010965470116025
-1.4357844501034314 2.25627664201329 -4.3061951874493465
-1.43447510407047 2.255338386437557 -4.312350004794472
-1.4328874920618586 2.254200642604394 -4.31981316157299
-1.4375421655957499 2.2575367271526283 -4.297930892483849
-1.4338501708704534 2.2548874076965717 -4.31529845816488
-1.429893331583191 2.2520513645066673 -4.333900483029083
-1.4832896030736247 2.1861327097683865 -4.4422813267225125
-1.4983133657983436 2.1785742632263103 -4.434025745548072
-1.5122764843788477 2.171565285991754 -4.426295338686489
-1.5260422651271797 2.1646546950863383 -4.418676619817898
-1.5402698688753325 2.157511413729435 -4.410805391888831
-1.5550683199515343 2.1498624352752334 -4.402303728533094
-1.1102374957092669 2.3661799455526014 -4.557061032444718
-1.095093228217847 2.3599110418575595 -4.604204592905909
-1.0800867333435313 2.353944121365115 -4.651423670732631
-1.06515149852225 2.3481535863248046 -4.6986642580806866
-1.0498530969847442 2.341344790498001 -4.745699983255155
-1.0343424895053932 2.333965371966925 -4.792570550336595
-1.0188995200647777 2.326584402871458 -4.839483233209169
-1.0036735714784015 2.3195587100501807 -4.886502011672052
-0.988297449153168 2.312561314802964 -4.93364659596415
-1.123540445378394 2.3594967665472657 -4.558081083936767
-1.129683677443643 2.3431096495906107 -4.604851006506761
-1.1438849113953804 2.3240569095869903 -4.648805137294993
-1.164825924200825 2.302993990245808 -4.6889781980840635
-1.189215015640812 2.2801742557092783 -4.726066630235227
-1.2166083636114122 2.254760856307095 -4.759060994461539
-1.2482011561518527 2.2280110812953122 -4.788933931780219
-1.281643901530492 2.2011975479282224 -4.815846854427877
-1.3161614144507527 2.174785668531711 -4.8405487739182504
0.4693565887343451 2.9549811530188874 -2.4113978422504307
0.43522928583638515 2.9657113732541496 -2.3763886514495263
0.4014011704008263 2.975547650343182 -2.341221111934551
0.3672583115410909 2.982262095716253 -2.3056269381040924
0.3330433794082646 2.9889846045978055 -2.2700080080864593
0.3067013423029316 2.9958983180562253 -2.2282541928388016
0.4606878561682964 2.9556339793965023 -2.423321319282269
0.41462843403312666 2.965138490496732 -2.407775650029594
0.3662381173717161 2.971918776793286 -2.4006530581342553
0.3169777979194161 2.9753115169687434 -2.401384180587984
0.07800853349928102 2.996993748248348 -2.35294640548528
0.03366016021636462 3.0026553190695866 -2.3306294314208533
-0.010625158570890273 3.005546404040818 -2.3080077050990195
-0.05463762051349395 3.0055786852304527 -2.284957575836232
-0.09825204682815798 3.0056490433754606 -2.26179931163271
-0.1414560511782789 3.0057577662330526 -2.238536950104777
-0.18391434219225467 3.0062450889326335 -2.2125366765514123
-0.22327846483863226 3.007422421185831 -2.182444670515485
0.08670426636640094 2.9976989991226177 -2.3407836536736455
0.05749525357151431 3.0045981924151453 -2.300809518504075
0.035898979919666195 3.0096471812096053 -2.256102757514292
0.021774377467126228 3.0136389695674763 -2.2084186086201036
0.012692336607517079 3.0177021181691583 -2.159550033655902
0.00734932684707276 3.0217867750470147 -2.1101853302599998
0.0066118004657159 3.025859098374318 -2.0606819413262127
-0.0039374930400707395 3.029916421196427 -2.0119762442838143
-0.023666763906698453 3.0344230947991178 -1.9655864024804437
-0.12998275312588545 2.964160726355895 -2.624073378858952
-0.1795825467060706 2.9626721049612215 -2.6242562831614977
-0.22881918876533586 2.9585233449847848 -2.6239790237581064
-0.27794860823675327 2.952067323154931 -2.6233764633890866
-0.3267093632424512 2.945185199979532 -2.626117916847486
-0.12769412892007093 2.962134468336311 -2.6386743270273554
-0.17161689716533177 2.9590115331229763 -2.661978354917751
-0.21006840175583336 2.9519352865400257 -2.6922314438641837
-0.24330104549042428 2.9435631835459373 -2.7278689787791244
-0.2728820168591069 2.9353171534731937 -2.7667156444185053
-2.571492891445833 1.7681354765840454 -0.559095512981151
-2.5974610448694757 1.732419077694002 -0.5357909373180235
-2.6209322982450423 1.695342849167718 -0.5123256699312968
-2.64443836641479 1.6582099384007583 -0.4888489938380914
-2.667967624856807 1.6210391633299952 -0.4653662165384103
-2.6911495001577603 1.5836517103479413 -0.44189160471193434
-2.713355471660034 1.5456959704859476 -0.4183867320771844
-2.73557593479168 1.5077154861878823 -0.3948656218907459
-2.7578044568624422 1.4697213292778173 -0.37133238155513815
-2.5662870731857628 1.775278862676383 -0.5470917210942609
-2.5837637802306817 1.7520863451064201 -0.5064082437248697
-2.5967832794280707 1.734953457466057 -0.461248914114867
-2.6050921564348983 1.724207300731564 -0.41314736469245683
-2.6106362576202673 1.7172032717928762 -0.36397551912273923
-2.613662329967731 1.7148740569845928 -0.31409185067728523
-2.614171679391905 1.716327813996925 -0.2641073892340822
-2.611156319201468 1.720363843608626 -0.21447753078282852
-2.606745184522699 1.7266259701943858 -0.16523452820657983
-2.583590676873365 1.723181162305129 -0.9770220231738675
-2.6008437555699975 1.6929331674442891 -1.0124968586508813
-2.618550864778191 1.6625553743309622 -1.0481349887159852
-2.6362248250251876 1.6322290785047011 -1.0837803689086825
-2.6538608397067747 1.6019624896733689 -1.119423609789342
-2.669943671824529 1.5709248134022544 -1.1549205742065367
-2.6853351965604126 1.539431145401231 -1.1903931516257114
-2.7007275821980046 1.5079246337049785 -1.2259484487266348
-2.71613457556731 1.4763929949847387 -1.261502713572234
-2.588955696465703 1.716033572425292 -0.9651479620656476
-2.6136698357296213 1.6760198317192194 -0.9808951108344348
-2.6400244025381 1.6343323857074303 -0.9879254054363633
-2.6669661334153494 1.5925749078201714 -0.9865777477836744
-2.692744848455672 1.550659187935973 -0.9803918383285178
-2.716626485809418 1.5086634803460792 -0.9687657928951253
-2.7760335307322666 1.4039157698861005 -0.9027021045443102
-2.778255359398106 1.39839778373082 -0.9113715090316128
-2.7799363619792055 1.3942364611131552 -0.9177697229205211
-2.084270612372707 2.325235705034765 -0.15037639874091668
-2.0875061633807706 2.3214663929122157 -0.09972452713779034
-2.0907670580257514 2.3176771815434347 -0.04918479744000685
-2.071850364842089 2.3360732662047603 -0.15280754940707297
-2.057615267919699 2.347557690893702 -0.10606906363148874
-2.035293495956469 2.3661722342833373 -0.06482121640930662
-2.008948475691943 2.388363109559503 -0.027837518396546745
-1.7970038152803933 2.548620012431851 -0.3789263019532228
-1.7574522250891123 2.5788069136740215 -0.3625959352509674
-1.7187040794573665 2.608389228943275 -0.3463901000141158
-1.6795252100150426 2.63479052409329 -0.3304785727445047
-1.6394056230386544 2.6594980598283215 -0.3144742260617603
-1.599299557638038 2.684196488283602 -0.2984238333580849
-1.5583028883770693 2.7071298390365373 -0.28225989608941315
-1.517995229448222 2.728945806112051 -0.26357135622013406
-1.4793562220868746 2.7500373507274314 -0.24050797976185767
-1.7945249515127177 2.549858894443537 -0.3935899108104114
-1.7528607227171595 2.5806290142312847 -0.4011098657892403
-1.7136164305482104 2.609229713478769 -0.4173747001216365
-1.677906155059708 2.6351845155123983 -0.44147039800658955
-1.6431380911119904 2.65675714284321 -0.4694431114863143
-1.6095349843819544 2.6737919153103933 -0.5016370252475438
-1.578119872054255 2.689653450372938 -0.5366707949776257
-1.5492298310774217 2.704167848884102 -0.5744542969698379
-1.5222110392443742 2.717687241234875 -0.6140202043218639
-0.1643716096550297 3.1162682960962176 -0.41903411409636365
-0.12285987487327805 3.1164360981728967 -0.4135418323581359
-0.15708881760191157 3.1162976499523904 -0.41807314302992027
-0.11054748905887384 3.116486087052379 -0.4119061698853015
-2.142927728581797 1.8518192580438697 -3.529438457944792
-2.1592000775428546 1.8223364822078678 -3.566199043568059
-2.174546832413584 1.7922311271612659 -3.602892239990785
-2.1899682695517515 1.7624117656827267 -3.6397209220873785
-2.2055945003003385 1.7323586856261752 -3.676455817022184
-2.22121735145548 1.7023099167615956 -3.7131906280416653
-2.2350002479565636 1.6709681641287375 -3.749467419158438
-2.2487387764444966 1.6396513794011542 -3.7858239131367513
-2.2626103968354743 1.6085001592014347 -3.822252043135092
-2.1338109837245236 1.860416729297681 -3.537429033646193
-2.136077688798346 1.8454092192038536 -3.5850206206568624
-2.131462574852179 1.835893006702212 -3.6338331109709525
-2.121328407523368 1.8327612900137753 -3.682623227647636
-2.1080768038774 1.8334866677463617 -3.730782942358105
-2.0917286086812132 1.83847692051935 -3.7777930869133365
-2.0732223339917915 1.8472004093640575 -3.82344536574777
-2.0516007868467185 1.8577535659098472 -3.867175631509198
-1.9391828058491176 1.957980998710192 -3.9306815922568163
-2.2509941023410005 1.8205114709304053 -3.1451798739769616
-2.2801551308895025 1.789158490976484 -3.11984592131667
-2.3732408407448053 1.6762121424239225 -3.0792063408816244
-2.3738829936943016 1.6793862520424607 -3.0648928400468294
-2.374101128836182 1.6804491252153442 -3.0600843305977476
-2.3739048015830324 1.6794623876567383 -3.064517477932722
-2.3733304785922926 1.6766097585352355 -3.0773673172582288
-2.3726916703241727 1.6734198349576603 -3.091719402788892
-2.3722208109666845 1.671046903687036 -3.1023739786219515
-2.2528378157444107 1.8147585724903443 -3.15880959586918
-2.2839715840054384 1.776104213531927 -3.1559473204975728
-2.31379237720774 1.7367669730715958 -3.1619368765246523
-2.340869851206578 1.696158744600327 -3.1713324286107856
-2.364632159787905 1.6568329851950807 -3.1900416792819897
-2.3853555003065945 1.6198468251060953 -3.215766170100913
-2.404181511330379 1.5848289016639467 -3.2455633169084748
-2.421054333933412 1.5506837858521758 -3.2776162929890638
-2.435837621802339 1.5167431480257734 -3.3109574858457007
-1.7130451709081123 2.221755750438008 -3.6729817887518172
-1.7156648791381786 2.2079574680905303 -3.7208533194428233
-1.7179290390202766 2.193834804981453 -3.768668744379019
-1.7203232805495083 2.1800320765140127 -3.816661118614904
-1.723096566057953 2.1662103863197295 -3.86463033621321
-1.7338761846464537 2.146625008881286 -3.9093604670594955
-1.750916188423911 2.122922929775048 -3.949938429681434
-1.7697528785367875 2.097099643689677 -3.988293146572578
-1.7809441322743573 2.0750285274657263 -4.031640058920178
-1.7009501772330424 2.2304345874666747 -3.673950503969348
-1.685917799166661 2.231289603605895 -3.721708613516989
-1.6645098340141538 2.237473328299467 -3.7664436110719537
-1.6370574684686066 2.247324436180125 -3.8069180878377686
-1.5435019112533868 2.2629180185273827 -4.0157965176302906
-1.5334079453277993 2.2567358519594 -4.064171786089346
-1.523307445489973 2.250417315820507 -4.11259050905297
-1.4662790636115144 2.2770230816520627 -4.156120025794438
-1.543665322354464 2.2630057111320374 -4.014923438282689
-1.5337877726851943 2.2569789200825228 -4.062331322149198
-1.52390920844451 2.2508170746475304 -4.109621782063404
-1.4671584864199878 2.2775376953721014 -4.151691540385932
-1.3880045276313115 2.368882374167286 -3.9768815984707144
-1.3518447054450853 2.383269342847477 -4.008443674433453
-1.3155186867475812 2.3962954402959475 -4.039697784243649
-1.2783433366807675 2.40746767461795 -4.0705443084178
-1.2380921100177171 2.4212596701927955 -4.095595456682662
-1.396332539911923 2.361322331494516 -3.9864697932263664
-1.3740652641096909 2.363755745018872 -4.031415045990808
-1.35892011894383 2.3613772199080105 -4.079134333332672
-1.3507143188440887 2.35405015148933 -4.127816960222469
-2.5397425127491466 1.6494325190255865 -2.074740489538682
-2.5664823853939027 1.607385885738761 -2.0722400948453954
-2.593214781412533 1.5653586507026438 -2.069693091736037
-2.6201096236851753 1.523479016472343 -2.0670986484192637
-2.6447590905358744 1.480376005810822 -2.0642121104705566
-2.668474402397203 1.436675268530079 -2.0612244148089833
-2.69215414645036 1.3930280516561544 -2.0582962747312603
-2.715131696258607 1.349007312700379 -2.055298205955506
-2.736269776167785 1.3040155062862286 -2.052104829964698
-2.53921073607445 1.6526203266806085 -2.0602321110616377
-2.5640531048309385 1.6175137658042558 -2.0349200722276697
-2.5869837973800967 1.5874139173655792 -2.002411576991622
-2.607145753124948 1.562706232105653 -1.9642325522971382
-2.625413738603445 1.5415184473186563 -1.9230951652897845
-2.6400546319583142 1.5235966272686845 -1.8789684912335651
-2.6527798974164316 1.5086334524848315 -1.833111480941638
-2.6634318271883806 1.4964540434949125 -1.7857917489618091
-2.672771805864383 1.4866070341020479 -1.737667144167303
-2.425391075791174 1.7418503219782504 -2.4782152093318826
-2.430052173438191 1.7265747573177952 -2.525467170117257
-2.4332809089965415 1.7103105149547717 -2.5725695775774797
-2.437174912096296 1.6945277158916991 -2.6198010826050813
-2.441066091938188 1.6787456949118136 -2.667049031971826
-2.449975341198452 1.656157387852514 -2.71084492280344
-2.463859529641949 1.627282126306302 -2.7490281654530024
-2.4804881036169872 1.5926616208375723 -2.7804427727935175
-2.4996569516668843 1.5546400835135077 -2.805771755571877
-2.4337789101702256 1.7314541105360486 -2.4716396961519673
-2.4503869424759874 1.700469804085499 -2.5069281242207757
-2.4697454267685126 1.6644293917378328 -2.535335944046586
-2.492055470282683 1.6255669210784507 -2.557072210837388
-2.5161873805222146 1.5855020154333825 -2.5742710013895787
-2.5412587819270454 1.5442096237534484 -2.5862462210944543
-2.565187555114089 1.5011928434138038 -2.593646840813029
-2.58943238294331 1.4577095864075917 -2.5934787499416014
-2.6096971058017147 1.4298497071284864 -2.557336533497245
-2.2040324209861013 1.9046421372475226 -3.035531490868127
-2.1961768000396047 1.910514068097369 -3.0467038655272156
-2.373004669138058 1.7300489629736746 -2.8555118860255635
-2.4014463089729787 1.688990217835029 -2.8638227600841653
-2.4292450050534233 1.6486157545241837 -2.8719798236421408
-2.452112987751017 1.6086034153291862 -2.8889184855011116
-2.4718211969495423 1.5710734854993493 -2.9144002121453196
-2.4877408981201734 1.5373929949308645 -2.947005630642871
-2.500842598061529 1.5070181497217714 -2.9839682854752145
-2.5114552309355123 1.4786847801216214 -3.023405880155369
-2.5201494129010222 1.451671665689087 -3.064367640887461
-2.3747008182560116 1.7309353732445827 -2.8407798561396964
-2.404493143010956 1.6932313527946463 -2.8252645277029313
2.5194554875998234 1.827094724743966 -0.8115444837396522
2.543367581106004 1.7978778076334863 -0.7787866631437451
2.5662169670506656 1.7680429103268287 -0.7459678463786932
2.587719625064259 1.7373375490340512 -0.7130384096098827
2.6076195902256707 1.7059102015568295 -0.6801356228219014
2.6273892621718287 1.6747920823888955 -0.6470467406468071
2.64730372347928 1.6441297275565443 -0.6138965071277491
2.6680550765330553 1.6120671005638463 -0.5808929657845139
2.6887361586303724 1.5801230460681135 -0.5478633725117429
2.512723647812174 1.8362484488756086 -0.801859190622347
2.5254889734400727 1.822061024624696 -0.7556606466112877
2.5331207181527597 1.8146206436239947 -0.7068298405666903
2.535717876867676 1.8138957761843164 -0.6569163521146686
2.5352865126433475 1.8169148084599451 -0.6070481383225517
2.530858981861629 1.8236515649517913 -0.5577412630889362
2.5237637398630075 1.8340226494710004 -0.5093944363631795
2.5142743294256342 1.8476522550696741 -0.46213657385848583
2.5032517445549374 1.8633646574093068 -0.4158569822340392
2.3560580282897003 2.041153140482552 -0.7397001485681837
2.3594583993944647 2.038426977760746 -0.7020744006299717
2.3631540071916177 2.0354671276235092 -0.6610367417722265
2.3670750066282293 2.03232674195423 -0.6174970565527423
2.3711587218809984 2.029056011827616 -0.5721516445433459
2.3638381881035775 2.0376159016711775 -0.523528455422334
2.353488116227761 2.049273855951058 -0.47618975235749156
2.3371260064937256 2.067050501260271 -0.4328132657340373
2.316218099006214 2.089440271241757 -0.3938323513680206
2.3569379922246334 2.0404415194584122 -0.7302585745903337
2.3609395537748545 2.0372347773422637 -0.6859126141915851
2.3650196927321496 2.0339670563787884 -0.640599936013315
2.3691506479587727 2.0306580792315962 -0.5947497998912162
2.36032248476425 2.040760680876896 -0.5467185826891914
2.3494967643396185 2.0529038357409437 -0.4996396865319279
2.336108812668184 2.067657968801534 -0.4540907807889228
2.3199829072956275 2.0851931326735698 -0.4106109802729929
2.3027117191027897 2.1045938439377507 -0.3683004644912724
2.651089411418741 1.5950883374958789 -1.1948357475252704
2.6780448543779345 1.5532915783992947 -1.1917134420411273
2.7032836764580344 1.510600972128415 -1.1885237083847875
2.726317796984144 1.4665976572343524 -1.1852058148028444
2.749370618977594 1.4225637974887078 -1.1818360303749484
2.772347416631757 1.3785095952966138 -1.1784062085150966
2.795141523772981 1.3343567694170613 -1.1750050413714297
2.816565996156549 1.2896294000767194 -1.1715660769029363
2.8359393507601065 1.2439147577522798 -1.167979006269149
2.649737362892645 1.5957351255066146 -1.2096667747727357
2.6733470871016696 1.5569300286447771 -1.2302230715824312
2.6935898554991757 1.521402462040908 -1.2585596805800712
2.708159905224421 1.4885532183864827 -1.2929598237991329
2.7209185288070414 1.4587460603454618 -1.3307079172728729
2.7016476556961395 1.4729526188874813 -1.4996388765906692
2.7216811819042603 1.4359681856926947 -1.5160784408163122
2.739924283696338 1.3958488618159168 -1.5331844207235152
2.7583098954100103 1.3550742537444553 -1.550396094633388
2.5612348567226215 1.700329191980104 -1.5220954163412803
2.568134168832141 1.6910952193408408 -1.5174505447133442
2.5794486436044726 1.6759521739978787 -1.5098319108004878
2.5947535981882552 1.65546837349686 -1.499526127367507
2.61180800834876 1.6300773047856132 -1.4868876831518656
2.630160646646659 1.6003987137217253 -1.4725980244932062
2.650106234304128 1.5681402792576458 -1.4570948738537717
2.5684994366623743 1.6906055442286765 -1.5172122590439638
2.579941330323807 1.6752916070498587 -1.5095112144754603
2.5917830886000837 1.6594424683649969 -1.5015412182575691
2.60125928548985 1.6467590563923733 -1.4951668188637213
2.6120473906582267 1.6296954262941188 -1.4866647465150693
2.6229109288561263 1.6121272934022202 -1.4782089157736138
2.6312605973973784 1.5986243586732958 -1.4717108040559403
2.6405527461248437 1.5835964641248084 -1.4644847799857876
2.649257727358632 1.5695185923832369 -1.4577124632096174
2.299903921628029 1.5532117587800314 -3.8370811253471278
2.290816225790314 1.5578732814520602 -3.860141315043924
2.282122813200417 1.5624474396801031 -3.881859450979232
2.2940747387533835 1.5314675033647323 -3.9191220596851872
2.3051436553358085 1.4998052535240134 -3.9560852184270026
2.3162249745919383 1.4681395711035385 -3.993006078186383
2.36632308632738 1.3771881860795285 -4.0200343641669765
2.3616769278848033 1.367563231376644 -4.059713763518586
2.4170613256447417 1.332615513162223 -4.110620335174777
2.3048524301776654 1.5504875880678988 -3.824806559332961
2.302837740505919 1.551546546603451 -3.830113128776855
2.3032649043316624 1.5513202366274665 -3.829050589503835
2.3061390600955773 1.5498117863735899 -3.8210915871514595
2.3120745233861633 1.5462269878322166 -3.8051927165948607
2.320682555195054 1.5410250300325965 -3.7821430703995405
2.3314801001905154 1.5345000026489704 -3.753230360302316
2.3476885499451665 1.5173338135419177 -3.7293771357654117
2.3544278796592932 1.5177858925614571 -3.6993318981287193
2.0497039974148206 1.8481884752541573 -3.904056154967686
2.044804298382916 1.8400093329796283 -3.9531794071608126
2.0395260117519856 1.8314040959691475 -4.002125608275947
2.039998571762552 1.8157538708458703 -4.049579398027138
2.0468977131455723 1.7935769813778153 -4.093795974848105
2.071621456271817 1.7545596938921644 -4.129640022163545
2.071249158264673 1.7418569875604677 -4.169441574518176
2.0705679508419084 1.730284750676841 -4.204454046101959
2.069674780254096 1.7196669065017982 -4.236052655246785
2.0597360493569568 1.837586741668508 -3.900999633295475
2.0703931596384453 1.813462803288309 -3.9434815260787666
2.0865280770218986 1.784507230122518 -3.9809127698756868
2.1060843837394176 1.7511914789253251 -4.012602848829141
2.1291872979922473 1.7147609119360334 -4.037759396493101
2.15612998843992 1.6761575282910597 -4.054327232261087
2.1835970125085433 1.6355695158645445 -4.063682354729482
2.2120348214251955 1.5949408267710157 -4.06841179115011
2.238008391694841 1.554468290556287 -4.081067808990267
2.5510801913521646 1.4371182039965285 -2.9243217558131787
2.486878271549107 1.4449009555810235 -3.273879656267388
2.4998039779762733 1.4251606633100609 -3.2615909773434
2.5156624606769564 1.4009346574275536 -3.2465333835611614
2.579931171035527 1.2832717274202243 -3.240181448730498
2.5788704551747816 1.2785313154763371 -3.2574659260472334
2.577945960508854 1.2743589051332036 -3.2726317355201076
2.5770966874797585 1.2705264297197552 -3.286562470967594
2.5762794429353946 1.2668392207748727 -3.2999660223560916
2.6550968055586006 1.2170005590566813 -3.3182214345385397
2.479428248279553 1.4550137858030996 -3.2804472933236966
2.4839880834994794 1.4489224524742614 -3.276587968887315
2.4867461738511474 1.4451030370504867 -3.2740042684988153
2.4892233563642363 1.441320319280494 -3.271647838986156
2.493824095641393 1.4342925185752016 -3.2672781316588297
2.4978693589999312 1.4281135009025085 -3.263435224368946
2.5000917811529138 1.4247190899647433 -3.261323195414259
2.5025980583845375 1.4208908148352797 -3.258942324881102
2.5075489366733765 1.4133281041370793 -3.2542402320230046
2.783624699382916 1.0607926549805855 -2.621729208071818
2.7867691218993054 1.060611312711679 -2.6071991672622845
2.606007625138595 1.3476247301052 -2.890805835818578
2.6032865973904795 1.3399135957493218 -2.9322622183610925
2.60004299393249 1.3316057222045874 -2.975873061534324
2.6325876694240113 1.2536950094310106 -3.0149242820295754
2.6279425928280253 1.249685656472646 -3.0571019407547952
2.623107244451434 1.2459034961603537 -3.0940395536718337
2.6192029497970175 1.2427628376783528 -3.1240124635220643
2.6940127347154945 1.1958128433120858 -3.158122332746265
2.6780941052202722 1.1463650913382664 -3.162715265986175
2.6065682487102038 1.3495268030373064 -2.8801880507831537
2.6054356937919048 1.3456739133772948 -2.901674615029412
2.6034799820359327 1.3403987340862877 -2.929692416830594
2.601534154676382 1.335406854301368 -2.9558782657146923
2.5996741973614954 1.330636495294565 -2.980904871744266
2.6339346302491644 1.2548599387102977 -3.002686573882834
2.6321368629606714 1.2533094239450882 -3.019006673634824
2.6299565869811454 1.2514273473660527 -3.0388043489315546
2.628047808932092 1.24977997667427 -3.056135665638884
2.6765540991522867 1.463559564463921 -1.8281370700108057
2.6970158634907597 1.4299954380924358 -1.7975677535734138
2.7179681665362407 1.3955200058147512 -1.7668305922828018
2.7387427405671025 1.3613708368609516 -1.736174985322638
2.7606928451842174 1.3238136110398049 -1.7117711080446991
2.7823976077516535 1.2821213876935629 -1.69644956191088
2.8021083748826108 1.2373054187067647 -1.6901410892567257
2.8520269109809586 1.119098802800614 -1.6971447938864663
2.851893333717892 1.119200371556534 -1.698208782054857
2.6789027811949335 1.4566069667284525 -1.8410498122866108
2.702129458670932 1.4136962581337775 -1.831836342251362
2.7255375160211845 1.3689237172951754 -1.8315053352308643
2.7478462889400523 1.324837083411434 -1.8396967792992969
2.7680642751000812 1.281446547804701 -1.8525775462000327
2.7852620493919944 1.238173580716671 -1.8704196108424282
2.8006360899491654 1.1976005828233942 -1.8950409732919324
2.8140105250972964 1.160244828927086 -1.9253060402308748
2.824542827345688 1.1260166352853302 -1.9599320217433844
2.7251846926889933 1.3214884185111457 -2.0914552059992313
2.723167867038525 1.323750733677891 -2.1002450745093775
2.719446806987988 1.3279241889496576 -2.116464563604864
2.7141479117061853 1.3337695784330532 -2.1400635140709117
2.7066763776671707 1.3410086709569582 -2.1694645322928
2.6979362441854438 1.3494260778299594 -2.203615760912696
2.7013116741894 1.3322332029306143 -2.2503870449929515
2.7043381781998264 1.3156763290029976 -2.297231695819642
2.706706907012737 1.2989862402479557 -2.343765196638225
2.7285648620565017 1.3176922978036998 -2.0767413150693
2.7322750353563054 1.3135251440233662 -2.060592571507945
2.7531257782066003 1.269657716708398 -2.050444239835291
2.7740147601176512 1.2264323126486523 -2.0374293865468194
1.9867661149223892 1.7767366464596668 -4.347902367654018
2.000221238727524 1.7617067189507005 -4.3453581206692355
2.0184216230925895 1.7413760731052272 -4.341916766988414
2.0885106124400066 1.639249778938118 -4.392918734432619
2.0801798600639323 1.6399069850028898 -4.417754975367217
2.0727202276029586 1.6405521271862822 -4.439853340739369
2.0909672923664453 1.6051172829099887 -4.46995313665618
2.1098306179211948 1.5692642757202306 -4.499134241066569
2.1284788590836814 1.5326691426076253 -4.527479977263797
1.976623559832686 1.7880671982034702 -4.3498178016091105
1.9735836362786459 1.7914627607328304 -4.350393050350633
1.9665042379934814 1.7987748408408282 -4.351613902870719
1.9532702324915616 1.8114132219195074 -4.353588111641697
1.934620127750697 1.8292235723188583 -4.356371367458696
1.9115088023975577 1.8512942764181688 -4.359820372948629
1.8820751644202725 1.8688137266723865 -4.396292091857906
1.8511222827323521 1.888789725086005 -4.430115923324756
1.819344054724778 1.9101387489239245 -4.462125209967373
1.734680716876208 2.02266701454629 -4.345113970830989
1.707836553265435 2.032351697507482 -4.38599947143765
1.680945063715326 2.042329793259261 -4.426995850258852
1.6541717003025147 2.0523864117558475 -4.468028663584479
1.6269483113588028 2.0616888438192484 -4.508801278214655
1.6830073404052857 2.009416538589301 -4.530475846064687
1.6825988407014274 2.0006932495916034 -4.560556197072441
1.6822136641424574 1.9925122584303867 -4.588772310588333
1.6817051916389223 1.9844077842208014 -4.61615940140191
1.7275696360960375 2.031631525019353 -4.335523432437279
1.6908012277590834 2.054711463433261 -4.360202092313963
1.6523645986484694 2.081626629302502 -4.3771028811143715
1.613233517968568 2.1110164548706187 -4.386227314313092
1.5722791420083442 2.139056377119537 -4.38991954551827
1.531664224883786 2.167765649738828 -4.388185733631976
1.491723821799178 2.197131856396842 -4.382641496759081
1.450553958925809 2.2245695316490153 -4.386518484070759
1.4092148544775247 2.2483421951951006 -4.399572956943253
0.37855474582993587 2.5083231134734745 -4.851332843142764
0.40029468801476853 2.4936535765835934 -4.894027864196261
0.4219791975376211 2.479373147514633 -4.936796522747251
0.4430865915311674 2.462724416670321 -4.97881342556097
0.5746000646481728 2.4267343067042426 -5.009218825341328
0.5770974166607803 2.414255852652851 -5.052367687631666
0.5794407183384261 2.402003066913614 -5.094830393478911
0.5813004558003468 2.387996617565299 -5.13622387895615
0.5831012039693878 2.373970506565105 -5.177555471208802
0.39072197478756826 2.5091710844345374 -4.8428331202664125
0.43011831008823714 2.496249603695658 -4.870699456477156
0.47376245011781754 2.4833804901777556 -4.890752201185558
0.5198844952534599 2.4690971299111264 -4.902724004762386
0.567294997924231 2.4557675973535735 -4.910118120265335
0.6157390084216365 2.444843120051255 -4.907885698503713
0.6635357009379383 2.436329788699627 -4.897458355549027
0.7101186058829372 2.4295698710638063 -4.881714226995114
0.7545070144501513 2.4203393330518423 -4.861579116270208
0.19647055852285192 2.509600920724402 -4.92838309717382
0.17904096553781293 2.4971523134652647 -4.973475835431256
0.16161122716612492 2.484711249554464 -5.018543780787874
0.14398624939917912 2.472281663065825 -5.063620111206719
0.12633947527285402 2.459851901136766 -5.108702172365412
0.1087089723600756 2.447777066097357 -5.153980332388297
0.09111732351874512 2.436107005336543 -5.199368696930065
0.0735723194377963 2.423236004490949 -5.2443189676636175
0.05579743082930994 2.4100461196591674 -5.2894819068811705
0.2110311856817381 2.5077408721982533 -4.9310624673772105
0.21745336859890865 2.4929259768605427 -4.978304044590535
0.23261277398971897 2.4780990925006936 -5.023519338332214
0.25519699670652857 2.4636704517144463 -5.065668450225083
0.2819747900269616 2.449659957568908 -5.105449837799118
0.3130679771582308 2.436049434998353 -5.142055450833425
0.346756400295069 2.4207164345930727 -5.175519128315277
0.3743008788467846 2.372483081637202 -5.313599687132673
0.39383520782509257 2.3700710352955543 -5.3129047985154
0.8618758034410196 2.450839583907092 -4.6280647875797785
0.8637165309340192 2.4379404054674616 -4.672378467517365
0.8652522708314395 2.424089728049364 -4.7176056078316195
0.8668113834801817 2.4100040538485787 -4.763603271759353
0.8629555730763557 2.3972190308346164 -4.81159972233066
0.8683360376780057 2.3815220232126544 -4.858542303720843
0.8824833477840589 2.3638556831262023 -4.902929340346641
0.9026243046256537 2.3450481323025714 -4.944450380127968
0.9256685795457775 2.3235309290822848 -4.982945676180776
0.8620792517391427 2.4496716539194856 -4.63237938792666
0.8639618854811025 2.4357382582788882 -4.679567818698387
0.8655649276288278 2.4212808632023264 -4.726776061067306
0.8671699774633002 2.406782288911129 -4.77412179897349
0.8642157018255915 2.3936686486814116 -4.8221661441802866
0.8623427766864927 2.3801828766418756 -4.870193107590251
0.8576461316451164 2.3681053847017366 -4.918455404759502
0.8460415893081551 2.3585961079456017 -4.966200811523537
0.8274615311191488 2.3520252938006814 -5.012160059472502
-1.5755495694589103 2.137455687570587 -4.38991535369726
-1.6004469228352605 2.1223688366445312 -4.374872060801049
-1.6288965240127369 2.1051297242054616 -4.357681592507903
-1.6669153638737306 2.0733063811508714 -4.363227231322426
-1.705599776331833 2.0419321295912605 -4.365603842455479
-1.744197575883737 2.0104224017866557 -4.365855354973332
-1.7807992519609974 1.9767082407057452 -4.364000757715403
-1.8171605407853182 1.9428662142892348 -4.3610352925229225
-1.8742545647413595 1.8715141003103504 -4.414302143744245
-1.5652468429255495 2.143696254566603 -4.396148486101035
-1.5754946105210947 2.1374877802007326 -4.389952489504433
-1.5856897410961777 2.1313112117604422 -4.383788264754015
-1.5987289234367954 2.1234111819338914 -4.375905868457634
-1.6102434482359198 2.1164356912959117 -4.368942564532215
-1.6264324727244124 2.1066265717947212 -4.3591583084866015
-1.6517518631565686 2.077029105037239 -4.390131005124941
-1.6714163314076615 2.050536522156342 -4.4274755840950215
-1.687841218918499 2.025892432123135 -4.467604025108481
-0.9795951011446227 2.302380838382368 -4.981868022890854
-0.9705996892659391 2.291333036066302 -5.02974810742452
-0.9615095908906777 2.2800615863655516 -5.077588836878105
-0.9524837506039706 2.2689778959708966 -5.125488884468292
-0.9429973852027933 2.257515715178033 -5.173241243235702
-0.9333499491429035 2.245645153281948 -5.220864691297032
-0.9238122393856598 2.2339258968852893 -5.268532021984487
-0.9140161506387847 2.2216286603738484 -5.316024278625513
-0.9041445597271969 2.2088652868341128 -5.363342265953894
-0.9665783432449165 2.3089304974659934 -4.97858597015079
-0.9375219426588943 2.3073082598031736 -5.0191064485664
-0.9024438728696262 2.3095164371684462 -5.054499664983055
-0.7658444276734799 2.3460380001628134 -5.101732080961396
-0.7670038483914032 2.339972240437022 -5.118647395108868
-0.7678394500618227 2.335410478659292 -5.131404947555657
-0.7684070664169327 2.332305019819429 -5.140090989554826
-0.7687073990898619 2.3306509793998913 -5.144719374526925
-0.7687902828818475 2.3301774672135207 -5.146047467055175
-1.346138269988928 2.146641058595884 -4.868135573662919
-1.37593061783371 2.118471811821221 -4.8958150843395885
-1.4057146936787603 2.0896005699086997 -4.9233325000689625
-1.4354293045130606 2.0606826133663096 -4.950870984272569
-1.4640217820024932 2.0301987795533885 -4.9779304587214614
-1.492229750016878 1.9991095950069997 -5.004832236422117
-1.5205026735297682 1.9680147820495888 -5.031803589610873
-1.5487847696978794 1.9369153561079788 -5.058768179496713
-1.5759300179881761 1.9048530298193997 -5.085238402017862
-1.3536789057311134 2.1463030374877157 -4.855304206966046
-1.3932149551230422 2.1176994042874484 -4.8614489209734515
-1.4345707524020221 2.0904090765302525 -4.858875839419969
-1.4761281370307744 2.0655664878720534 -4.848143562271269
-1.5169732521322776 2.042028693438973 -4.832728713007635
-1.556017256076626 2.0194075805915754 -4.812008189925213
-1.5932166818754605 1.9970009102824193 -4.787772205396621
-1.71641193199022 1.9100074034693815 -4.74531841498854
-1.7169418409959372 1.9135952319048668 -4.732784523182052
-0.05383675368921625 3.038761585040826 -1.9250116248930078
-0.0838198330261732 3.043090022570899 -1.8845252014409741
-0.04063232518831763 3.039388294024535 -1.918300637463213
-0.04888428883769637 3.044516202140215 -1.8690167833389402
-0.04671780334314599 3.049630275596493 -1.8193628356644929
-0.04070879342104332 3.0546951467732093 -1.7699996633873782
-0.03273337125269034 3.059722951571936 -1.7209004669670207
-0.026122175369229436 3.0639089996278788 -1.6714852099392883
-2.778119680466533 1.4352435682428928 -0.3414695077519546
-2.7964104597875523 1.399717853156901 -0.31158079465444716
-2.8138854977697205 1.3639537080414161 -0.2816027676663494
-2.831343582589308 1.328193662040587 -0.2516261705537876
-2.8487828704109317 1.2924731792689574 -0.2216642676950144
-2.8648019951851906 1.2561266265129947 -0.19166432669451772
-2.9066994255195393 1.1590713225855247 -0.14418592246055656
-2.9048926190729274 1.1634334978802683 -0.12644965748602657
-2.9031013448051595 1.1677567420179553 -0.10876786722351998
-2.7814594092755693 1.429053572330208 -0.3546379470511992
-2.8024546441444804 1.3846435493874107 -0.34639047764872954
-2.8233534538346596 1.3396298655720933 -0.34707093390554133
-2.843801457543664 1.2952806611878378 -0.3561555818916119
-2.8638035405715394 1.2518771495762704 -0.3699326743668546
-2.882571379579742 1.209803741327119 -0.3888161031536671
-2.898452285157112 1.168158401048872 -0.4110998991123868
-2.942611340436697 1.0530350223632388 -0.4382100749266218
-2.94199550762884 1.0532085070039132 -0.46785720933045183
-2.596733324242858 1.7419508506294394 -0.11865194443219342
-2.586744483780755 1.7572384972649377 -0.07205933291646396
-2.5767664122098934 1.7725088239362627 -0.02546779693777472
-2.604360674542535 1.729615415324437 -0.11542043877428051
-2.6064682244686206 1.7253751208713202 -0.06576122167010753
-2.613151170113557 1.7137976211907273 -0.017822644702603543
-2.7345447873999893 1.440882836083354 -1.291451810956462
-2.7518345258783885 1.4048563167362529 -1.3213293454168602
-2.7673814782034576 1.368104692266833 -1.3511104587088898
-2.821104106654578 1.2463780882818662 -1.4091956232225171
-2.8181742828508516 1.25015028247147 -1.424475617958252
-2.8152997283429064 1.2538539564007807 -1.4394525235793871
-2.8300551291449496 1.2160266114535034 -1.468361139372372
-2.8438348361732517 1.1778048738271352 -1.497294309245791
-2.8572644268178546 1.1394408332811454 -1.5262834631233262
-2.7287809892203403 1.4498382627401392 -1.3019107596421255
-2.7369662613253 1.4289470961759372 -1.3465317215359367
-2.7404698413937383 1.4149394951976082 -1.3943103409186364
-2.7732351549222654 1.3433756645172414 -1.4434829000086529
-2.770786062373374 1.3418555270418162 -1.4932599791634165
-2.767791876136945 1.3400691509987626 -1.5427852139900937
-2.764199723293573 1.3379933313834333 -1.5914573722467067
-2.7606644661513497 1.3359356538922131 -1.6394337886624855
-2.7544896549746327 1.3390568040489725 -1.6889771956732906
-2.783035366267506 1.3865601995659362 -0.9296208341225212
-2.787738511127166 1.3749035183020957 -0.9476892616367514
-2.7939244399858034 1.3595719865237335 -0.9714517138347825
-2.814390427487888 1.3147893755762257 -0.9792639974427101
-2.8604254652171797 1.2130757677059014 -1.0001145738458086
-2.8598774258815642 1.2136481090808127 -1.0056235875620603
-2.85916012105665 1.214444562651055 -1.012422377838592
-2.858304467548716 1.2153926884674764 -1.0205493608174263
-2.857303922560719 1.2164998283204576 -1.0300658806406817
-2.7797287015118783 1.3947566635596564 -0.916906169042362
-2.7798359125219347 1.3944906365233962 -0.9173216962737986
-2.780268439976472 1.3934183283279282 -0.9189868819761181
-2.7809395769001575 1.3917549408588545 -0.9215650444262564
-2.78163065946104 1.3900424108585847 -0.9242163481749902
-2.7823120944046646 1.388353239031102 -0.9268371819933594
-2.782981960562381 1.3866923421092012 -0.9294183163045336
-2.7837743334268628 1.3847280658069248 -0.9324670925939796
-2.7851666684352954 1.3812771490483637 -0.9378165266698842
-1.447816221543372 2.767758547749492 -0.20714134389106012
-1.4161007465054871 2.785577696996109 -0.1736075262325528
-1.440453418360534 2.7712065240616464 -0.21919912019330973
-1.3987701097822043 2.793553843977965 -0.2060147799747467
-1.5042035812729602 2.726445059017775 -0.6598535447397849
-1.486421073993727 2.7350840576678612 -0.7058399137083984
-1.4688107013277734 2.743632198127003 -0.7519384924198221
-1.4513447188539115 2.7521041987044517 -0.7981254994694125
-1.4339716381195364 2.759645547936974 -0.8440351628476912
-1.4164502055957342 2.7663430504489095 -0.8900403436263726
-1.399218660848886 2.772894237081624 -0.9361821893964823
-1.382126229546486 2.779096991284995 -0.9823275786142784
-1.3642721167265108 2.7856186942044667 -1.0290777079815208
-1.4934509112719254 2.7321364747003445 -0.6516258302457248
-1.4599591897943773 2.749120406331743 -0.6832795751941426
-1.4225540852139829 2.768231032723784 -0.7076750312102934
-1.3830181085889799 2.788530496450589 -0.725742268703527
-1.3356477944892513 2.8116330438079062 -0.7380026204596678
-1.2893308207904361 2.8338791050913845 -0.7447805070442713
-1.2446600437741064 2.855485772542202 -0.7474924779158078
-1.2004129759159925 2.874781539077216 -0.746027106769051
-1.1562700166042152 2.891563575917361 -0.7411394298834086
-2.2717836261703153 1.5515556142176143 -3.9531363830125468
-2.279936875911985 1.5403802877868396 -3.949437110514926
-2.287725016592704 1.5296980150908497 -3.945922992524034
-2.295618574342289 1.5188715385263172 -3.942360287343723
-2.303264544806945 1.4915986597300812 -3.98368778884124
-2.311245989519621 1.464051033136427 -4.024748725307486
-2.319279050922337 1.436470646016793 -4.065683443197686
-2.325810745621727 1.40787540359078 -4.106015560759636
-2.3322865807468767 1.3791624594977219 -4.146306016714529
-2.279330087135532 1.541208164991541 -3.9497225140325343
-2.295851545845114 1.518559653852444 -3.9422349447217666
-2.311879909241575 1.4823937785349994 -3.9726895085180236
-2.33162748005085 1.4431889646755889 -3.996267006131741
-2.3536474034863617 1.401461791081895 -4.011665066684986
-2.3767378011088427 1.358214556068842 -4.019454308672367
-2.4409201633544253 1.3129856868461054 -4.036260041216152
-2.4308422012544755 1.2590769361194964 -4.023993105914195
-1.9388451192609437 1.950341618306342 -3.9612284889850273
-1.9380539855654046 1.941140661051577 -3.996431658003518
-1.936468826874358 1.93027604463415 -4.035095792568198
-1.9347637836548073 1.9186572528059775 -4.076474842306435
-1.9174227964239272 1.921172239175686 -4.123285731722521
-1.9018546168383021 1.921663844296989 -4.170785215878259
-1.887707938355416 1.9211594823306029 -4.21874223669699
-1.8754839010839601 1.9185657021977487 -4.267057710009642
-1.9387397044099874 1.9478996468678338 -3.970983449953427
-1.9373881041789065 1.9365291600580308 -4.0128208439112765
-1.935630457899904 1.92450277859702 -4.055628774865496
-1.9338680891527793 1.9124718595407142 -4.098465639858864
-1.9176670593818401 1.9136993788776333 -4.145677114596308
-1.9035112595975687 1.9128281241372551 -4.193600664523099
-1.891853152159865 1.909810856150586 -4.242106215690921
-2.4459494096250847 1.487708536878456 -3.3501291774007367
-2.4561163746213177 1.4584967132265152 -3.389574446291139
-2.46482402794376 1.428716321380927 -3.4285978377070974
-2.473555167913908 1.39936751679413 -3.4675241585587764
-2.4951264242938573 1.3468246955614462 -3.5089176137484013
-2.4883253691758 1.346581660344748 -3.5448497745386405
-2.4814715310315507 1.3463728356259985 -3.580955615661711
-2.474512860865743 1.3461592146142622 -3.6176183782373053
-2.4667856570860853 1.345703385502432 -3.654890215645875
-2.452747693110699 1.47974352967178 -3.3396500505415387
-2.4726351700419222 1.4398505754675872 -3.3612570102183947
-2.4937671338677747 1.3970971723919055 -3.374398081830114
-2.5169695063859323 1.353620246748182 -3.379539028599009
-2.5404278385192516 1.3101920276187526 -3.379796645691239
-2.562853115982051 1.2668266375200639 -3.3726547383106116
-2.639880544169981 1.2216647761711894 -3.3739121182256424
-2.633865307558765 1.176170549411929 -3.349565260124116
-1.779191199194887 2.0630779389878566 -4.080006173614896
-1.7769652720615203 2.0505744000725596 -4.128233660552684
-1.7747567471355916 2.0380455379439018 -4.176496614154221
-1.7727993831598654 2.025765366808865 -4.224910830274269
-1.7904886620617673 2.054359891636196 -4.0760520048453595
-1.8059273566718788 2.029430044326628 -4.116410733932757
-1.8271719080735764 2.0007222238143103 -4.151224221985785
-2.7567391463886013 1.2588599785213948 -2.0563481793061724
-2.7772244713033034 1.213670239103786 -2.060590285620059
-2.797156573818631 1.1682400375914013 -2.0647747784985655
-2.8146245823948726 1.1217527008756618 -2.0687144436926035
-2.887679779330093 1.0603146015601228 -2.0814932411751093
-2.8730776349088494 1.0159604342966362 -2.081252950619211
-2.7575577276501093 1.2602915939049895 -2.04155384836034
-2.7783776830002265 1.2195051525162377 -2.0221001972221875
-2.7982064861134637 1.1829513097025213 -1.9947784288128034
-2.814931658188049 1.1502947361278524 -1.9611378983758014
-2.818324305388397 1.1566927869627526 -1.8964582380424657
-2.8329053775726765 1.1308081197616928 -1.8564113735990235
-2.8469733565739266 1.1050331474982669 -1.816519431806051
-2.8598882109070294 1.0789667737048527 -1.776965503809541
-2.8727131059633573 1.05346779917694 -1.736134356488263
-2.677945824693474 1.4860901324042228 -1.687955584640377
-2.6832900797009973 1.4856851398410438 -1.6382558059749035
-2.6878078891716233 1.4849038508470425 -1.5885216602142576
-2.691930916606476 1.483946500598785 -1.5387560346889757
-2.691359745316682 1.4920839669421733 -1.489448799451834
-2.68684983338413 1.507885841565101 -1.4422499036751144
-2.676561732981094 1.5307306451214118 -1.3991331926421882
-2.6618934790107573 1.5598526883859891 -1.3614014819016433
-2.643643106031033 1.5945075309749308 -1.3305039457965528
-2.685082483392296 1.4733606299422322 -1.6910687839167848
-2.700487714014312 1.4529999175162285 -1.6481207464676764
-2.7178763319882058 1.425534077982402 -1.610267314939083
-2.5227460401881805 1.5130125077580456 -2.819246117297903
-2.54604347987396 1.4710607552823332 -2.832631833263535
-2.56821347086771 1.4282783451336651 -2.8458662363075202
-2.5888922853917062 1.3846705301758204 -2.858865375752169
-2.636231664460067 1.2799684353758356 -2.9065481262953985
-2.6446499924749953 1.2701715216869662 -2.886199148380162
-2.6545119298800017 1.2587554302783628 -2.86215566147765
-2.6644201681849062 1.2459007416492216 -2.8352141148046646
-2.6730808541642777 1.234104996562387 -2.811368466154561
-2.5181069333783297 1.5174161801190862 -2.8327173921254167
-2.533226838163499 1.484025883452065 -2.8665856079426684
-2.543483531935108 1.4557786078322563 -2.9061091916514
-2.63345275230341 1.3926190241691352 -2.534364933690789
-2.6572419897764377 1.355331838572222 -2.5113772196167004
-2.6788482767210673 1.3172283444243387 -2.488048339693867
-2.6999057702512603 1.2786498159181807 -2.464764101319745
-2.7210610254565855 1.2396369670990326 -2.442226312769726
-2.7421218900682556 1.2006308948974675 -2.4195509675823037
-2.7621243365964463 1.1612009033612432 -2.3966259265905236
-2.844461672370979 1.1025928046663196 -2.3954961124211116
-2.830772190291389 1.0542810910921194 -2.3858177240199687
-2.6320861703025624 1.3947592313635013 -2.5356929805934714
-2.654307031057706 1.359925209350704 -2.5142424640808283
-2.674414646902477 1.3253612280425302 -2.49291658431129
-2.6928945472959187 1.2915207956364914 -2.472429610144599
-2.7127366310472327 1.2475895173877407 -2.4761029594834905
-2.731879789620153 1.2039989520073624 -2.485564733199544
-2.7489268953585406 1.1606245938820756 -2.500077209276402
-2.82023662489388 1.1144975794482663 -2.531122768302215
-2.8023811169227244 1.0736508572644574 -2.554393339180765
-2.5296214417740357 1.42272446064478 -3.103781607916575
-2.5388369908020225 1.393811886756834 -3.14326462674147
-2.5473008528073096 1.3647087907114488 -3.1827273717573608
-2.5851215575373123 1.280698983178662 -3.217722012639317
-2.5810816434095694 1.2756938637774387 -3.254866038427797
-2.5357298808632605 1.4142403689277674 -3.0933201387613662
-2.553883062022681 1.3736022714747709 -3.115303248892183
-2.5740503682217826 1.330848350713197 -3.129011418909096
-2.607359646973747 1.2636488269313106 -3.137038270832986
-2.6087696448587123 1.2635940290993681 -3.129125234794589
-2.61168861640172 1.2634063369678803 -3.1129370332663435
-2.615896041835947 1.2631402301221297 -3.089591704596812
2.7114784565371157 1.5443252265553995 -0.5207773798148752
2.733494343189278 1.5083673523659908 -0.4937870279489125
2.755032125756622 1.4723488029884322 -0.46672660664245114
2.7754810777118823 1.4357724682071995 -0.4396477613569909
2.794421944103006 1.398456227475484 -0.41250833876561344
2.8127193836861952 1.3610083369110222 -0.385411415218988
2.830927032403806 1.3233517838082653 -0.3582152737513784
2.8491955946107326 1.2856834355879594 -0.3310080303427861
2.867757718981173 1.2481311997576878 -0.3038029058625624
2.7067594977576013 1.5529717115159933 -0.509600870001624
2.7205377663441026 1.5318294646775017 -0.46652219324618693
2.729987427511191 1.5174687864479703 -0.41964539932755796
2.7353939896667954 1.510170876820239 -0.37053590754033194
2.7382025545711954 1.506865944475947 -0.32077721959633676
2.738142430047321 1.5081289070951698 -0.270833644317815
2.735948368397788 1.5130686698728109 -0.22116194346395174
2.731933625117052 1.5211409281885908 -0.17191873913355077
2.726560147425832 1.5315447274321066 -0.12326119664456943
2.4946602356839147 1.8757732990299965 -0.3681111683628723
2.4865970768228327 1.8885518270833181 -0.32027691451228196
2.4786878247517823 1.9013987903515819 -0.27247826288150034
2.4708042978459623 1.9142090668366831 -0.22471335199752537
2.4614238392049006 1.9256092723077534 -0.17706162548006227
2.4519102749667647 1.9356379865314957 -0.1289078215152248
2.4423937358590666 1.9456698014766725 -0.08073768638148057
2.4329231541491305 1.9556458256885918 -0.03253468313890605
2.4866950737172804 1.8865740841873333 -0.3746216501277787
2.466660049443373 1.9151231573788738 -0.338558214654519
2.443328397015118 1.9483431015291295 -0.3092326134025516
2.4156968966258368 1.9832500857120163 -0.28675061068328195
2.3855173977807658 2.0187998249612242 -0.2690380748418534
2.3543555811347656 2.0556662409084128 -0.25651656246727056
2.32426420055354 2.088183628190838 -0.23436115442935024
2.297295682888144 2.1175026414710225 -0.20447777576036294
2.2733859303862305 2.1438698737217634 -0.16958599002021496
2.8549701504796006 1.1980868991696074 -1.1717891951757056
2.874043854533895 1.1521574536445682 -1.1755960125872629
2.893169851232558 1.1060974038965465 -1.1794456404318514
2.9101654924191127 1.0593220275725492 -1.1831667875647398
2.984870850479976 1.0048918709162802 -1.1915954485636477
2.968063283517503 0.9545136419908518 -1.1929800941127688
2.8553191007642877 1.1993997596536452 -1.1569762117902707
2.8740279520270358 1.1577684207556995 -1.1370740532357586
2.8914458694184764 1.1203417320527072 -1.1093380223261942
2.906484306647211 1.0872390892836012 -1.075485245645811
2.918775710819499 1.0568205848843433 -1.0380975867965367
2.9298742008026357 1.0304993190839449 -0.9973071013276023
2.94008637694361 1.0070817548398687 -0.9545496405397039
2.949702247421181 0.9855981535578869 -0.9105967134652493
2.994939261044162 0.9559296385036753 -0.8666634045848435
2.7746090314617002 1.3170560432431535 -1.5777746571927556
2.7781442113774606 1.3118009289506676 -1.5643375334447693
2.7992314560694576 1.267281817410355 -1.5695213321015544
2.819435864332666 1.2221183583547095 -1.572537407776903
2.838167115405525 1.1761236770382333 -1.5745049516819465
2.8571827671028296 1.1309762811378956 -1.5680134365252365
2.8752813305308598 1.0881094766112576 -1.552019597046624
2.8915572182287033 1.0476812728199862 -1.5290543814369637
2.9069116026592994 1.0095841078389018 -1.5015746736247735
2.94449575656125 0.9714405760832379 -1.4734433173179184
2.3953190389352863 1.2978562574849002 -4.142058301836152
2.396698683869639 1.2898854925642205 -4.13350617069834
2.363077915765754 1.5183679900260598 -3.660763463298979
2.3720131329501117 1.518664572772022 -3.619246251376132
2.380871237814175 1.5187514532738788 -3.575472508817897
2.4001701871090453 1.5029532328329878 -3.532183576436283
2.418355904145837 1.4889012317277066 -3.4878161491810227
2.4369443517775418 1.4724992505218537 -3.444469785219523
2.4566277345538694 1.4523559948137783 -3.4033030550121643
2.360720837473599 1.5182084511738323 -3.671275552363718
2.365562752645096 1.5185367884012388 -3.6496799734842393
2.371553382800806 1.5186539009909656 -3.621538255016753
2.3769413526804377 1.5186990288055275 -3.59493787985853
2.3819839846700326 1.518746435842575 -3.570025588935125
2.4085481954505124 1.4843183830880486 -3.545553799134163
2.4350316481188594 1.4460373790190333 -3.527790136542923
2.4608623265092646 1.405183818141344 -3.517143939511653
2.484018371162882 1.366304936320235 -3.511393493966143
2.1257610207669297 1.634536504783803 -4.276860955005807
2.1209349656708087 1.6352539130375354 -4.292523946257844
2.068990013300324 1.7115832196366585 -4.260124951425999
2.121069667033617 1.6352607779180692 -4.292009919838566
2.256088334192967 1.5167596272556456 -4.107813748626874
2.303488408278156 1.4369095498279902 -4.128208817525908
2.2994573852385316 1.4284266367044933 -4.166107541860766
2.2939619877848902 1.418128085991877 -4.208687949505283
2.288058863241408 1.4070237743681049 -4.254519334798959
2.285303571958201 1.390023172794263 -4.301934602348449
2.2781641501062904 1.380546910230741 -4.350108865191675
2.3018590197719013 1.376826394485043 -4.411721486505906
2.279253373045394 1.3624171435558206 -4.45442216453391
2.2619839016469534 1.513205604855732 -4.0947159075226995
2.3067203012290904 1.4441529842268805 -4.095681734506698
2.3065612407596126 1.4438083138519875 -4.0972514616852544
2.622179589474173 1.1639762992460194 -3.3152731739049734
2.6238886800175054 1.1644767950921344 -3.3038509166077388
2.8521440070550543 1.119087844139148 -1.6958993655926502
2.8525741278969643 1.118922451288184 -1.6918258272926836
2.853602957863094 1.1185259576292494 -1.682085634226725
2.850352494910775 1.119778393963242 -1.712859537292289
2.847953077803214 1.1206954807883678 -1.7356058961078458
2.8582207388011343 1.0843615603064107 -1.7680752625272322
2.8674443767994973 1.0502971571561868 -1.8029502867127596
2.9095740436797524 1.013677552155975 -1.8431683131043548
2.893039081938703 0.9767610372787005 -1.872780853530362
2.907143793491269 1.0759719553607585 -1.9917082269894082
2.8889638554788624 1.0289914114686949 -2.0111514877117833
2.871766192779884 0.986342544385874 -2.0309885726632166
2.834129515601564 1.0912045466781812 -1.99407946156729
2.892114584424695 1.0511923323512438 -2.0353092736167837
2.876121999866554 1.0211042068098672 -2.0722470394172086
2.857724517507372 0.9963528347655922 -2.1126475579714183
2.708380357959516 1.2824092290342048 -2.388785643906116
2.7529715727554236 1.173799511408731 -2.429851867781287
2.749030887417049 1.1680400632450507 -2.478626977666079
2.70844900360664 1.281744905330224 -2.3905779453213047
2.752981481527263 1.1738053426422475 -2.4297469334713644
2.7491426573314888 1.1682309813205964 -2.47720985251665
2.141982089298176 1.4978077754138797 -4.560542028411572
2.155519775688631 1.4629969168115031 -4.593644192777698
2.207301343030088 1.4288844998439503 -4.643208129925458
2.1871330101958915 1.388009318714343 -4.6643702083522705
2.1490404946433648 1.4923819254334005 -4.548561088459113
2.17287077298597 1.4506581455866554 -4.561896739515538
2.2326958436865807 1.4097907992398833 -4.580543339051602
1.7869578318931936 1.928746400623907 -4.495191293392032
1.7939346308926944 1.9190693109576746 -4.504119206449902
1.6808565768580361 1.9775577198443677 -4.637305339945861
1.679766605357552 1.9685949857743046 -4.664924262328713
1.6784685731090596 1.9579235070748149 -4.69780934739059
1.6596085000045095 1.9465926910067648 -4.774575751771513
1.6307026829113247 1.9656336615748982 -4.790640929579581
1.602923702375265 1.9839402712353726 -4.806057754788016
1.575486031468834 2.002022186868 -4.8212845113876215
1.5464957198178129 2.018401119924851 -4.836024483801321
1.5166628887455702 2.0348228739339813 -4.850914100604593
1.6803990622425033 1.9737825477574622 -4.6489348355442095
1.6790491033431885 1.962706766036066 -4.683072396119185
1.6777438597075758 1.9520128387498936 -4.7160373850547375
1.6555741380219686 1.949250606488688 -4.776816889104611
1.6234420067388884 1.9704209544018032 -4.794663666346831
1.5899649567916363 1.992483428388815 -4.813240630932279
1.5554945763699755 2.013449295713598 -4.831527974118687
1.5215279013089 2.03212859917089 -4.848536074980798
1.4890391208219151 2.0500098694715767 -4.8647588977275875
1.370356124311558 2.26420631036799 -4.42571586642046
1.3310355228064727 2.2795723865132858 -4.451796977092973
1.2917974534381516 2.2949329992194247 -4.477968565684714
1.2524922895573134 2.3103195298355423 -4.504186179322197
1.212422200814762 2.324333025347686 -4.530032008286631
1.1720211157230267 2.337735335366574 -4.555848406365644
1.0919366678468263 2.3663003934696425 -4.592531418215466
1.090603893497651 2.3571640294159355 -4.629484579232087
1.0891852697923012 2.346934176215038 -4.670728568556041
1.3666637892467248 2.2699871802671976 -4.412574319386175
1.3233842404351748 2.2936257464014798 -4.416998911533694
1.2813242357603047 2.3189877322442767 -4.412716898809042
1.2412070271907913 2.3449290393788615 -4.400399038104619
1.2017538758124902 2.3693085460379346 -4.383056040225406
1.165093078286481 2.3934868090309163 -4.3607468613367
1.1241738636944285 2.4165954794541733 -4.346955219624687
1.0837885117131583 2.4387497664544915 -4.331184802453755
0.6021764351553451 2.355397096664506 -5.21989008699822
0.6212607076376954 2.3368183148523345 -5.2622343294696154
0.6403608346759393 2.318236008235486 -5.304577519049258
0.6595717632458696 2.300086305657717 -5.347111359593897
0.6780441777070415 2.2801337380508575 -5.3889126142612485
0.6964122425141185 2.26002167368965 -5.430734771203004
0.7148186993942108 2.239899225121813 -5.4725543687849765
0.7332820015485834 2.219865400058245 -5.514397870814901
0.7516060892809501 2.1991528507249054 -5.55601518970898
0.5847418152683295 2.36120457336948 -5.215172394374184
0.6113895663893437 2.3422438824069 -5.253060775950778
0.6360156527738102 2.323372963592328 -5.292177624760761
0.6625781585760845 2.3047686387636652 -5.3299972887952904
0.6941168293808826 2.284732024112556 -5.362413284654745
0.7311455572816747 2.2646447310987985 -5.387995732357286
0.7720340326634292 2.243935445394862 -5.4066745873436615
0.8152948283733865 2.224014500178329 -5.420336482916032
0.8596312108143326 2.204150068531641 -5.427729501263276
0.04538153124428752 2.39599606851701 -5.336395560286496
0.035159286680078526 2.3817249468016186 -5.383071451369972
0.024938152763531587 2.3659765038748173 -5.429192023345091
0.014673541183843475 2.3499839117260137 -5.4753813605312684
0.004420582719913828 2.3340505574787054 -5.521632511996134
-0.005829121064504562 2.3185826447921456 -5.568048710596854
-0.016370757675190823 2.303039165775385 -5.614680266860447
-0.026777380798570692 2.2875345464054426 -5.661200363987313
-0.037076218312586715 2.2719013415416396 -5.7075313402368115
0.03143947927238718 2.398105018691544 -5.33152811262319
-8.176230083494931e-05 2.3864022687776743 -5.368213453362161
-0.03799165322383524 2.3753853596040266 -5.398497251593076
-0.08042588427757358 2.366108565621514 -5.423014476422574
-0.12525988496456486 2.3580962054312353 -5.443424529670683
-0.1721352229540755 2.3505358643852188 -5.45871629694115
-0.21993258620639627 2.341641538490507 -5.469271081809738
-0.2682850319283959 2.3336388788681655 -5.47601833800876
-0.317477218819482 2.3263849905230716 -5.480189271638529
0.39730503734730516 2.3696426968288558 -5.312781024324247
0.4041876791964294 2.3687925436657724 -5.312537164239203
0.4198581204228422 2.366857055463867 -5.311981473741326
0.44353540196261537 2.363932669475063 -5.311141712660902
0.4729397350948782 2.357600084505179 -5.309177182221752
0.5074819472244056 2.349923861025764 -5.306873384696706
0.40789854639135303 2.368335116304377 -5.3124026503693225
0.4224646456032835 2.3665358192351955 -5.311886790754093
0.43883094362044184 2.364514191945259 -5.311307042724136
0.45294773800552024 2.362036917635965 -5.310528605991318
0.47092691167200496 2.358043514398337 -5.309323214364399
0.4871283930398765 2.3544437893566283 -5.308240564856221
0.5061366177393101 2.3502200317466433 -5.3069716242486855
0.5239843029459801 2.346254488786363 -5.305779139698984
0.9565909102965805 2.300620925183228 -5.014564375120575
0.9875151856082832 2.2776964161528985 -5.046225715335154
1.0184556157385134 2.2548427516034284 -5.077962870438881
1.0490602400437319 2.2313984581662343 -5.109490742280349
1.078967861566498 2.2063374961525835 -5.140521825105998
1.1085745559063145 2.1808434736391615 -5.171466752915399
1.1379093526379862 2.155139289489642 -5.202357794819002
1.1668050137990917 2.129659595006926 -5.233275569759589
1.1998252571617127 2.1017117131464875 -5.256563839131225
0.9450275279042839 2.3024481277083018 -5.023713546591856
0.9569248839537052 2.2832724142693555 -5.0681197275053425
0.9608006748747911 2.2670644837088223 -5.115129899792808
0.9670105445613295 2.248923286126213 -5.16552109743304
0.9519220025035513 2.2407543895292172 -5.211998392543953
0.9367157916044506 2.232523302472194 -5.258833245031887
0.9211551079722544 2.223324042855448 -5.305217800109372
0.8119862292309529 2.344098519036552 -5.058968441920307
0.7960175702595794 2.3346323285120847 -5.105338658312957
0.7801410922377094 2.3254108903155117 -5.151806521641753
0.764080078776929 2.3158127538249254 -5.198313433094665
0.7558486819695168 2.302708816198488 -5.245947440210105
0.7993360756459386 2.349621049661375 -5.053309432391017
0.7645654886336197 2.3488293821181627 -5.089104344500056
0.7246371471951338 2.3517635959312773 -5.118824841000666
-1.9000550270639112 1.8533811230715926 -4.393072367532714
-1.928071374275511 1.8337371792401074 -4.36986767738803
-1.9557611127919572 1.8115942031459977 -4.344650004962011
-1.9844108380214978 1.7879663382083129 -4.318500126199871
-2.013244078165025 1.7641838094400109 -4.292191916388298
-2.09414518574519 1.6747062264989627 -4.274333732306699
-2.0940867705352653 1.6740957731638626 -4.276355970494816
-2.0938302346878204 1.6731401881198564 -4.280117708410116
-2.093477175647285 1.6717872824890263 -4.285406908883992
-1.9053647964769689 1.8496626746385125 -4.388659656255167
-1.9364964337049126 1.827461497409319 -4.362290648859144
-1.9663524168037134 1.8028615347719446 -4.33497692850558
-1.9966884591808047 1.7778398540809228 -4.3072964027061476
-2.094142755880015 1.6747637616638855 -4.274171793155753
-2.125580468613073 1.6439229192043934 -4.252152702873853
-2.155860483257601 1.6122982767434944 -4.2296556037849244
-2.1856807789334924 1.5801541761494595 -4.206855272966666
-2.214518177699281 1.5471557280948596 -4.1836585780972015
-1.704661082007787 1.998815020817061 -4.505858971585026
-1.721030266305138 1.9713365046654467 -4.544012739122019
-1.7376316060473878 1.9440256991344538 -4.582350321744123
-1.756343219157937 1.9156906785020948 -4.61895143400905
-1.7800918405336266 1.8836870003964086 -4.648890409977264
-1.8077709569041576 1.8485656044258245 -4.670292517733992
-1.8387164957102071 1.8127197418688374 -4.685049501708065
-1.871412969334199 1.7768138258358597 -4.695230047576074
-1.9032244186170766 1.7392228005230375 -4.701621764135252
-1.6937256538345877 2.006069540202751 -4.512934119364724
-1.6928093675985472 1.9907279414959522 -4.5603069213095475
-1.6854445925891277 1.98149240456345 -4.608732601104929
-1.6718329845370066 1.9777500169753746 -4.656459147670053
-0.8875775680284519 2.199272379710155 -5.409525507381775
-0.8710601391392988 2.1897449423180078 -5.45575939408968
-0.8546092207377382 2.180356674569808 -5.502042540063067
-0.8380291402583644 2.170193819638503 -5.548033220932117
-0.8212123382252299 2.159385200148936 -5.593798095206689
-0.8044317906480405 2.1485594127675856 -5.639572758455045
-0.7870722246845114 2.1377889173696714 -5.685440909598095
-0.7698446395931905 2.1269694439563755 -5.731263839785771
-0.752763823598192 2.115495120585381 -5.776771642628948
-0.9011675842426372 2.193233072199343 -5.410716329070932
-0.9066099392599073 2.174705654723081 -5.456831001239084
-0.9202701832408127 2.153916047346309 -5.500195601048955
-0.9407883448152475 2.131530368837276 -5.539835695354896
-0.9643088300360275 2.1062937322295237 -5.575923591257843
-0.9918875103647652 2.0804879020908187 -5.60855831336743
-1.0225970209114805 2.054493339529493 -5.638258901113415
-1.0558234191109304 2.028431089534228 -5.664962832807796
-1.0894824293362393 2.0002389054511593 -5.6885776528236445
-0.768400804602288 2.332304365315642 -5.140099206645556
-0.768037920747336 2.3342682827929084 -5.1346100046075485
-0.7675829883189629 2.3367318179985412 -5.127724088857515
-0.7671600175283394 2.3390196339649214 -5.121329820465803
-0.7666445485883794 2.341811416422511 -5.113526329207881
-0.7661181198135033 2.344658510392741 -5.105568980987676
-0.765594759460989 2.347493395416892 -5.097644943956722
-0.7648190723900056 2.351690362379715 -5.0859144992025485
-0.7635253638073821 2.3586869077044477 -5.066359886376606
-0.7693247307940777 2.3273028031665417 -5.154078947233249
-0.7702945073582598 2.322048899356358 -5.168764766326659
-0.7278683561066925 2.3264230257874963 -5.198189384048577
-0.6877468347764786 2.3294350338793355 -5.229366612158207
-0.6492122047081386 2.331676734317874 -5.261251185525945
-0.6110868479167693 2.3313455763180544 -5.292731877812259
-0.573209993587748 2.330264649324927 -5.324217827287409
-0.5350531151045219 2.3290624105587505 -5.356322068949773
-0.4983758688880032 2.327125861558328 -5.389838108650003
-1.597557992917468 1.8734710466392837 -5.117039524330402
-1.6277768376026853 1.8284254178081927 -5.165315718574692
-1.6496589569378126 1.7970959505217712 -5.197405124984071
-1.6703062812536573 1.7646957774377339 -5.229020703897967
-1.6902026032028623 1.7315143263374406 -5.260421344149148
-1.710166072760225 1.6982969016881182 -5.291916713452175
-1.7294411341876101 1.6646095399232683 -5.323187836743077
-1.8158095456828258 1.6324918476918235 -5.396744693483877
-1.8007269093276959 1.5957213734757782 -5.408371097946579
-1.633891395654285 1.8253527693824687 -5.159640146335457
-1.651467318455571 1.8164682996106039 -5.14346091917857
-1.673270807155882 1.8054964819218045 -5.123262128558888
-1.697978586342828 1.7928679939323986 -5.099812044328134
-1.7238899119669244 1.7771900371751395 -5.0734912695937595
-1.7516627083107552 1.7603559599807228 -5.045349092597955
-1.7881435595531598 1.728835653007422 -5.0303078687410405
-1.824097956383791 1.6995795259923103 -5.011267190683112
-1.8591169944535246 1.6718922816722077 -4.98946018794618
-1.7168830095670502 1.9131784144968875 -4.734233212101802
-1.7169205856116083 1.9134110447077435 -4.733411764140131
-1.717067325787455 1.9143319702205315 -4.730165342437621
-1.7173427305187632 1.9160661183031151 -4.724054661554304
-2.9005961826588122 1.1738031644987876 -0.08405350962744075
-2.9109555473120956 1.1467131618427078 -0.04342857747999806
-2.9206190934646834 1.1213834528436795 -0.0014744638374414732
-2.9019422444385214 1.1705541258155112 -0.0973189629511846
-2.9006786786987586 1.1736040307032651 -0.08486581920209811
-2.899492571526036 1.1764669629714177 -0.07317548049246929
-2.9135444853268164 1.140072028492706 -0.04210526368888486
-2.9282735770707453 1.1019795864542503 -0.013398290575165438
-2.9413964846225964 1.0534450878402222 -0.4952813437493571
-2.9404816875279556 1.0536128805895322 -0.5285687885592277
-2.9392319925958095 1.0537798161498613 -0.566427921909613
-2.94691689502219 1.027515437263157 -0.6081176011511071
-2.9535134345945315 1.0038228059324574 -0.651538522162706
-2.959395513736925 0.9817995441788344 -0.6959458816515932
-2.965106940487239 0.9598005461283353 -0.74106674647721
-2.9702730072642813 0.9390251719825269 -0.786496312161732
-2.974976518211959 0.9192450985780638 -0.8321755086323012
-2.869891860154388 1.101753857878008 -1.5565313582955094
-2.8814438331660974 1.0636773342080796 -1.5866175793654644
-2.8926021277750906 1.0254513305414916 -1.6167035074374394
-2.9061048502781577 0.9822601237131212 -1.6384070961149118
-2.8730698037088938 1.09629779368837 -1.5432774583560938
-2.872842338180855 1.0964753009218278 -1.5453294601375618
-2.8735096413806627 1.0959264552562802 -1.5394551722618717
-2.8751086908474384 1.0946090462885854 -1.5253901836069077
-2.87757963097088 1.0925723412928128 -1.5036612128534887
-2.8805699143938854 1.0901077005104778 -1.477364513318735
-2.883605582839569 1.0874977573274591 -1.4490293679442474
-2.8868068922250907 1.0844266732012129 -1.417800438844608
-2.890317577620859 1.0810582012876586 -1.3835565751992132
-2.7560730611217545 1.3268392057660605 -1.737311811440096
-2.757989592096917 1.3142251627837078 -1.7856340921481522
-2.759834503298808 1.3016363542918525 -1.833950714413759
-2.761558973384279 1.2890326145919557 -1.882259759240337
-2.758096884870563 1.2848565844881157 -1.9319024830276672
-2.7495653760232095 1.3400578457028394 -1.7387668500258917
-2.74111308034304 1.3488586151103876 -1.7873121755509502
-2.729013490102754 1.3651481510744945 -1.8330492133405825
-2.714184077257471 1.387750423395893 -1.8750405038750801
-2.6967404463933797 1.413522317176069 -1.9140490906465726
-2.681932453356513 1.4323724289117161 -1.9577894432999272
-2.856503737620929 1.2173836361952342 -1.0376908516368093
-2.854979588588637 1.2190652918180467 -1.0522299113726983
-2.852608379476407 1.22168197324611 -1.0748454501890183
-2.8416177509808533 1.2399855693634436 -1.1259642313015688
-2.8448934599789553 1.2275941346852068 -1.1710511843502192
-2.8476220721396577 1.2145179997416196 -1.2177073923691502
-2.8499383225594968 1.2010802452479068 -1.264734457732518
-2.858887286498969 1.1724706111274317 -1.304646500423616
-2.8553628044813073 1.2186440644024645 -1.0485605337959247
-2.853271925060776 1.2209501986914033 -1.0685128241109028
-2.840679457710391 1.2435367855030421 -1.1130337362947365
-2.8427811532701837 1.235589046551067 -1.1419388525620975
-2.8451507001232854 1.2266355149128918 -1.1744659600152794
-2.8471727635381088 1.2171130765778697 -1.2086555500021698
-2.848604019941013 1.2088014459442789 -1.237764247943728
-2.8501230636471453 1.1999955947141847 -1.268563579294094
-2.865413793280446 1.1585331911790222 -1.2916140911364111
-1.3553922927079163 2.787637964340129 -1.07840019883527
-1.346627954163552 2.7896037819502277 -1.1276602460399012
-1.2848834711094508 2.807671306427555 -1.32914207630277
-1.3002570619258944 2.801036519458009 -1.335194723874146
-1.3219281536049503 2.791364904247216 -1.3439402049571358
-1.3477003525357876 2.776625983526349 -1.35455121481763
-1.3770932399834943 2.7598201833457257 -1.36659236499553
-1.4068332622772155 2.742814112944923 -1.378804546376198
-1.4357981575559422 2.726250904432735 -1.390704465989232
-1.3428210858743055 2.793998401191023 -1.0736593465091682
-1.315205743690112 2.8056056724643543 -1.1136013237150808
-1.2819968891874804 2.82023021757675 -1.1474471573105893
-1.1152895111315488 2.907568070711594 -0.7251763893366163
-2.3854080213657785 1.3449552885093055 -4.1976597112730545
-2.3644116932586723 1.306489891326506 -4.223847582368793
-2.383632708687288 1.354332066148735 -4.208194525720106
-2.3611799728896465 1.3300339047850405 -4.247290662292471
-2.3405302615690355 1.3171131809840104 -4.288984043124059
-2.4592225837100825 1.345129760093731 -3.691107366952479
-2.46385767416557 1.3186821237434863 -3.733188890404848
-2.467438533829447 1.2938093249516611 -3.776349782624465
-2.5039803664099565 1.2665776051574364 -3.8305533101787814
-2.4814727740016167 1.2340238574943696 -3.8678730021262373
-2.461581714807397 1.3453082880399785 -3.6798112022778664
-2.4575087446436807 1.34500056471314 -3.6993124979591885
-2.4712354455179604 1.3066344190125072 -3.728097475857017
-2.5264064291317014 1.2621270114631218 -3.763527645491032
-2.5131510460090567 1.2227869088760843 -3.7704306647324612
-2.6206948558163714 1.6358338915198392 -1.3145111711933524
-2.596764830683797 1.676560534677299 -1.2984364989074442
-2.5706029312319507 1.7155288671839115 -1.2822238304969116
-2.544385744584112 1.753999175007039 -1.2658250854832798
-2.517951916146531 1.793028259705938 -1.2494804031026554
-2.491523511362821 1.832051134591523 -1.233122460404352
-2.463592550100891 1.8723741188417322 -1.2243210056244918
-2.4339705695418337 1.9123232757008903 -1.2225211859524492
-2.401757113149179 1.949917905775572 -1.2269668846985438
-2.624680970633986 1.6302308486333816 -1.3012782466947346
-2.608915190099652 1.6613066680397346 -1.2655557741171446
-2.5956009438668475 1.685787325132247 -1.2241768347515034
-2.586072799491191 1.704039428754725 -1.1787580985614268
-2.5790526301120993 1.7184860194213925 -1.1315426289127817
-2.682058564478335 1.221873551964229 -2.7866609182274056
-2.6927382589924713 1.2073321995839004 -2.7572443666620505
-2.6908121046673923 1.220622003693912 -2.7326690570048964
-2.6959329564796777 1.2189053609992622 -2.7038413509246992
-2.7019474962917918 1.2168879770442238 -2.669985882817189
-2.7085227857972223 1.2144887993486746 -2.6322144933994207
-2.7139247461315272 1.2121400356664191 -2.5980112030019336
-2.6779633728656176 1.227443004308699 -2.797959116590453
-2.682458863694676 1.221325919205695 -2.785565573644689
-2.687314543186507 1.2147168482568782 -2.7721842749710746
-2.77491433127781 1.1601948359341026 -2.7967877566363737
-2.761223448246083 1.119409340113707 -2.8021842413209477
-2.7468519353395564 1.0783051502634131 -2.8086799205983555
-2.7859688345794087 1.0441377731815675 -2.5869037915940005
2.882535130916231 1.2138815459574424 -0.27063342953209857
2.8971919625053792 1.1794465403279077 -0.2374688176441623
2.911421635593631 1.1448925840300157 -0.20426281338942226
2.9252319898930885 1.1103042936798961 -0.17105399746822625
2.938319549049088 1.075164197511002 -0.13791798322295953
2.951426263125509 1.040077842460195 -0.10474727518127616
2.9636458275924293 1.004730691557388 -0.07154677491420652
2.975039279649068 0.9694296837037014 -0.03823920523397776
2.9918665923830434 0.91759360307225 -0.024677742601234547
2.8856252254098282 1.206424510536168 -0.28311027909404074
2.9033487038183803 1.1616721107503765 -0.27056721165485514
2.9424909202974274 1.0596454660091723 -0.3008452679282686
2.9467522269078343 1.0496215710475367 -0.2819072173241695
2.9494738860896477 1.0423364246040294 -0.26766828664025183
2.951215294862162 1.0373893515344523 -0.2584698220406771
2.9522478503917995 1.0344552492598498 -0.2530312647677673
2.9527402355780015 1.0330554271787562 -0.2504512562183691
2.9528100659640586 1.0328558737022584 -0.2501061824577483
2.723013737767821 1.5379553867329414 -0.07388288002358662
2.7187873115883825 1.543859831680365 -0.024484242180770086
2.715571364574412 1.5500192786242728 -0.07836992653123681
2.7001417123202223 1.5741217581936362 -0.03780581407124323
2.6813356776736503 1.6037657177037659 -0.003034299055196035
2.248000109324842 2.1716726486639035 -0.1368615575474401
2.222602538434268 2.1994884017080745 -0.10411951515429871
2.196305304543337 2.226045171879546 -0.07147041090716766
2.1679433447040055 2.2502284187766928 -0.03877369588475775
2.1397917833051845 2.2742285799360586 -0.006057713911316353
2.2560910299065986 2.1637045793515037 -0.12721334296364029
2.243972160891723 2.1783325546090246 -0.08112520345056383
2.2377899936464214 2.1869147044879536 -0.03243706404035216
2.9958029977640166 0.948952837065634 -0.8183876646443281
2.996296856732366 0.9419599478836723 -0.7696288431902482
2.9965685669637994 0.934980732693603 -0.7205881888756117
2.9795680075708892 0.9229179451616097 -0.6709510627432961
2.983736450185498 0.9147478421516266 -0.6218914816114987
2.9874905387555843 0.9068905654885023 -0.5727385597517226
2.9911719029669555 0.8992143169433133 -0.5235414542266155
2.991069839255335 0.9359310766324216 -0.8215130864078953
2.9844765500494246 0.9092883172098202 -0.7800334754521594
2.9378510330160923 0.9395579346351963 -1.4385687176765831
2.4829616178590874 1.3641031184785222 -3.523203493373251
2.4811714485988836 1.3603713345494206 -3.5432153129682256
2.4787415069845076 1.3553059482503973 -3.5703787834565888
2.475798485379161 1.3491709587610408 -3.6032779456939372
2.4717127544244017 1.341895252583242 -3.640385521702207
2.467095713957893 1.333766382433498 -3.6807504779705877
2.474901372172928 1.301888627912452 -3.7213807011018987
2.4807276873137276 1.2731784769827077 -3.763439610096667
2.4851620355817277 1.2469691019143674 -3.806339471843217
2.4968724795821404 1.3608218909285577 -3.461446120862035
2.518157255244972 1.33426318149156 -3.42950428536706
2.5390524657345526 1.3063863121522687 -3.396233036392412
2.257613349087654 1.350779542988791 -4.496568795646435
1.369159357635154 2.1244915551603927 -4.892282756006388
1.3615207415866508 2.1179138712090357 -4.9254229215060334
1.3237267528495316 2.1327215351319526 -4.954270571178005
1.2848837328305678 2.1473515992972234 -4.98169829164626
1.245161305371557 2.162203549947303 -5.00762924525772
1.2032589623110304 2.177263956426934 -5.029291333958746
1.1611002944805773 2.1935302640659393 -5.047745324426379
1.0871460310011143 2.335186995641858 -4.7119211374504495
1.0849883965622074 2.3228585327427393 -4.75510274309725
1.0827564726547627 2.310121258806915 -4.799720365225117
1.0669663568669128 2.3030390857852177 -4.8463711062113575
1.0527033422609338 2.295504801227378 -4.893598126652489
1.0429740871775226 2.2858895092071205 -4.941506080935715
1.0868915598039182 2.3337306042152752 -4.717021662290679
1.0845546205296 2.320432747300016 -4.763613147719251
1.0744302912812576 2.310445594681159 -4.811169589837508
1.0613908492832076 2.3019202554257925 -4.858366409834617
1.0474944618583832 2.2943648954610922 -4.905644003720501
0.762814016301174 2.178628856604711 -5.600172099322386
0.7739101981026398 2.1581326741617564 -5.644357337770198
0.7850076896202772 2.1376313048784015 -5.688555125993699
0.7961515574521746 2.117265852080886 -5.732820011927524
0.8069450860390763 2.0961933930947843 -5.776767109837601
0.8172886685384302 2.0741061006210235 -5.820323583577459
0.8276110433129418 2.052017776327728 -5.863903618947026
0.8382774732978628 2.029984078622027 -5.907576255081518
0.8215608797061491 2.0184345377142483 -5.953182396684921
0.7759438208308685 2.1766495748297223 -5.593428802101541
0.8068308525766479 2.1539485957127336 -5.625386296492347
0.8433224885745793 2.1310539063745373 -5.65047192436093
0.8833423148408385 2.1073291202069386 -5.6682398857640734
0.9250171316546024 2.0834368940812307 -5.6813165834399
0.9685093604367229 2.0606618978599887 -5.689400931044035
1.0131060061487707 2.038953414000802 -5.693463532146311
1.0573365423965444 2.016268706197387 -5.692963360966477
1.1012575032355711 1.993179345425859 -5.6893583007072825
0.9733855503894295 2.1596277322223543 -5.42132274232926
0.9738149724903449 2.1608802451707163 -5.417069312426561
0.9742505464336157 2.1620989941857878 -5.412905865012886
0.9747064539879973 2.163377157239048 -5.4085407031292
0.9751171268770641 2.164529255666674 -5.404606449178004
0.975342501994016 2.165159680990146 -5.402452722348305
0.9753114923373876 2.165067058990865 -5.402766221016763
0.9750780238421015 2.1644029440538133 -5.405029542759396
0.9747760531580845 2.1635454723760477 -5.407952564431915
0.9719220624850539 2.1554895626617196 -5.4354378766515286
0.970081421033852 2.1503376012119784 -5.453036934585755
0.9675033231790515 2.143046191414896 -5.477906879589744
0.9641133847579336 2.133211530904674 -5.508088513219736
0.9598493397169208 2.121635554096711 -5.54277775769839
0.9551528713945717 2.1088976957790493 -5.5809539123667555
-0.03983117362657748 2.2542876898670157 -5.7541808169910285
-0.04256072161527294 2.2363131783740844 -5.800712829606258
-0.04537930342589509 2.218335530607904 -5.8472479410981535
-0.04820371063579713 2.2003552816422682 -5.8937894786736695
-0.05104492174901865 2.182685885858485 -5.940478216623251
-0.053811633964773564 2.1650700615842706 -5.987235756315322
-0.056600025955189794 2.1474649940543804 -6.033963426915672
-0.059397028269153065 2.129446435685245 -6.080488410943643
-0.06214187752721756 2.109699731789722 -6.12630622516834
-0.05435703907651258 2.255124536167154 -5.75118374753805
-0.07983751320331973 2.2392640681763045 -5.7909350460639715
-0.1127226766453453 2.225158275224229 -5.825709011627624
-0.150977052184053 2.212350856053529 -5.8550606895613155
-0.19199591458654927 2.1994117779288094 -5.880200480040678
-0.23554133568403302 2.1862674668355098 -5.900333952443102
-0.38310276648728775 2.1625865038230985 -5.9119468055425
-0.3832453838485657 2.1563478967121954 -5.927052908272373
-0.3832392536684139 2.151139893089789 -5.9397175892339185
-0.3668272999748641 2.3223893196954966 -5.474417310718055
-0.4158422451300515 2.316966788301004 -5.468133486991932
-0.3658409528768668 2.3178406126715387 -5.48857604216903
-0.411136514470491 2.305601688946752 -5.5047419366685295
-0.451787285511451 2.2887262627595657 -5.527703582635297
-0.4902859213672094 2.2714114872060405 -5.553969589485317
-0.5277134843931506 2.253792712635768 -5.5818161418180114
-0.5638731004117343 2.235235559740609 -5.610180244452915
-0.5991654781882718 2.215042363737816 -5.638611221103018
-0.6310494482982689 2.194556187052578 -5.67032609023103
-0.659091394025112 2.1741120072793634 -5.705131862049464
1.2326570705348328 2.073624909384395 -5.279675838352756
1.2664729699316672 2.0452528054314025 -5.302824325001287
1.3002716840010913 2.0168869691582407 -5.325984483571079
1.332664878766307 1.9865129735917342 -5.348348388210234
1.3646238962956192 1.9554500341810368 -5.370528066138167
1.3961467605370752 1.9270337735346006 -5.386894926292078
1.425696628855671 1.910222089951042 -5.377049963191745
1.4549022938871894 1.892585253948248 -5.366739677443237
1.4837984083061728 1.8731726300220115 -5.355752893322821
1.239071252569811 2.0744159462507152 -5.266319042353987
1.281485668681574 2.0485007805358944 -5.267546844173179
1.3247236748839877 2.025080913964266 -5.260177162524813
1.366706456079042 2.003580719010084 -5.244505818008123
1.4065717197398695 1.982322470216558 -5.223876597753297
1.4448573330004817 1.963499082984837 -5.198539645183571
1.4800838965023115 1.9496283148524358 -5.166502471878362
1.5115153708438376 1.9404897540491188 -5.129290736964268
1.5385353232818832 1.9334888561336632 -5.088216283788699
-2.243886399977124 1.5102542268408654 -4.168713742830835
-2.2424398950705338 1.517267751155193 -4.155766558678074
-1.9325537846277054 1.700512060083857 -4.712290210655741
-1.961957451308394 1.6617359020021016 -4.722906593653121
-1.9914390621870992 1.622942213634278 -4.7335399762050105
-2.020997114429408 1.5841639572915776 -4.744215409418636
-2.048004792996549 1.5435639248148407 -4.754120794939068
-2.074006147578807 1.5026721673351495 -4.76389509358737
-2.1008282601505868 1.460344489707552 -4.7743116240555254
-2.1269674287645746 1.4193109364486718 -4.783965419464442
-1.9361781026367197 1.7021648559856344 -4.698016803627943
-1.9699335251819607 1.6678077597708685 -4.685597469454104
-2.0033577145415964 1.6372025409774265 -4.6650280264921475
-2.0344908783553746 1.610074232145811 -4.6372784629411
-2.063542655648682 1.585406711369035 -4.6054337900416344
-2.0910592735638596 1.5642139936462154 -4.569781832519887
-2.117328920464929 1.5455641825702497 -4.531744232610622
-2.141538947013566 1.529419837061453 -4.4912704062988364
-2.1681445263355115 1.505838783682746 -4.456576712542382
-0.7421853111923296 2.1003713269672373 -5.823197965059374
-0.7316692583981041 2.0853607873846602 -5.869722772415946
-0.7212736417016815 2.0707130684579167 -5.916388853891217
-0.6775984700376573 2.066231817282974 -5.965647376790588
-0.6759190952389327 2.0490246940299928 -6.011368718725039
-0.6738860973444222 2.0307500752453187 -6.056449630454498
-0.6715139356688737 2.0115661403800558 -6.101121912803202
-0.6593976620610881 1.995206055246838 -6.1466472879061875
-0.6550008942061458 1.9761807601745605 -6.192470966476503
-0.7289396470575387 2.10625562781316 -5.819688332929822
-0.6980413607986061 2.100921739560859 -5.858835848247711
-0.6613228853852913 2.099963809859127 -5.892921269721768
-0.6203038337604553 2.1026156453989873 -5.9215332301061085
-0.575000129944755 2.1068597523293184 -5.942127893849285
-0.5287177750878153 2.112691622900297 -5.957864698474673
-0.4768448369705663 2.117566762336384 -5.975687675756124
-0.47638187962300077 2.1093531418701095 -5.997293763795032
-0.4757904131606794 2.098292365265443 -6.026370562789939
-1.1484548345477577 1.9404291992872789 -5.754055443659534
-1.1546398773131659 1.9392223736897338 -5.748642358462911
-1.1607615163317642 1.9380632373838067 -5.743198360835926
-1.1673183209273836 1.9368202996062251 -5.737370800079329
-1.1747036034250948 1.935418820599804 -5.730810552291837
-1.1829382868496792 1.9336359361375273 -5.723099297450976
-1.192587517839487 1.931195230050963 -5.714033638328163
-1.203973091572163 1.9283149053304933 -5.703337641219603
-1.2173171762929913 1.9249408472308713 -5.690797685120745
-1.158885066892348 1.9384448016597364 -5.744802858020546
-1.1765615291741265 1.9350432097902632 -5.729216544357135
-1.1929161478685761 1.9311389891498634 -5.713661726809121
-1.2096200629664378 1.926921314097662 -5.697950505044242
-1.2469975025057034 1.897121502338057 -5.710489556383915
-1.2834558626695975 1.8670358117309633 -5.724503683923181
-1.318733900076885 1.8357010346476883 -5.738608164692563
-1.3532551200119687 1.8033124242355973 -5.752662051836762
-1.428527892715097 1.740940367534673 -5.760305096514571
-1.7826066230748343 1.5613133931797494 -5.424554622760846
-1.892940010763309 1.636667613381926 -4.983068637426634
-1.9255020167093013 1.6002005419220071 -4.976228288681627
-1.9577385953235096 1.563167343907926 -4.968996285290716
-1.9898630657135505 1.5262127246854822 -4.961893520001939
-2.051688803956968 1.4898729499017584 -4.969660034360472
-2.05137034562709 1.4537825934819024 -4.954559180676074
-1.8931408978020168 1.64242004741871 -4.9693504669015125
-1.924850962519595 1.6164501476395488 -4.941548189204139
-1.9542020585121547 1.5961888166583058 -4.907170682674685
-1.9801903003706034 1.5818508446336972 -4.8677465816872045
-2.9036610366158597 1.0499384261861262 -1.3468119317777822
-2.9167813082515095 1.0187755864237156 -1.310043630635641
-2.969099872967359 0.9819631539390149 -1.2766618288270026
-2.9624579129764066 0.9505042766089676 -1.237416627986002
-2.906035674487243 1.04084465955127 -1.3584051873810468
-2.9652171151390263 0.9910093827088202 -1.3448873416691811
-2.9509405362168 0.9443658245304768 -1.3302312841650437
-2.369280886179346 1.9873088951178568 -1.2307849754448041
-2.336510766874565 2.0251501528145828 -1.234537671880395
-2.3039219530897794 2.062932184300058 -1.2383490578659517
-2.271462433977436 2.100558177908259 -1.2422217347078586
-2.237441196996974 2.1364549651523754 -1.2460125676676201
-2.201781889510115 2.170788501305725 -1.2497244265661167
-2.1670082833297077 2.203506604688106 -1.26314050609647
-2.1333210717241067 2.2345200429169294 -1.2857504457288493
-2.1037450074370656 2.2609674690743504 -1.3166040356547617
-2.370789192019235 1.9842246287309544 -1.24527300913058
-2.342441357885228 2.015229804032332 -1.2717392311049474
-2.3170312217018236 2.042237372517935 -1.3052272428652232
-2.295285281881363 2.0645185879432195 -1.3442391202647972
-2.2749302256566435 2.0821067515032943 -1.3859641056935217
-2.257304847847795 2.095760015132739 -1.4303811024455715
-2.242100895207739 2.106699249176624 -1.476461169598301
-2.229584239690547 2.114951099680745 -1.5240306247894781
-2.219380003931146 2.1213463068416023 -1.5724711835889265
2.9541627505218493 1.029012839814146 -0.24296641912031167
2.9566101153842617 1.0220621876015814 -0.2299998668840092
2.951335339104416 1.0370429171702047 -0.25794507007286566
2.949782007084227 1.0414544273647506 -0.26617567531383196
2.9480490269499473 1.0463759984690926 -0.2753611141902593
2.9461532041763565 1.0510391089566808 -0.2843868060184527
2.943705729939231 1.056791740173242 -0.29536267533417593
2.941806312902888 1.0612563066806857 -0.30387839845059883
2.9392848433937524 1.0671831309352944 -0.3151802321786061
2.935244302765182 1.0766807739292947 -0.3332871137677455
2.929824344293136 1.0894208731498367 -0.3575752733684661
0.8182522937748989 2.001147214373903 -5.999462626198872
0.8148144488406733 1.9835317004054738 -6.045710019426097
0.810729530398701 1.964333329858551 -6.091374856931236
0.8097281564562224 1.9438660918763608 -6.137013201599836
0.8094212747029085 1.9231171211541411 -6.182472487244018
0.8087307631985848 1.9022871551106781 -6.227899774398934
0.8076577637673482 1.8811795701777347 -6.2731076617577015
0.8063508454771623 1.8598712054971243 -6.318782551919612
0.8046637365814597 1.8384013091486193 -6.3640674624118585
0.8185362542090645 2.002627763190661 -5.995498411504425
0.8155710792587956 1.987115870350343 -6.037021941600387
0.8121306303655385 1.9708918170888259 -6.075769873206671
0.8089102634216078 1.955766014881914 -6.111749589046143
0.8329211571278688 1.9296684467625265 -6.146984395572989
0.8598068096258688 1.90348243443084 -6.179802557598504
0.8906391750700505 1.8762374216057927 -6.20756939927085
0.9250918649882599 1.8478151395748446 -6.229251069504059
0.9916013802088348 1.8318564968687672 -6.285083182996923
1.1940929047198392 1.9425465340155887 -5.6852040784370015
1.193676600832698 1.9410510820348608 -5.689278718181502
1.1932701071800706 1.939553330372024 -5.693344881146901
1.1928320558107115 1.9379428605756734 -5.697718418700189
1.1923340877507538 1.936115820773858 -5.702681517023217
1.1917487632105663 1.9339717670760914 -5.708507118270534
1.1910479674588237 1.931407844511352 -5.715474739321762
1.1902020467915924 1.9283156282263985 -5.7238790569229385
1.230909577898071 1.899939321811591 -5.729191884090186
1.1954926466029723 1.9476488108735783 -5.671331070074022
1.19683332275646 1.9536059079339283 -5.654141642729134
1.1988157341460284 1.9617174862194942 -5.629649023371611
1.2012817134723366 1.9717832958607393 -5.599245763558557
1.2041196789402635 1.983374776604351 -5.564237250650105
1.2318830556905804 1.981724436549073 -5.522842690440158
1.2577481262246237 1.9830945759114738 -5.480217986632493
1.2837439078137214 1.9843110753435318 -5.4377660765017195
-0.07224964634987778 2.0900898419066527 -6.1711179194874255
-0.11386095233795018 2.0464183286680657 -6.26911078454435
-0.12489303233823934 2.026769503890604 -6.313881155512177
-0.13647908873557305 2.006952134582769 -6.3582248241071175
-0.14848175264027547 1.9859725196426334 -6.401860135417025
-0.16069442420615465 1.9643506342044827 -6.445154293409799
-0.17311930447445395 1.942877993637913 -6.4884750314256
-0.185737580620603 1.9212871763112211 -6.531706243883136
-0.20155433542482037 1.910938825563296 -6.604597410977577
-0.05736734066958014 2.09026957862118 -6.1720869456002605
0.016996802125871915 2.0668615539502153 -6.2301892074067045
0.007505840173317265 2.052327050896827 -6.26664849480344
-0.000631768915599652 2.038350512625192 -6.29727939975208
-0.0077545098068308605 2.026199701333655 -6.32390644316523
-0.013647386582048109 2.016146900163618 -6.345935950584837
0.024796380057096747 2.0029761175540237 -6.374717183173255
0.0654564525712551 1.9900723920444716 -6.399923574572972
0.20960875596626877 1.9778450652569621 -6.407740454273097
-0.38324238315912224 2.149082110711916 -5.944719250326157
1.5093164323285293 1.8560189371769287 -5.34607557583681
1.5406703235430441 1.8221157895470532 -5.365244471184819
1.5731814869196692 1.7881924209726616 -5.382383263497727
1.6051633615947836 1.7532259765931792 -5.397955746231691
1.6365198892220252 1.716997659758467 -5.412288781515962
1.6677844661978714 1.6809864493521847 -5.42633203803467
1.6978195565382526 1.6440702923751098 -5.439717644486044
1.727133417792343 1.6063868288227687 -5.452638863865348
1.5170558822971498 1.8508196441085154 -5.343132605224573
1.553233327729542 1.8173199185813942 -5.351404191890537
1.5914139612068803 1.7851032746538718 -5.352854593248739
1.6291725458775845 1.7534345289727271 -5.3458627443580005
1.666022183937507 1.724059773859137 -5.330916814238515
1.7022257761624457 1.6983006894042865 -5.308978413948653
1.7371988088793742 1.6759613435531246 -5.281833183015811
1.7697276871082077 1.6555765788294017 -5.250390310199106
1.7997626039679495 1.6377525011373097 -5.214994155047415
1.5741628051212122 1.9157759625343684 -5.057824927204182
1.6094766798317646 1.8983523785887695 -5.027327287729316
1.6444660884528939 1.881423208763148 -4.996779778977842
1.6778392392516277 1.863098126584328 -4.965481244880373
1.7110589275163637 1.843097182379376 -4.935008382836535
1.7468747552403092 1.8173192909978118 -4.9126388379220245
1.7836939187724368 1.7874771298407295 -4.897958426925632
1.8200481310525274 1.7548363480811264 -4.889442542598499
1.8550667869982185 1.719991976422135 -4.885284026222891
1.5673965053740055 1.9245658486785908 -5.048392223591172
1.5912082568382613 1.921245039479067 -5.004659231915037
1.6092069262692708 1.9241026178862213 -4.958315045718466
-2.194773855812857 1.4803205704890832 -4.423546208431566
-2.2214768385041235 1.454736759878968 -4.390413358700556
-2.2469225212109967 1.4283384698656756 -4.3568955579275555
-2.272119896921117 1.4019103300868947 -4.323120345342887
-2.1969878014248247 1.4716196339017016 -4.435308869987597
-2.2259593555736643 1.4337199296821217 -4.421727179148146
-2.2968195382302135 1.3936648303128654 -4.433340995106614
-2.2900338667356652 1.3466915018113252 -4.4208085285441046
-0.6495651261414699 1.957498207894695 -6.238570999277104
-0.644053206230295 1.9385628060249203 -6.2844814660420765
-0.6383722070360474 1.9191407253724813 -6.330175494953734
-0.6326223430820465 1.8995058280442911 -6.3757659058661105
-0.6538421172105886 1.897161619081072 -6.477595702629619
-0.6263177931507511 1.8546940727497003 -6.4868462583862625
-0.6638469960835891 1.9537998018083755 -6.236350802551211
-0.6810117966620579 1.9301650460712059 -6.276909222246052
-0.7055475038275303 1.9053234599885276 -6.312536467096466
-0.735276717065896 1.8782226067107721 -6.3420305075695005
-0.7716647135473825 1.846979631377189 -6.374275178008412
-0.8074695575095251 1.8229471569577576 -6.394961457475408
-0.47516813824266196 2.086547527942661 -6.056915541085528
-0.4741382440552238 2.071708012364362 -6.091202688986145
-0.4730309285020132 2.055452350963229 -6.1287511028016795
-0.3618879908477625 2.0586878192811047 -6.1750355295084685
-0.3611661981780558 2.0425680153847985 -6.215002722232625
-0.3602768083630251 2.0253832691583344 -6.254424671378554
-0.3592116278128724 2.0063305699981373 -6.296764720999361
-0.34990138639856566 1.9876036510510227 -6.341513083469145
-0.35010869108833653 1.967050567045482 -6.386419288123944
-0.47490621660986226 2.0828089571203003 -6.065554891313019
-0.4736943479840394 2.065331314116066 -6.105936934720458
-0.4724665006320247 2.0474183181077805 -6.147317517280271
-0.3614997384843492 2.049995280132888 -6.196587252941948
-0.36070770317952944 2.0322871882261184 -6.239065342535875
-0.3596904920082772 2.013832483567061 -6.280070982445894
-0.2767441908046761 2.0096721452867277 -6.318552732977089
-0.27249355958935584 1.9940891229578142 -6.356397670540161
-0.26828554339547045 1.9786568243121552 -6.390267564770867
-1.4675958627133854 1.7027685608344874 -5.771762603256141
-1.5172632417565928 1.6738193273368633 -5.789158482578465
-1.4612165889653819 1.7023315960667615 -5.784825499685063
-1.4930174265574487 1.6721785334395278 -5.816677512813432
-2.0744885645310047 2.2861008281572524 -1.3471763462561388
-2.0436193622063517 2.30963079485227 -1.3777613811830953
-2.0821734367768143 2.2785373182200157 -1.3572374209400313
-2.064331758731143 2.289543694157216 -1.4017881666727614
-2.0527299381673103 2.2949068149166787 -1.449347161328946
-2.0441323951912707 2.297875014126111 -1.4979790098125492
-2.037257367435267 2.299754262654743 -1.547078402072093
-2.0312924606274927 2.300829024869076 -1.5964257477170547
-2.032685425542834 2.2955612999770745 -1.6458180807575542
-2.0358891372483465 2.2873225948292286 -1.6944514988522463
-2.2185730923022375 2.1177653636357303 -1.6222663770434738
-2.217750944458057 2.114198874114866 -1.6720787311853367
-2.2169154547378205 2.110645394177348 -1.7219021426521373
-2.215802743013797 2.106856461766151 -1.7717100339134262
-2.2136206868579404 2.1020508529776776 -1.821381423185041
-2.2140921502100146 2.0941409336397037 -1.8706713367932684
-2.2208591055113702 2.079931937002235 -1.918038364780478
-2.2303154637039144 2.063108187833524 -1.9640776428249276
-2.242240354044519 2.0439413825831507 -2.0085196835892933
-2.208428102473654 2.1285475463534884 -1.6206654597611658
-2.192153769699057 2.141580680559177 -1.6660496219014482
-2.1699151215899315 2.1591738863433316 -1.7068389632853482
-2.1429618244781543 2.1801943904116574 -1.742507097073783
-2.11410492267044 2.2036619118150913 -1.7745951801214903
2.937258241939975 1.0683321247648794 -0.4023341816210906
2.9443955316274666 1.0472465482566833 -0.4470890157199984
2.9505679274836556 1.0258258894515975 -0.4918268858673923
2.953942999604977 1.012001374038859 -0.5397311222108273
2.9320110267958426 1.081541960406306 -0.4069326316061293
2.930992210269252 1.0818330309946949 -0.45693592656111587
2.926374796563851 1.0902758065304887 -0.5059894931497517
2.9192105479129546 1.1062297410774589 -0.5528357551761005
2.8818027643529964 1.1971297944912873 -0.6028813255994052
2.8825557242545 1.1939298214863248 -0.640201234005355
2.883286205633983 1.190878379441794 -0.6749245882971594
2.8831448080223225 1.1876148881240665 -0.7080708033158626
2.8828397307835076 1.1843166621513348 -0.7406305664880645
1.0109970020342054 1.793448865310193 -6.267975983497647
1.006160288071824 1.7874638153329823 -6.270424051610812
1.268382022314486 1.8697485402238108 -5.7422440554087
1.305328275159983 1.8387316199433692 -5.754918679975264
1.3413123846788204 1.8064705391773561 -5.767039338028175
1.3767471111192862 1.7735116940105689 -5.778822668927791
1.4117784209247852 1.7399652709259872 -5.790348998842858
1.446734390667295 1.706473780793049 -5.801886341595002
1.4805827914841119 1.6718495865033989 -5.812858927416117
1.272730778394597 1.872775934050809 -5.728298005653425
1.3149891706279084 1.8480772281546263 -5.718711750159027
1.3555333517027652 1.8256275120793874 -5.700333958283001
1.3943090190946035 1.8075611417519808 -5.675018849405963
1.4314490681026764 1.7921511282848626 -5.645917772559185
1.4657158253225913 1.7790095584049468 -5.612508512214742
1.498005015551614 1.7675575463663116 -5.576356004940957
1.5786900596442075 1.725465454841596 -5.51518861309314
1.576839212219248 1.730964799873641 -5.50626200508293
0.21420984316722086 1.963386534089016 -6.438837105462224
0.21913188701139966 1.9458177600068265 -6.47308589619073
0.22444215050181937 1.926808329358969 -6.510146719947742
0.2627502009622112 1.9232810269232758 -6.59597427008314
0.2819654738668457 1.882063922201397 -6.591308458117723
0.21263344294054976 1.9684181423391343 -6.428177475755592
0.2149722063283001 1.9606842695839617 -6.4441036948624575
0.21781745855582604 1.9505211293397697 -6.463916325983307
0.21974198265249245 1.943656173644443 -6.477298665912294
0.22216598686585076 1.9349853916683017 -6.494202811625398
0.2242060792070955 1.9277026781988573 -6.508399877589401
0.2906970869026958 1.9462646620562702 -6.592132805693061
0.33567459351808604 1.9255110398323785 -6.582794544922419
0.3816371419100745 1.9124835298718685 -6.570727832908693
1.8310743921084396 1.617291717850895 -5.182119184008116
1.8698728227484727 1.589166395095143 -5.147196536084851
1.8724196232368007 1.5981126506184786 -5.12227602488179
1.8750592438659899 1.6074028111959635 -5.096409837012219
1.8778715377849002 1.6173047881747373 -5.068843008937846
1.8802903945193665 1.627406769885762 -5.039049135370431
1.8819982864642841 1.6352293156619522 -5.015340767532729
1.8830835396815349 1.6401907051524183 -5.000298290481314
1.883523966693114 1.6421992046087799 -4.994205696685612
1.8254103510031332 1.6279594406199451 -5.1734595185687295
1.8724552163268542 1.5982950288700073 -5.121807504349335
1.8765674264033663 1.6127762561347874 -5.081493749310372
1.8800973377681853 1.6266315633885748 -5.041464410774642
1.8829445970265506 1.639690717448887 -5.0018959525535776
1.8857709512323035 1.6526158612054083 -4.962710560993409
-0.3777390964976465 1.9277545241135512 -6.461281108111637
-0.3577686238991262 1.924070178928752 -6.47642191431165
-0.3373402617014812 1.9200995681814468 -6.491224643512224
-0.3501279423332186 1.9101179202359564 -6.578373938239705
-0.35298829893601646 1.8823640019797567 -6.576568117987101
-0.3882809702178961 1.9291459600903873 -6.4531882491870345
-0.3837511095197265 1.928562790837037 -6.456634877770439
-0.38441951147792014 1.9286509787010433 -6.4561218285241235
-0.3905496044318622 1.929454969328819 -6.451426587530758
-0.4032595985463214 1.9311207216016637 -6.44169414739475
-0.42217656394586484 1.9335995693530934 -6.427209633101283
-0.47864090107380974 1.9131250146769117 -6.442549242913031
-0.49550530747517285 1.9178977530135586 -6.424214438709898
-0.5144313572510585 1.9232754126031684 -6.403593023392976
-2.261046262430962 2.0188730124249923 -2.0471525572501186
-2.2517220520877816 2.027679063807719 -2.054624452455957
2.8826474004787848 1.1822458057808205 -0.7610893552371929
2.866678210801629 1.2177400362665485 -0.7924699986046128
2.851188176918903 1.2518371257582293 -0.8255786635440058
2.835192336679279 1.2849221446898185 -0.8594518547890164
2.8175582542794606 1.31669405680754 -0.8936899098869393
2.8000288773130766 1.348093004475012 -0.9282128294835537
2.7805496125068205 1.383839425207535 -0.9567733729362589
2.759156290809352 1.4240379036386097 -0.9773656218792062
2.736706156210957 1.4671159641752076 -0.988725185412346
2.8825321815654905 1.1809771321224387 -0.7735713375522255
2.869725667819643 1.2075498366561601 -0.8139438900328747
2.8592115146941333 1.2279644265444638 -0.8583554575088916
2.8516562927042757 1.2415019286789923 -0.9058972202336647
2.8464972948949536 1.2475567905020413 -0.9552356611837828
2.8441757395453218 1.2464770159521188 -1.0051306928929395
2.844094163276416 1.2401360663559828 -1.0547042266049242
1.5742575844522584 1.738464078204662 -5.494203643338207
1.5769485681320026 1.7306848420856886 -5.506686380951852
1.57683640515343 1.7310052525979003 -5.506174878323114
1.5765581176633505 1.731808422687601 -5.50488699887272
1.5761633103402872 1.732954694964782 -5.503044269049995
1.5757606397085226 1.7341272423417151 -5.501156943350123
1.5753432152093574 1.7353398217622171 -5.499207180665968
1.5749358177529609 1.7365157022782283 -5.497321603980283
1.5745353127950374 1.7376693704141346 -5.495473241024661
1.5741029550347667 1.7389162672817124 -5.493474493190629
0.4223223080877896 1.907338553772454 -6.55989512058026
0.46562777417225826 1.9005253348962379 -6.547852536495959
0.5101517862304339 1.8917756406214452 -6.532493571292082
0.5550774921305243 1.883842109537561 -6.515230496471672
0.5995908367779066 1.884882476539982 -6.498675368792939
0.6444092944518182 1.883807293062333 -6.481057097830237
0.6876111003119764 1.8843257822128623 -6.4614156901996065
0.7281535093503477 1.8884933698031847 -6.441057803266739
0.777755802242974 1.9944024842319745 -6.424570411897683
0.42541208890846266 1.8970577709484657 -6.5585752084550215
0.4700652316488064 1.8784172281633684 -6.545930600311663
-0.5266293443568725 1.9269145294264807 -6.389833382534549
-0.5348493079594139 1.9286841534581363 -6.3804043297938176
2.714267968487906 1.511132226686705 -0.9826632097913445
2.690434675751044 1.55422986753736 -0.9765478616599984
2.664152825084653 1.5959105518650327 -0.9702565135781674
2.6379154912543252 1.6375296550380354 -0.9638802666093428
2.611698662573814 1.6790225965023404 -0.9574647604200572
2.5848244505120213 1.72079385028805 -0.9589658012845983
2.55828539094236 1.7612918814135625 -0.9692339317047616
2.532940386443189 1.7991951813959617 -0.9880634551078004
2.5077903884862707 1.8313795780952542 -1.015465252049904
2.713816588963358 1.510434589359601 -0.9975392056450743
2.6905418882398098 1.550396788495953 -1.0153848623231378
2.6666504653725815 1.585314860477506 -1.0411509746455891
2.6450585970921483 1.6160340745846036 -1.0733158575536303
0.808801360246456 1.9900560824480522 -6.406374075947567
0.8430404753674983 1.984923236031358 -6.386288924976991
0.8817815137383683 1.9987093977293195 -6.364545406827423
0.9217606920999066 2.010670083576477 -6.341993348134135
0.960840314668489 2.021625279926448 -6.31624457770373
0.9977191144013567 2.046343318078003 -6.290272424857024
1.0278387640792537 2.040843577173697 -6.270465002573693
1.05452503033692 2.0359730730070646 -6.252915325280473
1.0767840043274206 2.0322063494785896 -6.235820397777031
0.8009621897653295 1.9912186416861266 -6.410972011574226
0.8190428636686266 1.9886088829554567 -6.400370683506195
0.8421985596689281 1.9851429355967152 -6.386787492503929
0.8684587331940891 2.0171893078270977 -6.372427347550357
0.8879961376511369 2.0552245632294044 -6.3598088215489055
0.9030222217112408 2.0965828401542526 -6.348115891589182
0.9142127645974795 2.138667453885311 -6.338075497722118
0.9213134178563234 2.1830654718445217 -6.329231186987175
0.9222600197046718 2.229269423278178 -6.321697847476953
2.488252950958496 1.852614059364418 -1.055107138594194
2.4686648431915397 1.8738251224098132 -1.0950013221423824
2.4490886857421064 1.8950081883258991 -1.1350500594186685
2.482174604281557 1.8610782104106882 -1.0449917915741262
2.4541128463528867 1.8943654969003236 -1.0675364865259194
1.1020274313144365 2.027194104083259 -6.216412858782615
1.1343571807196224 2.053398984474137 -6.190740148253806
1.1670622093648413 2.0776976040371373 -6.163285864689026
1.1996860040143695 2.1010278610275104 -6.134520764927485
1.2427569839734947 2.1692182132229156 -6.092189320989781
1.2665125457186326 2.157977665766649 -6.071964685401407
1.325059673975578 2.190669054597649 -6.014316063750803
1.3222774479104178 2.2006654830865653 -6.015234880312386
1.3194972101647935 2.210672553980269 -6.0161499991474825
1.0923252542534556 2.0291044624562713 -6.223871840655287
1.1091842708252755 2.072021385794015 -6.208708295164173
1.1189655629929494 2.1179618393039834 -6.198101992009707
1.1250400620607257 2.165314065426997 -6.189588765692306
1.1253942797017689 2.213512169942616 -6.182767644807364
1.1540995877146174 2.309333372229256 -6.143790416283977
1.1300755811211958 2.3350223070772724 -6.156337950366043
1.1035806586122556 2.3626759912951845 -6.16908860762941
1.095095734297234 2.4176166387185147 -6.160950961458732
0.9135518136763118 2.2756115182149337 -6.319912309101723
0.9041711108298185 2.3225389971209123 -6.317199101954193
0.8931701234669618 2.369427253012599 -6.311859197452266
0.9254714573638052 2.2753715535555163 -6.312177862613697
0.935409130805689 2.319365594628061 -6.297749776717232
1.0076486590442066 2.3015028825416746 -6.253863051384649
1.3512953507483219 2.2293182609397464 -5.982926535836848
1.383006207255483 2.2479772681632544 -5.949573864603345
1.4137864893222933 2.2664741888114817 -5.915183202660815
1.4433408670257941 2.284698373752727 -5.879543953371882
1.4779364672589457 2.307721321723424 -5.837337800314021
1.4813339449305776 2.3012310177594384 -5.83519813552481
1.4848236479119001 2.2945644768629863 -5.8330004019093336
1.488498284895772 2.2875453025615244 -5.8306860511854
1.4924389102127407 2.2800186412298125 -5.828204039926264
1.344952468457922 2.241588248171831 -5.986819896041821
1.3656309921056085 2.2785026009836136 -5.96097177491128
1.3789104396620868 2.3202930762564855 -5.93777530134723
1.3859496743793405 2.365707072317472 -5.919010249266427
1.3894378401450858 2.4123747272058194 -5.903243048620449
1.3872710412774956 2.4598395532571296 -5.889273634801547
1.394371104388438 2.5248079776930057 -5.859681826696302
1.3726777113000712 2.554232944556217 -5.8718707430328365
1.3479387999583499 2.583826373093994 -5.88234435866829
1.0671715005799924 2.4550898245037955 -6.172412857660496
1.0372101284042035 2.4914420187962407 -6.180749383629353
1.014460922392078 2.535368419039278 -6.1808149426426935
0.9876078233739911 2.5766078525701235 -6.184654258788446
1.0702561592664885 2.4509513654530943 -6.1711464286320314
1.045300071666119 2.4817799558506453 -6.178613524770715
1.022040725881738 2.5095830288645757 -6.184745904451038
1.0050649392798836 2.5499108991105843 -6.18211838564569
1.4943425116501288 2.2763805197534195 -5.827005558972564
1.4980443772148835 2.269311779368935 -5.824673498961449
1.5053287741057781 2.2554020334193305 -5.820084586683431
1.5153363301600034 2.2348298740837262 -5.812694607655011
1.5271493643104053 2.2085013956966755 -5.80247676831916
1.5409685782530593 2.1776928061941017 -5.790524806102932
1.5522886853459168 2.1366627063173134 -5.782671536471945
1.5709498404980342 2.099920225763197 -5.765998150515799
1.5882491826845948 2.0616674331338163 -5.7468602258505275
1.5001630713219654 2.265266028012004 -5.823338808026928
1.507949898884129 2.2503969286162486 -5.818433370511821
1.516031813448288 2.2332809257134714 -5.812092894089154
1.524301356148172 2.2148501743418936 -5.8049400290662225
1.5305490644976278 2.2009240873194282 -5.799536175757037
1.5391997831693407 2.1816387307229794 -5.792054266666883
1.5683454498125033 2.2091270851636464 -5.754786903203226
1.6002876256307443 2.2142531821760865 -5.717204353432059
1.6313552202551571 2.2191674742729894 -5.67926889879105
1.3247055825606957 2.6115074717893942 -5.891991587125816
1.2809839825993126 2.6977940231059243 -5.894510672271419
1.2913600796894449 2.7104467661764993 -5.878528590366462
1.3007810308318772 2.722172523027386 -5.862616751761672
1.310308069774189 2.7340147995545605 -5.846534336033903
1.2926936384099026 2.7795159164513192 -5.837666799784678
1.275050045223197 2.8248546291823815 -5.827742609477285
1.2567765919834417 2.8696017113501084 -5.816453207547376
1.2380507942211887 2.914339669431468 -5.804346818898871
1.3197912633965785 2.6173613963068827 -5.894032726779195
1.2757904787478413 2.691655677079288 -5.901967577307486
1.2795077754700617 2.696075519431774 -5.896617803006865
1.281830729008396 2.6988239101876377 -5.893281136119364
1.284989186219149 2.702560090881617 -5.8887447065900655
1.2889277966512809 2.7074526670467725 -5.882618257439068
1.2908313235678714 2.7098333470770215 -5.879396877667892
1.2922321859061914 2.711578142817357 -5.877030168678505
1.2945031672416478 2.714405477430643 -5.873194092873484
1.6060521502779372 2.0208192751949254 -5.725971044371208
1.6274330426134747 1.9834773930285707 -5.70074163135495
1.6471169829171612 1.9458338138668405 -5.674739629635594
1.6665308562099215 1.9079320761392313 -5.648857002795721
1.68524864626884 1.869943220670392 -5.6225448555972175
1.7048791650602215 1.8354603017027369 -5.592702865741753
1.7261457734873544 1.8056401666896285 -5.559483165568548
1.7494829853648766 1.7808154474445221 -5.524305613397385
1.774184882126831 1.7608063989496425 -5.48756522232915
1.6044096382536104 2.0245911921714077 -5.727898252946214
1.6328488370764185 2.0017440851584856 -5.694014816661392
1.6623240947641036 1.987828745285175 -5.656524478659405
1.6926070951596461 1.9828799150823881 -5.617471753734907
1.7228324790059444 1.9830626328636145 -5.578042306449045
1.752951954766462 1.9886846462069627 -5.5388764473195335
1.7818303074497672 1.9994452950302923 -5.499891792970327
1.809282845184913 2.014465410922744 -5.461192946406759
1.8345623173986925 2.011566924264986 -5.42508907060069
1.6612938176948608 2.224022136388516 -5.6397495859909625
1.6912696833247256 2.2287932806387665 -5.600199043311435
1.721099537586731 2.2335492694934813 -5.560520295288137
1.7503885967577546 2.238271827841709 -5.520448635693657
1.8035025937661238 2.2776221517877557 -5.438467590087591
1.8104605220688295 2.263996293854057 -5.431123613043898
1.8340362827426469 2.2856377592570674 -5.39294895399964
1.8541288794612718 2.31368250360972 -5.357080967849369
1.8705993038862916 2.34614512157884 -5.323084348739543
1.6599879871500092 2.22381653294251 -5.641472066173229
1.686093889269544 2.243506003309478 -5.603911660044777
1.708540828223388 2.27115380660131 -5.569143960801187
1.7263560025336862 2.305982631305297 -5.538080685639788
1.7545576343580207 2.366504047631656 -5.4842292796116
1.7441616039769015 2.3840756083728305 -5.492860535813155
1.7225915184175764 2.4848444761865225 -5.49056939482335
1.7355707409811079 2.4968873173781465 -5.46718597910922
1.7471860491922038 2.507628690707936 -5.446274845562914
1.224941372036367 2.959281727875049 -5.786886734638491
1.2103332078360471 3.0027040648200796 -5.767646962341691
1.1953263874297566 3.0450568272419756 -5.747611664050981
1.1799012757225207 3.0880733175206987 -5.7274252902302525
1.1637898776594309 3.1303936791877707 -5.7064447303478545
1.1472260238271286 3.1719807987520428 -5.6849468018377065
1.130334299041156 3.2130673820625786 -5.66294257786555
1.1128250742609722 3.2535678007093964 -5.640287299870462
1.0947087084407263 3.2931947124223737 -5.616580495371535
1.2143303835263644 2.9577402768449135 -5.797192953670646
1.184230667956801 2.997003721361934 -5.794480391099527
1.1489793568628761 3.032034983957478 -5.797892607016806
1.1107366050638763 3.0625273693887927 -5.807325056131092
1.069923864181183 3.088544730238645 -5.8185666683395345
1.0284581949581433 3.110530621377294 -5.833464049539174
0.9861845889427695 3.129106323430474 -5.850882741658858
0.9423140264310838 3.143035446736596 -5.868853780404862
0.8592942671362038 3.170826951481119 -5.900212740835428
1.801611126532469 1.7542681420710737 -5.448476304496863
1.8290042835722042 1.7482650127172503 -5.408548380328171
1.8558166156778322 1.7420848397816828 -5.3681188604253
1.8821197871246935 1.735789865116143 -5.327191875701442
1.909237507344635 1.7361065687838213 -5.285929905542536
1.936105834506222 1.7430290856793837 -5.245028500543798
1.9621575634864912 1.7562214452769025 -5.205123711055212
1.9936567340135078 1.8276082576658437 -5.16849231870835
2.014144537380415 1.8259679754463167 -5.13264391552994
1.7983132660260113 1.740238760015358 -5.450918115536351
1.817917968262206 1.711858194686487 -5.416383467267108
1.8336462020216409 1.6780385099560227 -5.385864872560491
1.8445496192002744 1.6393285543284148 -5.359666749951384
1.8511162632938185 1.597955060330703 -5.33547659169779
1.8559865286311519 1.5551479164742859 -5.313336436123585
1.8555248481503528 2.0089321939476843 -5.395144132607136
1.8782181809609877 2.0058864288274134 -5.3621353451000955
1.9012856388950732 2.002790366681208 -5.32599847426337
1.9275763714935066 1.9684219169720625 -5.284536892708365
1.9540516531555085 1.9708234839273293 -5.24374012779134
1.9781202137228322 1.9729946086773384 -5.205362011702087
1.998867502233516 1.9750179742236202 -5.170300823671475
2.03974731837949 2.045062859767526 -5.100084956790055
2.0358836991451654 2.055298087245414 -5.106556171441104
1.8603042820451476 2.0083284995997945 -5.388316636381333
1.8857911398035847 2.0048647196543645 -5.350271943910627
1.9109854721602737 2.0014901911117713 -5.310802907776696
1.9383427566539508 1.9694052768686117 -5.267946820247369
1.9651606897603384 1.9718432201462488 -5.22662225366907
1.9904574775172854 1.9741945500787441 -5.18451310325928
2.0286458286598172 2.00371610227631 -5.119668438323327
2.036941647914691 1.9814134599444249 -5.105926506817931
2.047571571531798 1.9528300493565378 -5.088318226219801
1.8881932978109288 2.376156518588192 -5.287483642316084
1.9058006824388702 2.4061888864740024 -5.251856409382816
1.9228331713408517 2.436086199710057 -5.215842221258172
1.9384671650300072 2.465700156152842 -5.178913548023297
1.9538210021865066 2.4951904014552317 -5.141820020149874
1.9691996194707186 2.524670279529265 -5.104689361650931
1.9840002892323305 2.5539305886349424 -5.067190685563356
1.9975370743027916 2.5828585106099506 -5.028897570918827
2.0110165095913133 2.6120575278858906 -4.99056439730055
1.88081347324061 2.386305075330661 -5.295500303633941
1.8865053217072016 2.430572556134167 -5.273471093639128
1.8852504393296048 2.4773873057789713 -5.256834152387704
1.879046503596351 2.525491072873101 -5.246809573765323
1.870133600091325 2.5738822940986905 -5.240741713147314
1.8561135435062004 2.621334617678313 -5.237784582691638
1.822759941340702 2.7372433857159595 -5.224438184160828
1.814526949475036 2.7377044776574047 -5.23680847026357
1.804438683899606 2.7382627504366774 -5.251970608155227
1.7342692448787917 2.555343345857301 -5.443943192080107
1.720539414796832 2.602878000623535 -5.44105240212471
1.7056441784783531 2.650011112625944 -5.437345040743455
1.6899577453633705 2.69679554813309 -5.432889775383743
1.6742197425581562 2.7436842861079525 -5.428415651471835
1.6522488152972676 2.7881626271170297 -5.430846332618563
1.625598729079852 2.8289677233755035 -5.438676243186733
1.5967048368755938 2.866877090041629 -5.451211607728646
1.5650677273787053 2.901585142206665 -5.466059388249811
1.743145027345758 2.5549991707144826 -5.432157454359761
1.7439027806948493 2.5999066904665113 -5.411382949657676
1.748983451862268 2.640654071524092 -5.383851407327185
1.758004236235522 2.6767106396496634 -5.351116489022938
1.0708027911128914 3.332440055565968 -5.597609418851556
1.0838003069788573 3.3660820366293955 -5.552769752679604
1.0697649775205056 3.4027953367521757 -5.524337705247589
1.0549407207787858 3.439324905130686 -5.495048238153233
0.9763553268605799 3.5032158756592224 -5.48661273571538
0.9779789069859133 3.529519196105056 -5.452755427218988
0.9795030257992694 3.555973864041446 -5.418783990083697
0.959019671409556 3.591226264344631 -5.390210743368814
0.938547137512389 3.625865768310206 -5.360897984880787
1.0962123996735216 3.3299410401427854 -5.5784343172344215
1.0831077842373755 3.368112408426333 -5.551323860780179
1.0690407229181977 3.404595033159344 -5.522889736586143
1.0544108559500522 3.440655415072581 -5.493973210790028
0.9766359940146814 3.5072522037946934 -5.481393847496111
0.9784648217116059 3.5369294761495453 -5.443195862396061
0.9730592871710135 3.56966046831306 -5.406571646091116
0.9660620167488868 3.602745596172435 -5.370395681470044
0.9620827017015341 3.6342310991479922 -5.332224291524424
0.816101616788115 3.1729821261389923 -5.923888551527856
0.7728554364414376 3.174671845248488 -5.947332413456358
0.7290808304261794 3.1758311138418156 -5.97024850619214
0.7212230854999697 3.1271967352272627 -6.014672222954815
0.6865286738927746 3.1144909899986337 -6.043640504639306
0.650052940635695 3.099650821393307 -6.070613335593959
0.6070261949405601 3.093085660839754 -6.094207802674218
0.5645879889722317 3.0853937172014954 -6.118393911918527
0.5220698417797618 3.0760633489904166 -6.141851071619784
0.8142959028677047 3.1846208641670777 -5.9149168219488315
0.7702472342280839 3.20407257266865 -5.923659218335139
0.7283394441893491 3.2292827329033362 -5.925945341239535
0.6882248024308357 3.2569318838067938 -5.91994990375043
0.6007807289997822 3.3383385176947926 -5.8859000448430665
0.596091648700734 3.3360400263556524 -5.890516010036922
0.5930046950948668 3.3342658439556137 -5.893515443576453
0.5906151111269868 3.3329850220496153 -5.89560520580437
0.588852894487668 3.3320445180988845 -5.897142552866548
2.0302057408664385 1.8248903721074083 -5.104532368934528
2.034926815694691 1.824561071448441 -5.0962676592534395
2.056911329898659 1.7711104897394145 -5.0500210456717
2.0820634624632546 1.774450277903137 -5.007400675999635
2.1055936643017805 1.7780677554902384 -4.964135043157547
2.1285564991721158 1.772146287506454 -4.920287178379773
2.1513015632816095 1.7644179980292718 -4.876534763167074
2.173636952893819 1.7556626985821633 -4.832713257925146
2.1950628004754904 1.7463685770035897 -4.788522040054113
2.2179569832784494 1.753974834889781 -4.744789356409121
2.056902912573568 1.9246942668737343 -5.070082328950177
2.059068026262488 1.9176179112078628 -5.065428937259942
2.0207742820576318 2.646476117292588 -4.955765154387536
2.048973969283678 2.632291689933577 -4.9139689939135955
2.0684250845515813 2.6455075321191592 -4.87320367946231
2.087266326540111 2.6587198718872442 -4.83049504814312
2.1058564936017605 2.6720294317693947 -4.786819984523248
2.1225904565399976 2.6903213464067415 -4.743544191537712
2.1394061215281255 2.7074208707025873 -4.699725891704044
2.156473064013937 2.723360658775243 -4.655557417558175
2.173550660016772 2.738686484821035 -4.611166825860467
2.027796159872116 2.6349916259320443 -4.94948467019555
2.0534272974471786 2.635317796555173 -4.904635607109916
2.0739754520393014 2.6492789766707006 -4.86157115361766
2.0927892211448365 2.662651922887579 -4.817533483693525
2.1126942719517383 2.673326924688603 -4.772995454255021
2.133064770819177 2.682156381308328 -4.728311273818709
2.155535407183502 2.6831500670931674 -4.6837670583883275
2.1804364580162976 2.6729070257199923 -4.641676570085935
2.2056034416562236 2.6509576941639925 -4.604540223408058
1.7993146979439876 2.73854311773378 -5.259241342957101
1.7865978235823106 2.7388717381792644 -5.276644555499668
1.7931514377537643 2.738695620237153 -5.267679647407236
1.5303328285867415 2.9290899596371145 -5.48777509483764
1.4613452437457248 2.9542143276845043 -5.549733878269092
1.4503847778284717 2.9801486370493655 -5.541962288353417
1.4096569368669516 3.0045149457860685 -5.5682835162022055
1.402921908484151 3.025537025751593 -5.559771858506055
1.3958828526881315 3.0475094090729216 -5.550874963595831
1.3877730546902656 3.070462337329807 -5.540784712493573
1.3782867270828385 3.094855727438085 -5.5292607675971475
1.3673022591141897 3.1230989249724286 -5.5159191501489895
1.5338969729007623 2.9383353060894644 -5.476784177079398
1.509549705677362 2.9813952638830896 -5.474618222350185
1.4851099234711194 3.0242490860349096 -5.468279134833236
1.4702338104057455 3.067650885655061 -5.4491044742778785
1.4394038049747555 3.1430299663886387 -5.4214174986399435
1.4575853827764564 3.161032770186829 -5.38316887706156
1.4461546426188852 3.2277229740754545 -5.331494295753387
1.472079896816433 3.233339798058932 -5.296733399488742
1.4979336529443044 3.238597893775863 -5.260755220023154
0.4828260238130149 3.059103230486481 -6.166906589327227
0.4434888594168998 3.0419484941878716 -6.19213535433318
0.40383205202965555 3.0240297777561223 -6.216241900179089
0.36396589679025 3.005897550910877 -6.240131341858596
0.32401176923997194 2.987110866989476 -6.263000043035755
0.2836107027511475 2.9670406675401364 -6.283968548280987
0.18571896283492773 2.9191657537185076 -6.331421709722099
0.18633285868266133 2.9183378947714997 -6.331811078844687
0.18690683460988572 2.9174971693738847 -6.332213315046871
0.4763470933433723 3.070706440755858 -6.160432773384652
0.42840374738252496 3.078109430511714 -6.17032551314821
0.382794812133056 3.097506827745244 -6.170470073290109
0.3384724841583328 3.1187967195036648 -6.163632405582476
0.298101492723264 3.1448133420765676 -6.1514927289899255
0.2600835582984563 3.1733209586959013 -6.136950165130353
0.22391312332680796 3.202292311296254 -6.119052278427247
0.19009287452920218 3.231916867685327 -6.097630796405394
0.15797850868261235 3.2625959396724067 -6.075116504918936
0.5903238650664101 3.332859240361221 -5.895831710110689
0.5908848761024701 3.333165611751049 -5.895335818651534
0.5907732019442297 3.33310540754923 -5.895433803327743
0.589945438322744 3.332655086256776 -5.8961638797697296
0.5880046851608921 3.3315984983099587 -5.897876319933065
0.5828837349397167 3.3288101431968764 -5.902395205370061
0.5692779460110631 3.3214022021113583 -5.914400999352044
0.5469176219657449 3.3092300079542967 -5.934129661011832
0.49925818072428985 3.3132293886043165 -5.948337228534925
0.5820818421983615 3.3283721916984974 -5.903104048974031
0.5727101373600166 3.3232686551332886 -5.911374534266091
0.5672809329522425 3.320311140280253 -5.916166655943612
0.5581708969177812 3.315349053848686 -5.924207192819281
0.5488817290385547 3.310287792130797 -5.932407324342567
0.5104776191920615 3.338988828746748 -5.919807070167998
0.4816689767663755 3.372556182973968 -5.897123751775606
0.45770411820775353 3.4071842430447767 -5.870993034241091
0.4356262311788849 3.4413819646957586 -5.842467843357531
2.2398171586155238 1.771507963337537 -4.703619350606708
2.2611798447893277 1.788993425814823 -4.662019013564519
2.28281435371276 1.8066979050441145 -4.620536361309904
2.3044201943674736 1.8243840382250454 -4.579064965843743
2.3253832518096744 1.8420515415865977 -4.537300159835537
2.345088490969562 1.859731486024479 -4.494966866194533
2.3645356478819823 1.8780353114867228 -4.452414042615429
2.383974254715608 1.896222791282637 -4.40986789756952
2.4008342385975916 1.9245057495824471 -4.372206492627549
2.237448870657563 1.7844157951912423 -4.7105876809443945
2.2516306145732425 1.8256969607494475 -4.686899492105851
2.265869833626927 1.8759297883892205 -4.665095439596566
2.264759379953562 1.9235644137979786 -4.674275063664468
2.2619478586648145 1.9721854985290088 -4.682888933344061
2.257175763645492 2.021166864146341 -4.690552203874652
2.2516228033852554 2.070037730541252 -4.69983186840483
2.245534521897824 2.118496421335206 -4.7102346563773905
2.2375614672928696 2.166482343143411 -4.720810444889237
2.187318079926861 2.7602790442283123 -4.5682351610910965
2.200823699681703 2.781691788962865 -4.525147691345102
2.2135710334015246 2.8028445230407026 -4.481706372507506
2.203713092364013 2.8956226343138343 -4.429654397570985
2.2211306959285473 2.8963337266963802 -4.389918192943873
2.229990730593674 2.921503044033803 -4.347658192231974
2.2384311484584 2.947366925038052 -4.305723003818069
2.2462715036031606 2.973507716231675 -4.263854602209215
2.253037835757844 2.9995319466875485 -4.22172862343008
2.1931323253272526 2.746594813335397 -4.565896198333824
2.2170644807076423 2.7383723771085715 -4.522762066917155
2.2421741473658767 2.7159244297049376 -4.485894008783458
2.2658847151668047 2.688079890108781 -4.451882021258174
2.2888473701665575 2.6543087310703495 -4.423133245380392
2.3110777848612702 2.61770846329025 -4.397398750624538
2.3310474457863175 2.5791676552946403 -4.37262769547876
2.3519725729003227 2.5442049961953455 -4.343666641361285
2.3736412247025704 2.513767696357415 -4.310457325941248
2.229561392832137 2.6248812776334325 -4.569298774220149
2.2593615241149902 2.5704796340180605 -4.537296033387914
2.2773524461384196 2.5699432660881234 -4.500572978453769
2.2276003462841962 2.6139228736947535 -4.579235974417286
2.2449338032852557 2.570886056877764 -4.566758658989263
2.2543100138668315 2.522262565342442 -4.57247193697739
2.2587903592826435 2.474122350329583 -4.584779519648102
2.265355543907044 2.3973237420970253 -4.601728491650882
2.2665721434100874 2.3498506804630277 -4.616864679734611
2.270412797804525 2.3010207230286825 -4.62436003453378
2.2788196969625734 2.25318939965825 -4.6174426494544605
2.3213338976970674 2.1993910996176584 -4.538752083231803
1.3331350160982325 3.1590936671457666 -5.520405594247902
1.2986101961066627 3.194779477684742 -5.5245199857001595
1.2621848110752019 3.22875347104212 -5.526756537796295
1.246821210368665 3.2600131992109183 -5.511108969045486
1.2334588308664276 3.2948965579662532 -5.490039225930712
1.2181070788720998 3.334971458616556 -5.465834436495541
1.2015981419457074 3.371723563135212 -5.440554749999495
1.1876493495207108 3.402346620114744 -5.4194057325192855
1.2355921329288135 3.398454257827892 -5.378686192411505
1.34020315752752 3.1642271650693763 -5.508321858448945
1.3230914372124511 3.2064347815694574 -5.488167250915728
1.3166998061351491 3.244874045789299 -5.45709999213807
1.3167765156939155 3.2801230523025535 -5.421684022069022
1.3293893175703497 3.30696923666392 -5.381537247463884
1.355552321518276 3.319040148251054 -5.340903602938521
1.3671355654450195 3.3448702767379914 -5.300117147038161
1.3672027470609325 3.37828504783312 -5.263252610118922
1.373895679202806 3.406941141030483 -5.223082377732965
1.5248162048334009 3.2433672091893375 -5.221103379838383
1.5474396103527959 3.25631633035768 -5.17852097272847
1.5707704440131522 3.2681313735365762 -5.135933228031601
1.5942121415546648 3.279240406553455 -5.093196059738939
1.6177262237011794 3.2898153976003495 -5.050397585032033
1.6408768555082465 3.299858330862446 -5.007272219462668
1.6638522603625452 3.3095873979278068 -4.963974438693917
1.6865802967868533 3.3191341401510255 -4.920513445360237
1.7088642891888493 3.3282940216770682 -4.876733563834114
1.5214513182590288 3.242770264915804 -5.22606656561726
1.5265033895850484 3.273941398334098 -5.187400083227957
1.5181360737181653 3.3129864788725922 -5.157379280498955
1.5042493682024622 3.352293866818957 -5.13017899513517
1.4843117091228137 3.391955640527943 -5.1086758001487675
1.4632175652835955 3.4320822378611613 -5.08788552448096
1.4538874244377125 3.4686938791422097 -5.055348117240247
1.4522862198837503 3.5006613488622373 -5.0170345929315765
1.4554914263667083 3.5292929707697698 -4.9762637008458395
0.1845104842607761 2.920879731001047 -6.3306069557915
0.17916724841930842 2.9284693352410223 -6.326998071189524
0.16631551600777203 2.9458064736217557 -6.31734468109583
0.147202777280558 2.970682179683043 -6.301860916585633
0.1016833659177584 2.9892293662100404 -6.293030891843235
0.05828613420962746 3.0109852722467956 -6.281379934490835
0.016144166913158856 3.0332393957712953 -6.266920013636971
-0.02528400254099034 3.0551540685742835 -6.249965631230832
-0.044249675457315917 3.0891520888123924 -6.224885307789264
0.19310094171629946 2.9086676228334225 -6.336414838389489
0.2063520265687133 2.889841988428495 -6.3453668471482905
0.20715229888577721 2.8208467201705014 -6.384757427643508
0.18717741483602038 2.8157155694787064 -6.390447566089227
0.1683834335594646 2.8109042784533815 -6.395791855293683
0.1486039129700239 2.8058396425596115 -6.40141699252769
0.1265955013878155 2.800136074761946 -6.407464665849684
0.10143316710097439 2.7924768616468594 -6.4121449745493635
0.07292245942798393 2.783775955727386 -6.417459203233625
0.12146118721181638 3.290232274373281 -6.055473956945229
0.08471841235345969 3.315513075843331 -6.033198559015742
0.048004221505539464 3.3407045582506814 -6.010818746246847
0.011231715177708785 3.3659205012371674 -5.988417783697067
-0.02549873336374506 3.3896918986580746 -5.964540687676877
-0.06209215727387174 3.412431822817333 -5.939526943874363
-0.09876094731064762 3.4351902523535927 -5.914489897418501
-0.13536103455508697 3.4575860222403567 -5.889141727005893
-0.17177293857291515 3.47800569919704 -5.861803548630642
0.133032182803997 3.2965861880634986 -6.04858912870881
0.12286791201004281 3.3320053963816862 -6.015059151302913
0.12866401191535076 3.367144435456076 -5.980271665902717
0.140303474479698 3.4014437939754925 -5.945941364275116
0.15944693299516816 3.432697911965606 -5.912042337366785
0.18192013513818167 3.461574658694899 -5.878350620539966
0.1932530558613738 3.4912554595318794 -5.84502385457044
0.19933776615500234 3.524555809153831 -5.808647051971977
0.20476642991299956 3.554270577186761 -5.772610559991828
0.40808304306894355 3.473321369671611 -5.815958547438855
0.3802716970426601 3.5052784269177883 -5.789507549560266
0.3524628120249458 3.5370929658731347 -5.762863344624442
0.33087280219084847 3.568319275687727 -5.7306250123815685
0.23605883815922812 3.6183598745746375 -5.692391775415564
0.24224028246759785 3.6484950645259056 -5.6535592011546125
0.24817696651064633 3.6782588728668624 -5.614049544655085
0.28472420817925903 3.7124064609236496 -5.563019665008849
0.2694638810269189 3.737834925742346 -5.532547333168161
0.4212155929089605 3.475855778362153 -5.8094371159063
0.4226240610703333 3.508957017585279 -5.772228864037867
0.4396138208109226 3.537414596156822 -5.734618496371775
0.46169445921298835 3.5628495061829195 -5.697656378421662
0.49004575141501555 3.584017598868818 -5.662524766563089
0.524291028552412 3.60024740828217 -5.6300937380227705
0.56132862234685 3.6131183834173837 -5.599297210170025
0.5996384425579476 3.6232836820618064 -5.56900651100784
0.6390201983361822 3.631828266043407 -5.539162236029582
2.4138078829044436 1.9642006337416558 -4.3444963343390395
2.4263162576709107 2.0036736050151944 -4.3166605668965685
2.4372861690635474 2.0431106231912683 -4.28819767258659
2.447259994566793 2.082560329885408 -4.259293834887138
2.4573227263961335 2.122059271646712 -4.230373275974497
2.467383441928105 2.161573630036354 -4.201460613314103
2.4760071902446277 2.2009299830712457 -4.172043178255727
2.4855788741134397 2.237464293156495 -4.13934686756312
2.50043904532064 2.2577788057248394 -4.0962246076713615
2.417405124344848 1.9534792350561847 -4.334808877367201
2.436169308626842 1.9680041528766516 -4.290774890633977
2.4549329069114934 1.967109229236193 -4.244478700168359
2.473154011366476 1.959741706186668 -4.198559508747313
2.4904509476956322 1.9450985714729285 -4.154187751073713
2.5077979700233803 1.9445880080844695 -4.111135846207026
2.523831581920997 1.9441171051289652 -4.069597454793961
2.5387842197073485 1.9436729144119045 -4.02845908578555
2.5528961380715436 1.9169956964100754 -3.9886066960149376
2.224280053368612 2.2113686917837656 -4.7379766897770095
2.210954604075032 2.299945112504182 -4.745898700394676
2.1944807571787344 2.306775118540327 -4.77762541972381
2.1785012300639774 2.3131136533340677 -4.807668987398774
2.1615519586573284 2.3194311747204597 -4.837616441437266
2.139349428596056 2.3710356468632368 -4.862293479035013
2.129814585909869 2.3664164174809827 -4.882349297098273
2.1183570986952143 2.360810760578638 -4.906469161746141
2.102986464889162 2.353441660984467 -4.937930147931853
2.230249052344319 2.215653232592098 -4.725037195020505
2.2302628949376198 2.264432463744126 -4.7145892377514835
2.2633217178663374 3.0197211731559745 -4.1771545653872035
2.273622681643884 3.0398570498054927 -4.132567827019819
2.283161887930829 3.0596117848766435 -4.087668597915886
2.269973710848026 3.1289730330440304 -4.0386231240326875
2.286279670693875 3.1329137349311273 -3.9961541842922155
2.3016213269532546 3.1364477898724346 -3.953773591125143
2.294392748791138 3.1866415558170207 -3.907158923609424
2.309691011633466 3.1905322969069068 -3.8648730954259247
2.324161946735805 3.1939904950193103 -3.8222465924054556
2.2559088152459266 3.0311902279022145 -4.183145065790828
2.249692976726776 3.071338237189965 -4.1541533882146915
2.2342852462107867 3.1156842817269443 -4.137138958101591
2.182646195435753 3.2235971289673273 -4.127212543189593
2.182822651287951 3.2236699814995617 -4.126742279425317
2.1800768261400374 3.2221162931149014 -4.134580620437964
2.1750896469061205 3.219272397082092 -4.148844445404784
2.168254282605342 3.2153643835897268 -4.168406911006031
2.138242821056495 3.247984660613681 -4.192603374951914
2.3946288223005046 2.4925564305851537 -4.27042615029177
2.430859877959163 2.385863082058261 -4.232650447820466
2.4451505343690165 2.3874460533938002 -4.19494447937666
2.4618587996397534 2.3892703561055475 -4.150678959096377
2.4788295091662866 2.394616291795796 -4.104333991110061
2.4914123917530357 2.4178147109352657 -4.062292160823734
2.499637502824275 2.4509038905463147 -4.026117588607714
2.504377234001378 2.4887902141134988 -3.994081795759936
2.507492555650996 2.529103360099228 -3.9649422510438437
2.393485103407849 2.4804185324269534 -4.279050045709977
2.4188849398079335 2.384521905608193 -4.261071014471827
2.419950136346311 2.3846537590205084 -4.2585381854622355
2.413726138897989 2.383947667095547 -4.273313246868644
2.402006950174453 2.3826167666413474 -4.301133796448039
2.391582168019119 2.3502705329123796 -4.337694165638275
2.379164171508449 2.3223773452270344 -4.37721247406787
2.365006615215302 2.2967567362832377 -4.417687929385327
2.3491230292226466 2.2741333791003133 -4.459131288946096
2.3199135349208784 2.1757109072572134 -4.544610789277934
2.317852798900175 2.141324321931988 -4.553114461945165
2.327235949444425 2.03545678582465 -4.545332167815073
2.3374686529160917 2.0336392509706793 -4.521981753688275
2.3475281245656694 2.0319204886877227 -4.498893498052442
2.356763091022623 1.9878084740494295 -4.4787853051401925
2.320701407643663 2.188846671264419 -4.541360927784674
2.319921064616349 2.1758391004526767 -4.544579416914843
2.319155149687372 2.1630695133582454 -4.547738695420426
2.3178844743897735 2.141878672448691 -4.552980706585803
2.3357858159312612 2.0339297368222 -4.525844031275614
2.350169294483783 2.03134615410585 -4.492836922930875
2.3660270136737456 2.0018517213814566 -4.457610345032795
1.2538500843675184 3.419622724320379 -5.337835692629635
1.2712675854544009 3.4400947363813557 -5.296189052510976
1.2884693369015268 3.4600105347908654 -5.253937022089274
1.2916972381649818 3.490362023144545 -5.2146656520335615
1.2821893147302377 3.5255770362201537 -5.180856776196519
1.2654733051924854 3.561709320555832 -5.150859754936643
1.2453196530283412 3.5982903241738953 -5.12362320574887
1.2200611207679242 3.63508821358242 -5.101330504682738
1.186463888383008 3.6691877796447403 -5.08744212973642
1.2524302591474454 3.417972345334568 -5.341017141658086
1.2679230521529998 3.4362868232243753 -5.304328368942568
1.2810591912393856 3.4516516963537036 -5.271878661643577
1.2922298171585618 3.4646759658710833 -5.244333293423652
1.3889154499220224 3.4282959920414333 -5.180605439495381
1.3771446236720708 3.4369904445776385 -5.18341140829538
1.3674263494615908 3.473290125652986 -5.150711749596879
1.7262878710212557 3.3431099653357017 -4.832316609734564
1.7432747583937278 3.3577389438922283 -4.787625054386368
1.7602583798068807 3.3723807716747234 -4.742923055968836
1.7770162559475187 3.3868676513169147 -4.698103235014851
1.7936088138712971 3.4010587012890148 -4.653153778124799
1.8097481599047218 3.414904490831161 -4.607919997177022
1.8257175868648694 3.4286118167914434 -4.562594006209665
1.841658236909859 3.4422221614081603 -4.517151737123525
1.8575569824657145 3.455837923441982 -4.471749787477423
1.7346318273640258 3.3308459598009823 -4.834003632978336
1.7665342566622853 3.3195427053743587 -4.797200694023819
1.8014627520099937 3.296413551904712 -4.769977106780238
1.8354437674877513 3.268161445388593 -4.746818252845916
1.8678181837567058 3.2344040478521965 -4.729317790907794
1.8995250653738465 3.198447127551085 -4.715322523743621
1.9296553021199623 3.160519327714513 -4.70340191331461
1.9910562572404455 3.0522915497648184 -4.704471962405042
2.0009310217805063 3.0541440964382085 -4.685686508270373
1.46725081050881 3.5511252393193398 -4.932950124454802
1.4782469449244453 3.572194213821367 -4.889012669646467
1.4892997732420814 3.5932212533778487 -4.845056571062353
1.5001524016360073 3.6140641692736866 -4.800950408166094
1.497422957833484 3.65181391916248 -4.749974403192142
1.5210275681626622 3.655780728406955 -4.712810939476355
1.54378128112302 3.6587238101274626 -4.674885799690163
1.545340224301968 3.68696056521912 -4.629622397561253
1.5596087388826663 3.699180681158854 -4.590423923509336
1.4553331285211106 3.5592707284060543 -4.936333419664141
1.4419683930052887 3.594456742946799 -4.903613675322802
1.3801338524680238 3.6431182084500326 -4.911341742107715
1.367128618195393 3.674679851043627 -4.883227488000431
1.3539059708879542 3.702506721200407 -4.855982039296694
1.3413005632927801 3.728741980745748 -4.830318232376862
1.3013077771338204 3.7586067378521637 -4.830995193877736
1.2601243663422645 3.78635464898327 -4.836185860491098
1.219018342626727 3.814555085748527 -4.834741346744609
-0.06377079673481678 3.114092334713108 -6.2063355811469405
-0.08639320993101929 3.1421575955378707 -6.18366700877487
-0.11075109019369835 3.171069093915088 -6.157327533504874
-0.17015882175898056 3.2295676487876315 -6.103032936810006
-0.1842980231049697 3.2238505602844065 -6.106857692476015
-0.19715095677855463 3.2186561394465376 -6.11033220671337
-0.20959306559869167 3.213079986488404 -6.113094981851048
-0.2225097931776711 3.206941016715182 -6.11562221008818
-0.2365104979882654 3.2002856466989247 -6.118362510781295
-0.06821978710753178 3.119780558776934 -6.202104957268265
-0.09296272346717889 3.149957398993655 -6.176561231803168
-0.11838002069513491 3.1801248216857596 -6.149077460052957
-0.16796295251388424 3.230454037576224 -6.102440272964448
-0.17729697435121752 3.2266781431445897 -6.104966751821969
-0.18660559885045463 3.2229153245114053 -6.107483856434758
-0.19521918514173592 3.2194330000900897 -6.109813429739225
-0.2043318573227129 3.2155930064444815 -6.11205544363485
-0.21337061859046838 3.2113003444125043 -6.113821316613356
0.04667990219535066 2.77576830304682 -6.422350138885946
0.021669833969589943 2.737042687298508 -6.442378424827887
-0.00601762917717231 2.699589964077351 -6.4602753909372606
-0.035022063545933124 2.6623372726128225 -6.47661986140552
-0.06462478703356456 2.6254903047410147 -6.4927772628597875
-0.09441396818732642 2.587932254797232 -6.506192598760648
-0.1241146969954396 2.5496841504412835 -6.517234635423164
-0.15400890596950803 2.5112768568428714 -6.527976956920743
-0.1837733177795705 2.4725880931323854 -6.537472660994305
0.046226408979984944 2.7457996650270444 -6.437177134585364
0.03558945138421246 2.7020965158892074 -6.459154121653272
0.03829335537193846 2.656782284296002 -6.479826496816118
0.05051275799729859 2.612047505504883 -6.497947197793159
0.0722948646408824 2.5699757016270306 -6.512892557697555
0.09862303469812836 2.5297079637915334 -6.5259079685772265
0.13006478869325197 2.4925796670587603 -6.535926465130167
0.16423579825023407 2.457299923643492 -6.544050534950763
0.19960048376728473 2.4228271337248044 -6.549335280311302
-0.20271137364114447 3.5023591318132263 -5.831146703254702
-0.23366141595540466 3.5265081166204464 -5.800286389414426
-0.2643540541881448 3.5491263086793086 -5.768105336631273
-0.32510364928358154 3.5994758031407432 -5.695328413427387
-0.3294997542130228 3.5972822899125387 -5.697067884649095
-0.3339167222083427 3.59506698728612 -5.698829659144871
-0.33859655808012523 3.5927212920626883 -5.700694495949963
-0.3437185201979583 3.5901551292051925 -5.702734103764094
-0.3494322837278403 3.5872933280268415 -5.705008308767523
-0.21280044213989913 3.494068093765489 -5.838367072277701
-0.2604076134975646 3.4997608160055114 -5.824584441693047
-0.30965789589831655 3.493036399159983 -5.820388991849862
-0.35901130678075527 3.483539748930757 -5.819189821719415
-0.4057050292768546 3.4675525333779875 -5.825386186977329
-0.4515172881646283 3.44876698310763 -5.828907964994885
-0.4921747486812241 3.4226175453295418 -5.8419452202743045
-0.5293496154878808 3.3940344114387004 -5.858630951467336
-0.5637076893050411 3.362506932304971 -5.875961638421007
0.25567547705344723 3.7595058025092105 -5.5046727789282786
0.26263748239733903 3.7875901098620153 -5.463952785433978
0.26652427003612844 3.816124862399871 -5.4231433892327985
0.2689547701633879 3.8442486451092073 -5.381923693352594
0.2704276209495173 3.871661133453655 -5.340192663372143
0.2715336525539793 3.8990764804929374 -5.298403626676338
0.27232610232692706 3.926058963485903 -5.256347971911342
0.2728984822201917 3.9529550536210687 -5.2142483731770986
0.2732765004820789 3.9790619705691377 -5.171651459764973
0.2527993059531501 3.764025939758728 -5.498858702608186
0.2505062705982514 3.793170998086716 -5.458362418508106
0.23625387059372738 3.821940015922491 -5.420176023385965
0.20878559578319295 3.8478893318654976 -5.387507222254793
0.17108334022712213 3.869206884400974 -5.3627411273802315
0.12757103275825565 3.884575839779192 -5.343693824046453
0.08116408304849694 3.8963556615083967 -5.3296081164941125
0.033476446864891846 3.905956380201733 -5.318479089283477
-0.015434827505883991 3.9109049531347906 -5.309852874761446
0.6796654137704694 3.6381781539992337 -5.511231701133567
0.7199377111608051 3.644035715065787 -5.482769600289436
0.759486710939911 3.64815393962957 -5.452792615781534
0.6705909895530663 3.6472659754300927 -5.503925017485518
0.689273526323284 3.6703141613317376 -5.464051134860767
0.7333048835027263 3.682648256022275 -5.424075172945937
0.7438917111337263 3.70730160621256 -5.385348426056297
0.7541653237871472 3.7312317423001375 -5.346659845683173
0.764069514929745 3.754638034812158 -5.3070229936446065
0.760457177520216 3.783887217793665 -5.266709763614423
0.7577876259212333 3.8128532737713554 -5.226111967935037
0.7553632846074824 3.840898678070751 -5.184845171882405
2.51662709998389 2.2699904139730678 -4.050609304102755
2.5318775144344126 2.2820759309875083 -4.0046037613694345
2.5471282228105605 2.294198366595879 -3.9585860067472973
2.5623878413347865 2.3063446623273753 -3.9125629963702546
2.5792682151771995 2.3073798766601867 -3.865489136682908
2.5966256877465814 2.298688214770786 -3.81942955089537
2.6136459134436745 2.2828242205270244 -3.775212318934566
2.6294523276169746 2.261815663242876 -3.7327062638228288
2.645060450644068 2.237796801812278 -3.691747207644603
2.5184370108596834 2.2552670988587327 -4.049683873380325
2.538278442350899 2.1980594183250246 -4.009799739768626
2.552818059410176 2.1963914356236414 -3.972126038800093
2.565086335711847 2.194864766672741 -3.938355431312527
2.5750139562393333 2.1935131611376093 -3.9094658323650604
2.5832237632111883 2.1923892113823342 -3.8855764283246392
2.591551936544223 2.1449147910108417 -3.8711706947454374
2.596655844929325 2.0959061622287907 -3.8633282470105637
2.59829033481215 2.046186382061546 -3.8618321378849445
2.5677830778925905 1.8955946869188878 -3.9459580864099615
2.5815988458930255 1.874293373264142 -3.9029108774780314
2.5952504167376826 1.8520630465269479 -3.8601913660876557
2.6079819943945344 1.8299170881262257 -3.817342552906299
2.6209937285349723 1.8082762429149764 -3.773980439508849
2.6342175886621786 1.7862205437741743 -3.7310026750384457
2.644523310632686 1.7568188328710304 -3.6919683304441153
2.6528772659682147 1.723091062825635 -3.6559865187616207
2.6643327615644496 1.6994751302893614 -3.6134662366881094
2.564400530148686 1.8832246689598902 -3.9536056649565974
2.5701769857803467 1.8394755196724866 -3.9298921985044015
2.5707403965375955 1.7908951237812034 -3.919630636724816
2.5664974383258445 1.7418891955077909 -3.9151512953280343
2.559451140061868 1.6923734048879346 -3.918272636306847
2.55111294945129 1.6435320087163856 -3.9252411166807826
2.5412646285643063 1.5957323362585678 -3.9358001747672655
2.53048976635714 1.547370425503131 -3.9404815323411095
2.521872820525397 1.498598484474639 -3.937344601208189
2.082105450156432 2.3438580041318415 -4.976895047575424
2.056994442466974 2.348085058259699 -5.019610532805244
2.031983752352912 2.350297874316503 -5.062680669313188
2.006646700046892 2.351490149188596 -5.105649258709502
1.9845066133761846 2.3339098568456578 -5.146570760518262
1.9702969862790773 2.2994637874399375 -5.179382626054691
1.9650232476465466 2.254598764191108 -5.1998581487579925
1.9658044617514299 2.2054318224414113 -5.206734449098942
1.9578419058975314 2.1612214381186203 -5.225950375869157
2.085800068330771 2.3455556794927346 -4.970000206879835
2.0725099628272132 2.339453748565575 -4.99480072139108
2.0485532655118606 2.364478033147391 -5.030031928115238
2.025124450972812 2.393769231341357 -5.062547569979637
2.3332409566528893 3.210038525970546 -3.775712578495452
2.342346115505914 3.226024321281151 -3.729191935294821
2.3512541225554395 3.2418503388340083 -3.6826185102564777
2.3600744179980357 3.257646662844122 -3.6360132908144833
2.368604133957292 3.2732808415289214 -3.589304312597941
2.376309606163404 3.2884579333368342 -3.542309128842096
2.3839007001974553 3.3035461062279987 -3.49527517844772
2.3917024680517587 3.31833698419265 -3.4481158871650646
2.3992044532161216 3.3329396506730133 -3.400907379245358
2.3255497275785215 3.2218111615631395 -3.7806581632665988
2.3179727952187954 3.2588787355461792 -3.7480859735742396
2.3018754573724496 3.3013750570975535 -3.727433754831064
2.2824376166398928 3.344993606435207 -3.7128009327964495
2.2590681474757384 3.388418119059611 -3.7050682141292777
2.233521564151269 3.431103706902731 -3.7009087211165825
2.206824672482443 3.4732620991088132 -3.6997980252054283
2.1782181768888127 3.514114321695217 -3.7015154205149132
2.148167339371201 3.5539336922525715 -3.7051801088197482
2.1088897562394355 3.2731742839158118 -4.224591464117595
2.0792032174951074 3.2978179917436767 -4.256275610721602
2.048138199798008 3.3215093325699936 -4.287283541749279
2.0170031207397456 3.3453051911207705 -4.31829579139813
1.9859021211021783 3.369131794558709 -4.349338998783407
1.9539518862818408 3.392925490015802 -4.379427262627363
2.108610958730709 3.282832731423318 -4.213221349328471
2.080708871313712 3.3237221252509705 -4.2189480725016715
2.0562392155002427 3.366041262853065 -4.209248124588535
2.033577871433587 3.4094465093072173 -4.1941462921629356
2.01532657675044 3.451263881030531 -4.172272533500009
1.9995211812594353 3.4914130273281887 -4.147100677068903
1.9844927759877422 3.529018956140252 -4.118373925415018
1.970990387115084 3.5652294548175254 -4.086761704809246
1.9588830836689064 3.6005957943827087 -4.053651980215157
2.5054364541668854 2.573940206187364 -3.943142512661436
2.502250855892608 2.6185619968084475 -3.920963937597263
2.4990713356153447 2.6631813307767507 -3.8987822097302454
2.495694709298802 2.7077620131661004 -3.8765250797431348
2.4908211816617154 2.7518974844404225 -3.8537009514837184
2.4850738994163346 2.7957453480075887 -3.830546559237933
2.47927102695767 2.8395868117184295 -3.8073722828874543
2.47217555095125 2.8831410301694405 -3.783733804083388
2.4728706562291562 2.917346460907662 -3.7472934086938285
2.5114939218241163 2.5662566889217517 -3.9318800653286328
2.5205007201921763 2.591484943519045 -3.889784381054554
2.5299734998050645 2.623063780179763 -3.8420315525507105
2.546880427092017 2.624130569947141 -3.7950590608601815
2.562679273289274 2.624980470471101 -3.748087370164209
2.5775030522255395 2.6256093885412675 -3.7016142139432437
2.594964295963112 2.6129330591554463 -3.656588903378739
2.612719280307412 2.59857503427222 -3.6121459496785135
2.6307688344358304 2.5832589026253094 -3.5680929902804097
1.1459201121426936 3.6980812753305154 -5.085357155019611
1.1052662084783182 3.726851468247398 -5.0831792340494655
1.064098618743939 3.754745441013143 -5.080441409112959
1.0219887116892767 3.7812124400972644 -5.076717357278864
0.9797780771471101 3.807523895996984 -5.072847303131038
0.952313511248983 3.827102007570932 -5.066246201497293
0.9582202774187134 3.8386449952537913 -5.043705101358311
0.9673929131316906 3.8567345918318243 -5.00844364855697
0.9775038644901871 3.8774075358221483 -4.9666265385014166
1.1523931631043447 3.7024578601275144 -5.0726752356949065
1.1288427395535898 3.737058923912067 -5.045668121940698
1.1174088566985299 3.7689727667594006 -5.009176386158014
1.1112576211362022 3.798895220779299 -4.969752038230263
1.1119922074265585 3.825825741372154 -4.927714138353457
1.1037743737600318 3.8549060282413334 -4.888024453404758
1.0795188484389875 3.886468506812613 -4.857987124129156
1.065882528523413 3.9164227759838215 -4.820549458198454
1.0602993651179586 3.9436212989884836 -4.779120501584472
1.870730660654589 3.4712281800867713 -4.4260734933275465
1.88351062155758 3.4863213030201563 -4.380187677986691
1.8961375712669117 3.501296348411698 -4.334202799373122
1.8991042846502744 3.5267354591202578 -4.291280537384563
1.894834287365148 3.5573176636135195 -4.252006863372463
1.877079906045825 3.595685983181114 -4.225507557171257
1.8493158105354308 3.6351908599529414 -4.213125862530399
1.8155089649953393 3.6718921630436268 -4.2133152347741945
1.75938266363482 3.736074583553097 -4.203805978149435
1.8605626749799935 3.481659727674788 -4.429091031921401
1.8522566550775752 3.516009650731623 -4.393683204877678
1.8338715792366866 3.5552964158066924 -4.368996308601686
1.8101768752595593 3.594454811173734 -4.349119163499084
1.780690090629797 3.633728855448119 -4.339628806033277
1.7446966229632757 3.6671257298988054 -4.348247121520257
1.7071038612324116 3.6921231642011842 -4.368621703124705
1.6716659729764596 3.708386173109711 -4.399974443977864
1.6373357599997616 3.721963723150477 -4.433719700379518
2.008124919757386 3.0553085447991566 -4.67058449975745
2.0210799487891853 3.0574174742897227 -4.643376419434176
2.0499105260175825 3.0328994023189133 -4.61177765480417
2.078538139250859 3.0118023358533716 -4.577181887472363
2.106926665795409 2.992326608874867 -4.541232518560162
2.1326370360083327 2.977827694713345 -4.501541178726995
2.001583513538083 3.054244245757678 -4.684322163432535
2.002066537254379 3.0543229245227836 -4.6833076720550295
2.0025758594222145 3.054405944346886 -4.682237889375449
2.00331009908468 3.0545256012386974 -4.6806957133328115
2.0042128786907756 3.054672523669076 -4.678799739933239
2.00518197650508 3.05482998940505 -4.676764735683967
2.0060532117892467 3.054971715802217 -4.674935071932423
2.0067055383968815 3.0550776119475356 -4.673565351680993
2.0072171578114526 3.055160585172242 -4.6724911611535545
1.5725784118945731 3.7102646772131513 -4.554135905919141
1.569284662064464 3.707469428905698 -4.563813915458232
1.5739249111066418 3.7114101146448792 -4.550175088299958
1.580777070845333 3.7171865250950997 -4.530103904334328
1.1811934467536844 3.8453407868834626 -4.824412731524409
1.162470266733371 3.869660109140658 -4.804470337870788
1.1558045563991959 3.8908886563709872 -4.776841112490179
-0.2071059847750668 2.4296994217044077 -6.5466842379053904
-0.2302268479466017 2.3863496405668307 -6.554664101262697
-0.23233723860947705 2.28669116146265 -6.577215737863551
-0.2640903960832625 2.274064370109204 -6.573717821799026
-0.31158869941656264 2.196872098717631 -6.576914337228595
-0.30353379345933146 2.189856955701026 -6.579305268169939
-0.302346576268454 2.1890993077514143 -6.579632838543812
-0.31063905869745323 2.197086633020741 -6.5771026195061335
-0.3283200274224115 2.2135275114313555 -6.571760734724419
-0.21894105339446276 2.4378755801242704 -6.542914130640294
-0.2629734415170769 2.415003510458577 -6.5426724542872785
-0.31147784275876916 2.4062381688489305 -6.537477235977378
-0.3597212316000904 2.4020442030393063 -6.526315347805249
-0.4078086402277316 2.400302472311044 -6.514026231263694
-0.45596072959331185 2.399966245368573 -6.501320746118952
-0.5031578355083188 2.4018329233984566 -6.485666265209188
-0.5476621535763481 2.4131478442243726 -6.4667371096539705
-0.5898937322576031 2.430321023797487 -6.446732571912591
0.30234508243105723 2.3672004121065973 -6.548282648235481
0.2967655372231402 2.341565175178229 -6.554913322877065
0.33205596334707005 2.3065162413939317 -6.554703499812533
0.3676514685975928 2.2718061168317814 -6.553411878089248
0.4029391849850207 2.237028997250273 -6.549824167969765
0.45053528672650395 2.1454599935981005 -6.548146336426791
0.4898794865756815 2.153410626414006 -6.537105811230443
0.5334249282713779 2.161799602163615 -6.52002347349361
0.5767863162362032 2.170312770647289 -6.502039651755797
0.3049322858957389 2.379260527037644 -6.545171389732675
0.30467856755123224 2.3789328600355057 -6.545295561894686
0.3081995313882391 2.3953421648195077 -6.541062141373933
0.31441457042960574 2.4235549078694647 -6.531781245539964
0.3216068930323594 2.4597252117292925 -6.518563511859639
0.3890001551845659 2.5217897945782513 -6.48300161219656
0.3803159204221514 2.533297383497858 -6.481703071658549
0.3700376098611649 2.546867792737135 -6.480181268640026
0.35800936623585955 2.5620064247134393 -6.477700271076709
-0.35274242298613523 3.585635848519568 -5.706325274558415
-0.3626447711507827 3.580127092111467 -5.709906211619075
-0.38425530308792166 3.5676145485293134 -5.717371001851045
-0.41454765054125176 3.5500752986892623 -5.72783460134585
-0.463463083914301 3.541737629976083 -5.721659193574411
-0.51191388172542 3.5300142130962304 -5.718780697429802
-0.5588142017389305 3.5270109000804712 -5.701996730122905
-0.6029353639803354 3.530662928992415 -5.678571222115338
-0.6425656320059565 3.539997059860274 -5.6498583665685205
-0.36215038055806625 3.5804133594886185 -5.709735421078857
-0.3759020824756909 3.57245099175237 -5.714485703835478
-0.384389461713809 3.567536793875417 -5.717417431409857
-0.3931335049165637 3.562473976879147 -5.720437828465825
-0.4353027691036753 3.572265984438586 -5.695456372396073
-0.4714644974564472 3.588438175797142 -5.6650188373168335
-0.5000439703443356 3.609150654670894 -5.629738280760011
-0.5222273929485662 3.6320709511763978 -5.591325359132285
-0.4778448368537053 3.6827823974354956 -5.545317394125101
-0.5911947727811406 3.3278371504451205 -5.899018433490917
-0.618388549318167 3.292565116391173 -5.921488360201328
-0.6446605624002121 3.25545303496967 -5.942005615675519
-0.6708753557492745 3.2181436495366444 -5.962330106920743
-0.6968827560202066 3.1807973183192244 -5.982562785741106
-0.722067795892812 3.141966057847324 -6.001113723168085
-0.7814995121929139 3.070420366555658 -6.028050701685415
-0.7728573292844882 3.0638591267724062 -6.037250995112212
-0.7641830536882948 3.0571725918052413 -6.0465563700389335
-0.6014240850571907 3.332852259742263 -5.889443758960423
-0.6460245474020772 3.3106851817844056 -5.890836097332181
-0.6927818870110224 3.2975021979105636 -5.879497312801074
-0.7392775729229091 3.2888479737062317 -5.863898358895805
-0.7836036939832464 3.284919265461491 -5.841779698466458
-0.8270076577568803 3.2841880311979414 -5.817162041902786
-0.8691396129810269 3.2860813456513034 -5.790568474520589
-0.9090710802450455 3.2897459750009292 -5.760972438455775
-0.9472600301943646 3.294300897956072 -5.729131414866224
0.26614151707105704 4.005469949137254 -5.129820084322031
0.25899592132054283 4.0312778795884165 -5.0876398559526965
0.25182155445974597 4.056853663175643 -5.0453194853418495
0.24456980054406266 4.081882770634968 -5.002671667189598
0.23730678655207044 4.106556123833807 -4.959838150733496
0.22999160846550176 4.1306301179914735 -4.916662053109978
0.22261913713967665 4.1541648014426436 -4.873219888569211
0.13863283172155183 4.176884904120291 -4.844812869808249
0.12988415412404564 4.199950668660957 -4.80141058162436
0.28092457878182386 4.003736378917931 -5.12887241942801
0.3051309244413765 4.023539953212387 -5.089875927832531
0.3413206940910531 4.036823215108676 -5.058132309956555
0.42964659705749386 4.056238100174339 -4.995245246547953
0.4322072871935117 4.053891749439317 -4.998209743139751
0.43721485669725174 4.0493209493389495 -5.003977015391781
0.4442798958511321 4.042868931394889 -5.0121193479567925
0.49125406023081913 4.041698725581833 -4.995048500235354
0.5387347116597243 4.039402523118239 -4.979556125969681
-0.06531796869514384 3.9100659046218165 -5.309892110943241
-0.11523664425138568 3.908636262756199 -5.309541722792523
-0.16493553567797023 3.9052283802074554 -5.307903815675011
-0.2146507918263413 3.9017014438342335 -5.306176095358078
-0.2642851799396457 3.897851564984791 -5.304225045395267
-0.3136434751626048 3.891532628432482 -5.300645705888728
-0.3630532438121074 3.885178424404632 -5.2970017548633805
-0.40902956134073043 3.888590444018356 -5.277982336930494
-0.44551899441997805 3.9000750068938634 -5.246183038026232
-0.06326505513106725 3.9181914334023404 -5.297580177745682
-0.10405929793139138 3.933281266324176 -5.273106341119143
-0.13391925072998853 3.952774577286031 -5.238239348395882
-0.15772498821380693 3.9742383561216914 -5.200046640925184
-0.17445126066283945 3.9977956594882036 -5.1593307522004395
-0.18722481786988232 4.021707554933719 -5.117397451572218
-0.19692450390292643 4.045950282585219 -5.0748048908158205
-0.2035648369801424 4.070514246708555 -5.031818214182298
-0.20773922626173172 4.094222584043009 -4.988063164262474
0.739149597964745 3.870832439207053 -5.148269927427867
0.7229240595214681 3.9006785334667473 -5.11163110477619
0.706579412404977 3.9302276645031995 -5.07476399485584
0.6899944941935083 3.958966829715999 -5.037446927790641
0.689664484909399 3.9845004423904813 -4.994661763835305
0.7080685920099413 4.002309756883678 -4.952053985581027
0.738583076359558 4.012557051945353 -4.914042614456315
0.7765521890770177 4.017269179278286 -4.880729490492618
0.8108024553266932 4.024043168847064 -4.844828215514734
0.7530101968268565 3.868501207931855 -5.143267171683963
0.8230153684786642 3.8853708569427168 -5.073086186655819
0.8134141353312986 3.9034344012667215 -5.0499560581099505
0.8054759870066535 3.918033187827251 -5.030999546273314
0.7998316067482322 3.9284090694399323 -5.017528115211205
0.8373500581129563 3.932102867452055 -4.985114920377929
0.8794874957299833 3.9274620486652845 -4.960261669948082
2.659716525801053 2.2058677063259107 -3.6561883126835446
2.673381182138513 2.1738778593996413 -3.6203168699900354
2.6863693510816486 2.141854859748687 -3.584232418966136
2.6993613303165414 2.109822879720316 -3.5481372924172443
2.7117026151255605 2.077778556092137 -3.511837893065856
2.7228596559787297 2.045755154413589 -3.475149708673769
2.734019489374271 2.01371738330207 -3.438452338270286
2.745179761662296 1.9816723796159919 -3.4017535216554373
2.7578737089664185 1.966314639692621 -3.3559362852033376
2.660949143772596 2.2185709206478044 -3.648423753071384
2.676495070712722 2.215391118216014 -3.6010265930720666
2.689768537145253 2.2276984884281337 -3.554409484805326
2.702189992807551 2.245671322565907 -3.5094340479184623
2.7122267075751427 2.270725442179909 -3.467399454819174
2.7209817843679454 2.2993157474545654 -3.4273472843680883
2.729033189054921 2.3302864441154263 -3.388965081625267
2.7352037206644844 2.3639135998538654 -3.352552326291208
2.741773788370285 2.3938318881896405 -3.3130768341733647
2.6028065365405264 1.9982616726998514 -3.8490092305211627
2.6073111816429893 1.9502347193390754 -3.836221450492968
2.6071418487176072 2.0044201717768573 -3.8361630562388322
2.6198199321766094 1.97345974849751 -3.799200395663887
2.634988820016018 1.9560247459199116 -3.7549767833621503
2.649550027379268 1.944357815379533 -3.7087070866160996
2.6643490101102216 1.9353886996903298 -3.6618614586927944
2.6796600747337407 1.9429419010421412 -3.614915785283555
2.6942893652815934 1.9323595688051483 -3.568407478223824
2.705810540776729 1.9032743690102345 -3.5296364821676165
2.71088104057012 1.861011436165581 -3.503720146674224
2.685259588064281 1.7374677646093577 -3.559352841568298
2.699036417155762 1.7275203809164632 -3.512536566737777
2.711363678792321 1.7178166313724879 -3.465978666718151
2.732171124385206 1.7095209857163474 -3.3902383846203192
2.731184883679817 1.678247158339451 -3.382680060863611
2.730038748269062 1.6420314050592484 -3.3739415283263017
2.7272784639042147 1.6062638585407027 -3.364769016345609
2.724193570246855 1.5731277915079789 -3.3561211841250325
2.721900071411109 1.5484871306145318 -3.3496887852168284
2.685434927561803 1.7373449005072612 -3.55877230274998
2.6991493371620208 1.7274350921653996 -3.5121113548844334
2.7116028155291225 1.7176395023166062 -3.4650794020052555
2.7324514519169307 1.7184894924088854 -3.3924146620324462
2.74696783794325 1.7306517110091468 -3.346237104908087
2.76159415908335 1.7452533521121065 -3.30076380992401
2.7756358826119842 1.7607515988553144 -3.2554257076101396
2.7889615477832153 1.7767042401851367 -3.2100007053
2.826467992533457 1.792844426184976 -3.0741904982642896
2.5162436708813583 1.4796217227135746 -3.9423538816184904
2.508351083511796 1.470566766284335 -3.959216751873376
2.497069993296256 1.4576096818353734 -3.9833111338956475
2.4829669971014927 1.4414040499371221 -4.013428451710629
2.466036009151817 1.423345104455161 -4.047230766914616
2.5216113172380425 1.4553340280740679 -3.913818367406854
2.523466392496095 1.414499603926966 -3.8857709418613164
2.5246908671867008 1.3748026310108818 -3.855845272296754
1.9443349171416706 2.1233521015769186 -5.253316715271759
1.938463365340487 2.134003283428251 -5.261548268473842
1.9134402098801748 2.120991158553455 -5.301774192102683
1.8867048085897442 2.110924513822454 -5.342309036403386
1.8628937896378726 2.1204537025362034 -5.377077850038268
1.840295608890184 2.1488262123996433 -5.408683372839987
2.402505827112686 3.3533700398482806 -3.3554927534418617
2.368233028668336 3.4466971939557247 -3.296421610285782
2.3805564945435305 3.445960279557256 -3.258259021911088
2.3731046434786176 3.480624086189011 -3.2149891514098305
2.384454427719164 3.4821544564721147 -3.177068299879924
2.395448741465701 3.48345333578513 -3.138912045986391
2.406190936822354 3.4844759069135782 -3.099890964969805
2.4036152575417202 3.5096254096814854 -3.0567519893470063
2.4013906368407962 3.5337689594314354 -3.0130349605160145
2.4103755959572015 3.341099896359181 -3.352827793159116
2.4247174875398083 3.3434685552404835 -3.304973404206211
2.4411445244436107 3.3416088639809667 -3.2581121459781426
2.457123375077785 3.339516199963656 -3.211092344876264
2.471347336593862 3.3370470295404098 -3.1664353648746673
2.5243523304413666 3.253221400540068 -3.135286598882252
2.531498697305007 3.2553666408605664 -3.108200451006567
2.536454951541601 3.2567962012082616 -3.0877546365029076
2.540290940231406 3.257852516465297 -3.071497932975757
2.1165632579033438 3.590809852623602 -3.7171030273735375
2.0840541788601663 3.6267989873323745 -3.728539958160502
2.0507511935659477 3.662293548630815 -3.7396898896604367
2.0174540815131516 3.6977737068172782 -3.7508531878780715
1.9831164963180004 3.732327054167349 -3.7615663048200796
1.9477219545310378 3.7660193685830174 -3.7718440033859526
1.9123395698396088 3.7996994895018084 -3.782119431646459
1.8791761792265063 3.836647464962516 -3.7774713359071703
1.849212733420334 3.8735195523429358 -3.761960471566264
2.119429967065247 3.5947999571343185 -3.7030090543591028
2.0962527895612264 3.6349668378326294 -3.684596451218219
2.080488790583527 3.6702855517152955 -3.653248906621854
2.0349577313872937 3.7538683643456308 -3.59808143707562
2.047924979570055 3.751752340638982 -3.5704096155240426
2.0624234018329752 3.7490045047462464 -3.538901293555748
2.0598636881862293 3.7729384920550446 -3.495100310299169
2.057830476518216 3.7952913786490403 -3.4504529307015646
2.0570760442616125 3.816026681078381 -3.4050372278379317
1.9521146574865123 3.6314955557663167 -4.0150198956842456
1.9452031118955575 3.6622536518593582 -3.9762677269540285
1.9374920246402518 3.6923090419129694 -3.9370939998614585
1.929402571792288 3.721960694227632 -3.897726200953847
1.9425475745790834 3.637777768438127 -4.024617553098609
1.9164174422565134 3.676887690974672 -4.007933218041185
1.8838324316288877 3.7145162926434394 -4.005370745056947
1.8496316890928512 3.750660291684866 -4.008790533880993
1.8129776366143366 3.782896148491623 -4.018970023123718
1.7753150026635118 3.8126780138987755 -4.032596545513354
1.7409262719706098 3.848508588740492 -4.028117242207957
1.7112884566110604 3.884596087163132 -4.010706106881081
1.6855836279745733 3.919285555342538 -3.985771723386343
2.4852658233648093 2.9288311398123246 -3.7003383409711725
2.4970930488853615 2.9400975002681964 -3.653122063653622
2.508641592884491 2.9511496466095326 -3.6058084284612484
2.489791362022334 3.037738074603714 -3.5631239527985707
2.501545972978617 3.0453551257914566 -3.515934744192447
2.51023717818947 3.0602702463600124 -3.4690340769110413
2.5259806613736155 3.058251904687442 -3.4216406354907805
2.5459962445693 3.042440494871409 -3.37866188975013
2.568453015768186 3.01406531261855 -3.344171625195855
2.4792739023096866 2.9418882832228603 -3.704280416663689
2.4773779820142496 2.9776254287863186 -3.6694639315509727
2.466733731821618 3.023242128326807 -3.646155347783771
2.470830754920476 3.0258101397027466 -3.6315145538926004
2.4491695602817325 3.070980672095253 -3.6384178782269827
2.4252274219003818 3.11135433293718 -3.6563518279124763
2.3997834316627906 3.14755539869591 -3.678962148155229
2.646846065551511 2.5809258782680167 -3.5208005218235874
2.66188790523853 2.578417568531183 -3.4732052540134144
2.676817773206316 2.5758688985300213 -3.425593085916534
2.6912262582751763 2.5728346822021693 -3.377804434819932
2.7031144768133077 2.5810752443081535 -3.330024355314169
2.709595615058047 2.6067597662101534 -3.2876312692369853
2.7369556422341046 2.6260588665160522 -3.175183862776669
2.7294696091648865 2.6680351781613516 -3.163990787360852
2.7098917697485505 2.723440405215458 -3.184729183598494
2.648573286342005 2.5666054903622 -3.5244963476775335
2.665259691243767 2.535253159317517 -3.48942631539115
2.680426905319594 2.4937479137026535 -3.466062912017521
2.6943420650028758 2.4492134083814694 -3.4482463266730674
0.9845547278759428 3.89142817483497 -4.937173066232107
0.9680684292009838 3.9209629815943057 -4.900937524125129
0.9544540338918577 3.9500020024665363 -4.862874373727295
0.938162226720247 3.9788928810035404 -4.825732124686489
0.9030591827035197 4.012314154665067 -4.795661430956352
0.8956312772455512 4.0389966369894195 -4.754969186157674
0.888382961953802 4.0630971415498385 -4.716249471836489
0.8809627846085732 4.085343199509468 -4.678740565276826
0.8959735710376587 4.1020590082257815 -4.63415266539637
0.9865401149605967 3.895338491924446 -4.928941300664766
0.9787685739329229 3.923192888726547 -4.888648841407123
1.0560297235923743 3.97007570717062 -4.737017579639287
1.051793933741012 3.996523946109399 -4.694892633046857
1.047107906980592 4.022117885456753 -4.652300837015999
1.0419899001165631 4.0468705108413605 -4.609211808849774
1.0553865029771994 4.063389225780974 -4.564488279412849
1.0880536100948313 4.065605852020254 -4.529167404572668
1.1208618287513457 4.066359812106737 -4.491885591581437
1.153702801305184 4.066692386221536 -4.454304522226432
1.1892606748088979 4.064175284689964 -4.419286617698331
1.04298669623221 3.9737265022662567 -4.743277142276903
1.012791051335748 4.003694213379733 -4.717357971329638
1.7222991994638666 3.768456506486327 -4.211364521385466
1.6850667324311421 3.8007539333522855 -4.218871418875359
1.6467419699340773 3.8318926637507356 -4.225738327181379
1.6076070832401061 3.8621885668511107 -4.232147557675523
1.5684656181293135 3.8924807931434686 -4.238574339306015
1.5285170113439999 3.921695859521254 -4.244432300745097
1.4327387032382795 3.993413886833901 -4.248078858947225
1.4359827945972052 3.998386902408547 -4.233838378799993
1.4428676197925177 4.0080360716933265 -4.2033790117710765
1.7218227449866794 3.7614353566752268 -4.22449782383505
1.687583821250974 3.7765268318390186 -4.257413828093063
1.6595647117845316 3.779968264796945 -4.298557394786031
-0.34188016429778045 2.225711454821826 -6.567702063807991
-0.3496219660228099 2.2328228078714782 -6.565370921719995
-0.3744679025558563 2.255463752066632 -6.555531151717392
-0.40369100408729486 2.2822955980734108 -6.542197187709779
-0.4454234190256764 2.299869182484298 -6.526678441587554
-0.4907403668110852 2.2976151280558343 -6.513160623707812
-0.5328741270612152 2.277711269219374 -6.502083523537847
-0.5659223958812253 2.2508229051327318 -6.495444648814361
-0.5842151914129101 2.2317970305237504 -6.491388536533009
-0.613152471081862 2.14469077036113 -6.491303572386855
-0.6256002032946848 2.4568562319576643 -6.424463111364172
-0.6605347899407277 2.4827656652906622 -6.400356683531206
-0.66885664550567 2.53724992850743 -6.378931929166629
-0.698044995963763 2.5699802784148877 -6.355176273418223
-0.726908979312306 2.599596904935666 -6.327761301691338
-0.7863411324275263 2.6735814612049316 -6.264994665919772
-0.7900628162479267 2.6705036377843645 -6.264459758192833
-0.7934129657681919 2.6677709276526267 -6.263959810959067
-0.7966108484461526 2.665155925697136 -6.263485750670319
-0.6325856216800737 2.4437262781128015 -6.424967873795304
-0.7339938035691833 2.4395176681186466 -6.381220686119275
-0.7348625619932756 2.431010173260559 -6.383657494288753
-0.7363257420394113 2.417171062225271 -6.3874275297733085
-0.7375159641366483 2.3975426307322683 -6.391214693135089
-0.739029040147524 2.3725193597481753 -6.396044778437936
-0.7759314334767186 2.3407123967723544 -6.38405423731325
-0.8109199811866442 2.306664019069638 -6.373134010170652
-0.8443050028690529 2.2715234707617324 -6.361183587564791
0.6015772661539716 2.208662499394322 -6.4876011600509464
0.6264331512686769 2.2475916951078583 -6.472272080482325
0.6509508395084171 2.286827476264888 -6.4552080158581795
0.7291376663567307 2.2881905154864066 -6.420516364091045
0.7505098406600047 2.3274191443725414 -6.40141538456736
0.7686924318987908 2.361529674622526 -6.383229051890042
0.7525177907902689 2.4057925723736377 -6.380027123453193
0.724556139361092 2.445048424238368 -6.383046069566267
0.6903416557151546 2.4791053442101223 -6.388132702392572
0.6111678860131496 2.1993656447229317 -6.485011414194764
0.6525283496025555 2.2147448014733557 -6.466001438196313
0.6968893156029111 2.2146744962237563 -6.446452855586745
0.7402281763448275 2.205523790814673 -6.426597767824866
0.7785650587561856 2.180591399923754 -6.410811059688129
0.8129155396781228 2.1486111597593096 -6.397369736595368
0.34828171967589255 2.573870512734038 -6.474776969147564
0.33035599225962636 2.595712984746721 -6.469398709341213
0.33053644519107034 2.6417075410989876 -6.449584836176218
0.3262489071359303 2.687878617074422 -6.430695072596963
0.31954012979442353 2.732850345936698 -6.41026674264011
0.3308094003329257 2.775168773687128 -6.387042375548529
0.3590223427624442 2.807865086557237 -6.362843630540853
0.3963078662852296 2.8317134343958714 -6.340544267186178
0.4424659985953079 2.8398248213597297 -6.324338714614247
0.3400007674883002 2.5839493180249318 -6.472297386953182
0.32107191176224226 2.6070020082572385 -6.4666233568627005
0.3209001581739695 2.6529398397612027 -6.446912698832741
0.31205365948058783 2.6984430194314455 -6.428788576816269
0.2933331484464518 2.7413495049611987 -6.411732972337286
-0.6736849658619415 3.556033827299836 -5.614290803007698
-0.7048643844721487 3.572062519821339 -5.5787010011997396
-0.7358538931484636 3.587614809792065 -5.542756817561156
-0.7668145977593935 3.603187679577447 -5.506773911277671
-0.7970757217767659 3.617390628129743 -5.469709661126641
-0.827167621504487 3.631319367445 -5.432366487527186
-0.8741814375980828 3.635325279338636 -5.3963422131723595
-0.8900309938864723 3.6571434270261434 -5.357950336964019
-0.9050427797127625 3.677354120828801 -5.318302133702077
-0.6826370433295378 3.546400494379824 -5.621005028538203
-0.7285402322886126 3.541949269930763 -5.6019723117728
-0.7755242707771421 3.527041217733486 -5.594457060856834
-0.8204195759916588 3.5058837234793914 -5.589654481234251
-0.8630887670118841 3.4802079552234813 -5.591117166605031
-0.9042478692462808 3.4524929071172212 -5.595912691487338
-0.9487473654743923 3.4328372861599004 -5.58572450080148
-0.9911433400564017 3.4260192298285825 -5.560759472124746
-1.024886687228116 3.433118942149616 -5.527505312665853
-0.4924956262465244 3.7080282486998053 -5.506156059003763
-0.5071510251581446 3.7328400965639665 -5.466039577377712
-0.5159256824547818 3.7601793815609152 -5.42494397188583
-0.5255272501348258 3.786939289408171 -5.383751118314858
-0.5524079207980845 3.8054321143141325 -5.345971707291695
-0.5929949294217401 3.8126985732283876 -5.31797084621974
-0.6391089459086676 3.8086108316452005 -5.299499926316762
-0.6866531811575035 3.7983952930349996 -5.288621221584123
-0.7318670743327347 3.794459183988697 -5.268534045004258
-0.49272207027081544 3.708418976958412 -5.505526149375255
-0.5074418323478234 3.733353888842243 -5.4652142030925805
-0.5252120510252035 3.7571142776060635 -5.425223415538054
-0.5562135392757152 3.7731437407844868 -5.389673347040382
-0.5973807898075013 3.7799721732242206 -5.362398846339467
-0.6438110419097979 3.7749063452515417 -5.345090114464994
-0.7362414361978298 3.7369686889466713 -5.349798042960775
-0.7344890224170658 3.734401357886151 -5.354152371871957
-0.7293306074257256 3.727127218622314 -5.366594943378795
-0.7509528268994002 3.0470037935391505 -6.060728314663504
-0.756438903870293 3.0048997531167077 -6.087397926532233
-0.7587646029144919 2.9634595989707497 -6.115246358455191
-0.7592677959974943 2.921652899163221 -6.142639695294987
-0.758399510815841 2.879501764602609 -6.1692997021641105
-0.7560357234896623 2.8371693969776897 -6.195664959812792
-0.745767309984577 2.7971035973154503 -6.223199955029959
-0.7225189392548756 2.7653845606683505 -6.252595789969211
-0.6854917676139878 2.7483140664816044 -6.279523252887209
-0.7595729035145407 3.0536105481939977 -6.051507782692954
-0.7517647726624186 3.047621660315815 -6.059862929772961
-0.745488111916083 3.0428090882081826 -6.0665781441024755
-0.7628957188057112 3.000472342881395 -6.087079294415097
-0.7864438227907786 2.9594485048315184 -6.103396513881261
-0.8200014828106732 2.9231660167919737 -6.109789719313055
-0.858749965934214 2.892187822905357 -6.104875200027793
-0.8998952118808056 2.865513633789776 -6.0959126488638695
-0.9421589250123198 2.8415872471898167 -6.084616047675321
-0.9877723021591783 3.2938043588489156 -5.7000268510460845
-1.0280154007489772 3.2929592759369357 -5.670491202992889
-1.0675304039001168 3.2917309692696786 -5.640346818831333
-1.1061746958081866 3.290031935252196 -5.6094659331899175
-1.1486241728910247 3.2739586867245767 -5.588764226259022
-1.1899748353575321 3.2490229231478507 -5.576440111094118
-1.2289916390148372 3.218854140891088 -5.569084956736578
-1.2655164523648104 3.1852553258272276 -5.564194256664959
-1.3290953432925139 3.111857222119638 -5.566218703045443
-0.9808106238359713 3.3054807545671454 -5.694021446432396
-1.0035510869366107 3.3275376202637905 -5.655608986800606
0.12107060500894731 4.221790961404472 -4.757575565405115
0.11543634590469891 4.2438202674352805 -4.713054281353763
0.10934876309980492 4.265729174059661 -4.668536528385209
0.10301084900266225 4.287511224655533 -4.623971283479011
0.09654396890327753 4.309143557756293 -4.579377945298375
0.0899821130376229 4.330097822405519 -4.534474513720207
0.08339061234666109 4.350400434211882 -4.4892944012311125
0.12347731941235801 4.369543495467004 -4.442804242192117
0.12272695619617188 4.389540335929898 -4.397214646257844
0.12122580607435335 4.221395029618406 -4.758370659899365
0.10135412501375435 4.242362492241986 -4.717363139255469
0.06725877062057906 4.259690043491001 -4.684953466309406
0.02381556008951232 4.271399607049653 -4.663505557343914
-0.022418749816655655 4.279005233046829 -4.646698812663817
-0.07112543071867004 4.283025738777704 -4.636663128344768
-0.12052928128958394 4.284240747041222 -4.629860762085017
-0.17021505485126526 4.282595390653563 -4.625368214491629
-0.22002984905370243 4.279443467267207 -4.624035321277631
0.5870282982820274 4.030812499585264 -4.970331249810125
0.5838074840870078 4.038775687739549 -4.95810568958353
0.620829492930418 4.04630832428265 -4.925533266159454
-0.4784435380637673 3.914240722872009 -5.211513078056169
-0.5113991087260608 3.9282014235487392 -5.176714892084844
-0.5440201882368768 3.9413133820979662 -5.141366052226909
-0.5764358439070848 3.9535569434754314 -5.105424308086242
-0.6087884475376928 3.965649428123056 -5.0694176316404596
-0.6411489891816339 3.977711027867954 -5.033340137930345
-0.673020541860306 3.988343859390586 -4.996420752564104
-0.6949564475434673 4.004931508367354 -4.954736242802392
-0.7419239449563991 4.04807355088147 -4.851509139797996
-0.4663512498524209 3.9207258523924775 -5.205876914352166
-0.4716427978532364 3.946159432035168 -5.163340772192707
-0.4616323032119311 3.9737452865963254 -5.123060723425292
-0.44574388401969506 4.0003342659639625 -5.08394918534257
-0.4224970779095114 4.026294644438739 -5.04813984153855
-0.39574039009618517 4.051646366944443 -5.014494362932908
-0.3868877532328828 4.076690579356801 -4.972318148674111
-0.3975243387770852 4.098722303474603 -4.928929394451783
-0.42135914442948175 4.116114435132146 -4.888730468521012
-0.2177085849393407 4.116668264262307 -4.944531648705777
-0.22764958940776123 4.1391231085037 -4.9009891129832726
-0.23753361036826987 4.161185609689675 -4.85724721788848
-0.2474131073737944 4.183196926414535 -4.813458082865992
-0.2504481334843417 4.2055276913912065 -4.768881812328841
-0.26116470616801835 4.2263231196260715 -4.724845328886635
-0.2028710856332364 4.1183279351860245 -4.944556418355165
-0.1810273421905551 4.1416079814359765 -4.906109265392541
-0.14645852286849861 4.160322311770739 -4.875315659363237
-0.1078479739892646 4.176229898653164 -4.84807421366175
-0.06466203096071815 4.18930164307158 -4.826702023630648
-0.01963277295721453 4.200058323916053 -4.80804583004302
0.0201233433629622 4.213393098740728 -4.781016795237334
2.7712378921048204 1.9726478915774928 -3.3082349838424427
2.7840811608375784 1.9789734490906612 -3.260367932829265
2.7969534859774052 1.9852877156537263 -3.212486075293943
2.809916952668359 1.991609007371504 -3.164611679314633
2.822878923005718 1.9979236456477583 -3.116742727222293
2.833285621956237 2.022589989824678 -3.07455392266908
2.841109379337599 2.058345449203159 -3.0405172094396247
2.8470910669041456 2.099732162685779 -3.0131053104482866
2.850758469805387 2.1438607577151627 -2.9900289431610134
2.771101966776512 1.957724248299979 -3.308534387915462
2.7821690344671963 1.9325204752350094 -3.26685975610676
2.7902990905336975 1.8953285133171085 -3.234524300193503
2.7507245924639685 2.4163574268430965 -3.2693983047931856
2.759690942519823 2.438846973701418 -3.225685525921278
2.767645835745468 2.461151913436119 -3.1816894136351057
2.775500907140792 2.483423894508521 -3.137644537819189
2.7878650227043984 2.4868945713632074 -3.089375693509746
2.8013441601791116 2.4764828066802655 -3.042392522749644
2.8155089908394855 2.4581793130540306 -2.9980905940247244
2.8297983605736072 2.435400677799163 -2.9559440441518974
2.8429529127256234 2.4265259986695504 -2.9085697793703105
2.754088347576783 2.4023621990045747 -3.2654264417267833
2.7681469650110917 2.3937877642333945 -3.2182921340416515
2.7823285523790706 2.37052662173284 -3.176418444992712
2.7963139494643157 2.3421468165720705 -3.1377468362119285
2.8093926970413228 2.3076300003320322 -3.104079471292124
2.820171175116992 2.2683690979127054 -3.075134832990208
2.831171565139641 2.2300160851697433 -3.0452948485054723
2.7237319791955015 1.4579091847172467 -3.288771815694698
2.7353949160014417 1.4634261647436648 -3.249499251748784
2.7411311987682776 1.4352724067497116 -3.208367388542096
2.7481426518414582 1.4110571632966913 -3.165298956896326
2.754215750113496 1.3880345940983652 -3.1238216703161066
2.758570136902839 1.3689102099058896 -3.088950158212464
2.7745075184835732 1.389083695200399 -3.0460914485547668
2.7903177087267905 1.4179379501804903 -3.0084780593412996
2.8048364235762464 1.4522363394830242 -2.9752821927763025
2.737608744452086 1.5591926474219133 -3.3016401610468717
2.7507443033302574 1.5557314943002754 -3.2542247823768498
2.762674333807306 1.5525933630886102 -3.2111641248837532
2.772260121646353 1.549944176896303 -3.1730491404765155
2.7812047778208053 1.5474799997883157 -3.136963556703435
2.7951780569657387 1.581122135014929 -3.102738720475876
2.807643135012127 1.6235964280909794 -3.0795575410070235
2.8204274951169914 1.6575987831513863 -3.045320906659638
2.8334800800844087 1.6745695764044812 -3.000301655760225
2.8265820160599446 1.794077642072345 -3.074220536919136
2.826924035979559 1.7977680595756962 -3.0743072520395267
2.8278797639861057 1.8107818802307254 -3.0745510185347964
2.828861701299134 1.8389748069862706 -3.074799743683751
2.8301839364770704 1.8769287285310559 -3.075133271924028
2.8377179361083034 1.9205976677379006 -3.051826988121315
2.827516547362512 1.804162791153824 -3.0744580594787303
2.8281203517629545 1.8177016753226496 -3.0746137471076436
2.8288377401358793 1.838296645435507 -3.074795116071156
2.8295152771196976 1.8577478910485243 -3.074966459807858
2.830206022235203 1.8775778756054373 -3.0751410775571486
2.8421010015842207 1.898557133151236 -3.0313699254146123
2.8684951144055373 1.9265898246558697 -2.928638981928571
2.869620482400758 1.9136484927314983 -2.923633490048188
2.870909331795046 1.8988401139423376 -2.9179010826624725
2.394636472657438 3.5620019302639236 -2.972342503907251
2.3876782408459305 3.590050946224278 -2.9315501738292613
2.38072692443994 3.618088012911985 -2.8907615985926722
2.3728547048730193 3.645460079855199 -2.8496869750122613
2.3648528190728104 3.6728705453157584 -2.80860062915246
2.3569535288131025 3.700326180402513 -2.7675373614117755
2.3483713946383933 3.727229792902459 -2.726294713210488
2.3397437747194245 3.754099242147708 -2.6850323185371225
2.3311147716374943 3.7809597259054555 -2.6437659083764586
2.4034094490748577 3.551502429097674 -2.966344006362392
2.4141995145850834 3.5561419401702095 -2.9177664734245248
2.4322441384562254 3.547309469805875 -2.872034114277937
2.452741099050755 3.5334068542645767 -2.8287273385576936
2.4989093427571656 3.4978485295139556 -2.73546301557436
2.5048918368245645 3.484872305681896 -2.7416573468406513
2.5296808289963195 3.456887000279859 -2.7084496165254985
2.554881412326496 3.426995097867691 -2.6773484495893394
2.578952769277105 3.3952314899698766 -2.6472572234007723
2.5456569912237366 3.259324261094517 -3.048767621738908
2.568933371162912 3.2292631769688698 -3.016287640793437
2.591673623319128 3.201668403798656 -2.9813376024412652
2.613898528009062 3.1750246073148913 -2.945352459441178
2.634713551373148 3.1483563346106225 -2.908567524493554
2.655468178047826 3.1219754003757854 -2.8715178246475066
2.676179465766835 3.0957825085295863 -2.834315936475897
2.695801232402365 3.0692759769687306 -2.796772443786103
2.732837093430845 2.9938449428674834 -2.761312257312164
2.5424768026480997 3.2584408004415444 -3.062259110209477
2.5453022643423266 3.2592246534096745 -3.0502744294726796
2.547446928919583 3.259819590793991 -3.041177549326122
2.571670059341182 3.220763822387568 -3.0214761359173434
2.5947727626496637 3.1775987634391356 -3.0113900375224385
2.613862042773475 3.131634935931019 -3.015413770556222
2.629934286427447 3.0856197422371943 -3.0266479856575046
2.643521290732368 3.0410608115827023 -3.0446267142007892
2.6546617643287878 2.9971734282034777 -3.0656978474204473
1.8270629177410345 3.9085109596295537 -3.733956709280906
1.8046057969417588 3.9431510759179793 -3.705794919103208
1.7809908262456067 3.976328185324989 -3.677024960103839
1.722703327413051 4.048303076077806 -3.628171067045751
1.728382713523433 4.047835503936382 -3.6173384037640695
1.7035549250912008 4.080283832873237 -3.588744715639946
1.6780944161564904 4.111876396906433 -3.5597784451740573
1.652402523423652 4.143380111798331 -3.530627806137009
1.626666336669288 4.174742834318067 -3.501452172753401
1.819207776783903 3.9104061996423423 -3.746506208832381
1.7830793826364357 3.9448550373441935 -3.74614254223876
1.7441813067405394 3.972696208933869 -3.7598589062625924
1.7056016621824202 3.997899916829975 -3.778918224600336
1.6684292325148695 4.018918997272424 -3.8046750336302235
1.631103779011404 4.0359496482958335 -3.8330232707416183
1.590425005715119 4.062225907004095 -3.8449997569264074
1.551133723884406 4.092943032933697 -3.8442801602933985
1.5132413129186475 4.123979343382319 -3.835042153358892
2.0522433670178644 3.839733480087471 -3.361425889369148
1.9955810711115889 3.917519727062972 -3.3243253939525412
2.0013719785057558 3.928196151172103 -3.281784520121116
1.9886466576643802 3.9561764147410035 -3.2423700185979145
1.974863888680724 3.984724503213454 -3.2037273822794936
1.9447712381954472 4.028200311361545 -3.1675588997000115
1.949394706950423 4.038710541113393 -3.1274746522254757
1.9535922679949627 4.048755945110469 -3.087211661477931
1.9378355295143332 4.076656448372735 -3.0488291032862396
2.0626655966752163 3.829920083196292 -3.357390964705371
2.0978312123743112 3.8112130786340632 -3.3095310746132123
2.1065566448139044 3.8204866926007957 -3.2646716283530917
2.11466083917776 3.82912625436186 -3.2202423636000304
2.122670553365136 3.837767336182624 -3.175484534551198
2.146812716615448 3.8260655485527146 -3.1333463617253106
2.173123106071474 3.810307109396167 -3.0940078877798967
2.200861103714715 3.790820803809912 -3.0575231057466135
2.2408090268005783 3.7515760854295968 -3.03290088295684
1.6490185673689373 3.9529481896478194 -3.9825447111117533
1.6118163648154005 3.985869277828334 -3.9789799409981725
1.5734309099377948 4.01746183127526 -3.974762949437291
1.5326387012051232 4.042184556180348 -3.989126844943027
1.4950181384469072 4.057863375865856 -4.017693741306682
1.4597045809025384 4.067257284786345 -4.051564158460555
1.4180219113653512 4.086967250846608 -4.07015422808087
1.37641392009348 4.114444547933331 -4.071575906486386
1.337616946033946 4.143863266435264 -4.060899048161351
1.6546990461709903 3.954499080518812 -3.9688593597503212
1.6331233409145587 3.987419923653816 -3.9383549683484755
2.58891887074393 2.9705872786684844 -3.3307102347786053
2.608765801673278 2.9268113473716864 -3.3171030324114423
2.628612590210681 2.8830372163301297 -3.303494098319566
2.647064905452983 2.838827560460238 -3.2894722162767227
2.6618126205706094 2.7914097924851435 -3.2864514857938336
2.6707529996471697 2.7455248931732736 -3.3017844853936036
2.6730111466271653 2.707163412393791 -3.3325327033874026
2.6664947375698778 2.6831879674962287 -3.3748667614869716
2.653414635211144 2.677769800164535 -3.4217573473283402
2.5901586391851987 2.977758292085388 -3.317667473207836
2.610448301066653 2.9527206341559995 -3.2795559145001567
2.6280204748953944 2.9411632006327912 -3.23425670404855
2.6439009638636985 2.9357083783940876 -3.1872026291962974
2.7036955515087353 2.764220479476462 -3.1698315322746238
2.694876415516504 2.807011458991656 -3.1533116973443014
2.685536343347889 2.851211394366662 -3.1362184673705866
2.6884093004357124 2.878501333352156 -3.0944979987153847
2.6962498543445452 2.8928266271880507 -3.04732879597239
2.7100360965443855 2.8888812200630247 -2.9995216716665944
2.7267736904878794 2.873688822724195 -2.9550207761425678
2.7500970372649722 2.845558122423755 -2.894412469981088
2.7695580986547994 2.807842410076629 -2.861780035600793
2.7029180038621785 2.768919619808568 -3.1680707535404093
2.6934099161316754 2.813954303403359 -3.1506244806866075
2.6859024263918165 2.8576125752453363 -3.127542798977104
2.6806349567025367 2.8985880603627683 -3.0994630676313704
0.9181235001235637 4.114983704955918 -4.591275949650309
0.9399448820381312 4.12719205563946 -4.548029893703419
0.961617684125129 4.139006125400569 -4.504613822908712
0.9680241948140256 4.158306036335385 -4.458974848418494
0.9633885977017089 4.181285356285269 -4.414839640154517
0.950531143543629 4.205918788931846 -4.373319437719792
0.9312977680267757 4.231625656225143 -4.335010934396122
0.9078853688310502 4.257718508813674 -4.299382018371443
0.8816608417044995 4.28288364398314 -4.265145513196662
0.9048819777797559 4.121475689757069 -4.588987796709964
0.8979569446539354 4.1458108334183565 -4.545906998121215
0.838547658383463 4.182940933799587 -4.519619487459397
0.8340041989495228 4.2033072355526935 -4.482174812185197
0.829682198065604 4.219533559020002 -4.449710734562351
0.8265374496095654 4.231314987271889 -4.42614483336344
0.7212575096256422 4.268882489519768 -4.424228774636046
0.7208293823182683 4.267276773122979 -4.427950448521984
0.719669811106324 4.262696597708328 -4.43852177488911
1.2213589899565709 4.064321345537585 -4.381017959220696
1.253386720858051 4.064373996653951 -4.3426712305465545
1.2854193590032807 4.064429426131668 -4.304312979247909
1.3165422084133878 4.063081592158496 -4.265267615051073
1.3336362660195795 4.073669475390222 -4.219727764666699
1.3344032135103034 4.094933745529641 -4.174683230662065
1.2289321117679386 4.055356633832098 -4.390250452928825
1.2725717963863048 4.037751329898229 -4.373618586036869
1.314920998092287 4.011557777210496 -4.370139025271369
1.356077717315613 3.9831369753987036 -4.372530588599865
1.39426966063896 3.95266136748405 -4.3820245580479344
1.421874382015553 3.9188715589377923 -4.405681219218072
1.4419948078473832 3.8862704122604974 -4.43757302705403
1.4519191060672432 3.8570821596215352 -4.476774133508071
1.4467840691296678 3.8357087925118805 -4.52144975002437
1.450515882523686 4.0193956790967045 -4.167980182211849
1.4482991480890688 4.0161133647480876 -4.178218441770407
1.4510687418755446 4.020180236484322 -4.165499460638326
-0.6393992674647995 2.1456560980731485 -6.4811627557223614
-0.6733541106490163 2.1461817641719914 -6.467824457438689
-0.7112482133279872 2.1469903835456856 -6.448374960954564
-0.7512661456237338 2.0879439144026684 -6.432913173988135
-0.7945043536542787 2.083624452355738 -6.412273809655435
-0.8309912610788195 2.0799048908629896 -6.393340712738036
-0.8586098478050458 2.0768853521944814 -6.376902077668778
-0.8778601842439931 2.032172309763404 -6.366834945408915
-0.909085690494624 1.9980138586516591 -6.348940672563093
-0.6486086668611071 2.1459373096244168 -6.477608503062819
-0.6862568780188425 2.1464359760635703 -6.461204314482669
-0.7258283123822595 2.1472857242616485 -6.440893325633822
-0.7663869445032837 2.0864581618045177 -6.4256943059225025
-0.8104790350213904 2.0820648592379523 -6.40464684367155
-0.8522880663956962 2.077646218710295 -6.380662538759384
-0.891551854486368 2.0651519385153847 -6.3575603505996705
-0.9324284019100944 2.062825442833513 -6.333160621598967
-0.9720077944344584 2.0720448728984056 -6.307519400595586
-0.8081891248921128 2.655615666913422 -6.261804612991192
-0.8299381133996093 2.637701895295499 -6.258643331060898
-0.8577091182028941 2.612965724593989 -6.252248380695373
-0.8892479784885643 2.584170921076104 -6.24431347913027
-0.9246442690924699 2.547176307218432 -6.237211631616125
-0.9645066734657086 2.522012346106251 -6.2214957726119495
-1.002481391468867 2.4957676462168212 -6.202873513337766
-1.0395063071132333 2.466958081554387 -6.185828075155081
-1.077525768958066 2.440882866911124 -6.16690103409494
-0.7969982707951022 2.6648367001661724 -6.263429496705343
-0.8002652699577669 2.662145086841233 -6.2629549775610895
-0.8042383495476616 2.658872076298943 -6.2623777432121885
-0.8078345362938422 2.655909220319467 -6.261855426311289
-0.8112179346051346 2.6531221652553967 -6.261363777973559
-0.8201960231105858 2.645726202210256 -6.260059306946092
-0.8269452170840567 2.6401648517598795 -6.259079415888797
-0.8279545541089655 2.639332809736821 -6.258933042495075
-0.8250720833131499 2.641707625699815 -6.259351706642037
-0.8807986579870474 2.2408490281014055 -6.346192776791876
-0.9161138145238634 2.2100675556980236 -6.330192036950866
-0.949127471483645 2.178795377815825 -6.312025765321842
-0.8723311434698119 2.2310542864462772 -6.352993891295471
-0.8878082695567158 2.183781828917924 -6.3507269597918645
0.6570260025794324 2.5150540288244723 -6.391807365437745
0.6230493620440546 2.550128998414454 -6.393164056513424
0.58846192848524 2.585487360725342 -6.394390092355004
0.5529715912707417 2.620315760825087 -6.3938758820896515
0.5172059240086335 2.654541958747396 -6.391452058251174
0.49578893074733726 2.6973901015079558 -6.379499049414867
0.47184854931679054 2.7364353749953585 -6.368368258295053
0.6495768100232431 2.5043639722802182 -6.398654958723217
0.6038982497339427 2.5149440843044912 -6.413513254463762
0.5589919899653805 2.510367491636442 -6.432601893111172
0.5147256468998642 2.4998626136143938 -6.452089446527263
0.48939542660605667 2.825954651046476 -6.316318640022292
0.535964415713692 2.81144118299249 -6.307138450365101
0.585384262575573 2.7954797374169313 -6.297703055611158
0.5924300590843602 2.8107524752995077 -6.2867355388336215
0.5991418192340783 2.8253384046702457 -6.276267552854656
0.6060793356825558 2.840401713321737 -6.265454721955594
0.613645346253559 2.8568181921428275 -6.253668606862414
0.6213748545090686 2.8742759775348348 -6.2393313438076365
0.6301173269367886 2.893678918069071 -6.222983962071239
0.4896240511341086 2.838965871325134 -6.309100046805238
0.5317118183826482 2.851838425817393 -6.286547723567031
0.6119660829757353 2.8530521985328456 -6.256351622062309
0.6261535168921011 2.8853477626761572 -6.230102875467333
0.6403004243588513 2.916957684903062 -6.203516320188252
0.6690174497001226 2.94302042563472 -6.173496165620721
0.6963055708481918 2.9701939940439352 -6.142595100666902
0.7227579113897051 2.997452313087233 -6.110729158838685
0.7613908651530695 3.0091718130776868 -6.082456570652409
-0.9286436720810674 3.6937895525802196 -5.277433330866758
-0.9522417704799518 3.7102253754359795 -5.236542707140693
-0.9757463672540888 3.726694308449193 -5.19563999502013
-0.9988115444532107 3.7423387848579264 -5.154134005339632
-1.0216373320514514 3.7575697926216423 -5.112347071175565
-1.0683021462961952 3.798471039285971 -5.0114092799817715
-1.073605856808114 3.795129218990781 -5.012090753224013
-1.078826907015824 3.7918262054641434 -5.012764927695958
-1.0840235167129477 3.788087382535794 -5.013232599981494
-0.9391551000043429 3.6844906158894513 -5.282486690789245
-0.9810087456032079 3.681177264015003 -5.255432579967941
-1.025836688239057 3.6667998741495667 -5.238962388297715
-1.0699402572252632 3.6469976750359656 -5.226553010736138
-1.146222764397088 3.6021696475389855 -5.217404992555527
-1.1458601998632654 3.601317205043313 -5.218911414168428
-1.144862279444018 3.5990860799780777 -5.222901869187865
-1.143461324076391 3.5959414019512503 -5.2285208277751005
-1.1416845379566813 3.5919458749259046 -5.23565696030145
-1.0462332177618165 3.4509674610096925 -5.491442488948201
-1.067565834561814 3.4682547030998045 -5.452491426182108
-1.1047697512933456 3.49270732097476 -5.3913391591412285
-1.119838587394087 3.482611363671366 -5.390369163029371
-1.1345977845007145 3.4727228726823087 -5.389419084964325
-1.1503910618951372 3.4621415728358294 -5.3884024257420435
-1.1677187707814025 3.4495484000501624 -5.38670242023028
-1.1875014062519211 3.434462908513194 -5.384335265136296
-1.2116141042240087 3.416075819974291 -5.381449592887062
-1.047913096175911 3.452332289975619 -5.4883710333405435
-1.0700380715307463 3.470270849279744 -5.447962242433178
-1.1005325504180008 3.4955462564732924 -5.391611844531545
-1.1045301858631673 3.492867905660152 -5.391354486874258
-1.1080523809343488 3.4905080839917786 -5.391127746602802
-1.1140430423907361 3.4864944276102396 -5.390742095483966
-1.1188964255106837 3.4832427283782716 -5.390429660493929
-1.1222813218048862 3.480974894803084 -5.390211759000485
-1.1278335351019495 3.4772549927441108 -5.389854332663639
-0.7632594992834417 3.8056632657374863 -5.2322562407983675
-0.8300784470420035 3.848187464925872 -5.125658872844035
-0.8395397791534164 3.8421422076370386 -5.127785789181148
-0.8451522175813598 3.838561644799963 -5.1290392014323585
-0.8427768427608012 3.8400807524877263 -5.128503132410006
-0.8367401570271804 3.8439390825990554 -5.127144222007487
-0.8326078595437342 3.846581346358995 -5.126212315613453
-0.8315564116033141 3.84725510506136 -5.125973011373678
-0.8326369741174612 3.8465664296337803 -5.126213287153642
-0.7719664381416539 3.7966986239281146 -5.23991642802863
-0.8171906178123955 3.7890836782121746 -5.222321547550427
-0.862954020109716 3.7785615925923213 -5.206569021194568
-0.7241195554474112 3.7197632583003415 -5.379185131768739
-0.7144699175131946 3.7061071277082376 -5.402525427672412
-0.7197659552912723 3.713606687098946 -5.389709380446407
-0.6440574314233383 2.7363445981531127 -6.303281449302178
-0.5491302633864286 2.7485018388224223 -6.33626988336957
-0.5048131893360919 2.738919198914567 -6.357086104272801
-0.4605989762612704 2.730726493822486 -6.375881539448679
-0.4162824848454838 2.7228972895093566 -6.393029632978053
-0.6400425626733885 2.7496520071358947 -6.298466830031722
-0.5605217404897961 2.781688527269788 -6.315695813617014
-0.5645501589049069 2.793367516769681 -6.308448340696438
-0.5721049413139576 2.8160248543133517 -6.293409662111922
-0.5816264565888283 2.845509752617257 -6.271554380757453
-0.5456651986570654 2.89441701762523 -6.256129774704871
-0.5483023481349496 2.9355842339433864 -6.230554289635481
-0.5501644907791705 2.9756859806113214 -6.20303917068566
-0.5514540431387588 3.010065830378366 -6.177816426103093
-0.9821011332457783 2.814448501117621 -6.072469906729946
-1.0774390023633968 2.7633589435058146 -6.032275963890211
-1.0765296920730723 2.753980126453545 -6.038496363707892
-1.0755397963409 2.7447775944750035 -6.044410119047703
-1.074077709019988 2.734597092521021 -6.050219726183817
-1.0724315590943627 2.7231173077163096 -6.056768904891557
-1.0705322055527617 2.709893345498614 -6.064315423438018
-1.068328014289375 2.6945626741277358 -6.073065844848232
-1.1028763580100311 2.659429494498542 -6.063326572747263
-0.9847221437847591 2.826264440930531 -6.063837238910428
-1.0251958228511597 2.824866782324677 -6.034904602726752
-1.0647580035708153 2.8266701408690595 -6.004773327902864
-1.0960878685599722 2.8439806709173165 -5.97026578473555
-1.1214531455864643 2.868125196023092 -5.935088766367954
-1.1436385785417311 2.8950381403558803 -5.899478073883418
-1.164115206937604 2.923696046335225 -5.86417500630603
-1.1831223665300212 2.952968716364773 -5.828577843538045
-1.2001811255413921 2.981765021484681 -5.791574885347689
-1.3842788757916578 3.1232996634742722 -5.498419482512001
-1.420224690936428 3.092617919218964 -5.486759234096636
-1.4532833497592716 3.0615330011447357 -5.473899426028717
-1.478868776347809 3.0066082626954995 -5.488976201477779
-1.5135654424802707 2.9766006353538774 -5.473585208660249
-1.5465825968834246 2.945208447815416 -5.456461296566489
-1.5792359748801361 2.9130919765470455 -5.438681812475686
-1.6137674978613752 2.8850854685220826 -5.415595501114408
-1.647271016480688 2.8562073407424275 -5.392526980968637
-1.3298466884496614 3.1122661119822532 -5.56506886226073
-1.3320844928411382 3.1134860478057265 -5.561642298925572
-1.3858392032809137 3.1220110887633927 -5.497946600681307
-1.42212994091931 3.0908275333092865 -5.4860171786592735
-1.4567410687670732 3.058284665150797 -5.4725519576831125
-1.4835368384259244 3.002559907306626 -5.486914415337605
-1.5190087885187589 2.9718822910424008 -5.471179101154923
-1.5520179950296082 2.9398803764627517 -5.45348885666086
-1.5841366439588027 2.904872262575324 -5.438458311076514
0.12190973118713543 4.408525864959048 -4.351207526042108
0.12443990018046361 4.427457052893682 -4.305026886807595
0.12658791730611935 4.446350139091989 -4.258823393688712
0.12851279373685343 4.464978739073347 -4.212589498510986
0.1300848384392793 4.482991567065391 -4.1659883870230265
0.13159482899775032 4.500961717201063 -4.119370538108841
0.13310213135550675 4.518844346260625 -4.072691376963842
0.13458026707653772 4.5366875148975 -4.026019494493867
0.13599725334066456 4.5537278552222284 -3.9790465290695165
0.12191858277938417 4.4081810742448555 -4.352043594584491
0.11047117794137992 4.427051011130682 -4.307286935737762
0.07467582732046628 4.4482392497548355 -4.258875807282773
0.06407059565887223 4.44584936408644 -4.265683622225725
0.04482599654888203 4.441503972361195 -4.278058430675131
0.020753459790155915 4.436069264609227 -4.293535722079159
-0.005281325578791603 4.429352810608789 -4.309979440412325
-0.03415202248861866 4.421047531443698 -4.327790420108234
-0.08354866224945633 4.423220100321955 -4.318999564496305
-0.2687164176414365 4.271459150786681 -4.631159889842895
-0.3172268628609312 4.261433040142797 -4.637248498033645
-0.40660593245562193 4.240925288466487 -4.651733141150108
-0.41020836926577653 4.245710998388999 -4.6400004682761455
-0.4157551029136923 4.253045669716432 -4.622008344171556
-0.5063846968107171 4.241876224327371 -4.606385174069269
-0.508001977286805 4.2500175720238955 -4.5890562629713045
-0.5098153443060959 4.25914596289447 -4.569626419607947
-0.5116641656571218 4.268452846307467 -4.5498166551502965
-0.2694519521284431 4.27780173529828 -4.617663442375412
-0.31425278319668487 4.281534597282984 -4.5960634982033675
-0.3503645352224167 4.29183672592866 -4.563378143666607
-0.3814850325794186 4.3040559591264556 -4.526517398824647
-0.40119752854614277 4.3199719497366935 -4.4836375251831075
-0.46571175093113787 4.327502480898672 -4.440317395621906
-0.471288393819061 4.346866722824692 -4.395490002255196
-0.47653075206902373 4.364550496221739 -4.350419136634758
-0.41912663281389756 4.395190260114445 -4.3035564823783865
-0.7248547835779099 4.056747356960593 -4.845642047438815
-0.6970889329221825 4.070845008746321 -4.836119938690915
-0.6754322112566178 4.097529801985101 -4.799711051227186
-0.6500578345744457 4.12392362086158 -4.765724357148229
-0.6225463163436806 4.148963179150671 -4.732360643972093
-0.594960114770614 4.173995358819773 -4.699053969125873
-0.7371484910600871 4.050504904187149 -4.849859062038007
-0.7292433672881172 4.054518492089857 -4.847148253448223
-0.7246639818618914 4.056844310404896 -4.845576471004973
-0.719707498187636 4.05936111993846 -4.843876241245531
-0.7058604249437144 4.066392074989787 -4.839126867949657
-0.7017875797909838 4.068460849858622 -4.837728534012441
-0.7064620097276783 4.0660871982955085 -4.8393321280171016
-0.7205255354105211 4.058945850149137 -4.844156642807277
-0.7267232691619324 4.055799193306114 -4.846281854553648
-0.418444925425193 4.138208020389338 -4.849150437271984
-0.43177135613094086 4.158129595363488 -4.807940862461756
-0.44512690505382463 4.176928528391979 -4.764535022156277
-0.4737885101110999 4.190002137971855 -4.725904987412342
-0.4200590520761271 4.140623903078396 -4.844153646001931
-0.433638582414447 4.1608315272755165 -4.801821516749048
-0.4470482329774103 4.179621400659142 -4.758297593556627
2.8511279513994423 2.442712316280806 -2.8619902150210166
2.859320139508553 2.4588321389750325 -2.8153884125477875
2.867513737143372 2.4749516127255653 -2.768780938038057
2.875398398824286 2.4910126283159233 -2.7221015567211038
2.8824045315452826 2.5069210403186832 -2.6752400886481538
2.8894026043363215 2.5228280193826693 -2.6283683085495353
2.8963472880783305 2.538729842325252 -2.5814850606674935
2.903002313499858 2.554584725888228 -2.5345413775508403
2.9054014153337735 2.6036176347601128 -2.4765390261303564
2.8537613199656673 2.4281919168406216 -2.859810164558351
2.8662882402638226 2.4126293365887594 -2.813998540149786
2.8790830241439305 2.383349318231286 -2.7755702627268617
2.8912735420088835 2.3493730064072955 -2.741016825389862
2.9024307138362575 2.3101073707145345 -2.712244114709657
2.9116542415455813 2.2682711472779107 -2.6865553184731223
2.920072259997449 2.225065333388166 -2.6629367077499624
2.9280539269406143 2.1804477975816132 -2.641888467813831
2.9347008285211778 2.1347489657885816 -2.6228849160993892
2.8194760147209488 1.4861630585330365 -2.9417144912188014
2.8267834916497483 1.546730054599639 -2.956730046314893
2.838577992491921 1.589438009301115 -2.9350537879746854
2.8148278058891774 1.5075968142930385 -2.976374935298913
2.82721988709429 1.5481859689994244 -2.95603424652036
2.838473963709237 1.5890013181869502 -2.9352603258102477
2.871686607896781 1.8734609178270785 -2.907698974702986
2.8726197369715285 1.8387058524984863 -2.8937419661133794
2.879553035277489 1.8076634901590976 -2.8551538236570737
2.8854485340551457 1.7735011691589713 -2.8191730927979846
2.890682830034562 1.7378451146696048 -2.7845197569018785
2.8963064717973945 1.7039263717665698 -2.748247827088112
2.9035751748789638 1.6839034904143075 -2.703058870286636
2.9125958415904685 1.6742613776694837 -2.6548695903641035
2.9226032698924453 1.6713375472428227 -2.6059929655892886
2.871348291119121 1.885990591969302 -2.912738850168391
2.8716870301158037 1.8733905131620456 -2.90767698828221
2.8720290527800825 1.8606610320607655 -2.902563977071955
2.872571625317613 1.840458348227736 -2.894450273571515
2.8730346774199607 1.8232272182718725 -2.887528770675458
2.8966971682278677 1.8938987388585586 -2.8039095315663136
2.9053298786865245 1.8752816479440113 -2.7639684688973816
2.9119768124778487 1.8589293529799533 -2.728505843693391
2.922540370604686 1.8770623050784991 -2.683135192680757
2.326284738588301 3.8023854356791174 -2.598871725531748
2.3371987942692827 3.8122183236242617 -2.524302338575093
2.3202566446994157 3.841044802402645 -2.504066945370654
2.3028094321605934 3.8696561347627307 -2.48363257121226
2.2837934054885722 3.8983415486876467 -2.4623079269714445
2.2767876230877104 3.919964105672984 -2.4177790439904725
2.2687297566095808 3.942610482613882 -2.373938854348991
2.2592985365711584 3.965174226239999 -2.3303733847258883
2.2494932271295793 3.98804722036886 -2.28706888323219
2.317425182191525 3.8115065199319296 -2.606669128854694
2.2946500307142474 3.8477834486728195 -2.5809573881485104
2.3089150129027223 3.860337658312803 -2.490534700285986
2.285702422938936 3.8954704068456154 -2.464420227179842
2.208275413856528 3.9935946260577544 -2.4378535350256705
2.2091464396519984 3.993903576989509 -2.433082124251529
2.208104120219549 3.9935906347640135 -2.438581951340602
2.2058712053480227 3.9929378118880754 -2.4502989806326614
2.203195195341767 3.9920760927150263 -2.464024099247734
2.6019487405805104 3.367688785273941 -2.6124607273237506
2.6249341192266122 3.340174456730668 -2.577645665382273
2.646409788365367 3.311959813110158 -2.5424839188592805
2.667925686140766 3.2836864828228713 -2.50730933395708
2.6895089609197447 3.2554571247199875 -2.472145418257316
2.709952486457933 3.2267372873127442 -2.436748582245607
2.7299721777843144 3.1978258735924228 -2.4012699129217188
2.7501417703117044 3.1689732797291237 -2.365816132096577
2.7690576442497066 3.13956938236468 -2.3301114278788586
2.6039923756451957 3.3586503641989736 -2.6241767049551354
2.6284165739612906 3.315833045273052 -2.6160494317916028
2.6485089295962836 3.270642983509542 -2.6228559026340115
2.666443216712528 3.2256951472635267 -2.635260830338433
2.6818175740839645 3.182508740378973 -2.655067996719732
2.696074687109981 3.1392929114822987 -2.675498455335375
2.713564413940295 3.0928901681929877 -2.679285644271652
2.740858935226593 2.99554910243043 -2.726302651784204
2.749703013012127 2.9973481875912187 -2.684843710060702
2.758769211744483 2.999081079739653 -2.6397407615786124
2.7923404937578926 2.9210611856950868 -2.610535713420708
2.8039886351914474 2.9162140745872653 -2.566667925088221
2.814859611929012 2.910956372763257 -2.5218027627902546
2.825147463015739 2.9058932769875945 -2.4788327816399356
2.837468042051788 2.897560522657398 -2.4310810904174662
2.850552131262761 2.8770874455290993 -2.399366526308382
2.7382118484027864 2.9949860410543505 -2.737856364364112
2.7412061071783596 2.9956232367694358 -2.7247869231378608
2.744827521457873 2.9963932458902187 -2.7089810250781645
2.749210436985133 2.997256703448431 -2.6872897682825023
2.752731014033378 2.997931169666007 -2.669772858113816
2.7584425334180795 2.9990194129690053 -2.641364649698096
2.7888662195418705 2.9225023693903167 -2.623626690653461
2.793231823416725 2.9206814829627743 -2.607191629027184
2.7990397588172202 2.9182662042057075 -2.5853162402603713
1.6050841901322526 4.203168056583528 -3.466517591366213
1.5833352164498826 4.231257466853112 -3.431426070586946
1.543502083366039 4.270485141843203 -3.400411965372079
1.5433585281217956 4.284753678261833 -3.361118389322246
1.5427989803449607 4.298390146780003 -3.3212546732666857
1.5419787437918244 4.312084435165614 -3.280385780290481
1.5213397569911675 4.337614710768127 -3.2427077731645153
1.5016691087575107 4.362719383253302 -3.2042070385885273
1.482640666316878 4.3875598391257356 -3.1652115027081504
1.5955759071182176 4.205778296758074 -3.477732232824018
1.5572466782584842 4.236307585993562 -3.4683639326470392
1.5157821831788918 4.263492364112241 -3.4739365445568255
1.47439746414341 4.283191648292319 -3.493571927748538
1.4347092953665617 4.298627000400654 -3.519596103875287
1.3872561994477293 4.320253288798136 -3.5418735383853948
1.360834778198139 4.322841794853673 -3.580416637712654
1.3332069937384399 4.32410461064592 -3.6189032250829642
1.2958281654267834 4.333096462683774 -3.6508111014500995
1.4227154510617925 4.190403552190471 -3.8262863299159386
1.4245044246364924 4.193175338514567 -3.8168921081589575
1.426036672455407 4.195835793499042 -3.807532255783869
1.4277441928417873 4.198784263018346 -3.79714405749132
1.4297712370886837 4.202261308893376 -3.784872034338931
1.432232321332355 4.20646534014008 -3.7700177618193105
1.4352205028347607 4.211557180033599 -3.7520147456624486
1.400418130860984 4.241291690596461 -3.7307010766573425
1.3606284260701742 4.269974241711495 -3.7201166340972778
1.4201821545587392 4.186139197864852 -3.8402756634520094
1.416724976011563 4.180397044636098 -3.859186221935362
1.4111418343732125 4.170951941743502 -3.890126769768157
1.3797738932656294 4.174675114326814 -3.9287285285597897
1.9276699706329257 4.100538926423745 -3.0061580675237627
1.8815145246981406 4.161472305939852 -2.945938084468187
1.8939464075251318 4.160105067934485 -2.9173244261770512
1.9058715341737202 4.158209196641239 -2.8887070403922643
1.8931534580911524 4.181857662934505 -2.8465619854336057
1.8809731900208766 4.204805160753705 -2.803855657078897
1.8692302459072285 4.227464066650338 -2.7608631550792855
1.8794069800454376 4.230170172715129 -2.722936862612778
1.8905124263491682 4.2322428887837455 -2.68451197693731
1.917406184040803 4.10696636308255 -3.0148543987798844
1.887759342183592 4.14086841347641 -2.9932202529100165
1.862817314785341 4.163407991525834 -2.9886814627450424
1.8237067088382413 4.193783459869554 -2.9961525633568913
1.784792994129576 4.221786215215966 -3.0104950007986986
1.7454166065888923 4.247262641143537 -3.027511084469386
1.7059402707432343 4.2710701136304925 -3.0458680806418266
1.6663734058106174 4.294680191170003 -3.0650903762078845
1.625579200343022 4.321197034890756 -3.0756484809137663
2.2630196623070074 3.7395551214503757 -2.9937994221947952
2.2849992402044843 3.7262693810129144 -2.953042562936987
2.303377060404655 3.719977621562909 -2.907023607571526
2.26445610526464 3.738689403732456 -2.991129490612109
2.2871487884969626 3.7249768747653684 -2.9490397705091396
2.3086745522506917 3.7133808637285517 -2.905615648211645
1.2984315579302337 4.17230378979805 -4.04981789462949
1.2591585800052023 4.200792656487962 -4.038746964313708
1.2191789297485869 4.228106255665858 -4.027161797639437
1.1785042317459868 4.254336338628562 -4.015067413129615
1.1376861149116677 4.280539037106029 -4.002958912229231
1.096535238755829 4.305670578172734 -3.9903980771523866
1.0551550103515734 4.329661855899314 -3.977380439952439
1.0223963533262654 4.35529924867348 -3.949952144162259
1.0014235893837884 4.3796305325234774 -3.9118131866378305
1.3057496371289672 4.173501211340073 -4.036931469606579
1.284985191030371 4.201258588210132 -4.001311677065481
1.276962031087528 4.224459174313986 -3.9579840242222457
1.2743357849531256 4.245259944840881 -3.9127094966807414
1.26801916995455 4.266452899545087 -3.867969059373787
1.2518023974640664 4.290721997112145 -3.8274633030863887
1.2204883918425775 4.318119902125117 -3.8000276284338086
1.1800361294219317 4.344561109446517 -3.787871576732379
1.1347928989436076 4.3653801729312445 -3.7896324941391315
2.6354683621248087 2.6975504787207867 -3.4628783033996355
2.6174666978331445 2.717493296582844 -3.5044486579002636
2.599353288055857 2.7377207346570924 -3.546223844601734
2.5796555869471494 2.7593803749457657 -3.5865036369993994
2.559390678945384 2.7948049387841 -3.6148989537997305
2.5393094931610514 2.8208209785889773 -3.651659838939129
2.5217002939177457 2.829481654548554 -3.6964879772508477
2.6374897753030146 2.684138504740644 -3.467786565714183
2.7762906984412195 2.7768995467382305 -2.873025264954721
2.7830555158048083 2.7388783207672827 -2.8864174520350034
2.7898025914976308 2.696639291438438 -2.9009751822635867
2.8151724491890606 2.5901247753347025 -2.901752157457677
2.813589536361874 2.589612447274387 -2.9083642965973384
2.8120000845636173 2.589144410015128 -2.914964804584734
2.8125083767257304 2.589207163241208 -2.912926967865249
2.8154041431115644 2.5898791033722697 -2.9010534315656713
2.8182591675238684 2.590865960096934 -2.8890421354263394
2.778178435527852 2.7682228917401597 -2.87617912033427
2.7851612973533304 2.7256825094625654 -2.8909740169532214
2.8175978847493206 2.5907641348931043 -2.8917428756276577
2.8182552285950537 2.5909223482272226 -2.8890084803452747
2.820082241783096 2.59141711681943 -2.88028961767446
2.8248283079186547 2.592703655898062 -2.857639306995996
2.831968635043057 2.594639509490676 -2.823562266705669
0.8482489333679013 4.307209035679841 -4.236990574441768
0.8148408422006327 4.3314768424628465 -4.208840604781304
0.7813002942039375 4.355230379157411 -4.180480527519975
0.7472362082081804 4.377452577238767 -4.151465863972214
0.7131651579514616 4.399678877422384 -4.12244636523382
0.6790525597228939 4.421759758021558 -4.093361842033511
0.644537951781652 4.4422456585551915 -4.063660271920387
0.6099284402955372 4.462404227673409 -4.033819419150814
0.5753076917853083 4.482520517169118 -4.003948932143799
0.8597050694772164 4.307095357203767 -4.227359179218802
0.852229646631427 4.328657672117573 -4.1829209921135195
0.8595138853155591 4.345465084275285 -4.136433813321866
0.8721687240977537 4.359677042059362 -4.090241289057079
0.8917810301341357 4.370196456733661 -4.045517898265854
0.8986960850659317 4.386101147138588 -3.9986730273354167
0.8555775905374005 4.430010900620959 -3.9279586424021584
0.8635202596701547 4.430858062114449 -3.918977989849725
0.8632083346128383 4.430833459093955 -3.919307832965998
0.6770944307357485 4.263657272332338 -4.464375544000953
0.6344229620777052 4.264070098461371 -4.4900886100247925
0.5917817387237698 4.26360404242944 -4.515428639260407
0.5487351964065714 4.263092257097045 -4.540679599095927
0.5055715525665697 4.261843830585124 -4.565621274514257
0.46203247765504685 4.258971781398562 -4.589836295293184
0.4184452014251771 4.255860768846899 -4.613973272950152
0.3806979692983856 4.2480461828635425 -4.645414184956131
0.3551665893399085 4.232844677493644 -4.685046071487573
0.7181863317217748 4.256948054801736 -4.45181003861195
0.6761185153867263 4.257518118599217 -4.4785603496508966
0.6412471859609864 4.251390211514343 -4.513575762991025
0.6166624013502597 4.238397551744792 -4.5549450103869535
0.6043585817064072 4.220201733654624 -4.599740249051979
0.6035513428724774 4.198776330417027 -4.6448229828610295
0.608838115219277 4.175915263829055 -4.688889959828639
0.6187606586781729 4.151520894892074 -4.731297319130128
0.6338559977158195 4.123400579598227 -4.7755259504018035
1.4205407378703514 3.831593892836468 -4.563526163363969
1.394202579162249 3.8273362705028395 -4.605632728410445
1.3674870556133 3.8225801836672786 -4.647528029432195
1.3071031265272577 3.854779136455299 -4.669146819108507
1.278620720864118 3.8508425836687032 -4.709477697833765
1.431240675924791 3.8217387449851854 -4.566575792536744
1.428726185758808 3.798566888190906 -4.610512546754246
1.4383018075786824 3.767606128599094 -4.648253117450038
1.4522859020413017 3.7339767628471026 -4.682309444577924
-1.0109446009461167 2.082153669256651 -6.279784612652133
-1.050094949046583 2.0922795046076788 -6.251573233238887
-1.089335165250807 2.102449919728698 -6.222968878801859
-1.127467994705668 2.112477721343604 -6.192677958514349
-1.1650039172969424 2.1225604628929524 -6.161571508107425
-1.2110283396914354 2.123875969796925 -6.123741643601155
-1.2288096634289492 2.1536046472967074 -6.107000451296743
-1.2414229327771622 2.176440233986902 -6.092897189619549
-1.24917092754106 2.1906080766995464 -6.083904761511873
-1.006120142105221 2.0957629078906606 -6.282151045326539
-1.0307771014199447 2.132387300295889 -6.261174679893335
-1.0445107452309805 2.17739048949397 -6.247047646855864
-1.05291941494553 2.2246363469163946 -6.235108270023741
-1.0544779457070177 2.273172346880944 -6.225467086987775
-1.064727948017415 2.3183418047698243 -6.2083302370783064
-1.1174286972119498 2.4339375360670714 -6.13785137766876
-1.157383993039042 2.4270336904315455 -6.1087466779381305
-1.1972342158195248 2.420085931002455 -6.079497723306046
-1.2353167780569296 2.412470259358958 -6.048179688973242
-1.273214784800625 2.4048155354001755 -6.016679023738858
-1.3080269983363406 2.4145955512231816 -5.982289848306269
-1.337225025277293 2.4354824158692256 -5.947642700389616
-1.388685645213433 2.512268674008198 -5.86999563964933
-1.4027117370975914 2.496660815548866 -5.8609807986144435
-1.116297030188875 2.4201653886651884 -6.143346132778491
-1.1490880340261989 2.386254717964502 -6.12757052093634
-1.1722853466583787 2.3429052857443615 -6.119667799181072
-1.1905586131993915 2.296946852195494 -6.1146295972195315
0.8042570923637596 3.0117153468063127 -6.058211713002882
0.8461255056687301 3.012714466765716 -6.031725415570825
0.8878822476015653 3.0135402752992078 -6.005031143346108
0.9297803293436077 3.014376800673533 -5.978240642428784
0.9731285948777634 2.997286744088187 -5.961229533555099
1.010763290888025 2.965706123383059 -5.955260155761751
1.040027328207655 2.92641182134186 -5.960346568379786
1.0590154996602918 2.8834799150185266 -5.975453320433983
1.0645243042065502 2.8399590979787956 -5.9980347886389715
0.8068218971651825 2.999469337668786 -6.066094817867806
0.8485747454731206 2.9750974201333413 -6.056654064723449
0.8838297458184485 2.9410563543904784 -6.057511120111661
0.9158973599484016 2.90384203851288 -6.062486171684614
0.9419425563639248 2.8627765594148675 -6.071482871445522
0.9507550398256123 2.8184806407862757 -6.090774960855953
0.9442484763981864 2.7777187546866946 -6.117378383524636
0.926678300263292 2.7467427538454543 -6.145941539257869
0.8913217464548849 2.737544997948672 -6.174347298815691
-1.0868676563379382 3.7860391494655006 -5.013491532768717
-1.095795421017555 3.779610032575104 -5.01430388755117
-1.116291004521457 3.764850653649398 -5.016168780918471
-1.1455008331298697 3.7438159310237396 -5.0188265824776055
-1.1888748583303272 3.7284218838042444 -4.999111958341336
-1.232169588037786 3.7096397925250546 -4.982769308152029
-1.2745955917481482 3.6881915972958277 -4.9675091225887895
-1.3166642351856637 3.6654990702766788 -4.953030863075098
-1.3582704580158735 3.6418463833898818 -4.938841301879128
-1.0963139432934679 3.7792366547001777 -5.014351033948361
-1.1107828204689054 3.7688172280181034 -5.015667599830139
-1.1182718523676076 3.7634241502752857 -5.0163490859254205
-1.1294166831192265 3.755398454283763 -5.017363193421739
-1.1440245584764912 3.744878912813291 -5.018692434539224
-1.172220324694154 3.753310831562032 -4.978244114126677
-1.1883959257410575 3.7717093857085215 -4.934671028358231
-1.199887358933995 3.7929003730581674 -4.890900459796201
-1.207826227449336 3.8149211747104017 -4.846767267562737
-1.137245078050155 3.581906512904641 -5.253563256362709
-1.1298679607729403 3.5656193535976795 -5.2812147879955305
-1.1402151494184083 3.588599124976664 -5.241615975746254
-1.1378893390161366 3.583357310806059 -5.250972962913179
-1.1364566993501548 3.58012683446253 -5.2567388645067075
-1.1336029071027602 3.5736898458046173 -5.268176067091497
-1.1308237987084453 3.567672370595917 -5.2778929089784326
-1.1298482537733734 3.565563160482512 -5.281300051533754
-1.1288232498820652 3.5633496247849763 -5.284876775811086
-1.1258786237802252 3.556993194417391 -5.2951488211112085
-1.298313350517864 3.3754752054542827 -5.340593028355511
-1.3356399552152993 3.368775455747925 -5.308099357553559
-1.3740472025099537 3.359303909455738 -5.277609242992232
-1.4119985577578587 3.3474559452637984 -5.247441298980842
-1.4493409126568613 3.333966622815077 -5.2171614286634025
-1.4868199585289317 3.3199613999808593 -5.187268859046304
-1.5238120141149223 3.3051737221392075 -5.157202976879017
-1.5598928247669936 3.2910415512605544 -5.125674790940291
-1.5917602942970654 3.287904404893263 -5.087338220109674
-1.2952835279756758 3.370375897172941 -5.349675881804836
-1.2993409039679074 3.377093233068565 -5.337639829404813
-1.3398794455566676 3.3577222080985454 -5.316164174241902
-1.3785328892105073 3.3283725172910437 -5.305228388583851
-1.4118237215173597 3.291390163271064 -5.306547940188908
-1.439418103029787 3.250984683705002 -5.316412667951292
-1.461758173638696 3.2093670380353414 -5.33118378793305
-1.4802832808439774 3.16693195585511 -5.34939937737669
-1.5092278074092134 3.1267861774028884 -5.353154793063012
-0.8401683966575562 3.8417581040653843 -5.127900568981123
-0.8275723899240626 3.849803986204697 -5.125072385186089
-0.8165052525224282 3.856872955310053 -5.122588590478228
-0.7930394238494173 3.8699324079591486 -5.1164852485373595
-0.7610419257224054 3.8876860821871713 -5.108160568629578
-0.7343130683967236 3.917226586334355 -5.077723982725574
-0.523290330237498 3.0477133260837106 -6.1619438576807894
-0.49484589270300844 3.084898034845496 -6.14530656291874
-0.46571152350940936 3.1204789576512706 -6.12647965917212
-0.42541330616001716 3.13324943083679 -6.128823588491767
-0.38605089120609787 3.150708547125066 -6.1271204646722435
-0.3562798844730641 3.163472747218713 -6.125468422668257
-0.34237483060884377 3.168665747715361 -6.1238810170832005
-0.34702723674209984 3.16691637866098 -6.1244222672526165
-0.5132050247267043 3.040737414429429 -6.170259067856361
-0.4677938825679055 3.0608170161030235 -6.171517913762149
-0.4043638868164783 3.07026902416238 -6.183438797573788
-0.4036419981431087 3.0555530304447696 -6.1949525766997295
-0.4025237735841256 3.0327289700478293 -6.212809682208502
-0.40109317333081074 3.0080221796609594 -6.230152225638909
-0.39940561857977785 2.9836312303909343 -6.246289180625426
-0.3981216155289053 2.9652030386946406 -6.258483453351448
-0.3508109398911977 2.95951022322935 -6.274004619253726
-1.1397909351846345 2.6289117137199014 -6.04911093576386
-1.1752073464095567 2.5975618654698365 -6.032999299438349
-1.210437448013184 2.5661372105327156 -6.016710142924365
-1.246246275756771 2.5374864146701466 -5.997437951692675
-1.2834404479172856 2.5252462878462203 -5.9669124063669425
-1.1433826604099229 2.6407689330642405 -6.040775364346652
-1.1829284312049657 2.6364428923788483 -6.01052704271015
-1.2173100423548862 2.6463479135732353 -5.975840960887903
-1.244937671171235 2.6793667161558736 -5.936401602166929
-1.277659282400253 2.6803077801428463 -5.90649385670438
-1.304680612949916 2.680541440437772 -5.880098338541434
-1.3650464567493859 2.664375609660623 -5.828788121867841
-1.3841475531466905 2.6931989358864685 -5.796518171069245
-1.4007813694214215 2.720179807458464 -5.76348501197289
-1.2073497716917998 3.017494826955469 -5.758129172319965
-1.2144626610976657 3.053328345799889 -5.724481104460026
-1.221250480589445 3.0889712719975426 -5.690343230090524
-1.2632736882946454 3.0753885777386474 -5.661560267585732
-1.218679761029141 3.008753242593862 -5.754416527876095
-1.2475945405725448 3.023390276952503 -5.716774638297107
-1.283538994421485 3.0245004413404546 -5.6822353848204115
-1.3225912803890216 3.0086984857516224 -5.655582382596345
-1.3609472397487912 2.985639635211926 -5.634296070097205
-1.398597229961686 2.959254765976788 -5.6156628466530885
-1.4281835775926381 2.91995832835599 -5.610517064626505
-1.4478192052004308 2.8755408357472922 -5.618922933560353
-1.4597195605577367 2.830714183281609 -5.6360652108865015
-1.6783936997143971 2.821696844228385 -5.374582534929917
-1.7085082455627343 2.786574785759742 -5.35588469090505
-1.7379888991543095 2.7512040265720885 -5.336753204077079
-1.7669935238491425 2.7155350667787546 -5.317211611444495
-1.7955241402881463 2.6798020246007925 -5.297364202460928
-1.822498413559464 2.6434643490168543 -5.276427951919072
-1.8488128345422712 2.6068510551960418 -5.254986363427973
-1.8751294293659042 2.5702445059523233 -5.233538187614399
-1.9009499514596087 2.5335013283538306 -5.21178682413645
-1.6809807296500197 2.8323522099450553 -5.364580523022033
-1.71315994037074 2.8218661970588252 -5.327994153631508
-1.7410456392354468 2.8257127502636266 -5.286872555116093
-1.7660019783624932 2.8347383532601502 -5.244624643647714
-1.8024651124892235 2.8179661546899917 -5.202519643905494
-1.8261499127964989 2.828640357188486 -5.161443117570854
-1.8477927967923784 2.8385141718205786 -5.119802859636013
-1.8616587543005831 2.8636394468211352 -5.078982873015971
-1.8743520489005108 2.8903673328459036 -5.0388139631011075
0.1299275765157896 4.571050387347664 -3.9325437449564973
0.1238824404111276 4.587646444534458 -3.885789711158071
0.11783358989594744 4.604104324140368 -3.8389776370501143
0.11176377174517518 4.6202942711097865 -3.792080754126208
0.10567126985335949 4.636025017003033 -3.745024856650805
0.09957322414984142 4.651726064372623 -3.697954981797362
0.09347405539513962 4.667380295199117 -3.6508659443963896
0.08737559744440032 4.683034519718233 -3.6037768280222617
0.0812598047544135 4.697955424667934 -3.5564671096286316
0.14481521702367098 4.569941817648074 -3.932589594602382
0.17017002873000564 4.582986506015141 -3.8915231560408476
0.20734609414171898 4.591263575013384 -3.8592312183161903
0.2485440733517652 4.597170538175536 -3.831225890650213
0.29353281099243167 4.600533068251402 -3.8095837363912857
0.3398524736997022 4.601236026520479 -3.7910779870474616
0.3868503118192456 4.5997136573782385 -3.7743358789310166
0.4784183666117108 4.592356426360164 -3.7543957444506475
0.47601648420794646 4.600760069596126 -3.7295609357971924
-0.13139574479520472 4.4274890292762334 -4.305143521543374
-0.179015982127188 4.430314714221021 -4.290785639962448
-0.22672329382034 4.432257848460355 -4.275973929488517
-0.27431485595977473 4.433851755902193 -4.261081321971941
-0.31403071131741706 4.440325587614806 -4.23196638626057
-0.3387840714467675 4.453398962583471 -4.1909994195795734
-0.37541531144305107 4.46619848084878 -4.146517659206538
-0.3800494452033983 4.484113934180975 -4.100282535610118
-0.3845092010357326 4.500550599692113 -4.053557240860385
-0.133527245811446 4.421773384228034 -4.318780503879294
-0.1803088691294491 4.412645452297256 -4.333342680413692
-0.21951256602226193 4.397434382381482 -4.3601881982908255
-0.2546225408553414 4.380721909849415 -4.391494848519913
-0.2836825029369326 4.361919764038531 -4.427529459036961
-0.301326742858197 4.341130549933002 -4.469104407189005
-0.5126499178141478 4.2735358006303255 -4.538159027690006
-0.5134131284009141 4.277631311779364 -4.528573512693575
-0.42388537400227666 4.412319253301989 -4.261939910406937
-0.4243325013249694 4.413928474708752 -4.25803012693271
2.9160224794860703 2.5917608100561806 -2.436782388889833
2.9265380117051345 2.578771413557601 -2.393716965730593
2.9335320041233808 2.600719985590901 -2.332412372146879
2.9451468455177237 2.5809363964033807 -2.293829252148115
2.9556754077586396 2.56061965994228 -2.254446093555689
2.965006220343636 2.556315627631889 -2.205516415265694
2.9745151141631285 2.550804834865864 -2.1567423362922358
2.983825305374135 2.5445122824280553 -2.108029671500625
2.9927755307984967 2.537698834949243 -2.0593165535894182
2.9173169043534712 2.590169163024099 -2.431474430827474
2.928456163316427 2.576409788490914 -2.385854141249195
2.93625475885949 2.596074408983106 -2.323377203417246
2.948424780649699 2.5748248381017262 -2.281946596181596
2.9595685016730915 2.5529933087044294 -2.2396793560738795
2.9703084642308797 2.537797214440803 -2.1932819295780126
2.9817040283334646 2.5144482342143077 -2.150579353924866
2.9929604210067695 2.4812821975849526 -2.114912494255794
3.003943992892415 2.4401175586002983 -2.088767821352658
2.942160110715912 2.0963000470565216 -2.5919103984200276
2.950878617406071 1.9950012773373555 -2.5607725134968318
2.9567014270356053 1.9952160206705916 -2.5327109663152654
2.962170759985317 1.9953290621022273 -2.5049561438665773
2.9676515227388216 1.9955251060595225 -2.4759432276636226
2.9735210097958786 1.995738946603798 -2.444872172125616
2.9793749297996834 1.959407313020242 -2.411066200234845
2.985108347436586 1.9244309889602909 -2.375849275412178
2.992076601042152 1.8994892847500975 -2.333114398703229
2.9397648330702055 2.088608659004005 -2.604468806354884
2.9415145645029774 2.0388186581586982 -2.601732191006132
2.9416312511578173 1.9890444147561186 -2.604717687568861
2.933859796937762 1.680016959062134 -2.5580737698986407
2.944620419068952 1.6887022061666495 -2.5100445861033407
2.9547414037424935 1.6974244488414003 -2.4618842335911224
2.962490944759343 1.6787334389091524 -2.4122737041566356
2.9721199568849825 1.6804274810004431 -2.3635217826393258
2.980548836705773 1.6821408479443398 -2.316666796915681
2.98468091083944 1.654545202904742 -2.2753053748814156
2.986249434462283 1.619069614616599 -2.240283801579475
2.9859982592025425 1.579497290892487 -2.2099293122336654
2.93214101828323 1.6652190252228642 -2.5573178760976707
2.937999510652478 1.6424518133677048 -2.5132401763586807
2.94037388886059 1.6072052082687633 -2.4778170687129415
2.9413371173552094 1.5679688495952464 -2.4468645455445497
2.938435299980537 1.5223059872606912 -2.4268534755784397
2.9323499396573354 1.4746397743905255 -2.413171205563696
2.91839786995881 1.3874080442179628 -2.402797951683865
2.9208770116498406 1.387103366376367 -2.3888384914840253
2.9240369724121393 1.3867558681805328 -2.3710884123017246
2.9327210185427743 1.8933698123364706 -2.636985069493719
2.2346335346764943 4.015488483501227 -2.247953636594011
2.2191574796996716 4.042199684559405 -2.20867207729007
2.1650409739935377 4.109610145811707 -2.1710967025390855
2.16888804778541 4.114915897590984 -2.1329585454423374
2.172248463796532 4.119688199599969 -2.095066542593639
2.1540007968353554 4.147019374645411 -2.057399000662231
2.135771826693332 4.173592400664316 -2.019218902666143
2.117188008097052 4.19934839779835 -1.9806392693523351
2.098570342624342 4.224809514183368 -1.9418603493120723
2.2443429841391818 4.006495167919927 -2.2408847419657247
2.2495530634287975 4.0133933712428975 -2.1916578247345644
2.264822536289938 4.008512713905796 -2.144313238047942
2.2830817129947283 3.998801110791331 -2.098825758414396
2.2991425483055807 3.98898207582676 -2.061449864100915
2.3195078336081587 3.97581150322736 -2.017613478072024
2.344580514531705 3.955904584054205 -1.979195380476719
2.370869361037123 3.9313126291820595 -1.9446082792406987
2.3984529280076736 3.9042577141158716 -1.912643595500323
2.2001146799786135 3.991001341592797 -2.478461198958517
2.1940269386787015 3.9888752947225026 -2.506998828365968
2.1649917208658183 4.009704821759078 -2.5419354981058673
2.137816159710267 4.027597498274936 -2.5798704516861255
2.1115921364685795 4.04408017868076 -2.6190768352055978
2.084811253055944 4.058796950984951 -2.6586225457578774
2.058312637902585 4.073114147453109 -2.698538420299117
2.0435728335166123 4.0730854583248135 -2.7463083848129246
2.0422771462212017 4.059387922894021 -2.7943142800614797
2.1980866702050657 3.990292063551136 -2.487971299719352
2.191869797027451 3.9881212844776437 -2.517113070709314
2.162768331913712 4.009045614877786 -2.5519750026091828
2.1375438999302196 4.024043981425845 -2.5924448296846077
2.117638661019555 4.031935040908113 -2.6376128966260572
2.10511449793635 4.029837677354569 -2.6859505398467807
2.1021187228380156 4.017816094063061 -2.7343736905322875
2.108973849998981 3.9965273676184543 -2.779066253546616
2.1266891269512116 3.966116182860842 -2.814550452579803
2.7858215827171193 3.1164775569827663 -2.289119386225329
2.803082628253819 3.0934009708848924 -2.2480496766761395
2.8200394653690943 3.070673383569558 -2.2069728229416343
2.859386226290557 2.9910134326408904 -2.151418238142369
2.8617394958310154 2.9998804338690457 -2.1203149409050077
2.863670564732579 3.0085718079969457 -2.0893886702899658
2.88066498678823 2.979215433066957 -2.048903143695733
2.886408860921468 2.9822688049854134 -2.0090031518949365
2.8920931759086654 2.9853112297240822 -1.9683944274104286
2.788464883106829 3.105284856295073 -2.2989187751657103
2.8086350150183383 3.0630005787741994 -2.2812821027756236
2.827231731069467 3.0167961822976492 -2.278717510441602
2.842232658414538 2.9693416646348934 -2.2820907591331236
2.855578946808469 2.9225111157189634 -2.293165653739197
2.8723795964011454 2.8763566696405496 -2.2845418528846198
2.8888265535290305 2.836202812606513 -2.2600004945807797
2.9040430958749077 2.8016275457348816 -2.2273841680866
2.9188222032569153 2.7709408097983 -2.1909083338273176
1.469464623465129 4.40875992112478 -3.121928203798945
1.4561181325652601 4.4295714093754786 -3.0784921671317953
1.4425958474246225 4.450086596583562 -3.03496837122097
1.4290494566330594 4.470567963031193 -2.9914304255156967
1.4153990111031722 4.49088501987723 -2.9478397520517023
1.4015844333746659 4.510650895694115 -2.904087102703109
1.3874998852840854 4.529818024006355 -2.8601896564121567
1.3733047222614303 4.548598713910773 -2.8161558360762093
1.3589970160293263 4.567557809326126 -2.7721819836144386
1.4577912054318767 4.413076947714655 -3.1301900631290884
1.4227767375628406 4.440377810689818 -3.107285236759696
1.3814576711046234 4.467065580695319 -3.0986092995661787
1.3379745686521647 4.491419922268866 -3.0960476048405243
1.2550655511823334 4.544574741770672 -3.0615582302840534
1.2297324037183646 4.548972288321419 -3.0898446688322325
1.2023854131926202 4.552929414148536 -3.1196090175407094
1.157492562930182 4.569048226996774 -3.134381169711252
1.1130253768545946 4.5844084949264845 -3.1511590016360977
1.252270371266141 4.350979938896396 -3.667493868986516
1.2084696776062895 4.36841475343927 -3.683984724848133
1.2567381160702262 4.344033117352804 -3.6799355461030556
1.9022970531838614 4.233831605414532 -2.6413381806896687
1.9145432734293917 4.235242709266017 -2.595706573711173
1.9186102896758976 4.2446052637788645 -2.546762675277342
1.9243900877412434 4.252607493883298 -2.497744350466633
1.9311125446899173 4.259830612006527 -2.4487355372887043
1.937851408042798 4.266067271265853 -2.3995928200413097
1.944927665676125 4.2720888765484855 -2.3504660937061956
1.970399548773999 4.272799662278757 -2.256215963108699
1.9439698320542806 4.302340082025431 -2.2274389628778044
1.9000832808269004 4.233574247410825 -2.6495957169118998
1.9067229395637642 4.234349766305621 -2.624815473848434
1.8890937380923363 4.259917370140657 -2.5856519888961387
1.8654161237965707 4.288521518125462 -2.5522189223762592
1.8345865553903191 4.319049957108378 -2.5274534503760986
1.8003933493180964 4.350143266383152 -2.508443567939246
1.763801993610545 4.381591774452889 -2.495476423744625
1.7253659287279361 4.411903960370145 -2.4856714540695197
1.6856180067580266 4.441064617076174 -2.4776123762402418
1.5838278666680317 4.34669321393599 -3.0828932415069046
1.585853788434736 4.349747045173904 -3.068550659692771
1.5531084042645251 4.378308289428516 -3.0454957675933176
0.9952052713653426 4.399288704436052 -3.8663907404279327
0.9888767887252126 4.418592932093992 -3.820783713978975
0.9824477638702441 4.437576558767633 -3.775046758726468
0.9760045648834442 4.4565263594609865 -3.7292816568461125
0.9577884123763131 4.4783902085508345 -3.6881982794794186
0.9328954928389658 4.500928437753419 -3.6512211617152897
0.9056401894699676 4.522497789787524 -3.6153324552126223
0.8867443696702206 4.542914535825236 -3.573828446859643
0.873785558820304 4.562160493262216 -3.5295713087143423
0.981770311454801 4.402423396505673 -3.8720112203959762
0.9493320580208126 4.42614567218252 -3.8424044983338246
0.9080523753165123 4.44855571267621 -3.82551800761118
0.8637526169310644 4.468358951525096 -3.814128475560128
0.8004974776044029 4.506684700067919 -3.7657739907069616
0.789776129315328 4.5060970431083085 -3.777532426098163
0.7850793450796343 4.50582795710761 -3.7827164479803566
0.784516320342572 4.505790776740227 -3.783351794657092
0.7868976186465203 4.50591932895943 -3.7807457213284477
1.0984658222039096 4.390436412207442 -3.7675210422177745
1.0921008506256467 4.388425810245884 -3.7807187904383484
0.5490108893940204 4.502461436314409 -3.9664968951787096
0.5974144720169483 4.509596913607138 -3.916833381091818
0.5932172208984424 4.527445247279716 -3.872064955523716
0.5886123067459459 4.5443492326260415 -3.8256762283522896
0.5955687819262903 4.5588800763957185 -3.77843796682611
0.6205864459310677 4.567778627600301 -3.73622986498757
0.6553440131421895 4.571247514992461 -3.700712215046572
0.6742077961577576 4.5810463934050345 -3.6556281705691567
0.6784921396034838 4.59571964715814 -3.6082078604991956
0.5380083438867274 4.501091163140579 -3.9764945304415726
0.4923263782965217 4.515539836658521 -3.962116292607185
0.4457223349808244 4.528765517108039 -3.950564183540446
0.39863765082067987 4.5403580334642815 -3.939721487321098
0.3511815402326825 4.550763576778834 -3.929050246936294
0.30214493707521894 4.554770592849354 -3.9366604311670557
0.2597543121612491 4.550714341086585 -3.96233979819287
0.8628511121916937 4.4308080841774595 -3.9196781922150143
0.8636544186660817 4.430894261697026 -3.918768595404404
0.8656940630476878 4.431072199369238 -3.9163870245456858
0.8515704916413553 4.429597523480479 -3.9324524546676285
0.8343643496915724 4.427757028957483 -3.951921130218417
0.7070223982845666 4.45986891324454 -3.975348741344396
0.7051250918755915 4.467337473442312 -3.9562501638456804
0.7024265794310183 4.477776735370545 -3.9291561365736842
0.33681040036642007 4.21505939525214 -4.72670378291064
0.3183140615587082 4.197078591110676 -4.768798315197962
0.29961755285757213 4.178267526221333 -4.810741913809019
0.350868367460019 4.211539460553724 -4.728881430942359
0.363690016496347 4.1884177078810465 -4.770347705364271
0.3907377829050309 4.166009101640146 -4.805248978153458
0.42260621042169766 4.144452353018922 -4.836821617239722
0.459530977605421 4.122611463500056 -4.861985235231767
0.5190166833803057 4.097667257258999 -4.882421613327099
0.5479765071415977 4.104896669663614 -4.856267764918342
0.6605835063282638 4.097775601554894 -4.808180610394946
0.6873668158169487 4.0717908127577065 -4.840922849996182
-1.2502680410271658 2.1925781600502874 -6.082636175124246
-1.253442439176434 2.198394501559759 -6.078950389516147
-1.3105965578325174 2.2046532571930566 -6.025520717714944
-1.3468418417560175 2.1974742794433495 -5.9919779270271425
-1.3828428790433656 2.193328959010035 -5.957709408563629
-1.4178643612887816 2.1904366121880696 -5.9222469096669235
-1.4582980996276176 2.122907668548188 -5.8894052594709745
-1.4917597673224932 2.124127199164743 -5.852985513916366
-1.5243699828257788 2.1253543094698872 -5.815997180379813
-1.2550595846235217 2.2013561174274403 -6.07707291315889
-1.3103043348848114 2.2052072680072365 -6.02571693287689
-1.346142511689634 2.1924978865888773 -5.993414397961762
-1.3796370306815977 2.1705989125628804 -5.963910097789384
-1.4060457812754241 2.134895256119459 -5.941475915894919
-1.4220313243710592 2.121577545292601 -5.926287454078182
-1.4234639530788442 2.1216468411251808 -5.924829687828151
-1.413880276847797 2.0746505159560593 -5.936878444049717
-1.3986667269832178 2.030870264641963 -5.954483666547748
-1.4376597750836446 2.494203068599714 -5.8254282417054375
-1.4722945768226776 2.491664275133811 -5.789600113705042
-1.5061360556311956 2.48885763076961 -5.75297859984003
-1.5394277755640902 2.4858679767167047 -5.715896367142766
-1.5726814600210266 2.4828763927230737 -5.678702786117597
-1.6048377796395572 2.479589513032097 -5.640662762101717
-1.626232794074798 2.4566301955720498 -5.622620617556557
-1.6463180171134242 2.430134318940209 -5.607426519857864
-1.6670009463545399 2.4028484659423315 -5.591780797254803
-1.4340487444879917 2.50861296905464 -5.824015135499517
-1.4577947036908487 2.5357448962416616 -5.789509167867349
-1.4710745369832965 2.573397724665105 -5.759655940144264
-1.4793020021390653 2.613858162297016 -5.731715146087608
-1.4850053180430345 2.6560062646916367 -5.705696600682318
-1.5036192705519027 2.6863239947942184 -5.6708871243573755
-1.527779422212476 2.70557713142051 -5.631756695721331
-1.5594142652480527 2.7069853010819265 -5.59338984336869
-1.5937083522999136 2.696168659913627 -5.558916891664335
1.061716426168891 2.7976187472696674 -6.023596102172785
1.058922835319671 2.7551621948077316 -6.049210563387357
1.0556597933434726 2.7123020216370013 -6.074288729511899
1.0656436288000355 2.665736421735732 -6.08881028874925
1.0888550887767037 2.6218172267093114 -6.091909960516506
1.1142290894370506 2.5828311592882973 -6.090097492218617
1.1344450220842142 2.548351531824789 -6.086236510878831
1.149466077000128 2.5227686065506454 -6.083354009169822
1.2102033978244846 2.447154203902875 -6.06021969979897
1.0497802063400163 2.804344169840553 -6.0291094389530375
0.854148927275312 2.7275100470248184 -6.2017047325031225
0.8152352695922356 2.7162644656492883 -6.228435196645556
0.7504375919355478 2.69560085575404 -6.27369255574693
0.7418219980686961 2.7080320609323216 -6.272656520571678
0.7370967559953839 2.714850310723249 -6.272088161648228
0.7405712989085177 2.709843064011391 -6.272503320907566
0.7488353317249475 2.6979006495314297 -6.273505160255714
0.7537209777267986 2.690821404244443 -6.274105738072089
0.7557195562604696 2.68791524270476 -6.274355899349551
0.8534227215309483 2.7273026653784385 -6.202202408694037
0.8147284521592246 2.716171227212223 -6.228758321763197
0.755678861101794 2.688128485372451 -6.27428339760272
0.7537935594050931 2.6908779445519997 -6.2740439083505715
0.7527342953233619 2.6924067883472893 -6.273916329103584
0.751840792471162 2.6936978832954326 -6.273808060020849
0.7506670272855602 2.6953950066217685 -6.273665369119104
0.7484485494689871 2.6986018712727495 -6.273396020384496
0.7453481492429844 2.7030763106755336 -6.273022775137274
-1.444963804061006 3.579204024160645 -4.921510107156711
-1.4529694722772968 3.5864594033713075 -4.902133295049859
-1.4608462579023285 3.593579196283896 -4.883093267842544
-1.4688443343984432 3.600710133284604 -4.8622097409678195
-1.477687604916593 3.6085735017910583 -4.838617207662515
-1.487686681949346 3.617464584998069 -4.811941183188405
-1.5260700390565072 3.6015749601832034 -4.783702616776474
-1.5633356737482524 3.587471784325499 -4.753600347138032
-1.5987711425877316 3.5732262650066358 -4.72159553056996
-1.439989316967825 3.5747055380587014 -4.933537337628208
-1.4378677152207615 3.572810012837715 -4.9386364094240465
-1.461818203256184 3.5346507892276016 -4.959836250284657
-1.4829799109579813 3.496612397940187 -4.984116820288092
-1.5018690096032221 3.45755583864908 -5.008685145435402
-1.5195341453532691 3.4179330037279922 -5.033358489222413
-1.5328557770317133 3.379762058789642 -5.061986614726563
-1.2045877697412042 3.842130429128258 -4.804989471388477
-1.2013653700676556 3.869345360606668 -4.763184481801114
-1.1980942616779022 3.8964751123714096 -4.721325157803641
-1.1943706963296152 3.9228066395802834 -4.679045144971767
-1.1904132722212633 3.9486987538738996 -4.636503992627087
-1.1790818364431883 3.963874512582277 -4.621530036381322
-1.1634044695702122 3.973638756038183 -4.621164571712567
-1.146722761550716 3.9840284642462196 -4.620775808780325
-1.1286617229098515 3.9952772058268424 -4.620354976801353
-1.21753464349257 3.8352444102239045 -4.802171966678625
-1.2404245645862608 3.8459551389905817 -4.759044719413637
-1.2734902673518862 3.8463696323508043 -4.7215869136470765
-1.3092170318681435 3.8418732056381413 -4.68700078378589
-1.3478899486850588 3.8314623591380905 -4.657085641488477
-1.3878501285284368 3.8184341509749653 -4.630081689257701
-1.4277791588144684 3.802447908226686 -4.604808339598031
-1.467637483175874 3.7832261276988457 -4.581663980996052
-1.4945023712960117 3.7829120644701577 -4.545451717275836
-1.6285757414616626 3.264517575274155 -5.063131496912526
-1.6647303142774712 3.2406219725708523 -5.0384325853581915
-1.7000400286288562 3.2162530862739915 -5.013140398559193
-1.7346124945364148 3.191330078299344 -4.987269043995237
-1.7688148804527246 3.165820374643097 -4.961050534511041
-1.802901719736017 3.140282149734158 -4.934756371991576
-1.8331879737207097 3.130590987328103 -4.8961914406063425
-1.856260994913993 3.1367904013492733 -4.852019148905362
-1.8728707613710276 3.123284728258497 -4.838689034288409
-1.626471674527565 3.275810406838397 -5.053604967982756
-1.6549554457502174 3.2764317636919236 -5.012614100759174
-1.6751193782578504 3.2898524522021235 -4.969023854193689
-1.6912151313244401 3.308082229426373 -4.925396235287153
-1.7019736584456264 3.3320967519234213 -4.882920911198655
-1.7093717175111087 3.3585842380474173 -4.841206916383393
-1.712975388787568 3.386553908024114 -4.800001474791796
-1.7293850000795348 3.401457643588642 -4.755286958093612
-1.7547337888831336 3.390875684403304 -4.728997998233418
-1.54539178464009 3.0990600408160027 -5.333583600001999
-1.5803761664791336 3.0704960864681463 -5.313073434210895
-1.6154304869220222 3.041897656937299 -5.292503164196079
-1.6497584986251492 3.012779456352024 -5.271324393779652
-1.6840933226326387 2.9916507377298425 -5.24216519334363
-1.715186728036511 2.9867148672301687 -5.203761152025776
-1.7378482715670578 2.9988477487056273 -5.16122114881979
-1.752395175765219 3.021865239947738 -5.119547857891038
-1.7546422486327478 3.0576230426655067 -5.08517849279896
-1.5419818449301468 3.0904619592574223 -5.345191065333665
-1.5666482309055165 3.0477997744301546 -5.349669630784688
-1.5817875858899184 3.0039997616990113 -5.3667736153927255
-0.3047233132208314 2.950507572586608 -6.291351753728918
-0.25852884543913024 2.9405633690618878 -6.307184482553433
-0.21256351533754916 2.9288314211050412 -6.320559483001413
-0.1813999352085989 2.909023801482215 -6.337291771182646
-0.16279692960331144 2.881906506857416 -6.3571683452821075
-0.1433759968744056 2.8528494163681026 -6.375679393378642
-0.1244240362017459 2.82398856319281 -6.392448404027424
-0.0775689678453958 2.8160704813890836 -6.399943835407641
-0.30186952743037876 2.9631307558405964 -6.283934130149343
-0.25470434302667316 2.978372602058209 -6.282357558835789
-0.21457716892795742 3.003506693337359 -6.27063341868419
-0.15018890163919746 3.048815493319625 -6.247339811989061
-1.409212594288083 2.758728296523235 -5.732768101046839
-1.3983628020756005 2.764785821547169 -5.741024691220465
-1.3842993229669598 2.8111198800469426 -5.729111221620107
-1.3667181175969976 2.856463367605844 -5.71832930661595
-1.3470300518008544 2.9018264873910184 -5.70781911057426
-1.9263530544580196 2.501222703429799 -5.183408731642304
-1.951759565158821 2.4689593262166483 -5.155019119291157
-1.9770884823678683 2.4366795284379363 -5.126588423735171
-2.0014666117330497 2.4041563139004536 -5.097554016454372
-2.0251994826655193 2.371551273292018 -5.068140919911976
-2.048115912823685 2.338805583342656 -5.038190272941381
-2.07006015770144 2.306005162069032 -5.007715765744189
-2.0920064288227582 2.273057668144372 -4.977187741747766
-2.113874994157726 2.24015668265086 -4.9466364015521584
-1.922014670796018 2.4918279270286052 -5.194128273737692
-1.936291749928267 2.444282373304693 -5.189522820379105
-1.9423793386756665 2.3955235651789746 -5.198178422347376
-1.9431284779116367 2.3472291915803223 -5.210449966153643
-1.939229847412508 2.301072662591169 -5.228901652148872
-1.9330333174596697 2.2565789190819134 -5.25051123745298
-1.9231329872577554 2.2135246375788507 -5.273529710133048
-1.9105150057626568 2.172252084099216 -5.298589612241677
-1.89679827707788 2.132282492669353 -5.325126472482886
-1.8816726528926628 2.9232811073993 -5.001905148054158
-1.8931853561577496 2.947660268858678 -4.964790579977186
-1.9120370653393906 2.9577842885793215 -4.926814776424875
-1.930249647096461 2.967533461551256 -4.887015132120989
-1.9498285145869223 2.9780791118963355 -4.843435331535059
-1.9741432530102085 2.979490439462589 -4.799933435003287
-2.002642481181336 2.9675548889490524 -4.7608904928893825
-2.031472640282743 2.9473234979959337 -4.725662101312217
-2.05993502377241 2.9223619030870966 -4.693202582339069
-1.8770389088629489 2.9389758244764814 -4.997326905266926
-1.8960329946729566 2.9492026359934926 -4.959044144681492
-1.915884654895867 2.9598013006273396 -4.918984882109075
-1.9349265582032038 2.970054028096764 -4.876603651558648
-1.9492184405445772 2.990444083082897 -4.833257573359575
-1.95945785486218 3.0164452245664153 -4.791835921319569
-1.9614552930624751 3.0453254645793164 -4.761769876508891
-1.9730384805091217 3.0620667129937047 -4.726065053738011
-1.9855569188553344 3.0736919983169138 -4.693426410480994
0.08262239436924805 4.712043853851505 -3.508537995180745
0.1359994790928311 4.725915417789403 -3.4560889799585635
0.13206655725775074 4.739992909614992 -3.409750882101387
0.12813451860390282 4.752875978463437 -3.3637009199614716
0.13859756963795855 4.765571618836113 -3.316477662649222
0.14926447196559608 4.778245659816822 -3.2692960092583485
0.16001381435436948 4.790515759279099 -3.2220504357144906
0.229419973890149 4.798992819074565 -3.1722092647944633
0.22819026923739494 4.811720241769877 -3.125937419215292
0.06780335204858713 4.711783045513952 -3.510374649599024
0.03854952964804788 4.723751399787033 -3.4716096925449462
0.006777462757284108 4.73519531214571 -3.4347378157456387
-0.025903724725533893 4.745841736568941 -3.398476106665762
-0.06373927015578645 4.753861899175663 -3.3667719051736316
-0.10735109573382567 4.759526945375596 -3.342974223159239
-0.1535084066755658 4.763278709671305 -3.324190380633552
-0.20065483014181024 4.764192476177867 -3.30803132902919
-0.24850289303310874 4.7643223307384845 -3.2937935040225583
0.47209002649415616 4.614443645253569 -3.689130793940578
0.48646376835865496 4.626889639106972 -3.6429175473993443
0.49840795044991304 4.639885327738159 -3.596153826894174
0.5090977365531214 4.652534293390668 -3.549012030391741
0.5095148098043031 4.666974855327135 -3.5011636193189672
0.497243089203346 4.6830773272217865 -3.4554619488055014
0.4774774788134128 4.699626070438142 -3.4126194816202204
0.45341012689944166 4.716268812388193 -3.372086496251727
0.43755394019331584 4.731565447631069 -3.327250284833421
0.47295947576834046 4.611412714815864 -3.698086264949009
0.5155020455003491 4.612125942798549 -3.672133560952113
0.5623845265765698 4.6075065347376665 -3.655718599613247
-0.3297251587755214 4.526802640532502 -4.004199849859339
-0.3343469738641533 4.543604282247384 -3.9586153849077665
-0.33864154110185457 4.5586345978791245 -3.9137273772151286
-0.2820376636993317 4.582100395344617 -3.865849939041821
-0.28652008672289964 4.5971246770020855 -3.822640041162208
-0.2908809256620511 4.6113139633192795 -3.779593364003086
-0.2951810904258846 4.6248338054868094 -3.7362134625311647
-0.2801752176385351 4.64117397944743 -3.691410572991874
-0.28528516062676285 4.6559235674688475 -3.6439211706474195
-0.3295533669837285 4.526175940397593 -4.005899957756552
-0.3340844757294048 4.54264595898524 -3.9612150551822185
-0.3383263954175328 4.55765685003463 -3.916691491660224
-0.2817040113229717 4.580798640771526 -3.869578596571301
-0.2861085896264949 4.5954922679670736 -3.827313885524089
-0.29011275339628345 4.608913739711512 -3.787296538413783
-0.2935034056033957 4.61958265619868 -3.7530651792537477
-0.2577300187488779 4.633317464665824 -3.7232816183333224
-0.2144778243546501 4.643658423710348 -3.7027913761928284
2.998391109855275 2.5673986343900177 -1.990415171144595
3.008759660272624 2.5476476025965287 -1.948925378871383
3.0178158472100614 2.5281253474674834 -1.9081291887892013
3.0254615994771847 2.525564600856712 -1.8587803873533155
3.0331264562086306 2.5228690209333866 -1.8094458026103317
3.040314946864271 2.520019614651732 -1.7600536684468926
3.047379882031776 2.5171070650380547 -1.7106443222362702
3.0544484787054484 2.5141685007070818 -1.661236836407169
3.061300907998822 2.5111724317507385 -1.6118050264486046
2.997407743983561 2.569214998102268 -1.9942528085317108
3.0071331047964116 2.551162948946285 -1.9562430158346005
3.0145995411426085 2.535083622240755 -1.9225912529956766
3.0201542083336137 2.5231084836938895 -1.897569781248866
3.0248227984242066 2.5377933125151797 -1.8500383674126424
3.02682503166942 2.560339507447227 -1.8055026423233034
3.025205175839678 2.5937063918849463 -1.7683599700257926
3.020571710250527 2.6351665290216117 -1.7408609744161743
3.014617823591337 2.679442634817225 -1.7184791085109306
3.012217674506807 2.391621506450333 -2.0800316879225296
3.019010737643005 2.3429495275852976 -2.07111600910667
3.03172193097545 2.239440309183931 -2.05681231578201
3.032327253275568 2.2399068357786147 -2.052894975933758
3.032941053400757 2.240349808552542 -2.0489344818084656
3.0336011934687277 2.2408305042101366 -2.0446733173783675
3.0343395913704416 2.241371617845777 -2.0399056673202978
3.0351840719100296 2.2419930779907955 -2.034452053688601
3.0361611705085405 2.2427140550482556 -2.0281412510756414
3.013950601718841 2.396724790112925 -2.066099977160316
3.0231986335712286 2.3633474830619834 -2.030114041694544
3.043984911984633 2.248642632273034 -1.9764380422909797
3.05001996267556 2.253705804533678 -1.9308523707978955
3.0572439203073074 2.257004804630674 -1.8782552225694304
3.0653494429058683 2.24189498410832 -1.8326511844931688
3.072624955318636 2.226846883955995 -1.7872198100071057
3.0798867796719107 2.2565230063860025 -1.7104932707999083
3.087567271687049 2.2259398633009706 -1.6736147976161282
2.999122589647388 1.8756947991643544 -2.2897293234058083
3.005927062948149 1.851964293424527 -2.2462715555342094
3.012361167422954 1.828250106762196 -2.202738795966288
3.0184000825653374 1.8045773820636224 -2.1591375317813224
3.025654677684669 1.7931517740617195 -2.111032740029284
3.033574730155799 1.7942047677571367 -2.0617030575919073
3.0418864437629285 1.8053924693256171 -2.0137226315059196
3.04969084427241 1.822708491659115 -1.9674950785480243
3.057272190974874 1.8436683289941314 -1.9227568929944139
3.000428593269194 1.8897391436937865 -2.2848102296868644
3.009248765592869 1.8972596348045325 -2.2361879986304625
3.0174629657466867 1.9197296817974383 -2.1922837148711336
3.025273731281758 1.9473705812618465 -2.151342421250148
3.0317956384052396 1.981266859749617 -2.1151769999118026
3.0367259650350547 2.018108591958143 -2.081768852541581
3.0416641572956906 2.054752141207297 -2.0481812705380307
3.0483017146723013 2.076197271077442 -2.003591663497624
3.0555933988204935 2.0934095927270686 -1.9550892743354373
2.983222299982998 1.5341166482722361 -2.18918716747793
2.9795023867371713 1.4888944863515245 -2.1683406886914356
2.9745826498462296 1.4438593569191254 -2.1472871141801293
2.9693397914502304 1.3988777801677696 -2.126179483766726
2.964095212800073 1.3538809187607381 -2.105064305767793
2.9581114285805024 1.3107320052813276 -2.0808082866771285
2.952568953413171 1.2708253520762627 -2.0515977528258618
2.9495358204863193 1.2355929925657843 -2.016810409734279
2.951417516199956 1.2135966395513424 -1.9729266237230185
2.986445189874042 1.541980891054745 -2.176906804395707
2.990286201769932 1.516570555000742 -2.1340538935286117
2.996454553589118 1.5055672247467529 -2.0856996799129703
3.003548544070441 1.5013285991304754 -2.036416906265964
3.011771459571106 1.5048413839608434 -1.9872474067207102
3.020345858275822 1.512438589538794 -1.938595624401345
3.0287449371346793 1.523243318915845 -1.8905211005173441
3.037493214499298 1.5373047749501538 -1.8433485738227862
3.0442156363892363 1.5359243074317703 -1.793830663008177
2.9293955274489876 1.3861792748659798 -2.3410017484787673
2.929870840702156 1.3554918759573635 -2.301694684360144
2.931206772838076 1.3275858545459573 -2.260325315056065
2.932494027593521 1.3010842003623593 -2.2180335655694923
2.9281630749698686 1.2607484529212785 -2.189115815892841
2.917345492119401 1.213601091779379 -2.1776199318383838
2.9034801919286264 1.1659286956936394 -2.181229628730829
2.887313806112737 1.1212770435212225 -2.19619359461197
2.870786153122474 1.0867653990096997 -2.2278030935644897
2.9271539689427533 1.3864166133383964 -2.3535833673281172
2.9191562240678737 1.339280317017872 -2.3398167314121134
2.9079742911121187 1.290731304682801 -2.3405419515635764
2.8942617105330832 1.2433948746949903 -2.348019126540836
2.8793179072480455 1.1976153182955531 -2.360549137746173
2.8657859759507853 1.1500681173265443 -2.36116797240298
2.8522444929488553 1.100336138706199 -2.3495228608102914
2.835375459259332 1.0522270125604405 -2.357747009113015
2.075461724590858 4.253438469438985 -1.9080212940393249
2.051763495628963 4.281431327526737 -1.874026899826557
2.027915460763674 4.3092603561901495 -1.8399894116613549
2.0041108407422947 4.337046892678807 -1.8059695556147444
1.9791699381895391 4.363473797131698 -1.771727371985668
1.9541351111025782 4.389800014773742 -1.7374253152703225
1.929084995974513 4.416112009441373 -1.7031183744106673
1.9033743940536314 4.4415962504365645 -1.6686707751742467
1.8776610636541426 4.467083867564418 -1.634215171337702
2.1249641838580047 4.220833472204253 -1.8413837705967153
2.1052997012666292 4.243493961026636 -1.8176126402873838
2.090798605337733 4.259851927608109 -1.8002592471101762
2.103193761039437 4.257774996372036 -1.751870696447717
2.120393833711843 4.249493026222978 -1.705680348142623
2.140184850254203 4.238318394001633 -1.6611712649480623
2.1629637798097248 4.223863767421409 -1.6190783807192954
2.187591646095371 4.207272686262682 -1.5788644839926462
2.212235763197217 4.188389901335994 -1.5396973275376586
2.424259341813457 3.880507374403641 -1.8769413891843958
2.449101925001803 3.856157673198918 -1.8410845301069019
2.473563668903705 3.831399285764641 -1.8051442650399272
2.498113733930211 3.8067278194479366 -1.7692151935037073
2.4946845663314217 3.819832907686141 -1.7325793342960798
2.4992380489069057 3.82250097646863 -1.6946751267184479
2.5037220454300453 3.8251030012723155 -1.6550252129976573
2.50784945601935 3.8273941574912573 -1.6136002640422011
2.5267074799309266 3.8093044838676153 -1.5709843165504471
2.42856266325965 3.8723082185767015 -1.8886492710900775
2.459110982066718 3.8339574887232137 -1.8795553726146177
2.4878449889159286 3.7934772419674925 -1.885917701148451
2.514517880319021 3.752952934246846 -1.8979313324764853
2.5380453002984655 3.713449918013632 -1.917341405923374
2.5596766408163805 3.6748415507505423 -1.9404549063014285
2.5792145804723106 3.6367695969398657 -1.9662153693054545
2.5972230536379084 3.600203172263893 -1.995097652773991
2.6141372325221517 3.5645678847438473 -2.0257719459355137
2.1524006798318327 3.929629766557623 -2.83687629249219
2.177982922063155 3.8929891462823853 -2.859141265360812
2.203299738303272 3.8558096516415086 -2.8813198888024307
2.227858236576756 3.81861234984826 -2.9033256483158634
2.144651227788279 3.934429427422637 -2.848706167263141
2.1525415340260796 3.9107856239986267 -2.891945085090109
2.149400658898162 3.897072571001903 -2.9398321916983967
2.1421389051075903 3.88773212645509 -2.9883801960490692
2.128636552174163 3.8847250702084057 -3.0364002938156682
2.897729894202216 2.988471114981064 -1.923275998513984
2.9087507436981235 2.977723559144394 -1.8757042495918912
2.919006887496065 2.9688503240842286 -1.8275819826519486
2.928457492866129 2.960712149127711 -1.7791695807618997
2.937580387660452 2.9530100548932303 -1.7306230293959544
2.946627596417088 2.945585312206313 -1.6820129296500128
2.9498739041509823 2.956522975605551 -1.6333483898337051
2.947212186364279 2.97982191733222 -1.5892028047948554
2.9242860152408987 3.0731594887963394 -1.5131853943424787
2.8967282153404588 2.987905758017731 -1.9313030035943581
2.9001120671028082 2.989801874080363 -1.9042193789908288
2.9158619718866223 2.9588676840107495 -1.8682683379956253
2.9316805365996843 2.9232848796213418 -1.8369555766839063
2.9698422447522512 2.8110059869742874 -1.802918657492946
2.9706101512095486 2.812788094732237 -1.7945453932826303
2.9710670936781427 2.8138160815098208 -1.7896199665595598
2.9711762642132338 2.8140548845030535 -1.7884551640887316
2.9709608401818635 2.8135563286003262 -1.7908017130325564
2.932547360241405 2.746435509536156 -2.1496772538952915
2.945842754918062 2.7218368713571235 -2.108297603330049
2.9587332439430893 2.6971445125747393 -2.0668385819397015
2.970586799267081 2.6754880167059367 -2.023428881347829
2.9789921731915223 2.671575907557364 -1.97444024642021
2.9833825124984577 2.6854876175311957 -1.92676598068104
2.984266403860196 2.7093057978774895 -1.8829290408836454
2.9300220120294567 2.7598062262343044 -2.143571339802847
2.9367247134786982 2.7650417462249948 -2.094394086875549
2.9390113744505877 2.7848641567704426 -2.0485546652662423
2.9394011641701763 2.8097842962527677 -2.0051732770354618
2.9374565389561527 2.840892613933338 -1.9660863583706787
2.9372271069419007 2.8641978529380707 -1.9219227663771778
1.3511680397373484 4.583789790783898 -2.725564508502666
1.343000094242772 4.599228738571444 -2.67872233187717
1.3347550658864156 4.614508724194311 -2.6318359784261913
1.3637381223989564 4.6123581519330115 -2.579456811099653
1.3623133585698322 4.624525176907605 -2.531209104770453
1.3604504883805157 4.635947176255482 -2.482662619854128
1.3272866614692118 4.663347616457673 -2.43211911685596
1.3342277663668871 4.67041741210831 -2.3845478784653964
1.3408369844280923 4.676819470905381 -2.336837469503053
1.3385718908865794 4.588798735098694 -2.731833273430439
1.3061156420073787 4.612258598585598 -2.701951686608825
1.2656773253380302 4.636522900548832 -2.685445736412769
1.222411211109895 4.65926334632858 -2.6751539747533846
1.1770245180575265 4.679817303807755 -2.6722201564576737
1.1311464159762685 4.699546505998787 -2.673315736660414
1.0848885432206095 4.7177627835884355 -2.6764340902242187
0.986415616821135 4.755054642657191 -2.6782341478772915
0.9855848078093542 4.753870586988692 -2.685077841711469
1.0671638968807244 4.600882227273434 -3.161977933839338
1.020648299403935 4.615812119346129 -3.1723421290117306
0.9741220861444193 4.630746311621617 -3.1827055328686016
0.9276008884696755 4.64560653659961 -3.193035600417539
0.8802592862512154 4.6581283636188235 -3.2026924865794855
0.8328265390911437 4.67057663692752 -3.2123237134975087
0.785383668869904 4.683021641853424 -3.2219783714022348
0.7378997028274069 4.697418321848743 -3.2169564133299153
0.6946530125698939 4.713861515602474 -3.199044416310366
1.0708833348385187 4.595639619454425 -3.1754626580029326
1.0365664713391736 4.5986057270386 -3.2115618877154
1.0136819183152839 4.594888663936897 -3.2557683522950303
0.9962318101473694 4.587777101207144 -3.3020097914109248
0.9858033768758537 4.577365657139199 -3.349739370901117
0.9792170300292337 4.56539045116248 -3.397811624927106
0.9874072555863583 4.548348402253655 -3.443986963769025
1.0129574149084255 4.5263976312604575 -3.4806706286227573
1.0492425983506655 4.503016606072464 -3.505634392785324
1.9167875445279454 4.330635647249303 -2.1986045437479476
1.8847335059046484 4.361525045210854 -2.1757619026127597
1.853040217370719 4.391889673116671 -2.1518915158839085
1.821163567429124 4.421579364603346 -2.1274217402252256
1.7968741602716551 4.44445569800163 -2.1026630395202988
1.7996355410103475 4.447625249909015 -2.0779796890109012
1.8025432034418492 4.450962366294261 -2.051990386925796
1.8053633161966405 4.454171803958552 -2.0241143768349006
1.8082660307638156 4.457396636189375 -1.994088196202818
1.916153495876582 4.331296777170198 -2.197926943517032
1.8902368494258506 4.359339928770848 -2.1656375236557595
1.916331674336572 4.3599652433495715 -2.0651001384702283
1.8943124495151482 4.381916204736224 -2.041172586345347
1.931480992949953 4.369916609911851 -1.9505009644355071
1.9199401922326216 4.381898759734196 -1.9385223833458523
1.9153904871786085 4.386625105439772 -1.9337862821262868
1.9159277933626242 4.386069602330621 -1.9343317106514235
1.9202174385216435 4.381617747316773 -1.9387744974346324
1.647696703869884 4.470388633917311 -2.463584123513308
1.6096682101132924 4.499559562934821 -2.449549619214946
1.5703163401014102 4.526697585563723 -2.43503762566767
1.5309652912293819 4.553837267791152 -2.4205198502628886
1.4940654833273204 4.580747475218985 -2.400357520207835
1.4682756437440623 4.603341220552539 -2.364134516387174
1.4561532196525357 4.619440482694907 -2.318786633529133
1.4616163103942321 4.62651944499422 -2.2700455797504326
1.4788057240002006 4.625982017844968 -2.22337930473332
1.6443715459693076 4.469226672353757 -2.4780960152479174
1.603605377732619 4.492299927101552 -2.495324577075414
1.567108437416744 4.507869280391395 -2.5255720778574773
1.5334802261190403 4.520573052775872 -2.5602372152670916
1.5044292919441644 4.529160553012129 -2.599971373601136
1.489996868447138 4.526090262980601 -2.647660478732716
1.4918220900546948 4.513309908309799 -2.695833857387459
1.5094904596578673 4.4918027922731625 -2.7371593798845
1.5710011488923004 4.440641322783273 -2.7881627642281703
0.8559281254348808 4.582028767610684 -3.4873367362931083
0.8377659670107587 4.60073816820276 -3.444714853208985
0.8195154084814311 4.6192211748827665 -3.402013016617595
0.8012472720450167 4.637666498368744 -3.3592940012252983
0.7755045057913782 4.656964191410862 -3.3210929727427656
0.8696459091798246 4.578597395736164 -3.482551597669955
0.8814086286959292 4.589295221176911 -3.4351623561422544
0.786232061289299 4.505879434990684 -3.781485305300034
0.7844941989034856 4.505782425385269 -3.7833962300878845
0.7799843711077848 4.505530568746023 -3.788355480288308
0.7680910120028762 4.504865625673959 -3.8014361640356347
0.7472780297831471 4.503394681357318 -3.824220674171599
0.7963803186420986 4.506444285725706 -3.770331076339372
0.7950536922078828 4.520931536836809 -3.7306399603366445
0.7973727567711808 4.535132676384691 -3.688323751276915
0.7996643859935241 4.549448747349158 -3.643859710541974
0.6581735260214395 4.614083669671118 -3.566630121949169
0.6377804555080983 4.6320739897770995 -3.524804173202874
0.617384442287282 4.6499862856155385 -3.4829418946081536
0.6162243546827093 4.66465173216057 -3.4352719805391074
0.6324924529463413 4.674522692497769 -3.389115930860189
0.6173903841532644 4.704474166477795 -3.3013669139827804
0.6721395811956435 4.61241725910273 -3.5617135510003166
0.6822900627177798 4.624498789267235 -3.514481303613034
0.7065195304238759 4.631483561316204 -3.4715593237863724
-1.5591060469256997 2.1091096500980133 -5.778451539310164
-1.5911950867857385 2.112481869059229 -5.741189592812487
-1.6218682960634472 2.1158307649806125 -5.7028346414603694
-1.6679517046894172 2.0782759250653804 -5.6481738582800896
-1.687786101393094 2.0991440822268426 -5.623088873735027
-1.705992112684872 2.119936292989467 -5.596645903139507
-1.7218181822278074 2.1383443804928257 -5.573025102124531
-1.7487540397675612 2.1122206802306485 -5.540046205150303
-1.7686927321061694 2.073634173807748 -5.515629807648331
-1.5582762494074014 2.1090095829909914 -5.7793858092060955
-1.5898167382038806 2.1123254030319845 -5.742913886741423
-1.6197071163097148 2.1155573729494206 -5.705541786247701
-1.6713205390131403 2.081881511213206 -5.643911146732414
-1.6962089890242398 2.108549053425525 -5.611248463797349
-1.7191626975024805 2.1352362556123583 -5.576990917830933
-1.745126860923196 2.1543319435508135 -5.539634898841813
-1.7679247748265492 2.181526074027532 -5.5051904761147
-1.7874837832307957 2.214053856160787 -5.473150489726615
-1.3852803581859219 1.9853987612362196 -5.969400180135303
-1.3699094050116993 1.9397603580102845 -5.982220073251286
-1.3540519343182336 1.8941936290496304 -5.99472933081611
-1.3375890011319884 1.848808540549489 -6.006477664849163
-1.3150941312604916 1.7849090544140316 -6.0188338850863055
-1.292803105773707 1.73611092681224 -6.032991225672141
-1.3762910454271573 1.9933995834486427 -5.978185994891205
-1.3450316277501808 1.9679426412410497 -6.007233565476527
-1.3096702232153554 1.956923206160308 -6.040594796317916
-1.273050785032367 1.9529384356540447 -6.073938519040711
-1.2356182624980252 1.9567931893605686 -6.106400256155653
-1.1934096859055807 1.909247709187604 -6.140305363704123
-1.1564314069990114 1.9150508428474926 -6.172092826636093
-1.1242570071586286 1.9197565467846163 -6.198260805288492
-1.1002341487650593 1.9233413665295758 -6.216011780367628
-1.6793364328855611 2.3843698848170525 -5.580245165339863
-1.6968954231688091 2.3579426125573275 -5.563749359087182
-1.7275213625073234 2.3438660263725875 -5.526634299314951
-1.7575795385258863 2.3259855062809347 -5.491072499406299
-1.7864115260274747 2.3271359967451066 -5.450381970513323
-1.8108677834299156 2.345230324887062 -5.410901335415097
-1.831261354590527 2.3722338155718594 -5.374205356009959
-1.846397121344898 2.4070626089490723 -5.341893206285539
-1.848925789121645 2.4523725581149045 -5.32141528348536
-1.6850388760606567 2.375795486976267 -5.57488588978871
-1.7053151716224728 2.3452775920749294 -5.555837550078207
-1.7353483211981273 2.325597501993345 -5.520972126513534
-1.62638638058321 2.6714963154343025 -5.530566411779302
-1.6582095613292356 2.6465305121110627 -5.501473054711608
-1.6901748021513907 2.6210429227359415 -5.472452297814239
-1.7213483829551142 2.595494026813899 -5.443008470622881
-1.7535082038770573 2.5338581861758307 -5.426984386577206
-1.7588584111028376 2.5353438600316904 -5.419049855122856
-1.7548004757715716 2.5343282157819207 -5.42502558828232
-1.7511528033538888 2.4921327614139552 -5.446109325988994
-1.736521252745524 2.4606939561078693 -5.4780739818375075
-1.6268287885321304 2.6846277969088947 -5.523511186356218
-1.6561130513143516 2.6886629585155575 -5.483411749188103
-1.6790378237807113 2.7069127074568917 -5.443234907799991
1.2447382064263917 2.453606787046375 -6.0268379745599
1.2927459671942905 2.463977180251646 -5.979946624025562
1.3078293234559335 2.4423554496120667 -5.973857208032887
1.245513694437281 2.453757703959206 -6.026086287145218
1.2873055469713588 2.471776832625732 -5.9821427032440155
1.2894237904315433 2.468740892122842 -5.981287348784297
1.2855238816622672 2.474331006547169 -5.982861927710473
-1.6314400377458405 3.565075905787584 -4.6846883200122305
-1.6641024203674144 3.556944188368369 -4.647764728024193
-1.6958978677541172 3.54803755677724 -4.610294258179896
-1.7274081611585435 3.538866860819547 -4.5726167639163435
-1.7589176193514902 3.5296519727359335 -4.534911499058136
-1.7836083902365831 3.531037219286416 -4.491520630995407
-1.8028835360251427 3.5390559959568084 -4.446130256753934
-1.818741882858433 3.5513164098442007 -4.400348809867919
-1.832423718420677 3.5661547339250825 -4.354620998474998
-1.6355291968813999 3.55417563644741 -4.6938514479424045
-1.6732333001790631 3.5251323199347513 -4.6786491956172345
-1.7071630943377194 3.4884738402313813 -4.676629336766258
-1.1146993426196696 4.003656256790534 -4.619904750074762
-1.0885992551966952 4.017782547149897 -4.618464236868956
-1.0544820461985407 4.036247333186596 -4.616582480160419
-1.0214097747738164 4.065539805643919 -4.5931211745654315
-0.9855173443099783 4.0938323617714385 -4.572929742707819
-0.9477921405988093 4.1204835104651325 -4.55395182679541
-0.9397996299373612 4.1665049956305555 -4.469178686151557
-0.8982031831578406 4.1889360957032995 -4.456779554177423
-0.8612805368298235 4.213944506448538 -4.434294401696165
-1.103545438314831 4.009693742075412 -4.6192880147193165
-1.0760818721284173 4.024557993715068 -4.617772251654399
-1.0521413846094545 4.053958274062532 -4.585216361160188
-1.0622243158382751 4.101910053196389 -4.48295657211126
-1.0480431887017048 4.109754539653868 -4.480620198098567
-1.041289595816371 4.113488831834414 -4.479510701673303
-1.0402470153562775 4.11406496211076 -4.479340136299034
-1.0443108726557004 4.111817129417486 -4.480009367308309
-1.0507793235662788 4.108239479325721 -4.481074112531836
-1.5065315288378898 3.8001728309000598 -4.500863307364864
-1.517699883074695 3.816404077964878 -4.455419150159144
-1.5286669074690824 3.832387797334694 -4.409590693055945
-1.5421133364933082 3.846462446151891 -4.3634811328674825
-1.5550555187006072 3.861204922308127 -4.317505513590414
-1.567738417120809 3.876189368256265 -4.271528562608256
-1.579770310906506 3.89077115021549 -4.2252668923763235
-1.5910844867853073 3.904700138541712 -4.178677666706999
-1.6023309413193632 3.918585921596241 -4.131997681714916
-1.505423497033134 3.798579734018708 -4.504975611773874
-1.5151151943941312 3.8126418813181977 -4.46621112577673
-1.5226077841195984 3.823602130547332 -4.434827926748267
-1.5563598222466941 3.8148351111840286 -4.399570025078854
-1.5930746373248492 3.8009286146353083 -4.3691929375836756
-1.631392917746088 3.7790374392366104 -4.346570842305976
-1.6696070669007081 3.753050007976536 -4.328092579034285
-1.7078501230712189 3.7237471938018736 -4.315292859663488
-1.7457253707642648 3.695646447118982 -4.299221106329169
-1.8798109665372933 3.117643637703682 -4.833117032503773
-1.895183428296683 3.105128189263395 -4.820796201900085
-1.888469555841654 3.110605728766556 -4.826165507251908
-1.7817089510914548 3.3661803004863153 -4.718126574516673
-1.8113720015315495 3.337260139144977 -4.705054708468943
-1.8421555912257057 3.3055155550459037 -4.690485934175483
-1.907846001063715 3.236904109326021 -4.65915899475647
-1.918888035612086 3.2495704995573402 -4.623961850771853
-1.9786672747924814 3.1941162422977354 -4.579552814470192
-1.9965711782630837 3.2052010841347007 -4.534745907242886
-2.0129414727645445 3.215444465108499 -4.490079506253081
-2.0218267194685002 3.237291976615899 -4.446088172056831
-1.7872249902843493 3.361129413748921 -4.71590483341691
-1.8190280238408372 3.329368978628852 -4.701426808907492
-1.8510521891939637 3.296343239072885 -4.686273107274478
-1.9076688633975536 3.2366751252077255 -4.659754350051345
-1.9131409808106987 3.2429296812616464 -4.642338505160611
-1.9191455968718514 3.249877264395466 -4.623127381190752
-1.9712925772136625 3.189521073032292 -4.597628744444618
-1.9752892214497926 3.191998999680153 -4.587845816804227
-1.9735293183836082 3.1909029158166575 -4.592158927479811
-1.7501642993578517 3.097439841158711 -5.056975994101162
-1.759902059210049 3.0900713257892414 -5.048746258558283
-2.1357230409138817 2.213030565082143 -4.910889627351058
-2.1568220887232736 2.1858398993780863 -4.874689260155056
-2.169656360860283 2.1916655522578514 -4.84959883713975
-2.182043351551522 2.2031928661589975 -4.824572260249815
-2.195649049478346 2.2158575746965634 -4.797082968448014
-2.2093888806910287 2.229570467962032 -4.766412379817569
-2.2238312322647116 2.2443882168846585 -4.733106439792277
-2.2501359751337233 2.251205500110509 -4.677613961489696
-2.2681240235621734 2.2253056309867474 -4.647499054903839
-2.131702189061832 2.201927528228689 -4.920023841825575
-2.1428617562314143 2.1555934674645654 -4.905263288364799
-2.1469975551477916 2.1059525536732124 -4.904018790155179
-2.1476148093859333 2.056266236778951 -4.907692925509756
-2.1451346550795938 2.0068398103495046 -4.912843594346397
-2.141598612236589 1.957505147609443 -4.919065854811411
-2.1361612165660446 1.9082526514649094 -4.925185362859919
-2.130262136885881 1.8591700231148676 -4.931562498879066
-2.124197297876598 1.8100048216690285 -4.934987197851243
-1.8857924932593715 2.0889664325301216 -5.347336682030483
-1.872440118088108 2.045488742882033 -5.367920151371316
-1.8299078061653282 1.9578161745709886 -5.432010619621524
-1.8408830821240134 1.9340153089612566 -5.415093364711398
-1.8538836148620768 1.9035624479960391 -5.392820467101779
-1.8584974960677594 1.8551486417031557 -5.3814259737750545
-1.8691015271592324 1.811629025988309 -5.360288682572609
-1.8871856769048445 1.7803630670802335 -5.326649176400701
-1.911370433611954 1.7662629725653565 -5.286158702070099
-1.8787486548416519 2.0981425682266566 -5.356766561772713
-1.8537067930570574 2.0769059903870977 -5.3943662435295865
-2.087995063762525 2.9006732417110075 -4.658102031335848
-2.115054714872226 2.87858117123786 -4.6224203866503135
-2.1421094269390095 2.8564619931732684 -4.5866996317755415
-2.1690037709407406 2.8343237711888225 -4.550929479513973
-2.194732011862626 2.811699848291385 -4.5145636498485775
-2.2204663266175193 2.7890772530807304 -4.478183953880872
-2.2461160144295413 2.766446864761562 -4.441772430916304
-2.270582077583197 2.7433837895786826 -4.404801203440644
-2.2943211959973544 2.720147294187386 -4.3675067801546215
-2.087577805462139 2.8894195681852137 -4.667888570523515
-2.1111266200647 2.847344712676186 -4.655047956718671
-2.1293197650797957 2.800937852131676 -4.656201752735434
-2.143266869264984 2.753440925851338 -4.661920255335029
-2.1485065812924153 2.6740662540691367 -4.704623598119416
-2.160383968005659 2.6597949577672195 -4.691240857976292
-2.169930308005134 2.6471848598673637 -4.679021577657464
-2.1779612702265436 2.636311583967088 -4.668676284310903
-2.185430959628616 2.626202252151177 -4.659051903988598
-1.999053430009803 3.0863495810822674 -4.656994645238793
-2.012886046890146 3.099764393389042 -4.616146987728938
-1.9958945046743495 3.083285523163449 -4.666323518898366
-2.0009640394733212 3.088209242695649 -4.651345427546408
-2.008845373351891 3.095849808910049 -4.628074775358246
-2.0115391328660213 3.098463635741455 -4.620118592636441
-2.011627601442528 3.098549642415897 -4.619857121543624
-2.0093002071624557 3.0962927657007677 -4.626729672309076
-2.002411983738523 3.089612281689718 -4.64707090098164
-2.0005323295417607 3.0877913433083566 -4.652619444387086
-2.001512248845666 3.0887415909098506 -4.64972582562556
0.22688103017361583 4.823963893791598 -3.078088149494993
0.22264821915083635 4.8376943844041165 -3.0231453657118017
0.247948685767401 4.8434291943069026 -2.992801754003259
0.2737636412059707 4.848961860269645 -2.961746526356778
0.3004436206097454 4.853654514329691 -2.9292764439296355
0.3096778819730079 4.864089808106342 -2.8812094838440254
0.32068516555985216 4.874207974244666 -2.8334978755751674
0.33269227032548543 4.883453175434344 -2.785855177530798
0.34531815349876216 4.892228786129093 -2.738287996978838
0.2269999274053339 4.8229063299846375 -3.082376599983096
0.22573154775406482 4.838388094872753 -3.0194686088226392
0.2570640631795002 4.845487435178617 -2.9819017861812034
0.28845786907393184 4.851551906025768 -2.943840251023461
0.3197558681292858 4.857056829961747 -2.90574985385002
0.35379811828181384 4.861586724388087 -2.869606583539431
0.3949079669584587 4.862466554558336 -2.8413371783977706
0.44070918655943914 4.860822232732497 -2.8215632248967175
0.4891637650115857 4.855381659770493 -2.810969253473441
-0.29798720854284244 4.761236123845879 -3.2876736249957843
-0.3473091361278013 4.757215025654509 -3.281280284527245
-0.3965331035986351 4.75227542544032 -3.2746516146136804
-0.4457635805886803 4.747266452490512 -3.2680113765100676
-0.49468008351685316 4.740250571590196 -3.2608221017631975
-0.5435204555846527 4.733004228063789 -3.253541392502614
-0.5922390783426721 4.7250960026794235 -3.2460808174466913
-0.6407452032240681 4.716139162046644 -3.2383171893184644
-0.6890902050291196 4.706538564792416 -3.2303637280127386
-0.2942030355408155 4.765400450977169 -3.273841592541847
-0.34838902124482873 4.768468830543843 -3.2405651236328645
-0.35001334879300283 4.779576583358532 -3.2001030615282073
-0.3517629139509753 4.791011337059538 -3.15580207647668
-0.35347824179069093 4.8026299262129335 -3.1092330828138537
-0.38639270869687775 4.81120956492863 -3.059577973744617
-0.38389002131081296 4.823845041717239 -3.0121421074314165
-0.3811984112179756 4.835561966436644 -2.9640677806640086
-0.3828726198259988 4.84689052868542 -2.9154046257499475
0.44419916391370323 4.74358148987007 -3.279322526538358
0.45096180496672533 4.755428909678922 -3.231320258041976
0.45781722063570635 4.767271241341616 -3.183283220488423
0.46475867253590963 4.779121709761113 -3.1352350134690865
0.4716754720786405 4.790554692890019 -3.0871250256854803
0.5040095930477965 4.796433578254927 -3.044101340919885
0.508724571326733 4.805045264156996 -3.00786057051109
0.5113227924916355 4.809865943395502 -2.9871022749876524
0.5115698728509905 4.810288984137017 -2.9850936236456933
0.4294638804567725 4.745666622743231 -3.280092814391645
0.3438832895723553 4.768513227704343 -3.2433870887145178
0.34280044053391445 4.778301022485505 -3.2080981685572465
0.34164752721743274 4.7872392555952645 -3.173967233683107
-0.2959288219994022 4.669777390286548 -3.597097854701775
-0.3065008057496818 4.6830371019709585 -3.550093099105723
-0.31705366589453154 4.6962104007798136 -3.5030494719558387
-0.3275936039410664 4.709305867666685 -3.4559726013435577
-0.3488675191254243 4.719541021541858 -3.4119023978112444
-0.3810863187053242 4.725853223144533 -3.374315427022536
-0.3097703308288565 4.666599940474319 -3.6016872303177494
-0.3469926932754046 4.6726617916540585 -3.5688997886950147
-0.39230413045234486 4.672646866278003 -3.5479328395980727
-0.43974665805086954 4.669609358827225 -3.5325990279388826
-0.48883124688264334 4.66403334302957 -3.524567723245549
-0.5379408696941753 4.6560160858210295 -3.520129257799275
-0.5863134884612038 4.64492435225522 -3.5216449742422693
-0.6334716338925248 4.631285594846731 -3.5306937563217717
-0.6744873815216238 4.614394700102777 -3.5535375574920685
-0.11602377053983833 4.631322546012584 -3.760600044623534
-0.08562429388465548 4.639028398874224 -3.738886159802922
-0.036338757044052546 4.638121243249605 -3.744115577134815
-0.17013542529001405 4.6530306278829565 -3.683134229819896
-0.12574423649865812 4.662004660524221 -3.66325675057279
-0.09094739015624634 4.674573546101472 -3.6302635818951723
-0.06493976938051664 4.687967960214482 -3.590041877980614
-0.05383176879612707 4.702352424078346 -3.5439001941753863
3.066061041657643 2.5153753521555013 -1.5622221295698118
3.0808854481005974 2.4705176104532676 -1.4988539902308997
3.083970548539078 2.483879334112235 -1.4535104090935635
3.0863266610606988 2.496940009499625 -1.4087187302704458
3.0921961096247412 2.4932661571622097 -1.3592019318172683
3.0980589100579303 2.489631461576277 -1.3096812348886409
3.1035643880238095 2.485959792386323 -1.2601273353339044
3.1083982278484377 2.4821792533564873 -1.2105173378542253
3.1132754345027274 2.478168243885307 -1.1608664237636068
3.0686511649632395 2.5007276154842786 -1.5634697235399275
3.0791687497221583 2.464519826587242 -1.5191131344285047
3.0805280438277745 2.4692986739697336 -1.5030399542263186
3.081224162664711 2.4717542888293464 -1.494799729100601
3.082539016559427 2.476387311381438 -1.4792408964182548
3.083812034248424 2.482931432820898 -1.4566425233892788
3.0847220672716924 2.4879767709397442 -1.4393407662506037
3.0862384459222905 2.4964100903979527 -1.4104659046612258
3.095124806949008 2.4647377047109504 -1.3728650133950235
3.004090021421405 2.727193946328425 -1.7082813279965432
3.0070813151215185 2.7225655841794687 -1.6944117201416595
3.003558348694067 2.7560151134984254 -1.6575129368373454
3.0009018822460267 2.7871198831442756 -1.6185054764082025
2.9982172155095577 2.8171586025718907 -1.5786857476028124
2.9969037637719325 2.839407169428677 -1.5339818034755788
3.020023355071103 2.7798456908091365 -1.4746600704310564
3.023680786584236 2.788293464264413 -1.4263223612890865
3.0264274698374574 2.795926537909285 -1.3812921717209026
3.0286448392247514 2.8029864990043003 -1.3393869483176561
3.09428716728684 2.1945215415613872 -1.6356419492161958
3.100329833379315 2.162951408010065 -1.5975230908452602
3.1035946284801272 2.0953315799209498 -1.5959303371769273
3.109113661892613 2.059946945741883 -1.5611699657518197
3.1130789185003995 2.02450395386275 -1.5262010484251596
3.113963457804352 1.9321243325615312 -1.518976152338127
3.117714192688367 1.9132464109160094 -1.4788664549563888
3.1191209906871786 1.8731231309759175 -1.4493202367785423
3.1204358057761374 1.8327964669141839 -1.4204652138784466
3.0941731521816003 2.195120682226062 -1.6363598703449844
3.1000755853364925 2.1642944560161737 -1.5991213574744
3.1033462976883306 2.0967933108598076 -1.5974209510408408
3.108887386197428 2.061992481280801 -1.5631652419286388
3.1127693644132224 2.027306516981852 -1.5289306267118095
3.1132034795464523 1.9350933950658795 -1.5255883393319858
3.1164083823652375 1.920051190211182 -1.492932590024257
3.1187270338807926 1.9084170628825998 -1.4681531125838208
3.1189077658823017 1.8655788450472306 -1.447818285956621
3.064727816915822 1.8576423456780577 -1.87534992362217
3.0774759694371463 1.924020900104568 -1.8051083693829852
3.081120738331869 1.9097685608400787 -1.7731015198561393
3.088989403927901 1.9465748208466016 -1.7219215312555602
3.094319920788161 1.934471180788772 -1.6815109622113922
3.0984117956183206 1.9239559999439546 -1.6458109680067254
3.071924374587002 1.9441001056568186 -1.8499766794923806
3.0730246033553157 1.9406758857476722 -1.8424654742815458
3.071517105571495 1.9452986970319692 -1.8527593033488994
3.067933699078352 1.9562920393221617 -1.877228160363043
3.0629960929455105 1.9714396602632889 -1.9109440119073033
3.0621250331921557 2.0957517275075754 -1.9126346324379406
3.0683655863559727 2.0981816084527267 -1.8668147297786701
3.075404374429922 2.1014291579316686 -1.8141303920034284
3.0822900417487062 2.087372271572833 -1.7690327843220968
3.0883680574622496 2.0738386222807046 -1.7253228536000529
3.0629614651920996 2.0960751215053897 -1.9071606852469902
3.0694595248885936 2.0986200985014385 -1.858651505576698
3.07638995078036 2.09941178636654 -1.8076773679058586
3.083494457651767 2.084920359522408 -1.7611419081766642
3.0897769588384123 2.070397008894233 -1.7142922314858577
2.9599223134119903 1.2177912409509626 -1.9250380538003542
2.9681044847701052 1.2220877366971516 -1.8765410258021622
2.981496760840637 1.2462270156377362 -1.8283451409925369
2.9886057309379614 1.245953341492276 -1.7794633012031122
2.9946233328159644 1.245817192644968 -1.7340632411931995
3.006507077442207 1.274696550661368 -1.69517749467003
3.018834076974025 1.3070601723509652 -1.659256421543869
3.030999405722985 1.3425290505076517 -1.626321417659155
3.0427006543613095 1.38125221402262 -1.5971599792723072
2.956041861619753 1.2037036450294647 -1.9251994496296505
2.9554835017478953 1.178942818067435 -1.8828080992252303
2.9503854446940294 1.1426530744688228 -1.8498071897244899
3.0495603899513486 1.5269455045483509 -1.7449478465720114
3.054680473149097 1.5180406711179615 -1.6960217495077177
3.059801307927068 1.509137478878459 -1.6470917900548303
3.0676269934280724 1.5197492997747142 -1.5988717364637979
3.07632218843472 1.5460815189879615 -1.557280497870654
3.085360477642449 1.5806998374174637 -1.5222972382820597
3.0935198872624525 1.6193209401396886 -1.4917251998126808
3.1006920624660985 1.6504238055992306 -1.4534474593152014
3.0468896559499297 1.5129733249750372 -1.7495078158475525
3.045759457892305 1.4770401972119882 -1.714803888337521
3.04027488425166 1.4327039258658567 -1.6924486389302706
1.847622962429045 4.494776819001881 -1.605450576521603
1.8164597338274573 4.520937455075996 -1.5764356704351683
1.785292297205116 4.547102671492544 -1.5474097240781555
1.7540271666788172 4.573089609212538 -1.518370801677139
1.7223011010680829 4.598424711914347 -1.48923087086874
1.6903675716526378 4.623404994615614 -1.4600433333020955
1.6578862610508271 4.6475155728947595 -1.4307369037029247
1.6250371069647167 4.671002383824468 -1.4013328007893164
1.5541656714280774 4.71775431428274 -1.370406824317518
1.8566626244924136 4.489506167918595 -1.5947960766898919
1.8466649082731474 4.5035380713751625 -1.5478790194734053
1.8490528004138171 4.508535589645485 -1.4982058105292977
1.8561778012048764 4.509934723394116 -1.4487437727021486
1.869540652904122 4.506501218197032 -1.400691971281167
1.8858881461233776 4.500279211473313 -1.353858004452416
1.9050737072271131 4.491673510686955 -1.3084989198765749
1.9262358696848878 4.48035898868381 -1.264657482319021
2.0118461997877213 4.417261748427989 -1.2228905893667004
2.256508780467931 4.146622834410465 -1.514119267555227
2.268642275229295 4.140670614026866 -1.4755787250737262
2.280719566430491 4.13441490853453 -1.4364048315423505
2.292595153984812 4.1272599989801 -1.3955871119659915
2.3615624466668392 4.056495083313576 -1.3589118411662269
2.363997050561359 4.059446559028809 -1.3245010617467814
2.3659362671250244 4.062075983801561 -1.2895586555809113
2.367768026064243 4.064598438144769 -1.253469186646559
2.3696708006782603 4.067218498106216 -1.2159820121740377
2.2581130203797986 4.145836024622832 -1.5090226348397195
2.272731808892215 4.1386643381866906 -1.4625894580489773
2.2866927828071857 4.130817193347789 -1.415866552106968
2.300305557215659 4.122616009780126 -1.3690753619815859
2.364120786315141 4.059659306898095 -1.322372602576722
2.366598583928592 4.0629914837678704 -1.2764829948753964
2.3689888748831684 4.066284089541544 -1.2293814292500196
2.377437288312034 4.060225283711204 -1.19972357241879
2.3753381046273714 4.062937187209679 -1.1977647882036548
2.548018272184094 3.787161845013802 -1.5315562222187842
2.569391384280073 3.765122124153875 -1.4921095561266342
2.5896943356884234 3.742336560224403 -1.4525173827961517
2.609777026384978 3.7194165828423023 -1.41288942295368
2.629933229655091 3.696542530846822 -1.3732623495060996
2.649682633226434 3.6734467082201405 -1.3335967129673976
2.6685529388284777 3.649801062932136 -1.2938199343252885
2.686575314588275 3.6271819023934375 -1.2561100162224585
2.688086944861323 3.6243536789553965 -1.2581439996036843
2.541079393925641 3.7982857780980805 -1.5243877862803037
2.5467381348247495 3.8002464176636432 -1.474713206031875
2.5432083531919933 3.81466990148668 -1.4269607366080146
2.535479480425494 3.8332041293984056 -1.3811935156050958
2.5231280658702038 3.8571354625610836 -1.3390798346496564
2.5083567612945243 3.8839525123771956 -1.2993013429195914
2.5412922652402306 3.85337869454269 -1.2164393482342462
2.5292711643344483 3.875346743727293 -1.1737433745395742
2.5249426401338 3.888037562182407 -1.125604912215965
2.6317145713148795 3.525334044725119 -2.051206653919603
2.6492983667489574 3.4860423925849227 -2.076635170331358
2.6667068718955806 3.446716349850519 -2.1020138866411338
2.683243684839937 3.406910055050521 -2.1272510117782795
2.699418480060724 3.366928298695212 -2.152426106658948
2.7147433110022776 3.3265103608487996 -2.1774518923866206
2.7308672144382484 3.283941297548389 -2.197730213331009
2.747892938502684 3.2409302907497253 -2.2143653972932458
2.765420423938984 3.197580737613341 -2.2248146460977978
2.625520535760025 3.532756672098901 -2.0625844466214542
2.629280934244218 3.5118074740909933 -2.1077743325439626
2.6251345508779766 3.503679072832932 -2.1568877184067876
2.6171387493764744 3.5008141118628244 -2.2061171516603206
2.6047863059741454 3.504542903949493 -2.2543957513779294
2.590534235829938 3.511847541089904 -2.3017354413733417
2.5747781112421495 3.522308873775107 -2.348022165953038
2.5575516001056267 3.535826805874622 -2.3929692708575288
2.532776153447563 3.5639946902350053 -2.4259629994686005
2.9293518275782566 3.0643857035382354 -1.495911083459705
2.928518518060312 3.0821705514718336 -1.449206243366577
2.9282632459970346 3.0966972868882787 -1.401376171678792
2.9284659582176156 3.109948151924623 -1.3531806848180128
2.9286395796393485 3.122466340691156 -1.304812733864922
2.906983792691624 3.1945266533109553 -1.2443970001917377
2.9136300732645672 3.1882931335841644 -1.2007016621510305
2.911651778437984 3.2032326635701875 -1.153044067941024
2.90935168809058 3.218560335852851 -1.1055167656263707
2.925694606528835 3.070732661608797 -1.5083447790687108
2.928288376794101 3.06623195384721 -1.4995245976816962
2.929867969665135 3.063490740798228 -1.4941540422487853
2.9324366729659004 3.0590330671963395 -1.485420450160192
2.9281105880427294 3.085025181180309 -1.4429546937797897
2.9235034720852973 3.1093734952294585 -1.399553767792275
2.914602476245818 3.1424056263756044 -1.3631601114659597
2.8924839390492405 3.2068950976944532 -1.3331751490209072
2.8735355688285944 3.252496697239631 -1.3260643921106439
2.971521178875035 2.814799957011236 -1.7847916135274946
2.973010155271226 2.818186668463363 -1.7686768079162172
2.975547819540983 2.824344823525861 -1.739077084645044
2.969893053203981 2.8111135051583473 -1.8023829230220687
1.3459966192176676 4.681629217028205 -2.298256132840329
1.331341909983126 4.697886266356882 -2.2533113917056564
1.3192685476507782 4.713036040843635 -2.2072226842558944
1.308080439760975 4.727056613716316 -2.1605620309445146
1.2974359996609126 4.740633966237563 -2.113644277215643
1.286627145341322 4.754283039131764 -2.066782479909796
1.2678596194722824 4.770311400852884 -2.0233210167898226
1.2443532372750126 4.787349114283272 -1.9826328378013787
1.2181566817169263 4.805202609449426 -1.9439841598335112
1.3469713379187578 4.682537405371963 -2.2909698737348876
1.340702937475707 4.695060468832344 -2.2429800090038907
1.3448261038189953 4.702502823091803 -2.1937136098567316
1.3614397176770567 4.703043908082457 -2.1465679761546466
1.388710287536977 4.696832699783537 -2.1051281437750604
1.4224675968645828 4.686124149647834 -2.069861418669165
1.459153938627412 4.671272245223418 -2.0393359231094257
1.5289970717555177 4.645738664521101 -1.9650324580662266
1.5246223868137248 4.6489896641763515 -1.9599428342828935
0.983257120519258 4.750378476368346 -2.7050525317826106
0.9794018949625573 4.744150468680146 -2.7372282920151747
0.9744458890411937 4.736262498372963 -2.776951564590498
0.9638558418417138 4.731825782999759 -2.8103580860430255
0.9768775900982696 4.721668052918475 -2.833997962079963
0.9919048561727462 4.709953471343422 -2.861247305343036
1.008361884505741 4.696137833089949 -2.8914441840262373
1.026032637472645 4.680604426454593 -2.9240535034663764
1.020405678847606 4.670170521336515 -2.9725722644800707
0.984839817268495 4.752769565756241 -2.691394569722965
0.983984094863114 4.75147868975042 -2.6987702582769626
0.983252097249353 4.750376814216727 -2.705068722525682
0.9825171430301509 4.749269201421426 -2.711398522657123
0.9804416527500274 4.745802461156924 -2.7289064027075343
0.9797547760132194 4.744704680937145 -2.734430695743548
0.9797609622564156 4.744714221122789 -2.734382379566821
0.9804684655283568 4.745841708698615 -2.7287057011315303
0.9824553642221847 4.749185051703945 -2.7118895643143177
0.6687114614632853 4.731231505069945 -3.1609600943289347
0.6422734016370782 4.747368813065962 -3.1221921384108597
0.6159504121020772 4.763530661089506 -3.0832394296924845
0.6043662529946207 4.7778559518019375 -3.037402566852849
0.612584445756537 4.788145196810239 -2.9899148155331274
0.6375857366521231 4.793302489925585 -2.947649455492984
0.6708646820699103 4.794051022433393 -2.9107885355809358
0.7079739686523964 4.792871835674151 -2.8777018691001897
0.7471409733617324 4.790584016108364 -2.846959295766171
0.657882225277336 4.7308988760295225 -3.1709527782328233
0.6127560935568463 4.744711285042466 -3.15601782543225
0.5642235739348551 4.755323834132396 -3.1557557018389524
1.122581787221392 4.46166590154965 -3.5354701166383475
1.1361585996153487 4.460735004421718 -3.51862393909753
1.1501414384442084 4.45976313382314 -3.5013131253645757
1.2261158471982416 4.412633708890763 -3.5317254519753685
1.2503403475990296 4.411420077222448 -3.5005705123684137
1.279027522810442 4.40891968483907 -3.4622380301331677
1.3082973621933942 4.405847559722233 -3.4228720125057825
1.320753102315417 4.414855683633371 -3.3755521179629824
1.3249753837768634 4.4282475384042375 -3.3277253159079
1.1138684168510917 4.462260701724453 -3.5462895646973083
1.1095307175678202 4.462576517889123 -3.5516169362855488
1.0950205912889357 4.46274577893936 -3.5692291114660586
1.0728277438395752 4.463036298501081 -3.595658823819946
1.0646256810338335 4.450355405267757 -3.6432320572849735
1.8088762901104962 4.458078184916784 -1.9877557510725556
1.77289062685734 4.4874224695408085 -1.9692619335682655
1.7371433069610231 4.516040048554398 -1.9492254895627226
1.681309556471286 4.557718762071481 -1.926956662185791
1.6468779169495542 4.584586946452957 -1.9027137745189309
1.6241623858660885 4.605410052817483 -1.8635199911832214
1.6153001360812071 4.618384714062361 -1.8162093458711135
1.6477700910979076 4.611868241848543 -1.7292948381172226
1.6213255078735955 4.633638011807218 -1.6993506531115754
1.8097154994285995 4.459035581746096 -1.9789356488579872
1.779285883553531 4.486561624139901 -1.9504476603156622
1.7583299860347517 4.508629896129715 -1.910869596552451
1.74836057956204 4.523403255442414 -1.864245390533827
1.742955000868468 4.535305350726631 -1.8160441338731306
1.7460975263705725 4.541682124480185 -1.7665834354254655
1.7651162589142786 4.535947724630687 -1.72075858236366
1.9249392228016877 4.3767172011725615 -1.9436659509926202
1.9310380833932221 4.370385183144068 -1.9499957532682137
1.9362447272418588 4.364979488461732 -1.9553995670913433
1.9722112313944402 4.339426133106891 -1.9314070607020393
1.9316639449811954 4.3697347543767044 -1.9506486549016195
1.9423456330435587 4.358644692425497 -1.9617349055156073
1.9804631474292946 4.3294582835173285 -1.9471253810284062
1.496463736980396 4.624762868344802 -2.1767753896781628
1.5140027195068217 4.623512870766252 -2.1300745142239457
1.5073953794528245 4.617334283232161 -2.1835086672348827
1.5446737805553352 4.601499444103031 -2.1545066387468084
1.5863493458539506 4.579027671506148 -2.138955401093939
1.6284232287743805 4.554129106004808 -2.128930986732305
1.6706777089144045 4.528597476002731 -2.1215551598777354
1.7120102883309294 4.502547276171138 -2.112964379594386
1.5790132251191604 4.43899844865024 -2.7747970937646254
1.5940099037053448 4.435487426515568 -2.749786504796977
1.6345841271071808 4.412734258082927 -2.731931981395291
1.6740624984589478 4.391653050945312 -2.709925154368172
1.7123018484197776 4.370463089403441 -2.685801577183906
1.7714121568872765 4.333637836061026 -2.6623303487295424
1.7719325146129028 4.334794140668794 -2.656813986755562
1.7707101311110498 4.331812694070737 -2.670717161951816
1.7684772529459414 4.326362753482092 -2.696127253803341
1.5710895344319271 4.440609786782232 -2.7880798807587146
1.5706802029584968 4.4406835812632925 -2.788734871177428
1.5695554079055707 4.4408852382798525 -2.790538917123357
1.565587282693607 4.441596828060477 -2.7969027060597584
1.5543951077189457 4.443606351894299 -2.814842625393631
1.536790404709332 4.4467679512432525 -2.8430584589067402
1.5347002536964043 4.4350986275554805 -2.8916065713949433
1.5284210888587928 4.425920384992525 -2.9403437547008253
-1.78110494505291 2.0282718387073637 -5.499538477810873
-1.7727971184523565 2.0242887287162086 -5.511189095069789
-1.7671702730795573 1.9757417199175595 -5.519525345416144
-1.758852916253722 1.9278254746708718 -5.52981323804621
-1.7481558271566224 1.8802450900934438 -5.539740197961923
-1.7334360456814948 1.834822093785806 -5.554553199827574
-1.7150408663314505 1.7929407094646828 -5.573990601261102
-1.6928976501680995 1.7541170576549214 -5.595507653270215
-1.6643898958653973 1.726529900995465 -5.625305186834608
-1.6385401035622291 1.685803618040517 -5.648517757359556
-1.0909297765758663 1.9247905003878898 -6.222887159344174
-1.0405797507848324 1.9512576161133006 -6.26015131233397
-1.0048099333980793 1.9294785833226742 -6.286497222956574
-0.9664095097458273 1.9079115423558202 -6.309109862396827
-0.9304413658216004 1.887700267242811 -6.330016701707518
-0.8945824163680365 1.8188839864012414 -6.321724713918367
-1.0813151001445669 1.9261848103129176 -6.2299915109083
-1.030590962525981 1.9451534743062702 -6.267508387014483
-0.9947788038038959 1.9238343747398505 -6.292618503021917
-0.9565092418884261 1.9023443568175686 -6.31486418136145
-0.8900507267257601 1.8320727866360493 -6.299432923457326
-1.8491275195212997 3.576522329510602 -4.308675872276835
-1.8650653378369662 3.586255186709276 -4.262326932279043
-1.8809337751610173 3.5957831430900122 -4.215894055204191
-1.8968155528771993 3.605294751433167 -4.169451496532162
-1.912689751671544 3.614774860302072 -4.12299271263703
-1.928366043122698 3.624305522341335 -4.076503161578005
-1.9476370148642264 3.6275754499368382 -4.03050947758169
-1.9696418078718876 3.626774023325832 -3.985664557247243
-1.993362621429111 3.62331104029527 -3.941736214473836
-1.8387897576114136 3.587243729477692 -4.3097754541666005
-1.8333751786036105 3.617561170439451 -4.270427407607898
-1.8171255791577188 3.654055501395622 -4.240410312354025
-0.844416101078988 4.239177396366956 -4.394707037783644
-0.890551267622156 4.239411441251899 -4.355970080323587
-0.8978871757330871 4.256348418307453 -4.312614023808733
-0.9051042590293165 4.272841180982972 -4.267158801836824
-0.8477166825487554 4.315296570021662 -4.220262412805243
-0.8550405679153201 4.3324517198665164 -4.174499593293105
-0.8618953952988935 4.348327500088711 -4.128281265606931
-0.8053151045021893 4.387618592801197 -4.080681956078602
-0.8123316095774121 4.404052152978242 -4.035066637414682
-0.8322053046411776 4.2399344058913675 -4.403221193273921
-0.7925072205494451 4.262949912330744 -4.383829806600554
-0.7509981532211384 4.2848310862261885 -4.367035592926529
-0.7085180049049382 4.305437384726737 -4.350832996631578
-0.6654976422364064 4.324789585950617 -4.334703602125765
-0.6273571781649262 4.345791609237888 -4.310884020384368
-0.6032416992156984 4.3683678267287185 -4.274089964956464
-0.596280902820964 4.388441313594877 -4.229327951177745
-0.6016438021512288 4.405644392746706 -4.183062303217927
-1.0545992250301828 4.106126398678161 -4.481703551280196
-1.0589430124307897 4.103724122714996 -4.482418074876567
-1.0639594973906903 4.1009497915218525 -4.483243310909138
-1.0723699597184826 4.096298465540449 -4.4846268313678905
-1.0923924524800477 4.084064339106413 -4.487551361236451
-1.1217893699527652 4.06550369448961 -4.491641962066223
-1.1654296957588397 4.051151126354397 -4.47186645638173
-1.2097877193332178 4.034333387851495 -4.456123904820202
-1.2534290753808126 4.014806979385166 -4.441695696270052
-1.065534834261322 4.100078901135927 -4.483501768938627
-1.080515940939492 4.091563644338838 -4.485897357507351
-1.0982620509698802 4.080357795114569 -4.488369278889591
-1.1231830857199165 4.064623487769206 -4.4918363706106845
-1.1617493551594156 4.058994036532381 -4.460538812804163
-1.1918531847066716 4.062417095043945 -4.420783361927319
-1.2101951750369133 4.07392951079589 -4.375784541465114
-1.223432938303382 4.0886096164995225 -4.329927740818593
-1.2313038723444267 4.1060014826243 -4.283774145544718
-1.6076352148977666 3.937056320071965 -4.08585968229425
-1.6128767945408142 3.955379978199115 -4.0396505555303355
-1.630566632961821 3.9852909368396063 -3.948539329777835
-1.6233655046683404 3.991080628097183 -3.948029908309439
-1.616038098626392 3.9969701060410405 -3.9475153795409166
-1.6081209550162996 4.003333715857098 -3.9469591664207835
-1.5992584533715555 4.0104572799122185 -3.946336322069453
-1.589158240806323 4.018575773471547 -3.9456263315436897
-1.588849336092202 4.039562558315217 -3.9000148731951096
-1.6191654326996978 3.9275766292020817 -4.085794684936059
-1.646578883329707 3.9254227836360944 -4.04404865324876
-1.6809035362537956 3.911872163977656 -4.010389287642822
-1.744278054101878 3.868900743583054 -3.9813501286395896
-1.7504253495306215 3.874922659205721 -3.958450364913953
-1.7548067932132994 3.8792270920967837 -3.942104760072778
-1.7582097712337952 3.8825703756902152 -3.9294092325445864
-1.7610296250803625 3.8853176460579695 -3.91828482841564
-1.76366588144098 3.887889363744987 -3.907363860813259
-1.9880696196868408 3.32615425838545 -4.404080806264316
-2.0019528414619807 3.3369817163532147 -4.361261530600619
-2.0017586341586564 3.3666590665366063 -4.321053664918245
-1.9997649296905016 3.3980096293090423 -4.282172829759179
-2.001034422022479 3.4262060437822073 -4.2409239448354406
-2.014306134183162 3.4390707096694633 -4.194514322298476
-2.0381736624352973 3.4355459777877217 -4.150790645624153
-2.067565778314012 3.418147650348053 -4.1143998979395775
-2.0982305306848694 3.3914592146188167 -4.085462373027606
-1.9868361084724324 3.3251951271839784 -4.407881321115823
-1.999902057759851 3.335390327032514 -4.367575698782229
-1.99426227503241 3.3696256142169636 -4.332117899766817
-1.9780003704203628 3.4103510884546124 -4.30920954669001
-1.9521788786045322 3.4517711341355866 -4.301115021354978
-1.9224879940130342 3.4915525633210462 -4.298137036362805
-2.2860908273899434 2.1976887429874976 -4.615001527551062
-2.3033242758093544 2.168904274270676 -4.580609627011405
-2.3367850089082816 2.124330505048932 -4.513134555728063
-2.3568340429382095 2.1010299998139073 -4.473680184524261
-2.374590022654118 2.0767012703640977 -4.433866942628935
-2.3919493191566725 2.0520256901426124 -4.39442050616084
-2.409223169176116 2.0266649691777996 -4.354921616629419
-2.4178403991098443 2.0749976363246576 -4.333027864087449
-2.431529284935437 2.0842551023039806 -4.300672610993662
-2.2833671702044365 2.202239520974233 -4.620436743499305
-2.2947204944266804 2.1832723588876815 -4.5977801512904275
-2.306050158200754 2.164350148057079 -4.575169911634637
-2.3414948972885594 2.1424724740191365 -4.499907787007347
-2.360603709921886 2.1572136601506338 -4.456110678685251
-2.3761920706707054 2.183797537617427 -4.416724375154105
-2.3895342850308348 2.2147612631792564 -4.379821996583491
-2.399457773738637 2.253042910382626 -4.349270493590196
-2.402772328085116 2.298156423630259 -4.328150079193548
-2.1157949006185848 1.7624571884266176 -4.941841141311682
-2.1069789554962743 1.714569855959408 -4.948493239774197
-2.0961588715834347 1.6665639645587043 -4.9541113922994136
-2.086673361679703 1.6205346694791973 -4.957660497609286
-2.0937187085624416 1.5957492850610018 -4.937512334226541
-2.1010241885736196 1.5678989943098038 -4.914108551788897
-2.108473588776278 1.5350547467902234 -4.885852977221977
-2.118308162979722 1.7199446954695898 -4.928843170516988
-2.1300039108717703 1.7188005739078118 -4.9071997650104535
-2.147446482959381 1.7171488843960971 -4.87493243727145
-2.166774586699941 1.715224607712209 -4.83741048945914
-2.186776774825823 1.713378162409306 -4.797408341972567
-2.210801888580381 1.7227136432794505 -4.75144862012475
-2.231772220259246 1.7122776028142883 -4.707974193408591
-2.2519474916295303 1.7019844235860553 -4.663762624963502
-2.270049542598802 1.6921980530579157 -4.621052434282227
-1.9383937972272764 1.773051375286833 -5.245150943552181
-1.965499002044085 1.779773635513657 -5.204005408975634
-1.9926189732179007 1.786476496632332 -5.16283384638712
-2.0183057906580917 1.7932816938156406 -5.1207827011044404
-2.0433534415241934 1.8014459938921987 -5.078514313737266
-2.067415985658747 1.82143049111295 -5.040113421605032
-1.9372385988204475 1.7584035251009003 -5.244654680377517
-1.9579287768873463 1.7340574982578452 -5.206950702460493
-1.97149903228253 1.6977685267193794 -5.176040331834311
-1.9789541834777027 1.6337436154925984 -5.147024851446802
-1.9909847668484153 1.6334276251954092 -5.127923743288486
-2.0011564693331483 1.6331570353479221 -5.1117729119055095
-2.008650307230349 1.6329318210029304 -5.099515735439342
-2.0117451905570465 1.6328808813708036 -5.094025563906572
-2.009615228654506 1.63289876026957 -5.0977986848671755
-2.3177174234888622 2.703485166088557 -4.326629750022192
-2.3401591814630436 2.6865958749422014 -4.285321419495017
-2.3623162702238107 2.6696299820933307 -4.243865056641955
-2.394139810564643 2.702338174274061 -4.146473386580725
-2.411967711077898 2.671855940880773 -4.122457895464846
-2.4289805545017518 2.6417217896293463 -4.098662796603798
-2.449415482031155 2.629238861897461 -4.054775331589909
-2.4696598132859844 2.6166238848318617 -4.010871878545788
-2.4891040589806703 2.603757587716927 -3.9666727234124726
-2.317857521261157 2.6908450910193022 -4.334584509117888
-2.3381740918034275 2.6506016713134724 -4.313078223578338
-2.3542897790719124 2.6040022833111225 -4.305133929845123
-2.3675216889140507 2.555954037898699 -4.302816103854472
-2.3763192494296987 2.5070082366644586 -4.307185083131686
-2.382862586369905 2.458179978316377 -4.315168727261573
-2.387887245118495 2.4097994813434593 -4.324939029863259
-2.1956320819677932 2.612411144576469 -4.645900399988045
-2.2061746185540527 2.5637208586023252 -4.650316560452785
-2.2182385402019493 2.515232246170362 -4.651663271171367
-2.2292354950671798 2.466553948107744 -4.650938079542325
-2.229689291330082 2.357954120936776 -4.6920025718395735
-2.1888912008569585 2.6215124723558625 -4.654597062084285
-2.195047584277348 2.6131981920988787 -4.646655592427094
-2.193366865611651 2.570412096395122 -4.672490878009393
-2.1839364796408143 2.5375725886054727 -4.70896843804964
-2.171036424467198 2.5103331326779705 -4.748808933451347
-2.1539041500528535 2.4893172834632242 -4.7907593860698485
-2.1348518490362753 2.4716466626339177 -4.833416713257068
-2.1136224519491296 2.4608614860200166 -4.877360440779243
-2.0890057382930327 2.466401672638816 -4.920448293589463
0.36537747611786814 4.89955919700526 -2.6930752788983807
0.38537781974961827 4.9068704499708815 -2.647835259277446
0.405364582591181 4.914136040581173 -2.602582151487161
0.42516371958314614 4.920286516677375 -2.557105010045739
0.4449416152965342 4.926376382740089 -2.5116050394654876
0.4647432090164164 4.932466929064204 -2.4661032363140576
0.4845331626997232 4.938423523105928 -2.4205835832523164
0.5042501148722311 4.944076136884006 -2.3750115166266097
0.523767172408982 4.948620496638117 -2.3292413328568236
0.3510631542587794 4.901996171114133 -2.689592457361098
0.3394124901426361 4.9134873999698385 -2.6423432644978693
0.3134703830945996 4.925310637064551 -2.601250508895273
0.28257379015199957 4.9362077731827325 -2.5635051638097934
0.2458654674735604 4.946452109070669 -2.5311611824558202
0.20639070275216684 4.955189174113269 -2.5018061425839457
0.1653382607991862 4.962658542529231 -2.4743555510103916
0.12259882285907761 4.969609096979363 -2.449426302288631
0.07859854430096212 4.976198536326596 -2.4266960503106616
0.5381187430733256 4.8457009620340665 -2.812477540886446
0.5870573658416529 4.836019145476047 -2.8139589259097555
0.6357259866971423 4.825102338925429 -2.8151568680142516
0.537013578501874 4.849314277785402 -2.798041173593187
0.5782919092801188 4.848045361335308 -2.7700263319455165
0.6092336968193879 4.8502837840845165 -2.7309310998675826
0.6349446280734587 4.853948524173426 -2.6882776265766277
0.696188783605876 4.849410263811235 -2.6453756048907944
0.7016903746963172 4.858487045381971 -2.598358740844657
0.7070375908272079 4.866655276074622 -2.5508226877775293
0.7391589111311904 4.866051541746446 -2.5125637868316257
0.7810583410262874 4.860593403620252 -2.485911019184586
-0.7359197689250189 4.69829829355235 -3.215134400069953
-0.8069466310657724 4.68922119810759 -3.175345699678144
-0.8216014737739902 4.681103851264338 -3.1900077245505627
-0.836463898332375 4.67228286133686 -3.2050437621117407
-0.8526736444231224 4.662114723564311 -3.2212758724166046
-0.870773776179136 4.650761544708592 -3.2393981835318373
-0.8909330352598239 4.638112918937217 -3.259596190944955
-0.9383017361587795 4.622536428687245 -3.255773011747864
-0.985559182397575 4.606359924075064 -3.2542247095260235
-0.7374062223192512 4.693972892003008 -3.2293517803649414
-0.8290158266294568 4.676994939894605 -3.197433980320493
-0.8581310124916826 4.658650310008287 -3.2268897353139967
-0.8884110024478706 4.639652539279966 -3.257224459344846
-0.9312092640019748 4.6202551086023735 -3.273072875449796
-0.9640322626066282 4.599442881756595 -3.303772110521401
-0.9865441175325695 4.5789413846320715 -3.34298848012837
-1.0032304256431537 4.559657586187759 -3.3857788580982158
-1.016847457795449 4.540671601366135 -3.4298305523990567
-0.3751582810531935 4.859140716910325 -2.867552691440878
-0.3674713735795503 4.871276881273647 -2.8196640232916037
-0.35949414802538693 4.883027008449077 -2.771659169677899
-0.3515424500771938 4.894668238141527 -2.723643026828973
-0.34487028506193734 4.906105607565275 -2.6754986276291226
-0.34041276454458114 4.917310270235889 -2.6270913214957314
-0.33592423266728316 4.92812848290672 -2.5786026057089546
-0.33131908057930215 4.938075762883708 -2.5299181678089306
-0.33142016239285865 4.946457377276612 -2.4868613583502786
-0.3899939500112472 4.857473331870972 -2.8670665899034766
-0.41368246350104426 4.864406227540966 -2.8236073271739124
-0.44944696761499137 4.866911082485109 -2.7888013004290078
-0.4889155815814954 4.867073227246752 -2.7581672959485575
-0.5324999018096538 4.864621065282593 -2.733858257520248
-0.5777854643789931 4.860660818794712 -2.713121398016158
-0.6238022595898801 4.855298210836717 -2.6944400047603487
-0.6703859897014436 4.848022680348882 -2.6780078949528456
-0.7720321511447126 4.826228004365776 -2.660859432023916
0.5108703027583994 4.8090947356461475 -2.9907657492087405
0.5097161283565316 4.806841235369127 -3.0002973622844786
0.5087792865765959 4.805121361216826 -3.007532133557565
0.5079263556462269 4.803555847369798 -3.0141176851189493
0.5056513446987922 4.7993884423995485 -3.0316512822235824
0.5048085951313203 4.797835061142112 -3.038183553757202
0.5054576096138512 4.799025538967209 -3.03317538429608
0.5077225606494997 4.803190263778917 -3.015658461954819
0.5081165937112807 4.803905534361859 -3.0126468540931666
0.5094816566652737 4.8064348758012265 -3.002014982097123
0.5072966615148957 4.802417225186835 -3.018913325528348
0.50491373379084 4.798044822541734 -3.037306905747975
0.502636175909698 4.793864404741289 -3.054892390425984
-0.7019349367237533 4.595128638318602 -3.590473050006577
-0.729164601769619 4.575115181686218 -3.627242218484016
-0.7564213319467322 4.555084048309975 -3.6640449411854408
-0.7834572686418549 4.534572275817873 -3.7006507377792355
-0.8103033818800374 4.513298890363106 -3.7370282197208256
-0.8371518247953289 4.492023154575005 -3.773417789414255
-0.8757421683271054 4.470832175770627 -3.7968987164775188
-0.9216061125318877 4.451927737419407 -3.80141452843138
-0.9679001760267819 4.438056100168679 -3.7896532901148987
-0.7124214431993766 4.59550475580898 -3.5798769234970993
-0.7576187919773713 4.578223688825385 -3.592052922522306
-0.8400829151521869 4.553715552108082 -3.591470234712984
-0.8422004735996211 4.557596304840152 -3.576830043082302
-0.8453725572913715 4.563367101995969 -3.555034696930157
-0.8897183987054859 4.555236655939941 -3.53329559380432
-0.9360087703941857 4.5439725683377485 -3.5181469445115074
3.119294134689095 2.4669612772430036 -1.1124611464779022
3.125232923088465 2.455858871555332 -1.0640566219885703
3.1301555178175073 2.4447840343021014 -1.0156178060325973
3.1350834739406244 2.4337127503075924 -0.9670953181740003
3.1399822661622725 2.422440031783494 -0.9186117047205098
3.1447280856972224 2.4111528041104773 -0.8701063553929717
3.14899877459679 2.399829854115951 -0.8215783101851222
3.1532648187337933 2.388538925249806 -0.7730578866161707
3.157531009182695 2.3772468200977066 -0.7245376070335728
3.1168784444817974 2.4815702822664685 -1.1110988342795811
3.117208424219471 2.501676347376471 -1.0654039712995496
3.1145992460057155 2.5348515459654593 -1.0280162312095829
3.1108619564293094 2.572337958038291 -0.9951290985926633
3.105081246832822 2.614245574528146 -0.9684946786387745
3.0972103616782136 2.6577849109135485 -0.9453659590873679
3.0885982770015223 2.7024109288184475 -0.9246021791133028
3.0795500079234137 2.7481149395044193 -0.9065345190601468
3.069516615630111 2.7944294256786404 -0.8907288965893183
3.0384984232535985 2.7840225282406195 -1.294204245289905
3.047770619427866 2.7649897937570413 -1.248935696471183
3.0562933568407873 2.7457927426199586 -1.2035811485854335
3.06479600081666 2.72658122027807 -1.1582121268051548
3.0732222902150372 2.707374756648753 -1.1128491810376016
3.0805355028103016 2.6919384095705716 -1.0659085595628717
3.0350040900016553 2.7979438991487644 -1.290064442942027
3.036633148530662 2.80930763511484 -1.2414131701160256
3.0337008568665045 2.8345043423099012 -1.1983378464631163
3.028942506558428 2.864536981851391 -1.1586573535945406
3.022123823762068 2.9001495580214702 -1.1242441153863534
3.0128186717465275 2.937895411616179 -1.0928486838840445
3.0025916563062243 2.977110495478354 -1.0636148401203982
2.992265287817746 3.0165431886993983 -1.0347519596689374
2.986951502604992 3.0423584082201915 -0.9923555318780191
3.1189096393584284 1.7692673930240441 -1.3948135813803428
3.117777848783127 1.7240821832111197 -1.373598913379789
3.1173875541248575 1.6873055328067388 -1.339851139039284
3.1189127211658896 1.6622152709725908 -1.2967238089263053
3.1212762846300173 1.6447621528459464 -1.2499940771177003
3.1241765268228194 1.6318062913271785 -1.2018326955552179
3.1272368804452584 1.6215199971608425 -1.1530265099750263
3.1305081302301074 1.6127988158909046 -1.1039122487306818
3.13355592017693 1.6050974492525025 -1.0546172033778443
3.053287283808224 1.4121728148998836 -1.5594820953785808
3.0634530304196823 1.4430598677745528 -1.5217130354754542
3.0727132606738996 1.4713535961662292 -1.4817640509929542
3.0801526258664707 1.4843941421697446 -1.4341188385616956
3.085322029403736 1.4832661162268894 -1.384539090919789
3.08861684840112 1.4736379630104628 -1.3356249307133123
3.0881527361827126 1.4463099174108667 -1.293821508211968
3.084528641018825 1.407594377908102 -1.2624755882268632
3.07695331893874 1.3628222438733084 -1.241755469905204
3.051903502867073 1.3995849487064405 -1.5517264893466773
3.0584617357882475 1.4021340040966122 -1.5024169350027523
3.0612879614431385 1.3895951052249287 -1.4543217071291838
3.061598942331985 1.369104302687483 -1.4088251005512433
3.0583297160408733 1.336307050742834 -1.3713138260389477
3.0507006934567866 1.2920176472147766 -1.3493875350603013
3.040280667847279 1.2433880246469209 -1.3444600847135408
3.026738402807441 1.195789152077772 -1.3501776046836604
3.01261668454933 1.1492867271567881 -1.3620231771800622
1.5567288845250227 4.719756288926584 -1.3370967327560273
1.5598683697616864 4.722207040171004 -1.2962417218832982
1.545140358912374 4.735674284455842 -1.250413454065048
1.5334948697840625 4.747486234024375 -1.2032554282515364
1.5230931414496316 4.757808066434621 -1.1554649633226504
1.5135178125443243 4.767581009809753 -1.1073793092941842
1.5044718707208895 4.777067671552055 -1.0591329859088146
1.495571517966976 4.786044951557235 -1.0107708534715232
1.4866199797572661 4.794623005258613 -0.9623047166794062
1.5557759485183678 4.71901184444348 -1.3495029022520226
1.5567851973265927 4.719800799942798 -1.3363586670277976
1.5578990371803048 4.720670893504182 -1.321858191648771
1.559679297871693 4.722061067547496 -1.2986867466737673
1.5212081864326934 4.746108990140598 -1.2779023423766904
1.4777791362415142 4.770106672164299 -1.2722905550730719
1.4336065236148996 4.793326992862929 -1.2721653632763459
1.3890299207931014 4.815541841337998 -1.2754201403882277
1.3441381602083635 4.835957798812152 -1.2830497496577251
2.0146046416587757 4.419785887361457 -1.1771407854693425
1.9804379622328332 4.453269928260356 -1.1253445032631595
1.9859179697553258 4.454623961607622 -1.075684231693863
1.9908602656960201 4.455359919814679 -1.026117783932429
1.995634510429048 4.455878370416925 -0.9768166150952313
1.9943678514809633 4.46146160301823 -0.9271477714923619
1.9924232404962516 4.467366770369372 -0.8775412376129912
1.9898124750677502 4.473108811594431 -0.8279892958205557
1.9867772860776682 4.478916788682512 -0.7783635043477654
2.0141427453204037 4.41936101384715 -1.185000212917278
2.0158002551972536 4.420889212906941 -1.1567627200036443
2.042622787582728 4.401927743589182 -1.1191406482291106
2.0679172679423687 4.384567811556071 -1.0796849491906793
2.099418377669803 4.360785605395554 -1.0490705941067995
2.1338835432295467 4.3314924667106105 -1.0279096663015455
2.169784986859624 4.300325253446288 -1.0125861594020178
2.205243900689445 4.266604436460233 -1.002629405039791
2.240629210970513 4.231848899758479 -0.996669597027048
2.6878113891716024 3.624867633347493 -1.2577821660355304
2.6882730792742886 3.6240036332302235 -1.258404450878611
2.690135836643879 3.620517691370595 -1.2609151790169177
2.6956408992230174 3.610215542165271 -1.2683354373127065
2.706710931712573 3.5894990210601128 -1.2832573295205385
2.721071155292435 3.5611634896773716 -1.303379507681732
2.736640788473223 3.527897181493981 -1.3264572137696338
2.776938761141138 3.461069079847965 -1.2914236604863492
2.793258157433334 3.4256959691774544 -1.3164095675362932
2.6924332520020657 3.6162203407845954 -1.2640005827864986
2.6969323379579797 3.607800826493854 -1.270064582382125
2.703684294085311 3.5951651928604753 -1.2791658232041538
2.7060204225671427 3.5907935718954023 -1.2823135727938777
2.70698591843084 3.588986780705063 -1.2836147756873935
2.70849042253994 3.5861712690090473 -1.2856426340451448
2.7132130155885723 3.5773333822420845 -1.2920084687506086
2.719940380656091 3.5635762255772137 -1.3017199673932465
2.724427684447588 3.5539876788277662 -1.308375713795391
2.5272766456534295 3.892025303491756 -1.0758505092322346
2.50631643071772 3.9266184986652233 -1.0244613217708443
2.5103847252821603 3.9271308251350225 -0.975462511777858
2.514000598257679 3.9272959068973576 -0.926752002692064
2.4648985990731354 3.9965923567484816 -0.8713182014753198
2.4693960771307313 3.9951405655440855 -0.8243743210189766
2.4736948748809993 3.9935485128240433 -0.7780087209385629
2.4664241997351595 4.0063889387409795 -0.7302292347158522
2.464343877610204 4.013217903776045 -0.6807323390868432
2.536155860873079 3.8801961076870826 -1.0775288000637935
2.5547315254559413 3.8597174986578175 -1.0359392970636452
2.579776448967224 3.832171424956265 -0.979821741228021
2.5922137284687117 3.8139824397663302 -0.9889767081976069
2.6041862712126833 3.795667152206042 -0.9980785055333249
2.616439662817748 3.775892521834082 -1.0076614403887993
2.6409968782188544 3.7423563536984066 -0.9799043375838788
2.6659619922630653 3.7080022725602393 -0.9535245202131964
2.6901217297704485 3.672617913973382 -0.9278504557381201
2.5049000197330518 3.6041097712165135 -2.4365138864766633
2.4770522318742505 3.644266321556476 -2.4470370890468915
2.4480256451551825 3.683593659115953 -2.4572546777650537
2.411891572260059 3.7316400711166278 -2.467424577601049
2.4117470092726463 3.7315260746891585 -2.4684131073886575
2.413541649777079 3.7328765261286017 -2.4563428642212957
2.383157724076442 3.7834840997945562 -2.427393044769271
2.389887272576129 3.7878318259911055 -2.387085851267999
2.3971759444280796 3.792599636800922 -2.3403508366013392
2.5056005267552113 3.5981985621511425 -2.4501893027829302
2.4820253033431126 3.6223899460148217 -2.486983827244138
2.4636073377464127 3.6342575226085607 -2.5318138533839183
2.447677370894898 3.6409503863989325 -2.5786507626459865
2.42171237870589 3.661395638010083 -2.6281593722966874
2.414848619753776 3.6543955293596055 -2.675764628201228
2.90399488032699 3.240446383156425 -1.0608978624092962
2.8983214997257005 3.2622093394385145 -1.0162329444277374
2.8925797067857055 3.2839186703367833 -0.9715561774357472
2.8866699433454794 3.305504216967769 -0.9268671013501067
2.879832871767344 3.3266653845681096 -0.8820996015559588
2.872970362176152 3.3477991768791 -0.8373259988532447
2.844391719729695 3.4203377410496723 -0.7469163825233301
2.8557327755660884 3.400767833928824 -0.7194534692892361
2.8690791346794575 3.376166374556516 -0.6854095234498884
2.9098986280092136 3.2275291421355754 -1.0563532178232473
2.9165079543881793 3.221060259350716 -1.0072152585236667
2.9285570691142486 3.20085606749665 -0.9630930018112104
2.942388694809992 3.17562697866664 -0.9222240759942053
2.9570305843283458 3.144125299135399 -0.8863101781400051
2.9663995788851203 3.1274122512782294 -0.8401747416171204
2.971739585028183 3.121896983137422 -0.7908053994627873
2.974296643567334 3.123091426302755 -0.7409136247342238
2.9782235266352384 3.119732643291788 -0.6911993399777143
2.8536911703507117 3.298278788359534 -1.325262966898567
2.853258653800978 3.2959154240901376 -1.3399960652281777
2.833223994950466 3.3310168482397216 -1.3692752272743447
2.8137117197298642 3.364138019223101 -1.401088235391568
2.7964246254103067 3.389967290243673 -1.4401182436465538
2.782691385336378 3.405511874860478 -1.4855335742385032
2.7717938964749225 3.4152002454807175 -1.5333163928178462
2.76237294007142 3.4213961513415114 -1.5819937104337496
2.753741315972598 3.425481881578477 -1.6310504382805417
2.7455495784054103 3.4282714064315023 -1.6802837492318172
1.1849817907764073 4.824309606836277 -1.9119297185842654
1.1416532982477754 4.845779774154587 -1.8891720603073257
1.1126185348078343 4.863324676230604 -1.8532851771320138
1.0832271550472987 4.879674207729643 -1.8172463072929999
1.0535273301226156 4.895519098478451 -1.7810950325938735
1.0187864152343233 4.912497901903887 -1.7493985685572755
0.9841309157654855 4.928749384425136 -1.7173237412519569
0.949537149015585 4.94475848278048 -1.6850149088442625
0.9149460065463464 4.960396889575736 -1.6525327483205186
1.1959184715259703 4.821252662781781 -1.9022341787489616
1.187444087744966 4.832129053855658 -1.854211587466702
1.1867215995678937 4.840022167342279 -1.8048512915659187
1.1991675192197755 4.8422982687182685 -1.7564875618224607
1.2178269624642792 4.841365621179414 -1.7101343307465693
1.2422456931190295 4.836149561456704 -1.6668340879419477
1.26998861259348 4.8291624118273235 -1.6258017309043002
1.299561739272227 4.821176706077387 -1.586271564322203
1.3367509665755335 4.808028164499925 -1.5556141347013055
1.5107954441888167 4.659239780414773 -1.9440044764022306
1.4904355625742192 4.674339798912369 -1.920494798799828
1.484046885802117 4.686023569385812 -1.8722938143415775
1.4736570230166317 4.699334596951056 -1.8252428676473071
1.4611610756173485 4.7130287286177035 -1.7788210124272472
1.437650686502587 4.731586157441417 -1.738701780973787
1.4050506099451037 4.753229249584537 -1.7075750666397915
1.3707242222951708 4.7746849610705855 -1.6782934193465495
1.5188220739806315 4.653286947946 -1.9532719230960829
1.5108809387685112 4.659176675882627 -1.9441014165988941
1.5030977813223696 4.664949305497414 -1.9351129355843733
1.5183566729544287 4.664732469567685 -1.887490055144771
0.9942488465741525 4.67303527129077 -3.0013894095744797
0.964545138443818 4.67575732098797 -3.0338334129871427
0.9324410143559838 4.677319160947927 -3.067970618830264
0.9892284021422051 4.67358631100794 -3.0069159057773605
0.9569592237632288 4.676122264167313 -3.04191522705489
0.9236583485289845 4.677745139634906 -3.0773143452329252
1.3050464380018936 4.4514106940266345 -3.2885050555414956
1.284687040170416 4.473785157644035 -3.2488868566788267
1.2643556305115342 4.496158079169967 -3.2092263837715973
1.31769904187431 4.446858925539236 -3.282157277031159
1.3246556069404354 4.457789279824651 -3.234189434232582
1.5921808550916743 4.655658488604666 -1.6667734692737952
1.5623852236431728 4.677631175925552 -1.633972294622714
1.5922181508041018 4.6556300555872445 -1.6668208783625098
1.562800298613582 4.67733152149625 -1.6343852224648971
1.5385082067473859 4.696947879893239 -1.5960103376216297
1.5137840373131208 4.715943049599497 -1.557299445894078
1.488961144512683 4.734766286934562 -1.5184538933840233
1.4633543307308243 4.753959500609195 -1.4802868951436825
1.427685596767253 4.775875516062282 -1.4537153500865723
1.4045364044753283 4.792233916824079 -1.412911717469971
1.372879756058268 4.811729728076253 -1.3805119018873855
1.798420943277508 4.296459692014722 -2.7205656970810796
1.789772253760803 4.30034327643974 -2.7316461701505466
-1.6257295159997867 1.6356844748313115 -5.652856147754357
-1.6179650230031122 1.6408031125326588 -5.6639816247673505
-2.013918539598417 3.624044954920899 -3.896194754304783
-2.033859111306067 3.624338379930537 -3.850386187485022
-2.0538094837611087 3.6246467292362707 -3.8045360907982766
-2.07372366741572 3.624908675147433 -3.758684338507296
-2.093011620239109 3.624702200104115 -3.7125771691645024
-2.111868969280743 3.6241403118621713 -3.666286757385593
-2.1307320797788982 3.623582055054052 -3.6199746632659004
-2.1496112859992835 3.623027621551843 -3.573680463797003
-2.167912128808326 3.6220665014041233 -3.5272135101663964
-2.0208238735533985 3.611935817839135 -3.9015751613380756
-2.052407391266035 3.588318382216529 -3.870901059542587
-2.1157419789408314 3.509451216825248 -3.8637024146405534
-2.123631437611335 3.509829968448605 -3.843662311712901
-2.1289256709555366 3.5101061342859796 -3.8301750906156893
-2.132795250909391 3.5103083462343982 -3.820316573030934
-2.1359650393937684 3.510473688315172 -3.8122414494326615
-2.138074768520181 3.5105838306236463 -3.806866686880677
-2.139000972040092 3.51063275238276 -3.8045060702839675
-0.8187884404721479 4.418850358113824 -3.9893737407988707
-0.8335614437605308 4.4309521687633 -3.9431904440872567
-0.9243397728732698 4.415185434003199 -3.9005969418530873
-0.8189753856668898 4.419287326440196 -3.988027949920903
-0.8232144226387329 4.435382742490829 -3.9409150146221585
-0.8129392761798234 4.455548492133685 -3.896363168424257
-0.6271105009002472 4.415773391730077 -4.141548266832771
-0.6525958599510051 4.425888737892372 -4.09989909132117
-0.6779859129689042 4.435695573645854 -4.058113771703041
-0.6872809977987964 4.450878887913775 -4.011574676437225
-0.6785546589153411 4.47039102207646 -3.9665755903544575
-0.6541609848305708 4.49094302625272 -3.9283931075307272
-0.6183962645715446 4.5108932914105315 -3.900099050453482
-0.5768674570621797 4.528138881232518 -3.878578860299765
-0.5379506665543181 4.545364663802201 -3.852717947945851
-0.6139306375675603 4.420861263839299 -4.137287094356777
-0.6099657031996587 4.440170668653509 -4.091553775139033
-0.5910351162313451 4.460793267677899 -4.050372442299082
-0.5667085755970868 4.480936833280808 -4.011809052552667
-0.5287863430340111 4.499635375823857 -3.9854433820418866
-0.4817535116028151 4.512976413252535 -3.976246503115965
-0.4417880756871039 4.528639666752105 -3.9514219224142693
-1.3157226357479963 3.9854768737336523 -4.4204830237582655
-1.319560192172588 3.992433860654429 -4.402854379713352
-1.3237356720257212 4.000023771497799 -4.383635729635851
-1.328525138024979 4.008765053280597 -4.361018235476155
-1.333712752835633 4.018383532335648 -4.333908682176534
-1.338036343957489 4.026409106609995 -4.311295481775636
-1.4197815225452635 3.9806861619705742 -4.290346643160284
-1.4261785390850963 3.9913431056248205 -4.261248912185962
-1.4344372817488806 4.005362996128517 -4.220969693139841
-1.3181835880835473 3.989956003405409 -4.40914518880805
-1.3246525798095439 4.001666603492873 -4.379459706919379
-1.3313086928616176 4.013896694453753 -4.346532889005574
-1.3374952447808144 4.0253571316550945 -4.314224216170227
-1.4215549478192093 3.983588194809261 -4.282380012258595
-1.4291297795977693 3.9962614296506294 -4.247821374963812
-1.4368393561908979 4.009474861271092 -4.20855297294637
-1.4450750197099145 4.02361084178588 -4.165900303882712
-1.4655660227779752 4.03004830931764 -4.1208397927963665
-1.2415004512314758 4.121590345595471 -4.237405040322258
-1.2516879084639134 4.137167940079361 -4.1910152400428
-1.281082967087872 4.161460464358744 -4.099392476426561
-1.272829150270274 4.16763956188693 -4.097071991386812
-1.2644570155363968 4.173908392610365 -4.094715664458906
-1.2554084697949341 4.180553832327254 -4.0921393776919475
-1.2450256592857454 4.187417370126628 -4.089041854635196
-1.233245250432573 4.195203078070768 -4.085531370636342
-1.2197988784318812 4.204090000157556 -4.0815240347335005
-1.228286214047386 4.128316620225178 -4.239161645712287
-1.1525135651463732 4.18893496937902 -4.200370824913341
-1.1582409606843544 4.198325655489274 -4.171387866055442
-1.1615245532018639 4.203722245855187 -4.154741771673288
-1.0961577111962955 4.2380076469065 -4.152111711671547
-1.0505500492063027 4.257779708355933 -4.15734732854172
-1.0072367166327119 4.2808012266620095 -4.149567604306685
-0.971561285321622 4.306104922705955 -4.126086204885516
-1.5976748868228732 4.0540653890785 -3.853158770866862
-1.606192255277018 4.068174452199915 -3.8060608631694053
-1.6141270779053298 4.0815161738602495 -3.7585921356824272
-1.6208549706236075 4.095781354236429 -3.7111475882906597
-1.6278109217822727 4.109833679001385 -3.6636771394587275
-1.6348231907677977 4.123677502121692 -3.6160986257857353
-1.6419373693737813 4.137432957149717 -3.5685438797335896
-1.6489078258871421 4.150850168394112 -3.5209045646355173
-1.6554014215510717 4.163537155271312 -3.472998039958308
-1.5970688918274691 4.053071462443333 -3.8563719264049987
-1.604910960518896 4.066021055519419 -3.813723578021226
-1.6113938816056592 4.0769481926695 -3.7748756261474847
-1.5864196559952135 4.108403637142738 -3.745286220265721
-1.5578330068400545 4.140180161539314 -3.7195339552759936
-1.5234842380231801 4.17152418431184 -3.7014021447333465
-1.4867407335993637 4.202187606098245 -3.6872541979305815
-1.4477329185572836 4.2321836931868475 -3.678745756995604
-1.4067255631418452 4.26002594303583 -3.6729431309370764
-1.7691443978886474 3.8932694930194804 -3.8845908828079985
-1.7772250874126976 3.9011452700107543 -3.8511311835888358
-1.80668543683699 3.891935058777739 -3.8115548201028657
-1.8337745441989017 3.885884983936643 -3.7698766800933536
-1.8590482493044698 3.8808427585788077 -3.7270413694507423
-1.8833481651199033 3.876278195730945 -3.683585384430702
-1.9072731404813066 3.872195613301206 -3.639872968430422
-1.9308727039101208 3.868314280747656 -3.595975959752225
-1.9410592925113375 3.8783234888623928 -3.5480776873343074
-1.7660636080733045 3.890265352004673 -3.897350709460828
-1.769031088303714 3.8931585117433256 -3.8850612480216555
-1.7717849634241043 3.8958436831749617 -3.8736558260286595
-1.7768294010470542 3.9007609191160024 -3.8527667732192463
-1.8149329391913334 3.8733008684877905 -3.835165438183686
-1.8509977717237749 3.8387250518073803 -3.8323051300124065
-1.90111950313172 3.786177401362248 -3.8332184003372656
-1.8990280376354387 3.7836076124718 -3.8430652162362735
-1.895827396234816 3.779676189500073 -3.8581316368393366
-2.128287503827563 3.3536973277336437 -4.072720448552391
-2.157862058846131 3.3156580068975994 -4.059812260781378
-2.1868355568514013 3.277188587986128 -4.046617154753492
-2.214755172208492 3.238159899836441 -4.032980445319064
-2.242128595304969 3.1988361807241694 -4.019115538126289
-2.268611437277156 3.1589898300149515 -4.004851991800736
-2.3065637281089026 3.096877387834959 -3.9880242532630157
-2.309443305851021 3.0994591655824544 -3.978208694249324
-2.3123917750104557 3.1020992146757975 -3.968162207269183
-2.129060974102119 3.3615325270908727 -4.060063036720441
-2.1569966902054936 3.3427022495294243 -4.0233074685736145
-2.1795283460107915 3.3365161698539874 -3.9792267789243883
-2.199479995498852 3.335733683758075 -3.933462332481262
-2.215690035056228 3.341879309492616 -3.8866063289901214
-2.229156431326942 3.3512919404380668 -3.8394334849861287
-2.2512802767877966 3.343092623270696 -3.795406849662653
-2.277784946549047 3.3224407421054685 -3.758428626121566
-2.305447427674312 3.294653673213798 -3.7275020494506985
-2.4437327910577333 2.0925065520561383 -4.271781034144123
-2.457399688809371 2.1026823498746943 -4.23524821165151
-2.4726117397849245 2.1140193916763383 -4.194583434210181
-2.497738138759039 2.0575662486844513 -4.1370874306510075
-2.5141484265902974 2.068706477309002 -4.094204923676803
-2.5295017435264913 2.0798349431388945 -4.050813369312228
-2.54678053204075 2.0764048923975067 -4.004013963244016
-2.5640469736187534 2.0735905456797807 -3.9571698180404042
-2.5810395182967016 2.071158938514638 -3.9102291310900847
-2.4470494509538834 2.094972866206326 -4.262915781320471
-2.4623989606476493 2.106403621092858 -4.221884864341267
-2.4868997297680697 2.0504590544138757 -4.1643123735869585
-2.5026814950181784 2.0608298170759105 -4.124669946715741
-2.5183683171742945 2.071741635979008 -4.082281664975392
-2.533924408170681 2.0830348475583236 -4.038314765008696
-2.5510475351616395 2.084170038427289 -3.991358905140624
-2.56767102980952 2.09155397093425 -3.944801744738027
-2.582635589312732 2.1093582362181182 -3.9005645332255328
-2.2993910249905563 1.7660228993563742 -4.578188888973542
-2.3189008905623423 1.7644452279961298 -4.53736737604266
-2.3366237055750907 1.7630812137685483 -4.497514169744103
-2.3538423894157874 1.7617169489597577 -4.457386909514961
-2.373669784047408 1.7830361934444874 -4.41678941479298
-2.393445012363319 1.8006018609427152 -4.374394157454716
-2.41339808014913 1.7981323465373094 -4.328704043872678
-2.4291251894714967 1.7787682099100035 -4.28556632200687
-2.441186203011896 1.7490145621807054 -4.24738695754408
-2.297056020921206 1.7662008425504439 -4.583072593855151
-2.3142027318442273 1.7647634360839775 -4.547186537579081
-2.326923965837378 1.7638446798775589 -4.520117584616964
-2.340237303381889 1.7627889500297729 -4.4890912990549685
-2.3560524748411473 1.7615372302551011 -4.452235205719816
-2.375512014333132 1.7849201940175476 -4.412875495750963
-2.3945591776144997 1.8077017276717242 -4.372883022222217
-2.4117645382166266 1.8380598193624826 -4.337380222714607
-2.4246376374681597 1.8784675076660842 -4.311575989202728
-1.99781762877571 1.6332529959089304 -5.1170766657736815
-1.9848105895360588 1.6335947452508666 -5.137728140831163
-1.9720138405699288 1.6339306322783105 -5.158045627324844
-1.889757181056304 1.5603045491513665 -5.159015943660574
-1.8922278184168586 1.537382442045821 -5.201567702288635
-1.8923932662926115 1.5167798227203508 -5.245389827857873
-2.005243458716 1.6330564365792715 -5.105286099196161
-2.0004471737189866 1.6331831986461438 -5.112901471295229
-1.9969968139445966 1.633273886795803 -5.118379670705136
-1.9928417665131644 1.6333828316401724 -5.1249766310957146
-1.988038318258266 1.633508892628963 -5.132603092874831
-1.9833179096143618 1.6336328355603564 -5.1400977317166445
-1.9796536605839146 1.63372906900228 -5.145915502623837
-1.974932213878513 1.6338529468881855 -5.153411760177189
-1.9699881331416924 1.6339826722396296 -5.161261496528519
-2.507489934034876 2.59782597001895 -3.9205329393606276
-2.515130560263477 2.6307129915492493 -3.8786227060170915
-2.529851662564518 2.6398116994384337 -3.832716778711662
-2.5437820201648256 2.648742988690881 -3.785954219887719
-2.5572240167331044 2.6576178142549076 -3.7387771729443333
-2.5712804773932407 2.6645618728027975 -3.69133090836991
-2.5850307938588397 2.672388198577731 -3.6439357537360673
-2.5983698838741662 2.680801088884236 -3.5965242069896424
-2.611089018407125 2.6894543985977104 -3.5489880207351807
-2.5090371168428263 2.5837909860292623 -3.9253338213956677
-2.528504538320208 2.5503166032558733 -3.8937350814398743
-2.5466520049659116 2.5143965391701704 -3.8641109734523935
-2.5640356091091165 2.477549292256583 -3.835203988912889
-2.5805406083361366 2.4401664572276864 -3.8064481804304235
-2.595485870554372 2.4002955541837934 -3.7804564703809374
-2.6090982701082197 2.3570124900535387 -3.7595277068809465
-2.625765783851599 2.3267861919093695 -3.723604365265046
-2.6403951877526866 2.2978949313272365 -3.6888768583330127
-2.064904419181751 2.4963664695850314 -4.952123347543005
-2.040069416645842 2.5262204259191097 -4.983465213151315
-2.014259012015751 2.555768098812027 -5.0142375597067845
-1.9878631601497616 2.585140172099207 -5.044685714800255
-1.9653259278888804 2.6267206141701855 -5.060372510770441
-1.9495164379832495 2.674055033400442 -5.06188380648124
-1.9370979573658995 2.7213601390702578 -5.053415206449349
-1.9338395847680985 2.7647340368052564 -5.031404548219229
-1.9421284873647011 2.797193895408162 -4.9968063096222695
-2.063511072232166 2.483589773325399 -4.959668063248907
-2.0385355202963833 2.484686228486179 -5.002769205017864
0.5193452396453733 4.955119750609155 -2.297524790179134
0.49845643201035933 4.962944327476846 -2.2755836773722984
0.47362717120913206 4.972242323843247 -2.249518163659877
0.44551330510919374 4.981166269899871 -2.2199571419957067
0.4285246987378662 4.991594673564848 -2.1729168855791223
0.43233688220950467 4.998816047176384 -2.1285798177540634
0.4361043983403012 5.005824569454768 -2.084590560410844
0.43975110044964716 5.011952632033149 -2.0402193855799253
0.4229868818509484 5.021587669808073 -1.9941088088055343
0.5893690678452249 4.950686798439493 -2.2494140547338066
0.5825818121967867 4.959752132946334 -2.206058193822952
0.5882591273025807 4.9659476370594176 -2.165740178057751
0.593795540846475 4.971816095934031 -2.125951060898272
0.598187321931719 4.975952547422479 -2.0934711868097016
0.6015936957823015 4.979147114619115 -2.068367142010342
0.6996135829439547 4.967585335329423 -2.008655092184117
0.7148178181753915 4.961512166221138 -2.026076491158699
0.7313113390812211 4.953997399856027 -2.045038153304979
0.03765299326308173 4.981829969760847 -2.3986595183207395
-0.003303420556121792 4.986961449841381 -2.370555661599311
-0.044277934252274526 4.992093936918344 -2.342446101186094
-0.08524548069766076 4.996478795158129 -2.3141984315816635
-0.1261625386187447 5.0001432556823975 -2.2858154582656915
-0.1670665729700425 5.003050542256997 -2.2572703021018254
-0.19581083722280407 5.008066472385652 -2.216739996219075
-0.21183073258804386 5.014911200849936 -2.1699283236592186
-0.21863859850186623 5.02271259521451 -2.1210403480229565
0.03103655891196149 4.979336137612676 -2.411820505845684
-0.018817875380963717 4.978904198263961 -2.413140045259062
-0.06582299134397378 4.975634401564318 -2.4295842545354294
-0.11043485986610922 4.969868444423275 -2.451168325295316
-0.2130916408330199 4.960826892119375 -2.472664103832213
-0.2171946009009208 4.95228651377414 -2.51356140202019
-0.22202043288500165 4.942014224033555 -2.5608671240224874
-0.2165145274621935 4.93247317928858 -2.609022747029157
-0.1954257963672616 4.925110625333817 -2.6532103863059295
0.8187194005830974 4.856916614294382 -2.4533337674046334
0.9254398865978989 4.8298304370770815 -2.4253983901009355
0.9294054368242028 4.835195984501487 -2.3936478667617545
0.9330306531876369 4.839844948588129 -2.3626192186094777
0.9367670967004712 4.844458411158776 -2.3307193240182236
1.0428181287060374 4.812094940117183 -2.3071455438642103
1.049118221983135 4.817277455805849 -2.2689731696029
1.0561183217053187 4.822452491876645 -2.224342348395253
1.0095556261019916 4.849132659255818 -2.170682561968207
0.8081800696723639 4.861874642028494 -2.443988761954413
0.8210926633824444 4.867241539748411 -2.396094814925567
0.8309511819310725 4.873643705541851 -2.3475666124661534
0.8327278521271683 4.882567470453142 -2.298455542518709
0.876878882950972 4.887515671664312 -2.199940441951693
0.8462321408159401 4.902682388744733 -2.1636416063407093
0.8127936850948491 4.918189707780631 -2.129891964914011
-1.035274380202228 4.519720158005412 -3.4711907064803302
-1.0536770728217324 4.498775377225448 -3.5126167177023384
-1.072008170240651 4.477587223016732 -3.553997128013682
-1.1513900540858772 4.426932587234798 -3.5968388753780633
-1.145578704649621 4.4167572324099975 -3.635537377364489
-1.141816154986022 4.4101123860311615 -3.6601662353341418
-1.1401286807165925 4.407102849849322 -3.6703500984246378
-1.1403257419607957 4.407463699122779 -3.669135626833566
-1.141938514804591 4.410337145385185 -3.659410265078832
-0.36072683448296716 4.951036315306723 -2.4483869903595026
-0.3902667066414714 4.954690253348171 -2.409185387844519
-0.4199684790658509 4.957661123947495 -2.3695783956564096
-0.4463025685788399 4.9616586173777195 -2.327279553018173
-0.4733325302581834 4.964936141155238 -2.2853677439757294
-0.500752668717039 4.9678139088306805 -2.2436712190746797
-0.5303080538098675 4.9700471316843515 -2.2034135723269803
-0.5696128906743999 4.968431869819203 -2.1725822098134744
-0.6141689581166102 4.96271911709885 -2.1508174757390095
-0.3573109292970341 4.950504317727619 -2.4528626787686765
-0.3809477930211684 4.953755097416957 -2.4216281097735832
-0.3980215299068144 4.955471354386918 -2.3988157697555166
-0.3937998458823855 4.965381606955257 -2.350014683254135
-0.37865800544889067 4.9755649099065105 -2.3035037749264826
-0.3524827855317967 4.985877164453651 -2.2622168812560326
-0.3217771146846325 4.99608918996552 -2.2241198823313493
-0.7720287285957677 4.82699840307851 -2.657447329719102
-0.7720584560882339 4.829246565533554 -2.6474391172121696
-0.7721351329365305 4.834907744974943 -2.622234734606637
-0.7722726156212614 4.842820076040275 -2.5866331202248016
-0.7721370343010158 4.851245137243845 -2.54472324175428
-0.790508570357351 4.855844286609891 -2.4984585836886666
-0.8052456809469322 4.861460859727084 -2.451022903812531
-0.8178565340303975 4.867301207459214 -2.4030079760698255
-0.8291960507896335 4.8732250988096375 -2.354680538036331
-0.7720445670998783 4.829130349122701 -2.647972369007183
-0.7721012751426979 4.833340251432077 -2.629229681891889
-0.7721386144111404 4.836294514842309 -2.6160803172367353
-0.7722089800818782 4.8414678097775665 -2.5930476845450925
-0.7722958397956684 4.843853840984019 -2.5814401913171166
-0.7722244628229831 4.847960393579709 -2.5610191415419266
-0.7721906948098961 4.850258774593853 -2.5495819245101927
-0.7721865139149873 4.850632734186985 -2.547719359441765
-0.7721998923626513 4.849809445207329 -2.551814588687362
-1.0135630918957168 4.425814699103066 -3.7740515943602895
-1.0587251011818686 4.412398003458178 -3.757989565864294
-1.0086430128349568 4.4322342753815 -3.7615618533921467
-1.0396785231835368 4.4330694607779355 -3.7226149272483897
3.1625360233170947 2.358859498911496 -0.6783139776017824
3.166656446444718 2.3404547499511628 -0.6320265027715353
3.165329140234814 2.3703334415381 -0.5875219765436646
3.1673012919482857 2.3723136049570774 -0.5402745387142309
3.1689678949183966 2.3743024682033966 -0.4919628310054243
3.170149579485482 2.3762494124589932 -0.4429939345729308
3.172224402176725 2.370611909533168 -0.3933700550902875
3.1740826511543956 2.36630824589783 -0.34362755639694775
3.1759832546693048 2.361111697346325 -0.2936492618543564
3.1607622014796024 2.373274928978836 -0.6748030362651475
3.16131664538042 2.3865248629619393 -0.6265983738655901
3.165496919488097 2.3704973597687657 -0.5835152551580853
3.16734490045568 2.3723546173456276 -0.5392376213597291
3.1689052983307717 2.3742036301417353 -0.4945395802687376
3.169955032356815 2.3759387339750586 -0.451016374790068
3.16685128685739 2.410414921317788 -0.4149960104051317
3.1625163921240387 2.449503298034347 -0.38417188555488035
3.156678165424128 2.4927147050358305 -0.3597397487255312
3.0568215713349662 2.842235383372581 -0.8836388996953929
3.0441269731870846 2.890030163688466 -0.8765870327496559
3.0298386139677906 2.937341771144971 -0.8694298185163116
3.015242925783939 2.9845424562523784 -0.8622457053477434
3.0032298474294192 3.0265516345635413 -0.8381422790236408
3.058883144404796 2.8383365721661877 -0.8693764286016937
3.0516030318067155 2.8731137005454315 -0.8342944926903906
3.0480306551263365 2.8959572523088593 -0.7900165229890597
3.045378200728649 2.9128246218611396 -0.7430762049997255
3.0451288722069316 2.9224775518936164 -0.6940539835463545
3.0460544355441095 2.9281908805210266 -0.6444192704839143
3.051263515242566 2.9164937539716287 -0.5961169571885097
3.0598023327117057 2.893871267399887 -0.5523226771891702
3.0701134833729697 2.8651890480189035 -0.5126884414439637
2.9899527339476477 3.044359275337556 -0.9426046363148975
2.984694467293055 3.0580899176384477 -0.9450559908039697
3.137385686545187 1.6054488545373806 -1.0047766905856073
3.1388237421393015 1.5860484718130106 -0.9567414373677657
3.142018199299483 1.581108983814933 -0.9071538430117952
3.1441831532045197 1.576336226743219 -0.8574584325265963
3.146283119787504 1.5715437859416816 -0.8077435461777249
3.148303804376294 1.5662371913869677 -0.75808050383099
3.15026655383218 1.5606267941265237 -0.7084496168143563
3.152187472208043 1.5548338451188355 -0.6588408941236985
3.153535290776361 1.5488411592578555 -0.6092108909792996
3.135570462173957 1.5907625834318322 -1.0067686136514924
3.138340083363176 1.5867623986190775 -0.9641984732167466
3.140679797711658 1.5831365077826656 -0.9278669890406204
3.1425657223275425 1.5800365663259042 -0.8957736462266757
3.1442653796315483 1.5761599814615355 -0.8555417467579116
3.1460164408440527 1.5721658961581848 -0.8140924082192721
3.12977954275116 1.4517611603729903 -0.783926415150034
3.1307230916148967 1.4508848815374265 -0.7602079941049075
3.131415110334014 1.4502012956421335 -0.7426497708442775
3.0673138784468317 1.3147908118806102 -1.2324520101041756
3.057662868089408 1.266717977029092 -1.2231760898706356
3.0467065859387965 1.2189628104104013 -1.2137760879506225
3.0371922088185794 1.1764306560049083 -1.1894571011302242
3.020839041211319 1.1091725462585587 -1.1646844846371285
3.02148251624477 1.0952520355405124 -1.117403737468875
3.0209624002665687 1.0818759706615426 -1.069828501079317
3.020229651975241 1.0689937892164845 -1.02441107410928
3.0277540605454623 1.0805988335422982 -0.976849468871456
3.0695956558321362 1.3193545732946457 -1.2184407013884142
3.0654291791611206 1.2855710360092076 -1.1819825892869604
3.0645277478553665 1.2642350690262305 -1.1368584356527658
3.0656729793760458 1.250988253258035 -1.088766419688195
3.0668883004090075 1.2383196845708757 -1.0413597060738433
3.067029638937313 1.2266634716705684 -0.996588918481175
3.06686984560946 1.2176261487656475 -0.9617395833564795
3.0779673863888877 1.250938977198516 -0.926167723193297
3.0892025780118 1.2891137209571655 -0.8959539051408419
2.9983619088338465 1.1025158703292852 -1.3720660787445473
2.983008485793107 1.0561747467182063 -1.38192923980772
2.998350461407636 1.1078620848233474 -1.3859468576211562
2.985493570568854 1.0771357497003353 -1.4227049077440823
1.4843263441453853 4.799636845071633 -0.9125966231038818
1.4820896882522354 4.804676769497879 -0.8628955288661619
1.4795769029439165 4.8091429158050785 -0.8131698663421051
1.476937616858273 4.813596355326376 -0.7634058220418288
1.4743339891332399 4.8180835369408905 -0.7136465133991582
1.525131520176125 4.797800575661339 -0.6078379485380351
1.5027390031112564 4.810601475590995 -0.5808296712656228
1.480624535687023 4.82324019373372 -0.5542228204103135
1.5116469707183846 4.810523726586308 -0.4749904888957177
1.4715051131593124 4.806415404524148 -0.9161152867105921
1.4437636980060204 4.823745497560584 -0.8783553840365458
1.406119810946093 4.843838280665021 -0.8523512172958343
1.365376748050855 4.864985256941441 -0.832577138412382
1.3220831004926126 4.8866306708331635 -0.8201919826794597
1.2772442859561852 4.906937433669505 -0.8117303161136726
1.2316416126640217 4.92657461992569 -0.8064078575742373
1.1857312518229701 4.946134862487156 -0.8041946551672312
1.1392617186870335 4.9644047484618365 -0.804322706186759
1.3012209735545557 4.85435634386639 -1.3007472660031283
1.2579929171879962 4.872089727846701 -1.3183400626139652
1.214236042814863 4.8886586362360545 -1.3358250663131592
1.1703771339567195 4.9049598286699245 -1.3532828881961663
1.1262004112689694 4.920448774072374 -1.37065446349762
1.0816288777915113 4.934936843253494 -1.3879351456301279
1.037065862974516 4.9494429317894 -1.4052283754544366
0.9899724608034876 4.965817196232391 -1.4042471122563394
0.9474605233593164 4.981603420708714 -1.3836160374924016
1.2989647615127906 4.856989084527875 -1.2862235533157502
1.255992358041318 4.8779298102058855 -1.2719163358515224
1.2191440780660825 4.896002684753365 -1.2435017455476531
1.1364039833998523 4.928324386023074 -1.2605302820037423
1.10521220872223 4.943757872111216 -1.224918644108472
1.0739516721264135 4.958191001651026 -1.1896263302874084
1.0514227205919953 4.970282225180153 -1.1467045909262794
1.0306718281859588 4.981340541410209 -1.102627528525118
1.0131985014134774 4.991023632852067 -1.0568241094513777
1.9894656369002468 4.480143316618755 -0.7284007436087866
2.009542947878796 4.467466523454568 -0.6808974850156114
2.0155109487940637 4.466310965968476 -0.6312759201381096
2.0210676094984783 4.464668118942631 -0.5816351036886234
2.0262255499002637 4.462518640650684 -0.5319827151822335
2.0328211808240813 4.459156417631914 -0.4825512369796901
2.03960250716061 4.455680462669057 -0.43315402833407535
2.046536565611657 4.452100610906988 -0.38376541161421185
2.053297859308127 4.4481991455027785 -0.33437068802554487
1.977871648336007 4.48935436145252 -0.7302288203768708
1.9575962480691431 4.508727733195886 -0.6888186407462066
1.9345866140719503 4.528767521440843 -0.6492744940316604
1.905650713338918 4.553044442135893 -0.6165428551819375
1.871788948365006 4.579079316596528 -0.590638496242551
1.835180952942779 4.605748811719662 -0.5696166860173145
1.7892158262723314 4.6381708563384425 -0.5654722544334628
1.7595529192919297 4.6600472599578575 -0.5377697452291598
1.7267676534056358 4.6820460293136374 -0.507981579630372
2.270064003240935 4.20569563328141 -0.9660908570398625
2.298701965991316 4.178783270917302 -0.9354001870902917
2.327079867679739 4.15158731201492 -0.9046516119391947
2.3554240426857027 4.12433169470381 -0.8738710553018892
2.3748712932259806 4.106168890801452 -0.8317015783090959
2.3817411323433326 4.102414184917887 -0.7826702377172242
2.3750770729978186 4.113508221292781 -0.7347925694679986
2.3579699761843846 4.135839877667697 -0.6938990232484606
2.3335065943868987 4.16550147160638 -0.6623954010509127
2.2745249720797456 4.199838444528157 -0.9790591281328982
2.309042806133343 4.1639848825148285 -0.9776801019739466
2.3402781396971073 4.1277427881476765 -0.9916827382578363
2.369946432185172 4.092606988352592 -1.0113093700064717
2.3965801636835504 4.059766298603934 -1.037989863613536
2.427214849682637 4.021769681073974 -1.0480512566926121
2.465390960696853 4.016290876453316 -0.6308408509447972
2.4661142214585197 4.019083952651661 -0.5809240609507196
2.4666012324264566 4.021690074757826 -0.5310027424390789
2.4684077517087055 4.0239840928785044 -0.4332467836441068
2.4667189723050735 4.02607420451387 -0.43318432746661895
2.465003545615319 4.028197227189764 -0.4331223731663114
2.4631707343104106 4.030465515480159 -0.4330564020715265
2.461149170528806 4.032967395857062 -0.432983811496385
2.458877385613051 4.035778942964741 -0.43290236732148907
2.4746416923721304 4.004692688716901 -0.6325524955094254
2.4934848479173977 3.9843909139461315 -0.5909641401248993
2.5182183497953696 3.954235943703834 -0.5598511104137041
2.545332277451166 3.9206663748890698 -0.5345806854562931
2.573846629881569 3.883918231849075 -0.5163322567507593
2.602273981839174 3.84541625176836 -0.5019350075312096
2.6303433188934613 3.8059261944127245 -0.4897232261794084
2.657893533265398 3.7657177554510426 -0.4788733989850085
2.684909363890261 3.72441621781461 -0.4710287351219143
2.7130744012906827 3.6379660140825436 -0.9001055310847635
2.7358266307236154 3.603185602543901 -0.872356608691528
2.75860760946255 3.5683577307510745 -0.8446022667165942
2.7803767148324066 3.533128496399266 -0.8167881322113496
2.7156268302876594 3.6320971152687616 -0.9135936381840976
2.7410866759855996 3.589199975167177 -0.9161141934495999
2.763351445399644 3.5481892108850634 -0.933849920432316
2.7829272460689616 3.5084752776502395 -0.9569528846222676
2.7985027307352346 3.475132905508474 -0.9874174193606308
2.799564431818759 3.4676046543393397 -1.0262352662957608
2.800606099474565 3.4588515233432147 -1.0711241180882656
2.8007869476665 3.4492445689667033 -1.11769958321082
2.814375111220395 3.415573191173459 -1.1516166925701912
2.4041554617710372 3.7969677772762176 -2.2923407093377217
2.407185785255595 3.8068734593273463 -2.243621559067148
2.410891098144045 3.816100474436225 -2.1947156480391405
2.4147484720953094 3.824817334079749 -2.1456660536128878
2.418289104556726 3.8329965495050153 -2.0964741700774834
2.4330115261231575 3.8263120965797115 -2.04919477950452
2.45679299652005 3.804531965999825 -2.0112973885838907
2.404250169516674 3.797023373271781 -2.291702038579815
2.4144275487963056 3.797247376464995 -2.2430831164702334
2.428446204566174 3.788714849155243 -2.2073864019577236
2.454164831997049 3.764280362557843 -2.1723473472619546
2.480691594400175 3.734745977816851 -2.142220414175104
2.508710860371475 3.7005219667049327 -2.119241939993813
2.537638538672359 3.6625725544187855 -2.10514015740962
2.563885393571824 3.620651153828237 -2.107016568479379
2.875763030977584 3.3674591619751486 -0.6378762663332281
2.8710601044679596 3.3819867845724563 -0.6004448309729463
2.8659600912708565 3.3972851129123764 -0.5608535839809429
2.8595252753912956 3.412844709797642 -0.5191917909978525
2.88058902554436 3.3739966468454354 -0.474777497397554
2.884896278860009 3.3693161693594234 -0.42556258526601337
2.8883378055430566 3.364210490633294 -0.3762514959955704
2.8897007847622196 3.3648746493536774 -0.290943140489286
2.8912801544890145 3.361567431094899 -0.2907950371115592
2.8769986774747287 3.36364346097503 -0.6477001548733452
2.922176977013464 3.267496799747138 -0.6292612702295323
2.9258387953710656 3.262281232879797 -0.597238597576171
2.94374906588141 3.2215017368919487 -0.5747322821168304
2.957552814773895 3.1922816237452607 -0.536631152335348
2.9462932079543793 3.225012506197016 -0.48690257073470095
2.9488513832533405 3.223135836741734 -0.4473406529276132
2.95066568987458 3.221639223241557 -0.417138226348849
2.951596364821762 3.2204127533460616 -0.39546303851008197
3.01381304155287 3.0232195851122006 -0.6824899248555532
2.985774958312011 3.1062356652842786 -0.6436214707062421
2.9927457680935206 3.0926444374727233 -0.5960461794486959
2.999724769121914 3.0791436615481556 -0.5485194721418265
3.01578836352294 3.048166106573144 -0.43244815303331124
3.0265829541633273 3.0147659116994596 -0.43433131198380315
3.032425263987913 2.9966892328957733 -0.43534664962736924
3.0329147335930626 2.9951748549985173 -0.4354307692792539
3.02901686670137 3.007235395778718 -0.4347516696822467
3.0225106915933106 3.027366320778881 -0.43361902524681006
2.728506910789184 3.4400064242278074 -1.7522813627961908
2.729697648977974 3.4375960285169316 -1.7530804102148319
2.7310331849866625 3.4348934376830775 -1.753973346468854
2.732721704626442 3.431476922227952 -1.755100953316351
2.7349733548945263 3.426921280367696 -1.75660354975392
2.7380304331173946 3.420736283301053 -1.7586428346423848
2.7421829916088623 3.41233510124385 -1.761412306998057
2.7476368195820284 3.400974818950088 -1.7651142385033172
2.754188059685491 3.38572954551136 -1.769893389128687
2.734713190623485 3.4274497130691737 -1.7564225843915262
2.742373253596874 3.411952219358617 -1.7615318949864112
2.750024897012312 3.3954134357980705 -1.7668697885737876
2.757398741376148 3.378254359114017 -1.772247520773143
2.7687162132238554 3.3519216215046197 -1.7804908070374685
2.7761463382627265 3.3237996081360532 -1.8211510303454614
2.7852014833901437 3.2928027440236165 -1.8592967079685674
2.7942642960399366 3.2602268256494797 -1.8961328035283989
2.8037050982118696 3.2270513591194194 -1.93231186998281
0.8853128079710211 4.973718273656604 -1.6145708193548223
0.8556733665674963 4.986899897880925 -1.5765621799216774
0.8258042110785578 5.000150166344102 -1.5385241091308626
0.7958897286325749 5.012530884872933 -1.5004323041869214
0.7572029374119877 5.026135983174516 -1.4718985944105587
0.711828412053379 5.039046503050907 -1.4555296910235973
0.6638538212659295 5.050296359464125 -1.447391721285881
0.6151784954303597 5.061048812049236 -1.4445097446322588
0.5661717279209819 5.0705135007220585 -1.4447886786289144
0.8754442212551433 4.975102844226665 -1.6256972426920266
0.8290407293211376 4.989763711414333 -1.6134760053101487
0.7809942392766956 5.002948224364408 -1.6166834107923893
0.7332599690482818 5.013539884702777 -1.625919302555258
0.6530385531284352 5.030155331499362 -1.6400400293642516
0.6497777293921705 5.027050163351676 -1.6719791010532759
0.6464398253845836 5.023753606835276 -1.7054932859087293
0.6427803061444899 5.019593322653308 -1.7397607142813434
0.6394504814089346 5.015811013364928 -1.7709187369676345
1.381484306617546 4.78681427139831 -1.549665068469977
-2.181794590403551 3.62696980758186 -3.4794395268276497
-2.19569322763629 3.631886796059241 -3.4316619698996336
-2.2096080097410145 3.6368537091648085 -3.3838883757408507
-2.2232398422987423 3.641624462025657 -3.3360340708425884
-2.2364147290889687 3.64606008464109 -3.288013289756111
-2.2496320591569976 3.650527641743902 -3.2400034537395164
-2.262864903166411 3.6549869957471626 -3.1919653247363207
-2.2756837221232322 3.6591698559122783 -3.143842625420989
-2.287761416569667 3.662825318890008 -3.095480948430507
-2.1897028566641965 3.6147664854211095 -3.482811043690087
-2.2178108165738784 3.5950940396031235 -3.4464541123263563
-2.2487265266691128 3.5649936716635118 -3.421290993486614
-2.278555251095515 3.530180842846191 -3.4014351675145833
-2.3109982742057484 3.4646121736859725 -3.43190099490989
-2.339116425950308 3.4330447333118665 -3.4099995839221493
-2.3645593518328294 3.40129303957348 -3.388153418332251
-2.430065183401621 3.292089183425077 -3.379012135931932
-2.4335627881368125 3.2953305723772526 -3.362045605993469
-2.168153704013795 3.470087123681871 -3.800884967658096
-2.1383876845088636 3.510616559596836 -3.806040237198154
-2.139123172544705 3.510654459932981 -3.8041673895894386
-2.167049632324063 3.4691054899550453 -3.80511342229069
-0.520339436375463 4.563984597983142 -3.8102857786245155
-0.5025987102884619 4.582443111162214 -3.767662375301443
-0.4846988276348737 4.600027462872219 -3.724600148411867
-0.40498765138440546 4.629988066472593 -3.67854492760015
-0.5077985385263941 4.563853736059241 -3.8180673138302637
-0.4671006389863741 4.579939799149863 -3.795144615656905
-0.41997704774062494 4.591213231126736 -3.7855623082220737
-1.4897612511779748 4.033128313531753 -4.077239107788591
-1.5139450333893285 4.0362304489256156 -4.033607882889106
-1.4786014723921772 4.042570752545851 -4.074262982668702
-1.4783821761239522 4.063965161908953 -4.029129939960214
-1.464904250503392 4.091402104149648 -3.9896292415794394
-1.446259765255786 4.1199139306299974 -3.9530657732465997
-1.425532836430774 4.149087848873163 -3.9181757474833705
-1.4034302868276496 4.178007606358775 -3.884015090565699
-1.3682226440279128 4.207926142014482 -3.865212662128818
-1.325890710948671 4.234008782049853 -3.8652331230543333
-1.2824468113746936 4.253019259388385 -3.8804234506679185
-1.6180797057785703 4.20930511555843 -3.4251995352844364
-1.6265483737063997 4.219230016407126 -3.381033509138371
-1.6343877491329863 4.228299391510503 -3.3374735667578292
-1.6255734506028265 4.24987676937946 -3.293230622579557
-1.6170438871016384 4.2712511953878245 -3.24883699669019
-1.6082172360099565 4.291806278972613 -3.204157136488149
-1.5993841091600665 4.312147719645528 -3.159349903186314
-1.5906297661091675 4.33247792019852 -3.114514941845962
-1.5817952287164876 4.35256500041384 -3.0696134039742167
-1.6182703007696961 4.209522790227511 -3.42425055858334
-1.6273780787850054 4.2201832583038374 -3.3764426972906234
-1.6360299489269319 4.230194928421164 -3.3283612755684677
-1.6465437259480658 4.238825066111902 -3.2803066865566324
-1.711595309138638 4.2065642431682 -3.2333794425080957
-1.7171973665171139 4.215829313218945 -3.1921148095764873
-1.7478842040366422 4.2042507347824385 -3.1543908823366302
-1.7823599439048192 4.187905178062122 -3.122092129509176
-1.817683146899493 4.167946582347098 -3.092918447138027
-1.366933137757192 4.287939592881836 -3.6617410881901638
-1.3270863622905573 4.3158760561745275 -3.650564449496278
-1.2868934425523686 4.343120994676773 -3.63914529090539
-1.2465550756319095 4.369053705114706 -3.6253686990538445
-1.2471229059105682 4.405725265215927 -3.5227133093634793
-1.2144168759363345 4.425503230724086 -3.510685265107117
-1.1905634237828828 4.439916037888026 -3.5019480124955433
-1.1904325554725292 4.4558332680466615 -3.4548611034937164
-1.1953287052411083 4.469524848918718 -3.407204533003014
-1.3634683988235816 4.284684870150649 -3.6758786237583387
-1.321007796616579 4.302933472789379 -3.694668645897173
-1.283269402842683 4.312741906851918 -3.725723047665925
-1.2478621230979785 4.318597097957085 -3.7605523720610594
-1.2154656634413687 4.321586610237948 -3.7985256867223507
-1.1735909132133504 4.334488844790009 -3.8225586369026434
-1.129119342451119 4.349269662877765 -3.8392924184070814
-1.0924037345711513 4.354157518179677 -3.8721489476687587
-1.0659879125411664 4.350777522595057 -3.9139952813854197
-1.933650318040778 3.904132225275855 -3.5057990213783436
-1.9263496197477368 3.929886951921478 -3.4635332972808577
-1.918630842613579 3.9550786623584817 -3.421096844683711
-1.9116539004926107 3.9936296582890827 -3.340277751822069
-1.9023961477250368 4.001566568115294 -3.342848023931721
-1.8929446240855228 4.0096690112636955 -3.345473592275847
-1.8828454738655087 4.018326846627968 -3.3482785453266497
-1.8717636393469488 4.0278272799004675 -3.351356028110759
-1.8595627007721196 4.038287248262934 -3.3547439635876914
-1.9444265787963149 3.895035421627717 -3.501006782178651
-1.958985638402612 3.9004431973030305 -3.4534726409937355
-1.9831978179657332 3.8940715475088656 -3.410170337875964
-2.009976266919942 3.8825141582630884 -3.369620603882563
-2.039749550056371 3.865060781714891 -3.3334775292308794
-2.0710256229009834 3.8448795454000257 -3.3001178038411374
-2.1036342158366796 3.819855744649467 -3.271709004959748
-2.1271448109098916 3.8221490514634815 -3.1988579286765253
-2.1450637524270553 3.8054198465713283 -3.189341693588605
-1.8931156135610372 3.7763541279691575 -3.8708785398544348
-1.887509829914673 3.7694710012658548 -3.8972613832289587
-1.879228824312815 3.759517774030738 -3.932643902625202
-1.8694374711569628 3.7477753739687456 -3.9733026961412814
-1.8714559345787307 3.7221053732239024 -4.016138980807971
-1.8589777320355803 3.709882219051421 -4.062961251423295
-1.8342803608628306 3.7127400403410564 -4.10631470047224
-1.8017371410178598 3.727879245357696 -4.141019946779254
-1.7644935494689766 3.7550374004060463 -4.160084278504888
-1.891140406283897 3.773914096513375 -3.8802049709415627
-1.8854596913592614 3.7669397245264635 -3.9068621647009163
-1.8772310908256946 3.757094419769989 -3.9409897600681747
-1.867797267988946 3.7457824410589464 -3.9801608954809953
-1.8729422595753578 3.717716208396238 -4.021219832163853
-2.3186299984326464 3.1076615505693916 -3.946932408546942
-2.327177553030811 3.115743926851255 -3.914577164432746
-2.3372580433056553 3.1253473339068187 -3.875392747478779
-2.357974920234898 3.1177092924548333 -3.8304864575930697
-2.377299878815171 3.113705674387351 -3.7845222941910235
-2.3962071277904333 3.109751218654504 -3.738420690739485
-2.419317817780903 3.0901383723938536 -3.6986672006880457
-2.4441212431940738 3.061516038500892 -3.666040629776716
-2.467943213814923 3.02751058471801 -3.63827675797712
-2.314956296446755 3.1043464898462254 -3.9594786368519173
-2.3183919283761627 3.1074444554871126 -3.9477479817170296
-2.3212868770394057 3.1101308068104787 -3.9374767347836577
-2.3265908997689126 3.115184070850614 -3.916858834987094
-2.3308933630120947 3.1192827297196355 -3.9001347325744757
-2.3374006397159017 3.125481963860668 -3.8748400379816
-2.3636357956274634 3.0951846545923725 -3.8448119920911688
-2.3880928488355035 3.0552287767920485 -3.8273474153404177
-2.410647215601576 3.0122854779275787 -3.8153164371749733
-2.332863282853247 3.2584223349927495 -3.7067521332893234
-2.360287335651769 3.222161617782465 -3.686023592495781
-2.3867654582110425 3.1854356224236615 -3.6649564271392054
-2.4108311079452345 3.1611528784905163 -3.628644601156417
-2.4307385292236394 3.1521596262678075 -3.583864105840469
-2.445230795796812 3.1568210587107224 -3.5363811962980884
-2.4557344610901244 3.1688886334694386 -3.489113661371928
-2.472770363566116 3.1646549369656354 -3.4424538598579892
-2.495165109425795 3.1428055573785874 -3.403761566742092
-2.332127534534682 3.267647925064002 -3.6950351766747707
-2.355391706232932 3.2531500117602774 -3.653265548213726
-2.3730107510512295 3.2523079663326184 -3.606522123552964
-2.354914305864047 3.31440079509784 -3.563472595911941
-2.36612378068082 3.3245122258856314 -3.515896039925986
-2.3763848096859044 3.3340376930385016 -3.46851876337806
-2.449118845868139 1.7103854329026158 -4.216750899053901
-2.4565645803024774 1.6718030530460106 -4.18595120803406
-2.463533316933818 1.6332557238144485 -4.154952216900108
-2.4705071582775133 1.5947176201135753 -4.123943284111091
-2.475861465332445 1.5564796451385219 -4.0922996069053985
-2.485451501051857 1.528308366705046 -4.05231562106446
-2.4985584984802673 1.510363560229989 -4.007841021335232
-2.5293464490481803 1.563457958013608 -3.9538601171749095
-2.5444613601402013 1.5541412506783039 -3.908913532486597
-2.4540344915000096 1.7213156728612753 -4.207874094442316
-2.4704810264459858 1.7081016098113009 -4.162647093902386
-2.4887896860715992 1.710370429082554 -4.11626994418705
-2.507306141298192 1.7188780591481596 -4.070664530951873
-2.525984717529632 1.7350293200216524 -4.027240396775148
-2.5434827142981518 1.7551441075575593 -3.985002418837073
-2.558183440223834 1.7890058740520816 -3.9513551329428807
-2.5705528691691524 1.8298284032503986 -3.9253667895978688
-2.5859847495188535 1.8602406167001868 -3.888958319161937
-2.4369734921627364 1.9486180736818608 -4.2887258709238925
-2.437357455180583 1.9482775634137857 -4.287800957292632
-2.437778385128688 1.947918822332007 -4.2867869349789585
-2.4383028559604694 1.9474582589998293 -4.285523538597157
-2.439000323072278 1.9468345087377568 -4.283843458777103
-2.4399529470580235 1.9459740345579666 -4.281548784851457
-2.4412666320453225 1.944781194534052 -4.2783844156318835
-2.4430818679882287 1.9431284573327656 -4.274011942533445
-2.4455839907640393 1.9408471145833897 -4.267984935209105
-2.442291217726135 1.9437680406413873 -4.275916765255752
-2.4480685034060787 1.9384667729342304 -4.26200082456915
-2.4573573671470377 1.9299945229369235 -4.2396262156732964
-2.469438858887918 1.9182527798348206 -4.2076728650442305
-2.483285149159007 1.9042264999401568 -4.169986218785426
-2.501551336491429 1.907274847584176 -4.12357013090844
-2.5182503455965946 1.8933439964485248 -4.078576165637536
-2.5354843242090315 1.8857309275018714 -4.032350040990872
-2.62564259755796 2.6911493169679845 -3.501259321417114
-2.642825458254757 2.7343556173864476 -3.4091676640681965
-2.6549369987749944 2.7131050610521434 -3.3899081910402167
-2.6656688609414703 2.6918169008799677 -3.3705259934611846
-2.6768204772827104 2.6696784590166 -3.3503999461168528
-2.6907746582417715 2.670365007465193 -3.3022926617281017
-2.703394989018481 2.676144834881291 -3.2546181452079317
-2.7152903256195864 2.681730816222481 -3.206840942577444
-2.726516485435434 2.687145945089257 -3.158899964728319
-2.6215347911886973 2.705399573780624 -3.502788312918007
-2.626776577757729 2.7621302191352726 -3.4343615239964063
-2.622341578755194 2.803916374020614 -3.4073598182455624
-2.6148904377774547 2.848930218301785 -3.387025170770409
-2.6047812912743535 2.894505076199847 -3.369339569184677
-2.593537920308907 2.9403515810545757 -3.353095157310501
-2.58199044637209 2.986052256093324 -3.336604498427774
-2.576366618246957 3.023976864494382 -3.304762429567288
-2.5794830940635896 3.048115090447014 -3.261334753427212
-2.651085555392844 2.2754770298304448 -3.661921290274148
-2.6668038260755136 2.269602208154973 -3.6148741735481145
-2.6826259355344133 2.260548982161594 -3.568359180619511
-2.697587381264889 2.250000836858375 -3.521859431189295
-2.7124775235092935 2.2387169310114152 -3.475497836516255
-2.727370473752123 2.227016213203379 -3.4292314774651724
-2.7416202744717015 2.2150350740326252 -3.382852089355905
-2.755631760044467 2.2029087071313334 -3.3364396910576457
-2.7696414566268257 2.1906738745276426 -3.2900285668740423
-2.6535292997143465 2.270344225119326 -3.6557616850858774
-2.6693704683602735 2.2552790283158908 -3.6108496027701067
-2.684115969074779 2.2285692985656795 -3.5713149570430915
-2.6934882677739034 2.1676554405406807 -3.555561539155288
-2.7053315063465444 2.1451048141812024 -3.5223263596434373
-2.7155867569029852 2.1255959135277416 -3.4935430634174045
-2.723814303538041 2.108300231517324 -3.467644148138714
-2.7305005800011335 2.0935552060964846 -3.445693840398763
-2.7367383955998386 2.0797970681366538 -3.425215880337958
-1.9633385988902454 2.807303170152879 -4.954276589833127
-1.9922237739966906 2.803510026733232 -4.907768241439791
-2.008941296535611 2.821427135110609 -4.8663704465272515
-2.0244563483699727 2.8391231100434986 -4.824142733762198
-2.0669100805632294 2.79469147511 -4.779639581431675
-2.080405280710646 2.8052910376332654 -4.7481425672689435
-1.9568508045338113 2.819948231849333 -4.956840010874823
-1.9907405652783554 2.8019420449351973 -4.911301837890945
-2.005493637643338 2.8173653253147983 -4.875855670653138
-2.0161355102665746 2.8293210735985497 -4.8470342681316865
-2.0276186055964285 2.842443677509052 -4.815760540161615
0.41410747284562877 5.030319170698766 -1.9456853471459539
0.4052223686715452 5.038637224884012 -1.8971964449463365
0.3962872183261597 5.046615249806667 -1.8486587731704012
0.38735575645533565 5.054593219316637 -1.8001175768972126
0.37841057462458383 5.062464245047875 -1.7515636875066116
0.36937829069719996 5.069704702546968 -1.702928869309722
0.34507645578771934 5.078276396325394 -1.6600545838334817
0.30834782220353185 5.086078879950611 -1.627205694992756
0.2624835012296209 5.0920569080078035 -1.6086164175664697
0.4001291064898066 5.031545769855896 -1.9507775577545685
0.36397798078070964 5.040491781782841 -1.917442988613305
0.31885975597681826 5.0482683526538 -1.8969072582163238
0.27142974715886875 5.055376085555827 -1.8826302106987343
0.22228025220319378 5.060436881591799 -1.8757614680016024
0.17256747848851825 5.063521833796582 -1.872759182381987
0.08149058789921135 5.068477852351047 -1.8689276204375085
0.08061836531070365 5.067166493143919 -1.8777427553127217
0.07954458225413574 5.065585345509875 -1.8883733868525605
0.7452884030848301 4.9476320839598 -2.0610888595168153
-0.16419414042472527 5.034102839527374 -2.0756991522615875
-0.16127175143264327 5.0417170044358 -2.0283317178490807
-0.15832883990563165 5.048658658556703 -1.981740517362521
-0.1389781819329536 5.056072700491856 -1.9362687245425827
-0.11961864306461532 5.063468855244458 -1.890803981919623
-0.12019734248021108 5.070663024093196 -1.84133442888178
-0.1381829504447847 5.076181839231608 -1.7950405341209867
-0.16690246553584018 5.080193077110188 -1.7542188666121656
-0.2012690361093762 5.083298878079956 -1.7179838374829608
-0.16426377998512423 5.033910040410073 -2.0768111418699062
-0.16131443521993352 5.041623020857363 -2.0289617680346366
-0.15830847462297565 5.048752286912439 -1.981106983697133
-0.1670302737305314 5.055551861825965 -1.9323977794030185
-0.19111720574352414 5.060975565215744 -1.8889922678398214
-0.22175752413616948 5.0641149453490115 -1.8496977239291643
-0.26333411608899276 5.0642765631964615 -1.822085129828009
-0.3113298599083357 5.061860715409615 -1.8085407199589008
-0.3610339201344607 5.057057499018379 -1.8076803823986305
-0.1580177265543807 4.920382250861313 -2.6854674656432924
-0.1203905681491685 4.91481607285995 -2.7176180476514618
-0.030476275258012324 4.908855826107489 -2.7568231485883286
0.008566875777853675 4.902178683062448 -2.787138981660996
0.04825589048146934 4.8949581274321465 -2.816453089618715
0.0844226726048332 4.88643768907563 -2.849327456384346
0.11901060190337162 4.877540540300927 -2.88330192144077
0.1500040404795571 4.868415165366997 -2.918396418917585
-0.16928122580007937 4.917937317498505 -2.6948270319347363
-0.15772316709911346 4.908276593908935 -2.7421786570005984
-0.16171163022958537 4.897205223376531 -2.790518562439308
-0.17155438951332574 4.885631761538101 -2.837995488595271
-0.18411082656171318 4.873785480103849 -2.88483963043696
-0.19461171120731524 4.861896668777394 -2.932110733009282
-0.18526024232133287 4.851036429161254 -2.979933367503275
-0.16034412268252526 4.841976809225152 -3.0222434086772387
-0.11278539414441821 4.832396952774723 -3.068618230063414
1.0159000520539985 4.854975575039293 -2.127386458965002
1.0221442756407257 4.860317756781318 -2.0813432996149412
1.0178527916989786 4.869747193373787 -2.0327213907696704
1.0155779976404922 4.878494959116577 -1.983695540259567
0.9949051296926174 4.892950143798805 -1.9408061225297029
0.9591853641640854 4.909334699892917 -1.9103439691246829
0.8359371763383068 4.950523957539263 -1.890358888744035
0.8386275797705884 4.954130584786828 -1.8588672208653916
0.8048228846179661 4.968326561594082 -1.8256873909783267
1.0165445120314358 4.855569861208956 -2.1229843327771833
1.0230055464852457 4.861035017474847 -2.0749172200891928
1.0245113906526773 4.86837354477797 -2.0259485457602575
1.0341429870907228 4.872640631275993 -1.9773666672153993
-1.144252061483965 4.4144549579369405 -3.644310185364751
-1.1458593623563607 4.417264041933976 -3.6336225174535315
-1.1479962092833216 4.421000462568468 -3.619408146929928
-1.1510530784680837 4.4263456045920195 -3.599073758775542
-1.1457960632544995 4.417143201553163 -3.6340738899573912
-1.1499355353362493 4.4243803487006055 -3.606540974663029
-0.7111843734442735 4.937299672950356 -2.1755586613053604
-0.7274524736006039 4.937577586696435 -2.1513938899611444
-0.7433260550051446 4.937267660977481 -2.1276502612746384
-0.760131636097203 4.936938385073987 -2.1025193610646484
-0.8081267400875266 4.925096682155418 -2.0951141916114886
-0.8558819823824276 4.913631653239572 -2.0858714078778653
-0.9030107613619976 4.900917424932087 -2.0753293850829526
-0.9998589429393566 4.867232913254714 -2.085833281605056
-1.024630079963228 4.865732182668492 -2.0463367011052402
-0.716476552366051 4.93749608918805 -2.167787450239803
-0.7410924564005721 4.937318051474668 -2.130951233574822
-0.7645309361458548 4.936870138647281 -2.095834705554125
-0.8061209326851053 4.930017393773557 -2.069291643235116
-0.8387466542293079 4.927010235596572 -2.0317254111458927
-0.8602021355010682 4.928010525767259 -1.986706796660174
-0.874652053378341 4.931389744751569 -1.9390319589580596
-0.8822095069859037 4.936559710269516 -1.8899254736078057
-0.8962200631577795 4.938555917140652 -1.847382777096073
-0.8593569681732125 4.871660300835586 -2.3148430518108003
-0.8893703653450593 4.869766385444597 -2.2749261904570868
-0.959369466821628 4.8499906978715295 -2.260443433804894
-0.9855657803809368 4.84922623881442 -2.218780361439414
-0.8470433122969605 4.876787621279858 -2.3081212850296353
-0.8495935792707195 4.885427760097106 -2.2589566530529823
-0.8369927189811247 4.897224475059405 -2.212062656361372
3.1767673906630542 2.365123389000608 -0.24601203523890106
3.1768268042378556 2.36914818229882 -0.19732017004308422
3.1774096256988607 2.365671215817642 -0.14745952731683298
3.178058126045058 2.363641056709815 -0.09751933673717852
3.1788553197329183 2.3623910881560346 -0.047537104982647196
3.176803170991486 2.365307574233191 -0.24383337351072887
3.176812458809566 2.3694212486009247 -0.19401929988891406
3.176588239875827 2.373615202941701 -0.14421565547207993
3.175289945095967 2.3896097897521362 -0.09688015854617608
3.171616292316622 2.4194611391108163 -0.056950814055416465
3.16616397908779 2.4592963395223304 -0.027267001324469395
3.160283618031369 2.502393978249463 -0.0027163489733213063
3.14898700075391 2.54046641324195 -0.3471994214010944
3.1407133647801335 2.5880969418266107 -0.3346963775389027
3.1319395849867218 2.6356627782861324 -0.3221933114881566
3.1223625613385737 2.6829689208918537 -0.30965692806196105
3.111167300194015 2.7299282109349963 -0.29706519840077195
3.099920580983337 2.776710621084084 -0.283281569556204
3.0913728871323998 2.814784216152244 -0.2521752547789406
3.08568496063819 2.83949057678813 -0.20927837270552813
3.08315784960932 2.8504944791889932 -0.16064495300112297
3.150368222511638 2.534750652465585 -0.33346831100481833
3.1455473280962116 2.566026786365711 -0.29482907450105084
3.1429694958001786 2.584074802779077 -0.2483325011780188
3.141677369259456 2.595808021656533 -0.19978430067761938
3.1414555347999094 2.599840105507209 -0.14999656517180524
3.1408867968291503 2.6053287788360073 -0.10036057405489938
3.1365931339407775 2.6292792129307347 -0.056738109826519834
3.1294736994299512 2.666868924843472 -0.024608428694070584
3.1193355932691587 2.7101987360783077 -0.001954115510156787
3.07882682902532 2.8384395540155736 -0.47139426849272276
3.087337664707465 2.811650995801878 -0.43004921489033515
3.095930635933808 2.784898734875525 -0.38869663605864857
3.0813673681174687 2.827779090747005 -0.48154867577504556
3.094039690749539 2.7826467081700947 -0.4642820985371186
3.1060000525252036 2.73422220113439 -0.46229265302475964
3.128440911922466 2.6282993560641716 -0.49196207841743794
3.127996447628908 2.629958037551949 -0.4958527783561983
3.1258553041717767 2.637877381949285 -0.5149416953333553
3.1219417054561616 2.6494958844168752 -0.5435743753605004
3.1186260415939633 2.6591365036346915 -0.5670555815258429
3.115904879620432 2.667049035633406 -0.5863241368253896
3.1568335421913214 1.557689051550489 -0.560128938486191
3.160234070494169 1.5665757529776345 -0.511034016905725
3.1632887508682415 1.5754789581331254 -0.46194613859405803
3.1659324383616285 1.5844280460390954 -0.412830489588793
3.1682050458417543 1.5934304859839563 -0.36370907173458605
3.170445171162376 1.6025179177465474 -0.31458353294923264
3.172693305797083 1.6116031634264054 -0.26545512665873594
3.1749052321990705 1.6206760462412646 -0.21634090250134858
3.1767645274394316 1.6297402867317843 -0.16720693770812817
3.1549168557497698 1.5429424059939674 -0.5595670128880735
3.1535488541869667 1.5204748785969309 -0.5149670481493375
3.1486898785231068 1.4857852267269953 -0.47934402414695026
3.14361949287249 1.4468448230903441 -0.44827805213539795
3.1366553327828095 1.403844124382468 -0.4238630194142284
3.1280090339659985 1.3592225071444775 -0.4031053730227631
3.1192355057568255 1.3135485860651956 -0.38479822767925403
3.109144019059732 1.2667711347477113 -0.3705159829672587
3.0977531048011557 1.2192383323466116 -0.3610308291061267
3.1322242320699045 1.4494093377433703 -0.7221493948175897
3.1129782013418534 1.338631386770375 -0.6892104338225769
3.114469795931436 1.3387310701888304 -0.6605060284479585
3.1156027780315236 1.3388558563129087 -0.6317029803115634
3.116804964009515 1.3389870165912305 -0.6011331053267006
3.1295983506972425 1.3849995452152197 -0.5304668425703429
3.131662214690902 1.4499466421250964 -0.736338136727864
3.1319331451805144 1.4496868990717047 -0.7294953148191642
3.1107963219052874 1.3386309779037733 -0.7238817496385804
3.1098513231727747 1.3386263001909122 -0.7388838752672163
3.0996638616814653 1.2994130236596875 -0.7679285989671681
3.0360915468566887 1.094836679465019 -0.9300202882216072
3.0434985893372635 1.1093340107702587 -0.8829630830872106
3.0505863480922706 1.1239560894212979 -0.8357837129316437
3.058174637855525 1.1406990385299844 -0.7909362172257878
3.065931237971747 1.1613165883979015 -0.7633256995853664
3.0700045830212668 1.1734487000266007 -0.7470785976511002
3.0715989146622977 1.1785188124309662 -0.7403779345435149
3.071578337922145 1.1784550059870451 -0.7404715462620081
3.0703775286793826 1.1746376402732657 -0.7455240521479971
3.0391610550324626 1.1076507992991504 -0.9368645909398715
3.099980050039728 1.3303712153378322 -0.8702051499567445
3.109933155389296 1.3716899274851115 -0.8443763021499295
1.4932649393566697 4.821816762660701 -0.44949668604597903
1.4702139141086312 4.834498422544031 -0.4182774835646921
1.4897711231787034 4.827080748598059 -0.31189328667775224
1.4639417080723263 4.841611785331556 -0.29480439924111757
1.4370653921629373 4.8555375406444785 -0.27732760648207005
1.4086738095943887 4.869561984499803 -0.2590346547124641
1.3935091597770817 4.8780088634439975 -0.21212242089817934
1.3768655363133093 4.887145164563969 -0.1658554282923961
1.3589554677199056 4.895859998085415 -0.1200098621048004
1.487947604722271 4.824848886441376 -0.4422386171051341
1.4621719175554488 4.838873943744019 -0.4074230978709848
1.476638424933963 4.834468815174378 -0.3032083194517503
1.4470332786718316 4.850613637710111 -0.2837545644982105
1.42104250961552 4.863452737672486 -0.2669861954385927
1.3979827464353052 4.874843432841284 -0.2521292555173124
1.3832993205999702 4.883064669606462 -0.20505835710148648
1.3615081398159379 4.894278809948343 -0.1615390601357919
1.3313478431658123 4.90822501449996 -0.12425452176706905
1.0929340457567351 4.980750653452849 -0.8133020327219818
1.0084750584073725 5.010373479946918 -0.8204671989020542
0.9612702871980339 5.025057951447869 -0.8283746729511782
0.9140907381066041 5.039420195469514 -0.8358213218101681
0.866426577008037 5.05286081133003 -0.8409241981767815
0.7468900935990191 5.085838427695439 -0.8265082188809251
0.7479263047137511 5.086210653383115 -0.8143136727896576
0.7494225843166779 5.086741355751687 -0.7968348708873008
0.7512715126210118 5.08739811727085 -0.7752178064925742
1.0927871486703271 4.981705215680455 -0.7984096610962953
1.0114495569449844 5.012697872965152 -0.7736765022610379
1.0133787549582796 5.013923942823022 -0.740286879759077
1.0156806530646607 5.015074378955523 -0.6993138460395812
0.9983408262922101 5.0233321676742735 -0.6531915356243084
0.9849302990845602 5.030289629695555 -0.6055526155584078
0.9735782987526713 5.035999897075972 -0.5572134957314124
0.9634641835750205 5.041083040611005 -0.5085273893146594
0.9541442571765651 5.045907387598578 -0.4596503186600331
0.8507634604644541 5.0157230058063 -1.341053009404969
0.8532570734091993 5.0185747843760655 -1.3087711729973144
0.8555694206602018 5.020697600035756 -1.277708702310364
0.8579671285659459 5.022890004699739 -1.2455966067897444
0.8116665353293041 5.039252625326521 -1.208060546632346
0.8155087892119713 5.041600293205864 -1.1745890712386744
0.8178467621108073 5.043029837898533 -1.1542118319053398
0.8187049929294575 5.043448544502323 -1.146180964509317
0.818572168769966 5.043391601020716 -1.147399897198654
0.8498572248590568 5.014695933294479 -1.3523230182585149
0.8505025741765082 5.015400527834029 -1.3445351616309187
0.8505715383573509 5.01547786805831 -1.3436847878144846
0.8502173090113991 5.015077735738851 -1.3480782141441736
0.8488220820587418 5.01350364172119 -1.365365743561014
0.9856372757946307 5.003651196160202 -1.0170551000585077
0.9580095902290401 5.015759266425524 -0.9772388483881189
0.9301729547962629 5.0275078472332035 -0.937364439981911
0.9755123703839669 5.006186011564621 -1.0276828019672082
0.9307025426351883 5.022134129173316 -1.0127504793906685
0.8827950162434609 5.035658607324346 -1.0130676920915527
0.8350228668633383 5.048631402057842 -1.0198175184263079
0.7869390586811825 5.0618971807953 -1.0224087353449731
0.7407722731811717 5.073976082362857 -1.0079500470156142
0.6248889750115769 5.102297058854285 -0.9775323835953765
0.6252272990124387 5.1024936386723505 -0.9743448903958534
0.6241519871784798 5.1018395717898875 -0.9848340292059258
2.054162274019038 4.448808798939122 -0.2843791848518995
2.055070219565788 4.449312457344381 -0.23437617844127176
2.0559575283409184 4.449783509837823 -0.18438392907631845
2.056662230666849 4.450030626216745 -0.13439028682689022
2.0571216868263495 4.450033906904503 -0.08441418550578418
2.0573308626937497 4.449834108755004 -0.03440701462978638
2.065552172800884 4.439420772254825 -0.28669533071701675
2.0883620006523915 4.421159983396604 -0.24617849948075665
2.1188992986591737 4.394900064617815 -0.21660535926520108
2.1517729438580697 4.36548617912556 -0.19315335405665657
2.186896159657783 4.333910657449775 -0.17685938198406206
2.2221471786128726 4.300769764476464 -0.16447842343416388
2.25686037420135 4.2660445700860254 -0.15531886147584564
2.2918182788255006 4.23090004882565 -0.14930607540415897
2.3268532140978793 4.195505372949871 -0.14565291971660008
1.697031982292461 4.702300439028858 -0.4749144407253191
1.621251616257318 4.749175350190864 -0.4721644868661399
1.6007206619431191 4.762249447759592 -0.4303085971171474
1.5884810161799992 4.770856510696188 -0.3834894887296151
1.5889589210851625 4.772315727724707 -0.3341383824840668
1.6062618546544198 4.763735307356692 -0.2886679477609086
1.6331947272552891 4.7485429967828665 -0.2497936973421503
1.6644221563889108 4.730319139638011 -0.2158535663010081
1.6980220390746867 4.710363437839074 -0.18507491331170656
1.706888174728235 4.69660097495397 -0.4655542881850493
1.699410755180602 4.703479993151524 -0.41725713144121707
1.6942905036234008 4.707985337894669 -0.3680512126621525
1.751095356228071 4.673587846492152 -0.3191354249617426
1.7520898314609075 4.674328241010001 -0.2705950542386199
1.7525524870976705 4.674440174477497 -0.22996863077850424
1.8092467008999842 4.636958850682686 -0.2055123539179883
1.8113070467437797 4.636101846809295 -0.18309281276831388
1.8129485566361827 4.635418798319483 -0.16524130491088573
2.302549425203272 4.199885181057165 -0.6443617604117468
2.27099048079536 4.233351809836274 -0.6262433541499575
2.239011602813352 4.26629580666071 -0.6080080473693084
2.2066046045033705 4.299565077744101 -0.5897780366473769
2.1731834176060545 4.331795318209115 -0.5714548569573953
2.1421041807520327 4.361663261032007 -0.5468142746533133
2.116855736910681 4.386596171031138 -0.5124628350455146
2.3079455639635107 4.194921668412624 -0.6314558387530617
2.2908997381962632 4.215859005322402 -0.5897080141297208
2.283146160383905 4.226120480732734 -0.5415439167956184
2.279488906539261 4.232244397951632 -0.49213289554160994
2.2813472644432875 4.2327038574710185 -0.4422193602754452
2.2860976609912096 4.2301755127562055 -0.39253651488476
2.306060242251311 4.213040129277002 -0.2868824190844009
2.308997771263212 4.209880156600109 -0.28821438261801813
2.3317539256147137 4.186911946206561 -0.2503873515348099
2.4492049943407417 4.0477493047696855 -0.4325584259486212
2.4311713170289266 4.070067600970702 -0.43191347813418474
2.4058243674376665 4.098524512585159 -0.4309912649161575
2.376598196173041 4.130957014186063 -0.42993602466131803
2.4584152643810206 4.03635078508683 -0.4328874475504257
2.455457314348275 4.040011512342071 -0.4327816978790922
2.4520916435653253 4.044176830679738 -0.43266136633706115
2.4490901743477402 4.047891416237926 -0.4325540732014145
2.44586143754283 4.051887266150488 -0.4324386458593288
2.4367634377569845 4.0631468552966785 -0.43211333727937035
2.433985564921373 4.066584717884513 -0.4320140915949341
2.436562436215409 4.063395609724713 -0.43210621444664504
2.445525468960116 4.05230305977202 -0.43242658055716776
2.711874469239596 3.682498738652781 -0.47394088582386934
2.7376002828181685 3.6398108487449203 -0.4768066196998342
2.7623929047482605 3.5965302854705636 -0.47963881858727586
2.787184578266762 3.553252347099063 -0.48245555207670526
2.8116047038487797 3.5098485697106354 -0.47959946368571726
2.7115632376571974 3.683895219156063 -0.4590859208537286
2.7339056503860486 3.649139834479004 -0.4310771057849844
2.750388194497086 3.623184621933449 -0.3917311306447799
2.7656816973644838 3.603228860896771 -0.2883748668596924
2.7752616639521475 3.586440842615839 -0.2880831241423905
2.782552945025792 3.5730139852022287 -0.28785295927481397
2.78870302176549 3.561688619522149 -0.2876594429035772
2.793091489003291 3.553607257702741 -0.28752135379237737
2.7964249482275414 3.5474686940420335 -0.28741644041816833
2.8354583799222173 3.3718133727502244 -1.1610630706057927
2.855643582211731 3.3274187421436183 -1.1704675220810041
2.832171307624944 3.375652533737139 -1.1749958536282676
2.8442373254096767 3.3441474039400476 -1.2114847942928164
2.8974945349283034 3.3485541689725213 -0.29021903326869797
2.9096846404629773 3.323027182007435 -0.28909448315940867
2.9255182260835837 3.288546778043309 -0.28757317722819653
2.942200891490481 3.248326828477447 -0.28579121986659173
2.955361795229438 3.218826037465705 -0.24762123867541283
2.965651744873884 3.196593574780702 -0.20403701395407695
2.9731979468855982 3.1783583069421324 -0.15814952576409674
2.9820856169380647 3.1566022551318187 -0.11406026334906935
2.9927628423588306 3.1302961766578132 -0.0729103633548661
2.889975650125455 3.3642990486544484 -0.2909180792551786
2.8877762929373247 3.368904666191521 -0.2911209691874725
2.881569039353326 3.3844581388148556 -0.24401030008908517
2.875893777179962 3.400382594994438 -0.1431063077345384
2.8681833947057114 3.415524017033267 -0.1428166802007475
2.8603235219066927 3.4309589351966374 -0.1425239132994152
2.851766817041225 3.4477622739352713 -0.14220488859592006
2.8418218033234774 3.4671941457593185 -0.1460705035928032
2.8377655913242243 3.4751597208409524 -0.14581717289604368
2.951935110389591 3.2199647057643372 -0.3876084612933783
3.015028565296649 3.050516271738134 -0.4323238089413032
3.005923632020737 3.076673262781734 -0.43080558509123673
2.992526858327714 3.111763414457085 -0.4287331221703901
3.0115729747942552 3.0612082432611127 -0.4317228772196678
2.9984120261758225 3.0963486847194654 -0.4296405682782269
2.8151915610708818 3.1888912320818403 -1.9624497103202287
2.8260945977315424 3.1505055069424097 -1.9925074962897669
2.836770719192325 3.1120212275377597 -2.022535388561124
2.8095692092404154 3.198201128615141 -1.9726879364266923
2.8082836744316553 3.1816485164146964 -2.0198128605857084
2.800707262342905 3.1791533659033333 -2.0691332592825846
2.7907720493781776 3.182639546730992 -2.118038688587844
0.459718444746487 5.0878523846557435 -1.4503143286007962
0.4587742672451875 5.086881741310614 -1.4612851474783684
0.4578388674726839 5.0859129264129885 -1.472224249352639
0.4567919646702978 5.0848302379329775 -1.4844515812169425
0.4555662928719195 5.083462769387534 -1.4989187136649713
0.4539925301779813 5.081506047790584 -1.5163921483826022
0.4520947048630246 5.079146054200681 -1.5374664778581293
0.44984797300337565 5.076346183708627 -1.562463618592245
0.4015717966929732 5.081190122349601 -1.5755425283021847
0.46098030549448055 5.089155334946972 -1.435596351681231
0.4175955546448905 5.097698854717667 -1.412680496282749
0.3757427911819037 5.105675021129887 -1.386726764358827
0.33448229956837944 5.113011660126702 -1.359590833591158
0.2595277267437695 5.123678792915186 -1.329281016831098
0.2615787219165871 5.1260782622049055 -1.3053947637178334
0.2636426687423831 5.1284538415733865 -1.2808882290812966
0.26582033096546387 5.130456434007334 -1.254924481842569
0.2681589220787492 5.132604667715476 -1.2270695543029975
0.5904457783775876 5.025296264296276 -1.7730747440169736
0.5414046317456532 5.034413260176979 -1.7752003215383292
0.4921588959086563 5.042409132540975 -1.7771816386459964
0.5928523551272022 5.022744392639651 -1.787582477762757
0.5541381270458151 5.0259968303577445 -1.8189955769388788
0.5264721611625643 5.02532262562826 -1.8605745286954773
-2.347185569641932 3.6118481577088217 -3.0211050197847857
-2.3473394242223664 3.629301530077483 -2.9805941960758475
-2.3468706708809703 3.645419435771567 -2.942009179613135
-2.401140936602728 3.5863670068843403 -2.8934189405804873
-2.409669067421589 3.593577785426034 -2.848109166128596
-2.4171696404702367 3.6000719370209255 -2.8031703463229944
-2.4602127797707753 3.5527838930774136 -2.7548153070952455
-2.466990319964106 3.5606472291677624 -2.7115226541499906
-2.473336731660214 3.5682077642596295 -2.668314120390532
-2.347099315757553 3.609465776569154 -3.0265139815022657
-2.347471379945472 3.6247909536685743 -2.991389412405725
-2.347166215723641 3.6353643409901943 -2.966069238279589
-2.3467734742597757 3.6488299024801867 -2.9338377245264136
-2.4025933558426655 3.5875944902451167 -2.885703555904139
-2.411381276957447 3.5950105265546335 -2.8386432703691
-2.4192196071825482 3.601851670363519 -2.7906407151479438
-2.462780296364922 3.5557633386054297 -2.7384134899243984
-2.4703258296380937 3.564517345101566 -2.690215982218579
-2.43823381314235 3.2998387725612077 -3.3388903651303834
-2.4451030961815343 3.306440436178749 -3.304887763573084
-2.46659137296197 3.290947674684196 -3.262504029450537
-2.4866339560423634 3.279186618139343 -3.21824697343454
-2.505217508288565 3.2689237494324312 -3.1730031306761872
-2.5436519267899755 3.2193971425912933 -3.124201866696955
-2.553700581373679 3.228200343142902 -3.076227948798546
-2.5627761035174785 3.2364968830877388 -3.0281915267398034
-2.5712852711543044 3.244447728552984 -2.9811227350533422
-2.4405027886699937 3.3020190899548614 -3.327659514507499
-2.462913870639144 3.2839549904597067 -3.286829656333759
-2.487659499116398 3.256119009981753 -3.2536250364985415
-2.512272759591029 3.219388033389234 -3.230481173107196
-2.537374169697741 3.1648027539317853 -3.23209849392064
-2.5571929925209393 3.1374286181653237 -3.208374434387131
-1.5664326403501374 4.37499799726294 -3.0276570294541605
-1.551121327342658 4.3974070450058145 -2.9856657044419137
-1.5358807468243123 4.419871677545122 -2.943697956348155
-1.5199465403874286 4.441254122463429 -2.9014211989201875
-1.5039973924840242 4.462647489778453 -2.8591387766054295
-1.4880766653249704 4.484064380968478 -2.8168647473919104
-1.47170074839043 4.504706554224067 -2.774397492505619
-1.463840752321431 4.532026437326711 -2.683018786946297
-1.4407548614052978 4.546274147153091 -2.68093999255039
-1.5788066904797553 4.368323532878535 -3.0222977412425056
-1.589468290018445 4.375326473336811 -2.97395049332457
-1.6122294185126778 4.37328220729384 -2.9294548507026703
-1.638786106196404 4.367184017612998 -2.887589414873877
-1.6695730468188636 4.355791469711774 -2.849967742561537
-1.702675422776502 4.342089641269172 -2.8150879400949282
-1.736968447168438 4.326340653544806 -2.782348550288253
-1.772159656920312 4.307736582010987 -2.752081320657073
-1.8081980122538333 4.287999823977522 -2.723617384019798
-1.8509682125446922 4.150254308991099 -3.060094880314878
-1.8842635871121203 4.132620384204998 -3.027253194979283
-1.9166520941400196 4.114033755763821 -2.994078271522475
-1.949103922088274 4.0953196222824175 -2.960894146806615
-1.9813811006250257 4.076649015626828 -2.927695319533314
-2.012509155114563 4.0568631390540855 -2.8941135195726
-2.04357995224217 4.036873478662189 -2.860497098464545
-2.0743620776242837 4.016645448663528 -2.8267682078811336
-2.1079207556192747 3.989533676538271 -2.8015695663101776
-1.8554147547599906 4.142639130911768 -3.072118442518635
-1.893724814900529 4.111227222590409 -3.0663481357604856
-1.927796895160485 4.075897848714999 -3.0752731765649592
-2.008687661656266 3.994505521528986 -3.087281468696422
-2.0050510277404365 3.9893980702549574 -3.110308181837149
-2.0297839899759587 3.9544514032588594 -3.1359868242285946
-2.051246640910191 3.920990171459211 -3.1659950672727684
-1.205462512202949 4.480131723656261 -3.35953874891318
-1.2151163887777912 4.48980273317204 -3.3115076492287083
-1.2311588269240477 4.502673866872143 -3.242329340224319
-1.2266936395139905 4.505178556459145 -3.2413467989850635
-1.2219860752742373 4.5078183371875 -3.2403138065027024
-1.2167241495351568 4.510768703817785 -3.2391600799287215
-1.2106456015697598 4.5141767373789445 -3.2378280124229124
-1.2035073252060617 4.518178764860603 -3.236264243713188
-1.1950679094535228 4.522910151554787 -3.234415822473111
-1.2180387279440978 4.472880088239776 -3.3629199247998214
-1.2515071129156192 4.467186570721785 -3.3263256224017335
-1.292403862122899 4.453900342436773 -3.3010451317441816
-1.3349276617187207 4.437557662735685 -3.2806856975407865
-1.3785725909435265 4.4161343053983195 -3.2693443895785013
-1.4223780525092438 4.392977968402222 -3.2632561913898974
-1.4652707170260457 4.367654590005287 -3.262935102540499
-1.5044626763184146 4.338983461980615 -3.2721391674528397
-1.536599701716014 4.310476089870342 -3.2950286916593607
-1.049848004054477 4.339944335394456 -3.959586728252055
-1.033451045129077 4.3285447362144955 -4.005192202507592
-1.0631734955339842 4.333581118878746 -3.9604474851536327
-1.075438032902681 4.310595267462251 -4.002807634818339
-1.1188078651832156 4.275777404992318 -4.037797640925224
-1.862198949114481 4.036027311168642 -3.354011577359475
-1.8663555317773315 4.032463754020923 -3.3528575962726657
-1.8701022029202694 4.0292516512513625 -3.351817353187712
-1.8720915758320675 4.027546118034353 -3.3512650157517756
-1.8743985179119338 4.025568318194918 -3.350624526351649
-1.877337415508657 4.023048712354856 -3.3498086204055673
-1.8802659667065458 4.020537992260301 -3.3489955476703432
-1.8825444712783128 4.01858458785139 -3.348362914930023
-1.8843524763917516 4.017034540357207 -3.3478609455542507
-1.8484183976376292 4.047008904068893 -3.3575455982865363
-1.8268208607362202 4.063602304130244 -3.3628537324055863
-1.7975596914631842 4.086083996317525 -3.370044547127096
-1.759578258153188 4.1145259808967936 -3.381345736975249
-1.7216802355715992 4.1458902168295895 -3.3812875595212666
-2.1553489768813425 3.7958167768834223 -3.1838813429585198
-2.1743794457652497 3.7777723348200274 -3.173579332782528
-2.198626757214576 3.752452690666099 -3.1593717841858187
-2.1453125277539615 3.8051883987102206 -3.18920755946852
-2.1460588829089247 3.804491495619878 -3.188811447012641
-2.1481176820793593 3.802569183272702 -3.1877185961497854
-2.151267434150156 3.7996285812927058 -3.1860458014960624
-2.1538268318771645 3.79723850314087 -3.1846881048974436
-2.1550393700747748 3.796106058730647 -3.184045189721869
-2.155633378157438 3.795551400211603 -3.183729952908092
-2.156795432632976 3.7944663404686043 -3.1831132186212447
-2.1607865402969146 3.7907397256731747 -3.1809948975619218
-1.7272759422661759 3.785659711960236 -4.172956317866586
-1.6890458161229345 3.815224675657939 -4.185239732821835
-1.7297695812241023 3.7907998328762207 -4.159185139790453
-1.7003511020973001 3.8272988939141896 -4.142149095397359
-2.4908468641053463 2.995153252751358 -3.607879727063072
-2.538536984920319 2.9031910016148035 -3.5721623228019004
-2.5445462296320174 2.9078120519713857 -3.5476668712198305
-2.550452155558058 2.912444865740174 -3.523485509035258
-2.570516105639914 2.8696034489132183 -3.5076929744085326
-2.585323456574725 2.822169828380828 -3.5091026555753655
-2.490077324781725 2.986594166849895 -3.6200823446650845
-2.527787608271485 2.8950872715524976 -3.612955202192654
-2.5227242502539546 2.891379818694542 -3.63119448800463
-2.51422313902415 2.885137739359008 -3.661834450198594
-2.513888779805309 2.8499918632246457 -3.697342866373755
-2.510981389274771 2.8188050751566447 -3.73629032002672
-2.4985102173478397 2.7631737446078053 -3.8214835782662204
-2.481768165206406 2.7885795749067 -3.8477591189816365
-2.460958304363223 2.818221625030408 -3.8785579362320273
-2.4490949514315696 2.9170698294099897 -3.8140679643942685
-2.453347149464442 2.919772595092913 -3.8000236856782816
-2.4605200420679747 2.924359559726827 -3.7763057992918547
-2.4706330255834206 2.930798577180281 -3.74232582288541
-2.51904268564376 3.105688883551621 -3.3806084726259606
-2.518438297251643 3.11535037064075 -3.3693012048716837
-2.5586878115694445 1.5451913655734422 -3.863234767009456
-2.57293124097411 1.5358708260130303 -3.8169638885308483
-2.5953679876661964 1.551661644195919 -3.7591436399083817
-2.60454014150619 1.5290434936156947 -3.722251457007058
-2.61210109134577 1.5064505333355704 -3.684474221702186
-2.629491486244564 1.5185903579948483 -3.6392526488037236
-2.646093912689442 1.5431488394013562 -3.599032774146332
-2.661789201527428 1.5769321345515204 -3.565768575962316
-2.675963333163338 1.617819594667902 -3.540470250525623
-2.557168218168107 1.546164582584884 -3.868158737740603
-2.5687890509091442 1.5386254177194283 -3.8304462196775915
-2.5859899155621444 1.5743649848513452 -3.796140374259034
-2.5864870589173714 1.5732310414788948 -3.7942083868236534
-2.584646726624354 1.5777520137420764 -3.8014961733598076
-2.6166371710257526 1.7175527081264685 -3.7663106747763697
-2.6151686439351374 1.7193007006736287 -3.771388148380238
-2.61283551714478 1.7219248493035 -3.7793906352041566
-2.6101666149194367 1.7249478940135228 -3.7885537474643227
-2.6020443928568096 1.8796503757357064 -3.845959754075276
-2.617083616799177 1.8990604355414988 -3.8025152047321065
-2.632116317268709 1.9184108697924682 -3.759085291931986
-2.6470413305731255 1.9377773205178617 -3.7155822809020203
-2.66176958826367 1.9572459876540504 -3.6719804166450105
-2.677233641536573 1.9661006741886302 -3.6253275190452747
-2.691571499929369 1.9557675835490134 -3.578707684057514
-2.702477245242686 1.9269069394274991 -3.5396543171311765
-2.709048259371431 1.885135382071536 -3.5132362498421617
-2.6025447426218755 1.865263332069211 -3.84219539198901
-2.6173093151151554 1.8528737244346094 -3.7961754615436245
-2.6291460355200944 1.8262259065738962 -3.7556776358999726
-2.7411216028953236 2.678975860236374 -3.111785194397069
-2.7557122794600812 2.670854761965115 -3.0646572081137293
-2.7697044912304314 2.6626022022556732 -3.0173862573218257
-2.7834036297319873 2.654254885357931 -2.9700373230623307
-2.79710532341012 2.6459001649025895 -2.922685444683743
-2.8106958490858296 2.6375320977276133 -2.875324898192222
-2.823516080765656 2.628974012187465 -2.8277861781942524
-2.8363422991973097 2.6204179043307323 -2.7802192170037965
-2.8491659142038928 2.6118679444853834 -2.7326539210098333
-2.737615989884672 2.693437142534775 -3.1105601867790345
-2.743426467776272 2.715708760819189 -3.0661930999879754
-2.743872116685565 2.750131258496691 -3.0299277891236542
-2.741767587980108 2.7883939012827446 -2.9978745547641994
-2.735410388899908 2.830356561150645 -2.9715728543373023
-2.727595287608246 2.874165429866936 -2.948783318000774
-2.7186616076458603 2.9188380685197957 -2.9282937455245657
-2.7070630447898765 2.963905788887934 -2.9101037697369176
-2.6981241562820233 3.006181179917624 -2.8850972013473744
-2.7829336564681144 2.185711351481554 -3.242102311842531
-2.7961764823852646 2.1807851767398865 -3.194149952010808
-2.809433529455779 2.1758435304536254 -3.1461972811447967
-2.822574510910452 2.1709221058508175 -3.0982292610655517
-2.834880963808703 2.1660024488770415 -3.050049784014098
-2.847285969891083 2.1610403347441047 -3.001871858509686
-2.8596908945685335 2.1560707973951496 -2.953695392365502
-2.8714408261082593 2.151053975837895 -2.905367278195283
-2.882725987112416 2.146002885494528 -2.8569321027055534
-2.7827443317114247 2.1712631957976045 -3.2458807764803117
-2.790613977466156 2.1153954988845918 -3.2286076308539977
-2.80191461635986 2.085065015562707 -3.1931788882222367
-2.8113136702239863 2.0566519793758777 -3.1595498511747055
-2.8192890658519576 2.0305378191427623 -3.1286206429995795
-2.820869752119958 1.9811223300653638 -3.121285333428542
-2.821474390986254 1.931285338007113 -3.117636657901567
-2.820959224329589 1.8813751525122928 -3.1159510797655283
-2.8179314571232736 1.8315295542254564 -3.114949765087093
-2.7379439953680667 2.02980597741532 -3.4235278049538165
-2.7391393977292684 1.979864817780142 -3.421871890528034
-2.738879029872509 1.92998707826353 -3.419820847269388
-2.7429590933449464 1.8851033388898557 -3.3984611450530062
-2.750774748404857 1.8484157583598062 -3.3653611728000037
-2.760189136041039 1.817989955308346 -3.3269602504633227
-2.7696400525121163 1.7904619569783646 -3.286461455681981
-2.773922170755393 1.7495872910335213 -3.258425182729722
-2.7719244339785867 1.7011064119005173 -3.2472579489290205
-2.7337228322175027 2.031451453920712 -3.437752903836779
-2.7261790714477017 1.9902382576782696 -3.4650330076416833
0.21498092650313108 5.097668909364816 -1.594216403685857
0.16743919863994322 5.102818835900265 -1.579816995180514
0.11979141835057763 5.106146041275968 -1.565200625525461
0.012443986179438806 5.1112521369297195 -1.5454772411202968
0.013331024346178088 5.1124859424259075 -1.5355696658511588
0.014198666256107455 5.113724731225435 -1.5256203543325177
0.015119142875517931 5.1150313998802694 -1.5151262629669195
0.016121842094543676 5.1163484994187725 -1.5037002429520072
0.017237302372972704 5.117623517775614 -1.4910489003418332
0.2126960098161678 5.096103633048148 -1.6088919820368983
0.16592641779417544 5.096935786288553 -1.6263049152341968
0.12665790983791297 5.094657653225838 -1.6570126822444233
0.09140364862002186 5.091629741668322 -1.6922412781787195
0.06220726598944161 5.087620905753501 -1.732554615888802
0.020340840280049847 5.08403080975444 -1.759403182914052
-0.028599019834236843 5.082889349791379 -1.7684549185645388
0.07841063522732866 5.063873700926791 -1.8998788977946601
-0.24312392964427068 5.084130118406413 -1.690769983043148
-0.2848700594833884 5.083439316020469 -1.6633644192056043
-0.32690557887963195 5.082720229665603 -1.635951319385071
-0.36865640092705515 5.0814555572224105 -1.6085050507919727
-0.4072704224837278 5.080839329365672 -1.576791444649558
-0.43906838355883027 5.08094711444058 -1.5382222845698166
-0.4660553898653506 5.081434299531508 -1.4961803400203522
-0.4899185417813269 5.082476403269417 -1.4523387397212375
-0.5118790889555076 5.08394505568391 -1.4074606147285462
-0.2333117933058949 5.0861592661644 -1.6797467499441794
-0.2517220963881316 5.090598443628442 -1.6335006218945998
-0.254945161892728 5.096355106665211 -1.5839575069616891
-0.25159303582504594 5.102266731868832 -1.5344358639324986
-0.2403941349112441 5.1082642415345285 -1.4860848896368983
-0.2252670981671906 5.114423588128876 -1.4388264428790962
-0.20683452135206207 5.120666526762801 -1.3927638351827116
-0.164398666386382 5.131896628100502 -1.3128509754589668
-0.19118110568455932 5.133893192738143 -1.2756891835707822
-0.40833766531523047 5.0485073448232765 -1.8211329005634522
-0.5151222567625438 5.031424782463851 -1.8307018211341721
-0.5157182494142807 5.029150418059364 -1.845309894978937
-0.6336300292545135 5.005847583820212 -1.8524623447736672
-0.6342320920133785 5.003470369664108 -1.8690708737151331
-0.6350188641262452 5.000299806321902 -1.8912454757335295
-0.6350641341026189 4.998481126110208 -1.9026858681277066
-0.6347883192208823 4.999628561266838 -1.8958432097397329
-0.6343892693799704 5.003226639944587 -1.8706365799641678
-0.41046919738493115 5.0502347318783265 -1.8064550697436732
-0.5131913633972162 5.03862325928069 -1.7845220886840107
-0.5119490611367727 5.042559957565697 -1.754922258084565
-0.5101722080212435 5.047697754818859 -1.7163463072230438
-0.5312475267965977 5.050168269926374 -1.6711490736772912
-0.5600356874590353 5.050263399881086 -1.63036800551069
-0.6014574881618859 5.045107247796562 -1.60296940365493
-0.6489315475070081 5.036936252114336 -1.5899825936621022
-0.6978100627311985 5.027263298404592 -1.5868736319664851
-0.09212698709861288 4.836007315801002 -3.0580599035449163
-0.061636601436231404 4.8413382749519895 -3.0424673237191913
-0.02506100240010435 4.8464742172211945 -3.0234017162317075
0.015062222178177738 4.851215588064616 -3.002345635614429
0.08780741767512495 4.845126411747179 -3.023670784327946
-0.0815843742828983 4.837850411579857 -3.052669205665798
-0.04570747160640443 4.844032463764728 -3.0342446045050284
-0.007397793955973891 4.848564165213735 -3.014121452873296
0.06521489101611462 4.8413412014710575 -3.040039346141502
0.09147565761997555 4.845717019240047 -3.0211102065729856
0.7876350753962725 4.979261391195434 -1.7815589030335914
0.7701473779448754 4.989748497544772 -1.736712247124729
0.7754014849687062 4.981256233289718 -1.7891078420913529
-1.0503756432329658 4.86281738467383 -2.004051873018434
-1.0793041393433962 4.8582803402755985 -1.9635860942299088
-1.1077898092709855 4.853940786089029 -1.9227795918218173
-1.1358127692249773 4.849054903834856 -1.881702389296063
-1.2084397698489597 4.826781419801835 -1.8373701381364898
-1.2080382233620608 4.832574559609917 -1.799321977818267
-1.2074786081924744 4.838080367756374 -1.761282674303423
-1.2404376412181133 4.829073554544653 -1.7248195579981325
-1.277191042291658 4.8169386066232125 -1.6932217551650974
-1.0483520729182585 4.863056287938336 -2.007359776413774
-1.0712917400165802 4.860362084418612 -1.9697750861893806
-1.1127356886710278 4.848338509852463 -1.9454013903304364
-1.1585830770811272 4.831187712249327 -1.939626178750239
-1.2041799600851835 4.812099323442066 -1.9394560785499129
-1.3198193972736498 4.760680173020443 -1.9370367689889636
-1.321253752679688 4.756192987729949 -1.9586155199333362
-1.3230780503750805 4.750595814777581 -1.9854318438036618
-1.359451816825022 4.727967656637951 -2.0110235718143645
-0.9213263660918458 4.936686483266813 -1.8091009781852634
-0.9473902757191968 4.934427805469779 -1.7691223197212442
-0.9736860032199177 4.930973096466049 -1.7281080325459601
-0.9943587758999458 4.930107207648421 -1.6825994904138437
-1.016323961314265 4.928527172676748 -1.6377320663962183
-1.0334908652019292 4.928336133199873 -1.5907913268039
-1.0364512294964936 4.93352353574615 -1.541141150117085
-1.0279795043718074 4.942661189104599 -1.4927155036083195
-1.0122119141430406 4.954008158355783 -1.4466599637362987
-0.9169642148169587 4.937012960502196 -1.8157407111456392
-0.9334294216922159 4.935784266473448 -1.790653447750327
-0.9514545015557726 4.933895167653588 -1.7627737776636279
-0.9723399555595819 4.931149916901331 -1.7302076645419155
-0.9655944444830785 4.940292979171923 -1.6815296387767866
-0.9432477446056228 4.952827928516212 -1.6386338710502675
-0.9164822408131944 4.9661074927824345 -1.5985749306283532
-0.8836006157762676 4.980543979811076 -1.5638098593908112
-0.8459318019046342 4.995481720539282 -1.534577533216718
3.0792127735380967 2.864954695320717 -0.15306412238243425
3.0721002731757863 2.890643757942476 -0.14897605966289207
3.062543717016015 2.9251607442695504 -0.1434850476261695
3.049679747004407 2.9647273679899593 -0.13706851590763136
3.03687801633774 3.004742038054003 -0.11000797479367536
3.085413850136759 2.844226202787619 -0.11113609126696021
3.0888695017843117 2.833547203964127 -0.06244599278477616
3.092640495851282 2.821236696455031 -0.014157410229862218
3.1234102502831154 2.626983053397688 -0.615182619556038
3.1295233848557147 2.586602484565629 -0.643962234885917
3.1353645167512867 2.5461719827565483 -0.6727305287836471
3.1421610535785596 2.4997094193488056 -0.7013605072277607
3.140365433139377 2.498444855612033 -0.7401728767321529
3.138204096164274 2.496954322649796 -0.7867820273604286
3.121048992779227 2.636997541903098 -0.625955928941404
3.1220389855683504 2.6203814956844917 -0.6730691110487907
3.1197066421537283 2.618749686216721 -0.7229449250462354
3.1183718049178712 2.6092886317343407 -0.7766925648934367
3.113368173912958 2.6220919616803426 -0.8237580110945628
3.1792143605172147 1.646347511721004 -0.12011262382426328
3.181515501193175 1.6629088782254347 -0.07299607265147333
3.1837085552599236 1.6794676734424385 -0.025874976195573756
3.1774533371283407 1.631785642545511 -0.11725703200252384
3.1758739949287267 1.6165418831423548 -0.06967169376931837
3.1722461079890603 1.587561031061802 -0.029096676910741432
3.0855174020137954 1.1716480586540712 -0.35451116201501087
3.07236637259744 1.1242346430873067 -0.34796342308595857
3.064445517814884 1.0944559131144769 -0.30935909778775633
3.053758896466359 1.0560837202186986 -0.28630399318927346
3.0870170286815903 1.1755400177839213 -0.3402974783946351
3.078046559432553 1.1412370139722163 -0.3056302839527395
3.0727305693036033 1.1197491265731276 -0.2612087196458851
3.0711218285618256 1.1099573344585059 -0.21250429921784494
3.0727659429435943 1.1112944446220006 -0.16274774782524298
3.0757482166904206 1.1196921802365827 -0.11370084897711574
3.0807854827831367 1.1377105499051332 -0.06746906792315382
3.088366655731622 1.1645825192828558 -0.02617578248891633
3.066353837013738 1.1624394396303885 -0.7618190953200347
3.0625278892618493 1.1522720310720316 -0.7754495041513526
3.0577583593716313 1.1395924165319544 -0.792417349952621
3.052351775873392 1.125219834260598 -0.8116547478606347
3.03911917115888 1.0786529620151466 -0.7994618971711525
3.0691765718983794 1.1708162822323247 -0.7505617573717769
3.0672223278653714 1.1647476999324704 -0.7587263257386387
3.0659444635340507 1.1613530414454056 -0.7632853800977855
3.064312233848846 1.1570141064702681 -0.7690936078775937
3.062648874405579 1.1525923692231341 -0.7750123472232436
3.0610424626267023 1.1483222975173055 -0.780729909635244
3.058749917486876 1.1422274978266789 -0.7888849477628938
3.057659268448931 1.1393285387018823 -0.7927675375579979
3.0560211166901063 1.1349738504197235 -0.7985967829426326
0.7039664697514332 5.100413058166377 -0.7399757758221148
0.7068965938172768 5.101556499384767 -0.7108292254350987
0.7100994425019562 5.102799260482483 -0.6790865048292672
0.7135461389952972 5.103616715434366 -0.6435407015353901
0.7172947728574468 5.10426889019102 -0.6043721665196384
0.6691122393528888 5.117184602784976 -0.5572319962627247
0.6736443115639633 5.118345047482476 -0.5146667395381882
0.6780663128112473 5.118639235066605 -0.4710993310912166
0.6301271237806816 5.129709997792404 -0.43233602083116107
0.702663351165789 5.099905923172975 -0.7529153567951891
0.6539681190507263 5.1105494592711675 -0.7505997322307727
0.6051233908687949 5.120764553008008 -0.7518131906304261
0.5560260452211749 5.129438750003056 -0.7542518588511422
0.5068074617060192 5.137340467212934 -0.7572817230025521
0.45761216994001197 5.145226181987907 -0.7606657448517924
0.4082673008309047 5.151775065946653 -0.7641816537915053
0.35866862375680497 5.157345819437336 -0.7657675410425252
0.30969474846795064 5.163305095534048 -0.7578041212379103
0.93836737377251 5.052504370692872 -0.41268012718416885
0.9224904833527459 5.058579916001579 -0.36566698665950526
0.9066235160298134 5.064652387476981 -0.31864968777511227
0.8907549208502008 5.070678913612707 -0.2716286352512206
0.8745821656293162 5.075627371889411 -0.22458453569429762
0.9194995265316614 5.063464516480158 -0.1820797592490909
0.9229169804792833 5.063269904626672 -0.13536139569891595
0.9261536019364797 5.062253729413492 -0.08782322348573507
0.916910203913261 5.064844301965135 -0.0387234313551881
0.9523391169248901 5.048113493947125 -0.4097421968701776
0.9665015951800732 5.0446296164144355 -0.3619301300010956
1.0111841211077777 5.031844752134476 -0.30276952291099357
1.045310638051916 5.021035162475933 -0.26785678683586633
1.0844460636690083 5.007422306405081 -0.23993569090250952
1.1288746627092823 4.991979001245486 -0.22309072782282915
1.1745474307910226 4.97440805184646 -0.2130647148368633
1.2205221713328815 4.9554582433535135 -0.21177743911623942
1.2639514048623914 4.937095850278249 -0.22643404316014104
0.8190928007385102 5.043610532196169 -1.1426771300470047
0.8207501264430737 5.0443255524122845 -1.127409698482226
0.817097572109098 5.042572663938649 -1.1607323935863003
0.8155051803666437 5.041599457732522 -1.1746067337130321
0.8139087020869551 5.040624120803246 -1.1885129899560687
0.8117737654040413 5.039320057888717 -1.207107173420556
0.7646032482297682 5.050102714460303 -1.2196742544082875
0.7173296274863938 5.0607031292247076 -1.2319359332101731
0.6697961926502652 5.070208403787683 -1.2439938341339838
0.6220337291011694 5.078709873948553 -1.2559237401341499
0.5735569745893776 5.089050391045137 -1.2498957300819626
0.6219830288537614 5.100514578060226 -1.0060610031994155
0.5826456158753931 5.1054637671832745 -1.0363919981452487
0.5453850829573583 5.109804209756353 -1.0693736191607657
0.5089883536238559 5.113581830674646 -1.103369972618019
0.4668120235286815 5.117494055652718 -1.1298335271314797
0.4184028349916401 5.123771424606169 -1.1401265587955955
0.36910634465331876 5.130120463140252 -1.140428755845867
0.32318195283582224 5.13608233497188 -1.1232528459125424
0.2880460835320802 5.142405515989776 -1.0895016205928243
0.6208139483781403 5.099800129165873 -1.01750576300842
0.588489440314556 5.102802701974551 -1.0554541794849563
0.5669070927056858 5.103207921081807 -1.1005135519506113
0.5583326838198989 5.100834929824042 -1.149685173136947
2.358534050643663 4.160573545894255 -0.12942754958454725
2.3901504683059214 4.125604389151143 -0.11319917223732445
2.421713473347213 4.090551501416276 -0.0969680410150726
2.452274229011885 4.05456070068099 -0.08071325266978907
2.4823139037301725 4.018172235545194 -0.06444881410355027
2.5119618002996167 3.9814712954494795 -0.04819142676984383
2.5406059799649023 3.9439506613449318 -0.031907776567100914
2.5692542608660687 3.906424615060656 -0.01561055973786159
2.354045411465768 4.165831570231453 -0.11621635491510011
2.373557797101436 4.1448310652073195 -0.0754732613542242
2.383850711871904 4.134247359043752 -0.02784651276029216
1.8139489450554014 4.635001973774534 -0.15438434216896318
1.8161870108678773 4.633739954075298 -0.12790214163066074
1.8190729395087013 4.63162697538645 -0.09104505809037601
1.843130904465453 4.614845896464346 -0.05060013726503518
1.8640718264021137 4.600214825454514 -0.007643092731905272
1.8145193423638446 4.634766233401538 -0.14811637552423085
1.8163515044037464 4.633619333456409 -0.1257424169575133
1.8183562288872275 4.632151473921181 -0.10011752337501899
1.8191472583371417 4.631572156645449 -0.08996623490645053
1.8201016369851208 4.630873378236719 -0.07777281425234436
1.8561566529197373 4.605839512695336 -0.05413158318939136
1.8947014992057554 4.5781532883440645 -0.038783853456906714
1.934414800626286 4.54802113167896 -0.03657661891664141
1.9738386708368891 4.517585984463357 -0.039520696248692526
2.3641111787526854 4.15304270145838 -0.23418050905922153
2.395598571061946 4.118094365876256 -0.21791032531181911
2.427550979507853 4.0815691357510655 -0.206882150225001
2.45946122051392 4.04384177689475 -0.2132815958938098
2.4882967460236727 4.007999067801879 -0.23235212213559173
2.513105168189565 3.9757683623254203 -0.2611528291767477
2.541949285611931 3.9370820486171882 -0.2869201621348222
2.571992372755574 3.8977656709978388 -0.2883029748367622
2.5998439992833204 3.859678894021349 -0.28962349335561494
2.804449904671612 3.5326906193108143 -0.2871663646284223
2.819380888308491 3.5071314789679717 -0.24683237049318016
2.7972929294667326 3.545870161845732 -0.2873921106667618
2.799822448873424 3.5412120732166064 -0.287312083265987
2.8024819698212995 3.536314587836357 -0.2872279431759319
2.804676174057468 3.532273978522327 -0.2871585395114567
2.8073175755589803 3.5274098597298016 -0.2870749771979378
2.815598662762394 3.514459168733704 -0.2394835952791405
2.998953131951703 3.1145918357950277 -0.025874577531806307
2.9940581989370374 3.128404508816933 -0.02298139167758968
2.83918311690027 3.472375869634153 -0.1459121655823903
2.839851971767355 3.471062375055548 -0.14595392300811869
2.8405911043889733 3.4696108705468705 -0.1460000003054687
2.8422959379916506 3.4662629280739368 -0.14610626710895086
2.8466518648859047 3.457708783978821 -0.14637777207801933
2.852452943582413 3.446415020533614 -0.14222554558597503
2.8587784778162773 3.4339931584651544 -0.14246186176145667
2.8642127405214337 3.4233215471206746 -0.14266477309272244
2.8696703320844787 3.4126041219199212 -0.14286860883427366
0.2265589401817662 5.13827256702522 -1.1999671451735312
0.18487840311737558 5.143267620194246 -1.1728351245676079
0.1431795930319044 5.147582325509507 -1.145659288729835
0.10367915416529194 5.151722913784995 -1.1177085641784212
0.07841219665078214 5.155621269266497 -1.0844612291127933
0.054802237803133334 5.1584432503661395 -1.0532375898172222
0.0316368708011336 5.160742438502948 -1.022702513336676
-0.016957997761044695 5.161512137860617 -1.010938064769104
-0.06389177917678356 5.162610284375099 -0.993913857171436
0.23652944822269367 5.138730325485733 -1.1888513234210059
-2.53214447586425 3.3426318696643427 -2.9453307382095057
-2.5386586322468876 3.349304262419478 -2.9066144430727032
-2.5446422993487117 3.355575825561664 -2.8698365673184263
-2.53473846620731 3.390124676113585 -2.8350960688663944
-2.5294416610177133 3.41891972130138 -2.794612242299328
-2.5334296820703024 3.4340126087209173 -2.7471726582884144
-2.5469752240194476 3.4317658674425426 -2.6991866211271343
-2.5668225438636094 3.414953441638902 -2.6565687705401104
-2.5894135906731472 3.3874824147053584 -2.621484354246637
-2.5764560781744565 3.259315472250307 -2.933765256604064
-2.5817815712490653 3.2739772754503003 -2.8863605056830197
-2.595322940901398 3.272400128231945 -2.8382566913028984
-2.613434865301525 3.257587278596995 -2.7941054503662013
-2.633423583808276 3.2361930735324704 -2.7535699304146553
-2.6543824467057053 3.2115642105559923 -2.715427738007642
-2.6769818086853356 3.1751175384769454 -2.6897911067447
-2.6986820525627344 3.132961914894292 -2.67414555174165
-2.710977477210638 3.1204473315088967 -2.6433377468951282
-1.423203622428531 4.55709873889387 -2.6793569948197677
-1.3944217161540418 4.572781945170274 -2.676463501345495
-1.3588084246207532 4.592186405468848 -2.6728880412630565
-1.3231236408619258 4.616769205722715 -2.647926699367017
-1.2849929678955319 4.640796459477671 -2.6263734254871176
-1.1941739669659777 4.69724556480228 -2.566903770571028
-1.1890779634109316 4.697989805058773 -2.57419052346
-1.1834458153449934 4.69856749101677 -2.581937789863826
-1.1772895080171668 4.699198305751239 -2.5904088944376986
-1.412267105067764 4.563058333390501 -2.6782562517821664
-1.3800619092308264 4.580606806547861 -2.675018930070421
-1.3503733190914249 4.603938051173363 -2.6422752866708956
-1.3314803308702643 4.623805561055028 -2.600555404923835
-1.3199390156994184 4.63997485858771 -2.5548437980400203
-1.3177843406969725 4.651731625547912 -2.5063617214763343
-1.3200007584945455 4.6611895809384984 -2.4573630848616372
-1.3314546405884409 4.665912279144145 -2.4089452020405893
-1.3493797156542289 4.667122743654896 -2.362302768266892
-1.8463540905254996 4.263670075001832 -2.7025016354340488
-1.8835596982226779 4.238134794394825 -2.6810522581201024
-1.9207681528879126 4.212599889707898 -2.6595930494129467
-1.9572289254848974 4.186280459000979 -2.6379214270917672
-1.993240702118742 4.159189718698593 -2.6160426539872383
-2.0291779289155896 4.132165797964656 -2.5941698356357494
-2.058209493820139 4.115159596751596 -2.5573173307482726
-2.078294542337801 4.1076544271526005 -2.5122353658003296
-2.0963413011945202 4.109309674088886 -2.4401706953308637
-1.8414655114046399 4.27100758765655 -2.6904510741746273
-1.8655945962547615 4.262551913314416 -2.647524216330471
-1.8790404195148203 4.264126922134626 -2.599427717628187
-1.8878237994903617 4.269790559160597 -2.550545861714834
-1.8904608695841887 4.280541452300399 -2.501788138747488
-1.8898048542266024 4.293819996447668 -2.4535939266152242
-1.8858788096006884 4.308755325461817 -2.4060580380150207
-1.8786890247333157 4.325262635487908 -2.3594249365721285
-1.8698659768711103 4.349220530861186 -2.2859253750815727
-2.142534057814124 3.959753898497356 -2.7812657688681535
-2.176280373905175 3.929189857098456 -2.760718128203292
-2.208996380594536 3.8978107130479653 -2.739869194147283
-2.2418161276441775 3.8664093051940114 -2.719009319648391
-2.274191377818934 3.834754103417048 -2.6980740865676056
-2.3055629026868054 3.8022575194243746 -2.6768652277653526
-2.3279155077383065 3.785750534745077 -2.641079213817921
-2.3312009091902266 3.7968793618602033 -2.598476666317155
-2.3339435416272027 3.8085527292070345 -2.5504099510355065
-2.1388421358079936 3.9675206434021666 -2.7690566747205363
-2.1627924595527412 3.9559009765518014 -2.726752916429461
-2.1770402455745486 3.955156540451102 -2.6788654813890713
-2.192189262444523 3.9550851886330625 -2.62507205110615
-2.1797228793740167 3.978729042749919 -2.595424951681759
-2.165480584431332 4.003644890355508 -2.5630594849168573
-2.155478387897847 4.020639492959993 -2.5407230075339626
-2.1512051706255666 4.027895293060134 -2.5311962626012408
-2.1519167977820026 4.026683612470008 -2.5327940535698765
-1.1757115943167908 4.533764510947713 -3.230167594520489
-1.1458420071527524 4.549300495387829 -3.2234523302848928
-1.1093290681339403 4.5672363812175005 -3.2150609397074867
-1.0752060982055425 4.59003553995365 -3.186408994676413
-1.0562689194870487 4.610169141228795 -3.144722629549769
-1.049505954148345 4.625560008264465 -3.097712537929118
-1.0501413175572178 4.638353616853346 -3.0494941750229203
-1.05487989372605 4.6492897311373165 -3.001101411958421
-1.126749224412361 4.640586137085719 -2.9232093075831513
-1.1878659723750669 4.526950758441701 -3.2328285048580434
-1.1776682053987104 4.532667566049102 -3.2305961718286196
-1.1712313809847588 4.536276158533483 -3.2291866360319736
-1.156730188457153 4.543951116650775 -3.225957703328641
-1.151120714994256 4.546706971644949 -3.2246672626872006
-1.1553412105919194 4.544633886792276 -3.22563684670557
-1.1699472213991273 4.5369940196100895 -3.228912280989638
-1.1741568155602864 4.534633360938428 -3.2298363888287205
-1.1752891126090186 4.533998585688383 -3.2300843073182186
-2.437993745460293 2.8488996095858297 -3.910223772479697
-2.4384920368861227 2.8482297369816325 -3.9095407736503147
-2.4271378317645453 2.840101882152563 -3.947841694521705
-2.413258959819743 2.8341080837845305 -3.990827863620482
-2.3982840602341673 2.8277427698380553 -4.035768199033478
-2.381902404750938 2.820778955544365 -4.081351359086032
-2.3589848617523552 2.842059693433069 -4.120232470761246
-2.335074702224242 2.8750324472762347 -4.149019850863897
-2.3108856479617272 2.9132302143422044 -4.170126339874351
-2.287231871419815 2.9540117368173173 -4.186595054877416
-2.6866189577744666 1.6652764861167872 -3.5293879364365073
-2.6949216499933755 1.713007160541343 -3.5176610191023054
-2.703215849958398 1.7608323862280406 -3.5058981246537426
-2.6898895841710138 1.6591476553813804 -3.516172471068029
-2.7042187077483413 1.689703902694434 -3.479514975567342
-2.7191641295292426 1.7068002207786188 -3.4351152007091703
-2.7337296233942205 1.7175833284141313 -3.3885830743860406
-2.607173264929074 1.7284091758162263 -3.798860544681375
-2.599758631714147 1.7358935002712435 -3.8219414148507687
-2.589083291697981 1.7470160929706025 -3.85477266585921
-2.6124910819694214 1.7223119012123587 -3.780571881779577
-2.6146951377984777 1.7198057110666236 -3.7730006515308023
-2.6167373919661507 1.7174837526398747 -3.7659853371328134
-2.619923570909464 1.7138583316885772 -3.7550393387279897
-2.626826691273014 1.7059979834801728 -3.7313215822471055
-2.641174514660747 1.722108061325345 -3.692046866064689
-2.6478275082652987 1.705488982562488 -3.6669737677390173
-2.655497281199708 1.6862877546848443 -3.6380572878608275
-2.8625506447227633 2.596123811741723 -2.6871402317348383
-2.87560870001697 2.5798488160447794 -2.6419059926846304
-2.889288056100278 2.5528288884856405 -2.6046658914448755
-2.902358810228669 2.525499381145108 -2.5670061629779863
-2.9144718179956506 2.4977419679089743 -2.5288351675789236
-2.9266068103529657 2.4775448649234586 -2.484740641848674
-2.938409052249686 2.4564636997381015 -2.4409957165948377
-2.949753245052086 2.4348143419688433 -2.3973984151665766
-2.9597842341490943 2.362691839012505 -2.399303065042684
-2.8601411998839 2.6105089443736142 -2.6839039558695057
-2.8498905753150257 2.697433490200168 -2.642927188151455
-2.8578246713352238 2.7030979773613795 -2.5986084760371893
-2.8645377360375 2.708030777674435 -2.5590908887715997
-2.8622636490683107 2.743980407937385 -2.5243845986772677
-2.859353784716425 2.7812436395897673 -2.491147802721627
-2.8557412912695677 2.819071146957113 -2.458717620514326
-2.8505243630650408 2.856932576113497 -2.426534457110391
-2.8451666058419427 2.895062538551964 -2.3946611637988497
-2.693734949544417 3.042008528012367 -2.850713600364434
-2.6877360476335337 3.077263247108452 -2.815885113785593
-2.681748561644632 3.112508053620851 -2.781025033229915
-2.6996636104867866 3.0313920970535175 -2.8420839820040165
-2.706820386988594 3.0426295838626234 -2.7939868581914005
-2.7194913481543357 3.0392781416284667 -2.745823133980619
-2.7341521507134536 3.030257913518941 -2.6989324074463537
-2.7527670464335006 3.0035920700115404 -2.6610486918709984
-2.7715567719800194 2.9670946872520827 -2.6328019353583207
-2.79026286215205 2.926329716238598 -2.6109216554124846
-2.8071396889043467 2.880776702055054 -2.600865654547644
-2.820656774740387 2.8337199291606385 -2.6062027609171317
-2.893566078464045 2.148416506783433 -2.8081863905704387
-2.9043922648320977 2.1508148095058024 -2.7594345521531505
-2.9148092603897795 2.15319614748919 -2.710607747453321
-2.924930287563102 2.1556503770902258 -2.6616970829793383
-2.9409118732276767 2.0797026468509 -2.6054282102323536
-2.9501156246293676 2.0849703192972266 -2.557112714716926
-2.9598013463095842 2.0797181433945675 -2.508343688434896
-2.9690992172484303 2.0553014343237535 -2.465732383344947
-2.9756488141230366 2.0181878247448104 -2.4329701109999764
-2.894205706524574 2.133596197178712 -2.809883562399144
-2.90448074194599 2.1052921540367935 -2.7700047332380464
-2.911479660626118 2.065720836392974 -2.7403030257051966
-2.9174048649711337 2.0222504840611006 -2.7156854460505055
-2.9201103261748744 1.9732532844428134 -2.7060414556597725
-2.918455359753369 1.9235889253270304 -2.7088195171104776
-2.914138061065236 1.8749709092755693 -2.718645769504484
-2.908976931559579 1.8272942860771637 -2.732571306386479
-2.9022719835619917 1.7805285165527847 -2.7486492161955773
-2.815455842797999 1.7769654963749932 -3.1103937611468333
-2.8209296046281245 1.7619199190486583 -3.0850280217714685
-2.8269767537962114 1.745319752236405 -3.057010777235091
-2.8332496738448776 1.7268609948205722 -3.025514856752515
-2.839367005167716 1.7066041172678514 -2.9908244161253106
-2.8404954518040646 1.6637884299589714 -2.9651120017961783
-2.8423671515661573 1.622422368142474 -2.9371174794062593
-2.8389119964317535 1.5740671751091975 -2.9250928470609905
-2.830519460457319 1.524877883004953 -2.9250388605170166
-2.812845617172879 1.782386267690287 -3.122031627116987
-2.8034168304236426 1.7393463019015956 -3.1454680206241457
-2.7640093970124555 1.6528011589945166 -3.2563062493298864
-2.7553360940128293 1.6045244374713006 -3.2651051579717207
-2.7451662029865838 1.55639801857235 -3.2735022795225897
-2.729529464272033 1.4745171140675295 -3.2799228479951847
-2.7170841210255325 1.427196550526247 -3.2894213493416755
-2.7034985217127625 1.3816639165306412 -3.3038948288514067
-2.6869255113760815 1.340996598390318 -3.3263493554192323
-2.7677292485461122 1.6518013205277744 -3.2419107292009395
-2.767951480675538 1.6068991351364776 -3.2203989528102506
-2.772050644492693 1.5793284781848993 -3.189062283110034
-2.78052143339792 1.5869879228562564 -3.1626408076511896
-2.7906531154350436 1.5961731804691404 -3.1310530299631187
-2.8005906917329653 1.6060446057988418 -3.097150362998387
-2.8075128831530387 1.6131762221299117 -3.07283911937668
-2.809627435441732 1.6153540486656544 -3.065412310836209
-2.8067585051004564 1.6123994797728234 -3.0754887771857105
0.018395996098906995 5.118941448076445 -1.4779706883280317
0.020849726422136786 5.121743719180456 -1.4501648078590252
-0.008364821796540663 5.12629791652391 -1.4098398275143798
-0.033751391191767656 5.130530449728701 -1.366972933718478
-0.055144780409560376 5.1343862953489525 -1.3219574639214295
-0.056827739614370994 5.139224838638253 -1.2722335538845742
-0.05543170826404983 5.1440506576385845 -1.2236078581050172
-0.05203556900224829 5.148498922282554 -1.1775651405423415
-0.04848135819106775 5.1522348598118075 -1.1294780714642632
0.019122761765294344 5.11977603261763 -1.469690179755729
0.021534020985522952 5.122529232179664 -1.4423711237008423
-0.01010795708035102 5.126919241505986 -1.4039098290901886
-0.03844217847055289 5.130866963606813 -1.3629187147280606
-0.5388770560675671 5.08356352421227 -1.365452662556461
-0.5658677748378527 5.083129010419642 -1.323379226257312
-0.5928281793120423 5.082636841193639 -1.2812971405916302
-0.6196600254682265 5.081434458083325 -1.2391386141121423
-0.6503294928337845 5.0789070938404794 -1.1965137797965102
-0.6472260681262704 5.083400056055692 -1.157491976370506
-0.64397448108576 5.087401041816614 -1.117771319713381
-0.6405383086977442 5.091175276507706 -1.0769957321283612
-0.6631640348352051 5.090187343126995 -1.0324176667798293
-0.5255103992842102 5.086479188285425 -1.359466959332541
-0.5226228536375198 5.0919590085846895 -1.3098905898602262
-0.462388315129071 5.109206704053981 -1.233802659117614
-0.4745179063206763 5.109172032125496 -1.2166872379537614
-0.4824714512345867 5.109150417358779 -1.20545218569545
-0.4880809978189231 5.109135222321302 -1.197527686902056
-0.4925510860035374 5.108974139181756 -1.1911832933831488
-0.49591709760782865 5.108780995078219 -1.1863651993529287
-0.497610545574374 5.1086838764048865 -1.18394060811537
-0.22019525016305064 5.1353468207112485 -1.2353451510357916
-0.24622675382193937 5.137260264728435 -1.1927062652162148
-0.2726204815885407 5.138630138914266 -1.1503184717783284
-0.2992599422274084 5.139664554098122 -1.1080147991496012
-0.3233182241435367 5.141061114649419 -1.064204987924861
-0.330294034501614 5.144075395086748 -1.0148042344906485
-0.3247549448894108 5.1481337479014115 -0.9652852807963022
-0.33807595063002455 5.150141334571194 -0.9171382186900262
-0.36396376373679945 5.150333286009992 -0.8743853844407512
-0.21799398629218064 5.135237354906757 -1.238397338246433
-0.22575094279751884 5.139260832102095 -1.189176381544862
-0.21486430193128478 5.14473143589492 -1.1407005911328354
-0.19245513885041624 5.149436869674387 -1.0962873723174666
-0.163901937240761 5.15395676350143 -1.0555389198761733
-0.6333581624282908 5.007698367212814 -1.839248925230564
-0.6561569921468199 5.008733540302375 -1.798372536249803
-0.6780984301623523 5.009752104543909 -1.755317226608581
-0.6997077262432766 5.010450976710746 -1.7112045711384154
-0.6330812752311077 5.008849382566989 -1.8311862888691457
-0.6473531168515428 5.012102362570357 -1.7867724734822021
-0.6506725285712127 5.017911739509548 -1.7393025495970111
-0.7444032954960097 5.014074910057426 -1.5989789842160125
-0.7462078918377262 5.0153760027837695 -1.58420955906632
-1.3190062732219354 4.8003705751041705 -1.6714322134738488
-1.3608370628638304 4.78379090606043 -1.649674623091185
-1.4021915391260733 4.766265877026146 -1.6277821911725814
-1.4429795271536467 4.747708778186815 -1.6057458891971952
-1.4837474152675496 4.729069756695136 -1.5836892075076172
-1.5244342689523909 4.710303326613459 -1.5616090996094623
-1.564163950394973 4.6898380675169316 -1.5392805122088127
-1.6037840133259957 4.6692044283743455 -1.5169165735424166
-1.643405988897232 4.648570547022432 -1.4945458937416332
-1.3119545700041058 4.805332327680518 -1.6592400087379744
-1.335836698515567 4.80011126309296 -1.6156493020724552
-1.3466741601433425 4.8016069620510216 -1.5668828841728302
-1.351373560538909 4.805451225357313 -1.5172704334112317
-1.3492358435408904 4.812540013577123 -1.4678309236872498
-1.3433802383326447 4.821232651461628 -1.4189896958075408
-1.3054599362601813 4.844626360832333 -1.3749925725349674
-1.3019862718127424 4.851926837328377 -1.3265287459804906
-1.2980698003910551 4.858475346097789 -1.2772178236526903
-1.3894371942901804 4.707039814553304 -2.045037287520457
-1.419363425930408 4.686005118555479 -2.0790656431798173
-1.3981648892067422 4.689176203176441 -2.120872943721179
-1.4004159832524794 4.680703932116202 -2.162151163502102
-1.4025142311579835 4.6712834596982775 -2.2056753090583467
-1.4038891018868207 4.6640790663345815 -2.237360076012525
-1.4464309706340825 4.6392350192266525 -2.245321648767637
-1.4902932834470122 4.616185201723657 -2.239535442353342
-1.5329195782671463 4.594284711605786 -2.225672738134475
-1.3979406128542664 4.704923527881194 -2.0329548484664715
-1.4414120781041497 4.681278996548104 -2.0393553973986402
-1.4848257174858392 4.658495375045762 -2.0300335912706213
-1.5428468324450073 4.627221039217211 -2.02153690174721
-1.554440268580208 4.625878107343163 -1.9921956794044402
-1.566700918751052 4.62446317312428 -1.9608244864442785
-1.579598401050338 4.622204924260994 -1.9269623315813984
-1.5933984347442718 4.619785116411678 -1.8907509023543942
-1.6299763157627591 4.601742563133382 -1.8618597797478145
-1.0064054955641553 4.961120976696978 -1.3975269573202633
-1.0006003102816048 4.968092796463035 -1.348369102496904
-0.9948074584517728 4.975057565358542 -1.2992045731476074
-0.9890154108160994 4.981995465128651 -1.2500339002130458
-0.9387708756727943 5.0013501865256815 -1.2199218118967927
-0.9221139512450607 5.011108321215672 -1.174716752298667
-0.9074021601861305 5.01855746176311 -1.135494764828874
-0.9313993368272021 5.015174193703974 -1.0917884305317818
-0.9672527325252591 5.006646014406165 -1.0581472372730958
-1.020582737798206 4.956463861275469 -1.397432835094252
-1.04393520475671 4.952808680417058 -1.3533794651719364
-1.0786302536419567 4.9438883576271815 -1.318525485565326
-1.116912611491048 4.932373025253095 -1.2885454185946077
-1.1589650214114833 4.91875858192079 -1.2651813699195735
-1.1924849992463584 4.909362741891639 -1.2293442481127594
-1.2098913376613365 4.906263199597982 -1.1826541804582469
-1.2137044376208104 4.909385068250784 -1.1329830530007499
-1.2092821225435058 4.915825849974744 -1.0836631317090322
-0.8291807311290378 5.005292438822233 -1.4885939212497987
-0.8123902728344771 5.014753058748633 -1.442516128331095
-0.7565472092002065 5.037423065215671 -1.3705720272905162
-0.7439267477677068 5.045537815214143 -1.3229546907859222
-0.7483445310764397 5.049346681423579 -1.2734836282993172
-0.7713686206769168 5.048182628304024 -1.2294879620056747
-0.8071476766741355 5.041349966374641 -1.195572490194311
-0.8165322359369686 5.0076726845238175 -1.496111644915104
-0.7178425415894317 5.040448175792991 -1.4307625016037837
-0.707829903828107 5.040904230537348 -1.446207408616798
0.631717340389973 5.130146942799545 -0.4122566830562291
0.6343416681606694 5.130854762681306 -0.3794799872285133
0.6375191828405213 5.131429537053389 -0.33890252335190846
0.6409198652684759 5.131457055019531 -0.29393227144557477
0.6291706659776177 5.134830177469875 -0.24544636949839801
0.6206249271909396 5.137520461874847 -0.19625825259756574
0.6138321191737395 5.139488972771497 -0.1467685622006369
0.5941803312873385 5.143243481641596 -0.10095147521238285
0.565631905048628 5.148697539135337 -0.060271051966727156
0.6327272972735875 5.130417923748401 -0.3996812916012152
0.635664476155012 5.131209767933403 -0.36300689323066915
0.6387160394585059 5.131439803757884 -0.32304122121429135
0.6420145022306516 5.1314661156359085 -0.27944498428346576
0.6280382465954868 5.135311411987426 -0.23159640766961329
0.6170418422209812 5.13852426371092 -0.18293418533639527
0.6058782423263362 5.1410085353271615 -0.1342718449475347
0.5907605101882072 5.143896885678038 -0.08670835646707244
0.5770524262088279 5.146515944750572 -0.038699564831512386
0.2604533405788379 5.167962404702648 -0.7510586886008004
0.2111815477079004 5.171986360626831 -0.744314060648246
0.16183051713171143 5.175423352640281 -0.7375322342200717
0.11243259524334548 5.177735701791633 -0.7306791052674079
0.06302324280707594 5.179327942821959 -0.7237903301136195
0.013586602089426435 5.180706438016959 -0.7168903260464831
-0.029687025284037043 5.181791806082199 -0.6920174454262384
-0.013820536554475387 5.185656015909666 -0.6156476590331181
-0.0443632138628176 5.187264912710212 -0.5772965496447654
0.2647063587464123 5.168516080938891 -0.7367611294081013
0.22935573031959117 5.172898966951865 -0.7018608913865666
0.20648740878286484 5.176482731363931 -0.6576777796714977
0.18960506415159312 5.17983372855633 -0.6107890566712998
0.23947770725979015 5.178860535776867 -0.5665076856693334
0.24350302581119107 5.1808309561143915 -0.5174920719349405
0.24750331639322498 5.181882497561216 -0.46797193754675687
0.2043878027704565 5.186845398470743 -0.4120812784454947
0.21107238271864254 5.188112904004934 -0.3629341636798087
1.3020346448367808 4.920355326168908 -0.2526430174987929
1.2931817337403113 4.924056173296681 -0.2638219232128717
1.309813935795828 4.9154937759407025 -0.30954793542660236
1.311803951910429 4.912637375097555 -0.368234479054794
1.3386664922367395 4.899871474514591 -0.4009578117739272
1.357306774916705 4.890293611715958 -0.4241517578096599
1.3673835444858875 4.8848660072756775 -0.43667694315499156
1.371000864762151 4.8829182888023555 -0.44115374627579257
1.3701160552991027 4.883395485042698 -0.44003588565314455
1.3658698899702428 4.8856830727382095 -0.4347434716139134
0.256621460208557 5.148141009249401 -1.0517718775674005
0.22510179658562854 5.153622006775381 -1.0138272677240197
0.1934912622174444 5.15903687015798 -0.9757510433868901
0.16410864954440282 5.163053254967272 -0.935662117076248
0.15212607303760384 5.166817143607305 -0.8874089878379814
0.13113827020408747 5.17065832098864 -0.8426879989474242
0.26908335770156794 5.147626044679876 -1.0440954000848075
0.2662740175901819 5.151461237148431 -0.9947718435653004
0.2789573565508536 5.153877936984952 -0.9467608967896121
0.310856642709403 5.154454153424182 -0.9013378685253346
2.618336405169074 3.8326626298671482 -0.2905034700842591
2.642178319009645 3.7989998877027356 -0.26261226103734553
2.667049109362367 3.763730178757707 -0.23762790733554828
2.6911237167099147 3.727014590494752 -0.2139364663876787
2.708236879841075 3.7011593398844416 -0.17497345577728457
2.716835286770416 3.688728184965226 -0.1274723062205141
2.718943537286762 3.685795556124916 -0.07769701108894879
2.7170908387863433 3.6886060783521426 -0.027876154559905213
2.6237528307153704 3.8247495917457317 -0.29076044397886835
2.650036404495905 3.787168627518728 -0.27142341115900703
2.677907129667076 3.7466858493706763 -0.2633741819119268
2.7041408455952824 3.7047414167524066 -0.2693264478534717
-0.10538580387776379 5.163654961077044 -0.966187882333783
-0.14687419441745161 5.16350545284706 -0.9383772028659787
-0.1883720983541358 5.163244716389761 -0.9105579816934726
-0.09532678482280331 5.164684318305053 -0.9551883518018767
-0.11293701008596956 5.167472344636636 -0.9085231990304653
-0.11528154849395243 5.170684683014216 -0.8587015934414017
-0.11104271311574433 5.173504651339838 -0.8089801415519796
-2.612122041428351 3.359646459354196 -2.586737139540058
-2.634611355095697 3.331748486574997 -2.5519410704799967
-2.6563556569744127 3.303346151718272 -2.5169129782043327
-2.678069142157275 3.2749972610971554 -2.4819042513106004
-2.6995060774979125 3.246590921231118 -2.446868046621612
-2.7156979457965487 3.230924035868012 -2.40230061222114
-2.723956596624073 3.243241425895255 -2.3320793146208936
-2.738595974837106 3.2211425668350966 -2.3112720297711338
-2.7509473705150396 3.2014467236399478 -2.2928414417804768
-2.6140426347977 3.3505957835387834 -2.5984553558842145
-2.6382541782852877 3.3076489371189353 -2.590449842494795
-2.6585528075455036 3.2626035274133374 -2.5974968885701615
-2.718413602018389 3.1275560327366314 -2.5996572787822165
-2.7254561978190512 3.134672368995276 -2.5534633668191034
-2.7322619526461818 3.1418513965488164 -2.505893354947954
-2.750073453941469 3.120392379204795 -2.464462303750063
-2.770578336367536 3.0854331905803343 -2.435270744632383
-2.789680958660588 3.043790003167218 -2.4155720768975533
-2.8085471851299486 3.006945328468465 -2.38825084853285
-2.8253987253873047 2.9822148999358085 -2.349093665056916
-2.8368239331077 2.974586216542556 -2.3016944284157734
-2.7170113379840584 3.1262076581516447 -2.6079077083542908
-2.72123864576019 3.130223932395149 -2.5829417877733456
-2.7259536990501325 3.1351965559280783 -2.549987234574012
-2.731137072238165 3.140664171968228 -2.513757240950351
-2.751918331080848 3.106510605230418 -2.483902536261553
-2.7716419122147022 3.062834943068114 -2.4700175426389075
-2.7884366282347317 3.016045157875905 -2.47225187068839
-2.801586322965717 2.9708796736423757 -2.4885866378511086
-2.8112252869222214 2.927192836639722 -2.5105425718067402
-1.1727950953652175 4.699655703922782 -2.5966072105964946
-1.1613077319277763 4.700824772820169 -2.6124496375758586
-1.0744205755223415 4.741902978668787 -2.5878467144705937
-1.0571271010785381 4.74350196344166 -2.61258175331107
-1.0391920883266554 4.744955401774308 -2.6382682644326696
-1.0194603868421164 4.745651865856067 -2.6657253335712046
-0.998079647655117 4.746410478859887 -2.6954596466815843
-0.8930954285076945 4.777227660221196 -2.720335195916429
-0.8950117146521226 4.770905402964081 -2.744073389510414
-1.1667308936371423 4.700273700343731 -2.604966691551345
-1.1563740607503397 4.701327308876762 -2.6192518001726124
-1.0720164159752288 4.742124387073991 -2.5912894007658465
-1.0534644097024015 4.743840255895068 -2.617822192991978
-1.0316753451272753 4.745216137333546 -2.6487482101620965
-1.0080534947228508 4.74604856810146 -2.6816244354695846
-0.8921109512707497 4.7802663790158455 -2.7090156409890174
-0.8911918443506639 4.782965318123009 -2.699025184945056
-0.8890638625722138 4.789156412695206 -2.673729400887447
-2.101543137974109 4.10411193127893 -2.4407259820161706
-2.1148094855187916 4.090856973862545 -2.4421386333407655
-2.0881972557420347 4.117446288628786 -2.4393051071353913
-2.0787732662387333 4.1385830327366335 -2.3949925167222195
-2.0676162655352015 4.16110559238931 -2.351772795357459
-2.055041147620965 4.1832876178715805 -2.30881937674868
-2.0421000142816705 4.205589124097163 -2.2660443562418813
-2.0289500898131587 4.228115081960976 -2.2233979874481795
-2.0303954308054766 4.238448939734467 -2.174523922921391
-2.042791744555909 4.238250164765619 -2.1261076175596125
-2.061261661675136 4.230782176823127 -2.0802803551388633
-1.8379403975073616 4.376639925782701 -2.279745936088886
-1.8021104195376714 4.404689296045466 -2.2726953577241225
-1.7680021714755025 4.434533270899659 -2.251650589470704
-1.7323287855816856 4.463978143962014 -2.2328123150871066
-1.6448190998643772 4.52644854248332 -2.2207105395633175
-1.645319251244688 4.53245346268271 -2.188748911300557
-1.6458395582722483 4.540519789936492 -2.145034484837128
-1.6428460622437224 4.551658371071219 -2.096747585572559
-1.6560287448849011 4.552451110002688 -2.0491633524649573
-1.8452268186582343 4.370530023333177 -2.2811657470820585
-1.8288049003209723 4.383791794194874 -2.27794745670372
-1.8037511209281396 4.403404578175871 -2.2730195841718115
-1.7807594417404886 4.421403097780149 -2.268497291182304
-1.763665242172196 4.443166595796083 -2.226905433289317
-1.748777081142816 4.462541974656395 -2.1834328804241
-1.7421361359698244 4.476672123583497 -2.136028594493991
-1.7388282421318215 4.488679234553478 -2.087663776696483
-1.7518181899355905 4.489300638370727 -2.0394241063953977
-2.336313323696795 3.8195512715374536 -2.504871294171071
-2.331031074984544 3.8400918538142967 -2.459720864686234
-2.326550059052418 3.8600568937201207 -2.414015538193911
-2.3229584671920973 3.8790727980839987 -2.367932828456796
-2.3190474977720834 3.897312240334719 -2.3215847495297455
-2.314957321458742 3.9150965977709338 -2.275062942574754
-2.2867566562087025 3.9604094535027503 -2.231698219828961
-2.2906385225713204 3.9695049872823467 -2.1827682503064136
-2.293881264574728 3.9778597136750475 -2.13516267961729
-2.3364635562005756 3.8202251164521104 -2.502060561140194
-2.3377384638806573 3.8333789619654057 -2.4540060395109915
-2.3472428056509056 3.836663856801469 -2.4051603211016133
-2.3655607351360524 3.827572142227182 -2.3596437234057897
-2.389524811673355 3.8072879585131796 -2.32081146640232
-2.4454257476772323 3.7479424038963867 -2.271040972753159
-2.4444176513195193 3.753379298156336 -2.256496586075381
-2.443675430602997 3.7573650858226286 -2.2458498375586364
-2.443080411872654 3.7605607753103047 -2.2373132240515656
-2.153809645549429 4.023461073053351 -2.537042673195465
-2.155839783500016 4.020014634357576 -2.5415664036310606
-2.1589779432559904 4.0146869874188305 -2.548559758829153
-2.1649411061824577 4.00456185894044 -2.561853575593157
-2.169936330904894 3.996082196744586 -2.572982961235235
-2.1790458596510547 3.9800074034332713 -2.593832691948262
-2.1867619508181777 3.9653714938367046 -2.6121875261925287
-2.2203406595346324 3.9317791742237227 -2.5970763915164694
-2.253372725629979 3.8999975951684274 -2.577334917240068
-2.158280401243069 4.015879100663375 -2.5469787569082705
-2.165249991356509 4.004047030458481 -2.5625097828356704
-2.1721993499362373 3.9922493196241793 -2.5779956815440443
-2.1814010110004136 3.975536651278565 -2.599446009420117
-2.191669514931299 3.956064497899601 -2.6238562158329657
-2.2247875807006787 3.9188298824081707 -2.6224581037004193
-1.1133884206913638 4.656908479924817 -2.8832113781891104
-1.0988892430819228 4.672906686187755 -2.840930586199676
-1.0939896238693068 4.686421976517138 -2.7930505874736435
-1.0866569574286082 4.700716650268858 -2.7457147645650455
-1.1120910172739877 4.658341576145379 -2.879421589421555
-1.0969487858601346 4.675049914095472 -2.8352631375054416
-1.086455739578461 4.6904362450060155 -2.788887953898084
-2.2620726550757118 2.987763033484259 -4.21329990969574
-2.235867858708078 3.021040344917496 -4.239558440476474
-2.2082986771173956 3.0537507309936567 -4.265280047171456
-2.180714674913589 3.0864581296953584 -4.291037955054295
-2.152447579311166 3.1188043320138368 -4.316432175644543
-2.124122613067706 3.15334638265283 -4.338005731016216
-2.096654148110167 3.191628642651389 -4.351425427407349
-2.073266871454055 3.2335890922040544 -4.348935198329577
-2.2622602935464737 2.9767243383799644 -4.223316783254837
-2.239430573116482 2.9850120699196534 -4.266871609889429
-2.221167745692448 2.9785861987313766 -4.312918556462331
-2.2053158660396486 2.966729373081322 -4.358803160901747
-2.1929335674074286 2.9477882600850696 -4.403355000963026
-2.1796365697962448 2.9305219826291653 -4.448319574895473
-2.1582917601704255 2.9300447354894943 -4.493347228461712
-2.1313105002953607 2.947830495460571 -4.531246603846762
-2.10338489819782 2.9806235073904035 -4.557062583488918
-2.9709145454068997 2.3299423207023215 -2.363400924270491
-2.9803824209958294 2.2969797864470283 -2.3271421254713798
-2.987051995202279 2.2958420799251544 -2.2914437621378974
-2.99361165311186 2.298553785584515 -2.2545719294623847
-3.0005538573133106 2.3014265550374087 -2.2155806613253226
-3.0068299654341106 2.3043428755537554 -2.174292616541017
-3.016312666301725 2.2834207720386375 -2.1298752882010525
-3.025485981484297 2.2644171003058378 -2.084538558566989
-3.0342790869158884 2.246636068616767 -2.0386536017217347
-2.970309765371558 2.332040947325355 -2.3657202136971085
-2.9789769716446237 2.3018865357025518 -2.332518244822064
-2.9882865419574216 2.2963964701808663 -2.2844841212122002
-2.9968473705711856 2.2999320029033767 -2.2363652912653316
-3.0047614849651834 2.303370378202694 -2.1879211992027505
-3.0120145662649143 2.3067397329417614 -2.140161826634079
-3.018633038430916 2.3166490424972066 -2.0917173956865827
-3.023812216008229 2.3357835493867674 -2.0458907733278577
-3.0273741026541163 2.363282778969895 -2.0043912520353713
-2.8252249271296557 2.794420191899925 -2.6347472318430727
-2.978275756485248 1.9713848475034026 -2.4156757362797676
-2.98088944142269 1.9245589063699444 -2.3984401124920494
-2.9834591004409887 1.8777416732054664 -2.3812014386425258
-2.9836412470613096 1.831032913909493 -2.3635155604014004
-2.983708339395053 1.784351737790395 -2.345796711637306
-2.983775616148471 1.7376466909639037 -2.328067986077995
-2.9824906720903646 1.691082703226996 -2.310087651487933
-2.9800008038556838 1.6446807033699942 -2.291868169936923
-2.972068738300578 1.5449003305674727 -2.2658951215965994
-2.9807888634197712 1.978638405486404 -2.4028737180364144
-2.9881171546560115 1.9508479561972312 -2.3620111052475226
-2.9966190959785375 1.9371869237602881 -2.3147375468645572
-3.004949203343762 1.9303199621894713 -2.265960050910391
-3.013537901033419 1.93127233188982 -2.2167435317638486
-3.0221792652941217 1.936372451440371 -2.1677635351951587
-3.0307869099446525 1.944590537044199 -2.1192141679562186
-3.038892636041842 1.9560003031492046 -2.071224748033651
-3.046313453083539 1.9471261587816504 -2.022591922175054
-2.895511801287222 1.732145834803099 -2.7589063272591723
-2.8887589504115363 1.683727763548798 -2.769116709312413
-2.8813847229822245 1.6353862183798877 -2.7791852807971407
-2.872022373372384 1.5872846634096136 -2.7888195387365986
-2.86705668468131 1.5387930214219554 -2.778621678437359
-2.8675087130772634 1.5030980893536303 -2.752989053974438
-2.875154978177549 1.5044937401393672 -2.7201695018866374
-2.884018472477144 1.5062133738338213 -2.681063656846002
-2.8933972184190164 1.5081499249055017 -2.6380453418849306
-2.8929388054164926 1.7376893844248773 -2.7725194135990106
-2.8817622709883306 1.705353135447049 -2.808892494725996
-2.870238672862848 1.6861318808806547 -2.853579069808722
-2.8079633794673486 1.405109395545668 -2.928029212352579
-2.8054846102357947 1.404884243898264 -2.9377412259108855
-2.8029772228408834 1.404600906924256 -2.9471384352932546
-2.800251380101397 1.4042961910669958 -2.9573573168025296
-2.797086352053175 1.4039458241191662 -2.969225720969879
-2.7933029842144093 1.4035296576180283 -2.9834151701779255
-2.788752562789327 1.4030310369904018 -3.0004831490490895
-2.774068851449056 1.358217348686594 -3.017105213054792
-2.7586654803721697 1.3158094658499162 -3.0386380978613285
-2.811409335552393 1.4056004945304812 -2.913637821755549
-2.816080862581571 1.4061989927736294 -2.8940704112528546
-2.823739593006002 1.4073237413221453 -2.8621136717625757
-2.8278721155453845 1.3804094773360898 -2.8203299965290047
-2.832974032644422 1.3578911012985477 -2.776092372052046
-2.832368608545464 1.32325724118538 -2.740214993679806
-2.8340328893638387 1.2938570438032246 -2.6999628997036007
-2.839499682610747 1.2754529984111258 -2.653996209205086
-2.8484167790815706 1.268721983602317 -2.6054520197594893
-2.7980379341667465 1.603410483939458 -3.1061137914887116
-2.7869450878166666 1.5928235030000073 -3.1426207350082263
-2.8012065271536386 1.6066736330264746 -3.0949848145561516
-2.7975286737425864 1.6028836418706567 -3.107901276439055
-2.791974553267621 1.597391555754047 -3.1269452381810905
-2.7881510622301784 1.5939323996578283 -3.1388700786999113
-2.783750114645987 1.5899396077499617 -3.1525892659636927
-2.7793253593631513 1.5859219494210346 -3.1663807320564192
-0.6908468598041801 5.087335917342105 -0.9908925766160535
-0.7182759079938281 5.083627056591361 -0.9492772270155342
-0.8293491861953475 5.0595688827241805 -0.9030111954786104
-0.8277465846382529 5.062493403454186 -0.8609642983747574
-0.8531410653730961 5.058332427390899 -0.818131782187682
-0.8664980120938521 5.057599893142227 -0.7699829301117098
-0.8714417710007291 5.05898440780824 -0.7202716376720818
-0.8710237240886363 5.06176144472331 -0.6703692503763683
-0.8671320099300919 5.065130870149897 -0.6206490622118258
-0.6777823674828828 5.090941471288787 -0.9846131108461754
-0.6761168034125877 5.09460518792345 -0.9347926160916457
-0.6593894312908765 5.100990594251691 -0.8881259678090755
-0.6373177372881277 5.108307203989364 -0.8438799924320057
-0.6128295597585871 5.115953740142531 -0.8009614184776025
-0.5869743854404087 5.1238189816879975 -0.7587918269634364
-0.585482553981218 5.126796359837008 -0.7158462199004314
-0.5837700285186216 5.129330666364817 -0.6694384456922478
-0.5821321910554524 5.131432857141002 -0.626913008249159
-0.5041036797829171 5.108309237030975 -1.1746697644766975
-0.5181985891708616 5.1074956884264955 -1.1545486210256275
-0.510527370999555 5.113220778993534 -1.1054618487960215
-0.5072507829530712 5.117674420721852 -1.0557694229621892
-0.5044754533677464 5.121893685269557 -1.0060340287760294
-0.4882879822115867 5.127546915070767 -0.9590887890680954
-0.4884137463817178 5.130894297301 -0.9092076224646681
-0.5081016415761261 5.130943977723106 -0.8632534550907509
-0.49410330647001555 5.108887162842128 -1.188937684199803
-0.4904177527431857 5.109099860046291 -1.1941993309556036
-0.4861758243222324 5.109137771674067 -1.200247596353122
-0.48219802294859143 5.109149214354716 -1.2058596710569864
-0.47714707120956634 5.109163885212137 -1.2129842577150913
-0.47174968714878546 5.109179440838064 -1.2205988282509053
-0.46371474024235326 5.10920308852858 -1.2319290897648631
-0.458190160382909 5.109219074754198 -1.2397224079336848
-0.36613202289750785 5.125013528260705 -1.1999281236388075
-0.4021655122889241 5.147855929652781 -0.8422433594650681
-0.4138687386787049 5.149331107582227 -0.7942204587424035
-0.43868978890110827 5.148799586328382 -0.752584142290905
-0.4639794278788157 5.146962689683994 -0.7098340829274178
-0.46699143976167984 5.149122030957634 -0.6598940391790582
-0.46520063906063386 5.151927089806023 -0.6124741677475514
-0.463676095868663 5.154006329606776 -0.5714607932633592
-0.4621856260986907 5.155476364523055 -0.5346861408312277
-0.3528578325500221 5.172348417581795 -0.4638799630877209
-0.3910472468454311 5.149701750235608 -0.8323775749682727
-0.41563758768347364 5.149303857206298 -0.7912377300738299
-0.44038791719186043 5.148675969071096 -0.7497187782145263
-0.4651571539543557 5.146876318492151 -0.707858845291202
-0.46706189540898235 5.149040890984893 -0.6612086340579317
-0.4653235967127241 5.151766856440378 -0.6151197034495313
-0.4636072476297464 5.154067355390504 -0.5699608408283294
-0.46176478467283133 5.155892240363261 -0.5242793979778129
-0.47449112713263475 5.155879790130817 -0.47595498068062353
-1.6794874994876527 4.629618001836142 -1.4656753677582084
-1.7150015917865473 4.609766313378333 -1.4366782553059707
-1.7933086403065037 4.562278895765303 -1.4000884364523347
-1.7918584469947387 4.565712386543982 -1.3791130023475797
-1.7903499140117147 4.569202378701093 -1.357991454694585
-1.7966971033357202 4.57010159972738 -1.313657065695252
-1.8133486024052563 4.563579056074438 -1.2732661794404059
-1.8300340374317121 4.556367611117874 -1.2317141226491823
-1.8468549442891975 4.548566974713159 -1.189208064764568
-1.684356616936046 4.624658057960798 -1.4788982442390797
-1.7258802122887944 4.5969330084552285 -1.4796209753361653
-1.7986811680080919 4.546175221093935 -1.48939073782517
-1.8295814019845138 4.51963156718884 -1.5180850866316016
-1.8563155980710009 4.495261585359881 -1.5524486237945159
-1.8805724267219155 4.472192762613768 -1.589504740173132
-1.9025286478576482 4.448851940143956 -1.627776633254695
-1.92358772634697 4.425950808993956 -1.6668571002169932
-1.9794090293557949 4.3736298047341835 -1.714172855527918
-1.3128605332698022 4.8566823256232965 -1.2295095195058632
-1.3275926616050098 4.854917375198226 -1.1817764265465383
-1.342031983366517 4.852560851120958 -1.1339804812160699
-1.3692892423761196 4.842820899346913 -1.0932289374261248
-1.4032591248657589 4.829115171780075 -1.059213680766856
-1.4416177507039847 4.812014616614596 -1.0321159323859739
-1.4821000533874182 4.79329261136885 -1.0095588403713096
-1.5230569058139243 4.77263266665465 -0.9897807325758722
-1.5642219882227821 4.75082145021513 -0.9717514652719782
-1.2993895742548347 4.862779219796497 -1.2274355357177673
-1.6614257897406899 4.5876292569898 -1.8256930080859375
-1.7331147575461863 4.547290387502395 -1.7867607612315826
-1.7341059607321705 4.552125831929261 -1.7550651158313817
-1.7348464459338844 4.556500475266305 -1.723268755313741
-1.7354846100146424 4.560960969411563 -1.6899648322162062
-1.7641835560526677 4.547080121184978 -1.6514832925377096
-1.7145021143641654 4.543327334979458 -1.884685350918754
-1.7365033921918342 4.532994516633157 -1.8549268109486843
-1.7758791125828564 4.503638076608757 -1.86387732629802
-1.812187577677475 4.474808193457543 -1.882479896790938
-1.8458870781841261 4.445999634049447 -1.9054399871238394
-1.8843105217140417 4.414783614102866 -1.911525053338666
-1.9236826711216144 4.384637325647512 -1.9061782294890444
-1.959475008392312 4.353270157897099 -1.9208491590266674
-1.9873900683031234 4.323843752633656 -1.9498210816289376
-1.0117840129282312 4.9930179074336065 -1.0402152199776429
-1.0563047552311355 4.979110878812117 -1.0223208095630743
-1.1007183357841954 4.96489937446901 -1.0043955166024539
-1.1386776257684408 4.952488263879894 -0.9744459357154276
-1.1638542795992042 4.945600026199788 -0.9319182379720494
-1.2353927420387374 4.917837304365805 -0.9211253179205809
-1.2589133905797292 4.910727066406643 -0.8799335006507197
-1.2821844138051832 4.902973723233929 -0.8388000734100031
-1.2591687099398596 4.917876113031252 -0.7682005513951521
-1.0050990003748528 4.996325536478455 -1.0272803447700558
-1.0319423147142843 4.990346914677651 -0.9855953033234084
-1.0455198322954646 4.989357115507062 -0.9375253389848835
-1.0527935352746671 4.990303956383615 -0.8881055282730076
-1.0475032874951018 4.995386869175574 -0.8386717874526474
-1.032077823171314 5.003814495769445 -0.7918797351467177
-1.0357092170659274 5.005705685362201 -0.7420762750261949
-1.0567903746432012 5.000792816571302 -0.6970411776042208
-1.151029775940836 4.969005872401989 -0.6532429667015665
-0.07534995908506995 5.18779148908573 -0.5384660684754574
-0.0629121018470513 5.191769719360901 -0.44902581149932536
-0.09900274372192368 5.191595040308482 -0.4172176212237239
-0.12319163974999751 5.191901274011218 -0.3734903553440032
-0.14565746183100303 5.192324883107647 -0.32884517759962667
-0.15076559122905736 5.193111827107457 -0.2791359635184029
-0.14325502478795024 5.194195725600139 -0.2296873443632373
-0.12782982880389332 5.1956236741889095 -0.18214320216399063
-0.10763359196110217 5.197126008396636 -0.1364701070999632
-0.07303583606227355 5.187751823160468 -0.5413739214879167
-0.17354756996954362 5.183081790977322 -0.5652308156712365
-0.1983971745517997 5.1833315884562845 -0.5344451441808172
-0.22212128355339272 5.182432692545353 -0.5050504248004375
0.2171168514061179 5.188484014481318 -0.3181834896741257
0.23883679468182317 5.187588376538773 -0.27315173743152654
0.2586073830823904 5.186925738827101 -0.22722159803534525
0.27747311602477154 5.186386768969817 -0.1809225923170726
0.2957583741224463 5.185094660104863 -0.134415766659083
0.3137337885414992 5.183699122759888 -0.08779110132881243
0.31173245932981064 5.184082567329157 -0.03786090911236726
0.21769399068681025 5.18851951941407 -0.31390693555200583
0.23026016449364983 5.188431513686275 -0.26551245649887395
0.23053068939475033 5.189438340668496 -0.2155387823909443
0.21555406697780113 5.1909551571179415 -0.16788863512511723
0.18784375347571336 5.192798386503538 -0.12633355030363508
0.16255549152329365 5.194604864987017 -0.10053483339560844
0.15013380784125485 5.195214943521708 -0.10869170252335537
0.13505401009058787 5.195955426301079 -0.11860505383487
0.11768239009742905 5.196808464097387 -0.1300237773955552
1.361066735577901 4.88827098278215 -0.42874951989342397
1.356404307205655 4.890782295139974 -0.4229539436893649
1.3499449407169961 4.894261509990553 -0.4149240555007578
1.3394414388989397 4.899501156110643 -0.4019619058593172
1.3302657169752115 4.903861125789428 -0.3908023298992525
1.313140753013647 4.911997538908821 -0.3699968439518889
1.2683239908522335 4.931071205889956 -0.3809089056988945
1.2236057755928786 4.950110655923976 -0.3923721265226163
1.1785512860638445 4.968198899628142 -0.4040071975022514
1.3544337786188827 4.891842988788612 -0.4205246778396958
1.343142128554019 4.897743473499762 -0.40644060603164656
1.3327768780735791 4.902669023376077 -0.39382373296109857
1.3225166262576544 4.907544138623146 -0.381350551580697
1.3107686910604623 4.913125883105335 -0.36707580901566433
1.266385272304931 4.931956351716598 -0.37961293418438197
1.221396201031591 4.951173323897375 -0.38896238166896696
1.1753116581733591 4.969826827838535 -0.3914883341776719
1.130682152899519 4.9869590867389855 -0.37744348758217566
-2.7599049110429665 3.186191713822225 -2.278681432764015
-2.773377236369995 3.163239115644968 -2.257402988014281
-2.7865439648217256 3.1533130455339107 -2.2101640490375067
-2.800890928324797 3.1393052131077366 -2.1643725217424095
-2.815075174308946 3.1230702805519597 -2.1192742948575374
-2.829581812291419 3.105817183083871 -2.07464578434077
-2.844229971820355 3.0880404290778807 -2.030311204343032
-2.855085502243318 3.079311408203687 -1.9823207581278126
-2.863643860801466 3.077433852376866 -1.933110581236901
-2.754297813528803 3.1957442199677915 -2.287537856944913
-2.7595864754361776 3.1867345082558716 -2.2791837829129924
-2.764277548455077 3.1787431646041697 -2.271772992024875
-2.7736289723650867 3.162811537177134 -2.2570026418724844
-2.778418907790785 3.174019783297925 -2.2084828618196823
-2.7755548871273903 3.1988850516394747 -2.165244973697744
-2.768416421228133 3.2301668786568767 -2.126948160477994
-2.7583795533441706 3.2659561398422663 -2.0935230086177206
-2.746782101432383 3.303530749152297 -2.062707586608457
-2.841905343027078 2.9854082267698594 -2.253593663034516
-2.8470749770786883 2.9962706328312394 -2.2052899668966686
-2.8522657987769877 3.0071466195633403 -2.156912804605503
-2.8637717258640736 2.998554626610908 -2.1091976632932803
-2.878987566221063 2.9725016096483827 -2.0694976559089575
-2.91773032441624 2.8675052555619165 -2.040989640301647
-2.9202023017881498 2.8683027970386776 -2.0231400067990046
-2.9216374720301928 2.8688197447780603 -2.012667570674442
-2.9224026315291964 2.8691002847431437 -2.0070742017738503
-2.846714780562399 2.971670932626586 -2.2532291856882662
-2.8611695817007585 2.9530946428005374 -2.209586692990637
-2.8778467543104522 2.9219002076423806 -2.1747929195304594
-2.901571174059013 2.8620536905243132 -2.1443155827110627
-2.9036439795840745 2.8627627422819364 -2.131553325826991
-2.9159045718578676 2.815396851345559 -2.1382473601040655
-2.925169543654518 2.7706385347911584 -2.1573974275286285
-2.931731215759476 2.7282568933795073 -2.182503129891215
-2.9361755300637453 2.687338217744837 -2.2106157541477414
-2.0875888095093393 4.214518489056155 -2.041045225131743
-2.113900895460855 4.198300418009677 -2.001767313634344
-2.139668829596074 4.181541206037664 -1.9623740985977292
-2.1650554821971544 4.164392758170286 -1.9228962612789147
-2.1904501537219394 4.147238107722068 -1.8834100382637384
-2.215545514180544 4.129789513310004 -1.8438654802896708
-2.240003633201048 4.111725430821767 -1.8042014770561612
-2.26437038063632 4.093606559415482 -1.7645057704946039
-2.2819349434486798 4.083914060896413 -1.7187334427057848
-2.0787279044464224 4.2241937744002716 -2.0339233739854965
-2.085213152188856 4.22848791224562 -1.9845485443151885
-2.080185377974456 4.243173447724568 -1.9370315185986176
-2.0706605543432124 4.261592805035336 -1.8915439043192952
-2.0704450309076123 4.271422133621441 -1.8425428334974212
-2.078587116822025 4.272953105478207 -1.79326183419644
-2.1002297500008975 4.26041614511608 -1.7500135369244454
-2.130280684269274 4.238142932262276 -1.7168974961490995
-2.1501438836030196 4.227321960767284 -1.6723577765669564
-1.7715024530508077 4.484527114430248 -1.9937578647065468
-1.781267188019561 4.476110855428508 -2.001294168157519
-2.2959103052662466 3.983698437855966 -2.1000638837750847
-2.3159886467205006 3.9707598924517473 -2.056155547190906
-2.334269303796075 3.9602526980964288 -2.0108240387377556
-2.3515826463770937 3.9507573035623604 -1.9649126111157673
-2.3677646080703045 3.9412472985406986 -1.9185858843513004
-2.428061060675118 3.878777080955574 -1.8677392706672036
-2.4297771153310332 3.8834586754583214 -1.8348799236815745
-2.4308010590358045 3.886215227813572 -1.815448918647978
-2.4312423952568927 3.887396886429428 -1.807104608988709
-2.2964087831366164 3.985133613350685 -2.0914378155152975
-2.3108331512672984 3.9795652502861842 -2.043903951723328
-2.3180127622251763 3.98289689260413 -1.9945397331436647
-2.315947076159567 3.99673467098265 -1.9465395928634315
-2.304981526779148 4.019662148037728 -1.9034834722268312
-2.286462912153222 4.047681121346604 -1.8664927525750947
-2.4426992544184043 3.762598003648362 -2.23188027769059
-2.4416541420515774 3.7682187745726443 -2.216858439424111
-2.4637398566851667 3.749141264588214 -2.1762184938796234
-2.484152587052083 3.7329358014599485 -2.133532111893766
-2.5034835348527493 3.7176809086716585 -2.09002334621503
-2.5496854530223105 3.662325497556034 -2.039918745055465
-2.5523982954137083 3.6701449250490565 -2.0005873517143873
-2.5544373852637405 3.6768309030034665 -1.9657668202194958
-2.5554455483759106 3.680793025169129 -1.944221525659504
-2.4420546408342414 3.7660701214618877 -2.2225959793758467
-2.469493211166958 3.7365637033642325 -2.1929556817098006
-2.498584922947059 3.698457300574388 -2.178878165736004
-2.5265265107732997 3.6571246281501915 -2.1765407507010757
-2.552891829234306 3.6149339930066073 -2.1811962061589494
-2.577277965159143 3.572384908795541 -2.1904758577385977
-2.5975822172186547 3.5314010371201916 -2.2104878966193535
-2.6154259000706492 3.492624450932375 -2.2364231483765016
-2.630747180663261 3.4549983756914395 -2.265451974588373
-2.076305481969079 3.0180059888420265 -4.575728951907586
-2.0800957645050384 3.024256614944269 -4.5627405941517525
-3.0424840584690096 2.222832805016646 -1.995517940594109
-3.05069886692305 2.1991137465846666 -1.9522898625835121
-3.058227665951624 2.1754317724204855 -1.9089857794521397
-3.0655240379552526 2.151848625124492 -1.8656023215938107
-3.068231805361557 2.073016309634715 -1.8718131334664214
-3.0733604113802087 2.0444752829476602 -1.8405834281638227
-3.0768793230148224 2.0196914548365017 -1.8133275586806699
-3.080084834864416 1.9970898004263495 -1.7884975904490752
-3.0893164717588917 2.0462055388532963 -1.719382584181305
-3.0425022453280204 2.2368342042130003 -1.99034857603904
-3.0492461181867636 2.2440952107204044 -1.9413908072827188
-3.0537040645504714 2.2661661996771967 -1.8968185061831557
-3.057311707059311 2.2935147896248007 -1.8551312728738487
-3.0595414104819114 2.32711404057712 -1.818182332719517
-3.0596603180339956 2.3635142086664174 -1.7839399613107825
-3.052610985674511 2.4458105041513694 -1.7587479079536972
-3.0563602057283075 2.458799674021919 -1.7129285532437903
-3.0675964435015786 2.4324943333877584 -1.6569675579527927
-3.027267627537343 2.4031520104334345 -1.9743846622780745
-3.0256635917634798 2.442869146473798 -1.9441453761018874
-3.023940962965306 2.483221320520588 -1.9137154314734013
-3.021761582562326 2.524526762726391 -1.8853517454894748
-3.0148212858656604 2.5724486239917908 -1.8742680759942325
-3.0047544526293115 2.6213209915460007 -1.8756451002852776
-2.9935918387072085 2.669088855653116 -1.8845526311654366
-2.9820828688759677 2.7173011279169645 -1.882403220431965
-2.973647481803367 2.7621909125461825 -1.8631057461627913
-3.0304225551174593 2.392710150086324 -1.964187865038056
-3.0351634426308665 2.4079191694173625 -1.916888670882875
-2.971798986893367 1.5446329035447854 -2.267289500112338
-2.971025845699554 1.5441023827049258 -2.271480069865729
-2.968225160675539 1.5424103718394266 -2.2858939512782226
-2.9620687669680974 1.5389108064714891 -2.3144340976014797
-2.953966003096951 1.5343036457146357 -2.351996309394609
-2.9415531657279184 1.5058959817155493 -2.3912168557190596
-2.929325781232909 1.4812223090107386 -2.432942278832892
-2.9176260924471955 1.4585256124227055 -2.4759253984149954
-2.9042925387826055 1.4216854486188255 -2.5069762751592446
-2.975281067082597 1.547041757584708 -2.248432007500499
-2.980897627884954 1.5509109014710722 -2.218001638745536
-2.9846839802792107 1.5260149629041442 -2.1748613797811034
-2.9891648121713152 1.5051915648111496 -2.129663546021321
-2.9933175093676554 1.4864492268189455 -2.083526023719048
-2.9974731537170336 1.4688071511682474 -2.036946893976251
-3.004205740787504 1.4654404827011587 -1.99144893870933
-3.0121125721594435 1.4683208038493234 -1.9461371248271262
-3.0195531183011486 1.4715972133794077 -1.8971312871904782
-3.0552809387762716 1.9476963973868286 -1.9630266192101238
-3.0604988482878905 1.9202230282198687 -1.9257198985802735
-3.0646092905708837 1.892754612864707 -1.8882444135318794
-3.055484033929592 1.9467207290167203 -1.9616960177310812
-3.060938780194723 1.9172849040126554 -1.9217095896171728
-3.0653412875365507 1.8878638873210862 -1.8815710107520434
-2.8963511209009347 1.4785732680573358 -2.597913346530121
-2.9001624946608118 1.491480144910446 -2.591437651205019
-2.7431148811597956 1.2741589736104895 -3.0614636416539622
-2.7251391614065397 1.2331626204318231 -3.083599505529785
-2.707016962616862 1.1923098366859857 -3.1056904219678936
-2.687684669600249 1.1443832154208373 -3.1242187887867456
-2.745241709889863 1.2685534363991924 -3.047782644549243
-2.732998171811184 1.2208229180130383 -3.0397405689448163
-2.6747346541150776 1.1605054607231928 -3.008649687611265
-2.694553883771783 1.1258911009256136 -2.980733804935065
-2.71271050958952 1.0954875987951664 -2.946739772572482
-2.861456165482141 1.2803366231022038 -2.558791066865804
-2.8745071069340624 1.2919140334094252 -2.5120355006727757
-2.886563350850806 1.303719698786362 -2.465050599059178
-2.8947163689019177 1.2974373946348998 -2.4162224198294324
-2.8999438939691196 1.280241889776665 -2.369617990560367
-2.908292721227707 1.276555548797067 -2.3205168586746954
-2.91925098838849 1.2874370338744996 -2.27301642226312
-2.9476469210348712 1.3805807449323175 -2.235735015769727
-2.956524306125767 1.3832516150940741 -2.1867206689270686
-2.858372625459106 1.2659157179350227 -2.556740443872646
-2.863205439333597 1.246779369392535 -2.511024642890174
-2.862229811275748 1.2151101874255583 -2.4725159512532104
-0.8539917346658439 5.070828205820285 -0.572752523630523
-0.8408437414011766 5.076260591722961 -0.5248381887299495
-0.8276433086359718 5.081508508665172 -0.4769043385069131
-0.8144315076365488 5.086718299039244 -0.42896745270542336
-0.7863688685593927 5.0958894116786935 -0.38284691121487313
-0.7811932431592179 5.098895237827624 -0.33407270421608115
-0.7758801688315685 5.1012205384477465 -0.28530603334441845
-0.761877590681281 5.105422274973616 -0.23747946009077905
-0.7627462946802401 5.106152125796639 -0.18748852369649144
-0.8683190575311547 5.067148445081084 -0.5707123637856988
-0.8857133460963067 5.064004759562443 -0.5239618672615024
-0.915908237121877 5.056664079520988 -0.4848511799870459
-0.9503272007351269 5.047244989456817 -0.4498839179310445
-0.9891570839072218 5.035322081477088 -0.42096518897914487
-1.0324130767319482 5.0213304866091715 -0.4109268231090959
-1.0771228206103494 5.006780696603908 -0.4035386354588844
-1.1148565736706726 4.99266153764768 -0.3971285261084594
-1.144353824037047 4.981346635070266 -0.3921214350063639
-0.35089999673035854 5.125069369523771 -1.2213526194532445
-0.3297882723340949 5.124922449884902 -1.251221893272926
-0.35884294499201713 5.125043216753375 -1.210148009866226
-0.3510384620042471 5.125069183056365 -1.2211543421452111
-0.3434944655392521 5.125094360134492 -1.2317924725173992
-0.33039696754193904 5.1249527454057855 -1.2503808985182334
-0.31816100784331935 5.124324121089883 -1.2674930028386828
-0.35490645381691877 5.17220776400181 -0.4597033020286273
-0.36078336072004064 5.171796990565673 -0.4479596610604444
-0.37305844522048615 5.170938838716337 -0.4234363033400932
-0.36054381395379237 5.1740547183854355 -0.37516126557810087
-0.35274434307660385 5.176341631802654 -0.3258433775827168
-0.34713750872352583 5.178002109772983 -0.2761865627805696
-0.34357678864892727 5.178872876630213 -0.22632156477779286
-0.3576065936052299 5.177772927701558 -0.1783635420322693
-0.3843449327331761 5.1752398191946805 -0.13621268653436572
-0.35996048362819644 5.171854585350839 -0.44960141398471265
-0.36756775185610696 5.171322865898265 -0.4344000567898337
-0.37390939557110303 5.170879723080177 -0.42172402053623986
-0.3405256830582132 5.175894084530597 -0.38507540371600635
-0.2354935090585571 5.185831058616937 -0.3869617131312872
-0.4935006412321366 5.154827869328992 -0.4297492116978179
-0.5122937686360212 5.152861185344893 -0.3834720587621262
-0.5310407611313439 5.150904107248947 -0.3371785595793383
-0.5497752161829969 5.148832857892443 -0.29087308384005145
-0.5722410314913682 5.1454606538559755 -0.24633509698411452
-0.575194973297282 5.146401931000935 -0.13900329468720501
-0.5842097570867207 5.144909487547559 -0.1389342526767369
-0.5806001192353637 5.145507086505671 -0.13896153610914075
-0.5720179944235625 5.14692792235636 -0.13902572106203714
-0.47915368640047495 5.156954965724827 -0.42620110651688353
-0.4665104422764705 5.159826354258759 -0.3779247555053703
-1.8796185514710861 4.527590967059938 -1.157823705926376
-1.9622829918134055 4.464040874049393 -1.1619688506140908
-1.9801463544614233 4.45345051288033 -1.124117800315338
-2.015226962108442 4.427067898108202 -1.1002043341676566
-2.050492769282324 4.399972544986245 -1.0774215194381833
-2.0856732420970316 4.372278469245956 -1.0552725635773048
-2.12001302470679 4.343304084320203 -1.0334102604538191
-2.1968838127926404 4.27176214531759 -1.0359519758846512
-2.2080564919090637 4.264084812532602 -1.0027193333280937
-1.871317797445977 4.5349261361744935 -1.1478074841849528
-1.8845776649759218 4.530020825893967 -1.099875953884882
-1.8950990025743581 4.52682679636188 -1.051119774658425
-1.9046123173485965 4.524366428023782 -1.0021036928789837
-1.910984768609874 4.5241970566445975 -0.9525250907968119
-1.910235161576268 4.528979363002347 -0.9027701684950448
-1.9054109375239803 4.53673799026556 -0.8536176545785357
-1.89633655775111 4.5476756197793815 -0.8056855220240403
-1.8842119952743202 4.559832974582141 -0.7587390191924774
-1.9714114821350024 4.374061166148957 -1.7519868164131631
-1.9621988832829358 4.374120129571957 -1.794910288740011
-1.9736857741247327 4.373944399515038 -1.7411989564593542
-1.9708687816108275 4.374092220372355 -1.7545423683337404
-1.6014339867023426 4.731709192948741 -0.9444814400748985
-1.6385310253471779 4.712405065930498 -0.9171948220338959
-1.6748071485768967 4.69172065429223 -0.8897793964091673
-1.711121329001833 4.670624194610796 -0.8623096113856445
-1.7472887663219285 4.649617670158297 -0.8348603661266788
-1.7804458754127939 4.630152567494145 -0.8032630335686163
-1.6063605618893388 4.727829151619251 -0.9580283452105858
-1.6489425248095995 4.702032969991023 -0.9610599480875637
-1.6875582738693093 4.676251577643104 -0.9792497696941527
-1.7238652865201003 4.651431277418464 -1.0028684864289896
-1.7557266096791877 4.627709083349884 -1.0331223801545675
-1.7818390058306246 4.606171697692823 -1.0696640144216674
-1.2825379857462194 4.910506202758849 -0.7253326003067516
-1.305639860154057 4.902101679524151 -0.6821787941403132
-1.3256875149539404 4.895239887666087 -0.636902999425062
-1.3462254379046783 4.887868654301946 -0.5919445715489499
-1.3668994413806006 4.879979878418054 -0.5471269727527003
-1.3879029482498662 4.872116677539602 -0.5024152956175916
-1.4206767324957268 4.857891030958145 -0.46746499938291586
-1.4601209178777217 4.83884881174069 -0.44342684834541707
-1.5023696980362218 4.817419143553353 -0.42761669532631313
-1.2804760326589093 4.9112555889934395 -0.7291980269727503
-1.300418853288294 4.904002389068193 -0.6919080669575235
-1.2905679865836701 4.911269728431829 -0.6435062995162041
-1.2687990550851722 4.922649710646625 -0.6000486540793679
-1.2411452656330633 4.935983393687778 -0.5606437263201988
-1.2087681141514022 4.951001817705919 -0.525685910040837
-1.1858040656864304 4.962481770321843 -0.48285238776309697
-1.147962676635692 4.972139974570885 -0.6121861076586557
-1.147475592064168 4.972607046978526 -0.6057887670789144
-0.11168179155048152 5.196903977512034 -0.0867254377997865
-0.11580310496272417 5.196679521115887 -0.0368454818695261
-0.09678895311516642 5.197342963095741 -0.08775692060543828
-0.06933082814907271 5.1980613311175965 -0.04583383132769079
-0.030559650472744317 5.19913287379693 -0.014185896585678653
0.10331632620393068 5.197513925950655 -0.13946593674214142
0.07823246124266481 5.197616442953941 -0.15597899633507706
0.045625096037270066 5.1974379209510415 -0.17734471181365996
-0.0041666479360463315 5.197395889806511 -0.18201040562973003
0.0924238698623973 5.197694306481662 -0.14665993703885938
0.06478790730136355 5.1975427737660596 -0.1647959056256271
0.03323959573383229 5.197370036603921 -0.18546930595479205
-0.01667952272531647 5.197349024200791 -0.18758511001101918
1.079137964496731 5.006411390647388 -0.37426316371136836
-2.873194575536801 3.07279677194332 -1.884250245601784
-2.8825236917211225 3.0681248687496883 -1.8353608908776606
-2.8913322315770906 3.06327035981265 -1.7863888769740464
-2.9001490610703455 3.0584200443009437 -1.7374092781924437
-2.9089654547796377 3.053569041635627 -1.6884343576531071
-2.9173782995422934 3.0485782653073836 -1.6394095661545665
-2.925488102570453 3.0434844048049694 -1.590340052834099
-2.933420487533015 3.038283697525698 -1.5412459862211179
-2.9413297271869943 3.033098471643074 -1.4921504785663646
-2.8680187169846434 3.086814552253977 -1.8841929678616398
-2.8658692091518865 3.1108811516405583 -1.8404402465498733
-2.8567635554472304 3.1455845089977648 -1.8056617914352966
-2.8328681390650936 3.234716797932654 -1.7153219699861997
-2.825769560766823 3.246654373050679 -1.726821416598634
-2.808706860072971 3.2898149688506937 -1.7076081088197035
-2.7907685003199574 3.3338543375508847 -1.6920159940090158
-2.77125971218127 3.377700295865144 -1.678484052627833
-2.750675513025122 3.421446685509838 -1.666232197818572
-2.7299845244665253 3.3449063783764035 -2.0403636085485584
-2.713182537296909 3.3863583923772578 -2.0180431717045497
-2.696141166023716 3.4276509138620166 -1.9956842285142127
-2.6776619708784812 3.468198461787235 -1.9730714954026012
-2.650192788254626 3.5336306986120065 -1.9222594845532848
-2.6496079827492425 3.5344417323754387 -1.9231176066845657
-2.657570007078076 3.523542268402165 -1.9109571776169816
-2.6728642395475517 3.502600835011331 -1.887613902552971
-2.6871537519888826 3.4903450143781787 -1.8413428004397594
-2.735522585384703 3.337996225551934 -2.0283506103762714
-2.7313009179604597 3.3617918429253333 -1.9846388770971428
-2.7343029438140203 3.372859002657063 -1.9359818175680465
-2.739966831688365 3.377889313544199 -1.8865632931877245
-2.7492096293168125 3.3748537093783657 -1.8375255659623115
-2.76497207447651 3.3564123126994305 -1.7938221724225085
-2.9377964480806162 2.8240481780462523 -1.991951937871278
-2.952369634708405 2.7788240431923596 -1.9767795755892625
-2.9224497711451307 2.869143997259474 -2.0066759937865597
-2.937083057858298 2.8219028474383876 -1.999750026356902
-2.9487064750876124 2.7738870064271626 -2.0069828076817346
-2.95659931465806 2.730203444009525 -2.0298738326222114
-2.9622213916896074 2.688613059503014 -2.056934888091813
-2.9667745741654894 2.647340577616383 -2.0846794090024923
-2.9751328724567805 2.599503575170532 -2.096138694571973
-2.9849456694299255 2.550710086606747 -2.0927834201840096
-2.9937278570552075 2.5017841364184665 -2.0897368846313196
-2.9400573995410184 2.6092529471249195 -2.2884027624799903
-2.9399306772810365 2.609593659309201 -2.2887563265681865
-2.939804267786922 2.6099211080484674 -2.28912171261683
-2.93966157244106 2.610296142240632 -2.2895286557054004
-2.9394887299155537 2.6107550510280615 -2.2900168305248974
-2.93927192670419 2.6113342863288427 -2.2906254806077215
-2.938995602133649 2.6120752217226855 -2.291398495161893
-2.9386409489306007 2.613028131051813 -2.2923886466065846
-2.9381844439814926 2.6142561024576993 -2.2936617268905644
-2.943747683421312 2.5993156671284474 -2.278122333044269
-2.950644222982331 2.5807484999711794 -2.258905806588977
-2.9733492457490702 2.467284199547627 -2.248207327848854
-2.9739439209277108 2.4678328068234903 -2.2440475217091342
-2.974295017383744 2.46821154589583 -2.241535383443533
-2.9741098138572473 2.468034508993641 -2.2428372309923827
-2.97368013523375 2.467601976614651 -2.2458798982560344
-2.9736587642065158 2.4675870592659948 -2.24602447462184
-2.973990391352366 2.4679346383392855 -2.243662048794916
-2.303193397247167 4.067893174016179 -1.676431720169618
-2.324410761222212 4.05192380438549 -1.6340934401522245
-2.345622851200364 4.035962442786183 -1.5917424325193479
-2.366275227966075 4.019516154114475 -1.5493039978578695
-2.3866150797566785 4.002815957727181 -1.5068159981356577
-2.406915814488221 3.986075108457654 -1.4643139021225
-2.426741641909926 3.9689624639835 -1.4217418305717349
-2.446174807966103 3.9515813465894807 -1.379103048222711
-2.465624351334052 3.934178367735569 -1.336468125240595
-2.3098001814974403 4.058503589590553 -1.685945591707091
-2.3417658313188414 4.025498718036214 -1.6663444948075996
-2.3747008255606845 3.9882654109154747 -1.6617477005162349
-2.4061129997458086 3.9494792957182216 -1.6636553345976453
-2.4355754310202378 3.910324234641079 -1.6732356349084592
-2.466512387709877 3.872654121791549 -1.662628360366154
-2.4947092027253586 3.8396541571001563 -1.6380697888966134
-2.5202639922300483 3.8110094070453395 -1.606234348465607
-2.544201187276836 3.7854458084247207 -1.5706545448954192
-2.1636565172210154 4.221909374070408 -1.6245820937069062
-2.177040159215524 4.21648702180288 -1.5767543969810522
-2.1906402502588262 4.211273350110635 -1.528903500999072
-2.2042651857482043 4.2060656226108595 -1.4810866191963867
-2.2174956201247578 4.200434655884801 -1.4332304413012078
-2.245748077207061 4.178917165192213 -1.3825173906308212
-2.245215710513235 4.187153041626343 -1.3332869232267197
-2.2440887487639625 4.194574071361297 -1.2850581075801513
-2.274611536686337 4.169959815802291 -1.2306284384083623
-2.1532560419772957 4.232463650650695 -1.6227651221131805
-2.144860455263088 4.248327366885233 -1.5761449105817222
-2.1260985818451155 4.273069912681499 -1.5370234975862767
-2.1022218764507086 4.29973735803886 -1.5021939015175985
-2.074019208377921 4.329180700822464 -1.4733394485714422
-2.0438675992139146 4.35985609118833 -1.447926231962333
-2.0118670605223983 4.390761765874078 -1.4252417550668908
-1.9896091092586756 4.4138919663515495 -1.3870121482849163
-1.9207600084691396 4.474500706169156 -1.3529423522388428
-2.555585208206983 3.681335140360172 -1.941263386869126
-2.5559939201739943 3.682938914058378 -1.9325386064567658
-2.581546877341185 3.65177542949601 -1.9029580246912967
-2.605877947615441 3.621774845513525 -1.871232715340848
-2.6276132867842574 3.595577992301707 -1.834640917262207
-2.6422096052850086 3.583281199262024 -1.788472419742458
-2.6479193342130976 3.586265012262839 -1.738934660692056
-2.6480843098350872 3.5983655596714046 -1.6905163058179207
-2.6489347597065382 3.622565521377933 -1.5901868022275265
-2.555955035267688 3.682810635742466 -1.9332732815376934
-2.58293963438653 3.6473509763944754 -1.9107349938403413
-2.6371864259008433 3.4274071012648486 -2.3062884278108573
-2.6436170240436923 3.399781503652763 -2.3472553543527632
-2.6501476462139113 3.3721789937001305 -2.38829311464433
-2.6440703863739916 3.4185558788976222 -2.296517416567018
-2.6633269606123027 3.376249788804555 -2.3142420392299563
-3.093954249807449 2.030919194974226 -1.6872660201219183
-3.098928152378024 2.0129001762344254 -1.6493195580654165
-3.103535959725014 1.9933166447869772 -1.6080140382143182
-3.109390919201233 2.003574078938912 -1.5612188317281552
-3.115174426813034 2.0096533364157065 -1.5143384373857431
-3.120154159825593 2.015721161700868 -1.467341905191184
-3.1254402551118985 2.0076504156653057 -1.418288186432895
-3.130528337375401 2.0000999758497886 -1.3691319099487906
-3.1353122059508354 1.9928736195802217 -1.3198936436766378
-3.095077579239459 2.027212062663218 -1.679488082577352
-3.1002221487238586 2.0074128481360853 -1.6377218404214728
-3.1050273695029635 1.9869812879963686 -1.5946451996010522
-3.1107833124165483 2.005039043253986 -1.5499324868772648
-3.1165149969293817 2.0111988632763107 -1.5023464588867175
-3.1215460252067873 2.017450903947504 -1.4539537411855983
-3.1268838016734986 2.0165396886560214 -1.4042490559584944
-3.1319937783097513 2.0229260510393536 -1.3549298725676289
-3.1360365890050756 2.0408099564871516 -1.3084657793916878
-3.071483743797381 2.4432142067286713 -1.6151786250064337
-3.0748675795708658 2.4546477359212164 -1.570199868157615
-3.0759195205380676 2.479042659089021 -1.526611624700446
-3.077421070330703 2.5012924902038813 -1.481883828635676
-3.078840605556465 2.522333797765968 -1.4365640821017032
-3.0802793801807637 2.5427717207574645 -1.3909492813739839
-3.0816371728687373 2.5627865487882064 -1.3451433390012757
-3.082872139857418 2.582526022068962 -1.299212776701911
-3.0836234313447664 2.6019909177899607 -1.253181829034936
-3.071878450115888 2.4445533351195405 -1.609924325585143
-3.075455508647097 2.456634712494668 -1.5623843448946095
-3.0778799694486376 2.4748515821866555 -1.5159166408819904
-3.0819169033601663 2.484698209559045 -1.467072815308067
-3.0878569801988744 2.481334270354565 -1.4175372315707773
-3.0955485366130038 2.464370933955025 -1.3711415770980666
-3.103657433717977 2.4359827863945074 -1.3308328088343908
-3.111414036684076 2.4027237071109933 -1.2943548403942735
-3.1190762878101057 2.3645368767125476 -1.2630319304046946
-2.972363776339054 2.7910097432952137 -1.8226841686206723
-2.9707168245264906 2.8197787371118226 -1.7820231209854311
-2.9680075158848087 2.848139904290237 -1.7411502720060148
-2.9652795997346524 2.8764838728082944 -1.7002497560623913
-2.967694707373294 2.8898721431855785 -1.652384964484887
-2.9755272966046897 2.8837022352319828 -1.6036158059636605
-2.987266950405988 2.860796687543052 -1.5609423679972425
-3.0010113914674696 2.826266520231986 -1.5276584212641957
-3.0148805820133933 2.7842928820912087 -1.50426847877221
-2.96835721505177 2.801094996135926 -1.8326745208713282
-2.9578886846846983 2.8465783456007063 -1.8157295668000093
-2.944074796677553 2.8937541042447643 -1.814050391242757
-2.9292255349904024 2.9407428442230477 -1.8185171339073454
-3.01901767457273 1.4296034169231402 -1.84751880935714
-3.0261217522296593 1.4285610813083813 -1.7985984495663971
-3.032326555888929 1.427653700994271 -1.7502241888854169
-3.037076049650022 1.4188941574575102 -1.699871841201283
-3.038005042732518 1.3945996615195178 -1.658513294949432
-3.038268405428 1.3703401838084608 -1.6168807936278398
-3.0377617469642835 1.3473371247227106 -1.5770658243802105
-3.0484053651694456 1.3745644380253352 -1.539214180574145
-3.05820344325009 1.3963583616867756 -1.4954626957593127
-3.0185714229818705 1.429665269979533 -1.8505868551045699
-3.025162708516695 1.4287017243235078 -1.8052025541207803
-3.0307806697788253 1.4278602782659524 -1.7629229347256943
-3.034761183068593 1.4272831003298552 -1.7301616858632187
-3.0368168733261625 1.4255167347732014 -1.711193667226495
-3.0471886429006303 1.4678232868489345 -1.6869628640717098
-3.05748310688042 1.5119116119888907 -1.6659659685093424
-3.067346017068086 1.5566257369912528 -1.6461215062345385
-3.0754270602004743 1.6018757784195863 -1.6266122516375106
-2.9637488216627874 1.3855696829710553 -2.145280620172239
-2.96288259176593 1.342622032317258 -2.097212863217904
-2.970834504452323 1.3431160951733714 -2.051673413080608
-2.9764498775343564 1.343728683717607 -2.014931046687485
-2.980564907403327 1.3441849783125381 -1.9880157766657032
-2.990175558742968 1.3437079531472247 -1.9230463668562892
-2.9888395854115974 1.3163611260461574 -1.8946052207969508
-2.9868780228643805 1.2926685665799218 -1.8695616913489173
-2.984484605429445 1.2700572892162898 -1.8455838730027772
-2.9647770573985395 1.3859013050146303 -2.139384637736387
-2.9643509004384954 1.342724393081081 -2.0888498856479973
-2.9726050293265454 1.3433068203934226 -2.040085246644373
-2.9801089099858533 1.3441320044397527 -1.9909950341533909
-2.9905191383793803 1.3507765474649036 -1.9304094787688981
-2.9895156773499254 1.3302681171853727 -1.9090908409408571
-2.9884895538862217 1.3093057727832507 -1.8873033867683497
-2.9859336103537357 1.2836730942081873 -1.859970054904409
-2.983004364410653 1.2559855413530152 -1.8305990356820758
-0.7807559805330466 5.102321271174818 -0.14105514745593686
-0.7985221214211514 5.097933910958575 -0.09458802162641057
-0.8163394859965039 5.093533954908507 -0.04808751457909627
-0.8341497033300577 5.089135750652387 -0.0015810197700647046
-0.7666354868141015 5.10578673878048 -0.137671579591703
-0.7537149011386163 5.108933571639679 -0.08949193677186675
-0.7270220403559123 5.115465604808917 -0.04770559184996179
-0.6955438052677284 5.123174684765 -0.009653506629793276
-1.1504515617963855 4.9806374701358465 -0.34579045299328953
-1.1582875005227122 4.979302857884278 -0.2980163061565921
-1.1659627144925813 4.977197838779786 -0.24945679618570307
-1.1735395877032961 4.974648503192078 -0.2004917620455875
-1.1850088679212019 4.970581638520825 -0.15199136360172852
-1.1956046313175943 4.96708585846189 -0.10325299953584388
-1.2054315264720752 4.963441010298158 -0.05436702917165939
-1.214719159993582 4.95942726087244 -0.005404549417062017
-1.1509617713572626 4.980551092834547 -0.34266532083708207
-1.1590341013389462 4.979176701649146 -0.2934365186815402
-1.1667726221920003 4.976925546234094 -0.24419679066886243
-1.17594137079216 4.973757778966737 -0.19515172324562696
-1.1869062937877954 4.969888061121806 -0.14652783015909093
-1.198666008369308 4.965966346798141 -0.0980950108862313
-1.212417781965849 4.96050213248846 -0.050369772080019616
-1.2333101288315975 4.951633777898091 -0.005846895904046435
-0.42312376049487666 5.17103927255159 -0.10493058624346506
-0.46176802295313074 5.165667358066676 -0.07366478842266935
-0.5003444413647955 5.160135166955468 -0.042374381273543135
-0.4122388060404833 5.172513369966443 -0.09480697171955853
-0.42552072668806956 5.170590001275956 -0.04667071628885331
-0.560373588475968 5.148855666489111 -0.13911828587089517
-0.5820652409757561 5.1452645085271715 -0.13895173534486072
-0.5976532655956258 5.142683772217131 -0.13883664758159397
-0.6268988891198842 5.136838488960146 -0.13860709884346178
-0.6648990248343617 5.128427504428329 -0.13830539654985877
-2.242756236254556 4.230560333170202 -0.989733210251992
-2.2774105011755257 4.196990590243936 -0.9767730197750749
-2.3114334384899373 4.1628256019244585 -0.9637433812247683
-2.344377706714404 4.127641483405008 -0.9505987304658563
-2.404086442417186 4.061510962741576 -0.9489402484635482
-2.4095640516486894 4.057483329307806 -0.9251053867543094
-2.415058346338168 4.053283357360923 -0.9010227893655365
-2.446443149975461 4.0166920720135995 -0.8873635135877613
-2.477605361035229 3.9803924791247924 -0.8729880748778415
-2.23925103778839 4.2355506648208845 -0.9760963064155168
-2.263194651351013 4.215204152662179 -0.9372875466891287
-2.2778435915317017 4.204566866511145 -0.890727321033555
-2.288556829509682 4.19807434551105 -0.8423471417393015
-2.293658392129869 4.197141255075432 -0.7926372676250324
-2.295565302426953 4.198986709507351 -0.7427232153071528
-2.343081765114532 4.153576731255206 -0.6906716273775456
-2.34360519380354 4.156305613118838 -0.641433911552034
-2.343936281556785 4.158835899665399 -0.5928710620384748
-1.8647028600860585 4.576513878838788 -0.715865916612265
-1.8451535683018874 4.593084589369337 -0.6729350308208273
-1.8255980853353548 4.609624839482938 -0.6299967168069718
-1.805975270447574 4.626025916298858 -0.5870517990306581
-1.7856835278288696 4.641448265862691 -0.5440513441041003
-1.7653832393135378 4.65685827229674 -0.5010446950801202
-1.7034065587148377 4.700567256444945 -0.42991479967644697
-1.7206114157527137 4.6911564102903816 -0.3948463710187045
-1.740854825188658 4.679054073503211 -0.35267309938802943
-1.8760725580742306 4.568648275407462 -0.71022427794801
-1.8808423958653864 4.568091293425315 -0.6604716916883757
-1.8978111750096478 4.558529424768969 -0.614437666610204
-1.9191232083040488 4.545334221222478 -0.5711991778194174
-1.945009369809329 4.527337619329491 -0.5324278449727912
-1.9730054707078453 4.5069436858553695 -0.4963989783630664
-2.002592171061224 4.484741159848259 -0.46280973827583693
-2.064929227660158 4.435139443963075 -0.43501158887291425
-2.0675149392800205 4.4344688734023485 -0.4022944515542175
-1.5939892282999084 4.76583730777958 -0.4509946005154546
-1.601729716710744 4.761821414294464 -0.43255385483443787
-1.6092532577804077 4.757916419844577 -0.4146768492765262
-1.543646073972878 4.795334814728621 -0.41014892171379946
-1.612118087590184 4.756429925436714 -0.40785665486460654
-2.9462215348364618 3.0347821830651815 -1.4424288011217647
-2.9620678429067184 3.003247879348171 -1.4011050233914162
-2.9510092150850147 3.0208245250940644 -1.4446795877555583
-2.961830140641846 3.0035224303171453 -1.4023936602576648
-2.7312075542633902 3.463518554747389 -1.6476283595966643
-2.711130435635576 3.50526195378107 -1.6289778584444885
-2.7278416852829364 3.4656794970079794 -1.66201191618796
-2.703557738089147 3.5073194212795116 -1.6750404065366102
-2.702548795810485 3.4748466706354186 -1.7965024640915985
-2.6962926179419515 3.487731304350123 -1.7923716282152178
-2.9975741318750444 2.4574316951992734 -2.1117439131962508
-3.000693112095937 2.4128411091181605 -2.133633504505673
-3.0005945463899266 2.4532811738507214 -2.0977894196866584
-2.9733489536235815 2.4672870547116883 -2.248206169943895
-2.971848465900147 2.46574052750855 -2.2588684770862746
-2.9675660115744864 2.461958933021115 -2.284314049735636
-2.9753920101122073 2.46939382778498 -2.2336873717837893
-2.978633726173445 2.4727386337731274 -2.2106483668688686
-2.4811272021978943 3.922185833688247 -1.2904794200515752
-2.4957433376132148 3.9096012937715434 -1.2443672216073418
-2.510321601341445 3.8970088541608687 -1.1982453197453833
-2.5249028457549034 3.8844128597625467 -1.152116786283664
-2.5392685196383447 3.8716693483093545 -1.1059731376276989
-2.553517932767415 3.8576952384147742 -1.0601493123517438
-2.5769100806932417 3.829797442591684 -1.0259182504374103
-2.605215281466264 3.7933138312735957 -1.0068259729760085
-2.6326859729070957 3.75222596374258 -0.9996582602979207
-2.488254591710815 3.9115044896299707 -1.2980984225203036
-2.515210637117599 3.879082663224352 -1.2713015402526437
-2.544738149227062 3.8407659197614934 -1.25871833968783
-2.574375264954278 3.800950403039358 -1.2530856163869373
-2.6024698906212973 3.7597030745291793 -1.2551088078415489
-2.6290425954901835 3.717827474386375 -1.2610996905871519
-2.6550755136670348 3.6761997183266373 -1.2703008164771505
-2.6799856090647483 3.6347346811843666 -1.2827313551243833
-2.7036549864078574 3.591915756291172 -1.2926975273164172
-2.5727895175593516 3.7473119938999697 -1.5559181487876415
-2.6002820765943473 3.708378904130285 -1.5410267754267375
-2.5703838406176165 3.7535545846698404 -1.5425838185621241
-2.605128651193348 3.708895725010905 -1.5052952125213213
-2.612179932675112 3.7082739458078193 -1.4594715624376255
-2.618751138507752 3.7071432836940614 -1.4118131637730291
-2.6251411171727597 3.705787436332236 -1.3632111978492363
-2.2734299093306753 4.178195299557148 -1.1816946898858987
-2.2717384483661904 4.185765190279582 -1.1325680347532634
-2.2714319024743346 4.191531215714947 -1.0829810428787268
-2.273445470701908 4.178057009780953 -1.182549046429634
-2.2718331050099616 4.185448820972779 -1.1345759562879698
-2.2698867443314965 4.192662944169602 -1.0868474402226995
-1.9174678116551271 4.482589897212685 -1.304059589277892
-1.9161532997635153 4.489003888597847 -1.2568591007096663
-1.9176003434029982 4.482268927430375 -1.3059868176296365
-1.9187143690199633 4.487671549480694 -1.2517606747080452
-2.6490163035060967 3.622428055157735 -1.5901700978826778
-2.6492599791095457 3.622014048691724 -1.5901333899720445
-2.650152301500597 3.6204979869476244 -1.5899989686135214
-2.6534257724240575 3.614936331406008 -1.589505872300542
-2.6634433004767497 3.5979164057055435 -1.5879971311249825
-2.6541799216427733 3.6136565931337365 -1.5893858383235395
-2.662219967764911 3.5999964426691395 -1.5881749066418969
-2.6688438890917188 3.5887424241515444 -1.5871767843812088
-3.085455043635996 2.61430318593402 -1.2047749546012092
-3.0870770847516633 2.626514988956348 -1.1563263760942748
-3.0887076700395775 2.6386921527752234 -1.1078639171851894
-3.0900653302782057 2.650791885986944 -1.0593927515912394
-3.0911685333844496 2.6628139164761087 -1.0108917346041497
-3.10212095224863 2.6323458253307312 -0.9571080069819671
-3.1045437772306013 2.639019045231005 -0.9077414678123357
-3.106379836500933 2.645584798742008 -0.8582661447216834
-3.1078292325773496 2.652087841409368 -0.8087324326307528
-3.082098929358757 2.6277351356009304 -1.2103629265809197
-3.0769422355650136 2.665474933481803 -1.1779801586142613
-3.068974658174278 2.7109205435486783 -1.158770650313243
-3.0585606351909758 2.758063058454386 -1.1459754572469478
-3.0462380932088453 2.8061925082524852 -1.1407788128053955
-3.025165172762679 2.884911564156718 -1.1385435741992653
-3.0247340580347393 2.884947836985821 -1.1430475783902163
-3.0240700955739603 2.8850344785744255 -1.1498807730651432
-3.0233010631447064 2.8851298768416083 -1.1578119510050358
-3.1265608224913812 2.3200674350964676 -1.2414539713788157
-3.1322808415322627 2.2754544535288925 -1.2197668990971466
-3.1375817758439926 2.230913973088085 -1.1980333282736613
-3.142851784059626 2.1862467555329066 -1.1762900607618303
-3.1477938229675066 2.1477666075597175 -1.1449010679621696
-3.1520873370579827 2.1230577613200623 -1.1017446918098934
-3.156417370165738 2.1095904506962753 -1.0538398505182358
-3.1602696878275203 2.1034796937455082 -1.0043981618503544
-3.163928690895211 2.1028296241201643 -0.9543785746774529
-3.1267146307698224 2.328566359572785 -1.2291683159410447
-3.1332588256464398 2.305205966585624 -1.1854734546084487
-3.137815477717071 2.2964003980593564 -1.136505558921389
-3.141974215768092 2.2944960529119838 -1.0867444449176675
-3.145529668945529 2.3003864693107485 -1.0372361603199474
-3.1484461075023287 2.310287125635426 -0.9883377365319407
-3.149016008443647 2.335570190707337 -0.9452542975599292
-3.1469640805036256 2.37126983290483 -0.9103607048349805
-3.145335851525925 2.4030973487896694 -0.8719070104933074
-3.028332238968707 2.737220400178369 -1.4939243411223637
-3.0411237014100303 2.690057401716729 -1.483530483993408
-3.052276755251732 2.6427487697049847 -1.472941750118643
-3.028512722359452 2.7426991353837304 -1.4800564153438003
-3.0407013183918017 2.7114702594711964 -1.4429803719148506
-3.0497935552749063 2.692971415358905 -1.3974745760159883
-3.051260551135475 2.71023944520509 -1.3477760065194062
-3.056784919095156 2.708359761794663 -1.298210409770064
-3.066737984576658 1.4184660706466823 -1.4515596876292591
-3.075387290570754 1.441520027437252 -1.4080906299860583
-3.084021372203576 1.4644197066519886 -1.3645186254307953
-3.092293084912623 1.4872911103453919 -1.32087557094852
-3.1005451718726484 1.5101920470739771 -1.2771991234340296
-3.1086351356088437 1.533083200553375 -1.2335002763830414
-3.1161403635318763 1.5560397404938473 -1.18974065301879
-3.1228448714613073 1.5790834632604311 -1.1459097279244412
-3.129411214678404 1.6021360741653237 -1.1020471428804954
-3.06628073094485 1.417285369198599 -1.4539178052650918
-3.074240305869971 1.4379114571256815 -1.4129847631356158
-3.0840631846581252 1.476327393327533 -1.382927553646037
-3.093364326878539 1.5232899669634405 -1.3695435919633154
-3.101397733950348 1.5722896945093696 -1.3658261058664614
-3.1069410047907224 1.6217208192124688 -1.3697561996993644
-3.1117973783136827 1.6705496539377709 -1.3786717607281471
-3.115106138306442 1.71830368389418 -1.392763375443872
-3.116743643241844 1.765253619672483 -1.4096654634648824
-3.0826014245059303 1.649866672109166 -1.6143319853414513
-3.0897599239564935 1.697824398087392 -1.6021461003755535
-3.0949499439875283 1.7458755274886186 -1.589786886894422
-3.1000073912439263 1.7939733136263525 -1.5773620516407947
-3.1028759086259314 1.8433011870738252 -1.584246272849026
-3.0836352707203463 1.6438988795493703 -1.600690840783349
-3.092117562688881 1.6749762460687072 -1.5625248644448217
-3.099565817388434 1.6926491527503849 -1.5164844365338033
-2.9514384642306997 1.136209569891169 -1.8311951552401384
-2.951983676119671 1.1362860118293012 -1.8272962736463834
-2.952916271550996 1.1365885576382209 -1.8209766688363045
-2.954493974946653 1.13710861910251 -1.8103023314765168
-2.9570562055440783 1.137967320094448 -1.7929956375438494
-2.960438057174222 1.1390947127413935 -1.7701405831069936
-2.9488750236008325 1.135538230296519 -1.84585813115788
-2.9440958267315303 1.1344347111776196 -1.8728822231010147
-2.937545891976749 1.1328654847232336 -1.909810725912359
-2.945052165408526 1.162784397779529 -1.9210532636077648
-2.94507301741193 1.178417229894259 -1.9507029447808488
-2.945087990094331 1.197115439160823 -1.986227257816432
-2.9442360283854367 1.2182153571181555 -2.0257962890685097
-2.9433892194180844 1.2338745840747383 -2.054987285574699
-2.9294528033501392 1.204829525318343 -2.0931700901770287
-2.5081965952291485 3.941777179329731 -0.8653568866655235
-2.5666093764338105 3.8659119160765614 -0.8535255375936548
-2.566570290928095 3.8662116912222766 -0.8506776085531081
-2.5665354048220697 3.8665123704317996 -0.8477521826035957
-2.5664952297086105 3.8668494961448974 -0.8444890782142348
-2.566447186028567 3.867245450661701 -0.8406702525665181
-2.566388766048261 3.8677215601057817 -0.8360887482884849
-2.566317285000847 3.868300222385034 -0.8305280210264722
-2.5662297192854053 3.8690063027986166 -0.8237483590671543
-2.5062048281432086 3.945883535821718 -0.8511293284043426
-2.566041484638507 3.8704442068481764 -0.8101000369389407
-2.6222384107186767 3.795930471824281 -0.7619243963583909
-2.622523988562623 3.7997474082011786 -0.7254371683672901
-2.6221771239344576 3.803097573326337 -0.6896299978796354
-2.6217041317854237 3.8064719759667387 -0.6526741927368094
-2.638911457217399 3.7843380669998643 -0.6112908912940759
-2.655395158309724 3.763360549994779 -0.5690129736775099
-2.6710300888099705 3.7428219273220003 -0.52621782209951
-2.3403048956439796 4.165583292817383 -0.5434726095663099
-2.3366816848414875 4.17220474725228 -0.49406096093542023
-2.3328510627863426 4.1785677689755785 -0.44465380963008955
-2.378060047558078 4.133077939084231 -0.3797308354677905
-2.3719260192131766 4.141669794424798 -0.33154123758369786
-2.3726331142652457 4.14245938403125 -0.2815454463466752
-2.374329706106744 4.142182054278272 -0.23158193152417528
-2.376055816693011 4.140714153418331 -0.18164902047777998
-2.3780133715740277 4.138719327718413 -0.13173955767705126
-2.3303870239041533 4.1757528573300915 -0.5478872103327328
-2.307717415994087 4.201614040541033 -0.5118947825619254
-2.252742049975657 4.260414922080498 -0.47241458569472045
-2.1634820186941743 4.347054215611323 -0.46308883376762006
-2.1629390106924395 4.348234555501654 -0.4433248450456481
-2.16214939189852 4.349899372753499 -0.4160495915989231
-2.1855693825738145 4.329810632598357 -0.3745413922995785
-2.1826516036846844 4.334659850141095 -0.3291991826526576
-2.1794091906326227 4.3386465081260255 -0.282555565008415
-1.7676923816254229 4.662382547170983 -0.3139545348108889
-1.794299102928051 4.6454426187068 -0.2752013656562264
-1.8206070190817516 4.628064544333058 -0.2364118380004536
-1.8469866411740459 4.610790805695099 -0.19762131692296678
-1.8727473869288076 4.5926795796133195 -0.15882743568802812
-1.8994804751371246 4.573548425680625 -0.11580088293913031
-1.9131693428218175 4.563495847022076 -0.12133321572403884
-1.9273696246236776 4.553067663022341 -0.12707500088321425
-1.942471094608711 4.5419776927292475 -0.13318023801337722
-1.7571578853234726 4.669757613118639 -0.3063637968569778
-1.7606714210452574 4.669080660950417 -0.2565365225192065
-1.7506160357326987 4.676075103948218 -0.2081153005090414
-1.7356392556822622 4.686188098128483 -0.16153689128210585
-1.714668520585399 4.7003235824793705 -0.11842262934604518
-1.690520893743163 4.716014113360039 -0.07759191921170736
-1.663434213354964 4.732607541629286 -0.03898866144408102
-1.6340275735188803 4.750642100679451 -0.00282648246173718
-2.070287784677459 4.433471292997171 -0.3654811706047371
-2.0731873558649694 4.43199737316937 -0.32257425086712455
-2.0906647644636913 4.418478423969741 -0.2777261902433545
-2.093544407756236 4.4173923495772005 -0.22783180439758507
-2.084380676763776 4.426021334075737 -0.17945523470329905
-2.068924979954652 4.440242134007861 -0.13409701726531856
-2.068004288423969 4.440891796840283 -0.08412959563908375
-2.079558916314999 4.430835056907845 -0.03656394784032584
-2.069501987696557 4.433872227802866 -0.3770401465801591
-2.0703940625456494 4.433416081020239 -0.36396332180758345
-2.0714636492913283 4.4328724802892205 -0.34813152998756003
-2.106477169902449 4.402790364010718 -0.32900498258509214
-2.6601171509523325 3.7110297038939897 -0.9930171454119194
-2.6875041275601386 3.6698361540718953 -0.9864028368922494
-2.7134819644723662 3.627737006607739 -0.9796607710281553
-2.738918650491343 3.5853048376794914 -0.9728543268815091
-2.7639155673924902 3.5426375092351483 -0.9660173385088372
-2.8216127348923012 3.4357821705198734 -0.9635990233214008
-2.8224054121644158 3.4355711364926713 -0.9541610057084724
-2.8232145215095943 3.435321532657445 -0.9447540488131594
-2.8240496592626365 3.4350672305982113 -0.9350223912215088
-2.6590337199087366 3.7106111965902135 -1.0078980193774636
-2.6810922731572377 3.67336903761241 -1.0327545972500827
-2.6961870185904675 3.6432310505138257 -1.069563484116695
-2.7083422608320955 3.6167461118631246 -1.1101088990605439
-2.716606871576244 3.5958944134955204 -1.1547428357620584
-2.7318044146935354 3.563411739813121 -1.1893877685519356
-2.7528281308973144 3.521692531732463 -1.2067801900327622
-2.776388967360815 3.4778203679355775 -1.209410503180255
-2.8002179826464957 3.4340629906362024 -1.2035803203539632
-3.110838199736773 2.651733641020563 -0.7588309169693009
-3.1138481669844507 2.6513739836490715 -0.7089332140727126
-3.1164425402300022 2.6509089490299407 -0.6590122587115751
-3.118937750203046 2.65044094283807 -0.6090810773932331
-3.1214334910575956 2.6499707496992544 -0.5591491570388892
-3.1235455525452145 2.6494183265489384 -0.5092034374371242
-3.125208500911227 2.6487889100897712 -0.45924254414998505
-3.126864987024233 2.6481907142848895 -0.409288676817008
-3.1284089643684143 2.647601318321798 -0.35934481521329115
-3.1074887165158707 2.66616045458967 -0.7607687235259708
-3.1032457289067232 2.695098845505353 -0.7202560712810241
-3.084317370986043 2.7838187918601305 -0.6849293611152255
-3.08576269766861 2.7820966642618727 -0.6671958371057017
-3.0866177368145706 2.7810909680739364 -0.6566390723030652
-3.0871257816704896 2.7804945159550707 -0.6503609053293364
-3.0874362274102642 2.7801306507058907 -0.646521542099385
-3.0876380996741544 2.779894297222804 -0.6440236504666228
-3.0877839912330978 2.7797234579440055 -0.6422185858079443
-3.007954856568916 2.9279265967604218 -1.1786300567926966
-2.992607452806988 2.9707404708261587 -1.1994033497934122
-2.9771998634778636 3.0135192630241 -1.2201709305721793
-2.9599712748947833 3.055637032352696 -1.2407643982057568
-2.9336638780320223 3.129157468430996 -1.2348824424831948
-2.9334071847886634 3.1294834982579456 -1.2363565855753937
-2.934737119686448 3.1278022490218595 -1.2286873560726015
-2.9372606117674325 3.1246153322284576 -1.2141226329746118
-2.9259352309905466 3.1616140544245486 -1.1825056479528218
-3.0079024470016362 2.9321570386049114 -1.1649729956783828
-2.994144369354831 2.9790995280865014 -1.1548154207396042
-2.982869192216622 3.02094833376817 -1.13003203704798
-2.9716001779092673 3.0592468777802906 -1.1000435590800335
-2.9626429928864555 3.092329380522426 -1.0636933874319958
-2.9588477404153224 3.1122348170675465 -1.0180309712559814
-2.9386964162073204 3.1772681347616247 -0.9641562322202533
-2.9432852097385824 3.174498750930324 -0.916001168210214
-2.9475537077587433 3.17151725282569 -0.867371368383375
-3.1670671122185117 2.112297777102133 -0.9051231452851991
-3.169851975375799 2.1211979832371624 -0.85602382263557
-3.171779516951957 2.1996307013594745 -0.77011965272968
-3.1745829120691154 2.1826234339116386 -0.7379435725842839
-3.1768530733990343 2.1659829493592118 -0.7064983565609232
-3.1777670449012225 2.199383743792849 -0.648786083640295
-3.1812108409472803 2.1797821667203614 -0.6085991928242206
-3.18388098148963 2.158724635476588 -0.5654698779531587
-3.185802325455581 2.149020515647356 -0.5164944457207001
-3.16759034963093 2.096708449649709 -0.9048975166311459
-3.171344669498118 2.0735484631769157 -0.860765862133403
-3.174599736980902 2.037964633605531 -0.8258466142506761
-3.1759677776963247 1.998380239903963 -0.7953739215040231
-3.177198812594796 1.9571365452904954 -0.7671569128071712
-3.178356381139345 1.9150948002802135 -0.7401624480434517
-3.178302726377867 1.8726626867418719 -0.7138105488273864
-3.1772663471029516 1.8300004132479244 -0.6878126765866972
-3.1759913006027665 1.7856894442938622 -0.6647686954644775
-3.1450615110056357 2.4241126558667077 -0.82662689609247
-3.1448236798111093 2.44505321899674 -0.7812884974874399
-3.1445868287661694 2.465996518939379 -0.7359265542878087
-3.1443491898460776 2.4869513860670227 -0.6905510054797068
-3.146966313936431 2.4883398777936567 -0.6406611447757645
-3.151330995468829 2.4712552934314016 -0.593895443700053
-3.1682219798527487 2.3593118021181714 -0.5578164008537587
-3.169870430382104 2.357650551938672 -0.509264945855806
-3.170712195812317 2.3614293121181875 -0.459468006258497
-3.1472196332061864 2.4099457016533226 -0.8225013426792442
-3.1514131813341555 2.3996175546013165 -0.7738406857468482
-3.1570947938111535 2.3748384746444384 -0.7308604983546877
-3.1632469009458464 2.3450723097479895 -0.691233735583455
-3.1687521575104096 2.306867401602327 -0.6596286745186163
-3.136301961125197 1.640256989156068 -1.0704926551943064
-3.1430543677080642 1.6784254844885391 -1.0389364722415129
-3.1498066880933515 1.7165939977834528 -1.0073814081172343
-3.1549045253227592 1.7548901701016881 -0.9757089486529612
-3.1595050713000488 1.7931956484690932 -0.9439836009336843
-3.163962480281202 1.8356542412065384 -0.9181810875626902
-3.167633987863437 1.8828355040258398 -0.9027556976540947
-3.1682616243239563 1.9323530846880974 -0.9053167933572955
-3.1673778421571575 1.9759056668326043 -0.9272520530648537
-3.1358488439626013 1.6291581947510576 -1.0605103682193329
-3.1409850959381025 1.641579087588247 -1.0123819693810219
-3.1444252590719772 1.6384860015375267 -0.9626190591965456
-3.146952686192194 1.629322970138959 -0.9135301471229638
-3.148154040722309 1.6125497796612103 -0.8664380193597172
-3.148444347275922 1.5920215374121338 -0.8208859029126544
-3.1473867609781663 1.5686172903657065 -0.7767630838209928
-3.143493783543475 1.5308180863379963 -0.7443761972257962
-3.1378981694351613 1.4857867193430796 -0.7232724644627978
-3.115482821044733 1.8003909397039186 -1.4448866448784876
-3.114112244347914 1.8354896493543384 -1.4801646513678393
-3.117439658088744 1.8091307116462625 -1.433035498232667
-3.119986846106292 1.857908100967422 -1.441091798518927
-3.1218244281652416 1.9067790035780108 -1.4332606613671008
-2.9142469441899825 1.1697133231413381 -2.125269498254472
-2.8988743581416787 1.1346510309582079 -2.1573497364679604
-2.882464324710016 1.1024546407192068 -2.191822104997947
-2.8681187146953695 1.0822048480898772 -2.235123026473635
-2.85420099071901 1.0648002651584085 -2.2797391925211863
-2.915775637866443 1.1810025003753477 -2.1348964505658308
-2.9048431531160266 1.1717836987569785 -2.1827549726696813
-2.897818313955416 1.1775841482469565 -2.2318446985394513
-2.7228914180642905 3.6646601830529133 -0.47266036167482606
-2.7223599152236315 3.6687121448365905 -0.4334248138250175
-2.7210992505110223 3.672140275266028 -0.39599781322799543
-2.7198229983303572 3.6756072021162725 -0.3582063732716151
-2.7345601656258816 3.653047988703003 -0.316079865687093
-2.748808696684665 3.631444316298423 -0.27328819487307376
-2.7624427120879473 3.6102460021245237 -0.23012501634250654
-2.7751350468013514 3.588924123633304 -0.18672113753922912
-2.7877103371196355 3.567817390979554 -0.1431683927310613
-2.7229965538502316 3.6637443146959927 -0.481332657706953
-2.722735684724298 3.666196904850075 -0.45771641871177454
-2.7221662365131785 3.6692440199939753 -0.4275323174545824
-2.7209482668661575 3.6725548583524246 -0.39140548127810837
-2.7352987939954603 3.6506428587547544 -0.34886830553238635
-2.7551663561819217 3.619379674306 -0.3153670102057082
-2.778148681145376 3.5809578397925828 -0.29327909907811983
-2.8014671429314433 3.5384510244335625 -0.2812713855986545
-2.825272643097926 3.494559151256612 -0.28016698859364214
-2.375610165866841 4.142361237488054 -0.08184470271650353
-2.37322809130445 4.145988946951617 -0.03200072692836012
-2.385560595054069 4.131253972143578 -0.0827928461827312
-2.4028371578614345 4.112577851401971 -0.039756673718858396
-2.4270129773494835 4.083981050550625 -0.006655389866835505
-2.1839105720485805 4.335571334503539 -0.23455919750058846
-2.1884461821597814 4.332481619362434 -0.18578223408816819
-2.1928627237329184 4.329263886564341 -0.13660261399553109
-2.1979892346251995 4.324324665323615 -0.08740407888137287
-2.216657503283567 4.306473847842598 -0.04495248993581645
-2.2433049738436766 4.281020116662605 -0.011501681913246523
-2.194041840991713 4.326121817288113 -0.23848570167534783
-2.2178063268510324 4.303907460452845 -0.20273652800433292
-2.248208425034137 4.274096753680118 -0.17899979693309248
-2.2806696590473288 4.241831726758598 -0.16082518310303504
-1.950928017622894 4.535540623075633 -0.13665944076576084
-1.9688217191078423 4.521012051707563 -0.14415793098417595
-1.938052434739155 4.54522233403319 -0.1314109085934174
-1.9304361734316509 4.550815430782624 -0.12833235517590458
-1.9268004568638 4.553485357326857 -0.12686325093695516
-1.9220490306043378 4.556974622228561 -0.12494297315601302
-1.91556292877822 4.561737772702003 -0.12232120829974825
-1.9121949239731926 4.564211102854645 -0.12096024430740548
-1.9069222722373125 4.5680831358546685 -0.11882930579678504
-1.9138279795875301 4.563813544133188 -0.06940493814413494
-1.9222127142207484 4.55741450703254 -0.02051827539446921</DataArray></Points><Cells><DataArray type="Int32" Name="connectivity" Format="ascii">0 1
1 2
2 3
3 4
4 5
5 6
6 7
7 8
7 9
8 10
10 11
11 12
12 13
13 14
14 15
15 16
16 17
17 18
8 19
19 20
20 21
21 22
22 23
23 24
24 25
25 26
26 27
9 28
28 29
29 30
30 31
31 32
32 33
33 34
34 35
35 36
9 37
37 38
38 39
39 40
40 41
41 42
42 43
43 44
44 45
18 46
46 47
47 48
48 49
49 50
50 51
51 52
52 53
53 54
18 55
55 56
56 57
57 58
58 59
59 60
60 61
61 62
62 63
36 64
64 65
65 66
66 67
67 68
68 69
69 70
70 71
71 72
36 73
73 74
74 75
75 76
76 77
77 78
78 79
79 80
80 81
45 82
82 83
83 84
84 85
85 86
86 87
87 88
88 89
89 90
45 91
91 92
92 93
93 94
94 95
95 96
96 97
97 98
98 99
54 100
100 101
101 102
102 103
103 104
104 105
105 106
106 107
107 108
54 109
109 110
110 111
111 112
112 113
113 114
114 115
115 116
116 117
63 118
118 119
119 120
120 121
121 122
122 123
123 124
124 125
125 126
63 127
127 128
128 129
129 130
130 131
131 132
132 133
133 134
134 135
72 136
136 137
137 138
138 139
139 140
140 141
141 142
142 143
143 144
72 145
145 146
146 147
147 148
148 149
149 150
150 151
151 152
152 153
90 154
154 155
155 156
156 157
157 158
158 159
159 160
160 161
161 162
90 163
163 164
164 165
165 166
166 167
167 168
168 169
169 170
170 171
99 172
172 173
173 174
174 175
175 176
176 177
177 178
178 179
179 180
99 181
181 182
182 183
183 184
184 185
185 186
186 187
187 188
188 189
108 190
190 191
191 192
192 193
193 194
194 195
195 196
196 197
197 198
108 199
199 200
200 201
201 202
202 203
203 204
204 205
205 206
206 207
117 208
208 209
209 210
210 211
211 212
212 213
213 214
214 215
215 216
117 217
217 218
218 219
219 220
220 221
221 222
222 223
223 224
224 225
126 226
226 227
227 228
228 229
229 230
230 231
231 232
232 233
233 234
126 235
235 236
236 237
237 238
238 239
239 240
240 241
241 242
242 243
144 244
244 245
245 246
246 247
247 248
248 249
249 250
250 251
251 252
144 253
253 254
254 255
255 256
256 257
257 258
258 259
259 260
260 261
153 262
262 263
263 264
264 265
265 266
266 267
267 268
268 269
269 270
153 271
271 272
272 273
273 274
274 275
275 276
276 277
277 278
278 279
162 280
280 281
281 282
282 283
283 284
284 285
285 286
286 287
287 288
162 289
289 290
290 291
291 292
292 293
293 294
294 295
295 296
296 297
171 298
298 299
299 300
300 301
301 302
302 303
303 304
304 305
305 306
171 307
307 308
308 309
309 310
310 311
311 312
312 313
313 314
314 315
180 316
316 317
317 318
318 319
319 320
320 321
321 322
322 323
323 324
180 325
325 326
326 327
327 328
328 329
329 330
330 331
331 332
332 333
189 334
334 335
335 336
336 337
337 338
338 339
339 340
340 341
341 342
189 343
343 344
344 345
345 346
346 347
347 348
198 349
349 350
350 351
351 352
352 353
353 354
354 355
355 356
356 357
198 358
358 359
359 360
360 361
361 362
362 363
363 364
364 365
365 366
207 367
367 368
368 369
369 370
370 371
371 372
372 373
373 374
374 375
207 376
376 377
377 378
378 379
379 380
380 381
381 382
382 383
383 384
216 385
385 386
386 387
387 388
388 389
389 390
390 391
391 392
392 393
216 394
394 395
395 396
225 397
397 398
398 399
399 400
400 401
401 402
402 403
403 404
225 405
405 406
406 407
407 408
408 409
409 410
410 411
411 412
412 413
234 414
414 415
415 416
416 417
417 418
418 419
419 420
420 421
421 422
234 423
423 424
424 425
425 426
426 427
427 428
428 429
429 430
430 431
243 432
432 433
433 434
434 435
435 436
436 437
437 438
438 439
439 440
243 441
441 442
442 443
443 444
444 445
445 446
446 447
447 448
448 449
252 450
450 451
451 452
452 453
453 454
454 455
455 456
456 457
457 458
252 459
459 460
460 461
461 462
462 463
463 464
464 465
465 466
466 467
261 468
468 469
469 470
470 471
471 472
472 473
473 474
474 475
475 476
261 477
477 478
478 479
479 480
480 481
481 482
482 483
483 484
484 485
270 486
486 487
487 488
488 489
489 490
490 491
491 492
492 493
493 494
270 495
495 496
496 497
497 498
498 499
499 500
500 501
501 502
502 503
288 504
504 505
505 506
506 507
507 508
508 509
509 510
510 511
511 512
288 513
513 514
514 515
515 516
516 517
517 518
518 519
519 520
520 521
297 522
522 523
523 524
524 525
525 526
526 527
527 528
528 529
529 530
297 531
531 532
532 533
533 534
534 535
535 536
536 537
537 538
538 539
306 540
540 541
541 542
542 543
543 544
544 545
545 546
546 547
547 548
306 549
549 550
550 551
551 552
552 553
553 554
554 555
555 556
556 557
324 558
558 559
559 560
560 561
561 562
562 563
563 564
564 565
565 566
324 567
567 568
568 569
569 570
570 571
571 572
572 573
573 574
574 575
333 576
576 577
577 578
578 579
579 580
580 581
581 582
582 583
583 584
333 585
585 586
586 587
587 588
588 589
589 590
590 591
591 592
592 593
357 594
594 595
595 596
596 597
597 598
598 599
599 600
600 601
601 602
357 603
603 604
604 605
605 606
606 607
607 608
608 609
609 610
610 611
366 612
375 613
613 614
614 615
615 616
616 617
617 618
618 619
619 620
620 621
375 622
622 623
623 624
624 625
625 626
626 627
627 628
628 629
629 630
384 631
631 632
632 633
633 634
634 635
635 636
636 637
637 638
638 639
384 640
640 641
641 642
642 643
643 644
644 645
645 646
646 647
647 648
393 649
649 650
650 651
651 652
652 653
653 654
654 655
655 656
656 657
393 658
658 659
659 660
660 661
422 662
662 663
663 664
664 665
665 666
666 667
667 668
668 669
669 670
422 671
671 672
672 673
673 674
674 675
675 676
676 677
677 678
678 679
431 680
680 681
681 682
682 683
683 684
684 685
685 686
686 687
687 688
431 689
689 690
690 691
691 692
692 693
693 694
694 695
695 696
696 697
440 698
698 699
699 700
700 701
701 702
702 703
703 704
704 705
705 706
440 707
707 708
708 709
709 710
710 711
711 712
712 713
713 714
714 715
449 716
716 717
449 718
718 719
458 720
720 721
721 722
722 723
723 724
724 725
725 726
726 727
727 728
458 729
729 730
730 731
731 732
732 733
733 734
734 735
735 736
736 737
467 738
738 739
739 740
740 741
741 742
742 743
743 744
744 745
745 746
467 747
747 748
748 749
749 750
750 751
751 752
752 753
753 754
754 755
476 756
756 757
757 758
758 759
476 760
760 761
761 762
762 763
763 764
485 765
765 766
766 767
767 768
768 769
769 770
770 771
771 772
772 773
485 774
774 775
775 776
776 777
777 778
778 779
779 780
780 781
781 782
512 783
783 784
784 785
785 786
786 787
787 788
788 789
789 790
790 791
512 792
792 793
793 794
794 795
795 796
796 797
797 798
798 799
799 800
521 801
801 802
802 803
803 804
804 805
805 806
521 807
807 808
808 809
809 810
810 811
811 812
812 813
813 814
814 815
548 816
816 817
817 818
818 819
819 820
820 821
821 822
822 823
823 824
548 825
825 826
826 827
557 828
828 829
829 830
830 831
831 832
832 833
833 834
834 835
835 836
557 837
837 838
838 839
839 840
840 841
841 842
842 843
843 844
844 845
566 846
846 847
847 848
848 849
849 850
850 851
851 852
852 853
853 854
566 855
855 856
856 857
857 858
858 859
859 860
860 861
861 862
862 863
575 864
864 865
865 866
866 867
867 868
868 869
869 870
870 871
871 872
575 873
873 874
874 875
875 876
876 877
877 878
584 879
879 880
880 881
881 882
882 883
883 884
884 885
885 886
886 887
584 888
888 889
889 890
890 891
891 892
892 893
893 894
894 895
895 896
593 897
602 898
898 899
899 900
900 901
901 902
902 903
903 904
904 905
905 906
602 907
907 908
908 909
909 910
910 911
911 912
912 913
913 914
914 915
621 916
916 917
917 918
918 919
919 920
920 921
921 922
922 923
923 924
621 925
925 926
926 927
927 928
928 929
929 930
930 931
931 932
932 933
630 934
934 935
935 936
936 937
630 938
938 939
639 940
940 941
941 942
942 943
943 944
944 945
945 946
946 947
947 948
639 949
949 950
950 951
951 952
952 953
953 954
954 955
955 956
956 957
648 958
958 959
959 960
960 961
961 962
962 963
963 964
964 965
965 966
648 967
967 968
968 969
969 970
970 971
971 972
972 973
973 974
974 975
657 976
976 977
977 978
978 979
979 980
980 981
981 982
982 983
983 984
657 985
985 986
986 987
987 988
988 989
989 990
990 991
991 992
992 993
679 994
994 995
995 996
996 997
997 998
998 999
999 1000
1000 1001
1001 1002
679 1003
1003 1004
1004 1005
688 1006
1006 1007
1007 1008
1008 1009
1009 1010
1010 1011
1011 1012
1012 1013
1013 1014
688 1015
1015 1016
1016 1017
1017 1018
1018 1019
1019 1020
1020 1021
1021 1022
1022 1023
706 1024
1024 1025
1025 1026
1026 1027
1027 1028
1028 1029
1029 1030
1030 1031
1031 1032
706 1033
1033 1034
1034 1035
1035 1036
1036 1037
1037 1038
1038 1039
1039 1040
1040 1041
715 1042
1042 1043
1043 1044
1044 1045
1045 1046
1046 1047
1047 1048
1048 1049
1049 1050
715 1051
1051 1052
1052 1053
1053 1054
1054 1055
1055 1056
1056 1057
1057 1058
1058 1059
728 1060
1060 1061
1061 1062
1062 1063
1063 1064
1064 1065
1065 1066
1066 1067
1067 1068
728 1069
1069 1070
1070 1071
1071 1072
1072 1073
1073 1074
1074 1075
1075 1076
1076 1077
737 1078
1078 1079
1079 1080
1080 1081
1081 1082
1082 1083
1083 1084
1084 1085
1085 1086
737 1087
1087 1088
1088 1089
1089 1090
1090 1091
1091 1092
1092 1093
1093 1094
1094 1095
746 1096
1096 1097
1097 1098
1098 1099
1099 1100
1100 1101
1101 1102
1102 1103
1103 1104
746 1105
1105 1106
1106 1107
1107 1108
1108 1109
1109 1110
1110 1111
1111 1112
1112 1113
755 1114
1114 1115
1115 1116
1116 1117
1117 1118
1118 1119
1119 1120
1120 1121
1121 1122
755 1123
1123 1124
1124 1125
1125 1126
1126 1127
1127 1128
1128 1129
1129 1130
1130 1131
773 1132
1132 1133
1133 1134
1134 1135
1135 1136
1136 1137
1137 1138
1138 1139
1139 1140
773 1141
1141 1142
1142 1143
1143 1144
782 1145
1145 1146
1146 1147
1147 1148
1148 1149
1149 1150
1150 1151
1151 1152
1152 1153
782 1154
1154 1155
1155 1156
1156 1157
1157 1158
1158 1159
1159 1160
1160 1161
1161 1162
791 1163
1163 1164
1164 1165
1165 1166
1166 1167
1167 1168
1168 1169
1169 1170
1170 1171
791 1172
1172 1173
1173 1174
1174 1175
1175 1176
1176 1177
1177 1178
1178 1179
1179 1180
800 1181
1181 1182
1182 1183
1183 1184
1184 1185
1185 1186
1186 1187
1187 1188
1188 1189
800 1190
1190 1191
1191 1192
1192 1193
1193 1194
1194 1195
1195 1196
1196 1197
1197 1198
824 1199
1199 1200
1200 1201
1201 1202
1202 1203
1203 1204
1204 1205
1205 1206
1206 1207
824 1208
1208 1209
1209 1210
1210 1211
1211 1212
1212 1213
1213 1214
1214 1215
1215 1216
845 1217
1217 1218
1218 1219
1219 1220
1220 1221
1221 1222
1222 1223
1223 1224
845 1225
1225 1226
1226 1227
854 1228
1228 1229
1229 1230
1230 1231
1231 1232
1232 1233
1233 1234
1234 1235
1235 1236
854 1237
1237 1238
1238 1239
1239 1240
1240 1241
1241 1242
1242 1243
1243 1244
1244 1245
863 1246
1246 1247
1247 1248
1248 1249
1249 1250
863 1251
1251 1252
1252 1253
1253 1254
1254 1255
1255 1256
1256 1257
1257 1258
1258 1259
872 1260
1260 1261
1261 1262
1262 1263
1263 1264
1264 1265
1265 1266
1266 1267
1267 1268
872 1269
1269 1270
1270 1271
1271 1272
1272 1273
1273 1274
1274 1275
1275 1276
1276 1277
887 1278
1278 1279
1279 1280
1280 1281
1281 1282
1282 1283
1283 1284
1284 1285
1285 1286
887 1287
1287 1288
1288 1289
1289 1290
1290 1291
1291 1292
1292 1293
1293 1294
1294 1295
896 1296
1296 1297
1297 1298
1298 1299
1299 1300
1300 1301
1301 1302
1302 1303
1303 1304
896 1305
1305 1306
1306 1307
1307 1308
1308 1309
1309 1310
1310 1311
1311 1312
1312 1313
906 1314
1314 1315
1315 1316
1316 1317
1317 1318
1318 1319
1319 1320
1320 1321
1321 1322
906 1323
1323 1324
1324 1325
1325 1326
1326 1327
1327 1328
1328 1329
1329 1330
1330 1331
915 1332
1332 1333
1333 1334
1334 1335
1335 1336
1336 1337
1337 1338
1338 1339
1339 1340
915 1341
1341 1342
1342 1343
1343 1344
1344 1345
1345 1346
1346 1347
1347 1348
1348 1349
924 1350
1350 1351
1351 1352
1352 1353
1353 1354
1354 1355
1355 1356
1356 1357
1357 1358
924 1359
1359 1360
1360 1361
1361 1362
1362 1363
1363 1364
1364 1365
1365 1366
1366 1367
933 1368
1368 1369
1369 1370
1370 1371
1371 1372
1372 1373
1373 1374
1374 1375
1375 1376
933 1377
1377 1378
1378 1379
1379 1380
1380 1381
1381 1382
1382 1383
1383 1384
1384 1385
948 1386
1386 1387
1387 1388
1388 1389
1389 1390
1390 1391
1391 1392
1392 1393
1393 1394
948 1395
1395 1396
1396 1397
1397 1398
1398 1399
1399 1400
1400 1401
1401 1402
1402 1403
957 1404
1404 1405
1405 1406
1406 1407
1407 1408
1408 1409
1409 1410
1410 1411
1411 1412
957 1413
1413 1414
1414 1415
1415 1416
1416 1417
1417 1418
1418 1419
1419 1420
1420 1421
966 1422
1422 1423
1423 1424
1424 1425
966 1426
1426 1427
1427 1428
1428 1429
1429 1430
975 1431
984 1432
1432 1433
1433 1434
1434 1435
1435 1436
1436 1437
1437 1438
1438 1439
1439 1440
984 1441
1441 1442
1442 1443
1443 1444
1444 1445
1445 1446
1446 1447
1447 1448
1448 1449
993 1450
1450 1451
993 1452
1452 1453
1453 1454
1002 1455
1455 1456
1456 1457
1002 1458
1458 1459
1459 1460
1460 1461
1461 1462
1462 1463
1463 1464
1068 1465
1465 1466
1466 1467
1467 1468
1468 1469
1469 1470
1470 1471
1471 1472
1472 1473
1068 1474
1474 1475
1475 1476
1476 1477
1477 1478
1478 1479
1479 1480
1480 1481
1481 1482
1077 1483
1077 1484
1086 1485
1485 1486
1486 1487
1487 1488
1488 1489
1489 1490
1490 1491
1491 1492
1492 1493
1086 1494
1494 1495
1495 1496
1496 1497
1497 1498
1104 1499
1499 1500
1500 1501
1501 1502
1502 1503
1503 1504
1504 1505
1505 1506
1506 1507
1104 1508
1508 1509
1509 1510
1510 1511
1511 1512
1512 1513
1513 1514
1514 1515
1515 1516
1113 1517
1517 1518
1518 1519
1519 1520
1520 1521
1521 1522
1522 1523
1523 1524
1524 1525
1113 1526
1526 1527
1527 1528
1528 1529
1529 1530
1530 1531
1531 1532
1532 1533
1533 1534
1140 1535
1535 1536
1536 1537
1537 1538
1538 1539
1539 1540
1140 1541
1541 1542
1542 1543
1543 1544
1153 1545
1545 1546
1546 1547
1547 1548
1548 1549
1549 1550
1550 1551
1551 1552
1153 1553
1553 1554
1554 1555
1555 1556
1556 1557
1557 1558
1558 1559
1559 1560
1560 1561
1162 1562
1562 1563
1563 1564
1564 1565
1565 1566
1162 1567
1567 1568
1568 1569
1569 1570
1570 1571
1171 1572
1572 1573
1573 1574
1574 1575
1575 1576
1576 1577
1577 1578
1578 1579
1579 1580
1171 1581
1581 1582
1582 1583
1583 1584
1584 1585
1585 1586
1586 1587
1587 1588
1588 1589
1180 1590
1590 1591
1591 1592
1592 1593
1593 1594
1594 1595
1595 1596
1596 1597
1597 1598
1180 1599
1599 1600
1600 1601
1601 1602
1602 1603
1603 1604
1604 1605
1605 1606
1606 1607
1189 1608
1608 1609
1609 1610
1189 1611
1611 1612
1612 1613
1613 1614
1198 1615
1615 1616
1616 1617
1617 1618
1618 1619
1619 1620
1620 1621
1621 1622
1622 1623
1198 1624
1624 1625
1625 1626
1626 1627
1627 1628
1628 1629
1629 1630
1630 1631
1631 1632
1207 1633
1633 1634
1207 1635
1635 1636
1236 1637
1637 1638
1638 1639
1639 1640
1640 1641
1641 1642
1642 1643
1643 1644
1644 1645
1236 1646
1646 1647
1647 1648
1648 1649
1649 1650
1650 1651
1651 1652
1652 1653
1653 1654
1245 1655
1655 1656
1656 1657
1657 1658
1658 1659
1659 1660
1660 1661
1661 1662
1662 1663
1245 1664
1664 1665
1665 1666
1666 1667
1667 1668
1668 1669
1669 1670
1670 1671
1671 1672
1259 1673
1673 1674
1674 1675
1675 1676
1676 1677
1677 1678
1678 1679
1679 1680
1680 1681
1259 1682
1682 1683
1683 1684
1684 1685
1268 1686
1686 1687
1687 1688
1688 1689
1268 1690
1690 1691
1691 1692
1692 1693
1277 1694
1694 1695
1695 1696
1696 1697
1697 1698
1277 1699
1699 1700
1700 1701
1701 1702
1286 1703
1703 1704
1704 1705
1705 1706
1706 1707
1707 1708
1708 1709
1709 1710
1710 1711
1286 1712
1712 1713
1713 1714
1714 1715
1715 1716
1716 1717
1717 1718
1718 1719
1719 1720
1295 1721
1721 1722
1722 1723
1723 1724
1724 1725
1725 1726
1726 1727
1727 1728
1728 1729
1295 1730
1730 1731
1731 1732
1732 1733
1733 1734
1734 1735
1735 1736
1736 1737
1737 1738
1304 1739
1304 1740
1313 1741
1741 1742
1742 1743
1743 1744
1744 1745
1745 1746
1746 1747
1747 1748
1748 1749
1313 1750
1750 1751
1322 1752
1752 1753
1753 1754
1754 1755
1755 1756
1756 1757
1757 1758
1758 1759
1759 1760
1322 1761
1761 1762
1762 1763
1763 1764
1764 1765
1765 1766
1766 1767
1767 1768
1768 1769
1331 1770
1770 1771
1771 1772
1772 1773
1773 1774
1774 1775
1775 1776
1776 1777
1777 1778
1331 1779
1779 1780
1780 1781
1781 1782
1782 1783
1783 1784
1784 1785
1785 1786
1786 1787
1340 1788
1788 1789
1789 1790
1790 1791
1791 1792
1792 1793
1793 1794
1794 1795
1795 1796
1340 1797
1797 1798
1798 1799
1799 1800
1800 1801
1801 1802
1802 1803
1803 1804
1804 1805
1349 1806
1806 1807
1807 1808
1808 1809
1809 1810
1810 1811
1811 1812
1349 1813
1813 1814
1814 1815
1815 1816
1816 1817
1817 1818
1818 1819
1819 1820
1820 1821
1358 1822
1822 1823
1823 1824
1824 1825
1825 1826
1826 1827
1827 1828
1828 1829
1829 1830
1358 1831
1831 1832
1832 1833
1833 1834
1834 1835
1835 1836
1836 1837
1837 1838
1838 1839
1367 1840
1840 1841
1841 1842
1842 1843
1843 1844
1844 1845
1845 1846
1846 1847
1847 1848
1367 1849
1849 1850
1850 1851
1851 1852
1852 1853
1853 1854
1854 1855
1855 1856
1856 1857
1376 1858
1385 1859
1859 1860
1860 1861
1861 1862
1862 1863
1863 1864
1864 1865
1865 1866
1866 1867
1385 1868
1868 1869
1869 1870
1870 1871
1871 1872
1872 1873
1873 1874
1874 1875
1875 1876
1394 1877
1394 1878
1403 1879
1879 1880
1880 1881
1881 1882
1882 1883
1883 1884
1884 1885
1885 1886
1886 1887
1403 1888
1888 1889
1889 1890
1890 1891
1891 1892
1892 1893
1893 1894
1894 1895
1895 1896
1412 1897
1897 1898
1898 1899
1899 1900
1900 1901
1901 1902
1902 1903
1903 1904
1904 1905
1412 1906
1906 1907
1907 1908
1908 1909
1909 1910
1910 1911
1911 1912
1912 1913
1913 1914
1421 1915
1915 1916
1916 1917
1917 1918
1918 1919
1919 1920
1920 1921
1921 1922
1922 1923
1421 1924
1924 1925
1925 1926
1926 1927
1440 1928
1928 1929
1929 1930
1930 1931
1931 1932
1932 1933
1933 1934
1934 1935
1935 1936
1440 1937
1937 1938
1938 1939
1939 1940
1940 1941
1941 1942
1942 1943
1943 1944
1944 1945
1449 1946
1946 1947
1947 1948
1948 1949
1949 1950
1950 1951
1951 1952
1952 1953
1953 1954
1449 1955
1955 1956
1956 1957
1957 1958
1958 1959
1959 1960
1960 1961
1961 1962
1962 1963
1473 1964
1964 1965
1965 1966
1966 1967
1967 1968
1968 1969
1969 1970
1970 1971
1971 1972
1473 1973
1973 1974
1974 1975
1975 1976
1976 1977
1977 1978
1978 1979
1979 1980
1980 1981
1482 1982
1982 1983
1983 1984
1984 1985
1985 1986
1986 1987
1987 1988
1988 1989
1989 1990
1482 1991
1991 1992
1992 1993
1993 1994
1994 1995
1995 1996
1996 1997
1997 1998
1998 1999
1493 2000
2000 2001
2001 2002
2002 2003
2003 2004
2004 2005
2005 2006
2006 2007
2007 2008
1493 2009
2009 2010
2010 2011
2011 2012
2012 2013
2013 2014
2014 2015
2015 2016
2016 2017
1516 2018
2018 2019
2019 2020
2020 2021
2021 2022
2022 2023
2023 2024
2024 2025
2025 2026
1516 2027
2027 2028
2028 2029
2029 2030
2030 2031
2031 2032
2032 2033
2033 2034
2034 2035
1525 2036
2036 2037
2037 2038
2038 2039
2039 2040
2040 2041
2041 2042
2042 2043
2043 2044
1525 2045
2045 2046
2046 2047
2047 2048
2048 2049
2049 2050
2050 2051
2051 2052
2052 2053
1534 2054
2054 2055
2055 2056
2056 2057
2057 2058
2058 2059
2059 2060
2060 2061
2061 2062
1534 2063
2063 2064
2064 2065
2065 2066
2066 2067
2067 2068
2068 2069
2069 2070
2070 2071
1561 2072
2072 2073
1561 2074
2074 2075
2075 2076
2076 2077
2077 2078
2078 2079
1580 2080
2080 2081
2081 2082
2082 2083
2083 2084
2084 2085
2085 2086
2086 2087
2087 2088
1580 2089
2089 2090
2090 2091
2091 2092
2092 2093
2093 2094
2094 2095
2095 2096
2096 2097
1589 2098
2098 2099
2099 2100
1589 2101
2101 2102
2102 2103
1598 2104
2104 2105
2105 2106
2106 2107
2107 2108
2108 2109
2109 2110
2110 2111
2111 2112
1598 2113
2113 2114
2114 2115
2115 2116
2116 2117
2117 2118
2118 2119
2119 2120
2120 2121
1607 2122
2122 2123
2123 2124
2124 2125
2125 2126
2126 2127
2127 2128
2128 2129
2129 2130
1607 2131
2131 2132
2132 2133
2133 2134
2134 2135
2135 2136
2136 2137
2137 2138
2138 2139
1623 2140
2140 2141
1623 2142
2142 2143
1632 2144
2144 2145
2145 2146
2146 2147
2147 2148
2148 2149
2149 2150
2150 2151
2151 2152
1632 2153
2153 2154
2154 2155
2155 2156
2156 2157
2157 2158
2158 2159
2159 2160
2160 2161
1645 2162
2162 2163
2163 2164
2164 2165
2165 2166
2166 2167
2167 2168
2168 2169
2169 2170
1645 2171
2171 2172
2172 2173
2173 2174
2174 2175
2175 2176
2176 2177
2177 2178
1654 2179
2179 2180
2180 2181
2181 2182
2182 2183
2183 2184
2184 2185
2185 2186
1654 2187
2187 2188
2188 2189
2189 2190
2190 2191
2191 2192
2192 2193
1672 2194
2194 2195
2195 2196
2196 2197
2197 2198
2198 2199
2199 2200
2200 2201
2201 2202
1672 2203
2203 2204
2204 2205
2205 2206
2206 2207
2207 2208
2208 2209
2209 2210
1681 2211
2211 2212
2212 2213
2213 2214
1681 2215
2215 2216
2216 2217
1711 2218
2218 2219
2219 2220
2220 2221
2221 2222
2222 2223
1711 2224
2224 2225
2225 2226
2226 2227
2227 2228
2228 2229
2229 2230
2230 2231
2231 2232
1720 2233
2233 2234
2234 2235
2235 2236
2236 2237
2237 2238
2238 2239
2239 2240
2240 2241
1720 2242
2242 2243
2243 2244
1729 2245
2245 2246
2246 2247
2247 2248
2248 2249
2249 2250
2250 2251
2251 2252
2252 2253
1729 2254
2254 2255
2255 2256
1738 2257
2257 2258
2258 2259
2259 2260
2260 2261
2261 2262
2262 2263
2263 2264
2264 2265
1738 2266
2266 2267
2267 2268
2268 2269
2269 2270
2270 2271
2271 2272
2272 2273
2273 2274
1749 2275
2275 2276
2276 2277
2277 2278
2278 2279
1749 2280
2280 2281
2281 2282
2282 2283
2283 2284
2284 2285
2285 2286
1760 2287
2287 2288
2288 2289
2289 2290
2290 2291
2291 2292
2292 2293
2293 2294
2294 2295
1760 2296
2296 2297
2297 2298
2298 2299
2299 2300
2300 2301
2301 2302
2302 2303
2303 2304
1769 2305
2305 2306
2306 2307
2307 2308
2308 2309
2309 2310
2310 2311
2311 2312
1769 2313
2313 2314
2314 2315
2315 2316
2316 2317
2317 2318
2318 2319
2319 2320
2320 2321
1796 2322
2322 2323
2323 2324
2324 2325
2325 2326
2326 2327
1796 2328
2328 2329
2329 2330
2330 2331
2331 2332
2332 2333
2333 2334
2334 2335
2335 2336
1805 2337
1805 2338
2338 2339
2339 2340
2340 2341
2341 2342
2342 2343
2343 2344
2344 2345
2345 2346
1830 2347
1830 2348
1839 2349
2349 2350
2350 2351
2351 2352
2352 2353
2353 2354
2354 2355
1839 2356
2356 2357
2357 2358
2358 2359
2359 2360
2360 2361
2361 2362
2362 2363
2363 2364
1848 2365
2365 2366
1848 2367
2367 2368
1857 2369
2369 2370
2370 2371
2371 2372
2372 2373
2373 2374
2374 2375
2375 2376
2376 2377
1857 2378
2378 2379
2379 2380
1867 2381
1867 2382
1905 2383
2383 2384
2384 2385
1905 2386
2386 2387
2387 2388
2388 2389
2389 2390
2390 2391
1914 2392
2392 2393
2393 2394
1914 2395
2395 2396
2396 2397
2397 2398
1923 2399
2399 2400
2400 2401
1923 2402
2402 2403
2403 2404
1936 2405
2405 2406
2406 2407
2407 2408
1936 2409
2409 2410
2410 2411
1945 2412
1945 2413
1954 2414
2414 2415
2415 2416
2416 2417
2417 2418
2418 2419
2419 2420
2420 2421
2421 2422
1954 2423
2423 2424
2424 2425
2425 2426
2426 2427
2427 2428
2428 2429
2429 2430
2430 2431
1963 2432
2432 2433
2433 2434
2434 2435
2435 2436
2436 2437
2437 2438
2438 2439
2439 2440
1963 2441
2441 2442
2442 2443
2443 2444
2444 2445
2445 2446
2446 2447
2447 2448
1972 2449
2449 2450
2450 2451
2451 2452
2452 2453
2453 2454
2454 2455
2455 2456
2456 2457
1972 2458
2458 2459
2459 2460
2460 2461
2461 2462
2462 2463
2463 2464
2464 2465
2465 2466
1990 2467
2467 2468
2468 2469
2469 2470
2470 2471
2471 2472
2472 2473
2473 2474
2474 2475
1990 2476
2476 2477
2477 2478
2478 2479
2479 2480
2480 2481
2481 2482
2482 2483
2483 2484
1999 2485
2485 2486
2486 2487
2487 2488
2488 2489
2489 2490
1999 2491
2491 2492
2492 2493
2493 2494
2494 2495
2495 2496
2496 2497
2497 2498
2008 2499
2499 2500
2500 2501
2501 2502
2502 2503
2503 2504
2504 2505
2505 2506
2506 2507
2008 2508
2508 2509
2509 2510
2510 2511
2511 2512
2512 2513
2513 2514
2017 2515
2515 2516
2516 2517
2517 2518
2518 2519
2017 2520
2520 2521
2521 2522
2026 2523
2523 2524
2524 2525
2525 2526
2526 2527
2527 2528
2528 2529
2529 2530
2530 2531
2026 2532
2532 2533
2533 2534
2534 2535
2535 2536
2536 2537
2537 2538
2538 2539
2539 2540
2035 2541
2541 2542
2542 2543
2543 2544
2544 2545
2545 2546
2546 2547
2547 2548
2548 2549
2035 2550
2550 2551
2551 2552
2552 2553
2044 2554
2554 2555
2555 2556
2556 2557
2557 2558
2558 2559
2559 2560
2560 2561
2561 2562
2044 2563
2563 2564
2564 2565
2565 2566
2566 2567
2567 2568
2568 2569
2569 2570
2570 2571
2053 2572
2572 2573
2573 2574
2574 2575
2575 2576
2576 2577
2577 2578
2578 2579
2579 2580
2053 2581
2581 2582
2582 2583
2583 2584
2584 2585
2585 2586
2586 2587
2587 2588
2588 2589
2062 2590
2590 2591
2591 2592
2592 2593
2593 2594
2594 2595
2595 2596
2596 2597
2597 2598
2062 2599
2599 2600
2600 2601
2601 2602
2602 2603
2603 2604
2604 2605
2605 2606
2606 2607
2071 2608
2608 2609
2609 2610
2610 2611
2088 2612
2612 2613
2613 2614
2088 2615
2615 2616
2616 2617
2617 2618
2618 2619
2097 2620
2620 2621
2621 2622
2622 2623
2623 2624
2624 2625
2625 2626
2626 2627
2627 2628
2112 2629
2629 2630
2630 2631
2631 2632
2112 2633
2633 2634
2634 2635
2635 2636
2636 2637
2637 2638
2638 2639
2639 2640
2640 2641
2121 2642
2642 2643
2643 2644
2644 2645
2645 2646
2121 2647
2647 2648
2648 2649
2649 2650
2650 2651
2651 2652
2130 2653
2653 2654
2654 2655
2655 2656
2656 2657
2657 2658
2658 2659
2659 2660
2130 2661
2661 2662
2662 2663
2663 2664
2664 2665
2665 2666
2666 2667
2667 2668
2668 2669
2152 2670
2670 2671
2671 2672
2672 2673
2673 2674
2674 2675
2675 2676
2676 2677
2677 2678
2152 2679
2679 2680
2680 2681
2161 2682
2170 2683
2683 2684
2170 2685
2685 2686
2686 2687
2202 2688
2688 2689
2689 2690
2690 2691
2691 2692
2202 2693
2693 2694
2694 2695
2695 2696
2696 2697
2241 2698
2698 2699
2699 2700
2700 2701
2701 2702
2702 2703
2703 2704
2704 2705
2705 2706
2241 2707
2707 2708
2708 2709
2709 2710
2710 2711
2253 2712
2712 2713
2713 2714
2714 2715
2715 2716
2716 2717
2717 2718
2253 2719
2719 2720
2720 2721
2721 2722
2722 2723
2723 2724
2274 2725
2295 2726
2726 2727
2727 2728
2728 2729
2729 2730
2730 2731
2731 2732
2732 2733
2733 2734
2295 2735
2735 2736
2736 2737
2737 2738
2738 2739
2739 2740
2740 2741
2741 2742
2742 2743
2304 2744
2744 2745
2304 2746
2746 2747
2747 2748
2321 2749
2749 2750
2750 2751
2751 2752
2752 2753
2321 2754
2754 2755
2755 2756
2336 2757
2757 2758
2758 2759
2759 2760
2760 2761
2761 2762
2762 2763
2336 2764
2764 2765
2346 2766
2364 2767
2767 2768
2768 2769
2769 2770
2770 2771
2771 2772
2772 2773
2773 2774
2774 2775
2364 2776
2776 2777
2777 2778
2377 2779
2431 2780
2780 2781
2781 2782
2782 2783
2783 2784
2784 2785
2785 2786
2440 2787
2787 2788
2788 2789
2789 2790
2790 2791
2791 2792
2440 2793
2793 2794
2794 2795
2795 2796
2796 2797
2457 2798
2798 2799
2799 2800
2800 2801
2801 2802
2802 2803
2803 2804
2804 2805
2805 2806
2457 2807
2807 2808
2808 2809
2809 2810
2810 2811
2811 2812
2812 2813
2813 2814
2814 2815
2466 2816
2816 2817
2817 2818
2818 2819
2819 2820
2820 2821
2821 2822
2822 2823
2823 2824
2466 2825
2825 2826
2826 2827
2827 2828
2828 2829
2829 2830
2475 2831
2831 2832
2832 2833
2833 2834
2834 2835
2835 2836
2836 2837
2837 2838
2838 2839
2475 2840
2840 2841
2841 2842
2842 2843
2843 2844
2844 2845
2845 2846
2846 2847
2847 2848
2484 2849
2849 2850
2484 2851
2851 2852
2852 2853
2853 2854
2854 2855
2855 2856
2856 2857
2857 2858
2858 2859
2507 2860
2860 2861
2861 2862
2862 2863
2863 2864
2864 2865
2865 2866
2866 2867
2867 2868
2507 2869
2869 2870
2870 2871
2871 2872
2872 2873
2873 2874
2874 2875
2875 2876
2876 2877
2540 2878
2540 2879
2549 2880
2880 2881
2881 2882
2882 2883
2883 2884
2884 2885
2885 2886
2886 2887
2549 2888
2888 2889
2889 2890
2890 2891
2891 2892
2892 2893
2893 2894
2894 2895
2895 2896
2562 2897
2897 2898
2898 2899
2899 2900
2900 2901
2901 2902
2902 2903
2903 2904
2904 2905
2562 2906
2906 2907
2907 2908
2908 2909
2909 2910
2910 2911
2911 2912
2912 2913
2913 2914
2571 2915
2915 2916
2916 2917
2917 2918
2918 2919
2919 2920
2920 2921
2921 2922
2922 2923
2571 2924
2924 2925
2925 2926
2926 2927
2927 2928
2928 2929
2929 2930
2930 2931
2931 2932
2598 2933
2607 2934
2934 2935
2935 2936
2936 2937
2937 2938
2938 2939
2607 2940
2940 2941
2941 2942
2942 2943
2641 2944
2944 2945
2945 2946
2946 2947
2641 2948
2948 2949
2949 2950
2706 2951
2951 2952
2952 2953
2953 2954
2954 2955
2955 2956
2956 2957
2957 2958
2958 2959
2706 2960
2960 2961
2961 2962
2962 2963
2963 2964
2964 2965
2965 2966
2966 2967
2967 2968
2743 2969
2969 2970
2743 2971
2971 2972
2972 2973
2973 2974
2974 2975
2975 2976
2976 2977
2977 2978
2978 2979
2806 2980
2980 2981
2981 2982
2982 2983
2983 2984
2984 2985
2985 2986
2986 2987
2987 2988
2806 2989
2989 2990
2990 2991
2991 2992
2992 2993
2993 2994
2994 2995
2995 2996
2996 2997
2815 2998
2998 2999
2999 3000
3000 3001
3001 3002
3002 3003
3003 3004
3004 3005
3005 3006
2815 3007
3007 3008
3008 3009
3009 3010
3010 3011
3011 3012
3012 3013
3013 3014
2839 3015
3015 3016
3016 3017
3017 3018
3018 3019
3019 3020
3020 3021
3021 3022
3022 3023
2839 3024
3024 3025
3025 3026
3026 3027
3027 3028
3028 3029
3029 3030
3030 3031
3031 3032
2848 3033
2868 3034
3034 3035
3035 3036
3036 3037
3037 3038
3038 3039
3039 3040
3040 3041
2868 3042
3042 3043
3043 3044
3044 3045
3045 3046
3046 3047
3047 3048
3048 3049
3049 3050
2877 3051
3051 3052
3052 3053
3053 3054
3054 3055
3055 3056
3056 3057
3057 3058
3058 3059
2877 3060
3060 3061
3061 3062
2896 3063
3063 3064
3064 3065
3065 3066
2896 3067
3067 3068
3068 3069
3069 3070
2905 3071
3071 3072
3072 3073
3073 3074
3074 3075
3075 3076
2905 3077
3077 3078
3078 3079
3079 3080
3080 3081
3081 3082
2914 3083
3083 3084
3084 3085
3085 3086
3086 3087
3087 3088
3088 3089
3089 3090
3090 3091
2914 3092
3092 3093
3093 3094
3094 3095
3095 3096
3096 3097
3097 3098
3098 3099
3099 3100
2932 3101
3101 3102
2932 3103
3103 3104
2959 3105
3105 3106
2959 3107
3107 3108
3108 3109
3109 3110
3110 3111
3111 3112
3112 3113
3113 3114
2968 3115
3115 3116
3116 3117
3117 3118
3118 3119
3119 3120
3120 3121
3121 3122
3122 3123
2968 3124
3124 3125
3125 3126
3126 3127
3127 3128
2979 3129
3129 3130
3130 3131
3131 3132
2979 3133
3133 3134
3134 3135
3135 3136
3136 3137
3137 3138
3138 3139
3139 3140
3140 3141
2997 3142
2997 3143
3006 3144
3144 3145
3145 3146
3146 3147
3147 3148
3148 3149
3149 3150
3006 3151
3151 3152
3152 3153
3153 3154
3154 3155
3155 3156
3156 3157
3157 3158
3158 3159
3032 3160
3160 3161
3161 3162
3162 3163
3163 3164
3032 3165
3165 3166
3166 3167
3167 3168
3168 3169
3169 3170
3170 3171
3171 3172
3172 3173
3050 3174
3174 3175
3175 3176
3176 3177
3177 3178
3178 3179
3179 3180
3180 3181
3181 3182
3050 3183
3183 3184
3184 3185
3185 3186
3186 3187
3187 3188
3091 3189
3189 3190
3190 3191
3191 3192
3192 3193
3091 3194
3194 3195
3195 3196
3196 3197
3197 3198
3198 3199
3199 3200
3200 3201
3201 3202
3123 3203
3123 3204
3141 3205
3205 3206
3206 3207
3207 3208
3208 3209
3209 3210
3210 3211
3211 3212
3212 3213
3141 3214
3214 3215
3215 3216
3216 3217
3217 3218
3218 3219
3219 3220
3159 3221
3159 3222
3222 3223
3223 3224
3224 3225
3225 3226
3226 3227
3227 3228
3228 3229
3229 3230
3173 3231
3231 3232
3232 3233
3233 3234
3234 3235
3235 3236
3236 3237
3237 3238
3238 3239
3173 3240
3240 3241
3202 3242
3202 3243
3213 3244
3244 3245
3245 3246
3246 3247
3247 3248
3248 3249
3249 3250
3250 3251
3251 3252
3213 3253
3253 3254
3254 3255
3255 3256
3239 3257
3257 3258
3258 3259
3259 3260
3260 3261
3261 3262
3262 3263
3263 3264
3264 3265
3239 3266
3266 3267
3267 3268
3268 3269
3269 3270
3270 3271
3271 3272
3272 3273
3273 3274
3252 3275
3275 3276
3276 3277
3252 3278
3278 3279
3265 3280
3280 3281
3281 3282
3282 3283
3283 3284
3284 3285
3285 3286
3286 3287
3287 3288
3265 3289
3289 3290
3290 3291
3291 3292
3292 3293
3293 3294
3294 3295
3295 3296
3296 3297
3274 3298
3298 3299
3299 3300
3274 3301
3301 3302
3302 3303
3288 3304
3304 3305
3305 3306
3306 3307
3307 3308
3308 3309
3309 3310
3310 3311
3311 3312
3288 3313
3313 3314
3314 3315
3315 3316
3316 3317
3317 3318
3318 3319
3319 3320
3320 3321
3297 3322
3322 3323
3323 3324
3324 3325
3297 3326
3326 3327
3327 3328
3328 3329
3312 3330
3330 3331
3331 3332
3332 3333
3333 3334
3334 3335
3335 3336
3336 3337
3337 3338
3312 3339
3339 3340
3340 3341
3341 3342
3342 3343
3343 3344
3344 3345
3345 3346
3346 3347
3321 3348
3348 3349
3349 3350
3350 3351
3351 3352
3352 3353
3353 3354
3354 3355
3355 3356
3321 3357
3357 3358
3358 3359
3359 3360
3360 3361
3361 3362
3362 3363
3363 3364
3364 3365
3338 3366
3366 3367
3367 3368
3368 3369
3369 3370
3370 3371
3371 3372
3372 3373
3373 3374
3338 3375
3375 3376
3376 3377
3377 3378
3378 3379
3379 3380
3380 3381
3381 3382
3382 3383
3347 3384
3384 3385
3385 3386
3386 3387
3387 3388
3388 3389
3389 3390
3390 3391
3391 3392
3347 3393
3393 3394
3394 3395
3395 3396
3396 3397
3397 3398
3398 3399
3399 3400
3400 3401
3356 3402
3402 3403
3403 3404
3404 3405
3405 3406
3406 3407
3407 3408
3408 3409
3409 3410
3356 3411
3411 3412
3412 3413
3413 3414
3414 3415
3415 3416
3416 3417
3417 3418
3418 3419
3374 3420
3420 3421
3421 3422
3422 3423
3423 3424
3424 3425
3425 3426
3426 3427
3427 3428
3374 3429
3429 3430
3430 3431
3431 3432
3432 3433
3433 3434
3383 3435
3435 3436
3436 3437
3437 3438
3438 3439
3439 3440
3440 3441
3441 3442
3442 3443
3383 3444
3444 3445
3445 3446
3446 3447
3447 3448
3448 3449
3449 3450
3450 3451
3451 3452
3392 3453
3453 3454
3454 3455
3455 3456
3456 3457
3457 3458
3458 3459
3459 3460
3460 3461
3392 3462
3462 3463
3463 3464
3464 3465
3465 3466
3466 3467
3467 3468
3468 3469
3469 3470
3401 3471
3471 3472
3472 3473
3473 3474
3474 3475
3475 3476
3476 3477
3477 3478
3478 3479
3401 3480
3480 3481
3481 3482
3482 3483
3410 3484
3484 3485
3485 3486
3486 3487
3487 3488
3488 3489
3489 3490
3490 3491
3491 3492
3410 3493
3493 3494
3494 3495
3495 3496
3496 3497
3497 3498
3498 3499
3499 3500
3500 3501
3419 3502
3502 3503
3503 3504
3504 3505
3505 3506
3506 3507
3507 3508
3508 3509
3509 3510
3419 3511
3511 3512
3512 3513
3513 3514
3514 3515
3515 3516
3516 3517
3517 3518
3518 3519
3428 3520
3428 3521
3521 3522
3522 3523
3523 3524
3524 3525
3525 3526
3526 3527
3527 3528
3528 3529
3452 3530
3452 3531
3461 3532
3532 3533
3533 3534
3534 3535
3535 3536
3536 3537
3537 3538
3538 3539
3539 3540
3461 3541
3541 3542
3542 3543
3543 3544
3544 3545
3545 3546
3546 3547
3547 3548
3548 3549
3470 3550
3550 3551
3470 3552
3479 3553
3553 3554
3554 3555
3555 3556
3556 3557
3557 3558
3558 3559
3559 3560
3560 3561
3479 3562
3562 3563
3563 3564
3564 3565
3565 3566
3566 3567
3567 3568
3568 3569
3569 3570
3510 3571
3571 3572
3572 3573
3573 3574
3574 3575
3575 3576
3576 3577
3577 3578
3578 3579
3510 3580
3580 3581
3581 3582
3582 3583
3583 3584
3584 3585
3585 3586
3586 3587
3587 3588
3519 3589
3589 3590
3590 3591
3591 3592
3592 3593
3593 3594
3594 3595
3595 3596
3596 3597
3519 3598
3598 3599
3599 3600
3600 3601
3601 3602
3602 3603
3603 3604
3604 3605
3605 3606
3529 3607
3607 3608
3608 3609
3609 3610
3610 3611
3611 3612
3612 3613
3613 3614
3614 3615
3529 3616
3616 3617
3617 3618
3618 3619
3619 3620
3620 3621
3621 3622
3622 3623
3623 3624
3540 3625
3625 3626
3626 3627
3627 3628
3628 3629
3629 3630
3630 3631
3631 3632
3632 3633
3540 3634
3634 3635
3635 3636
3636 3637
3637 3638
3638 3639
3639 3640
3640 3641
3641 3642
3549 3643
3643 3644
3644 3645
3549 3646
3646 3647
3647 3648
3648 3649
3649 3650
3650 3651
3651 3652
3652 3653
3653 3654
3561 3655
3655 3656
3656 3657
3657 3658
3658 3659
3659 3660
3660 3661
3661 3662
3662 3663
3561 3664
3664 3665
3665 3666
3666 3667
3667 3668
3668 3669
3669 3670
3670 3671
3671 3672
3570 3673
3673 3674
3674 3675
3675 3676
3676 3677
3677 3678
3678 3679
3679 3680
3680 3681
3570 3682
3682 3683
3683 3684
3684 3685
3685 3686
3686 3687
3687 3688
3688 3689
3689 3690
3579 3691
3691 3692
3692 3693
3693 3694
3694 3695
3695 3696
3696 3697
3697 3698
3698 3699
3579 3700
3700 3701
3701 3702
3702 3703
3703 3704
3704 3705
3705 3706
3706 3707
3707 3708
3588 3709
3709 3710
3710 3711
3711 3712
3712 3713
3713 3714
3714 3715
3715 3716
3716 3717
3588 3718
3718 3719
3719 3720
3720 3721
3721 3722
3722 3723
3723 3724
3724 3725
3725 3726
3606 3727
3727 3728
3728 3729
3729 3730
3730 3731
3731 3732
3732 3733
3733 3734
3734 3735
3606 3736
3736 3737
3737 3738
3738 3739
3739 3740
3740 3741
3741 3742
3742 3743
3743 3744
3615 3745
3745 3746
3746 3747
3747 3748
3748 3749
3749 3750
3750 3751
3751 3752
3752 3753
3615 3754
3754 3755
3755 3756
3756 3757
3757 3758
3758 3759
3759 3760
3760 3761
3761 3762
3624 3763
3763 3764
3764 3765
3765 3766
3766 3767
3767 3768
3768 3769
3769 3770
3770 3771
3624 3772
3772 3773
3633 3774
3774 3775
3775 3776
3776 3777
3777 3778
3778 3779
3779 3780
3780 3781
3781 3782
3633 3783
3783 3784
3784 3785
3785 3786
3786 3787
3787 3788
3788 3789
3789 3790
3790 3791
3642 3792
3792 3793
3793 3794
3794 3795
3795 3796
3796 3797
3797 3798
3798 3799
3799 3800
3642 3801
3801 3802
3802 3803
3803 3804
3804 3805
3805 3806
3806 3807
3807 3808
3808 3809
3654 3810
3810 3811
3811 3812
3812 3813
3813 3814
3814 3815
3654 3816
3816 3817
3817 3818
3818 3819
3819 3820
3820 3821
3821 3822
3663 3823
3823 3824
3824 3825
3825 3826
3826 3827
3827 3828
3828 3829
3829 3830
3830 3831
3663 3832
3832 3833
3833 3834
3834 3835
3672 3836
3672 3837
3837 3838
3681 3839
3839 3840
3840 3841
3841 3842
3842 3843
3843 3844
3844 3845
3845 3846
3846 3847
3681 3848
3848 3849
3849 3850
3850 3851
3851 3852
3852 3853
3853 3854
3854 3855
3855 3856
3690 3857
3857 3858
3858 3859
3859 3860
3860 3861
3861 3862
3862 3863
3863 3864
3864 3865
3690 3866
3866 3867
3867 3868
3868 3869
3869 3870
3870 3871
3871 3872
3872 3873
3873 3874
3699 3875
3875 3876
3876 3877
3877 3878
3878 3879
3879 3880
3880 3881
3881 3882
3882 3883
3699 3884
3884 3885
3885 3886
3886 3887
3887 3888
3888 3889
3889 3890
3890 3891
3891 3892
3708 3893
3893 3894
3894 3895
3895 3896
3896 3897
3897 3898
3898 3899
3899 3900
3900 3901
3708 3902
3902 3903
3903 3904
3904 3905
3905 3906
3906 3907
3907 3908
3908 3909
3909 3910
3717 3911
3911 3912
3912 3913
3913 3914
3914 3915
3915 3916
3916 3917
3917 3918
3918 3919
3717 3920
3920 3921
3921 3922
3922 3923
3923 3924
3924 3925
3925 3926
3926 3927
3927 3928
3735 3929
3929 3930
3930 3931
3931 3932
3932 3933
3933 3934
3934 3935
3935 3936
3936 3937
3735 3938
3938 3939
3939 3940
3940 3941
3941 3942
3942 3943
3943 3944
3944 3945
3945 3946
3744 3947
3947 3948
3948 3949
3744 3950
3950 3951
3951 3952
3952 3953
3953 3954
3954 3955
3955 3956
3956 3957
3957 3958
3753 3959
3959 3960
3960 3961
3961 3962
3962 3963
3963 3964
3964 3965
3965 3966
3966 3967
3753 3968
3968 3969
3969 3970
3970 3971
3971 3972
3972 3973
3973 3974
3974 3975
3975 3976
3762 3977
3977 3978
3978 3979
3979 3980
3980 3981
3981 3982
3982 3983
3983 3984
3984 3985
3762 3986
3986 3987
3987 3988
3988 3989
3989 3990
3990 3991
3991 3992
3992 3993
3993 3994
3771 3995
3995 3996
3996 3997
3997 3998
3998 3999
3999 4000
4000 4001
4001 4002
4002 4003
3771 4004
4004 4005
4005 4006
4006 4007
3782 4008
4008 4009
4009 4010
4010 4011
4011 4012
4012 4013
4013 4014
4014 4015
4015 4016
3782 4017
4017 4018
4018 4019
4019 4020
4020 4021
4021 4022
4022 4023
4023 4024
4024 4025
3791 4026
4026 4027
4027 4028
4028 4029
4029 4030
4030 4031
3791 4032
4032 4033
4033 4034
4034 4035
4035 4036
4036 4037
4037 4038
4038 4039
4039 4040
3800 4041
4041 4042
4042 4043
4043 4044
4044 4045
4045 4046
4046 4047
4047 4048
4048 4049
3800 4050
4050 4051
4051 4052
4052 4053
4053 4054
4054 4055
4055 4056
4056 4057
4057 4058
3831 4059
4059 4060
4060 4061
4061 4062
4062 4063
4063 4064
4064 4065
4065 4066
4066 4067
3831 4068
4068 4069
4069 4070
4070 4071
4071 4072
4072 4073
4073 4074
4074 4075
4075 4076
3847 4077
4077 4078
4078 4079
4079 4080
4080 4081
4081 4082
4082 4083
4083 4084
4084 4085
3847 4086
4086 4087
4087 4088
4088 4089
4089 4090
4090 4091
4091 4092
4092 4093
4093 4094
3856 4095
4095 4096
4096 4097
4097 4098
4098 4099
4099 4100
3856 4101
4101 4102
4102 4103
4103 4104
4104 4105
4105 4106
4106 4107
4107 4108
4108 4109
3865 4110
3865 4111
4111 4112
4112 4113
3874 4114
4114 4115
4115 4116
3901 4117
4117 4118
4118 4119
4119 4120
4120 4121
4121 4122
4122 4123
4123 4124
4124 4125
3901 4126
4126 4127
4127 4128
4128 4129
4129 4130
4130 4131
4131 4132
4132 4133
4133 4134
3910 4135
4135 4136
4136 4137
4137 4138
4138 4139
4139 4140
4140 4141
4141 4142
4142 4143
3910 4144
4144 4145
4145 4146
4146 4147
4147 4148
4148 4149
4149 4150
4150 4151
4151 4152
3919 4153
4153 4154
4154 4155
4155 4156
4156 4157
4157 4158
4158 4159
4159 4160
4160 4161
3919 4162
4162 4163
4163 4164
4164 4165
4165 4166
4166 4167
4167 4168
4168 4169
4169 4170
3928 4171
4171 4172
4172 4173
4173 4174
4174 4175
4175 4176
4176 4177
4177 4178
4178 4179
3928 4180
4180 4181
4181 4182
4182 4183
4183 4184
4184 4185
4185 4186
4186 4187
4187 4188
3937 4189
4189 4190
4190 4191
4191 4192
4192 4193
4193 4194
4194 4195
4195 4196
4196 4197
3937 4198
4198 4199
4199 4200
4200 4201
4201 4202
4202 4203
4203 4204
4204 4205
4205 4206
3946 4207
4207 4208
4208 4209
4209 4210
4210 4211
4211 4212
4212 4213
4213 4214
4214 4215
3946 4216
4216 4217
4217 4218
4218 4219
4219 4220
4220 4221
4221 4222
4222 4223
4223 4224
3958 4225
4225 4226
4226 4227
4227 4228
4228 4229
4229 4230
4230 4231
4231 4232
4232 4233
3958 4234
4234 4235
4235 4236
4236 4237
4237 4238
4238 4239
4239 4240
3967 4241
4241 4242
4242 4243
4243 4244
4244 4245
4245 4246
4246 4247
4247 4248
4248 4249
3967 4250
4250 4251
4251 4252
4252 4253
4253 4254
4254 4255
4255 4256
4256 4257
4257 4258
3976 4259
4259 4260
3976 4261
4261 4262
4262 4263
4263 4264
4264 4265
4265 4266
4266 4267
4267 4268
4268 4269
3985 4270
4270 4271
4271 4272
4272 4273
4273 4274
4274 4275
4275 4276
4276 4277
4277 4278
3985 4279
4279 4280
4280 4281
4281 4282
4282 4283
4283 4284
4284 4285
4285 4286
4286 4287
3994 4288
4288 4289
4289 4290
4290 4291
4291 4292
3994 4293
4293 4294
4294 4295
4003 4296
4003 4297
4297 4298
4298 4299
4299 4300
4300 4301
4016 4302
4302 4303
4303 4304
4304 4305
4305 4306
4306 4307
4307 4308
4308 4309
4309 4310
4016 4311
4311 4312
4312 4313
4313 4314
4314 4315
4315 4316
4316 4317
4317 4318
4318 4319
4025 4320
4320 4321
4321 4322
4322 4323
4323 4324
4324 4325
4325 4326
4326 4327
4327 4328
4025 4329
4329 4330
4330 4331
4331 4332
4332 4333
4333 4334
4334 4335
4335 4336
4336 4337
4040 4338
4338 4339
4339 4340
4340 4341
4040 4342
4342 4343
4343 4344
4344 4345
4345 4346
4346 4347
4347 4348
4348 4349
4349 4350
4049 4351
4351 4352
4352 4353
4353 4354
4354 4355
4355 4356
4356 4357
4357 4358
4358 4359
4049 4360
4360 4361
4361 4362
4362 4363
4363 4364
4364 4365
4365 4366
4058 4367
4367 4368
4368 4369
4369 4370
4370 4371
4371 4372
4372 4373
4373 4374
4374 4375
4058 4376
4376 4377
4377 4378
4378 4379
4067 4380
4380 4381
4381 4382
4382 4383
4383 4384
4384 4385
4385 4386
4386 4387
4387 4388
4067 4389
4389 4390
4076 4391
4391 4392
4392 4393
4393 4394
4394 4395
4395 4396
4396 4397
4397 4398
4398 4399
4076 4400
4400 4401
4085 4402
4402 4403
4403 4404
4404 4405
4405 4406
4406 4407
4407 4408
4408 4409
4409 4410
4085 4411
4411 4412
4412 4413
4125 4414
4125 4415
4415 4416
4416 4417
4417 4418
4418 4419
4419 4420
4420 4421
4421 4422
4422 4423
4134 4424
4424 4425
4425 4426
4426 4427
4427 4428
4428 4429
4429 4430
4430 4431
4431 4432
4134 4433
4433 4434
4434 4435
4435 4436
4436 4437
4437 4438
4438 4439
4439 4440
4440 4441
4143 4442
4442 4443
4443 4444
4444 4445
4445 4446
4446 4447
4447 4448
4448 4449
4449 4450
4143 4451
4451 4452
4452 4453
4453 4454
4454 4455
4455 4456
4152 4457
4457 4458
4458 4459
4459 4460
4460 4461
4461 4462
4462 4463
4463 4464
4464 4465
4152 4466
4466 4467
4467 4468
4468 4469
4469 4470
4161 4471
4471 4472
4472 4473
4473 4474
4474 4475
4475 4476
4476 4477
4477 4478
4478 4479
4161 4480
4480 4481
4481 4482
4482 4483
4483 4484
4484 4485
4485 4486
4486 4487
4487 4488
4170 4489
4489 4490
4490 4491
4491 4492
4492 4493
4493 4494
4494 4495
4495 4496
4496 4497
4170 4498
4498 4499
4499 4500
4500 4501
4501 4502
4502 4503
4503 4504
4504 4505
4505 4506
4179 4507
4507 4508
4508 4509
4509 4510
4510 4511
4511 4512
4512 4513
4513 4514
4514 4515
4179 4516
4516 4517
4517 4518
4518 4519
4519 4520
4520 4521
4521 4522
4522 4523
4523 4524
4188 4525
4525 4526
4526 4527
4527 4528
4528 4529
4529 4530
4530 4531
4531 4532
4532 4533
4188 4534
4534 4535
4197 4536
4536 4537
4537 4538
4538 4539
4539 4540
4540 4541
4541 4542
4542 4543
4543 4544
4197 4545
4545 4546
4546 4547
4547 4548
4548 4549
4549 4550
4550 4551
4551 4552
4552 4553
4206 4554
4206 4555
4555 4556
4215 4557
4557 4558
4558 4559
4559 4560
4560 4561
4561 4562
4562 4563
4563 4564
4564 4565
4215 4566
4566 4567
4567 4568
4568 4569
4569 4570
4570 4571
4571 4572
4572 4573
4573 4574
4224 4575
4575 4576
4576 4577
4577 4578
4578 4579
4579 4580
4224 4581
4581 4582
4582 4583
4583 4584
4584 4585
4585 4586
4586 4587
4249 4588
4588 4589
4589 4590
4590 4591
4591 4592
4592 4593
4593 4594
4594 4595
4595 4596
4249 4597
4597 4598
4598 4599
4258 4600
4600 4601
4601 4602
4602 4603
4603 4604
4604 4605
4605 4606
4606 4607
4607 4608
4258 4609
4609 4610
4610 4611
4611 4612
4612 4613
4613 4614
4614 4615
4278 4616
4616 4617
4617 4618
4618 4619
4619 4620
4620 4621
4621 4622
4622 4623
4623 4624
4278 4625
4625 4626
4626 4627
4627 4628
4628 4629
4629 4630
4630 4631
4631 4632
4632 4633
4287 4634
4634 4635
4635 4636
4636 4637
4637 4638
4638 4639
4287 4640
4640 4641
4641 4642
4642 4643
4643 4644
4644 4645
4645 4646
4646 4647
4647 4648
4310 4649
4649 4650
4650 4651
4651 4652
4652 4653
4653 4654
4654 4655
4655 4656
4656 4657
4310 4658
4658 4659
4659 4660
4660 4661
4661 4662
4662 4663
4663 4664
4664 4665
4665 4666
4319 4667
4667 4668
4668 4669
4669 4670
4670 4671
4671 4672
4672 4673
4673 4674
4674 4675
4319 4676
4676 4677
4677 4678
4678 4679
4679 4680
4680 4681
4681 4682
4682 4683
4683 4684
4328 4685
4685 4686
4686 4687
4687 4688
4688 4689
4689 4690
4690 4691
4691 4692
4692 4693
4328 4694
4694 4695
4695 4696
4696 4697
4697 4698
4698 4699
4699 4700
4700 4701
4701 4702
4337 4703
4703 4704
4704 4705
4705 4706
4706 4707
4707 4708
4708 4709
4709 4710
4710 4711
4337 4712
4712 4713
4713 4714
4714 4715
4715 4716
4716 4717
4717 4718
4718 4719
4719 4720
4350 4721
4721 4722
4722 4723
4723 4724
4724 4725
4725 4726
4726 4727
4727 4728
4728 4729
4350 4730
4730 4731
4359 4732
4732 4733
4733 4734
4734 4735
4735 4736
4736 4737
4737 4738
4738 4739
4739 4740
4359 4741
4741 4742
4742 4743
4743 4744
4375 4745
4745 4746
4746 4747
4747 4748
4748 4749
4749 4750
4750 4751
4751 4752
4752 4753
4375 4754
4754 4755
4755 4756
4756 4757
4388 4758
4758 4759
4759 4760
4760 4761
4761 4762
4762 4763
4763 4764
4764 4765
4765 4766
4388 4767
4767 4768
4768 4769
4769 4770
4770 4771
4771 4772
4772 4773
4773 4774
4774 4775
4399 4776
4776 4777
4777 4778
4778 4779
4779 4780
4780 4781
4399 4782
4782 4783
4783 4784
4784 4785
4785 4786
4786 4787
4787 4788
4788 4789
4789 4790
4410 4791
4410 4792
4792 4793
4423 4794
4794 4795
4795 4796
4796 4797
4797 4798
4798 4799
4799 4800
4800 4801
4801 4802
4423 4803
4803 4804
4804 4805
4805 4806
4806 4807
4807 4808
4808 4809
4809 4810
4810 4811
4432 4812
4812 4813
4813 4814
4814 4815
4815 4816
4816 4817
4817 4818
4818 4819
4819 4820
4432 4821
4821 4822
4822 4823
4823 4824
4824 4825
4825 4826
4826 4827
4827 4828
4828 4829
4441 4830
4830 4831
4831 4832
4441 4833
4833 4834
4450 4835
4835 4836
4836 4837
4837 4838
4838 4839
4839 4840
4840 4841
4450 4842
4842 4843
4843 4844
4844 4845
4465 4846
4846 4847
4847 4848
4848 4849
4849 4850
4850 4851
4851 4852
4852 4853
4853 4854
4465 4855
4855 4856
4856 4857
4857 4858
4858 4859
4859 4860
4860 4861
4861 4862
4862 4863
4479 4864
4864 4865
4865 4866
4866 4867
4867 4868
4868 4869
4869 4870
4870 4871
4871 4872
4479 4873
4873 4874
4874 4875
4875 4876
4876 4877
4877 4878
4878 4879
4879 4880
4880 4881
4488 4882
4882 4883
4883 4884
4884 4885
4885 4886
4886 4887
4887 4888
4888 4889
4889 4890
4488 4891
4891 4892
4892 4893
4893 4894
4894 4895
4895 4896
4896 4897
4897 4898
4898 4899
4497 4900
4900 4901
4901 4902
4902 4903
4903 4904
4904 4905
4905 4906
4906 4907
4907 4908
4497 4909
4909 4910
4910 4911
4506 4912
4912 4913
4506 4914
4515 4915
4915 4916
4916 4917
4917 4918
4918 4919
4515 4920
4920 4921
4921 4922
4922 4923
4923 4924
4924 4925
4925 4926
4926 4927
4927 4928
4524 4929
4929 4930
4930 4931
4931 4932
4932 4933
4933 4934
4934 4935
4935 4936
4936 4937
4524 4938
4938 4939
4939 4940
4940 4941
4941 4942
4942 4943
4943 4944
4944 4945
4945 4946
4533 4947
4947 4948
4948 4949
4949 4950
4950 4951
4951 4952
4952 4953
4953 4954
4954 4955
4533 4956
4956 4957
4957 4958
4958 4959
4959 4960
4960 4961
4961 4962
4962 4963
4963 4964
4544 4965
4965 4966
4966 4967
4967 4968
4968 4969
4969 4970
4970 4971
4971 4972
4972 4973
4544 4974
4974 4975
4975 4976
4976 4977
4977 4978
4978 4979
4979 4980
4980 4981
4981 4982
4553 4983
4983 4984
4984 4985
4985 4986
4986 4987
4987 4988
4988 4989
4989 4990
4990 4991
4553 4992
4992 4993
4993 4994
4994 4995
4995 4996
4996 4997
4997 4998
4998 4999
4999 5000
4565 5001
5001 5002
5002 5003
5003 5004
5004 5005
5005 5006
4565 5007
5007 5008
5008 5009
5009 5010
5010 5011
5011 5012
5012 5013
5013 5014
5014 5015
4574 5016
5016 5017
5017 5018
5018 5019
4574 5020
5020 5021
5021 5022
4608 5023
5023 5024
5024 5025
5025 5026
5026 5027
5027 5028
5028 5029
5029 5030
5030 5031
4608 5032
5032 5033
5033 5034
5034 5035
5035 5036
5036 5037
5037 5038
5038 5039
5039 5040
4624 5041
5041 5042
5042 5043
4624 5044
5044 5045
5045 5046
4648 5047
5047 5048
5048 5049
5049 5050
5050 5051
5051 5052
5052 5053
5053 5054
5054 5055
4648 5056
5056 5057
5057 5058
5058 5059
5059 5060
5060 5061
5061 5062
5062 5063
5063 5064
4657 5065
5065 5066
5066 5067
5067 5068
5068 5069
5069 5070
5070 5071
5071 5072
5072 5073
4657 5074
5074 5075
5075 5076
5076 5077
5077 5078
5078 5079
5079 5080
5080 5081
5081 5082
4666 5083
5083 5084
5084 5085
5085 5086
5086 5087
5087 5088
5088 5089
5089 5090
5090 5091
4666 5092
5092 5093
5093 5094
5094 5095
5095 5096
5096 5097
5097 5098
4675 5099
5099 5100
5100 5101
5101 5102
5102 5103
5103 5104
5104 5105
5105 5106
5106 5107
4675 5108
5108 5109
5109 5110
5110 5111
5111 5112
5112 5113
5113 5114
5114 5115
5115 5116
4693 5117
5117 5118
5118 5119
5119 5120
5120 5121
5121 5122
5122 5123
5123 5124
5124 5125
4693 5126
5126 5127
5127 5128
5128 5129
5129 5130
5130 5131
5131 5132
5132 5133
5133 5134
4702 5135
5135 5136
5136 5137
5137 5138
5138 5139
5139 5140
5140 5141
5141 5142
5142 5143
4702 5144
5144 5145
5145 5146
5146 5147
4711 5148
5148 5149
5149 5150
5150 5151
5151 5152
5152 5153
5153 5154
5154 5155
5155 5156
4711 5157
5157 5158
5158 5159
5159 5160
5160 5161
5161 5162
5162 5163
5163 5164
5164 5165
4720 5166
5166 5167
5167 5168
4720 5169
5169 5170
5170 5171
4729 5172
5172 5173
5173 5174
5174 5175
5175 5176
5176 5177
5177 5178
5178 5179
5179 5180
4729 5181
5181 5182
5182 5183
5183 5184
5184 5185
5185 5186
5186 5187
5187 5188
5188 5189
4740 5190
5190 5191
5191 5192
5192 5193
5193 5194
5194 5195
5195 5196
4740 5197
4753 5198
5198 5199
5199 5200
5200 5201
5201 5202
5202 5203
5203 5204
5204 5205
5205 5206
4753 5207
5207 5208
5208 5209
5209 5210
5210 5211
5211 5212
5212 5213
4766 5214
5214 5215
5215 5216
5216 5217
5217 5218
5218 5219
5219 5220
5220 5221
5221 5222
4766 5223
5223 5224
5224 5225
5225 5226
5226 5227
5227 5228
5228 5229
5229 5230
5230 5231
4775 5232
5232 5233
5233 5234
5234 5235
5235 5236
5236 5237
5237 5238
5238 5239
5239 5240
4775 5241
5241 5242
5242 5243
5243 5244
5244 5245
5245 5246
5246 5247
5247 5248
5248 5249
4790 5250
5250 5251
5251 5252
5252 5253
5253 5254
4790 5255
5255 5256
5256 5257
5257 5258
4811 5259
5259 5260
5260 5261
5261 5262
5262 5263
5263 5264
5264 5265
5265 5266
5266 5267
4811 5268
5268 5269
5269 5270
5270 5271
5271 5272
5272 5273
4820 5274
5274 5275
5275 5276
5276 5277
5277 5278
5278 5279
5279 5280
5280 5281
5281 5282
4820 5283
5283 5284
5284 5285
5285 5286
4863 5287
5287 5288
5288 5289
5289 5290
5290 5291
5291 5292
5292 5293
5293 5294
5294 5295
4863 5296
5296 5297
5297 5298
5298 5299
5299 5300
5300 5301
5301 5302
5302 5303
5303 5304
4872 5305
5305 5306
5306 5307
5307 5308
5308 5309
5309 5310
5310 5311
5311 5312
5312 5313
4872 5314
5314 5315
5315 5316
5316 5317
5317 5318
5318 5319
5319 5320
5320 5321
5321 5322
4881 5323
5323 5324
4881 5325
5325 5326
5326 5327
5327 5328
5328 5329
5329 5330
5330 5331
5331 5332
4890 5333
5333 5334
5334 5335
5335 5336
5336 5337
5337 5338
5338 5339
5339 5340
5340 5341
4890 5342
5342 5343
5343 5344
5344 5345
5345 5346
5346 5347
5347 5348
5348 5349
5349 5350
4908 5351
4908 5352
5352 5353
5353 5354
5354 5355
5355 5356
4928 5357
5357 5358
5358 5359
5359 5360
5360 5361
5361 5362
5362 5363
5363 5364
4928 5365
5365 5366
5366 5367
5367 5368
5368 5369
5369 5370
5370 5371
5371 5372
5372 5373
4937 5374
5374 5375
5375 5376
5376 5377
5377 5378
4937 5379
5379 5380
5380 5381
5381 5382
5382 5383
5383 5384
5384 5385
5385 5386
5386 5387
4946 5388
5388 5389
5389 5390
5390 5391
4946 5392
5392 5393
5393 5394
5394 5395
5395 5396
5396 5397
5397 5398
5398 5399
5399 5400
4955 5401
5401 5402
5402 5403
5403 5404
5404 5405
5405 5406
5406 5407
5407 5408
5408 5409
4955 5410
5410 5411
5411 5412
5412 5413
5413 5414
5414 5415
5415 5416
5416 5417
5417 5418
4973 5419
5419 5420
5420 5421
5421 5422
5422 5423
5423 5424
5424 5425
5425 5426
5426 5427
4973 5428
5428 5429
5429 5430
5430 5431
5431 5432
5432 5433
5433 5434
5434 5435
5435 5436
4982 5437
5437 5438
5438 5439
5439 5440
5440 5441
5441 5442
5442 5443
5443 5444
5444 5445
4982 5446
5446 5447
5447 5448
5448 5449
5449 5450
5450 5451
4991 5452
4991 5453
5000 5454
5000 5455
5031 5456
5456 5457
5457 5458
5458 5459
5459 5460
5460 5461
5461 5462
5462 5463
5463 5464
5031 5465
5465 5466
5466 5467
5467 5468
5468 5469
5469 5470
5470 5471
5471 5472
5472 5473
5040 5474
5474 5475
5475 5476
5476 5477
5477 5478
5478 5479
5479 5480
5480 5481
5481 5482
5040 5483
5483 5484
5484 5485
5055 5486
5486 5487
5487 5488
5488 5489
5489 5490
5490 5491
5491 5492
5492 5493
5493 5494
5055 5495
5495 5496
5496 5497
5497 5498
5498 5499
5499 5500
5500 5501
5501 5502
5502 5503
5064 5504
5073 5505
5505 5506
5506 5507
5507 5508
5508 5509
5509 5510
5510 5511
5511 5512
5512 5513
5073 5514
5514 5515
5515 5516
5516 5517
5517 5518
5518 5519
5519 5520
5520 5521
5521 5522
5082 5523
5523 5524
5524 5525
5525 5526
5526 5527
5527 5528
5528 5529
5529 5530
5530 5531
5082 5532
5532 5533
5533 5534
5534 5535
5535 5536
5536 5537
5537 5538
5538 5539
5539 5540
5091 5541
5541 5542
5542 5543
5543 5544
5544 5545
5545 5546
5546 5547
5547 5548
5548 5549
5091 5550
5550 5551
5551 5552
5552 5553
5553 5554
5554 5555
5555 5556
5556 5557
5557 5558
5125 5559
5559 5560
5560 5561
5561 5562
5562 5563
5563 5564
5564 5565
5565 5566
5566 5567
5125 5568
5568 5569
5569 5570
5570 5571
5571 5572
5572 5573
5573 5574
5574 5575
5575 5576
5134 5577
5577 5578
5134 5579
5156 5580
5580 5581
5581 5582
5582 5583
5583 5584
5584 5585
5585 5586
5586 5587
5587 5588
5156 5589
5589 5590
5590 5591
5591 5592
5592 5593
5593 5594
5594 5595
5595 5596
5596 5597
5165 5598
5165 5599
5599 5600
5180 5601
5601 5602
5602 5603
5603 5604
5604 5605
5605 5606
5606 5607
5607 5608
5608 5609
5180 5610
5610 5611
5611 5612
5612 5613
5613 5614
5614 5615
5615 5616
5616 5617
5617 5618
5189 5619
5189 5620
5222 5621
5621 5622
5622 5623
5623 5624
5624 5625
5625 5626
5626 5627
5627 5628
5628 5629
5222 5630
5630 5631
5631 5632
5632 5633
5633 5634
5634 5635
5635 5636
5231 5637
5637 5638
5638 5639
5231 5640
5640 5641
5641 5642
5642 5643
5643 5644
5240 5645
5645 5646
5646 5647
5240 5648
5648 5649
5649 5650
5650 5651
5651 5652
5652 5653
5653 5654
5249 5655
5655 5656
5267 5657
5657 5658
5658 5659
5659 5660
5660 5661
5661 5662
5662 5663
5663 5664
5664 5665
5267 5666
5666 5667
5667 5668
5668 5669
5669 5670
5670 5671
5671 5672
5672 5673
5673 5674
5282 5675
5675 5676
5676 5677
5677 5678
5678 5679
5679 5680
5680 5681
5681 5682
5682 5683
5282 5684
5684 5685
5685 5686
5686 5687
5687 5688
5688 5689
5689 5690
5690 5691
5691 5692
5295 5693
5693 5694
5694 5695
5695 5696
5696 5697
5697 5698
5698 5699
5699 5700
5700 5701
5295 5702
5304 5703
5703 5704
5704 5705
5705 5706
5706 5707
5707 5708
5708 5709
5709 5710
5710 5711
5304 5712
5712 5713
5713 5714
5714 5715
5715 5716
5716 5717
5717 5718
5718 5719
5719 5720
5313 5721
5721 5722
5722 5723
5723 5724
5724 5725
5725 5726
5726 5727
5727 5728
5728 5729
5313 5730
5730 5731
5731 5732
5732 5733
5733 5734
5734 5735
5735 5736
5322 5737
5737 5738
5738 5739
5739 5740
5740 5741
5741 5742
5742 5743
5743 5744
5744 5745
5322 5746
5746 5747
5747 5748
5748 5749
5749 5750
5750 5751
5751 5752
5752 5753
5753 5754
5341 5755
5755 5756
5756 5757
5757 5758
5758 5759
5759 5760
5760 5761
5761 5762
5762 5763
5341 5764
5764 5765
5765 5766
5766 5767
5767 5768
5768 5769
5769 5770
5770 5771
5771 5772
5350 5773
5773 5774
5774 5775
5775 5776
5776 5777
5777 5778
5778 5779
5779 5780
5780 5781
5350 5782
5782 5783
5783 5784
5373 5785
5785 5786
5786 5787
5787 5788
5788 5789
5789 5790
5790 5791
5791 5792
5373 5793
5793 5794
5794 5795
5795 5796
5387 5797
5387 5798
5798 5799
5799 5800
5800 5801
5409 5802
5802 5803
5803 5804
5804 5805
5805 5806
5806 5807
5807 5808
5808 5809
5809 5810
5409 5811
5811 5812
5812 5813
5813 5814
5814 5815
5815 5816
5816 5817
5817 5818
5818 5819
5418 5820
5820 5821
5821 5822
5822 5823
5823 5824
5824 5825
5825 5826
5826 5827
5827 5828
5418 5829
5829 5830
5830 5831
5831 5832
5832 5833
5833 5834
5834 5835
5835 5836
5836 5837
5427 5838
5838 5839
5839 5840
5840 5841
5841 5842
5842 5843
5843 5844
5844 5845
5845 5846
5427 5847
5847 5848
5848 5849
5849 5850
5850 5851
5851 5852
5852 5853
5853 5854
5854 5855
5436 5856
5856 5857
5857 5858
5858 5859
5859 5860
5860 5861
5861 5862
5862 5863
5863 5864
5436 5865
5865 5866
5866 5867
5445 5868
5868 5869
5869 5870
5870 5871
5871 5872
5872 5873
5873 5874
5874 5875
5875 5876
5445 5877
5877 5878
5878 5879
5879 5880
5880 5881
5881 5882
5882 5883
5883 5884
5884 5885
5464 5886
5886 5887
5887 5888
5888 5889
5889 5890
5890 5891
5891 5892
5892 5893
5893 5894
5464 5895
5895 5896
5896 5897
5897 5898
5898 5899
5899 5900
5900 5901
5901 5902
5902 5903
5473 5904
5904 5905
5905 5906
5906 5907
5907 5908
5908 5909
5909 5910
5910 5911
5911 5912
5473 5913
5913 5914
5914 5915
5915 5916
5916 5917
5917 5918
5918 5919
5919 5920
5920 5921
5482 5922
5922 5923
5923 5924
5924 5925
5925 5926
5926 5927
5927 5928
5928 5929
5929 5930
5482 5931
5931 5932
5932 5933
5933 5934
5934 5935
5935 5936
5936 5937
5937 5938
5938 5939
5494 5940
5940 5941
5941 5942
5942 5943
5943 5944
5944 5945
5945 5946
5946 5947
5947 5948
5494 5949
5949 5950
5950 5951
5951 5952
5952 5953
5953 5954
5954 5955
5955 5956
5956 5957
5503 5958
5958 5959
5959 5960
5960 5961
5961 5962
5962 5963
5963 5964
5964 5965
5965 5966
5503 5967
5967 5968
5968 5969
5969 5970
5970 5971
5971 5972
5972 5973
5973 5974
5513 5975
5975 5976
5976 5977
5977 5978
5978 5979
5979 5980
5980 5981
5981 5982
5982 5983
5513 5984
5984 5985
5985 5986
5986 5987
5987 5988
5988 5989
5989 5990
5990 5991
5991 5992
5522 5993
5993 5994
5994 5995
5995 5996
5996 5997
5997 5998
5998 5999
5999 6000
6000 6001
5522 6002
6002 6003
6003 6004
6004 6005
6005 6006
6006 6007
6007 6008
6008 6009
6009 6010
5540 6011
6011 6012
6012 6013
6013 6014
5540 6015
6015 6016
6016 6017
6017 6018
6018 6019
5549 6020
6020 6021
6021 6022
6022 6023
6023 6024
6024 6025
6025 6026
6026 6027
6027 6028
5549 6029
6029 6030
6030 6031
6031 6032
6032 6033
6033 6034
6034 6035
6035 6036
6036 6037
5558 6038
6038 6039
6039 6040
6040 6041
6041 6042
6042 6043
6043 6044
5558 6045
6045 6046
6046 6047
6047 6048
6048 6049
6049 6050
5567 6051
6051 6052
6052 6053
6053 6054
6054 6055
6055 6056
6056 6057
6057 6058
6058 6059
5567 6060
6060 6061
6061 6062
6062 6063
6063 6064
6064 6065
6065 6066
6066 6067
6067 6068
5576 6069
6069 6070
6070 6071
6071 6072
6072 6073
6073 6074
6074 6075
6075 6076
6076 6077
5576 6078
6078 6079
6079 6080
6080 6081
6081 6082
6082 6083
6083 6084
6084 6085
6085 6086
5588 6087
6087 6088
6088 6089
6089 6090
6090 6091
6091 6092
6092 6093
6093 6094
6094 6095
5588 6096
6096 6097
6097 6098
6098 6099
6099 6100
6100 6101
6101 6102
6102 6103
6103 6104
5597 6105
6105 6106
6106 6107
6107 6108
6108 6109
6109 6110
6110 6111
6111 6112
6112 6113
5597 6114
6114 6115
6115 6116
6116 6117
6117 6118
6118 6119
6119 6120
6120 6121
6121 6122
5609 6123
6123 6124
6124 6125
6125 6126
6126 6127
5609 6128
6128 6129
5618 6130
6130 6131
6131 6132
6132 6133
6133 6134
5618 6135
6135 6136
6136 6137
6137 6138
5629 6139
6139 6140
6140 6141
6141 6142
6142 6143
6143 6144
5629 6145
6145 6146
6146 6147
5665 6148
6148 6149
6149 6150
6150 6151
6151 6152
6152 6153
6153 6154
6154 6155
6155 6156
5665 6157
6157 6158
6158 6159
6159 6160
6160 6161
6161 6162
6162 6163
6163 6164
6164 6165
5674 6166
6166 6167
6167 6168
6168 6169
6169 6170
6170 6171
5674 6172
6172 6173
6173 6174
6174 6175
6175 6176
6176 6177
6177 6178
6178 6179
6179 6180
5683 6181
6181 6182
6182 6183
6183 6184
6184 6185
6185 6186
6186 6187
6187 6188
6188 6189
5683 6190
6190 6191
6191 6192
5692 6193
6193 6194
6194 6195
6195 6196
6196 6197
6197 6198
6198 6199
6199 6200
6200 6201
5692 6202
6202 6203
6203 6204
5701 6205
6205 6206
6206 6207
5701 6208
6208 6209
6209 6210
6210 6211
5729 6212
6212 6213
6213 6214
6214 6215
6215 6216
6216 6217
6217 6218
6218 6219
6219 6220
5729 6221
6221 6222
6222 6223
5745 6224
6224 6225
6225 6226
6226 6227
6227 6228
6228 6229
6229 6230
6230 6231
6231 6232
5745 6233
6233 6234
6234 6235
6235 6236
6236 6237
6237 6238
6238 6239
6239 6240
6240 6241
5754 6242
6242 6243
6243 6244
6244 6245
6245 6246
6246 6247
6247 6248
6248 6249
6249 6250
5754 6251
6251 6252
6252 6253
6253 6254
6254 6255
6255 6256
6256 6257
6257 6258
6258 6259
5763 6260
6260 6261
5763 6262
5772 6263
6263 6264
6264 6265
6265 6266
6266 6267
6267 6268
6268 6269
6269 6270
6270 6271
5772 6272
6272 6273
6273 6274
6274 6275
6275 6276
6276 6277
6277 6278
6278 6279
6279 6280
5781 6281
5781 6282
5810 6283
6283 6284
6284 6285
6285 6286
6286 6287
6287 6288
6288 6289
6289 6290
6290 6291
5810 6292
6292 6293
6293 6294
6294 6295
6295 6296
6296 6297
6297 6298
6298 6299
6299 6300
5819 6301
6301 6302
6302 6303
6303 6304
6304 6305
6305 6306
6306 6307
6307 6308
6308 6309
5819 6310
6310 6311
5828 6312
6312 6313
6313 6314
6314 6315
6315 6316
6316 6317
6317 6318
6318 6319
6319 6320
5828 6321
6321 6322
6322 6323
6323 6324
6324 6325
6325 6326
6326 6327
6327 6328
6328 6329
5837 6330
6330 6331
5837 6332
6332 6333
6333 6334
6334 6335
6335 6336
6336 6337
6337 6338
6338 6339
6339 6340
5846 6341
6341 6342
6342 6343
6343 6344
6344 6345
6345 6346
6346 6347
6347 6348
6348 6349
5846 6350
6350 6351
6351 6352
6352 6353
6353 6354
6354 6355
6355 6356
6356 6357
6357 6358
5855 6359
6359 6360
6360 6361
6361 6362
6362 6363
6363 6364
6364 6365
6365 6366
6366 6367
5855 6368
6368 6369
6369 6370
6370 6371
6371 6372
6372 6373
6373 6374
6374 6375
6375 6376
5864 6377
6377 6378
6378 6379
6379 6380
6380 6381
6381 6382
6382 6383
6383 6384
6384 6385
5864 6386
6386 6387
6387 6388
6388 6389
5876 6390
6390 6391
6391 6392
6392 6393
6393 6394
6394 6395
5876 6396
6396 6397
6397 6398
6398 6399
6399 6400
6400 6401
6401 6402
6402 6403
6403 6404
5885 6405
6405 6406
6406 6407
5885 6408
6408 6409
6409 6410
6410 6411
6411 6412
5894 6413
6413 6414
6414 6415
6415 6416
6416 6417
6417 6418
6418 6419
6419 6420
6420 6421
5894 6422
6422 6423
6423 6424
6424 6425
6425 6426
6426 6427
6427 6428
6428 6429
6429 6430
5903 6431
5903 6432
6432 6433
6433 6434
6434 6435
6435 6436
6436 6437
6437 6438
6438 6439
6439 6440
5921 6441
6441 6442
6442 6443
6443 6444
6444 6445
6445 6446
6446 6447
6447 6448
6448 6449
5921 6450
6450 6451
6451 6452
6452 6453
6453 6454
6454 6455
6455 6456
6456 6457
6457 6458
5930 6459
6459 6460
6460 6461
6461 6462
6462 6463
6463 6464
5930 6465
6465 6466
6466 6467
6467 6468
6468 6469
5939 6470
6470 6471
6471 6472
6472 6473
6473 6474
5939 6475
6475 6476
6476 6477
6477 6478
6478 6479
5948 6480
6480 6481
6481 6482
6482 6483
6483 6484
6484 6485
6485 6486
6486 6487
6487 6488
5948 6489
6489 6490
6490 6491
5957 6492
6492 6493
6493 6494
6494 6495
6495 6496
6496 6497
6497 6498
6498 6499
5957 6500
6500 6501
6501 6502
5983 6503
6503 6504
6504 6505
6505 6506
6506 6507
6507 6508
6508 6509
6509 6510
6510 6511
5983 6512
6512 6513
6513 6514
6514 6515
6515 6516
6516 6517
6517 6518
6518 6519
6519 6520
5992 6521
6521 6522
6522 6523
6523 6524
6524 6525
6525 6526
6526 6527
6527 6528
6528 6529
5992 6530
6530 6531
6531 6532
6532 6533
6533 6534
6534 6535
6535 6536
6536 6537
6537 6538
6001 6539
6539 6540
6540 6541
6541 6542
6542 6543
6543 6544
6544 6545
6545 6546
6546 6547
6001 6548
6548 6549
6549 6550
6550 6551
6551 6552
6552 6553
6553 6554
6554 6555
6555 6556
6010 6557
6557 6558
6558 6559
6559 6560
6560 6561
6561 6562
6562 6563
6563 6564
6564 6565
6010 6566
6566 6567
6567 6568
6568 6569
6569 6570
6570 6571
6571 6572
6572 6573
6573 6574
6028 6575
6575 6576
6576 6577
6577 6578
6578 6579
6579 6580
6580 6581
6581 6582
6582 6583
6028 6584
6584 6585
6585 6586
6586 6587
6587 6588
6588 6589
6589 6590
6590 6591
6591 6592
6037 6593
6593 6594
6594 6595
6037 6596
6059 6597
6597 6598
6598 6599
6599 6600
6600 6601
6601 6602
6602 6603
6603 6604
6604 6605
6059 6606
6606 6607
6607 6608
6608 6609
6609 6610
6610 6611
6611 6612
6612 6613
6613 6614
6068 6615
6615 6616
6616 6617
6617 6618
6618 6619
6619 6620
6620 6621
6621 6622
6622 6623
6068 6624
6624 6625
6625 6626
6626 6627
6627 6628
6628 6629
6629 6630
6630 6631
6631 6632
6077 6633
6633 6634
6634 6635
6635 6636
6636 6637
6637 6638
6638 6639
6639 6640
6640 6641
6077 6642
6642 6643
6643 6644
6086 6645
6645 6646
6646 6647
6647 6648
6648 6649
6649 6650
6650 6651
6651 6652
6652 6653
6086 6654
6654 6655
6655 6656
6656 6657
6657 6658
6095 6659
6659 6660
6660 6661
6661 6662
6662 6663
6663 6664
6664 6665
6665 6666
6666 6667
6095 6668
6668 6669
6669 6670
6670 6671
6671 6672
6672 6673
6673 6674
6104 6675
6675 6676
6676 6677
6677 6678
6104 6679
6679 6680
6680 6681
6113 6682
6682 6683
6113 6684
6684 6685
6685 6686
6686 6687
6687 6688
6688 6689
6122 6690
6690 6691
6691 6692
6692 6693
6693 6694
6694 6695
6695 6696
6696 6697
6697 6698
6122 6699
6699 6700
6700 6701
6701 6702
6702 6703
6703 6704
6704 6705
6705 6706
6156 6707
6156 6708
6708 6709
6709 6710
6710 6711
6711 6712
6712 6713
6713 6714
6714 6715
6715 6716
6180 6717
6717 6718
6718 6719
6719 6720
6720 6721
6721 6722
6180 6723
6723 6724
6724 6725
6725 6726
6726 6727
6220 6728
6728 6729
6729 6730
6730 6731
6731 6732
6732 6733
6733 6734
6734 6735
6735 6736
6220 6737
6737 6738
6738 6739
6232 6740
6740 6741
6741 6742
6742 6743
6743 6744
6744 6745
6745 6746
6746 6747
6747 6748
6232 6749
6749 6750
6750 6751
6751 6752
6752 6753
6753 6754
6754 6755
6755 6756
6756 6757
6241 6758
6758 6759
6759 6760
6760 6761
6761 6762
6762 6763
6763 6764
6764 6765
6765 6766
6241 6767
6767 6768
6768 6769
6769 6770
6770 6771
6771 6772
6772 6773
6773 6774
6774 6775
6250 6776
6776 6777
6777 6778
6778 6779
6779 6780
6780 6781
6781 6782
6782 6783
6783 6784
6250 6785
6785 6786
6786 6787
6787 6788
6788 6789
6789 6790
6790 6791
6791 6792
6792 6793
6271 6794
6794 6795
6795 6796
6796 6797
6797 6798
6798 6799
6799 6800
6800 6801
6801 6802
6271 6803
6803 6804
6804 6805
6805 6806
6806 6807
6807 6808
6291 6809
6809 6810
6810 6811
6811 6812
6812 6813
6813 6814
6814 6815
6815 6816
6816 6817
6291 6818
6818 6819
6819 6820
6820 6821
6821 6822
6822 6823
6823 6824
6824 6825
6825 6826
6300 6827
6827 6828
6828 6829
6829 6830
6830 6831
6831 6832
6832 6833
6300 6834
6834 6835
6835 6836
6836 6837
6837 6838
6838 6839
6839 6840
6840 6841
6841 6842
6309 6843
6843 6844
6844 6845
6845 6846
6846 6847
6847 6848
6309 6849
6849 6850
6850 6851
6851 6852
6852 6853
6853 6854
6854 6855
6855 6856
6856 6857
6320 6858
6858 6859
6859 6860
6860 6861
6861 6862
6862 6863
6863 6864
6864 6865
6865 6866
6320 6867
6867 6868
6868 6869
6869 6870
6870 6871
6871 6872
6872 6873
6329 6874
6874 6875
6875 6876
6876 6877
6877 6878
6329 6879
6879 6880
6880 6881
6881 6882
6882 6883
6883 6884
6884 6885
6885 6886
6886 6887
6349 6888
6888 6889
6889 6890
6890 6891
6891 6892
6892 6893
6893 6894
6894 6895
6895 6896
6349 6897
6897 6898
6898 6899
6899 6900
6900 6901
6901 6902
6902 6903
6903 6904
6904 6905
6358 6906
6906 6907
6907 6908
6358 6909
6909 6910
6910 6911
6911 6912
6912 6913
6913 6914
6914 6915
6915 6916
6916 6917
6367 6918
6918 6919
6919 6920
6920 6921
6921 6922
6922 6923
6923 6924
6924 6925
6925 6926
6367 6927
6927 6928
6928 6929
6929 6930
6930 6931
6931 6932
6932 6933
6933 6934
6934 6935
6376 6936
6936 6937
6937 6938
6938 6939
6939 6940
6940 6941
6941 6942
6942 6943
6943 6944
6376 6945
6945 6946
6946 6947
6947 6948
6948 6949
6949 6950
6950 6951
6951 6952
6952 6953
6385 6954
6954 6955
6955 6956
6956 6957
6957 6958
6958 6959
6959 6960
6960 6961
6961 6962
6385 6963
6963 6964
6964 6965
6965 6966
6404 6967
6967 6968
6968 6969
6969 6970
6970 6971
6971 6972
6972 6973
6973 6974
6974 6975
6404 6976
6976 6977
6977 6978
6978 6979
6979 6980
6980 6981
6981 6982
6421 6983
6983 6984
6984 6985
6985 6986
6986 6987
6987 6988
6988 6989
6989 6990
6990 6991
6421 6992
6992 6993
6993 6994
6994 6995
6995 6996
6996 6997
6997 6998
6998 6999
6999 7000
6440 7001
7001 7002
7002 7003
7003 7004
7004 7005
7005 7006
6440 7007
7007 7008
7008 7009
7009 7010
7010 7011
7011 7012
7012 7013
7013 7014
7014 7015
6449 7016
7016 7017
7017 7018
7018 7019
7019 7020
7020 7021
7021 7022
7022 7023
7023 7024
6488 7025
7025 7026
7026 7027
7027 7028
7028 7029
7029 7030
7030 7031
7031 7032
7032 7033
6488 7034
7034 7035
7035 7036
7036 7037
7037 7038
7038 7039
7039 7040
7040 7041
7041 7042
6511 7043
7043 7044
7044 7045
7045 7046
7046 7047
7047 7048
7048 7049
7049 7050
7050 7051
6511 7052
7052 7053
7053 7054
7054 7055
7055 7056
7056 7057
7057 7058
7058 7059
7059 7060
6520 7061
7061 7062
7062 7063
7063 7064
7064 7065
7065 7066
7066 7067
7067 7068
7068 7069
6520 7070
7070 7071
7071 7072
7072 7073
7073 7074
7074 7075
7075 7076
7076 7077
7077 7078
6547 7079
7079 7080
7080 7081
7081 7082
7082 7083
7083 7084
7084 7085
7085 7086
7086 7087
6547 7088
7088 7089
7089 7090
7090 7091
7091 7092
7092 7093
7093 7094
7094 7095
7095 7096
6556 7097
7097 7098
7098 7099
7099 7100
7100 7101
7101 7102
7102 7103
7103 7104
7104 7105
6556 7106
7106 7107
7107 7108
7108 7109
7109 7110
7110 7111
7111 7112
7112 7113
7113 7114
6574 7115
7115 7116
7116 7117
7117 7118
7118 7119
7119 7120
7120 7121
7121 7122
7122 7123
6574 7124
7124 7125
7125 7126
7126 7127
7127 7128
7128 7129
6583 7130
7130 7131
7131 7132
7132 7133
7133 7134
7134 7135
7135 7136
7136 7137
7137 7138
6583 7139
7139 7140
7140 7141
7141 7142
7142 7143
7143 7144
7144 7145
7145 7146
7146 7147
6592 7148
6592 7149
7149 7150
7150 7151
7151 7152
7152 7153
7153 7154
7154 7155
7155 7156
7156 7157
6605 7158
7158 7159
7159 7160
7160 7161
7161 7162
7162 7163
7163 7164
7164 7165
7165 7166
6605 7167
7167 7168
7168 7169
7169 7170
7170 7171
7171 7172
7172 7173
7173 7174
7174 7175
6614 7176
7176 7177
7177 7178
7178 7179
7179 7180
7180 7181
7181 7182
7182 7183
6614 7184
7184 7185
7185 7186
7186 7187
6623 7188
7188 7189
7189 7190
6623 7191
7191 7192
7192 7193
6653 7194
7194 7195
7195 7196
6653 7197
7197 7198
6667 7199
7199 7200
6667 7201
7201 7202
7202 7203
7203 7204
7204 7205
7205 7206
7206 7207
7207 7208
7208 7209
6698 7210
6698 7211
6716 7212
6716 7213
6736 7214
7214 7215
7215 7216
7216 7217
7217 7218
7218 7219
7219 7220
7220 7221
7221 7222
6736 7223
7223 7224
7224 7225
7225 7226
7226 7227
7227 7228
7228 7229
7229 7230
7230 7231
6748 7232
7232 7233
7233 7234
6748 7235
7235 7236
7236 7237
6757 7238
7238 7239
7239 7240
7240 7241
7241 7242
7242 7243
7243 7244
7244 7245
7245 7246
6757 7247
7247 7248
7248 7249
7249 7250
7250 7251
7251 7252
7252 7253
6766 7254
7254 7255
7255 7256
7256 7257
7257 7258
7258 7259
7259 7260
7260 7261
7261 7262
6766 7263
7263 7264
7264 7265
7265 7266
7266 7267
7267 7268
7268 7269
7269 7270
7270 7271
6775 7272
7272 7273
7273 7274
7274 7275
7275 7276
7276 7277
7277 7278
7278 7279
7279 7280
6775 7281
7281 7282
7282 7283
7283 7284
7284 7285
7285 7286
7286 7287
7287 7288
6784 7289
7289 7290
7290 7291
7291 7292
7292 7293
7293 7294
7294 7295
7295 7296
7296 7297
6784 7298
7298 7299
7299 7300
7300 7301
7301 7302
7302 7303
7303 7304
7304 7305
7305 7306
6793 7307
7307 7308
7308 7309
7309 7310
7310 7311
7311 7312
7312 7313
7313 7314
7314 7315
6793 7316
7316 7317
7317 7318
7318 7319
7319 7320
7320 7321
7321 7322
7322 7323
7323 7324
6802 7325
7325 7326
7326 7327
7327 7328
7328 7329
7329 7330
7330 7331
7331 7332
7332 7333
6802 7334
7334 7335
7335 7336
7336 7337
7337 7338
7338 7339
7339 7340
7340 7341
7341 7342
6817 7343
7343 7344
7344 7345
7345 7346
7346 7347
7347 7348
7348 7349
7349 7350
7350 7351
6817 7352
7352 7353
7353 7354
7354 7355
7355 7356
7356 7357
7357 7358
7358 7359
7359 7360
6842 7361
7361 7362
7362 7363
7363 7364
7364 7365
7365 7366
7366 7367
7367 7368
7368 7369
6842 7370
7370 7371
7371 7372
7372 7373
7373 7374
7374 7375
7375 7376
7376 7377
7377 7378
6857 7379
7379 7380
7380 7381
7381 7382
7382 7383
7383 7384
6857 7385
7385 7386
7386 7387
7387 7388
7388 7389
7389 7390
7390 7391
7391 7392
7392 7393
6866 7394
7394 7395
7395 7396
7396 7397
7397 7398
7398 7399
7399 7400
7400 7401
7401 7402
6866 7403
7403 7404
7404 7405
7405 7406
7406 7407
7407 7408
7408 7409
7409 7410
7410 7411
6887 7412
7412 7413
7413 7414
7414 7415
7415 7416
7416 7417
7417 7418
7418 7419
7419 7420
6887 7421
7421 7422
6896 7423
7423 7424
7424 7425
7425 7426
7426 7427
7427 7428
7428 7429
7429 7430
7430 7431
6896 7432
7432 7433
7433 7434
7434 7435
7435 7436
7436 7437
7437 7438
7438 7439
7439 7440
6905 7441
7441 7442
7442 7443
7443 7444
7444 7445
7445 7446
7446 7447
7447 7448
7448 7449
6905 7450
7450 7451
7451 7452
7452 7453
7453 7454
7454 7455
7455 7456
7456 7457
7457 7458
6917 7459
7459 7460
7460 7461
7461 7462
7462 7463
7463 7464
7464 7465
7465 7466
7466 7467
6917 7468
7468 7469
7469 7470
7470 7471
7471 7472
7472 7473
7473 7474
6935 7475
7475 7476
7476 7477
7477 7478
7478 7479
7479 7480
7480 7481
7481 7482
7482 7483
6944 7484
7484 7485
7485 7486
7486 7487
7487 7488
7488 7489
7489 7490
7490 7491
7491 7492
6944 7493
7493 7494
7494 7495
7495 7496
7496 7497
7497 7498
7498 7499
6953 7500
7500 7501
7501 7502
7502 7503
7503 7504
7504 7505
7505 7506
7506 7507
7507 7508
6953 7509
7509 7510
7510 7511
7511 7512
7512 7513
7513 7514
7514 7515
7515 7516
7516 7517
6975 7518
7518 7519
6975 7520
7520 7521
6991 7522
7522 7523
7523 7524
7524 7525
7525 7526
7526 7527
7527 7528
7528 7529
7529 7530
6991 7531
7531 7532
7532 7533
7533 7534
7534 7535
7535 7536
7536 7537
7537 7538
7538 7539
7000 7540
7540 7541
7541 7542
7542 7543
7543 7544
7000 7545
7545 7546
7546 7547
7547 7548
7548 7549
7549 7550
7550 7551
7551 7552
7552 7553
7015 7554
7015 7555
7024 7556
7556 7557
7557 7558
7558 7559
7559 7560
7560 7561
7561 7562
7562 7563
7563 7564
7024 7565
7565 7566
7566 7567
7567 7568
7568 7569
7569 7570
7570 7571
7571 7572
7572 7573
7033 7574
7574 7575
7575 7576
7576 7577
7577 7578
7578 7579
7579 7580
7580 7581
7581 7582
7033 7583
7583 7584
7584 7585
7585 7586
7586 7587
7587 7588
7588 7589
7589 7590
7590 7591
7042 7592
7592 7593
7042 7594
7594 7595
7051 7596
7596 7597
7597 7598
7598 7599
7599 7600
7600 7601
7601 7602
7602 7603
7603 7604
7051 7605
7605 7606
7606 7607
7607 7608
7608 7609
7609 7610
7610 7611
7611 7612
7612 7613
7060 7614
7614 7615
7615 7616
7616 7617
7617 7618
7618 7619
7619 7620
7620 7621
7621 7622
7060 7623
7623 7624
7624 7625
7625 7626
7626 7627
7627 7628
7628 7629
7629 7630
7630 7631
7069 7632
7632 7633
7633 7634
7634 7635
7635 7636
7636 7637
7637 7638
7638 7639
7639 7640
7069 7641
7641 7642
7642 7643
7643 7644
7644 7645
7645 7646
7646 7647
7647 7648
7648 7649
7078 7650
7650 7651
7651 7652
7652 7653
7653 7654
7654 7655
7655 7656
7656 7657
7657 7658
7078 7659
7659 7660
7660 7661
7661 7662
7662 7663
7663 7664
7105 7665
7665 7666
7666 7667
7667 7668
7668 7669
7669 7670
7670 7671
7671 7672
7672 7673
7105 7674
7674 7675
7675 7676
7676 7677
7677 7678
7678 7679
7679 7680
7680 7681
7681 7682
7114 7683
7683 7684
7684 7685
7685 7686
7114 7687
7687 7688
7688 7689
7689 7690
7690 7691
7691 7692
7692 7693
7693 7694
7694 7695
7123 7696
7696 7697
7697 7698
7698 7699
7699 7700
7700 7701
7701 7702
7123 7703
7703 7704
7704 7705
7705 7706
7706 7707
7707 7708
7708 7709
7709 7710
7138 7711
7711 7712
7712 7713
7713 7714
7714 7715
7715 7716
7716 7717
7717 7718
7718 7719
7138 7720
7720 7721
7721 7722
7722 7723
7723 7724
7724 7725
7725 7726
7726 7727
7727 7728
7147 7729
7147 7730
7730 7731
7731 7732
7732 7733
7733 7734
7734 7735
7735 7736
7736 7737
7737 7738
7157 7739
7739 7740
7740 7741
7741 7742
7742 7743
7743 7744
7744 7745
7745 7746
7746 7747
7157 7748
7748 7749
7749 7750
7750 7751
7751 7752
7752 7753
7753 7754
7754 7755
7755 7756
7166 7757
7757 7758
7758 7759
7759 7760
7760 7761
7761 7762
7762 7763
7763 7764
7764 7765
7166 7766
7766 7767
7767 7768
7768 7769
7769 7770
7770 7771
7771 7772
7772 7773
7773 7774
7175 7775
7222 7776
7776 7777
7777 7778
7778 7779
7779 7780
7780 7781
7781 7782
7782 7783
7783 7784
7222 7785
7785 7786
7786 7787
7787 7788
7788 7789
7789 7790
7790 7791
7791 7792
7792 7793
7231 7794
7231 7795
7795 7796
7796 7797
7246 7798
7798 7799
7799 7800
7800 7801
7246 7802
7802 7803
7803 7804
7271 7805
7805 7806
7271 7807
7807 7808
7808 7809
7809 7810
7810 7811
7811 7812
7812 7813
7813 7814
7814 7815
7297 7816
7816 7817
7817 7818
7818 7819
7819 7820
7820 7821
7821 7822
7822 7823
7823 7824
7297 7825
7825 7826
7826 7827
7827 7828
7828 7829
7829 7830
7830 7831
7831 7832
7832 7833
7306 7834
7834 7835
7835 7836
7836 7837
7837 7838
7838 7839
7839 7840
7840 7841
7841 7842
7306 7843
7843 7844
7844 7845
7845 7846
7846 7847
7847 7848
7848 7849
7849 7850
7850 7851
7315 7852
7852 7853
7853 7854
7854 7855
7855 7856
7856 7857
7857 7858
7858 7859
7859 7860
7315 7861
7861 7862
7862 7863
7863 7864
7864 7865
7865 7866
7866 7867
7867 7868
7868 7869
7324 7870
7870 7871
7871 7872
7872 7873
7873 7874
7874 7875
7875 7876
7876 7877
7877 7878
7324 7879
7879 7880
7880 7881
7881 7882
7882 7883
7333 7884
7884 7885
7885 7886
7886 7887
7887 7888
7888 7889
7889 7890
7890 7891
7891 7892
7333 7893
7893 7894
7894 7895
7895 7896
7896 7897
7897 7898
7898 7899
7899 7900
7900 7901
7342 7902
7902 7903
7903 7904
7904 7905
7905 7906
7906 7907
7907 7908
7908 7909
7909 7910
7342 7911
7911 7912
7912 7913
7913 7914
7914 7915
7915 7916
7369 7917
7917 7918
7918 7919
7919 7920
7920 7921
7921 7922
7922 7923
7923 7924
7924 7925
7369 7926
7926 7927
7927 7928
7928 7929
7929 7930
7930 7931
7931 7932
7932 7933
7933 7934
7378 7935
7935 7936
7936 7937
7937 7938
7938 7939
7939 7940
7940 7941
7941 7942
7942 7943
7378 7944
7944 7945
7945 7946
7946 7947
7947 7948
7948 7949
7949 7950
7950 7951
7402 7952
7952 7953
7953 7954
7954 7955
7955 7956
7956 7957
7957 7958
7958 7959
7959 7960
7402 7961
7961 7962
7962 7963
7963 7964
7964 7965
7965 7966
7966 7967
7967 7968
7968 7969
7411 7970
7970 7971
7971 7972
7972 7973
7973 7974
7974 7975
7975 7976
7976 7977
7977 7978
7411 7979
7979 7980
7980 7981
7981 7982
7982 7983
7983 7984
7984 7985
7985 7986
7986 7987
7420 7988
7988 7989
7989 7990
7990 7991
7991 7992
7992 7993
7420 7994
7994 7995
7995 7996
7996 7997
7997 7998
7431 7999
7999 8000
8000 8001
8001 8002
8002 8003
8003 8004
8004 8005
8005 8006
8006 8007
7431 8008
8008 8009
8009 8010
8010 8011
8011 8012
8012 8013
8013 8014
8014 8015
8015 8016
7440 8017
7449 8018
8018 8019
8019 8020
8020 8021
8021 8022
8022 8023
8023 8024
8024 8025
8025 8026
7449 8027
8027 8028
8028 8029
8029 8030
8030 8031
8031 8032
8032 8033
8033 8034
8034 8035
7458 8036
8036 8037
8037 8038
8038 8039
8039 8040
8040 8041
8041 8042
8042 8043
7458 8044
8044 8045
8045 8046
8046 8047
8047 8048
8048 8049
8049 8050
8050 8051
8051 8052
7467 8053
8053 8054
8054 8055
8055 8056
8056 8057
8057 8058
8058 8059
8059 8060
8060 8061
7467 8062
8062 8063
8063 8064
8064 8065
7483 8066
8066 8067
8067 8068
8068 8069
7483 8070
8070 8071
7492 8072
8072 8073
8073 8074
8074 8075
8075 8076
8076 8077
8077 8078
8078 8079
8079 8080
7492 8081
8081 8082
8082 8083
8083 8084
8084 8085
8085 8086
8086 8087
8087 8088
8088 8089
7508 8090
8090 8091
8091 8092
8092 8093
7508 8094
8094 8095
8095 8096
7530 8097
8097 8098
8098 8099
8099 8100
8100 8101
7530 8102
8102 8103
8103 8104
8104 8105
8105 8106
8106 8107
8107 8108
7539 8109
8109 8110
8110 8111
8111 8112
8112 8113
8113 8114
8114 8115
8115 8116
8116 8117
7539 8118
8118 8119
8119 8120
8120 8121
8121 8122
8122 8123
8123 8124
8124 8125
8125 8126
7553 8127
8127 8128
8128 8129
7553 8130
8130 8131
8131 8132
8132 8133
8133 8134
8134 8135
8135 8136
8136 8137
8137 8138
7564 8139
8139 8140
8140 8141
8141 8142
8142 8143
8143 8144
8144 8145
8145 8146
8146 8147
7564 8148
8148 8149
8149 8150
8150 8151
8151 8152
8152 8153
8153 8154
8154 8155
8155 8156
7573 8157
8157 8158
8158 8159
8159 8160
8160 8161
8161 8162
7573 8163
8163 8164
8164 8165
8165 8166
8166 8167
7582 8168
8168 8169
8169 8170
8170 8171
8171 8172
8172 8173
8173 8174
8174 8175
8175 8176
7582 8177
7591 8178
8178 8179
7604 8180
8180 8181
8181 8182
8182 8183
8183 8184
8184 8185
8185 8186
8186 8187
8187 8188
7604 8189
8189 8190
8190 8191
8191 8192
8192 8193
8193 8194
8194 8195
8195 8196
8196 8197
7613 8198
8198 8199
8199 8200
8200 8201
8201 8202
8202 8203
8203 8204
8204 8205
8205 8206
7613 8207
8207 8208
8208 8209
8209 8210
8210 8211
8211 8212
8212 8213
8213 8214
8214 8215
7622 8216
8216 8217
8217 8218
8218 8219
8219 8220
8220 8221
8221 8222
8222 8223
8223 8224
7622 8225
8225 8226
8226 8227
8227 8228
8228 8229
7631 8230
8230 8231
8231 8232
7631 8233
8233 8234
8234 8235
8235 8236
8236 8237
8237 8238
8238 8239
8239 8240
8240 8241
7640 8242
8242 8243
8243 8244
8244 8245
8245 8246
8246 8247
7640 8248
8248 8249
8249 8250
8250 8251
8251 8252
8252 8253
8253 8254
8254 8255
8255 8256
7649 8257
8257 8258
8258 8259
8259 8260
8260 8261
8261 8262
8262 8263
8263 8264
8264 8265
7649 8266
8266 8267
8267 8268
8268 8269
8269 8270
8270 8271
8271 8272
8272 8273
8273 8274
7658 8275
8275 8276
8276 8277
8277 8278
8278 8279
8279 8280
8280 8281
7658 8282
8282 8283
8283 8284
8284 8285
8285 8286
8286 8287
8287 8288
8288 8289
8289 8290
7673 8291
8291 8292
8292 8293
8293 8294
7673 8295
8295 8296
8296 8297
8297 8298
8298 8299
8299 8300
8300 8301
8301 8302
8302 8303
7682 8304
8304 8305
8305 8306
8306 8307
8307 8308
7682 8309
8309 8310
8310 8311
8311 8312
8312 8313
8313 8314
8314 8315
8315 8316
8316 8317
7695 8318
8318 8319
7695 8320
8320 8321
7719 8322
8322 8323
8323 8324
8324 8325
8325 8326
8326 8327
8327 8328
8328 8329
8329 8330
7719 8331
8331 8332
8332 8333
8333 8334
8334 8335
8335 8336
8336 8337
8337 8338
8338 8339
7728 8340
7738 8341
8341 8342
8342 8343
7738 8344
8344 8345
7756 8346
8346 8347
8347 8348
7756 8349
8349 8350
8350 8351
8351 8352
7765 8353
8353 8354
8354 8355
8355 8356
8356 8357
8357 8358
8358 8359
8359 8360
8360 8361
7765 8362
8362 8363
8363 8364
8364 8365
8365 8366
8366 8367
8367 8368
8368 8369
8369 8370
7774 8371
8371 8372
8372 8373
7774 8374
8374 8375
8375 8376
7784 8377
8377 8378
8378 8379
8379 8380
8380 8381
8381 8382
8382 8383
8383 8384
8384 8385
7784 8386
8386 8387
8387 8388
8388 8389
8389 8390
8390 8391
8391 8392
8392 8393
8393 8394
7793 8395
8395 8396
8396 8397
8397 8398
8398 8399
8399 8400
8400 8401
8401 8402
8402 8403
7793 8404
8404 8405
8405 8406
8406 8407
8407 8408
8408 8409
7824 8410
8410 8411
8411 8412
8412 8413
8413 8414
8414 8415
8415 8416
8416 8417
8417 8418
7824 8419
8419 8420
8420 8421
8421 8422
8422 8423
8423 8424
8424 8425
8425 8426
8426 8427
7833 8428
8428 8429
8429 8430
8430 8431
8431 8432
8432 8433
8433 8434
8434 8435
8435 8436
7833 8437
8437 8438
8438 8439
8439 8440
8440 8441
8441 8442
8442 8443
7842 8444
8444 8445
8445 8446
8446 8447
8447 8448
8448 8449
8449 8450
8450 8451
8451 8452
7842 8453
8453 8454
8454 8455
8455 8456
8456 8457
8457 8458
8458 8459
8459 8460
8460 8461
7851 8462
8462 8463
7851 8464
8464 8465
8465 8466
7860 8467
8467 8468
8468 8469
8469 8470
8470 8471
8471 8472
8472 8473
8473 8474
8474 8475
7860 8476
8476 8477
8477 8478
8478 8479
8479 8480
7869 8481
8481 8482
8482 8483
7869 8484
8484 8485
8485 8486
8486 8487
8487 8488
8488 8489
8489 8490
8490 8491
8491 8492
7878 8493
8493 8494
7878 8495
8495 8496
7892 8497
8497 8498
8498 8499
8499 8500
8500 8501
8501 8502
7892 8503
8503 8504
8504 8505
8505 8506
8506 8507
8507 8508
8508 8509
8509 8510
8510 8511
7901 8512
7901 8513
8513 8514
8514 8515
7910 8516
7910 8517
7925 8518
8518 8519
8519 8520
8520 8521
8521 8522
8522 8523
8523 8524
8524 8525
8525 8526
7925 8527
8527 8528
8528 8529
8529 8530
8530 8531
8531 8532
8532 8533
8533 8534
8534 8535
7934 8536
8536 8537
8537 8538
8538 8539
8539 8540
8540 8541
8541 8542
8542 8543
8543 8544
7934 8545
8545 8546
8546 8547
7960 8548
8548 8549
8549 8550
8550 8551
8551 8552
8552 8553
8553 8554
8554 8555
8555 8556
7960 8557
8557 8558
8558 8559
8559 8560
8560 8561
8561 8562
8562 8563
8563 8564
8564 8565
7978 8566
8566 8567
8567 8568
8568 8569
8569 8570
8570 8571
8571 8572
8572 8573
8573 8574
7978 8575
8575 8576
8576 8577
8577 8578
8578 8579
8579 8580
8580 8581
8581 8582
8582 8583
7987 8584
8584 8585
8585 8586
8586 8587
8587 8588
8588 8589
8589 8590
8590 8591
8591 8592
7987 8593
8593 8594
8007 8595
8595 8596
8596 8597
8597 8598
8598 8599
8599 8600
8600 8601
8601 8602
8602 8603
8007 8604
8604 8605
8605 8606
8606 8607
8607 8608
8608 8609
8609 8610
8016 8611
8026 8612
8612 8613
8613 8614
8614 8615
8615 8616
8616 8617
8617 8618
8618 8619
8619 8620
8026 8621
8621 8622
8622 8623
8623 8624
8624 8625
8625 8626
8626 8627
8627 8628
8628 8629
8035 8630
8630 8631
8631 8632
8632 8633
8633 8634
8634 8635
8635 8636
8636 8637
8637 8638
8035 8639
8639 8640
8640 8641
8641 8642
8642 8643
8643 8644
8644 8645
8645 8646
8646 8647
8052 8648
8648 8649
8649 8650
8650 8651
8651 8652
8052 8653
8653 8654
8654 8655
8655 8656
8656 8657
8061 8658
8658 8659
8061 8660
8080 8661
8661 8662
8662 8663
8663 8664
8664 8665
8665 8666
8666 8667
8667 8668
8668 8669
8080 8670
8670 8671
8671 8672
8672 8673
8673 8674
8674 8675
8675 8676
8676 8677
8677 8678
8089 8679
8679 8680
8680 8681
8681 8682
8682 8683
8683 8684
8684 8685
8685 8686
8686 8687
8089 8688
8688 8689
8689 8690
8690 8691
8691 8692
8692 8693
8693 8694
8694 8695
8695 8696
8117 8697
8697 8698
8698 8699
8699 8700
8700 8701
8117 8702
8702 8703
8703 8704
8138 8705
8705 8706
8706 8707
8707 8708
8708 8709
8709 8710
8138 8711
8711 8712
8712 8713
8713 8714
8714 8715
8147 8716
8716 8717
8717 8718
8147 8719
8719 8720
8720 8721
8156 8722
8722 8723
8723 8724
8724 8725
8156 8726
8726 8727
8727 8728
8728 8729
8729 8730
8730 8731
8731 8732
8732 8733
8176 8734
8734 8735
8735 8736
8736 8737
8737 8738
8176 8739
8739 8740
8740 8741
8741 8742
8742 8743
8743 8744
8744 8745
8745 8746
8746 8747
8206 8748
8748 8749
8749 8750
8750 8751
8751 8752
8752 8753
8753 8754
8754 8755
8755 8756
8206 8757
8757 8758
8758 8759
8759 8760
8760 8761
8761 8762
8762 8763
8763 8764
8764 8765
8215 8766
8766 8767
8767 8768
8768 8769
8769 8770
8770 8771
8771 8772
8772 8773
8773 8774
8215 8775
8775 8776
8776 8777
8777 8778
8778 8779
8779 8780
8780 8781
8781 8782
8782 8783
8224 8784
8784 8785
8224 8786
8786 8787
8787 8788
8788 8789
8789 8790
8790 8791
8791 8792
8792 8793
8793 8794
8241 8795
8795 8796
8796 8797
8797 8798
8798 8799
8799 8800
8800 8801
8801 8802
8802 8803
8241 8804
8804 8805
8805 8806
8806 8807
8256 8808
8808 8809
8809 8810
8810 8811
8811 8812
8812 8813
8813 8814
8814 8815
8256 8816
8816 8817
8817 8818
8274 8819
8819 8820
8820 8821
8821 8822
8822 8823
8274 8824
8824 8825
8825 8826
8826 8827
8827 8828
8828 8829
8829 8830
8830 8831
8831 8832
8290 8833
8833 8834
8834 8835
8835 8836
8836 8837
8837 8838
8838 8839
8839 8840
8840 8841
8317 8842
8842 8843
8317 8844
8844 8845
8845 8846
8846 8847
8847 8848
8848 8849
8330 8850
8330 8851
8339 8852
8852 8853
8853 8854
8854 8855
8855 8856
8856 8857
8857 8858
8858 8859
8859 8860
8370 8861
8861 8862
8862 8863
8863 8864
8864 8865
8865 8866
8866 8867
8867 8868
8868 8869
8370 8870
8403 8871
8871 8872
8872 8873
8873 8874
8874 8875
8875 8876
8876 8877
8877 8878
8878 8879
8403 8880
8880 8881
8881 8882
8882 8883
8883 8884
8884 8885
8885 8886
8886 8887
8887 8888
8418 8889
8889 8890
8890 8891
8891 8892
8892 8893
8893 8894
8894 8895
8895 8896
8896 8897
8418 8898
8898 8899
8899 8900
8900 8901
8901 8902
8902 8903
8903 8904
8904 8905
8905 8906
8427 8907
8907 8908
8908 8909
8909 8910
8910 8911
8911 8912
8912 8913
8913 8914
8914 8915
8427 8916
8916 8917
8917 8918
8918 8919
8919 8920
8920 8921
8921 8922
8922 8923
8923 8924
8436 8925
8925 8926
8926 8927
8927 8928
8928 8929
8929 8930
8930 8931
8931 8932
8932 8933
8436 8934
8934 8935
8935 8936
8936 8937
8937 8938
8938 8939
8939 8940
8940 8941
8941 8942
8452 8943
8943 8944
8944 8945
8945 8946
8946 8947
8947 8948
8948 8949
8949 8950
8950 8951
8452 8952
8952 8953
8953 8954
8954 8955
8955 8956
8956 8957
8957 8958
8958 8959
8959 8960
8511 8961
8511 8962
8962 8963
8963 8964
8964 8965
8965 8966
8966 8967
8967 8968
8968 8969
8969 8970
8526 8971
8971 8972
8972 8973
8526 8974
8974 8975
8975 8976
8976 8977
8535 8978
8978 8979
8979 8980
8535 8981
8981 8982
8982 8983
8983 8984
8984 8985
8985 8986
8986 8987
8987 8988
8556 8989
8989 8990
8990 8991
8991 8992
8992 8993
8993 8994
8994 8995
8995 8996
8996 8997
8556 8998
8998 8999
8999 9000
9000 9001
9001 9002
9002 9003
9003 9004
9004 9005
9005 9006
8565 9007
9007 9008
9008 9009
8565 9010
9010 9011
9011 9012
9012 9013
9013 9014
9014 9015
9015 9016
9016 9017
9017 9018
8574 9019
9019 9020
9020 9021
9021 9022
9022 9023
9023 9024
9024 9025
9025 9026
9026 9027
8574 9028
9028 9029
9029 9030
9030 9031
9031 9032
9032 9033
9033 9034
9034 9035
9035 9036
8583 9037
9037 9038
9038 9039
9039 9040
9040 9041
9041 9042
9042 9043
9043 9044
9044 9045
8583 9046
9046 9047
8592 9048
9048 9049
9049 9050
9050 9051
9051 9052
9052 9053
9053 9054
8592 9055
9055 9056
9056 9057
9057 9058
9058 9059
9059 9060
9060 9061
9061 9062
9062 9063
8603 9064
9064 9065
9065 9066
9066 9067
9067 9068
9068 9069
9069 9070
9070 9071
9071 9072
8603 9073
9073 9074
9074 9075
9075 9076
8620 9077
9077 9078
9078 9079
9079 9080
9080 9081
9081 9082
9082 9083
9083 9084
9084 9085
8620 9086
9086 9087
9087 9088
9088 9089
9089 9090
9090 9091
9091 9092
9092 9093
9093 9094
8629 9095
9095 9096
9096 9097
9097 9098
9098 9099
9099 9100
9100 9101
9101 9102
9102 9103
8629 9104
9104 9105
9105 9106
9106 9107
9107 9108
8638 9109
9109 9110
9110 9111
9111 9112
8638 9113
9113 9114
9114 9115
8647 9116
8647 9117
8669 9118
9118 9119
9119 9120
9120 9121
9121 9122
9122 9123
9123 9124
9124 9125
9125 9126
8669 9127
9127 9128
9128 9129
9129 9130
9130 9131
9131 9132
9132 9133
9133 9134
9134 9135
8678 9136
9136 9137
9137 9138
9138 9139
9139 9140
9140 9141
9141 9142
9142 9143
9143 9144
8678 9145
9145 9146
9146 9147
9147 9148
9148 9149
9149 9150
9150 9151
9151 9152
9152 9153
8687 9154
9154 9155
9155 9156
9156 9157
9157 9158
9158 9159
9159 9160
9160 9161
9161 9162
8687 9163
9163 9164
9164 9165
9165 9166
9166 9167
9167 9168
9168 9169
9169 9170
9170 9171
8696 9172
9172 9173
9173 9174
9174 9175
9175 9176
9176 9177
9177 9178
8696 9179
9179 9180
9180 9181
8756 9182
9182 9183
9183 9184
9184 9185
9185 9186
9186 9187
9187 9188
9188 9189
9189 9190
8756 9191
9191 9192
9192 9193
9193 9194
9194 9195
9195 9196
9196 9197
9197 9198
9198 9199
8765 9200
9200 9201
9201 9202
9202 9203
9203 9204
9204 9205
9205 9206
9206 9207
9207 9208
8765 9209
9209 9210
9210 9211
9211 9212
9212 9213
9213 9214
9214 9215
9215 9216
9216 9217
8783 9218
8783 9219
9219 9220
9220 9221
9221 9222
9222 9223
9223 9224
9224 9225
9225 9226
9226 9227
8803 9228
9228 9229
9229 9230
9230 9231
9231 9232
9232 9233
8803 9234
9234 9235
9235 9236
9236 9237
8841 9238
9238 9239
9239 9240
9240 9241
9241 9242
9242 9243
9243 9244
9244 9245
8841 9246
9246 9247
9247 9248
9248 9249
8869 9250
9250 9251
9251 9252
8869 9253
9253 9254
9254 9255
9255 9256
8879 9257
9257 9258
9258 9259
9259 9260
9260 9261
9261 9262
9262 9263
9263 9264
9264 9265
8879 9266
9266 9267
9267 9268
8888 9269
9269 9270
9270 9271
9271 9272
9272 9273
9273 9274
9274 9275
9275 9276
9276 9277
8888 9278
9278 9279
9279 9280
9280 9281
9281 9282
9282 9283
9283 9284
9284 9285
9285 9286
8897 9287
9287 9288
9288 9289
9289 9290
9290 9291
9291 9292
9292 9293
9293 9294
9294 9295
8897 9296
9296 9297
9297 9298
9298 9299
9299 9300
9300 9301
9301 9302
9302 9303
9303 9304
8915 9305
9305 9306
8915 9307
9307 9308
9308 9309
9309 9310
9310 9311
9311 9312
9312 9313
9313 9314
9314 9315
8924 9316
9316 9317
9317 9318
9318 9319
9319 9320
9320 9321
9321 9322
9322 9323
9323 9324
8924 9325
9325 9326
9326 9327
9327 9328
9328 9329
9329 9330
9330 9331
9331 9332
9332 9333
8933 9334
9334 9335
9335 9336
9336 9337
9337 9338
9338 9339
9339 9340
9340 9341
9341 9342
8933 9343
9343 9344
9344 9345
9345 9346
9346 9347
9347 9348
9348 9349
9349 9350
9350 9351
8942 9352
9352 9353
9353 9354
9354 9355
9355 9356
9356 9357
9357 9358
9358 9359
9359 9360
8942 9361
9361 9362
9362 9363
9363 9364
9364 9365
9365 9366
8951 9367
9367 9368
9368 9369
9369 9370
8951 9371
9371 9372
9372 9373
8970 9374
9374 9375
9375 9376
9376 9377
9377 9378
9378 9379
9379 9380
9380 9381
8970 9382
9382 9383
9383 9384
9384 9385
9385 9386
9386 9387
9387 9388
9388 9389
9389 9390
8997 9391
9391 9392
9392 9393
9393 9394
9394 9395
9395 9396
9396 9397
9397 9398
9398 9399
8997 9400
9400 9401
9401 9402
9402 9403
9403 9404
9404 9405
9405 9406
9406 9407
9407 9408
9018 9409
9027 9410
9410 9411
9411 9412
9412 9413
9413 9414
9414 9415
9415 9416
9416 9417
9417 9418
9027 9419
9419 9420
9420 9421
9421 9422
9422 9423
9423 9424
9424 9425
9425 9426
9426 9427
9036 9428
9428 9429
9429 9430
9430 9431
9431 9432
9432 9433
9433 9434
9434 9435
9435 9436
9036 9437
9437 9438
9438 9439
9045 9440
9440 9441
9441 9442
9442 9443
9443 9444
9444 9445
9445 9446
9446 9447
9447 9448
9045 9449
9449 9450
9450 9451
9451 9452
9452 9453
9453 9454
9454 9455
9455 9456
9456 9457
9063 9458
9458 9459
9063 9460
9460 9461
9461 9462
9462 9463
9463 9464
9464 9465
9085 9466
9466 9467
9467 9468
9468 9469
9469 9470
9470 9471
9471 9472
9472 9473
9473 9474
9085 9475
9475 9476
9476 9477
9477 9478
9478 9479
9479 9480
9480 9481
9481 9482
9482 9483
9094 9484
9484 9485
9485 9486
9486 9487
9487 9488
9488 9489
9489 9490
9490 9491
9094 9492
9492 9493
9493 9494
9494 9495
9495 9496
9496 9497
9497 9498
9498 9499
9499 9500
9103 9501
9501 9502
9502 9503
9503 9504
9504 9505
9505 9506
9506 9507
9507 9508
9508 9509
9103 9510
9510 9511
9511 9512
9512 9513
9513 9514
9514 9515
9515 9516
9516 9517
9517 9518
9126 9519
9519 9520
9520 9521
9521 9522
9522 9523
9523 9524
9524 9525
9525 9526
9526 9527
9126 9528
9528 9529
9529 9530
9530 9531
9531 9532
9532 9533
9533 9534
9534 9535
9535 9536
9135 9537
9537 9538
9538 9539
9539 9540
9540 9541
9541 9542
9542 9543
9543 9544
9544 9545
9135 9546
9153 9547
9547 9548
9548 9549
9549 9550
9550 9551
9551 9552
9153 9553
9553 9554
9554 9555
9555 9556
9556 9557
9557 9558
9558 9559
9559 9560
9560 9561
9162 9562
9562 9563
9563 9564
9564 9565
9565 9566
9566 9567
9567 9568
9568 9569
9569 9570
9162 9571
9571 9572
9572 9573
9573 9574
9574 9575
9575 9576
9576 9577
9577 9578
9578 9579
9208 9580
9580 9581
9581 9582
9582 9583
9583 9584
9584 9585
9585 9586
9586 9587
9587 9588
9208 9589
9589 9590
9590 9591
9591 9592
9217 9593
9593 9594
9594 9595
9595 9596
9596 9597
9597 9598
9598 9599
9217 9600
9600 9601
9601 9602
9602 9603
9603 9604
9604 9605
9605 9606
9606 9607
9607 9608
9227 9609
9609 9610
9610 9611
9611 9612
9612 9613
9613 9614
9614 9615
9615 9616
9616 9617
9227 9618
9618 9619
9619 9620
9620 9621
9621 9622
9622 9623
9623 9624
9624 9625
9625 9626
9265 9627
9627 9628
9628 9629
9629 9630
9630 9631
9631 9632
9632 9633
9633 9634
9634 9635
9265 9636
9636 9637
9637 9638
9638 9639
9639 9640
9640 9641
9641 9642
9642 9643
9643 9644
9277 9645
9645 9646
9646 9647
9647 9648
9648 9649
9649 9650
9650 9651
9651 9652
9652 9653
9277 9654
9654 9655
9655 9656
9656 9657
9657 9658
9658 9659
9659 9660
9660 9661
9661 9662
9315 9663
9663 9664
9664 9665
9665 9666
9666 9667
9667 9668
9668 9669
9669 9670
9670 9671
9315 9672
9672 9673
9673 9674
9674 9675
9675 9676
9676 9677
9677 9678
9678 9679
9679 9680
9333 9681
9333 9682
9342 9683
9683 9684
9684 9685
9685 9686
9686 9687
9687 9688
9688 9689
9689 9690
9690 9691
9342 9692
9692 9693
9693 9694
9694 9695
9695 9696
9696 9697
9351 9698
9698 9699
9699 9700
9700 9701
9701 9702
9702 9703
9703 9704
9704 9705
9705 9706
9351 9707
9707 9708
9708 9709
9709 9710
9710 9711
9711 9712
9712 9713
9713 9714
9714 9715
9390 9716
9390 9717
9399 9718
9718 9719
9719 9720
9720 9721
9721 9722
9722 9723
9723 9724
9724 9725
9725 9726
9399 9727
9727 9728
9728 9729
9729 9730
9730 9731
9731 9732
9732 9733
9733 9734
9734 9735
9408 9736
9736 9737
9737 9738
9738 9739
9739 9740
9740 9741
9741 9742
9742 9743
9743 9744
9408 9745
9745 9746
9418 9747
9747 9748
9748 9749
9749 9750
9750 9751
9751 9752
9752 9753
9753 9754
9754 9755
9418 9756
9756 9757
9757 9758
9758 9759
9759 9760
9760 9761
9761 9762
9762 9763
9763 9764
9427 9765
9765 9766
9766 9767
9427 9768
9768 9769
9769 9770
9436 9771
9436 9772
9448 9773
9773 9774
9774 9775
9775 9776
9448 9777
9777 9778
9778 9779
9779 9780
9780 9781
9457 9782
9782 9783
9783 9784
9784 9785
9785 9786
9786 9787
9787 9788
9788 9789
9789 9790
9457 9791
9791 9792
9792 9793
9474 9794
9794 9795
9795 9796
9796 9797
9797 9798
9798 9799
9799 9800
9800 9801
9801 9802
9474 9803
9803 9804
9804 9805
9805 9806
9806 9807
9807 9808
9808 9809
9809 9810
9810 9811
9500 9812
9812 9813
9500 9814
9814 9815
9815 9816
9816 9817
9817 9818
9509 9819
9819 9820
9820 9821
9821 9822
9822 9823
9823 9824
9824 9825
9825 9826
9826 9827
9509 9828
9828 9829
9829 9830
9830 9831
9831 9832
9518 9833
9833 9834
9834 9835
9835 9836
9836 9837
9837 9838
9838 9839
9839 9840
9840 9841
9518 9842
9842 9843
9527 9844
9844 9845
9845 9846
9846 9847
9847 9848
9848 9849
9849 9850
9850 9851
9851 9852
9527 9853
9853 9854
9854 9855
9855 9856
9856 9857
9857 9858
9858 9859
9859 9860
9860 9861
9536 9862
9862 9863
9536 9864
9864 9865
9545 9866
9866 9867
9867 9868
9868 9869
9869 9870
9870 9871
9545 9872
9872 9873
9873 9874
9874 9875
9875 9876
9876 9877
9570 9878
9878 9879
9879 9880
9880 9881
9881 9882
9882 9883
9883 9884
9884 9885
9885 9886
9570 9887
9887 9888
9888 9889
9889 9890
9890 9891
9891 9892
9892 9893
9579 9894
9579 9895
9588 9896
9896 9897
9588 9898
9898 9899
9899 9900
9608 9901
9901 9902
9902 9903
9903 9904
9608 9905
9905 9906
9906 9907
9907 9908
9626 9909
9635 9910
9910 9911
9911 9912
9912 9913
9913 9914
9914 9915
9915 9916
9916 9917
9917 9918
9635 9919
9919 9920
9920 9921
9921 9922
9922 9923
9923 9924
9924 9925
9925 9926
9926 9927
9644 9928
9928 9929
9929 9930
9930 9931
9931 9932
9932 9933
9933 9934
9934 9935
9935 9936
9644 9937
9937 9938
9938 9939
9939 9940
9940 9941
9941 9942
9653 9943
9943 9944
9653 9945
9945 9946
9946 9947
9947 9948
9948 9949
9949 9950
9950 9951
9951 9952
9952 9953
9662 9954
9954 9955
9955 9956
9956 9957
9957 9958
9958 9959
9959 9960
9960 9961
9961 9962
9662 9963
9963 9964
9964 9965
9965 9966
9966 9967
9967 9968
9968 9969
9969 9970
9970 9971
9671 9972
9972 9973
9973 9974
9974 9975
9975 9976
9976 9977
9977 9978
9978 9979
9979 9980
9671 9981
9981 9982
9982 9983
9983 9984
9984 9985
9985 9986
9986 9987
9987 9988
9988 9989
9680 9990
9990 9991
9991 9992
9992 9993
9993 9994
9994 9995
9995 9996
9996 9997
9997 9998
9680 9999
9999 10000
10000 10001
10001 10002
10002 10003
10003 10004
10004 10005
10005 10006
10006 10007
9706 10008
10008 10009
10009 10010
10010 10011
10011 10012
10012 10013
10013 10014
10014 10015
10015 10016
9706 10017
10017 10018
9715 10019
10019 10020
10020 10021
9715 10022
10022 10023
9726 10024
10024 10025
10025 10026
10026 10027
10027 10028
10028 10029
10029 10030
10030 10031
10031 10032
9726 10033
10033 10034
10034 10035
10035 10036
10036 10037
10037 10038
10038 10039
10039 10040
10040 10041
9735 10042
10042 10043
10043 10044
10044 10045
10045 10046
10046 10047
10047 10048
10048 10049
10049 10050
9735 10051
10051 10052
10052 10053
10053 10054
10054 10055
10055 10056
10056 10057
10057 10058
10058 10059
9744 10060
10060 10061
10061 10062
10062 10063
10063 10064
10064 10065
10065 10066
10066 10067
10067 10068
9744 10069
10069 10070
10070 10071
10071 10072
9764 10073
10073 10074
10074 10075
10075 10076
10076 10077
10077 10078
10078 10079
10079 10080
10080 10081
9764 10082
10082 10083
10083 10084
10084 10085
10085 10086
10086 10087
10087 10088
10088 10089
10089 10090
9790 10091
10091 10092
10092 10093
10093 10094
10094 10095
10095 10096
10096 10097
10097 10098
10098 10099
9790 10100
10100 10101
10101 10102
10102 10103
10103 10104
10104 10105
10105 10106
10106 10107
10107 10108
9802 10109
10109 10110
10110 10111
10111 10112
9802 10113
10113 10114
10114 10115
10115 10116
9811 10117
10117 10118
10118 10119
10119 10120
10120 10121
10121 10122
10122 10123
10123 10124
9811 10125
10125 10126
10126 10127
10127 10128
10128 10129
10129 10130
10130 10131
10131 10132
9827 10133
10133 10134
10134 10135
9827 10136
10136 10137
9841 10138
9841 10139
10139 10140
10140 10141
10141 10142
9852 10143
10143 10144
10144 10145
10145 10146
10146 10147
10147 10148
10148 10149
10149 10150
10150 10151
9852 10152
10152 10153
10153 10154
10154 10155
10155 10156
10156 10157
10157 10158
10158 10159
10159 10160
9861 10161
10161 10162
10162 10163
10163 10164
10164 10165
10165 10166
10166 10167
10167 10168
10168 10169
9861 10170
10170 10171
10171 10172
10172 10173
10173 10174
10174 10175
10175 10176
10176 10177
10177 10178
9886 10179
10179 10180
10180 10181
9886 10182
10182 10183
9918 10184
10184 10185
9918 10186
10186 10187
9927 10188
10188 10189
9927 10190
10190 10191
9936 10192
9936 10193
9953 10194
10194 10195
9953 10196
9971 10197
10197 10198
10198 10199
9971 10200
10200 10201
9980 10202
10202 10203
10203 10204
10204 10205
10205 10206
10206 10207
10207 10208
10208 10209
10209 10210
9980 10211
10211 10212
10212 10213
10213 10214
10214 10215
10215 10216
10216 10217
10217 10218
10218 10219
9989 10220
10220 10221
9989 10222
10222 10223
10223 10224
10224 10225
10225 10226
9998 10227
10227 10228
10228 10229
9998 10230
10230 10231
10231 10232
10007 10233
10233 10234
10007 10235
10235 10236
10016 10237
10237 10238
10238 10239
10239 10240
10240 10241
10016 10242
10242 10243
10243 10244
10050 10245
10245 10246
10246 10247
10247 10248
10248 10249
10249 10250
10250 10251
10251 10252
10252 10253
10050 10254
10254 10255
10255 10256
10256 10257
10257 10258
10258 10259
10259 10260
10260 10261
10261 10262
10059 10263
10263 10264
10264 10265
10265 10266
10266 10267
10267 10268
10268 10269
10269 10270
10270 10271
10059 10272
10272 10273
10273 10274
10274 10275
10275 10276
10276 10277
10277 10278
10278 10279
10279 10280
10068 10281
10281 10282
10282 10283
10068 10284
10284 10285
10285 10286
10286 10287
10287 10288
10081 10289
10289 10290
10290 10291
10291 10292
10292 10293
10293 10294
10294 10295
10295 10296
10296 10297
10081 10298
10298 10299
10299 10300
10300 10301
10301 10302
10302 10303
10303 10304
10304 10305
10305 10306
10090 10307
10307 10308
10308 10309
10309 10310
10310 10311
10090 10312
10312 10313
10313 10314
10099 10315
10315 10316
10316 10317
10317 10318
10318 10319
10319 10320
10099 10321
10321 10322
10322 10323
10323 10324
10324 10325
10325 10326
10326 10327
10327 10328
10328 10329
10151 10330
10330 10331
10331 10332
10332 10333
10333 10334
10334 10335
10335 10336
10336 10337
10337 10338
10151 10339
10339 10340
10340 10341
10341 10342
10342 10343
10343 10344
10344 10345
10345 10346
10346 10347
10160 10348
10348 10349
10349 10350
10350 10351
10351 10352
10352 10353
10353 10354
10354 10355
10355 10356
10160 10357
10357 10358
10358 10359
10359 10360
10360 10361
10361 10362
10362 10363
10363 10364
10364 10365
10169 10366
10366 10367
10367 10368
10368 10369
10369 10370
10370 10371
10371 10372
10372 10373
10373 10374
10169 10375
10375 10376
10376 10377
10377 10378
10378 10379
10379 10380
10380 10381
10381 10382
10178 10383
10383 10384
10384 10385
10385 10386
10386 10387
10387 10388
10388 10389
10389 10390
10178 10391
10391 10392
10392 10393
10393 10394
10210 10395
10395 10396
10396 10397
10397 10398
10398 10399
10399 10400
10400 10401
10401 10402
10402 10403
10210 10404
10404 10405
10405 10406
10406 10407
10407 10408
10408 10409
10409 10410
10410 10411
10411 10412
10253 10413
10413 10414
10414 10415
10415 10416
10416 10417
10417 10418
10418 10419
10419 10420
10420 10421
10253 10422
10422 10423
10423 10424
10424 10425
10425 10426
10426 10427
10427 10428
10428 10429
10429 10430
10262 10431
10431 10432
10432 10433
10433 10434
10434 10435
10435 10436
10436 10437
10437 10438
10438 10439
10262 10440
10440 10441
10441 10442
10442 10443
10443 10444
10444 10445
10445 10446
10446 10447
10447 10448
10271 10449
10449 10450
10450 10451
10451 10452
10452 10453
10453 10454
10454 10455
10455 10456
10456 10457
10271 10458
10458 10459
10459 10460
10460 10461
10461 10462
10462 10463
10463 10464
10464 10465
10465 10466
10280 10467
10467 10468
10468 10469
10469 10470
10470 10471
10471 10472
10472 10473
10473 10474
10474 10475
10280 10476
10476 10477
10477 10478
10478 10479
10479 10480
10297 10481
10481 10482
10482 10483
10483 10484
10484 10485
10485 10486
10486 10487
10487 10488
10488 10489
10297 10490
10490 10491
10491 10492
10492 10493
10493 10494
10494 10495
10495 10496
10496 10497
10497 10498
10306 10499
10499 10500
10306 10501
10501 10502
10502 10503
10329 10504
10504 10505
10505 10506
10506 10507
10507 10508
10329 10509
10509 10510
10510 10511
10347 10512
10512 10513
10513 10514
10514 10515
10515 10516
10516 10517
10517 10518
10518 10519
10519 10520
10347 10521
10521 10522
10522 10523
10523 10524
10524 10525
10525 10526
10526 10527
10527 10528
10528 10529
10356 10530
10530 10531
10356 10532
10532 10533
10533 10534
10365 10535
10535 10536
10536 10537
10537 10538
10538 10539
10539 10540
10365 10541
10541 10542
10542 10543
10543 10544
10374 10545
10545 10546
10374 10547
10547 10548
10548 10549
10549 10550
10550 10551
10551 10552
10552 10553
10553 10554
10554 10555</DataArray><DataArray Name="types" Format="ascii" type="Int32">3
3
3
3
3
3
3
3
3
3
3
3
3
3
3
3
3
3
3
3
3
3
3
3
3
3
3
3
3
3
3
3
3
3
3
3
3
3
3
3
3
3
3
3
3
3
3
3
3
3
3
3
3
3
3
3
3
3
3
3
3
3
3
3
3
3
3
3
3
3
3
3
3
3
3
3
3
3
3
3
3
3
3
3
3
3
3
3
3
3
3
3
3
3
3
3
3
3
3
3
3
3
3
3
3
3
3
3
3
3
3
3
3
3
3
3
3
3
3
3
3
3
3
3
3
3
3
3
3
3
3
3
3
3
3
3
3
3
3
3
3
3
3
3
3
3
3
3
3
3
3
3
3
3
3
3
3
3
3
3
3
3
3
3
3
3
3
3
3
3
3
3
3
3
3
3
3
3
3
3
3
3
3
3
3
3
3
3
3
3
3
3
3
3
3
3
3
3
3
3
3
3
3
3
3
3
3
3
3
3
3
3
3
3
3
3
3
3
3
3
3
3
3
3
3
3
3
3
3
3
3
3
3
3
3
3
3
3
3
3
3
3
3
3
3
3
3
3
3
3
3
3
3
3
3
3
3
3
3
3
3
3
3
3
3
3
3
3
3
3
3
3
3
3
3
3
3
3
3
3
3
3
3
3
3
3
3
3
3
3
3
3
3
3
3
3
3
3
3
3
3
3
3
3
3
3
3
3
3
3
3
3
3
3
3
3
3
3
3
3
3
3
3
3
3
3
3
3
3
3
3
3
3
3
3
3
3
3
3
3
3
3
3
3
3
3
3
3
3
3
3
3
3
3
3
3
3
3
3
3
3
3
3
3
3
3
3
3
3
3
3
3
3
3
3
3
3
3
3
3
3
3
3
3
3
3
3
3
3
3
3
3
3
3
3
3
3
3
3
3
3
3
3
3
3
3
3
3
3
3
3
3
3
3
3
3
3
3
3
3
3
3
3
3
3
3
3
3
3
3
3
3
3
3
3
3
3
3
3
3
3
3
3
3
3
3
3
3
3
3
3
3
3
3
3
3
3
3
3
3
3
3
3
3
3
3
3
3
3
3
3
3
3
3
3
3
3
3
3
3
3
3
3
3
3
3
3
3
3
3
3
3
3
3
3
3
3
3
3
3
3
3
3
3
3
3
3
3
3
3
3
3
3
3
3
3
3
3
3
3
3
3
3
3
3
3
3
3
3
3
3
3
3
3
3
3
3
3
3
3
3
3
3
3
3
3
3
3
3
3
3
3
3
3
3
3
3
3
3
3
3
3
3
3
3
3
3
3
3
3
3
3
3
3
3
3
3
3
3
3
3
3
3
3
3
3
3
3
3
3
3
3
3
3
3
3
3
3
3
3
3
3
3
3
3
3
3
3
3
3
3
3
3
3
3
3
3
3
3
3
3
3
3
3
3
3
3
3
3
3
3
3
3
3
3
3
3
3
3
3
3
3
3
3
3
3
3
3
3
3
3
3
3
3
3
3
3
3
3
3
3
3
3
3
3
3
3
3
3
3
3
3
3
3
3
3
3
3
3
3
3
3
3
3
3
3
3
3
3
3
3
3
3
3
3
3
3
3
3
3
3
3
3
3
3
3
3
3
3
3
3
3
3
3
3
3
3
3
3
3
3
3
3
3
3
3
3
3
3
3
3
3
3
3
3
3
3
3
3
3
3
3
3
3
3
3
3
3
3
3
3
3
3
3
3
3
3
3
3
3
3
3
3
3
3
3
3
3
3
3
3
3
3
3
3
3
3
3
3
3
3
3
3
3
3
3
3
3
3
3
3
3
3
3
3
3
3
3
3
3
3
3
3
3
3
3
3
3
3
3
3
3
3
3
3
3
3
3
3
3
3
3
3
3
3
3
3
3
3
3
3
3
3
3
3
3
3
3
3
3
3
3
3
3
3
3
3
3
3
3
3
3
3
3
3
3
3
3
3
3
3
3
3
3
3
3
3
3
3
3
3
3
3
3
3
3
3
3
3
3
3
3
3
3
3
3
3
3
3
3
3
3
3
3
3
3
3
3
3
3
3
3
3
3
3
3
3
3
3
3
3
3
3
3
3
3
3
3
3
3
3
3
3
3
3
3
3
3
3
3
3
3
3
3
3
3
3
3
3
3
3
3
3
3
3
3
3
3
3
3
3
3
3
3
3
3
3
3
3
3
3
3
3
3
3
3
3
3
3
3
3
3
3
3
3
3
3
3
3
3
3
3
3
3
3
3
3
3
3
3
3
3
3
3
3
3
3
3
3
3
3
3
3
3
3
3
3
3
3
3
3
3
3
3
3
3
3
3
3
3
3
3
3
3
3
3
3
3
3
3
3
3
3
3
3
3
3
3
3
3
3
3
3
3
3
3
3
3
3
3
3
3
3
3
3
3
3
3
3
3
3
3
3
3
3
3
3
3
3
3
3
3
3
3
3
3
3
3
3
3
3
3
3
3
3
3
3
3
3
3
3
3
3
3
3
3
3
3
3
3
3
3
3
3
3
3
3
3
3
3
3
3
3
3
3
3
3
3
3
3
3
3
3
3
3
3
3
3
3
3
3
3
3
3
3
3
3
3
3
3
3
3
3
3
3
3
3
3
3
3
3
3
3
3
3
3
3
3
3
3
3
3
3
3
3
3
3
3
3
3
3
3
3
3
3
3
3
3
3
3
3
3
3
3
3
3
3
3
3
3
3
3
3
3
3
3
3
3
3
3
3
3
3
3
3
3
3
3
3
3
3
3
3
3
3
3
3
3
3
3
3
3
3
3
3
3
3
3
3
3
3
3
3
3
3
3
3
3
3
3
3
3
3
3
3
3
3
3
3
3
3
3
3
3
3
3
3
3
3
3
3
3
3
3
3
3
3
3
3
3
3
3
3
3
3
3
3
3
3
3
3
3
3
3
3
3
3
3
3
3
3
3
3
3
3
3
3
3
3
3
3
3
3
3
3
3
3
3
3
3
3
3
3
3
3
3
3
3
3
3
3
3
3
3
3
3
3
3
3
3
3
3
3
3
3
3
3
3
3
3
3
3
3
3
3
3
3
3
3
3
3
3
3
3
3
3
3
3
3
3
3
3
3
3
3
3
3
3
3
3
3
3
3
3
3
3
3
3
3
3
3
3
3
3
3
3
3
3
3
3
3
3
3
3
3
3
3
3
3
3
3
3
3
3
3
3
3
3
3
3
3
3
3
3
3
3
3
3
3
3
3
3
3
3
3
3
3
3
3
3
3
3
3
3
3
3
3
3
3
3
3
3
3
3
3
3
3
3
3
3
3
3
3
3
3
3
3
3
3
3
3
3
3
3
3
3
3
3
3
3
3
3
3
3
3
3
3
3
3
3
3
3
3
3
3
3
3
3
3
3
3
3
3
3
3
3
3
3
3
3
3
3
3
3
3
3
3
3
3
3
3
3
3
3
3
3
3
3
3
3
3
3
3
3
3
3
3
3
3
3
3
3
3
3
3
3
3
3
3
3
3
3
3
3
3
3
3
3
3
3
3
3
3
3
3
3
3
3
3
3
3
3
3
3
3
3
3
3
3
3
3
3
3
3
3
3
3
3
3
3
3
3
3
3
3
3
3
3
3
3
3
3
3
3
3
3
3
3
3
3
3
3
3
3
3
3
3
3
3
3
3
3
3
3
3
3
3
3
3
3
3
3
3
3
3
3
3
3
3
3
3
3
3
3
3
3
3
3
3
3
3
3
3
3
3
3
3
3
3
3
3
3
3
3
3
3
3
3
3
3
3
3
3
3
3
3
3
3
3
3
3
3
3
3
3
3
3
3
3
3
3
3
3
3
3
3
3
3
3
3
3
3
3
3
3
3
3
3
3
3
3
3
3
3
3
3
3
3
3
3
3
3
3
3
3
3
3
3
3
3
3
3
3
3
3
3
3
3
3
3
3
3
3
3
3
3
3
3
3
3
3
3
3
3
3
3
3
3
3
3
3
3
3
3
3
3
3
3
3
3
3
3
3
3
3
3
3
3
3
3
3
3
3
3
3
3
3
3
3
3
3
3
3
3
3
3
3
3
3
3
3
3
3
3
3
3
3
3
3
3
3
3
3
3
3
3
3
3
3
3
3
3
3
3
3
3
3
3
3
3
3
3
3
3
3
3
3
3
3
3
3
3
3
3
3
3
3
3
3
3
3
3
3
3
3
3
3
3
3
3
3
3
3
3
3
3
3
3
3
3
3
3
3
3
3
3
3
3
3
3
3
3
3
3
3
3
3
3
3
3
3
3
3
3
3
3
3
3
3
3
3
3
3
3
3
3
3
3
3
3
3
3
3
3
3
3
3
3
3
3
3
3
3
3
3
3
3
3
3
3
3
3
3
3
3
3
3
3
3
3
3
3
3
3
3
3
3
3
3
3
3
3
3
3
3
3
3
3
3
3
3
3
3
3
3
3
3
3
3
3
3
3
3
3
3
3
3
3
3
3
3
3
3
3
3
3
3
3
3
3
3
3
3
3
3
3
3
3
3
3
3
3
3
3
3
3
3
3
3
3
3
3
3
3
3
3
3
3
3
3
3
3
3
3
3
3
3
3
3
3
3
3
3
3
3
3
3
3
3
3
3
3
3
3
3
3
3
3
3
3
3
3
3
3
3
3
3
3
3
3
3
3
3
3
3
3
3
3
3
3
3
3
3
3
3
3
3
3
3
3
3
3
3
3
3
3
3
3
3
3
3
3
3
3
3
3
3
3
3
3
3
3
3
3
3
3
3
3
3
3
3
3
3
3
3
3
3
3
3
3
3
3
3
3
3
3
3
3
3
3
3
3
3
3
3
3
3
3
3
3
3
3
3
3
3
3
3
3
3
3
3
3
3
3
3
3
3
3
3
3
3
3
3
3
3
3
3
3
3
3
3
3
3
3
3
3
3
3
3
3
3
3
3
3
3
3
3
3
3
3
3
3
3
3
3
3
3
3
3
3
3
3
3
3
3
3
3
3
3
3
3
3
3
3
3
3
3
3
3
3
3
3
3
3
3
3
3
3
3
3
3
3
3
3
3
3
3
3
3
3
3
3
3
3
3
3
3
3
3
3
3
3
3
3
3
3
3
3
3
3
3
3
3
3
3
3
3
3
3
3
3
3
3
3
3
3
3
3
3
3
3
3
3
3
3
3
3
3
3
3
3
3
3
3
3
3
3
3
3
3
3
3
3
3
3
3
3
3
3
3
3
3
3
3
3
3
3
3
3
3
3
3
3
3
3
3
3
3
3
3
3
3
3
3
3
3
3
3
3
3
3
3
3
3
3
3
3
3
3
3
3
3
3
3
3
3
3
3
3
3
3
3
3
3
3
3
3
3
3
3
3
3
3
3
3
3
3
3
3
3
3
3
3
3
3
3
3
3
3
3
3
3
3
3
3
3
3
3
3
3
3
3
3
3
3
3
3
3
3
3
3
3
3
3
3
3
3
3
3
3
3
3
3
3
3
3
3
3
3
3
3
3
3
3
3
3
3
3
3
3
3
3
3
3
3
3
3
3
3
3
3
3
3
3
3
3
3
3
3
3
3
3
3
3
3
3
3
3
3
3
3
3
3
3
3
3
3
3
3
3
3
3
3
3
3
3
3
3
3
3
3
3
3
3
3
3
3
3
3
3
3
3
3
3
3
3
3
3
3
3
3
3
3
3
3
3
3
3
3
3
3
3
3
3
3
3
3
3
3
3
3
3
3
3
3
3
3
3
3
3
3
3
3
3
3
3
3
3
3
3
3
3
3
3
3
3
3
3
3
3
3
3
3
3
3
3
3
3
3
3
3
3
3
3
3
3
3
3
3
3
3
3
3
3
3
3
3
3
3
3
3
3
3
3
3
3
3
3
3
3
3
3
3
3
3
3
3
3
3
3
3
3
3
3
3
3
3
3
3
3
3
3
3
3
3
3
3
3
3
3
3
3
3
3
3
3
3
3
3
3
3
3
3
3
3
3
3
3
3
3
3
3
3
3
3
3
3
3
3
3
3
3
3
3
3
3
3
3
3
3
3
3
3
3
3
3
3
3
3
3
3
3
3
3
3
3
3
3
3
3
3
3
3
3
3
3
3
3
3
3
3
3
3
3
3
3
3
3
3
3
3
3
3
3
3
3
3
3
3
3
3
3
3
3
3
3
3
3
3
3
3
3
3
3
3
3
3
3
3
3
3
3
3
3
3
3
3
3
3
3
3
3
3
3
3
3
3
3
3
3
3
3
3
3
3
3
3
3
3
3
3
3
3
3
3
3
3
3
3
3
3
3
3
3
3
3
3
3
3
3
3
3
3
3
3
3
3
3
3
3
3
3
3
3
3
3
3
3
3
3
3
3
3
3
3
3
3
3
3
3
3
3
3
3
3
3
3
3
3
3
3
3
3
3
3
3
3
3
3
3
3
3
3
3
3
3
3
3
3
3
3
3
3
3
3
3
3
3
3
3
3
3
3
3
3
3
3
3
3
3
3
3
3
3
3
3
3
3
3
3
3
3
3
3
3
3
3
3
3
3
3
3
3
3
3
3
3
3
3
3
3
3
3
3
3
3
3
3
3
3
3
3
3
3
3
3
3
3
3
3
3
3
3
3
3
3
3
3
3
3
3
3
3
3
3
3
3
3
3
3
3
3
3
3
3
3
3
3
3
3
3
3
3
3
3
3
3
3
3
3
3
3
3
3
3
3
3
3
3
3
3
3
3
3
3
3
3
3
3
3
3
3
3
3
3
3
3
3
3
3
3
3
3
3
3
3
3
3
3
3
3
3
3
3
3
3
3
3
3
3
3
3
3
3
3
3
3
3
3
3
3
3
3
3
3
3
3
3
3
3
3
3
3
3
3
3
3
3
3
3
3
3
3
3
3
3
3
3
3
3
3
3
3
3
3
3
3
3
3
3
3
3
3
3
3
3
3
3
3
3
3
3
3
3
3
3
3
3
3
3
3
3
3
3
3
3
3
3
3
3
3
3
3
3
3
3
3
3
3
3
3
3
3
3
3
3
3
3
3
3
3
3
3
3
3
3
3
3
3
3
3
3
3
3
3
3
3
3
3
3
3
3
3
3
3
3
3
3
3
3
3
3
3
3
3
3
3
3
3
3
3
3
3
3
3
3
3
3
3
3
3
3
3
3
3
3
3
3
3
3
3
3
3
3
3
3
3
3
3
3
3
3
3
3
3
3
3
3
3
3
3
3
3
3
3
3
3
3
3
3
3
3
3
3
3
3
3
3
3
3
3
3
3
3
3
3
3
3
3
3
3
3
3
3
3
3
3
3
3
3
3
3
3
3
3
3
3
3
3
3
3
3
3
3
3
3
3
3
3
3
3
3
3
3
3
3
3
3
3
3
3
3
3
3
3
3
3
3
3
3
3
3
3
3
3
3
3
3
3
3
3
3
3
3
3
3
3
3
3
3
3
3
3
3
3
3
3
3
3
3
3
3
3
3
3
3
3
3
3
3
3
3
3
3
3
3
3
3
3
3
3
3
3
3
3
3
3
3
3
3
3
3
3
3
3
3
3
3
3
3
3
3
3
3
3
3
3
3
3
3
3
3
3
3
3
3
3
3
3
3
3
3
3
3
3
3
3
3
3
3
3
3
3
3
3
3
3
3
3
3
3
3
3
3
3
3
3
3
3
3
3
3
3
3
3
3
3
3
3
3
3
3
3
3
3
3
3
3
3
3
3
3
3
3
3
3
3
3
3
3
3
3
3
3
3
3
3
3
3
3
3
3
3
3
3
3
3
3
3
3
3
3
3
3
3
3
3
3
3
3
3
3
3
3
3
3
3
3
3
3
3
3
3
3
3
3
3
3
3
3
3
3
3
3
3
3
3
3
3
3
3
3
3
3
3
3
3
3
3
3
3
3
3
3
3
3
3
3
3
3
3
3
3
3
3
3
3
3
3
3
3
3
3
3
3
3
3
3
3
3
3
3
3
3
3
3
3
3
3
3
3
3
3
3
3
3
3
3
3
3
3
3
3
3
3
3
3
3
3
3
3
3
3
3
3
3
3
3
3
3
3
3
3
3
3
3
3
3
3
3
3
3
3
3
3
3
3
3
3
3
3
3
3
3
3
3
3
3
3
3
3
3
3
3
3
3
3
3
3
3
3
3
3
3
3
3
3
3
3
3
3
3
3
3
3
3
3
3
3
3
3
3
3
3
3
3
3
3
3
3
3
3
3
3
3
3
3
3
3
3
3
3
3
3
3
3
3
3
3
3
3
3
3
3
3
3
3
3
3
3
3
3
3
3
3
3
3
3
3
3
3
3
3
3
3
3
3
3
3
3
3
3
3
3
3
3
3
3
3
3
3
3
3
3
3
3
3
3
3
3
3
3
3
3
3
3
3
3
3
3
3
3
3
3
3
3
3
3
3
3
3
3
3
3
3
3
3
3
3
3
3
3
3
3
3
3
3
3
3
3
3
3
3
3
3
3
3
3
3
3
3
3
3
3
3
3
3
3
3
3
3
3
3
3
3
3
3
3
3
3
3
3
3
3
3
3
3
3
3
3
3
3
3
3
3
3
3
3
3
3
3
3
3
3
3
3
3
3
3
3
3
3
3
3
3
3
3
3
3
3
3
3
3
3
3
3
3
3
3
3
3
3
3
3
3
3
3
3
3
3
3
3
3
3
3
3
3
3
3
3
3
3
3
3
3
3
3
3
3
3
3
3
3
3
3
3
3
3
3
3
3
3
3
3
3
3
3
3
3
3
3
3
3
3
3
3
3
3
3
3
3
3
3
3
3
3
3
3
3
3
3
3
3
3
3
3
3
3
3
3
3
3
3
3
3
3
3
3
3
3
3
3
3
3
3
3
3
3
3
3
3
3
3
3
3
3
3
3
3
3
3
3
3
3
3
3
3
3
3
3
3
3
3
3
3
3
3
3
3
3
3
3
3
3
3
3
3
3
3
3
3
3
3
3
3
3
3
3
3
3
3
3
3
3
3
3
3
3
3
3
3
3
3
3
3
3
3
3
3
3
3
3
3
3
3
3
3
3
3
3
3
3
3
3
3
3
3
3
3
3
3
3
3
3
3
3
3
3
3
3
3
3
3
3
3
3
3
3
3
3
3
3
3
3
3
3
3
3
3
3
3
3
3
3
3
3
3
3
3
3
3
3
3
3
3
3
3
3
3
3
3
3
3
3
3
3
3
3
3
3
3
3
3
3
3
3
3
3
3
3
3
3
3
3
3
3
3
3
3
3
3
3
3
3
3
3
3
3
3
3
3
3
3
3
3
3
3
3
3
3
3
3
3
3
3
3
3
3
3
3
3
3
3
3
3
3
3
3
3
3
3
3
3
3
3
3
3
3
3
3
3
3
3
3
3
3
3
3
3
3
3
3
3
3
3
3
3
3
3
3
3
3
3
3
3
3
3
3
3
3
3
3
3
3
3
3
3
3
3
3
3
3
3
3
3
3
3
3
3
3
3
3
3
3
3
3
3
3
3
3
3
3
3
3
3
3
3
3
3
3
3
3
3
3
3
3
3
3
3
3
3
3
3
3
3
3
3
3
3
3
3
3
3
3
3
3
3
3
3
3
3
3
3
3
3
3
3
3
3
3
3
3
3
3
3
3
3
3
3
3
3
3
3
3
3
3
3
3
3
3
3
3
3
3
3
3
3
3
3
3
3
3
3
3
3
3
3
3
3
3
3
3
3
3
3
3
3
3
3
3
3
3
3
3
3
3
3
3
3
3
3
3
3
3
3
3
3
3
3
3
3
3
3
3
3
3
3
3
3
3
3
3
3
3
3
3
3
3
3
3
3
3
3
3
3
3
3
3
3
3
3
3
3
3
3
3
3
3
3
3
3
3
3
3
3
3
3
3
3
3
3
3
3
3
3
3
3
3
3
3
3
3
3
3
3
3
3
3
3
3
3
3
3
3
3
3
3
3
3
3
3
3
3
3
3
3
3
3
3
3
3
3
3
3
3
3
3
3
3
3
3
3
3
3
3
3
3
3
3
3
3
3
3
3
3
3
3
3
3
3
3
3
3
3
3
3
3
3
3
3
3
3
3
3
3
3
3
3
3
3
3
3
3
3
3
3
3
3
3
3
3
3
3
3
3
3
3
3
3
3
3
3
3
3
3
3
3
3
3
3
3
3
3
3
3
3
3
3
3
3
3
3
3
3
3
3
3
3
3
3
3
3
3
3
3
3
3
3
3
3
3
3
3
3
3
3
3
3
3
3
3
3
3
3
3
3
3
3
3
3
3
3
3
3
3
3
3
3
3
3
3
3
3
3
3
3
3
3
3
3
3
3
3
3
3
3
3
3
3
3
3
3
3
3
3
3
3
3
3
3
3
3
3
3
3
3
3
3
3
3
3
3
3
3
3
3
3
3
3
3
3
3
3
3
3
3
3
3
3
3
3
3
3
3
3
3
3
3
3
3
3
3
3
3
3
3
3
3
3
3
3
3
3
3
3
3
3
3
3
3
3
3
3
3
3
3
3
3
3
3
3
3
3
3
3
3
3
3
3
3
3
3
3
3
3
3
3
3
3
3
3
3
3
3
3
3
3
3
3
3
3
3
3
3
3
3
3
3
3
3
3
3
3
3
3
3
3
3
3
3
3
3
3
3
3
3
3
3
3
3
3
3
3
3
3
3
3
3
3
3
3
3
3
3
3
3
3
3
3
3
3
3
3
3
3
3
3
3
3
3
3
3
3
3
3
3
3
3
3
3
3
3
3
3
3
3
3
3
3
3
3
3
3
3
3
3
3
3
3
3
3
3
3
3
3
3
3
3
3
3
3
3
3
3
3
3
3
3
3
3
3
3
3
3
3
3
3
3
3
3
3
3
3
3
3
3
3
3
3
3
3
3
3
3
3
3
3
3
3
3
3
3
3
3
3
3
3
3
3
3
3
3
3
3
3
3
3
3
3
3
3
3
3
3
3
3
3
3
3
3
3
3
3
3
3
3
3
3
3
3
3
3
3
3
3
3
3
3
3
3
3
3
3
3
3
3
3
3
3
3
3
3
3
3
3
3
3
3
3
3
3
3
3
3
3
3
3
3
3
3
3
3
3
3
3
3
3
3
3
3
3
3
3
3
3
3
3
3
3
3
3
3
3
3
3
3
3
3
3
3
3
3
3
3
3
3
3
3
3
3
3
3
3
3
3
3
3
3
3
3
3
3
3
3
3
3
3
3
3
3
3
3
3
3
3
3
3
3
3
3
3
3
3
3
3
3
3
3
3
3
3
3
3
3
3
3
3
3
3
3
3
3
3
3
3
3
3
3
3
3
3
3
3
3
3
3
3
3
3
3
3
3
3
3
3
3
3
3
3
3
3
3
3
3
3
3
3
3
3
3
3
3
3
3
3
3
3
3
3
3
3
3
3
3
3
3
3
3
3
3
3
3
3
3
3
3
3
3
3
3
3
3
3
3
3
3
3
3
3
3
3
3
3
3
3
3
3
3
3
3
3
3
3
3
3
3
3
3
3
3
3
3
3
3
3
3
3
3
3
3
3
3
3
3
3
3
3
3
3
3
3
3
3
3
3
3
3
3
3
3
3
3
3
3
3
3
3
3
3
3
3
3
3
3
3
3
3
3
3
3
3
3
3
3
3
3
3
3
3
3
3
3
3
3
3
3
3
3
3
3
3
3
3
3
3
3
3
3
3
3
3
3
3
3
3
3
3
3
3
3
3
3
3
3
3
3
3
3
3
3
3
3
3
3
3
3
3
3
3
3
3
3
3
3
3
3
3
3
3
3
3
3
3
3
3
3
3
3
3
3
3
3
3
3
3
3
3
3
3
3
3
3
3
3
3
3
3
3
3
3
3
3
3
3
3
3
3
3
3
3
3
3
3
3
3
3
3
3
3
3
3
3
3
3
3
3
3
3
3
3
3
3
3
3
3
3
3
3
3
3
3
3
3
3
3
3
3
3
3
3
3
3
3
3
3
3
3
3
3
3
3
3
3
3
3
3
3
3
3
3
3
3
3
3
3
3
3
3
3
3
3
3
3
3
3
3
3
3
3
3
3
3
3
3
3
3
3
3
3
3
3
3
3
3
3
3
3
3
3
3
3
3
3
3
3
3
3
3
3
3
3
3
3
3
3
3
3
3
3
3
3
3
3
3
3
3
3
3
3
3
3
3
3
3
3
3
3
3
3
3
3
3
3
3
3
3
3
3
3
3
3
3
3
3
3
3
3
3
3
3
3
3
3
3
3
3
3
3
3
3
3
3
3
3
3
3
3
3
3
3
3
3
3
3
3
3
3
3
3
3
3
3
3
3
3
3
3
3
3
3
3
3
3
3
3
3
3
3
3
3
3
3
3
3
3
3
3
3
3
3
3
3
3
3
3
3
3
3
3
3
3
3
3
3
3
3
3
3
3
3
3
3
3
3
3
3
3
3
3
3
3
3
3
3
3
3
3
3
3
3
3
3
3
3
3
3
3
3
3
3
3
3
3
3
3
3
3
3
3
3
3
3
3
3
3
3
3
3
3
3
3
3
3
3
3
3
3
3
3
3
3
3
3
3
3
3
3
3
3
3
3
3
3
3
3
3
3
3
3
3
3
3
3
3
3
3
3
3
3
3
3
3
3
3
3
3
3
3
3
3
3
3
3
3
3
3
3
3
3
3
3
3
3
3
3
3
3
3
3
3
3
3
3
3
3
3
3
3
3
3
3
3
3
3
3
3
3
3
3
3
3
3
3
3
3
3
3
3
3
3
3
3
3
3
3
3
3
3
3
3
3
3
3
3
3
3
3
3
3
3
3
3
3
3
3
3
3
3
3
3
3
3
3
3
3
3
3
3
3
3
3
3
3
3
3
3
3
3
3
3
3
3
3
3
3
3
3
3
3
3
3
3
3
3
3
3
3
3
3
3
3
3
3
3
3
3
3
3
3
3
3
3
3
3
3
3
3
3
3
3
3
3
3
3
3
3
3
3
3
3
3
3
3
3
3
3
3
3
3
3
3
3
3
3
3
3
3
3
3
3
3
3
3
3
3
3
3
3
3
3
3
3
3
3
3
3
3
3
3
3
3
3
3
3
3
3
3
3
3
3
3
3
3
3
3
3
3
3
3
3
3
3
3
3
3
3
3
3
3
3
3
3
3
3
3
3
3
3
3
3
3
3
3
3
3
3
3
3
3
3
3
3
3
3
3
3
3
3
3
3
3
3
3
3
3
3
3
3
3
3
3
3
3
3
3
3
3
3
3
3
3
3
3
3
3
3
3
3
3
3
3
3
3
3
3
3
3
3
3
3
3
3
3
3
3
3
3
3
3
3
3
3
3
3
3
3
3
3
3
3
3
3
3
3
3
3
3
3
3
3
3
3
3
3
3
3
3
3
3
3
3
3
3
3
3
3
3
3
3
3
3
3
3
3
3
3
3
3
3
3
3
3
3
3
3
3
3
3
3
3
3
3
3
3
3
3
3
3
3
3
3
3
3
3
3
3
3
3
3
3
3
3
3
3
3
3
3
3
3
3
3
3
3
3
3
3
3
3
3
3
3
3
3
3
3
3
3
3
3
3
3
3
3
3
3
3
3
3
3
3
3
3
3
3
3
3
3
3
3
3
3
3
3
3
3
3
3
3
3
3
3
3
3
3
3
3
3
3
3
3
3
3
3
3
3
3
3
3
3
3
3
3
3
3
3
3
3
3
3
3
3
3
3
3
3
3
3
3
3
3
3
3
3
3
3
3
3
3
3
3
3
3
3
3
3
3
3
3
3
3
3
3
3
3
3
3
3
3
3
3
3
3
3
3
3
3
3
3
3
3
3
3
3
3
3
3
3
3
3
3
3
3
3
3
3
3
3
3
3
3
3
3
3
3
3
3
3
3
3
3
3
3
3
3
3
3
3
3
3
3
3
3
3
3
3
3
3
3
3
3
3
3
3
3
3
3
3
3
3
3
3
3
3
3
3
3
3
3
3
3
3
3
3
3
3
3
3
3
3
3
3
3
3
3
3
3
3
3
3
3
3
3
3
3
3
3
3
3
3
3
3
3
3
3
3
3
3
3
3
3
3
3
3
3
3
3
3
3
3
3
3
3
3
3
3
3
3
3
3
3
3
3
3
3
3
3
3
3
3
3
3
3
3
3
3
3
3
3
3
3
3
3
3
3
3
3
3
3
3
3
3
3
3
3
3
3
3
3
3
3
3
3
3
3
3
3
3
3
3
3
3
3
3
3
3
3
3
3
3
3
3
3
3
3
3
3
3
3
3
3
3
3
3
3
3
3
3
3
3
3
3
3
3
3
3
3
3
3
3
3
3
3
3
3
3
3
3
3
3
3
3
3
3
3
3
3
3
3
3
3
3
3
3
3
3
3
3
3
3
3
3
3
3
3
3
3
3
3
3
3
3
3
3
3
3
3
3
3
3
3
3
3
3
3
3
3
3
3
3
3
3
3
3
3
3
3
3
3
3
3
3
3
3
3
3
3
3
3
3
3
3
3
3
3
3
3
3
3
3
3
3
3
3
3
3
3
3
3
3
3
3
3
3
3
3
3
3
3
3
3
3
3
3
3
3
3
3
3
3
3
3
3
3
3
3
3
3
3
3
3
3
3
3
3
3
3
3
3
3
3
3
3
3
3
3
3
3
3
3
3
3
3
3
3
3
3
3
3
3
3
3
3
3
3
3
3
3
3
3
3
3
3
3
3
3
3
3
3
3
3
3
3
3
3
3
3
3
3
3
3
3
3
3
3
3
3
3
3
3
3
3
3
3
3
3
3
3
3
3
3
3
3
3
3
3
3
3
3
3
3
3
3
3
3
3
3
3
3
3
3
3
3
3
3
3
3
3
3
3
3
3
3
3
3
3
3
3
3
3
3
3
3
3
3
3
3
3
3
3
3
3
3
3
3
3
3
3
3
3
3
3
3
3
3
3
3
3
3
3
3
3
3
3
3
3
3
3
3
3
3
3
3
3
3
3
3
3
3
3
3
3
3
3
3
3
3
3
3
3
3
3
3
3
3
3
3
3
3
3
3
3
3
3
3
3
3
3
3
3
3
3
3
3
3
3
3
3
3
3
3
3
3
3
3
3
3
3
3
3
3
3
3
3
3
3
3
3
3
3
3
3
3
3
3
3
3
3
3
3
3
3
3
3
3
3
3
3
3
3
3
3
3
3
3
3
3
3
3
3
3
3
3
3
3
3
3
3
3
3
3
3
3
3
3
3
3
3
3
3
3
3
3
3
3
3
3
3
3
3
3
3
3
3
3
3
3
3
3
3
3
3
3
3
3
3
3
3
3
3
3
3
3
3
3
3
3
3
3
3
3
3
3
3
3
3
3
3
3
3
3
3
3
3
3
3
3
3
3
3
3
3
3
3
3
3
3
3
3
3
3
3
3
3
3
3
3
3
3
3
3
3
3
3
3
3
3
3
3
3
3
3
3
3
3
3
3
3
3
3
3
3
3
3
3
3
3
3
3
3
3
3
3
3
3
3
3
3
3
3
3
3
3
3
3
3
3
3
3
3
3
3
3
3
3
3
3
3
3
3
3
3
3
3
3
3
3
3
3
3
3
3
3
3
3
3
3
3
3
3
3
3
3
3
3
3
3
3
3
3
3
3
3
3
3
3
3
3
3
3
3
3
3
3
3
3
3
3
3
3
3
3
3
3
3
3
3
3
3
3
3
3
3
3
3
3
3
3
3
3
3
3
3
3
3
3
3
3
3
3
3
3
3
3
3
3
3
3
3
3
3
3
3
3
3
3
3
3
3
3
3
3
3
3
3
3
3
3
3
3
3
3
3
3
3
3
3
3
3
3
3
3
3
3
3
3
3
3
3
3
3
3
3
3
3
3
3
3
3
3
3
3
3
3
3
3
3
3
3
3
3
3
3
3
3
3
3
3
3
3
3
3
3
3
3
3
3
3
3
3
3
3
3
3
3
3
3
3
3
3
3
3
3
3
3
3
3
3
3
3
3
3
3
3
3
3
3
3
3
3
3
3
3
3
3
3
3
3
3
3
3
3
3
3
3
3
3
3
3
3
3
3
3
3
3
3
3
3
3
3
3
3
3
3
3
3
3
3
3
3
3
3
3
3
3
3
3
3
3
3
3
3
3
3
3
3
3
3
3
3
3
3
3
3
3
3
3
3
3
3
3
3
3
3
3
3
3
3
3
3
3
3
3
3
3
3
3
3
3
3
3
3
3
3
3
3
3
3
3
3
3
3
3
3
3
3
3
3
3
3
3
3
3
3
3
3
3
3
3
3
3
3
3
3
3
3
3
3
3
3
3
3
3
3
3
3
3
3
3
3
3
3
3
3
3
3
3
3
3
3
3
3
3
3
3
3
3
3
3
3
3
3
3
3
3
3
3
3
3
3
3
3
3
3
3
3
3
3
3
3
3
3
3
3
3
3
3
3
3
3
3
3
3
3
3
3
3
3
3
3
3
3
3
3
3
3
3
3
3
3
3
3
3
3
3
3
3
3
3
3
3
3
3
3
3
3
3
3
3
3
3
3
3
3
3
3
3
3
3
3
3
3
3
3
3
3
3
3
3
3
3
3
3
3
3
3
3
3
3
3
3
3
3
3
3
3
3
3
3
3
3
3
3
3
3
3
3
3
3
3
3
3
3
3
3
3
3
3
3
3
3
3
3
3
3
3
3
3
3
3
3
3
3
3
3
3
3
3
3
3
3
3
3
3
3
3
3
3
3
3
3
3
3
3
3
3
3
3
3
3
3
3
3
3
3
3
3
3
3
3
3
3
3
3
3
3
3
3
3
3
3
3
3
3
3
3
3
3
3
3
3
3
3
3
3
3
3
3
3
3
3
3
3
3
3
3
3
3
3
3
3
3
3
3
3
3
3
3
3
3
3
3
3
3
3
3
3
3
3
3
3
3
3
3
3
3
3
3
3
3
3
3
3
3
3
3
3
3
3
3
3
3
3
3
3
3
3
3
3
3
3
3
3
3
3
3
3
3
3
3
3
3
3
3
3
3
3
3
3
3
3
3
3
3
3
3
3
3
3
3
3
3
3
3
3
3
3
3
3
3
3
3
3
3
3
3
3
3
3
3
3
3
3
3
3
3
3
3
3
3
3
3
3
3
3
3
3
3
3
3
3
3
3
3
3
3
3
3
3
3
3
3
3
3
3
3
3
3
3
3
3
3
3
3
3
3
3
3
3
3
3
3
3
3
3
3
3
3
3
3
3
3
3
3
3
3
3
3
3
3
3
3
3
3
3
3
3
3
3
3
3
3
3
3
3
3
3
3
3
3
3
3
3
3
3
3
3
3
3
3
3
3
3
3
3
3
3
3
3
3
3
3
3
3
3
3
3
3
3
3
3
3
3
3
3
3
3
3
3
3
3
3
3
3
3
3
3
3
3
3
3
3
3
3
3
3
3
3
3
3
3
3
3
3
3
3
3
3
3
3
3
3
3
3
3
3
3
3
3
3
3
3
3
3
3
3
3
3
3
3
3
3
3
3
3
3
3
3
3
3
3
3
3
3
3
3
3
3
3
3
3
3
3
3
3
3
3
3
3
3
3
3
3
3
3
3
3
3
3
3
3
3
3
3
3
3
3
3
3
3
3
3
3
3
3
3
3
3
3
3
3
3
3
3
3
3
3
3
3
3
3
3
3
3
3
3
3
3
3
3
3
3
3
3
3
3
3
3
3
3
3
3
3
3
3
3
3
3
3
3
3
3
3
3
3
3
3
3
3
3
3
3
3
3
3
3
3
3
3
3
3
3
3
3
3
3
3
3
3
3
3
3
3
3
3
3
3
3
3
3
3
3
3
3
3
3
3
3
3
3
3
3
3
3
3
3
3
3
3
3
3
3
3
3
3
3
3
3
3
3
3
3
3
3
3
3
3
3
3
3
3
3
3
3
3
3
3
3
3
3
3
3
3
3
3
3
3
3
3
3
3
3
3
3
3
3
3
3
3
3
3
3
3
3
3
3
3
3
3
3
3
3
3
3
3
3
3
3
3
3
3
3
3
3
3
3
3
3
3
3
3
3
3
3
3
3
3
3
3
3
3
3
3
3
3
3
3
3
3
3
3
3
3
3
3
3
3
3
3
3
3
3
3
3
3
3
3
3
3
3
3
3
3
3
3
3
3
3
3
3
3
3
3
3
3
3
3
3
3
3
3
3
3
3
3
3
3
3
3
3
3
3
3
3
3
3
3
3
3
3
3
3
3
3
3
3
3
3
3
3
3
3
3
3
3
3
3
3
3
3
3
3
3
3
3
3
3
3
3
3
3
3
3
3
3
3
3
3
3
3
3
3
3
3
3
3
3
3
3
3
3
3
3
3
3
3
3
3
3
3
3
3
3
3
3
3
3
3
3
3
3
3
3
3
3
3
3
3
3
3
3
3
3
3
3
3
3
3
3
3
3
3
3
3
3
3
3
3
3
3
3
3
3
3
3
3
3
3
3
3
3
3
3
3
3
3
3
3
3
3
3
3
3
3
3
3
3
3
3
3
3
3
3
3
3
3
3
3
3
3
3
3
3
3
3
3
3
3
3
3
3
3
3
3
3
3
3
3
3
3
3
3
3
3
3
3
3
3
3
3
3
3
3
3
3
3
3
3
3
3
3
3
3
3
3
3
3
3
3
3
3
3
3
3
3
3
3
3
3
3
3
3
3
3
3
3
3
3
3
3
3
3
3
3
3
3
3
3
3
3
3
3
3
3
3
3
3
3
3
3
3
3
3
3
3
3
3
3
3
3
3
3
3
3
3
3
3
3
3
3
3
3
3
3
3
3
3
3
3
3
3
3
3
3
3
3
3
3
3
3
3
3
3
3
3
3
3
3
3
3
3
3
3
3
3
3
3
3
3
3
3
3
3
3
3
3
3
3
3
3
3
3
3
3
3
3
3
3
3
3
3
3
3
3
3
3
3
3
3
3
3
3
3
3
3
3
3
3
3
3
3
3
3
3
3
3
3
3
3
3
3
3
3
3
3
3
3
3
3
3
3
3
3
3
3
3
3
3
3
3
3
3
3
3
3
3
3
3
3
3
3
3
3
3
3
3
3
3
3
3
3
3
3
3
3
3
3
3
3
3
3
3
3
3
3
3
3
3
3
3
3
3
3
3
3
3
3
3
3
3
3
3
3
3
3
3
3
3
3
3
3
3
3
3
3
3
3
3
3
3
3
3
3
3
3
3
3
3
3
3
3
3
3
3
3
3
3
3
3
3
3
3
3
3
3
3
3
3
3
3
3
3
3
3
3
3
3
3
3
3
3
3
3
3
3
3
3
3
3
3
3
3
3
3
3
3
3
3
3
3
3
3
3
3
3
3
3
3
3
3
3
3
3
3
3
3
3
3
3
3
3
3
3
3
3
3
3
3
3
3
3
3
3
3
3
3
3
3
3
3
3
3
3
3
3
3
3
3
3
3
3
3
3
3
3
3
3
3
3
3
3
3
3
3
3
3
3
3
3
3
3
3
3
3
3
3
3
3
3
3
3
3
3
3
3
3
3
3
3
3
3
3
3
3
3
3
3
3
3
3
3
3
3
3
3
3
3
3
3
3
3
3
3
3
3
3
3
3
3
3
3
3
3
3
3
3
3
3
3
3
3
3
3
3
3
3
3
3
3
3
3
3
3
3
3
3
3
3
3
3
3
3
3
3
3
3
3
3
3
3
3
3
3
3
3
3
3
3
3
3
3
3
3
3
3
3
3
3
3
3
3
3
3
3
3
3
3
3
3
3
3
3
3
3
3
3
3
3
3
3
3
3
3
3
3
3
3
3
3
3
3
3
3
3
3
3
3
3
3
3
3
3
3
3
3
3
3
3
3
3
3
3
3
3
3
3
3
3
3
3
3
3
3
3
3
3
3
3
3
3
3
3
3
3
3
3
3
3
3
3
3
3
3
3
3
3
3
3
3
3
3
3
3
3
3
3
3
3
3
3
3
3
3
3
3
3
3
3
3
3
3
3
3
3
3
3
3
3
3
3
3
3
3
3
3
3
3
3
3
3
3
3
3
3
3
3
3
3
3
3
3
3
3
3
3
3
3
3
3
3
3
3
3
3
3
3
3
3
3
3
3
3
3
3
3
3
3
3
3
3
3
3
3
3
3
3
3
3
3
3
3
3
3
3
3
3
3
3
3
3
3
3
3
3
3
3
3
3
3
3
3
3
3
3
3
3
3
3
3
3
3
3
3
3
3
3
3
3
3
3
3
3
3
3
3
3
3
3
3
3
3
3
3
3
3
3
3
3
3
3
3
3
3
3
3
3
3
3
3
3
3
3
3
3
3
3
3
3
3
3
3
3
3
3
3
3
3
3
3
3
3
3
3
3
3
3
3
3
3
3
3
3
3
3
3
3
3
3
3
3
3
3
3
3
3
3
3
3
3
3
3
3
3
3
3
3
3
3
3
3
3
3
3
3
3
3
3
3
3
3
3
3
3
3
3
3
3
3
3
3
3
3
3
3
3
3
3
3
3
3
3
3
3
3
3
3
3
3
3
3
3
3
3
3
3
3
3
3
3
3
3
3
3
3
3
3
3
3
3
3
3
3
3
3
3
3
3
3
3
3
3
3
3
3
3
3
3
3
3
3
3
3
3
3
3
3
3
3
3
3
3
3
3
3
3
3
3
3
3
3
3
3
3
3
3
3
3
3
3
3
3
3
3
3
3
3
3
3
3
3
3
3
3
3
3
3
3
3
3
3
3
3
3
3
3
3
3
3
3
3
3
3
3
3
3
3
3
3
3
3
3
3
3
3
3
3
3
3
3
3
3
3
3
3
3
3
3
3
3
3
3
3
3
3
3
3
3
3
3
3
3
3
3
3
3
3
3
3
3
3
3
3
3
3
3
3
3
3
3
3
3
3
3
3
3
3
3
3
3
3
3
3
3
3
3
3
3
3
3
3
3
3
3
3
3
3
3
3
3
3
3
3
3
3
3
3
3
3
3
3
3
3
3
3
3
3
3
3
3
3
3
3
3
3
3
3
3
3
3
3
3
3
3
3
3
3
3
3
3
3
3
3
3
3
3
3
3
3
3
3
3
3
3
3
3
3
3
3
3
3
3
3
3
3
3
3
3
3
3
3
3
3
3
3
3
3
3
3
3
3
3
3
3
3
3
3
3
3
3
3
3
3
3
3
3
3
3
3
3
3
3
3
3
3
3
3
3
3
3
3
3
3
3
3
3
3
3
3
3
3
3
3
3
3
3
3
3
3
3
3
3
3
3
3
3
3
3
3
3
3
3
3
3
3
3
3
3
3
3
3
3
3
3
3
3
3
3
3
3
3
3
3
3
3
3
3
3
3
3
3
3
3
3
3
3
3
3
3
3
3
3
3
3
3
3
3
3
3
3
3
3
3
3
3
3
3
3
3
3
3
3
3
3
3
3
3
3
3
3
3
3
3
3
3
3
3
3
3
3
3
3
3
3
3
3
3
3
3
3
3
3
3
3
3
3
3
3
3
3
3
3
3
3
3
3
3
3
3
3
3
3
3
3
3
3
3
3
3
3
3
3
3
3
3
3
3
3
3
3
3
3
3
3
3
3
3
3
3
3
3
3
3
3
3
3
3
3
3
3
3
3
3
3
3
3
3
3
3
3
3
3
3
3
3
3
3
3
3
3
3
3
3
3
3
3
3
3
3
3
3
3
3
3
3
3
3
3
3
3
3
3
3
3
3
3
3
3
3
3
3
3
3
3
3
3
3
3
3
3
3
3
3
3
3
3
3
3
3
3
3
3
3
3
3
3
3
3
3
3
3
3
3
3
3
3
3
3
3
3
3
3
3
3
3
3
3
3
3
3
3
3
3
3
3
3
3
3
3
3
3
3
3
3
3
3
3
3
3
3
3
3
3
3
3
3
3
3
3
3
3
3
3
3
3
3
3
3
3
3
3
3
3
3
3
3
3
3
3
3
3
3
3
3
3
3
3
3
3
3
3
3
3
3
3
3
3
3
3
3
3
3
3
3
3
3
3
3
3
3
3
3
3
3
3
3
3
3
3
3
3
3
3
3
3
3
3
3
3
3
3
3
3
3
3
3
3
3
3
3
3
3
3
3
3
3
3
3
3
3
3
3
3
3
3
3
3
3
3
3
3
3
3
3
3
3
3
3
3
3
3
3
3
3
3
3
3
3
3
3
3
3
3
3
3
3
3
3
3
3
3
3
3
3
3
3
3
3
3
3
3
3
3
3
3
3
3
3
3
3
3
3
3
3
3
3
3
3
3
3
3
3
3
3
3
3
3
3
3
3
3
3
3
3
3
3
3
3
3
3
3
3
3
3
3
3
3
3
3
3
3
3
3
3
3
3
3
3
3
3
3
3
3
3
3
3
3
3
3
3
3
3
3
3
3
3
3
3
3
3
3
3
3
3
3
3
3
3
3
3
3
3
3
3
3
3
3
3
3
3
3
3
3
3
3
3
3
3
3
3
3
3
3
3
3
3
3
3
3
3
3
3
3
3
3
3
3
3
3
3
3
3
3
3
3
3
3
3
3
3
3
3
3
3
3
3
3
3
3
3
3
3
3
3
3
3
3
3
3
3
3
3
3
3
3
3
3
3
3
3
3
3
3
3
3
3
3
3
3
3
3
3
3
3
3
3
3
3
3
3
3
3
3
3
3
3
3
3
3
3
3
3
3
3
3
3
3
3
3
3
3
3
3
3
3
3
3
3
3
3
3
3
3
3
3
3
3
3
3
3
3
3
3
3
3
3
3
3
3
3
3
3
3
3
3
3
3
3
3
3
3
3
3
3
3
3
3
3
3
3
3
3
3
3
3
3
3
3
3
3
3
3
3
3
3
3
3
3
3
3
3
3
3
3
3
3
3
3
3
3
3
3
3
3
3
3
3
3
3
3
3
3
3
3
3
3
3
3
3
3
3
3
3
3
3
3
3
3
3
3
3
3
3
3
3
3
3
3
3
3
3
3
3
3
3
3
3
3
3
3
3
3
3
3
3
3
3
3
3
3
3
3
3
3
3
3
3
3
3
3
3
3
3
3
3
3
3
3
3
3
3
3
3
3
3
3
3
3
3
3
3
3
3
3
3
3
3
3
3
3
3
3
3
3
3
3
3
3
3
3
3
3
3
3
3
3
3
3
3
3
3
3
3
3
3
3
3
3
3
3
3
3
3
3
3
3
3
3
3
3
3
3
3
3
3
3
3
3
3
3
3
3
3
3
3
3
3
3
3
3
3
3
3
3
3
3
3
3
3
3
3
3
3
3
3
3
3
3
3
3
3
3
3
3
3
3
3
3
3
3
3
3
3
3
3
3
3
3
3
3
3
3
3
3
3
3
3
3
3
3
3
3
3
3
3
3
3
3
3
3
3
3
3
3
3
3
3
3
3
3
3
3
3
3
3
3
3
3
3
3
3
3
3
3
3
3
3
3
3
3
3
3
3
3
3
3
3
3
3
3
3
3
3
3
3
3
3
3
3
3
3
3
3
3
3
3
3
3
3
3
3
3
3
3
3
3
3
3
3
3
3
3
3
3
3
3
3
3
3
3
3
3
3
3
3
3
3
3
3
3
3
3
3
3
3
3
3
3
3
3
3
3
3
3
3
3
3
3
3
3
3
3
3
3
3
3
3
3
3
3
3
3
3
3
3
3
3
3
3
3
3
3
3
3
3
3
3
3
3
3
3
3
3
3
3
3
3
3
3
3
3
3
3
3
3
3
3
3
3
3
3
3
3
3
3
3
3
3
3
3
3
3
3
3
3
3
3
3
3
3
3
3
3
3
3
3
3
3
3
3
3
3
3
3
3
3
3
3
3
3
3
3
3
3
3
3
3
3
3
3
3
3
3
3
3
3
3
3
3
3
3
3
3
3
3
3
3</DataArray><DataArray Name="offsets" type="Int32" Format="ascii">2
4
6
8
10
12
14
16
18
20
22
24
26
28
30
32
34
36
38
40
42
44
46
48
50
52
54
56
58
60
62
64
66
68
70
72
74
76
78
80
82
84
86
88
90
92
94
96
98
100
102
104
106
108
110
112
114
116
118
120
122
124
126
128
130
132
134
136
138
140
142
144
146
148
150
152
154
156
158
160
162
164
166
168
170
172
174
176
178
180
182
184
186
188
190
192
194
196
198
200
202
204
206
208
210
212
214
216
218
220
222
224
226
228
230
232
234
236
238
240
242
244
246
248
250
252
254
256
258
260
262
264
266
268
270
272
274
276
278
280
282
284
286
288
290
292
294
296
298
300
302
304
306
308
310
312
314
316
318
320
322
324
326
328
330
332
334
336
338
340
342
344
346
348
350
352
354
356
358
360
362
364
366
368
370
372
374
376
378
380
382
384
386
388
390
392
394
396
398
400
402
404
406
408
410
412
414
416
418
420
422
424
426
428
430
432
434
436
438
440
442
444
446
448
450
452
454
456
458
460
462
464
466
468
470
472
474
476
478
480
482
484
486
488
490
492
494
496
498
500
502
504
506
508
510
512
514
516
518
520
522
524
526
528
530
532
534
536
538
540
542
544
546
548
550
552
554
556
558
560
562
564
566
568
570
572
574
576
578
580
582
584
586
588
590
592
594
596
598
600
602
604
606
608
610
612
614
616
618
620
622
624
626
628
630
632
634
636
638
640
642
644
646
648
650
652
654
656
658
660
662
664
666
668
670
672
674
676
678
680
682
684
686
688
690
692
694
696
698
700
702
704
706
708
710
712
714
716
718
720
722
724
726
728
730
732
734
736
738
740
742
744
746
748
750
752
754
756
758
760
762
764
766
768
770
772
774
776
778
780
782
784
786
788
790
792
794
796
798
800
802
804
806
808
810
812
814
816
818
820
822
824
826
828
830
832
834
836
838
840
842
844
846
848
850
852
854
856
858
860
862
864
866
868
870
872
874
876
878
880
882
884
886
888
890
892
894
896
898
900
902
904
906
908
910
912
914
916
918
920
922
924
926
928
930
932
934
936
938
940
942
944
946
948
950
952
954
956
958
960
962
964
966
968
970
972
974
976
978
980
982
984
986
988
990
992
994
996
998
1000
1002
1004
1006
1008
1010
1012
1014
1016
1018
1020
1022
1024
1026
1028
1030
1032
1034
1036
1038
1040
1042
1044
1046
1048
1050
1052
1054
1056
1058
1060
1062
1064
1066
1068
1070
1072
1074
1076
1078
1080
1082
1084
1086
1088
1090
1092
1094
1096
1098
1100
1102
1104
1106
1108
1110
1112
1114
1116
1118
1120
1122
1124
1126
1128
1130
1132
1134
1136
1138
1140
1142
1144
1146
1148
1150
1152
1154
1156
1158
1160
1162
1164
1166
1168
1170
1172
1174
1176
1178
1180
1182
1184
1186
1188
1190
1192
1194
1196
1198
1200
1202
1204
1206
1208
1210
1212
1214
1216
1218
1220
1222
1224
1226
1228
1230
1232
1234
1236
1238
1240
1242
1244
1246
1248
1250
1252
1254
1256
1258
1260
1262
1264
1266
1268
1270
1272
1274
1276
1278
1280
1282
1284
1286
1288
1290
1292
1294
1296
1298
1300
1302
1304
1306
1308
1310
1312
1314
1316
1318
1320
1322
1324
1326
1328
1330
1332
1334
1336
1338
1340
1342
1344
1346
1348
1350
1352
1354
1356
1358
1360
1362
1364
1366
1368
1370
1372
1374
1376
1378
1380
1382
1384
1386
1388
1390
1392
1394
1396
1398
1400
1402
1404
1406
1408
1410
1412
1414
1416
1418
1420
1422
1424
1426
1428
1430
1432
1434
1436
1438
1440
1442
1444
1446
1448
1450
1452
1454
1456
1458
1460
1462
1464
1466
1468
1470
1472
1474
1476
1478
1480
1482
1484
1486
1488
1490
1492
1494
1496
1498
1500
1502
1504
1506
1508
1510
1512
1514
1516
1518
1520
1522
1524
1526
1528
1530
1532
1534
1536
1538
1540
1542
1544
1546
1548
1550
1552
1554
1556
1558
1560
1562
1564
1566
1568
1570
1572
1574
1576
1578
1580
1582
1584
1586
1588
1590
1592
1594
1596
1598
1600
1602
1604
1606
1608
1610
1612
1614
1616
1618
1620
1622
1624
1626
1628
1630
1632
1634
1636
1638
1640
1642
1644
1646
1648
1650
1652
1654
1656
1658
1660
1662
1664
1666
1668
1670
1672
1674
1676
1678
1680
1682
1684
1686
1688
1690
1692
1694
1696
1698
1700
1702
1704
1706
1708
1710
1712
1714
1716
1718
1720
1722
1724
1726
1728
1730
1732
1734
1736
1738
1740
1742
1744
1746
1748
1750
1752
1754
1756
1758
1760
1762
1764
1766
1768
1770
1772
1774
1776
1778
1780
1782
1784
1786
1788
1790
1792
1794
1796
1798
1800
1802
1804
1806
1808
1810
1812
1814
1816
1818
1820
1822
1824
1826
1828
1830
1832
1834
1836
1838
1840
1842
1844
1846
1848
1850
1852
1854
1856
1858
1860
1862
1864
1866
1868
1870
1872
1874
1876
1878
1880
1882
1884
1886
1888
1890
1892
1894
1896
1898
1900
1902
1904
1906
1908
1910
1912
1914
1916
1918
1920
1922
1924
1926
1928
1930
1932
1934
1936
1938
1940
1942
1944
1946
1948
1950
1952
1954
1956
1958
1960
1962
1964
1966
1968
1970
1972
1974
1976
1978
1980
1982
1984
1986
1988
1990
1992
1994
1996
1998
2000
2002
2004
2006
2008
2010
2012
2014
2016
2018
2020
2022
2024
2026
2028
2030
2032
2034
2036
2038
2040
2042
2044
2046
2048
2050
2052
2054
2056
2058
2060
2062
2064
2066
2068
2070
2072
2074
2076
2078
2080
2082
2084
2086
2088
2090
2092
2094
2096
2098
2100
2102
2104
2106
2108
2110
2112
2114
2116
2118
2120
2122
2124
2126
2128
2130
2132
2134
2136
2138
2140
2142
2144
2146
2148
2150
2152
2154
2156
2158
2160
2162
2164
2166
2168
2170
2172
2174
2176
2178
2180
2182
2184
2186
2188
2190
2192
2194
2196
2198
2200
2202
2204
2206
2208
2210
2212
2214
2216
2218
2220
2222
2224
2226
2228
2230
2232
2234
2236
2238
2240
2242
2244
2246
2248
2250
2252
2254
2256
2258
2260
2262
2264
2266
2268
2270
2272
2274
2276
2278
2280
2282
2284
2286
2288
2290
2292
2294
2296
2298
2300
2302
2304
2306
2308
2310
2312
2314
2316
2318
2320
2322
2324
2326
2328
2330
2332
2334
2336
2338
2340
2342
2344
2346
2348
2350
2352
2354
2356
2358
2360
2362
2364
2366
2368
2370
2372
2374
2376
2378
2380
2382
2384
2386
2388
2390
2392
2394
2396
2398
2400
2402
2404
2406
2408
2410
2412
2414
2416
2418
2420
2422
2424
2426
2428
2430
2432
2434
2436
2438
2440
2442
2444
2446
2448
2450
2452
2454
2456
2458
2460
2462
2464
2466
2468
2470
2472
2474
2476
2478
2480
2482
2484
2486
2488
2490
2492
2494
2496
2498
2500
2502
2504
2506
2508
2510
2512
2514
2516
2518
2520
2522
2524
2526
2528
2530
2532
2534
2536
2538
2540
2542
2544
2546
2548
2550
2552
2554
2556
2558
2560
2562
2564
2566
2568
2570
2572
2574
2576
2578
2580
2582
2584
2586
2588
2590
2592
2594
2596
2598
2600
2602
2604
2606
2608
2610
2612
2614
2616
2618
2620
2622
2624
2626
2628
2630
2632
2634
2636
2638
2640
2642
2644
2646
2648
2650
2652
2654
2656
2658
2660
2662
2664
2666
2668
2670
2672
2674
2676
2678
2680
2682
2684
2686
2688
2690
2692
2694
2696
2698
2700
2702
2704
2706
2708
2710
2712
2714
2716
2718
2720
2722
2724
2726
2728
2730
2732
2734
2736
2738
2740
2742
2744
2746
2748
2750
2752
2754
2756
2758
2760
2762
2764
2766
2768
2770
2772
2774
2776
2778
2780
2782
2784
2786
2788
2790
2792
2794
2796
2798
2800
2802
2804
2806
2808
2810
2812
2814
2816
2818
2820
2822
2824
2826
2828
2830
2832
2834
2836
2838
2840
2842
2844
2846
2848
2850
2852
2854
2856
2858
2860
2862
2864
2866
2868
2870
2872
2874
2876
2878
2880
2882
2884
2886
2888
2890
2892
2894
2896
2898
2900
2902
2904
2906
2908
2910
2912
2914
2916
2918
2920
2922
2924
2926
2928
2930
2932
2934
2936
2938
2940
2942
2944
2946
2948
2950
2952
2954
2956
2958
2960
2962
2964
2966
2968
2970
2972
2974
2976
2978
2980
2982
2984
2986
2988
2990
2992
2994
2996
2998
3000
3002
3004
3006
3008
3010
3012
3014
3016
3018
3020
3022
3024
3026
3028
3030
3032
3034
3036
3038
3040
3042
3044
3046
3048
3050
3052
3054
3056
3058
3060
3062
3064
3066
3068
3070
3072
3074
3076
3078
3080
3082
3084
3086
3088
3090
3092
3094
3096
3098
3100
3102
3104
3106
3108
3110
3112
3114
3116
3118
3120
3122
3124
3126
3128
3130
3132
3134
3136
3138
3140
3142
3144
3146
3148
3150
3152
3154
3156
3158
3160
3162
3164
3166
3168
3170
3172
3174
3176
3178
3180
3182
3184
3186
3188
3190
3192
3194
3196
3198
3200
3202
3204
3206
3208
3210
3212
3214
3216
3218
3220
3222
3224
3226
3228
3230
3232
3234
3236
3238
3240
3242
3244
3246
3248
3250
3252
3254
3256
3258
3260
3262
3264
3266
3268
3270
3272
3274
3276
3278
3280
3282
3284
3286
3288
3290
3292
3294
3296
3298
3300
3302
3304
3306
3308
3310
3312
3314
3316
3318
3320
3322
3324
3326
3328
3330
3332
3334
3336
3338
3340
3342
3344
3346
3348
3350
3352
3354
3356
3358
3360
3362
3364
3366
3368
3370
3372
3374
3376
3378
3380
3382
3384
3386
3388
3390
3392
3394
3396
3398
3400
3402
3404
3406
3408
3410
3412
3414
3416
3418
3420
3422
3424
3426
3428
3430
3432
3434
3436
3438
3440
3442
3444
3446
3448
3450
3452
3454
3456
3458
3460
3462
3464
3466
3468
3470
3472
3474
3476
3478
3480
3482
3484
3486
3488
3490
3492
3494
3496
3498
3500
3502
3504
3506
3508
3510
3512
3514
3516
3518
3520
3522
3524
3526
3528
3530
3532
3534
3536
3538
3540
3542
3544
3546
3548
3550
3552
3554
3556
3558
3560
3562
3564
3566
3568
3570
3572
3574
3576
3578
3580
3582
3584
3586
3588
3590
3592
3594
3596
3598
3600
3602
3604
3606
3608
3610
3612
3614
3616
3618
3620
3622
3624
3626
3628
3630
3632
3634
3636
3638
3640
3642
3644
3646
3648
3650
3652
3654
3656
3658
3660
3662
3664
3666
3668
3670
3672
3674
3676
3678
3680
3682
3684
3686
3688
3690
3692
3694
3696
3698
3700
3702
3704
3706
3708
3710
3712
3714
3716
3718
3720
3722
3724
3726
3728
3730
3732
3734
3736
3738
3740
3742
3744
3746
3748
3750
3752
3754
3756
3758
3760
3762
3764
3766
3768
3770
3772
3774
3776
3778
3780
3782
3784
3786
3788
3790
3792
3794
3796
3798
3800
3802
3804
3806
3808
3810
3812
3814
3816
3818
3820
3822
3824
3826
3828
3830
3832
3834
3836
3838
3840
3842
3844
3846
3848
3850
3852
3854
3856
3858
3860
3862
3864
3866
3868
3870
3872
3874
3876
3878
3880
3882
3884
3886
3888
3890
3892
3894
3896
3898
3900
3902
3904
3906
3908
3910
3912
3914
3916
3918
3920
3922
3924
3926
3928
3930
3932
3934
3936
3938
3940
3942
3944
3946
3948
3950
3952
3954
3956
3958
3960
3962
3964
3966
3968
3970
3972
3974
3976
3978
3980
3982
3984
3986
3988
3990
3992
3994
3996
3998
4000
4002
4004
4006
4008
4010
4012
4014
4016
4018
4020
4022
4024
4026
4028
4030
4032
4034
4036
4038
4040
4042
4044
4046
4048
4050
4052
4054
4056
4058
4060
4062
4064
4066
4068
4070
4072
4074
4076
4078
4080
4082
4084
4086
4088
4090
4092
4094
4096
4098
4100
4102
4104
4106
4108
4110
4112
4114
4116
4118
4120
4122
4124
4126
4128
4130
4132
4134
4136
4138
4140
4142
4144
4146
4148
4150
4152
4154
4156
4158
4160
4162
4164
4166
4168
4170
4172
4174
4176
4178
4180
4182
4184
4186
4188
4190
4192
4194
4196
4198
4200
4202
4204
4206
4208
4210
4212
4214
4216
4218
4220
4222
4224
4226
4228
4230
4232
4234
4236
4238
4240
4242
4244
4246
4248
4250
4252
4254
4256
4258
4260
4262
4264
4266
4268
4270
4272
4274
4276
4278
4280
4282
4284
4286
4288
4290
4292
4294
4296
4298
4300
4302
4304
4306
4308
4310
4312
4314
4316
4318
4320
4322
4324
4326
4328
4330
4332
4334
4336
4338
4340
4342
4344
4346
4348
4350
4352
4354
4356
4358
4360
4362
4364
4366
4368
4370
4372
4374
4376
4378
4380
4382
4384
4386
4388
4390
4392
4394
4396
4398
4400
4402
4404
4406
4408
4410
4412
4414
4416
4418
4420
4422
4424
4426
4428
4430
4432
4434
4436
4438
4440
4442
4444
4446
4448
4450
4452
4454
4456
4458
4460
4462
4464
4466
4468
4470
4472
4474
4476
4478
4480
4482
4484
4486
4488
4490
4492
4494
4496
4498
4500
4502
4504
4506
4508
4510
4512
4514
4516
4518
4520
4522
4524
4526
4528
4530
4532
4534
4536
4538
4540
4542
4544
4546
4548
4550
4552
4554
4556
4558
4560
4562
4564
4566
4568
4570
4572
4574
4576
4578
4580
4582
4584
4586
4588
4590
4592
4594
4596
4598
4600
4602
4604
4606
4608
4610
4612
4614
4616
4618
4620
4622
4624
4626
4628
4630
4632
4634
4636
4638
4640
4642
4644
4646
4648
4650
4652
4654
4656
4658
4660
4662
4664
4666
4668
4670
4672
4674
4676
4678
4680
4682
4684
4686
4688
4690
4692
4694
4696
4698
4700
4702
4704
4706
4708
4710
4712
4714
4716
4718
4720
4722
4724
4726
4728
4730
4732
4734
4736
4738
4740
4742
4744
4746
4748
4750
4752
4754
4756
4758
4760
4762
4764
4766
4768
4770
4772
4774
4776
4778
4780
4782
4784
4786
4788
4790
4792
4794
4796
4798
4800
4802
4804
4806
4808
4810
4812
4814
4816
4818
4820
4822
4824
4826
4828
4830
4832
4834
4836
4838
4840
4842
4844
4846
4848
4850
4852
4854
4856
4858
4860
4862
4864
4866
4868
4870
4872
4874
4876
4878
4880
4882
4884
4886
4888
4890
4892
4894
4896
4898
4900
4902
4904
4906
4908
4910
4912
4914
4916
4918
4920
4922
4924
4926
4928
4930
4932
4934
4936
4938
4940
4942
4944
4946
4948
4950
4952
4954
4956
4958
4960
4962
4964
4966
4968
4970
4972
4974
4976
4978
4980
4982
4984
4986
4988
4990
4992
4994
4996
4998
5000
5002
5004
5006
5008
5010
5012
5014
5016
5018
5020
5022
5024
5026
5028
5030
5032
5034
5036
5038
5040
5042
5044
5046
5048
5050
5052
5054
5056
5058
5060
5062
5064
5066
5068
5070
5072
5074
5076
5078
5080
5082
5084
5086
5088
5090
5092
5094
5096
5098
5100
5102
5104
5106
5108
5110
5112
5114
5116
5118
5120
5122
5124
5126
5128
5130
5132
5134
5136
5138
5140
5142
5144
5146
5148
5150
5152
5154
5156
5158
5160
5162
5164
5166
5168
5170
5172
5174
5176
5178
5180
5182
5184
5186
5188
5190
5192
5194
5196
5198
5200
5202
5204
5206
5208
5210
5212
5214
5216
5218
5220
5222
5224
5226
5228
5230
5232
5234
5236
5238
5240
5242
5244
5246
5248
5250
5252
5254
5256
5258
5260
5262
5264
5266
5268
5270
5272
5274
5276
5278
5280
5282
5284
5286
5288
5290
5292
5294
5296
5298
5300
5302
5304
5306
5308
5310
5312
5314
5316
5318
5320
5322
5324
5326
5328
5330
5332
5334
5336
5338
5340
5342
5344
5346
5348
5350
5352
5354
5356
5358
5360
5362
5364
5366
5368
5370
5372
5374
5376
5378
5380
5382
5384
5386
5388
5390
5392
5394
5396
5398
5400
5402
5404
5406
5408
5410
5412
5414
5416
5418
5420
5422
5424
5426
5428
5430
5432
5434
5436
5438
5440
5442
5444
5446
5448
5450
5452
5454
5456
5458
5460
5462
5464
5466
5468
5470
5472
5474
5476
5478
5480
5482
5484
5486
5488
5490
5492
5494
5496
5498
5500
5502
5504
5506
5508
5510
5512
5514
5516
5518
5520
5522
5524
5526
5528
5530
5532
5534
5536
5538
5540
5542
5544
5546
5548
5550
5552
5554
5556
5558
5560
5562
5564
5566
5568
5570
5572
5574
5576
5578
5580
5582
5584
5586
5588
5590
5592
5594
5596
5598
5600
5602
5604
5606
5608
5610
5612
5614
5616
5618
5620
5622
5624
5626
5628
5630
5632
5634
5636
5638
5640
5642
5644
5646
5648
5650
5652
5654
5656
5658
5660
5662
5664
5666
5668
5670
5672
5674
5676
5678
5680
5682
5684
5686
5688
5690
5692
5694
5696
5698
5700
5702
5704
5706
5708
5710
5712
5714
5716
5718
5720
5722
5724
5726
5728
5730
5732
5734
5736
5738
5740
5742
5744
5746
5748
5750
5752
5754
5756
5758
5760
5762
5764
5766
5768
5770
5772
5774
5776
5778
5780
5782
5784
5786
5788
5790
5792
5794
5796
5798
5800
5802
5804
5806
5808
5810
5812
5814
5816
5818
5820
5822
5824
5826
5828
5830
5832
5834
5836
5838
5840
5842
5844
5846
5848
5850
5852
5854
5856
5858
5860
5862
5864
5866
5868
5870
5872
5874
5876
5878
5880
5882
5884
5886
5888
5890
5892
5894
5896
5898
5900
5902
5904
5906
5908
5910
5912
5914
5916
5918
5920
5922
5924
5926
5928
5930
5932
5934
5936
5938
5940
5942
5944
5946
5948
5950
5952
5954
5956
5958
5960
5962
5964
5966
5968
5970
5972
5974
5976
5978
5980
5982
5984
5986
5988
5990
5992
5994
5996
5998
6000
6002
6004
6006
6008
6010
6012
6014
6016
6018
6020
6022
6024
6026
6028
6030
6032
6034
6036
6038
6040
6042
6044
6046
6048
6050
6052
6054
6056
6058
6060
6062
6064
6066
6068
6070
6072
6074
6076
6078
6080
6082
6084
6086
6088
6090
6092
6094
6096
6098
6100
6102
6104
6106
6108
6110
6112
6114
6116
6118
6120
6122
6124
6126
6128
6130
6132
6134
6136
6138
6140
6142
6144
6146
6148
6150
6152
6154
6156
6158
6160
6162
6164
6166
6168
6170
6172
6174
6176
6178
6180
6182
6184
6186
6188
6190
6192
6194
6196
6198
6200
6202
6204
6206
6208
6210
6212
6214
6216
6218
6220
6222
6224
6226
6228
6230
6232
6234
6236
6238
6240
6242
6244
6246
6248
6250
6252
6254
6256
6258
6260
6262
6264
6266
6268
6270
6272
6274
6276
6278
6280
6282
6284
6286
6288
6290
6292
6294
6296
6298
6300
6302
6304
6306
6308
6310
6312
6314
6316
6318
6320
6322
6324
6326
6328
6330
6332
6334
6336
6338
6340
6342
6344
6346
6348
6350
6352
6354
6356
6358
6360
6362
6364
6366
6368
6370
6372
6374
6376
6378
6380
6382
6384
6386
6388
6390
6392
6394
6396
6398
6400
6402
6404
6406
6408
6410
6412
6414
6416
6418
6420
6422
6424
6426
6428
6430
6432
6434
6436
6438
6440
6442
6444
6446
6448
6450
6452
6454
6456
6458
6460
6462
6464
6466
6468
6470
6472
6474
6476
6478
6480
6482
6484
6486
6488
6490
6492
6494
6496
6498
6500
6502
6504
6506
6508
6510
6512
6514
6516
6518
6520
6522
6524
6526
6528
6530
6532
6534
6536
6538
6540
6542
6544
6546
6548
6550
6552
6554
6556
6558
6560
6562
6564
6566
6568
6570
6572
6574
6576
6578
6580
6582
6584
6586
6588
6590
6592
6594
6596
6598
6600
6602
6604
6606
6608
6610
6612
6614
6616
6618
6620
6622
6624
6626
6628
6630
6632
6634
6636
6638
6640
6642
6644
6646
6648
6650
6652
6654
6656
6658
6660
6662
6664
6666
6668
6670
6672
6674
6676
6678
6680
6682
6684
6686
6688
6690
6692
6694
6696
6698
6700
6702
6704
6706
6708
6710
6712
6714
6716
6718
6720
6722
6724
6726
6728
6730
6732
6734
6736
6738
6740
6742
6744
6746
6748
6750
6752
6754
6756
6758
6760
6762
6764
6766
6768
6770
6772
6774
6776
6778
6780
6782
6784
6786
6788
6790
6792
6794
6796
6798
6800
6802
6804
6806
6808
6810
6812
6814
6816
6818
6820
6822
6824
6826
6828
6830
6832
6834
6836
6838
6840
6842
6844
6846
6848
6850
6852
6854
6856
6858
6860
6862
6864
6866
6868
6870
6872
6874
6876
6878
6880
6882
6884
6886
6888
6890
6892
6894
6896
6898
6900
6902
6904
6906
6908
6910
6912
6914
6916
6918
6920
6922
6924
6926
6928
6930
6932
6934
6936
6938
6940
6942
6944
6946
6948
6950
6952
6954
6956
6958
6960
6962
6964
6966
6968
6970
6972
6974
6976
6978
6980
6982
6984
6986
6988
6990
6992
6994
6996
6998
7000
7002
7004
7006
7008
7010
7012
7014
7016
7018
7020
7022
7024
7026
7028
7030
7032
7034
7036
7038
7040
7042
7044
7046
7048
7050
7052
7054
7056
7058
7060
7062
7064
7066
7068
7070
7072
7074
7076
7078
7080
7082
7084
7086
7088
7090
7092
7094
7096
7098
7100
7102
7104
7106
7108
7110
7112
7114
7116
7118
7120
7122
7124
7126
7128
7130
7132
7134
7136
7138
7140
7142
7144
7146
7148
7150
7152
7154
7156
7158
7160
7162
7164
7166
7168
7170
7172
7174
7176
7178
7180
7182
7184
7186
7188
7190
7192
7194
7196
7198
7200
7202
7204
7206
7208
7210
7212
7214
7216
7218
7220
7222
7224
7226
7228
7230
7232
7234
7236
7238
7240
7242
7244
7246
7248
7250
7252
7254
7256
7258
7260
7262
7264
7266
7268
7270
7272
7274
7276
7278
7280
7282
7284
7286
7288
7290
7292
7294
7296
7298
7300
7302
7304
7306
7308
7310
7312
7314
7316
7318
7320
7322
7324
7326
7328
7330
7332
7334
7336
7338
7340
7342
7344
7346
7348
7350
7352
7354
7356
7358
7360
7362
7364
7366
7368
7370
7372
7374
7376
7378
7380
7382
7384
7386
7388
7390
7392
7394
7396
7398
7400
7402
7404
7406
7408
7410
7412
7414
7416
7418
7420
7422
7424
7426
7428
7430
7432
7434
7436
7438
7440
7442
7444
7446
7448
7450
7452
7454
7456
7458
7460
7462
7464
7466
7468
7470
7472
7474
7476
7478
7480
7482
7484
7486
7488
7490
7492
7494
7496
7498
7500
7502
7504
7506
7508
7510
7512
7514
7516
7518
7520
7522
7524
7526
7528
7530
7532
7534
7536
7538
7540
7542
7544
7546
7548
7550
7552
7554
7556
7558
7560
7562
7564
7566
7568
7570
7572
7574
7576
7578
7580
7582
7584
7586
7588
7590
7592
7594
7596
7598
7600
7602
7604
7606
7608
7610
7612
7614
7616
7618
7620
7622
7624
7626
7628
7630
7632
7634
7636
7638
7640
7642
7644
7646
7648
7650
7652
7654
7656
7658
7660
7662
7664
7666
7668
7670
7672
7674
7676
7678
7680
7682
7684
7686
7688
7690
7692
7694
7696
7698
7700
7702
7704
7706
7708
7710
7712
7714
7716
7718
7720
7722
7724
7726
7728
7730
7732
7734
7736
7738
7740
7742
7744
7746
7748
7750
7752
7754
7756
7758
7760
7762
7764
7766
7768
7770
7772
7774
7776
7778
7780
7782
7784
7786
7788
7790
7792
7794
7796
7798
7800
7802
7804
7806
7808
7810
7812
7814
7816
7818
7820
7822
7824
7826
7828
7830
7832
7834
7836
7838
7840
7842
7844
7846
7848
7850
7852
7854
7856
7858
7860
7862
7864
7866
7868
7870
7872
7874
7876
7878
7880
7882
7884
7886
7888
7890
7892
7894
7896
7898
7900
7902
7904
7906
7908
7910
7912
7914
7916
7918
7920
7922
7924
7926
7928
7930
7932
7934
7936
7938
7940
7942
7944
7946
7948
7950
7952
7954
7956
7958
7960
7962
7964
7966
7968
7970
7972
7974
7976
7978
7980
7982
7984
7986
7988
7990
7992
7994
7996
7998
8000
8002
8004
8006
8008
8010
8012
8014
8016
8018
8020
8022
8024
8026
8028
8030
8032
8034
8036
8038
8040
8042
8044
8046
8048
8050
8052
8054
8056
8058
8060
8062
8064
8066
8068
8070
8072
8074
8076
8078
8080
8082
8084
8086
8088
8090
8092
8094
8096
8098
8100
8102
8104
8106
8108
8110
8112
8114
8116
8118
8120
8122
8124
8126
8128
8130
8132
8134
8136
8138
8140
8142
8144
8146
8148
8150
8152
8154
8156
8158
8160
8162
8164
8166
8168
8170
8172
8174
8176
8178
8180
8182
8184
8186
8188
8190
8192
8194
8196
8198
8200
8202
8204
8206
8208
8210
8212
8214
8216
8218
8220
8222
8224
8226
8228
8230
8232
8234
8236
8238
8240
8242
8244
8246
8248
8250
8252
8254
8256
8258
8260
8262
8264
8266
8268
8270
8272
8274
8276
8278
8280
8282
8284
8286
8288
8290
8292
8294
8296
8298
8300
8302
8304
8306
8308
8310
8312
8314
8316
8318
8320
8322
8324
8326
8328
8330
8332
8334
8336
8338
8340
8342
8344
8346
8348
8350
8352
8354
8356
8358
8360
8362
8364
8366
8368
8370
8372
8374
8376
8378
8380
8382
8384
8386
8388
8390
8392
8394
8396
8398
8400
8402
8404
8406
8408
8410
8412
8414
8416
8418
8420
8422
8424
8426
8428
8430
8432
8434
8436
8438
8440
8442
8444
8446
8448
8450
8452
8454
8456
8458
8460
8462
8464
8466
8468
8470
8472
8474
8476
8478
8480
8482
8484
8486
8488
8490
8492
8494
8496
8498
8500
8502
8504
8506
8508
8510
8512
8514
8516
8518
8520
8522
8524
8526
8528
8530
8532
8534
8536
8538
8540
8542
8544
8546
8548
8550
8552
8554
8556
8558
8560
8562
8564
8566
8568
8570
8572
8574
8576
8578
8580
8582
8584
8586
8588
8590
8592
8594
8596
8598
8600
8602
8604
8606
8608
8610
8612
8614
8616
8618
8620
8622
8624
8626
8628
8630
8632
8634
8636
8638
8640
8642
8644
8646
8648
8650
8652
8654
8656
8658
8660
8662
8664
8666
8668
8670
8672
8674
8676
8678
8680
8682
8684
8686
8688
8690
8692
8694
8696
8698
8700
8702
8704
8706
8708
8710
8712
8714
8716
8718
8720
8722
8724
8726
8728
8730
8732
8734
8736
8738
8740
8742
8744
8746
8748
8750
8752
8754
8756
8758
8760
8762
8764
8766
8768
8770
8772
8774
8776
8778
8780
8782
8784
8786
8788
8790
8792
8794
8796
8798
8800
8802
8804
8806
8808
8810
8812
8814
8816
8818
8820
8822
8824
8826
8828
8830
8832
8834
8836
8838
8840
8842
8844
8846
8848
8850
8852
8854
8856
8858
8860
8862
8864
8866
8868
8870
8872
8874
8876
8878
8880
8882
8884
8886
8888
8890
8892
8894
8896
8898
8900
8902
8904
8906
8908
8910
8912
8914
8916
8918
8920
8922
8924
8926
8928
8930
8932
8934
8936
8938
8940
8942
8944
8946
8948
8950
8952
8954
8956
8958
8960
8962
8964
8966
8968
8970
8972
8974
8976
8978
8980
8982
8984
8986
8988
8990
8992
8994
8996
8998
9000
9002
9004
9006
9008
9010
9012
9014
9016
9018
9020
9022
9024
9026
9028
9030
9032
9034
9036
9038
9040
9042
9044
9046
9048
9050
9052
9054
9056
9058
9060
9062
9064
9066
9068
9070
9072
9074
9076
9078
9080
9082
9084
9086
9088
9090
9092
9094
9096
9098
9100
9102
9104
9106
9108
9110
9112
9114
9116
9118
9120
9122
9124
9126
9128
9130
9132
9134
9136
9138
9140
9142
9144
9146
9148
9150
9152
9154
9156
9158
9160
9162
9164
9166
9168
9170
9172
9174
9176
9178
9180
9182
9184
9186
9188
9190
9192
9194
9196
9198
9200
9202
9204
9206
9208
9210
9212
9214
9216
9218
9220
9222
9224
9226
9228
9230
9232
9234
9236
9238
9240
9242
9244
9246
9248
9250
9252
9254
9256
9258
9260
9262
9264
9266
9268
9270
9272
9274
9276
9278
9280
9282
9284
9286
9288
9290
9292
9294
9296
9298
9300
9302
9304
9306
9308
9310
9312
9314
9316
9318
9320
9322
9324
9326
9328
9330
9332
9334
9336
9338
9340
9342
9344
9346
9348
9350
9352
9354
9356
9358
9360
9362
9364
9366
9368
9370
9372
9374
9376
9378
9380
9382
9384
9386
9388
9390
9392
9394
9396
9398
9400
9402
9404
9406
9408
9410
9412
9414
9416
9418
9420
9422
9424
9426
9428
9430
9432
9434
9436
9438
9440
9442
9444
9446
9448
9450
9452
9454
9456
9458
9460
9462
9464
9466
9468
9470
9472
9474
9476
9478
9480
9482
9484
9486
9488
9490
9492
9494
9496
9498
9500
9502
9504
9506
9508
9510
9512
9514
9516
9518
9520
9522
9524
9526
9528
9530
9532
9534
9536
9538
9540
9542
9544
9546
9548
9550
9552
9554
9556
9558
9560
9562
9564
9566
9568
9570
9572
9574
9576
9578
9580
9582
9584
9586
9588
9590
9592
9594
9596
9598
9600
9602
9604
9606
9608
9610
9612
9614
9616
9618
9620
9622
9624
9626
9628
9630
9632
9634
9636
9638
9640
9642
9644
9646
9648
9650
9652
9654
9656
9658
9660
9662
9664
9666
9668
9670
9672
9674
9676
9678
9680
9682
9684
9686
9688
9690
9692
9694
9696
9698
9700
9702
9704
9706
9708
9710
9712
9714
9716
9718
9720
9722
9724
9726
9728
9730
9732
9734
9736
9738
9740
9742
9744
9746
9748
9750
9752
9754
9756
9758
9760
9762
9764
9766
9768
9770
9772
9774
9776
9778
9780
9782
9784
9786
9788
9790
9792
9794
9796
9798
9800
9802
9804
9806
9808
9810
9812
9814
9816
9818
9820
9822
9824
9826
9828
9830
9832
9834
9836
9838
9840
9842
9844
9846
9848
9850
9852
9854
9856
9858
9860
9862
9864
9866
9868
9870
9872
9874
9876
9878
9880
9882
9884
9886
9888
9890
9892
9894
9896
9898
9900
9902
9904
9906
9908
9910
9912
9914
9916
9918
9920
9922
9924
9926
9928
9930
9932
9934
9936
9938
9940
9942
9944
9946
9948
9950
9952
9954
9956
9958
9960
9962
9964
9966
9968
9970
9972
9974
9976
9978
9980
9982
9984
9986
9988
9990
9992
9994
9996
9998
10000
10002
10004
10006
10008
10010
10012
10014
10016
10018
10020
10022
10024
10026
10028
10030
10032
10034
10036
10038
10040
10042
10044
10046
10048
10050
10052
10054
10056
10058
10060
10062
10064
10066
10068
10070
10072
10074
10076
10078
10080
10082
10084
10086
10088
10090
10092
10094
10096
10098
10100
10102
10104
10106
10108
10110
10112
10114
10116
10118
10120
10122
10124
10126
10128
10130
10132
10134
10136
10138
10140
10142
10144
10146
10148
10150
10152
10154
10156
10158
10160
10162
10164
10166
10168
10170
10172
10174
10176
10178
10180
10182
10184
10186
10188
10190
10192
10194
10196
10198
10200
10202
10204
10206
10208
10210
10212
10214
10216
10218
10220
10222
10224
10226
10228
10230
10232
10234
10236
10238
10240
10242
10244
10246
10248
10250
10252
10254
10256
10258
10260
10262
10264
10266
10268
10270
10272
10274
10276
10278
10280
10282
10284
10286
10288
10290
10292
10294
10296
10298
10300
10302
10304
10306
10308
10310
10312
10314
10316
10318
10320
10322
10324
10326
10328
10330
10332
10334
10336
10338
10340
10342
10344
10346
10348
10350
10352
10354
10356
10358
10360
10362
10364
10366
10368
10370
10372
10374
10376
10378
10380
10382
10384
10386
10388
10390
10392
10394
10396
10398
10400
10402
10404
10406
10408
10410
10412
10414
10416
10418
10420
10422
10424
10426
10428
10430
10432
10434
10436
10438
10440
10442
10444
10446
10448
10450
10452
10454
10456
10458
10460
10462
10464
10466
10468
10470
10472
10474
10476
10478
10480
10482
10484
10486
10488
10490
10492
10494
10496
10498
10500
10502
10504
10506
10508
10510
10512
10514
10516
10518
10520
10522
10524
10526
10528
10530
10532
10534
10536
10538
10540
10542
10544
10546
10548
10550
10552
10554
10556
10558
10560
10562
10564
10566
10568
10570
10572
10574
10576
10578
10580
10582
10584
10586
10588
10590
10592
10594
10596
10598
10600
10602
10604
10606
10608
10610
10612
10614
10616
10618
10620
10622
10624
10626
10628
10630
10632
10634
10636
10638
10640
10642
10644
10646
10648
10650
10652
10654
10656
10658
10660
10662
10664
10666
10668
10670
10672
10674
10676
10678
10680
10682
10684
10686
10688
10690
10692
10694
10696
10698
10700
10702
10704
10706
10708
10710
10712
10714
10716
10718
10720
10722
10724
10726
10728
10730
10732
10734
10736
10738
10740
10742
10744
10746
10748
10750
10752
10754
10756
10758
10760
10762
10764
10766
10768
10770
10772
10774
10776
10778
10780
10782
10784
10786
10788
10790
10792
10794
10796
10798
10800
10802
10804
10806
10808
10810
10812
10814
10816
10818
10820
10822
10824
10826
10828
10830
10832
10834
10836
10838
10840
10842
10844
10846
10848
10850
10852
10854
10856
10858
10860
10862
10864
10866
10868
10870
10872
10874
10876
10878
10880
10882
10884
10886
10888
10890
10892
10894
10896
10898
10900
10902
10904
10906
10908
10910
10912
10914
10916
10918
10920
10922
10924
10926
10928
10930
10932
10934
10936
10938
10940
10942
10944
10946
10948
10950
10952
10954
10956
10958
10960
10962
10964
10966
10968
10970
10972
10974
10976
10978
10980
10982
10984
10986
10988
10990
10992
10994
10996
10998
11000
11002
11004
11006
11008
11010
11012
11014
11016
11018
11020
11022
11024
11026
11028
11030
11032
11034
11036
11038
11040
11042
11044
11046
11048
11050
11052
11054
11056
11058
11060
11062
11064
11066
11068
11070
11072
11074
11076
11078
11080
11082
11084
11086
11088
11090
11092
11094
11096
11098
11100
11102
11104
11106
11108
11110
11112
11114
11116
11118
11120
11122
11124
11126
11128
11130
11132
11134
11136
11138
11140
11142
11144
11146
11148
11150
11152
11154
11156
11158
11160
11162
11164
11166
11168
11170
11172
11174
11176
11178
11180
11182
11184
11186
11188
11190
11192
11194
11196
11198
11200
11202
11204
11206
11208
11210
11212
11214
11216
11218
11220
11222
11224
11226
11228
11230
11232
11234
11236
11238
11240
11242
11244
11246
11248
11250
11252
11254
11256
11258
11260
11262
11264
11266
11268
11270
11272
11274
11276
11278
11280
11282
11284
11286
11288
11290
11292
11294
11296
11298
11300
11302
11304
11306
11308
11310
11312
11314
11316
11318
11320
11322
11324
11326
11328
11330
11332
11334
11336
11338
11340
11342
11344
11346
11348
11350
11352
11354
11356
11358
11360
11362
11364
11366
11368
11370
11372
11374
11376
11378
11380
11382
11384
11386
11388
11390
11392
11394
11396
11398
11400
11402
11404
11406
11408
11410
11412
11414
11416
11418
11420
11422
11424
11426
11428
11430
11432
11434
11436
11438
11440
11442
11444
11446
11448
11450
11452
11454
11456
11458
11460
11462
11464
11466
11468
11470
11472
11474
11476
11478
11480
11482
11484
11486
11488
11490
11492
11494
11496
11498
11500
11502
11504
11506
11508
11510
11512
11514
11516
11518
11520
11522
11524
11526
11528
11530
11532
11534
11536
11538
11540
11542
11544
11546
11548
11550
11552
11554
11556
11558
11560
11562
11564
11566
11568
11570
11572
11574
11576
11578
11580
11582
11584
11586
11588
11590
11592
11594
11596
11598
11600
11602
11604
11606
11608
11610
11612
11614
11616
11618
11620
11622
11624
11626
11628
11630
11632
11634
11636
11638
11640
11642
11644
11646
11648
11650
11652
11654
11656
11658
11660
11662
11664
11666
11668
11670
11672
11674
11676
11678
11680
11682
11684
11686
11688
11690
11692
11694
11696
11698
11700
11702
11704
11706
11708
11710
11712
11714
11716
11718
11720
11722
11724
11726
11728
11730
11732
11734
11736
11738
11740
11742
11744
11746
11748
11750
11752
11754
11756
11758
11760
11762
11764
11766
11768
11770
11772
11774
11776
11778
11780
11782
11784
11786
11788
11790
11792
11794
11796
11798
11800
11802
11804
11806
11808
11810
11812
11814
11816
11818
11820
11822
11824
11826
11828
11830
11832
11834
11836
11838
11840
11842
11844
11846
11848
11850
11852
11854
11856
11858
11860
11862
11864
11866
11868
11870
11872
11874
11876
11878
11880
11882
11884
11886
11888
11890
11892
11894
11896
11898
11900
11902
11904
11906
11908
11910
11912
11914
11916
11918
11920
11922
11924
11926
11928
11930
11932
11934
11936
11938
11940
11942
11944
11946
11948
11950
11952
11954
11956
11958
11960
11962
11964
11966
11968
11970
11972
11974
11976
11978
11980
11982
11984
11986
11988
11990
11992
11994
11996
11998
12000
12002
12004
12006
12008
12010
12012
12014
12016
12018
12020
12022
12024
12026
12028
12030
12032
12034
12036
12038
12040
12042
12044
12046
12048
12050
12052
12054
12056
12058
12060
12062
12064
12066
12068
12070
12072
12074
12076
12078
12080
12082
12084
12086
12088
12090
12092
12094
12096
12098
12100
12102
12104
12106
12108
12110
12112
12114
12116
12118
12120
12122
12124
12126
12128
12130
12132
12134
12136
12138
12140
12142
12144
12146
12148
12150
12152
12154
12156
12158
12160
12162
12164
12166
12168
12170
12172
12174
12176
12178
12180
12182
12184
12186
12188
12190
12192
12194
12196
12198
12200
12202
12204
12206
12208
12210
12212
12214
12216
12218
12220
12222
12224
12226
12228
12230
12232
12234
12236
12238
12240
12242
12244
12246
12248
12250
12252
12254
12256
12258
12260
12262
12264
12266
12268
12270
12272
12274
12276
12278
12280
12282
12284
12286
12288
12290
12292
12294
12296
12298
12300
12302
12304
12306
12308
12310
12312
12314
12316
12318
12320
12322
12324
12326
12328
12330
12332
12334
12336
12338
12340
12342
12344
12346
12348
12350
12352
12354
12356
12358
12360
12362
12364
12366
12368
12370
12372
12374
12376
12378
12380
12382
12384
12386
12388
12390
12392
12394
12396
12398
12400
12402
12404
12406
12408
12410
12412
12414
12416
12418
12420
12422
12424
12426
12428
12430
12432
12434
12436
12438
12440
12442
12444
12446
12448
12450
12452
12454
12456
12458
12460
12462
12464
12466
12468
12470
12472
12474
12476
12478
12480
12482
12484
12486
12488
12490
12492
12494
12496
12498
12500
12502
12504
12506
12508
12510
12512
12514
12516
12518
12520
12522
12524
12526
12528
12530
12532
12534
12536
12538
12540
12542
12544
12546
12548
12550
12552
12554
12556
12558
12560
12562
12564
12566
12568
12570
12572
12574
12576
12578
12580
12582
12584
12586
12588
12590
12592
12594
12596
12598
12600
12602
12604
12606
12608
12610
12612
12614
12616
12618
12620
12622
12624
12626
12628
12630
12632
12634
12636
12638
12640
12642
12644
12646
12648
12650
12652
12654
12656
12658
12660
12662
12664
12666
12668
12670
12672
12674
12676
12678
12680
12682
12684
12686
12688
12690
12692
12694
12696
12698
12700
12702
12704
12706
12708
12710
12712
12714
12716
12718
12720
12722
12724
12726
12728
12730
12732
12734
12736
12738
12740
12742
12744
12746
12748
12750
12752
12754
12756
12758
12760
12762
12764
12766
12768
12770
12772
12774
12776
12778
12780
12782
12784
12786
12788
12790
12792
12794
12796
12798
12800
12802
12804
12806
12808
12810
12812
12814
12816
12818
12820
12822
12824
12826
12828
12830
12832
12834
12836
12838
12840
12842
12844
12846
12848
12850
12852
12854
12856
12858
12860
12862
12864
12866
12868
12870
12872
12874
12876
12878
12880
12882
12884
12886
12888
12890
12892
12894
12896
12898
12900
12902
12904
12906
12908
12910
12912
12914
12916
12918
12920
12922
12924
12926
12928
12930
12932
12934
12936
12938
12940
12942
12944
12946
12948
12950
12952
12954
12956
12958
12960
12962
12964
12966
12968
12970
12972
12974
12976
12978
12980
12982
12984
12986
12988
12990
12992
12994
12996
12998
13000
13002
13004
13006
13008
13010
13012
13014
13016
13018
13020
13022
13024
13026
13028
13030
13032
13034
13036
13038
13040
13042
13044
13046
13048
13050
13052
13054
13056
13058
13060
13062
13064
13066
13068
13070
13072
13074
13076
13078
13080
13082
13084
13086
13088
13090
13092
13094
13096
13098
13100
13102
13104
13106
13108
13110
13112
13114
13116
13118
13120
13122
13124
13126
13128
13130
13132
13134
13136
13138
13140
13142
13144
13146
13148
13150
13152
13154
13156
13158
13160
13162
13164
13166
13168
13170
13172
13174
13176
13178
13180
13182
13184
13186
13188
13190
13192
13194
13196
13198
13200
13202
13204
13206
13208
13210
13212
13214
13216
13218
13220
13222
13224
13226
13228
13230
13232
13234
13236
13238
13240
13242
13244
13246
13248
13250
13252
13254
13256
13258
13260
13262
13264
13266
13268
13270
13272
13274
13276
13278
13280
13282
13284
13286
13288
13290
13292
13294
13296
13298
13300
13302
13304
13306
13308
13310
13312
13314
13316
13318
13320
13322
13324
13326
13328
13330
13332
13334
13336
13338
13340
13342
13344
13346
13348
13350
13352
13354
13356
13358
13360
13362
13364
13366
13368
13370
13372
13374
13376
13378
13380
13382
13384
13386
13388
13390
13392
13394
13396
13398
13400
13402
13404
13406
13408
13410
13412
13414
13416
13418
13420
13422
13424
13426
13428
13430
13432
13434
13436
13438
13440
13442
13444
13446
13448
13450
13452
13454
13456
13458
13460
13462
13464
13466
13468
13470
13472
13474
13476
13478
13480
13482
13484
13486
13488
13490
13492
13494
13496
13498
13500
13502
13504
13506
13508
13510
13512
13514
13516
13518
13520
13522
13524
13526
13528
13530
13532
13534
13536
13538
13540
13542
13544
13546
13548
13550
13552
13554
13556
13558
13560
13562
13564
13566
13568
13570
13572
13574
13576
13578
13580
13582
13584
13586
13588
13590
13592
13594
13596
13598
13600
13602
13604
13606
13608
13610
13612
13614
13616
13618
13620
13622
13624
13626
13628
13630
13632
13634
13636
13638
13640
13642
13644
13646
13648
13650
13652
13654
13656
13658
13660
13662
13664
13666
13668
13670
13672
13674
13676
13678
13680
13682
13684
13686
13688
13690
13692
13694
13696
13698
13700
13702
13704
13706
13708
13710
13712
13714
13716
13718
13720
13722
13724
13726
13728
13730
13732
13734
13736
13738
13740
13742
13744
13746
13748
13750
13752
13754
13756
13758
13760
13762
13764
13766
13768
13770
13772
13774
13776
13778
13780
13782
13784
13786
13788
13790
13792
13794
13796
13798
13800
13802
13804
13806
13808
13810
13812
13814
13816
13818
13820
13822
13824
13826
13828
13830
13832
13834
13836
13838
13840
13842
13844
13846
13848
13850
13852
13854
13856
13858
13860
13862
13864
13866
13868
13870
13872
13874
13876
13878
13880
13882
13884
13886
13888
13890
13892
13894
13896
13898
13900
13902
13904
13906
13908
13910
13912
13914
13916
13918
13920
13922
13924
13926
13928
13930
13932
13934
13936
13938
13940
13942
13944
13946
13948
13950
13952
13954
13956
13958
13960
13962
13964
13966
13968
13970
13972
13974
13976
13978
13980
13982
13984
13986
13988
13990
13992
13994
13996
13998
14000
14002
14004
14006
14008
14010
14012
14014
14016
14018
14020
14022
14024
14026
14028
14030
14032
14034
14036
14038
14040
14042
14044
14046
14048
14050
14052
14054
14056
14058
14060
14062
14064
14066
14068
14070
14072
14074
14076
14078
14080
14082
14084
14086
14088
14090
14092
14094
14096
14098
14100
14102
14104
14106
14108
14110
14112
14114
14116
14118
14120
14122
14124
14126
14128
14130
14132
14134
14136
14138
14140
14142
14144
14146
14148
14150
14152
14154
14156
14158
14160
14162
14164
14166
14168
14170
14172
14174
14176
14178
14180
14182
14184
14186
14188
14190
14192
14194
14196
14198
14200
14202
14204
14206
14208
14210
14212
14214
14216
14218
14220
14222
14224
14226
14228
14230
14232
14234
14236
14238
14240
14242
14244
14246
14248
14250
14252
14254
14256
14258
14260
14262
14264
14266
14268
14270
14272
14274
14276
14278
14280
14282
14284
14286
14288
14290
14292
14294
14296
14298
14300
14302
14304
14306
14308
14310
14312
14314
14316
14318
14320
14322
14324
14326
14328
14330
14332
14334
14336
14338
14340
14342
14344
14346
14348
14350
14352
14354
14356
14358
14360
14362
14364
14366
14368
14370
14372
14374
14376
14378
14380
14382
14384
14386
14388
14390
14392
14394
14396
14398
14400
14402
14404
14406
14408
14410
14412
14414
14416
14418
14420
14422
14424
14426
14428
14430
14432
14434
14436
14438
14440
14442
14444
14446
14448
14450
14452
14454
14456
14458
14460
14462
14464
14466
14468
14470
14472
14474
14476
14478
14480
14482
14484
14486
14488
14490
14492
14494
14496
14498
14500
14502
14504
14506
14508
14510
14512
14514
14516
14518
14520
14522
14524
14526
14528
14530
14532
14534
14536
14538
14540
14542
14544
14546
14548
14550
14552
14554
14556
14558
14560
14562
14564
14566
14568
14570
14572
14574
14576
14578
14580
14582
14584
14586
14588
14590
14592
14594
14596
14598
14600
14602
14604
14606
14608
14610
14612
14614
14616
14618
14620
14622
14624
14626
14628
14630
14632
14634
14636
14638
14640
14642
14644
14646
14648
14650
14652
14654
14656
14658
14660
14662
14664
14666
14668
14670
14672
14674
14676
14678
14680
14682
14684
14686
14688
14690
14692
14694
14696
14698
14700
14702
14704
14706
14708
14710
14712
14714
14716
14718
14720
14722
14724
14726
14728
14730
14732
14734
14736
14738
14740
14742
14744
14746
14748
14750
14752
14754
14756
14758
14760
14762
14764
14766
14768
14770
14772
14774
14776
14778
14780
14782
14784
14786
14788
14790
14792
14794
14796
14798
14800
14802
14804
14806
14808
14810
14812
14814
14816
14818
14820
14822
14824
14826
14828
14830
14832
14834
14836
14838
14840
14842
14844
14846
14848
14850
14852
14854
14856
14858
14860
14862
14864
14866
14868
14870
14872
14874
14876
14878
14880
14882
14884
14886
14888
14890
14892
14894
14896
14898
14900
14902
14904
14906
14908
14910
14912
14914
14916
14918
14920
14922
14924
14926
14928
14930
14932
14934
14936
14938
14940
14942
14944
14946
14948
14950
14952
14954
14956
14958
14960
14962
14964
14966
14968
14970
14972
14974
14976
14978
14980
14982
14984
14986
14988
14990
14992
14994
14996
14998
15000
15002
15004
15006
15008
15010
15012
15014
15016
15018
15020
15022
15024
15026
15028
15030
15032
15034
15036
15038
15040
15042
15044
15046
15048
15050
15052
15054
15056
15058
15060
15062
15064
15066
15068
15070
15072
15074
15076
15078
15080
15082
15084
15086
15088
15090
15092
15094
15096
15098
15100
15102
15104
15106
15108
15110
15112
15114
15116
15118
15120
15122
15124
15126
15128
15130
15132
15134
15136
15138
15140
15142
15144
15146
15148
15150
15152
15154
15156
15158
15160
15162
15164
15166
15168
15170
15172
15174
15176
15178
15180
15182
15184
15186
15188
15190
15192
15194
15196
15198
15200
15202
15204
15206
15208
15210
15212
15214
15216
15218
15220
15222
15224
15226
15228
15230
15232
15234
15236
15238
15240
15242
15244
15246
15248
15250
15252
15254
15256
15258
15260
15262
15264
15266
15268
15270
15272
15274
15276
15278
15280
15282
15284
15286
15288
15290
15292
15294
15296
15298
15300
15302
15304
15306
15308
15310
15312
15314
15316
15318
15320
15322
15324
15326
15328
15330
15332
15334
15336
15338
15340
15342
15344
15346
15348
15350
15352
15354
15356
15358
15360
15362
15364
15366
15368
15370
15372
15374
15376
15378
15380
15382
15384
15386
15388
15390
15392
15394
15396
15398
15400
15402
15404
15406
15408
15410
15412
15414
15416
15418
15420
15422
15424
15426
15428
15430
15432
15434
15436
15438
15440
15442
15444
15446
15448
15450
15452
15454
15456
15458
15460
15462
15464
15466
15468
15470
15472
15474
15476
15478
15480
15482
15484
15486
15488
15490
15492
15494
15496
15498
15500
15502
15504
15506
15508
15510
15512
15514
15516
15518
15520
15522
15524
15526
15528
15530
15532
15534
15536
15538
15540
15542
15544
15546
15548
15550
15552
15554
15556
15558
15560
15562
15564
15566
15568
15570
15572
15574
15576
15578
15580
15582
15584
15586
15588
15590
15592
15594
15596
15598
15600
15602
15604
15606
15608
15610
15612
15614
15616
15618
15620
15622
15624
15626
15628
15630
15632
15634
15636
15638
15640
15642
15644
15646
15648
15650
15652
15654
15656
15658
15660
15662
15664
15666
15668
15670
15672
15674
15676
15678
15680
15682
15684
15686
15688
15690
15692
15694
15696
15698
15700
15702
15704
15706
15708
15710
15712
15714
15716
15718
15720
15722
15724
15726
15728
15730
15732
15734
15736
15738
15740
15742
15744
15746
15748
15750
15752
15754
15756
15758
15760
15762
15764
15766
15768
15770
15772
15774
15776
15778
15780
15782
15784
15786
15788
15790
15792
15794
15796
15798
15800
15802
15804
15806
15808
15810
15812
15814
15816
15818
15820
15822
15824
15826
15828
15830
15832
15834
15836
15838
15840
15842
15844
15846
15848
15850
15852
15854
15856
15858
15860
15862
15864
15866
15868
15870
15872
15874
15876
15878
15880
15882
15884
15886
15888
15890
15892
15894
15896
15898
15900
15902
15904
15906
15908
15910
15912
15914
15916
15918
15920
15922
15924
15926
15928
15930
15932
15934
15936
15938
15940
15942
15944
15946
15948
15950
15952
15954
15956
15958
15960
15962
15964
15966
15968
15970
15972
15974
15976
15978
15980
15982
15984
15986
15988
15990
15992
15994
15996
15998
16000
16002
16004
16006
16008
16010
16012
16014
16016
16018
16020
16022
16024
16026
16028
16030
16032
16034
16036
16038
16040
16042
16044
16046
16048
16050
16052
16054
16056
16058
16060
16062
16064
16066
16068
16070
16072
16074
16076
16078
16080
16082
16084
16086
16088
16090
16092
16094
16096
16098
16100
16102
16104
16106
16108
16110
16112
16114
16116
16118
16120
16122
16124
16126
16128
16130
16132
16134
16136
16138
16140
16142
16144
16146
16148
16150
16152
16154
16156
16158
16160
16162
16164
16166
16168
16170
16172
16174
16176
16178
16180
16182
16184
16186
16188
16190
16192
16194
16196
16198
16200
16202
16204
16206
16208
16210
16212
16214
16216
16218
16220
16222
16224
16226
16228
16230
16232
16234
16236
16238
16240
16242
16244
16246
16248
16250
16252
16254
16256
16258
16260
16262
16264
16266
16268
16270
16272
16274
16276
16278
16280
16282
16284
16286
16288
16290
16292
16294
16296
16298
16300
16302
16304
16306
16308
16310
16312
16314
16316
16318
16320
16322
16324
16326
16328
16330
16332
16334
16336
16338
16340
16342
16344
16346
16348
16350
16352
16354
16356
16358
16360
16362
16364
16366
16368
16370
16372
16374
16376
16378
16380
16382
16384
16386
16388
16390
16392
16394
16396
16398
16400
16402
16404
16406
16408
16410
16412
16414
16416
16418
16420
16422
16424
16426
16428
16430
16432
16434
16436
16438
16440
16442
16444
16446
16448
16450
16452
16454
16456
16458
16460
16462
16464
16466
16468
16470
16472
16474
16476
16478
16480
16482
16484
16486
16488
16490
16492
16494
16496
16498
16500
16502
16504
16506
16508
16510
16512
16514
16516
16518
16520
16522
16524
16526
16528
16530
16532
16534
16536
16538
16540
16542
16544
16546
16548
16550
16552
16554
16556
16558
16560
16562
16564
16566
16568
16570
16572
16574
16576
16578
16580
16582
16584
16586
16588
16590
16592
16594
16596
16598
16600
16602
16604
16606
16608
16610
16612
16614
16616
16618
16620
16622
16624
16626
16628
16630
16632
16634
16636
16638
16640
16642
16644
16646
16648
16650
16652
16654
16656
16658
16660
16662
16664
16666
16668
16670
16672
16674
16676
16678
16680
16682
16684
16686
16688
16690
16692
16694
16696
16698
16700
16702
16704
16706
16708
16710
16712
16714
16716
16718
16720
16722
16724
16726
16728
16730
16732
16734
16736
16738
16740
16742
16744
16746
16748
16750
16752
16754
16756
16758
16760
16762
16764
16766
16768
16770
16772
16774
16776
16778
16780
16782
16784
16786
16788
16790
16792
16794
16796
16798
16800
16802
16804
16806
16808
16810
16812
16814
16816
16818
16820
16822
16824
16826
16828
16830
16832
16834
16836
16838
16840
16842
16844
16846
16848
16850
16852
16854
16856
16858
16860
16862
16864
16866
16868
16870
16872
16874
16876
16878
16880
16882
16884
16886
16888
16890
16892
16894
16896
16898
16900
16902
16904
16906
16908
16910
16912
16914
16916
16918
16920
16922
16924
16926
16928
16930
16932
16934
16936
16938
16940
16942
16944
16946
16948
16950
16952
16954
16956
16958
16960
16962
16964
16966
16968
16970
16972
16974
16976
16978
16980
16982
16984
16986
16988
16990
16992
16994
16996
16998
17000
17002
17004
17006
17008
17010
17012
17014
17016
17018
17020
17022
17024
17026
17028
17030
17032
17034
17036
17038
17040
17042
17044
17046
17048
17050
17052
17054
17056
17058
17060
17062
17064
17066
17068
17070
17072
17074
17076
17078
17080
17082
17084
17086
17088
17090
17092
17094
17096
17098
17100
17102
17104
17106
17108
17110
17112
17114
17116
17118
17120
17122
17124
17126
17128
17130
17132
17134
17136
17138
17140
17142
17144
17146
17148
17150
17152
17154
17156
17158
17160
17162
17164
17166
17168
17170
17172
17174
17176
17178
17180
17182
17184
17186
17188
17190
17192
17194
17196
17198
17200
17202
17204
17206
17208
17210
17212
17214
17216
17218
17220
17222
17224
17226
17228
17230
17232
17234
17236
17238
17240
17242
17244
17246
17248
17250
17252
17254
17256
17258
17260
17262
17264
17266
17268
17270
17272
17274
17276
17278
17280
17282
17284
17286
17288
17290
17292
17294
17296
17298
17300
17302
17304
17306
17308
17310
17312
17314
17316
17318
17320
17322
17324
17326
17328
17330
17332
17334
17336
17338
17340
17342
17344
17346
17348
17350
17352
17354
17356
17358
17360
17362
17364
17366
17368
17370
17372
17374
17376
17378
17380
17382
17384
17386
17388
17390
17392
17394
17396
17398
17400
17402
17404
17406
17408
17410
17412
17414
17416
17418
17420
17422
17424
17426
17428
17430
17432
17434
17436
17438
17440
17442
17444
17446
17448
17450
17452
17454
17456
17458
17460
17462
17464
17466
17468
17470
17472
17474
17476
17478
17480
17482
17484
17486
17488
17490
17492
17494
17496
17498
17500
17502
17504
17506
17508
17510
17512
17514
17516
17518
17520
17522
17524
17526
17528
17530
17532
17534
17536
17538
17540
17542
17544
17546
17548
17550
17552
17554
17556
17558
17560
17562
17564
17566
17568
17570
17572
17574
17576
17578
17580
17582
17584
17586
17588
17590
17592
17594
17596
17598
17600
17602
17604
17606
17608
17610
17612
17614
17616
17618
17620
17622
17624
17626
17628
17630
17632
17634
17636
17638
17640
17642
17644
17646
17648
17650
17652
17654
17656
17658
17660
17662
17664
17666
17668
17670
17672
17674
17676
17678
17680
17682
17684
17686
17688
17690
17692
17694
17696
17698
17700
17702
17704
17706
17708
17710
17712
17714
17716
17718
17720
17722
17724
17726
17728
17730
17732
17734
17736
17738
17740
17742
17744
17746
17748
17750
17752
17754
17756
17758
17760
17762
17764
17766
17768
17770
17772
17774
17776
17778
17780
17782
17784
17786
17788
17790
17792
17794
17796
17798
17800
17802
17804
17806
17808
17810
17812
17814
17816
17818
17820
17822
17824
17826
17828
17830
17832
17834
17836
17838
17840
17842
17844
17846
17848
17850
17852
17854
17856
17858
17860
17862
17864
17866
17868
17870
17872
17874
17876
17878
17880
17882
17884
17886
17888
17890
17892
17894
17896
17898
17900
17902
17904
17906
17908
17910
17912
17914
17916
17918
17920
17922
17924
17926
17928
17930
17932
17934
17936
17938
17940
17942
17944
17946
17948
17950
17952
17954
17956
17958
17960
17962
17964
17966
17968
17970
17972
17974
17976
17978
17980
17982
17984
17986
17988
17990
17992
17994
17996
17998
18000
18002
18004
18006
18008
18010
18012
18014
18016
18018
18020
18022
18024
18026
18028
18030
18032
18034
18036
18038
18040
18042
18044
18046
18048
18050
18052
18054
18056
18058
18060
18062
18064
18066
18068
18070
18072
18074
18076
18078
18080
18082
18084
18086
18088
18090
18092
18094
18096
18098
18100
18102
18104
18106
18108
18110
18112
18114
18116
18118
18120
18122
18124
18126
18128
18130
18132
18134
18136
18138
18140
18142
18144
18146
18148
18150
18152
18154
18156
18158
18160
18162
18164
18166
18168
18170
18172
18174
18176
18178
18180
18182
18184
18186
18188
18190
18192
18194
18196
18198
18200
18202
18204
18206
18208
18210
18212
18214
18216
18218
18220
18222
18224
18226
18228
18230
18232
18234
18236
18238
18240
18242
18244
18246
18248
18250
18252
18254
18256
18258
18260
18262
18264
18266
18268
18270
18272
18274
18276
18278
18280
18282
18284
18286
18288
18290
18292
18294
18296
18298
18300
18302
18304
18306
18308
18310
18312
18314
18316
18318
18320
18322
18324
18326
18328
18330
18332
18334
18336
18338
18340
18342
18344
18346
18348
18350
18352
18354
18356
18358
18360
18362
18364
18366
18368
18370
18372
18374
18376
18378
18380
18382
18384
18386
18388
18390
18392
18394
18396
18398
18400
18402
18404
18406
18408
18410
18412
18414
18416
18418
18420
18422
18424
18426
18428
18430
18432
18434
18436
18438
18440
18442
18444
18446
18448
18450
18452
18454
18456
18458
18460
18462
18464
18466
18468
18470
18472
18474
18476
18478
18480
18482
18484
18486
18488
18490
18492
18494
18496
18498
18500
18502
18504
18506
18508
18510
18512
18514
18516
18518
18520
18522
18524
18526
18528
18530
18532
18534
18536
18538
18540
18542
18544
18546
18548
18550
18552
18554
18556
18558
18560
18562
18564
18566
18568
18570
18572
18574
18576
18578
18580
18582
18584
18586
18588
18590
18592
18594
18596
18598
18600
18602
18604
18606
18608
18610
18612
18614
18616
18618
18620
18622
18624
18626
18628
18630
18632
18634
18636
18638
18640
18642
18644
18646
18648
18650
18652
18654
18656
18658
18660
18662
18664
18666
18668
18670
18672
18674
18676
18678
18680
18682
18684
18686
18688
18690
18692
18694
18696
18698
18700
18702
18704
18706
18708
18710
18712
18714
18716
18718
18720
18722
18724
18726
18728
18730
18732
18734
18736
18738
18740
18742
18744
18746
18748
18750
18752
18754
18756
18758
18760
18762
18764
18766
18768
18770
18772
18774
18776
18778
18780
18782
18784
18786
18788
18790
18792
18794
18796
18798
18800
18802
18804
18806
18808
18810
18812
18814
18816
18818
18820
18822
18824
18826
18828
18830
18832
18834
18836
18838
18840
18842
18844
18846
18848
18850
18852
18854
18856
18858
18860
18862
18864
18866
18868
18870
18872
18874
18876
18878
18880
18882
18884
18886
18888
18890
18892
18894
18896
18898
18900
18902
18904
18906
18908
18910
18912
18914
18916
18918
18920
18922
18924
18926
18928
18930
18932
18934
18936
18938
18940
18942
18944
18946
18948
18950
18952
18954
18956
18958
18960
18962
18964
18966
18968
18970
18972
18974
18976
18978
18980
18982
18984
18986
18988
18990
18992
18994
18996
18998
19000
19002
19004
19006
19008
19010
19012
19014
19016
19018
19020
19022
19024
19026
19028
19030
19032
19034
19036
19038
19040
19042
19044
19046
19048
19050
19052
19054
19056
19058
19060
19062
19064
19066
19068
19070
19072
19074
19076
19078
19080
19082
19084
19086
19088
19090
19092
19094
19096
19098
19100
19102
19104
19106
19108
19110
19112
19114
19116
19118
19120
19122
19124
19126
19128
19130
19132
19134
19136
19138
19140
19142
19144
19146
19148
19150
19152
19154
19156
19158
19160
19162
19164
19166
19168
19170
19172
19174
19176
19178
19180
19182
19184
19186
19188
19190
19192
19194
19196
19198
19200
19202
19204
19206
19208
19210
19212
19214
19216
19218
19220
19222
19224
19226
19228
19230
19232
19234
19236
19238
19240
19242
19244
19246
19248
19250
19252
19254
19256
19258
19260
19262
19264
19266
19268
19270
19272
19274
19276
19278
19280
19282
19284
19286
19288
19290
19292
19294
19296
19298
19300
19302
19304
19306
19308
19310
19312
19314
19316
19318
19320
19322
19324
19326
19328
19330
19332
19334
19336
19338
19340
19342
19344
19346
19348
19350
19352
19354
19356
19358
19360
19362
19364
19366
19368
19370
19372
19374
19376
19378
19380
19382
19384
19386
19388
19390
19392
19394
19396
19398
19400
19402
19404
19406
19408
19410
19412
19414
19416
19418
19420
19422
19424
19426
19428
19430
19432
19434
19436
19438
19440
19442
19444
19446
19448
19450
19452
19454
19456
19458
19460
19462
19464
19466
19468
19470
19472
19474
19476
19478
19480
19482
19484
19486
19488
19490
19492
19494
19496
19498
19500
19502
19504
19506
19508
19510
19512
19514
19516
19518
19520
19522
19524
19526
19528
19530
19532
19534
19536
19538
19540
19542
19544
19546
19548
19550
19552
19554
19556
19558
19560
19562
19564
19566
19568
19570
19572
19574
19576
19578
19580
19582
19584
19586
19588
19590
19592
19594
19596
19598
19600
19602
19604
19606
19608
19610
19612
19614
19616
19618
19620
19622
19624
19626
19628
19630
19632
19634
19636
19638
19640
19642
19644
19646
19648
19650
19652
19654
19656
19658
19660
19662
19664
19666
19668
19670
19672
19674
19676
19678
19680
19682
19684
19686
19688
19690
19692
19694
19696
19698
19700
19702
19704
19706
19708
19710
19712
19714
19716
19718
19720
19722
19724
19726
19728
19730
19732
19734
19736
19738
19740
19742
19744
19746
19748
19750
19752
19754
19756
19758
19760
19762
19764
19766
19768
19770
19772
19774
19776
19778
19780
19782
19784
19786
19788
19790
19792
19794
19796
19798
19800
19802
19804
19806
19808
19810
19812
19814
19816
19818
19820
19822
19824
19826
19828
19830
19832
19834
19836
19838
19840
19842
19844
19846
19848
19850
19852
19854
19856
19858
19860
19862
19864
19866
19868
19870
19872
19874
19876
19878
19880
19882
19884
19886
19888
19890
19892
19894
19896
19898
19900
19902
19904
19906
19908
19910
19912
19914
19916
19918
19920
19922
19924
19926
19928
19930
19932
19934
19936
19938
19940
19942
19944
19946
19948
19950
19952
19954
19956
19958
19960
19962
19964
19966
19968
19970
19972
19974
19976
19978
19980
19982
19984
19986
19988
19990
19992
19994
19996
19998
20000
20002
20004
20006
20008
20010
20012
20014
20016
20018
20020
20022
20024
20026
20028
20030
20032
20034
20036
20038
20040
20042
20044
20046
20048
20050
20052
20054
20056
20058
20060
20062
20064
20066
20068
20070
20072
20074
20076
20078
20080
20082
20084
20086
20088
20090
20092
20094
20096
20098
20100
20102
20104
20106
20108
20110
20112
20114
20116
20118
20120
20122
20124
20126
20128
20130
20132
20134
20136
20138
20140
20142
20144
20146
20148
20150
20152
20154
20156
20158
20160
20162
20164
20166
20168
20170
20172
20174
20176
20178
20180
20182
20184
20186
20188
20190
20192
20194
20196
20198
20200
20202
20204
20206
20208
20210
20212
20214
20216
20218
20220
20222
20224
20226
20228
20230
20232
20234
20236
20238
20240
20242
20244
20246
20248
20250
20252
20254
20256
20258
20260
20262
20264
20266
20268
20270
20272
20274
20276
20278
20280
20282
20284
20286
20288
20290
20292
20294
20296
20298
20300
20302
20304
20306
20308
20310
20312
20314
20316
20318
20320
20322
20324
20326
20328
20330
20332
20334
20336
20338
20340
20342
20344
20346
20348
20350
20352
20354
20356
20358
20360
20362
20364
20366
20368
20370
20372
20374
20376
20378
20380
20382
20384
20386
20388
20390
20392
20394
20396
20398
20400
20402
20404
20406
20408
20410
20412
20414
20416
20418
20420
20422
20424
20426
20428
20430
20432
20434
20436
20438
20440
20442
20444
20446
20448
20450
20452
20454
20456
20458
20460
20462
20464
20466
20468
20470
20472
20474
20476
20478
20480
20482
20484
20486
20488
20490
20492
20494
20496
20498
20500
20502
20504
20506
20508
20510
20512
20514
20516
20518
20520
20522
20524
20526
20528
20530
20532
20534
20536
20538
20540
20542
20544
20546
20548
20550
20552
20554
20556
20558
20560
20562
20564
20566
20568
20570
20572
20574
20576
20578
20580
20582
20584
20586
20588
20590
20592
20594
20596
20598
20600
20602
20604
20606
20608
20610
20612
20614
20616
20618
20620
20622
20624
20626
20628
20630
20632
20634
20636
20638
20640
20642
20644
20646
20648
20650
20652
20654
20656
20658
20660
20662
20664
20666
20668
20670
20672
20674
20676
20678
20680
20682
20684
20686
20688
20690
20692
20694
20696
20698
20700
20702
20704
20706
20708
20710
20712
20714
20716
20718
20720
20722
20724
20726
20728
20730
20732
20734
20736
20738
20740
20742
20744
20746
20748
20750
20752
20754
20756
20758
20760
20762
20764
20766
20768
20770
20772
20774
20776
20778
20780
20782
20784
20786
20788
20790
20792
20794
20796
20798
20800
20802
20804
20806
20808
20810
20812
20814
20816
20818
20820
20822
20824
20826
20828
20830
20832
20834
20836
20838
20840
20842
20844
20846
20848
20850
20852
20854
20856
20858
20860
20862
20864
20866
20868
20870
20872
20874
20876
20878
20880
20882
20884
20886
20888
20890
20892
20894
20896
20898
20900
20902
20904
20906
20908
20910
20912
20914
20916
20918
20920
20922
20924
20926
20928
20930
20932
20934
20936
20938
20940
20942
20944
20946
20948
20950
20952
20954
20956
20958
20960
20962
20964
20966
20968
20970
20972
20974
20976
20978
20980
20982
20984
20986
20988
20990
20992
20994
20996
20998
21000
21002
21004
21006
21008
21010
21012
21014
21016
21018
21020
21022
21024
21026
21028
21030
21032
21034
21036
21038
21040
21042
21044
21046
21048
21050
21052
21054
21056
21058
21060
21062
21064
21066
21068
21070
21072
21074
21076
21078
21080
21082
21084
21086
21088
21090
21092
21094
21096
21098
21100
21102
21104
21106
21108
21110</DataArray></Cells></Piece></UnstructuredGrid></VTKFile>