0.000000000000000000e+00 3.129999999999999893e+00 0.000000000000000000e+00
1.145172016173477345e-03 3.122607167355654578e+00 -2.247564423555993285e-01
6.270238112182833362e-03 3.115742629835799526e+00 -4.516342714928566759e-01
6.154349449570799789e-03 3.114586405777710620e+00 -6.767133764813797470e-01
6.233567648543172912e-03 3.109939320689501407e+00 -9.014926674331206202e-01
6.225975448725892293e-03 3.094856542066088956e+00 -1.125484384444809915e+00
6.096319123272892979e-03 3.081962810965829913e+00 -1.349911190563714669e+00
6.607358104854053199e-03 3.071747859570490125e+00 -1.574055114987742421e+00
1.871319953536496328e-01 3.030532873443351871e+00 -1.993077624502277878e+00
-1.841393576894950757e-01 3.045348192194099912e+00 -1.801149184736812625e+00
2.260182434945949836e-01 3.029426132886486212e+00 -1.995908442111367531e+00
2.674060805624983161e-01 3.023361130782884043e+00 -1.998117325788712373e+00
3.111077477979099504e-01 3.016962687171316215e+00 -2.000381976154675723e+00
3.564822107586549382e-01 3.010319124241643163e+00 -2.002735743992553719e+00
4.030525944582394882e-01 3.003500273570604229e+00 -2.005153780037176592e+00
4.521683202208385266e-01 2.995143736397188672e+00 -2.021720815554988171e+00
5.010509526030516581e-01 2.986980722763324270e+00 -2.036357975364110118e+00
5.494830012394273933e-01 2.979000377739530858e+00 -2.049567717881298989e+00
5.970347493528078697e-01 2.970473281383956277e+00 -2.061503699485444763e+00
2.158740094626874217e-01 3.030169723575330654e+00 -1.995205315724897899e+00
2.368970731797523377e-01 3.027831002537967109e+00 -1.996500348865432706e+00
2.647040924258426409e-01 3.023758650162120087e+00 -1.997954251915538881e+00
2.905878938669736455e-01 3.019967941596651606e+00 -1.999307748217103331e+00
3.155607338165676845e-01 3.016310687382171452e+00 -2.000613090267552074e+00
3.436238646593248736e-01 3.012201403168957015e+00 -2.002073455939852753e+00
3.639208236091984183e-01 3.009228306279986498e+00 -2.003141871668580709e+00
3.897620074699024717e-01 3.005444573901523420e+00 -2.004484298585041291e+00
4.073919325410547132e-01 3.002862105681995519e+00 -2.005412783811197031e+00
-2.099768578794246054e-01 3.040940504087956686e+00 -1.843464850578608427e+00
-2.357734134631311318e-01 3.036533882059424982e+00 -1.885804492187879378e+00
-2.612812739490023572e-01 3.030088232816610105e+00 -1.927926892476097942e+00
-2.866887171587135241e-01 3.022469430495424270e+00 -1.970025726750288753e+00
-3.121369748878966566e-01 3.015203751070227867e+00 -2.012292836830728682e+00
-3.376339244221138736e-01 3.008379252950050375e+00 -2.054644311790107203e+00
-3.631298243967138184e-01 3.001552328556280180e+00 -2.097026412934674067e+00
-3.531562804529287947e-01 2.998748953737064404e+00 -2.145898414678826693e+00
-3.609815637968729063e-01 2.993903383935073492e+00 -2.191790516997264238e+00
-2.213613860088808893e-01 3.040833597196728633e+00 -1.833883668586215210e+00
-2.635517098033903771e-01 3.036444516720381070e+00 -1.859788809606133686e+00
-3.092775841530551184e-01 3.029141258661456781e+00 -1.877357187726747645e+00
-3.572973283820989887e-01 3.021936639720705919e+00 -1.887306859952849525e+00
-4.064345487026841952e-01 3.015084497067687774e+00 -1.892455269971810239e+00
-4.558658492569807597e-01 3.008748766619846471e+00 -1.892240921040587498e+00
-5.050864787737445738e-01 3.002869408372649040e+00 -1.887872931208351091e+00
-5.533431518016853623e-01 2.995587867664696979e+00 -1.879509952966859521e+00
-6.009373766681855855e-01 2.986996076937997735e+00 -1.868285656764615332e+00
6.452059133962122495e-01 2.959934969273749328e+00 -2.065188782509371102e+00
6.931111221711985237e-01 2.947940505971948788e+00 -2.068650600847476539e+00
7.406827062300330722e-01 2.934166449565149382e+00 -2.071925865933538446e+00
7.883616983927471678e-01 2.920361182399901612e+00 -2.075209754966886866e+00
8.365083984122745342e-01 2.906397701076531614e+00 -2.078777271878423871e+00
8.845366766814030113e-01 2.892473306082987250e+00 -2.082283707184523269e+00
9.324234731945352239e-01 2.878594353870994826e+00 -2.085731007953595562e+00
9.798712016027442129e-01 2.864087876091765850e+00 -2.089015266851793839e+00
1.026463850043249026e+00 2.846870085755483615e+00 -2.091990786446670025e+00
6.416388735019961098e-01 2.958886522092296190e+00 -2.079584607865967882e+00
6.819161457428621897e-01 2.947196078356583815e+00 -2.105758594409867790e+00
7.167183328296147238e-01 2.934891492546334302e+00 -2.138820594755395987e+00
7.459902039522559036e-01 2.923132479947984308e+00 -2.177057244369752009e+00
7.714402606045044353e-01 2.912168038646263390e+00 -2.218472633164475294e+00
7.923310180346797571e-01 2.902245552677272578e+00 -2.262642579824424516e+00
8.095346610271253462e-01 2.893207680330356357e+00 -2.308577027173275287e+00
8.231120744951282431e-01 2.885072879479791741e+00 -2.355882086228276773e+00
8.338523495565761667e-01 2.876853751008864091e+00 -2.403889905306584751e+00
-3.691930899575071590e-01 2.988822174581389657e+00 -2.239905573147238371e+00
-3.774571286840416318e-01 2.983710863197337471e+00 -2.288299720902417622e+00
-3.857312193061260275e-01 2.978439114080776662e+00 -2.336798373563104381e+00
-3.936603501553201379e-01 2.970519187645140224e+00 -2.385102934170455935e+00
-4.015383515985432306e-01 2.962586983081267444e+00 -2.433541807721504302e+00
-4.094326297948543969e-01 2.954640609866487910e+00 -2.482065137642384567e+00
-4.173386648896920681e-01 2.946684306717518353e+00 -2.530647330317060018e+00
-4.280916386561191000e-01 2.938403758623799877e+00 -2.578843681490242457e+00
-4.384483997817042455e-01 2.930163529894190155e+00 -2.627127553661143811e+00
-3.683641323556482439e-01 2.989338028857723373e+00 -2.235013615554673372e+00
-3.755361505742595418e-01 2.984906813573076967e+00 -2.276956930011692304e+00
-3.821215321045214885e-01 2.980840579029334858e+00 -2.315439248628125224e+00
-3.884185835076506277e-01 2.975800039187519452e+00 -2.352852027081949515e+00
-3.949625733279988338e-01 2.969235156493687633e+00 -2.392918742911678720e+00
-4.018213618110039742e-01 2.962328801837662340e+00 -2.435093501451881082e+00
-4.087501599585471879e-01 2.955361750644290630e+00 -2.477629794850247702e+00
-4.154908796739826271e-01 2.948594086224912036e+00 -2.518939191700998670e+00
-4.524276784781997574e-01 2.939098116510809433e+00 -2.551154090068990854e+00
-6.454379104546023038e-01 2.979689511422338732e+00 -1.847260470833946400e+00
-6.895676305087354852e-01 2.971683242493531996e+00 -1.826039643718456063e+00
-7.332775812598459897e-01 2.962475574295730052e+00 -1.804633764864713719e+00
-7.769799288138714566e-01 2.953274288862283381e+00 -1.783186424402539050e+00
-8.206401491488337641e-01 2.944088257555147248e+00 -1.761699420322945020e+00
-8.638226711540855085e-01 2.932541411963947464e+00 -1.739814784271794590e+00
-9.067706204279332161e-01 2.919945324536016518e+00 -1.717827703360685909e+00
-9.497801077211510679e-01 2.907327314084164893e+00 -1.695862985576835902e+00
-9.928357247037767896e-01 2.894679879495721586e+00 -1.674095627399853736e+00
-6.493781405549139407e-01 2.977932798586806040e+00 -1.861479198124111889e+00
-6.972487803920343064e-01 2.965705642741860437e+00 -1.863478784735357552e+00
-7.434911761973790334e-01 2.952424113140898587e+00 -1.874291990935368357e+00
-7.875143024818423987e-01 2.938914802168393070e+00 -1.892762923499764938e+00
-8.294892337537006499e-01 2.925471778348057494e+00 -1.915688060211318433e+00
-8.686752275267082268e-01 2.912264504120201991e+00 -1.943303311958614721e+00
-9.056761276188068921e-01 2.899308993636908749e+00 -1.973959463843280693e+00
-9.401125704948930517e-01 2.886855817010470560e+00 -2.007734861878162302e+00
-9.718942818316272936e-01 2.872630443512111054e+00 -2.043264174216480544e+00
1.073322679773019095e+00 2.830503202704216736e+00 -2.087549479051470591e+00
1.119018305057871032e+00 2.811559637118891786e+00 -2.082938249411562914e+00
1.164490005823197949e+00 2.792408070339344572e+00 -2.078384920947038861e+00
1.210502029210492658e+00 2.773025500346980809e+00 -2.073815969557539329e+00
1.256442393313585981e+00 2.753676022653479993e+00 -2.069221556647049098e+00
1.302286498138761184e+00 2.734370062701629411e+00 -2.064603422122267773e+00
1.347482872251624775e+00 2.714225525368359371e+00 -2.059802469530367830e+00
1.391868196595190454e+00 2.692262681947727998e+00 -2.054800511253030315e+00
1.435498892756839062e+00 2.669124459779449232e+00 -2.049741163366489705e+00
1.071887806732110482e+00 2.829137309052518479e+00 -2.102306636879296420e+00
1.113775483087236617e+00 2.810377376539698435e+00 -2.121473234821683818e+00
1.151242122303936188e+00 2.791857820654770617e+00 -2.148434408374813476e+00
1.184127685466409119e+00 2.774751563775699204e+00 -2.181640751811699808e+00
1.213795352026406649e+00 2.758719922176276373e+00 -2.218316078588479900e+00
1.239037039965061426e+00 2.743454194044872452e+00 -2.258280260973029918e+00
1.260084049511802418e+00 2.727227490038688362e+00 -2.300216005728350499e+00
1.278021470652219271e+00 2.713118106671928764e+00 -2.344350495536183132e+00
1.293512538605895879e+00 2.700168029513347445e+00 -2.389741755671744627e+00
8.344891331660647671e-01 2.870416196553091659e+00 -2.453338622676407343e+00
8.350674813192076051e-01 2.863879997239839881e+00 -2.502810793722169969e+00
8.355586339696026155e-01 2.857367022805408219e+00 -2.552326252197350875e+00
8.360740302305735838e-01 2.850844456960799356e+00 -2.601854109981418972e+00
8.366151637910315131e-01 2.844312989140136416e+00 -2.651385148393640812e+00
8.371716649027014512e-01 2.837736929363745553e+00 -2.700903495125182463e+00
8.377053073492422008e-01 2.830994816035008022e+00 -2.750399150684341709e+00
8.380291904682107829e-01 2.823495247284609988e+00 -2.799786744393361282e+00
8.384913290185748158e-01 2.815775906543467766e+00 -2.849170246057423750e+00
8.484639333380042947e-01 2.866180839274979242e+00 -2.450401502450369584e+00
8.708206447010766738e-01 2.853323584968633142e+00 -2.493118576679476117e+00
9.002475988968393628e-01 2.838794282734000252e+00 -2.530679510340548166e+00
9.351381854614408962e-01 2.823145600679395795e+00 -2.562909332807257634e+00
9.730601882052779539e-01 2.807003533457800515e+00 -2.591185743907151284e+00
1.013815846063300663e+00 2.790515317256998529e+00 -2.614869657706895723e+00
1.056330521910070486e+00 2.773577055407418612e+00 -2.634675224550000916e+00
1.098808696974594268e+00 2.752736824432130192e+00 -2.650363837117132082e+00
1.142028148137443688e+00 2.731891420866336517e+00 -2.663505251594551204e+00
-4.411876975000336709e-01 2.923052353334294029e+00 -2.676732741579063823e+00
-4.440594592528602780e-01 2.917134946266521478e+00 -2.726428353463894894e+00
-4.468711873737165607e-01 2.911235532635526368e+00 -2.776033833196640543e+00
-3.315119631644303233e-01 2.917975604395395273e+00 -2.852665576225299038e+00
-3.415945949305024820e-01 2.911392522697302976e+00 -2.899764302583107245e+00
-3.515363607727215456e-01 2.904901457158536093e+00 -2.946204620159146081e+00
-3.610682191978518141e-01 2.896038479594518211e+00 -2.991782160179998762e+00
-3.704834804292259087e-01 2.887081388800464499e+00 -3.037110644979425622e+00
-3.798801077119930980e-01 2.878141021969056190e+00 -3.082355284842773102e+00
-4.556726011881269689e-01 2.921497341605803211e+00 -2.673471277976616101e+00
-4.811586509734002703e-01 2.913399946791796147e+00 -2.715851454052170766e+00
-5.137329222354272140e-01 2.904969606768256440e+00 -2.752794260666330040e+00
-5.512758893674093441e-01 2.894288813559390938e+00 -2.783947271916598076e+00
-5.940409642707744631e-01 2.883079791558335714e+00 -2.811278653484980961e+00
-6.352473624599322966e-01 2.870758192553867882e+00 -2.835866678697152032e+00
-6.757101586437300744e-01 2.857030050750224870e+00 -2.858494410059519542e+00
-7.157993209856789996e-01 2.843557835553966129e+00 -2.879930864257208789e+00
-7.553056175341416045e-01 2.830353611950139125e+00 -2.900507171554927321e+00
-1.038430291728379418e+00 2.880841570479007796e+00 -1.659181447996002312e+00
-1.084070136906679638e+00 2.867136567539160463e+00 -1.644300186023388566e+00
-1.129381328043847166e+00 2.852709360395616400e+00 -1.629381068069139404e+00
-1.173484920001105714e+00 2.835532783388171385e+00 -1.614170573626349414e+00
-1.216652727692835612e+00 2.816738717079671162e+00 -1.598751850591954904e+00
-1.259507088805028596e+00 2.798096075681810291e+00 -1.583287335658793316e+00
-1.302035389603020121e+00 2.779610475094992150e+00 -1.567780224150422619e+00
-1.345688225688114414e+00 2.760598825746117591e+00 -1.552255908622956815e+00
-1.389241165595039185e+00 2.741633197548985379e+00 -1.536740603329696198e+00
-1.032581761116631247e+00 2.883930054186382375e+00 -1.645821000208569806e+00
-1.067288555796254590e+00 2.875566545499602000e+00 -1.610914989515346507e+00
-1.095687111922139634e+00 2.869777860802321001e+00 -1.570266847381605047e+00
-1.116706605630011007e+00 2.864048874893593943e+00 -1.525458717568119793e+00
-1.133446480337791051e+00 2.860049989413495641e+00 -1.478731939975764575e+00
-1.194680147432716444e+00 2.846611181374627098e+00 -1.293479312112541857e+00
-1.186476566774212760e+00 2.850159772415930881e+00 -1.290136467640135898e+00
-1.175174541282012264e+00 2.855038035073571123e+00 -1.285677914996404825e+00
-1.161123983160947226e+00 2.861102973554387585e+00 -1.280130464924990941e+00
-1.006504376564955061e+00 2.856695559599021106e+00 -2.075213295219568099e+00
-1.040800124486777056e+00 2.840184178293705841e+00 -2.107161952474991384e+00
-1.075210756450345251e+00 2.823617121657830520e+00 -2.139221775510800505e+00
-1.109657192196749298e+00 2.807034742383498038e+00 -2.171293238539035997e+00
-1.144127693490941677e+00 2.790443019131708446e+00 -2.203361694023921125e+00
-1.177800146960193084e+00 2.772362936390185162e+00 -2.235155765226274127e+00
-1.210754025527268185e+00 2.752744976303027169e+00 -2.266820650222666877e+00
-1.243665816241642297e+00 2.733308692685910479e+00 -2.298700066922516161e+00
-1.276638629300147265e+00 2.714273436073285861e+00 -2.330698193738713897e+00
-9.958571232657555949e-01 2.859356102009556810e+00 -2.084848196672464127e+00
-1.012650425151617517e+00 2.847967339009112919e+00 -2.130253149471316831e+00
-1.021452359224809037e+00 2.838869147243505697e+00 -2.178444721521232363e+00
-1.022264080121831897e+00 2.832264964650912376e+00 -2.227833931059195915e+00
-1.018611234111895136e+00 2.827130411228175877e+00 -2.277299125255011880e+00
-1.010261666260177993e+00 2.824640241724490242e+00 -2.326577140657516196e+00
-9.978133756043587876e-01 2.823912145114457761e+00 -2.375022181533811505e+00
-9.816434816018161369e-01 2.824523887728750626e+00 -2.422346457902631922e+00
-9.630803600581098189e-01 2.826016337405095946e+00 -2.468758603186709255e+00
1.477451275110960083e+00 2.645760774118026237e+00 -2.037259000975358614e+00
1.519282474636802105e+00 2.622465644376037908e+00 -2.024801743248481944e+00
1.561531512076153927e+00 2.598929206290024663e+00 -2.012310064185035774e+00
1.603758760226305924e+00 2.575407954499247420e+00 -1.999793006894851066e+00
1.645946883924990889e+00 2.551911795191852850e+00 -1.987253097350907938e+00
1.687830726015654648e+00 2.528055655642388988e+00 -1.974641541026767033e+00
1.727542179787958876e+00 2.501017862716076845e+00 -1.961679974624041645e+00
1.766840067687473814e+00 2.473502806158756062e+00 -1.948655023779126694e+00
1.806585258979613418e+00 2.445657198500353235e+00 -1.935737530644280557e+00
1.478182252364345084e+00 2.643923852586666623e+00 -2.051970006891260745e+00
1.519201724724251967e+00 2.618802716622686155e+00 -2.063538911106221452e+00
1.557803872261331657e+00 2.594262179565781423e+00 -2.083820804462527487e+00
1.592684470149560161e+00 2.571239957204207283e+00 -2.110996770419598878e+00
1.623755636993759577e+00 2.547933991778071672e+00 -2.141676457862856431e+00
1.651127876180427334e+00 2.525393549798212511e+00 -2.176422907889821179e+00
1.676130708375245693e+00 2.504062936158113040e+00 -2.213760487570204827e+00
1.698453326872217728e+00 2.484278971164928684e+00 -2.253683739083034432e+00
1.718892715915995684e+00 2.465806702086428714e+00 -2.295258288863453178e+00
1.312773189943536201e+00 2.685542125918441769e+00 -2.433006883533075371e+00
1.332893565313590489e+00 2.670451110834364705e+00 -2.476527248548696658e+00
1.352826489226258255e+00 2.655463615463602434e+00 -2.519973141083643231e+00
1.372586311153869865e+00 2.640574455331328174e+00 -2.563325801360116785e+00
1.391134006217638941e+00 2.623729488235596374e+00 -2.606348546187304382e+00
1.409794962857904954e+00 2.607034080381438024e+00 -2.649416061971932912e+00
1.433087291945844388e+00 2.588046967842613455e+00 -2.689162993635948684e+00
1.457802489264180323e+00 2.568661607223708732e+00 -2.725576234603616754e+00
1.463089615616747663e+00 2.560452541519197212e+00 -2.764095848785509624e+00
1.300212470414255472e+00 2.691327284671057196e+00 -2.438296171275493585e+00
1.300202008836125245e+00 2.685745604349255800e+00 -2.488172765936343289e+00
1.291898813631952025e+00 2.682666618299667682e+00 -2.537126937104637658e+00
1.276284944379503017e+00 2.682818439895867879e+00 -2.584252424221157085e+00
1.256952195125329075e+00 2.685059941349227763e+00 -2.630003192873540563e+00
1.243342615882288893e+00 2.685082174939281252e+00 -2.677942070574933275e+00
1.265710590778342581e+00 2.648220560757557962e+00 -2.862439183374407836e+00
1.244723191661206485e+00 2.657875288241896339e+00 -2.869234761962571767e+00
1.228431319373153974e+00 2.665371734554389249e+00 -2.874499243152495609e+00
8.317795405082721860e-01 2.810105958549033112e+00 -2.898358011723929373e+00
8.251365452734239492e-01 2.804414542671738619e+00 -2.947559468168246433e+00
8.185571607857109466e-01 2.798738165084818874e+00 -2.996781597644500028e+00
8.120285310501941245e-01 2.793062916247064376e+00 -3.046013787134210560e+00
8.055420759632818672e-01 2.787374837643929570e+00 -3.095252310210473201e+00
7.988113461990780095e-01 2.781757180526438944e+00 -3.144479633102400307e+00
7.920573322933072147e-01 2.775848776448178956e+00 -3.193638785093595445e+00
7.850899687982552111e-01 2.769002470273799421e+00 -3.242642847564011888e+00
7.782070506635647700e-01 2.762281685953149601e+00 -3.291702850987851203e+00
8.461222513779343979e-01 2.806175566313556580e+00 -2.897663164743421227e+00
8.622346272989582783e-01 2.794583833382098703e+00 -2.943579554968367873e+00
8.861274865399971779e-01 2.781455063380867454e+00 -2.985482958506917583e+00
9.159003191712585812e-01 2.766466765287696195e+00 -3.022619980859085231e+00
9.487301342012686156e-01 2.749236672764347134e+00 -3.056044762535486736e+00
9.850635456156344727e-01 2.731451583502770841e+00 -3.085331244566996922e+00
1.023809652792414315e+00 2.713386860678393742e+00 -3.111152408086177878e+00
1.064441190272418902e+00 2.694998954010148218e+00 -3.133541369994823356e+00
1.105540454909797798e+00 2.674836010718461665e+00 -3.153233668740877960e+00
-3.807063405352952845e-01 2.869623466704959824e+00 -3.131538407879453256e+00
-3.816059498389884341e-01 2.861097006354405448e+00 -3.180718712663062497e+00
-3.825809657774549288e-01 2.852561706533043306e+00 -3.229894297001227432e+00
-3.835777358505271240e-01 2.844924205078391832e+00 -3.279536518302269776e+00
-3.845799724080901094e-01 2.837497479387299126e+00 -3.329144429572433950e+00
-3.855627171727858404e-01 2.830081476027610954e+00 -3.378695423158973643e+00
-3.864729142056980704e-01 2.822396249492901799e+00 -3.428174547694082364e+00
-3.872948958554548460e-01 2.814125118612635923e+00 -3.477445167934306802e+00
-3.878266998201135296e-01 2.804765178117853086e+00 -3.526254286193273746e+00
-3.660629250998390094e-01 2.871792149765362012e+00 -3.129811575901114473e+00
-3.438139606909523804e-01 2.867073287758977074e+00 -3.174044320533057295e+00
-3.136590299094661471e-01 2.864125730012580640e+00 -3.213834081689049160e+00
-2.779258980534595191e-01 2.862720066529150564e+00 -3.248781035669600747e+00
-2.390110362577334280e-01 2.862332016451256234e+00 -3.280158042294644360e+00
-1.970097373909367733e-01 2.863236060124929150e+00 -3.307230003640520000e+00
-1.528798002871827877e-01 2.861450418632461190e+00 -3.330271324580657222e+00
-1.073504385987870818e-01 2.858400276676186458e+00 -3.349602845025025921e+00
-6.133705521734980626e-02 2.855719010211660969e+00 -3.366533764460398093e+00
-9.031582272601197392e-01 2.788834419106001494e+00 -2.902639997963885499e+00
-9.083553560938315563e-01 2.781839303506216332e+00 -2.933664817926310509e+00
-9.133941852741349621e-01 2.775182015769147359e+00 -2.962993521197465618e+00
-9.183537693985952544e-01 2.768627324188932981e+00 -2.991873631685241453e+00
-9.233853087520249581e-01 2.761975018545346661e+00 -3.021187894514544947e+00
-1.116244943168003712e+00 2.686568622196324529e+00 -3.058995443033788675e+00
-1.114320026398721630e+00 2.684959882254362995e+00 -3.075613505928304292e+00
-1.111848356121803993e+00 2.683384788031117907e+00 -3.091873542965291488e+00
-1.109318450522965849e+00 2.681400492502243438e+00 -3.108270642825271768e+00
-9.011949644488355116e-01 2.791435320437953393e+00 -2.891170343316065150e+00
-9.035716117556998883e-01 2.788151532357714402e+00 -2.905869259210470013e+00
-9.065723921770111327e-01 2.784179603774604939e+00 -2.923379401666601041e+00
-9.088407188784948243e-01 2.781171042159577667e+00 -2.936652451019167831e+00
-9.115743895045049783e-01 2.777552837281455744e+00 -2.952602939957492900e+00
-9.137069196991529640e-01 2.774724283572835404e+00 -2.965082004731339982e+00
-9.161728466819322181e-01 2.771459964223267125e+00 -2.979473218314432348e+00
-9.183283227412315508e-01 2.768600844297706587e+00 -2.992087346718954155e+00
-9.205228551670682213e-01 2.765694705521632102e+00 -3.004901216660206487e+00
-1.429086792462276989e+00 2.722242108321528242e+00 -1.514229078307603116e+00
-1.468603374077275037e+00 2.702056515678910031e+00 -1.491654361370114756e+00
-1.509531523216727011e+00 2.681106292781017864e+00 -1.468974670908716584e+00
-1.549986190556444043e+00 2.660412029321530980e+00 -1.446338565768466422e+00
-1.589952500808873737e+00 2.639981271553657027e+00 -1.423755384533585744e+00
-1.629176682713376678e+00 2.619445993922127958e+00 -1.401180156057643122e+00
-1.666293133295359219e+00 2.595873593422389103e+00 -1.378456753977534310e+00
-1.703364492829071875e+00 2.572044260948998406e+00 -1.355698697037047928e+00
-1.740500047100181247e+00 2.548171039813826866e+00 -1.332931542873944553e+00
-1.432860458499150225e+00 2.719302012231015642e+00 -1.528367605079955283e+00
-1.476475170580161977e+00 2.695432640186056883e+00 -1.529047365379298640e+00
-1.519057816222934454e+00 2.671571339177142956e+00 -1.538671378354285801e+00
-1.558620740691673445e+00 2.647356247732670198e+00 -1.556144474003248623e+00
-1.595556880613412831e+00 2.622556877046838597e+00 -1.578023393140019826e+00
-1.612475986132441585e+00 2.600123778153231591e+00 -1.699996540686821378e+00
-1.649174683871068803e+00 2.576927878442946351e+00 -1.707135594656219224e+00
-1.684332659893045703e+00 2.554707925410135250e+00 -1.713953567041465176e+00
-1.717906994969152334e+00 2.533488927654763412e+00 -1.720463532311056198e+00
-1.037222913216527154e+00 2.907478479524979509e+00 -1.337681204749737729e+00
-1.008812465123854807e+00 2.921120020411152041e+00 -1.302101288497627962e+00
-9.790765195143469324e-01 2.933366177659231244e+00 -1.264736769363368429e+00
-9.483025842218310020e-01 2.943877591105762637e+00 -1.227023608954633804e+00
-9.175853929244611740e-01 2.954361490775692101e+00 -1.189520814644515978e+00
-8.871314758733255257e-01 2.964755978821092874e+00 -1.152331748158637259e+00
-8.569298082867571331e-01 2.975064886751969340e+00 -1.115441759388003495e+00
-8.176504597175398015e-01 2.987371382312328461e+00 -1.086530067938549449e+00
-7.780969595225284419e-01 2.999563799507336093e+00 -1.058700286971422155e+00
-1.042707074438740777e+00 2.904842261703985073e+00 -1.344598699221031257e+00
-1.024792922562267616e+00 2.913436151002206653e+00 -1.322293863849357543e+00
-1.005216598340993084e+00 2.922853408232198635e+00 -1.297484045074682291e+00
-9.837201104488336734e-01 2.931773276725778921e+00 -1.270545130929528144e+00
-9.639949682358016636e-01 2.938515493162772607e+00 -1.246290331733227674e+00
-9.438909165182393091e-01 2.945379372392848971e+00 -1.221705585096935387e+00
-9.218379392244656634e-01 2.952907663388351089e+00 -1.194754620132227219e+00
-9.018684357933943740e-01 2.959726925491578342e+00 -1.170311548748340869e+00
-8.823831396259352866e-01 2.966379889627641653e+00 -1.146477592007312696e+00
-1.308087402381084896e+00 2.695364301156425224e+00 -2.368148954863663391e+00
-1.338880210944505933e+00 2.676796927574027318e+00 -2.405302757205019848e+00
-1.367368266325307058e+00 2.658763020572318947e+00 -2.441983738153628014e+00
-1.394724814760235354e+00 2.638319299323442557e+00 -2.478252210717173387e+00
-1.422069819325543216e+00 2.617891588160742078e+00 -2.514456179063797148e+00
-1.450888936886000291e+00 2.596642623864232835e+00 -2.550746250416400684e+00
-1.479483192927623758e+00 2.575715024079384463e+00 -2.587190105468601065e+00
-1.507924812756302080e+00 2.555346813464354661e+00 -2.623551434480841937e+00
-1.535661928822516176e+00 2.534944758309045643e+00 -2.659670079295336276e+00
-1.317005451876150479e+00 2.692397776688911559e+00 -2.356737328165079415e+00
-1.359862263779965996e+00 2.670182686670869110e+00 -2.375094482464641832e+00
-1.403453907096212872e+00 2.647602180127928584e+00 -2.384497826023467049e+00
-1.446547694011369511e+00 2.623838688605458547e+00 -2.385383792547190573e+00
-1.489263052897663142e+00 2.600130937358049898e+00 -2.381355887629695633e+00
-1.530625131384012461e+00 2.575825337572810625e+00 -2.371714689687675737e+00
-1.572205877820160191e+00 2.551862284786595048e+00 -2.358026653675544537e+00
-1.612899856398889664e+00 2.528891647525103537e+00 -2.340547062832966319e+00
-1.652730520192683850e+00 2.506781108648618694e+00 -2.320275989229183988e+00
-9.356824170196097468e-01 2.830910184386355777e+00 -2.510298881723640019e+00
-9.078932368337183645e-01 2.833965272811211911e+00 -2.551533146178411204e+00
-8.799282454609026471e-01 2.835871364280796225e+00 -2.592617974313563778e+00
-8.523303880489659923e-01 2.838177450888880848e+00 -2.633875951588605435e+00
-8.249283681018957370e-01 2.840461809229597456e+00 -2.675157109238610609e+00
-8.654287948191522473e-01 2.826690846237107202e+00 -2.697801158435341407e+00
-8.699102240733759261e-01 2.822551062487739681e+00 -2.721360816469518884e+00
-8.727313009277509748e-01 2.819910217469038916e+00 -2.736472071726103739e+00
-8.737903689584950451e-01 2.818918907048531430e+00 -2.742144253620799166e+00
-9.483604216670160625e-01 2.826103214201955538e+00 -2.516548164645369123e+00
-9.414961398361418876e-01 2.822727439637504165e+00 -2.565891904742735541e+00
-9.429203700584184444e-01 2.815968575079889291e+00 -2.615363092722635674e+00
-9.519649729068909716e-01 2.806374669972687030e+00 -2.663470313177783932e+00
-9.695335828141279366e-01 2.793020773330178841e+00 -2.708181999948564567e+00
-8.801988968827210158e-01 2.812974485048052475e+00 -2.776031813000810811e+00
1.847038717572232924e+00 2.416498267720041060e+00 -1.930079454281309781e+00
1.887426406721337768e+00 2.387389223259557713e+00 -1.924408558943939473e+00
1.926766599384659440e+00 2.357319516019917405e+00 -1.918605109906201589e+00
1.963754566512248001e+00 2.325317210170763538e+00 -1.912524953527071414e+00
2.000074114859455410e+00 2.293910061942765921e+00 -1.906401890074943095e+00
2.100267237745468307e+00 2.202804766401045278e+00 -1.925452941178915411e+00
2.105309947618730249e+00 2.200484548918320904e+00 -1.907112721614514061e+00
2.110380913738610698e+00 2.198101730059144110e+00 -1.889003128987636559e+00
2.115493470625835482e+00 2.195701523657137333e+00 -1.870730516133976451e+00
1.844665356292791492e+00 2.419858246598168172e+00 -1.915766518851993672e+00
1.879591093099948873e+00 2.397270491540839377e+00 -1.887911733964733330e+00
1.910039885636110935e+00 2.378103674553441405e+00 -1.853091688357043187e+00
1.933810224359118424e+00 2.361041948227337706e+00 -1.812731245062547680e+00
1.954292730432590997e+00 2.347106510745502028e+00 -1.769751352175002568e+00
1.971079441929517895e+00 2.336636054846352728e+00 -1.724353801143555298e+00
1.984891918105097020e+00 2.328954675619514081e+00 -1.677409961947552652e+00
1.995821459109663909e+00 2.323918700116435865e+00 -1.629328152615164615e+00
2.004647747773207644e+00 2.320783453502751392e+00 -1.580621586542673151e+00
1.731601871012112603e+00 2.451816730623376905e+00 -2.341451169913570052e+00
1.742994288348295839e+00 2.436273963012832944e+00 -2.387409636988047090e+00
1.752114098381061691e+00 2.422202612217390083e+00 -2.432745174129374632e+00
1.760042112291239746e+00 2.409074127285960820e+00 -2.477840631046661191e+00
1.767131433357816528e+00 2.397034348197001563e+00 -2.523193633411821679e+00
1.773376544194264604e+00 2.386144343694194259e+00 -2.568528491257299873e+00
1.785364714267691388e+00 2.370821837465289406e+00 -2.614859057028549927e+00
1.796880021203049793e+00 2.355386865485527448e+00 -2.661141813686198621e+00
1.808175819346787838e+00 2.340033508146824648e+00 -2.707495779658662727e+00
1.742474274751442564e+00 2.445100569699696358e+00 -2.333917031898482541e+00
1.769734276836242737e+00 2.419253407794939470e+00 -2.366567656502645001e+00
1.801744478920966896e+00 2.390929718565459883e+00 -2.392045080130360546e+00
1.836773802315842419e+00 2.361284208369970994e+00 -2.411363337721779132e+00
1.873491875064308809e+00 2.331061759591799287e+00 -2.426206008072034681e+00
1.911803559021282517e+00 2.300770121902302900e+00 -2.436050251420961654e+00
1.948790899601769544e+00 2.268223158336811984e+00 -2.442231039768869572e+00
1.985045427659325901e+00 2.234339670435698810e+00 -2.444610631890283603e+00
2.021487482827671656e+00 2.200676306259081727e+00 -2.444186878589055478e+00
1.468676905446906877e+00 2.551774955991652050e+00 -2.804821007825093915e+00
1.474576021347110411e+00 2.542613879337747740e+00 -2.847812951290368488e+00
1.480391313501944417e+00 2.532567238568752099e+00 -2.892256968275360496e+00
1.485559914615556254e+00 2.520979190351198440e+00 -2.937644588665853984e+00
1.490791680310477485e+00 2.509196188870022493e+00 -2.983869173984963652e+00
1.506219021184841633e+00 2.491839332606364366e+00 -3.028145735247632864e+00
1.520338790480582736e+00 2.475116218364906473e+00 -3.073101345411499263e+00
1.533524378388861464e+00 2.458852049243239524e+00 -3.118509416649971833e+00
1.546330516564542013e+00 2.443441930231023740e+00 -3.164364341836025218e+00
1.467364092119155083e+00 2.553814121509230706e+00 -2.795250211830274001e+00
1.470803344401926616e+00 2.548476365301964197e+00 -2.820290371761518866e+00
1.474774905787298973e+00 2.542308944302324569e+00 -2.849232708000950964e+00
1.222248166770812272e+00 2.668214756014734235e+00 -2.876509641496907133e+00
1.210776215634021380e+00 2.673495377701724518e+00 -2.880204669459487832e+00
1.192052504087188547e+00 2.681246673854907669e+00 -2.886114249498699547e+00
1.166385325850737287e+00 2.690078148592808027e+00 -2.893681710687484365e+00
1.135490010711413644e+00 2.700712208938802927e+00 -2.902763770155219802e+00
1.100564989257772019e+00 2.712733182612887095e+00 -2.913031117808349890e+00
1.062624632317245243e+00 2.725791898227748256e+00 -2.924185772767454061e+00
1.028906725286260704e+00 2.733777213005981199e+00 -2.960290787534848533e+00
1.211561457034539213e+00 2.673139378413780243e+00 -2.879918886786484222e+00
1.193714744345595991e+00 2.680672002423530653e+00 -2.885643948030369721e+00
1.176683772300378017e+00 2.686530027331522685e+00 -2.890679184044411265e+00
1.161850476733473414e+00 2.691634727587279396e+00 -2.895045899266754486e+00
1.143286781570726607e+00 2.698024166299334503e+00 -2.900503800714802516e+00
1.130385903214769172e+00 2.702463676558062300e+00 -2.904302882686698783e+00
1.113208923798577388e+00 2.708375854932717264e+00 -2.909352835039812124e+00
1.100694736462335621e+00 2.712682275792757114e+00 -2.913038184289983956e+00
1.088301809832687095e+00 2.716947528198058848e+00 -2.916683770221743632e+00
7.643877501919735806e-01 2.758040218779650665e+00 -3.339540530685957798e+00
7.506295525261794666e-01 2.753781700613989969e+00 -3.387390499318895465e+00
7.367863753611547661e-01 2.749525220590123720e+00 -3.435358865734643885e+00
7.229522864975952423e-01 2.745271674465406875e+00 -3.483294868424154256e+00
7.091234411300567642e-01 2.741022220509921503e+00 -3.531197200556360105e+00
6.952974743263419244e-01 2.736777578461194071e+00 -3.579065012747525198e+00
6.810786018281099752e-01 2.730957023555706353e+00 -3.626609763241938289e+00
6.667002150130301175e-01 2.724517627400093289e+00 -3.674026270214255430e+00
6.523187053133225888e-01 2.718082040459364634e+00 -3.721428551261967588e+00
7.787449096446165120e-01 2.754253708989296889e+00 -3.341053401451146154e+00
7.881596303688679361e-01 2.744236358377700302e+00 -3.389140463844337425e+00
8.052471071093219024e-01 2.730740370082480162e+00 -3.434010571674924517e+00
8.287763520331915545e-01 2.715418289516992267e+00 -3.475102531807407580e+00
1.000823681897141215e+00 2.647676267076263024e+00 -3.535240544725616996e+00
9.956152971232767879e-01 2.644779325919346835e+00 -3.564474884563517243e+00
9.908152431503214341e-01 2.642287576487114098e+00 -3.590347093089803376e+00
9.863389829482820392e-01 2.639256227093020879e+00 -3.612412562963764895e+00
9.823331930120304811e-01 2.636485204738014954e+00 -3.631953122523589705e+00
1.144960655114797721e+00 2.653417908406769943e+00 -3.174840182190327820e+00
1.184424989141549034e+00 2.631984310455887766e+00 -3.196417750511209466e+00
1.223931051887818588e+00 2.610527742840792698e+00 -3.218020052623541183e+00
1.262760864528395199e+00 2.588017589611786295e+00 -3.239332990897678677e+00
1.300892082105795877e+00 2.564280146113192327e+00 -3.260454893503756058e+00
1.338999370281374945e+00 2.540546277620615800e+00 -3.281619512953534379e+00
1.373761060872154216e+00 2.516752271905487781e+00 -3.311524800333853324e+00
1.401689245531215100e+00 2.495029767082440397e+00 -3.348434755434146037e+00
1.422103850759840249e+00 2.476069170178445411e+00 -3.390652421996563692e+00
1.136556327487306728e+00 2.655315144343497913e+00 -3.186951048611889270e+00
1.161497167257411034e+00 2.637677689747648824e+00 -3.226215861870529000e+00
1.179307554284388049e+00 2.622543970565176075e+00 -3.270155971547859419e+00
1.189707718361858069e+00 2.609589385339633250e+00 -3.317050977292885783e+00
1.195340448596071914e+00 2.597564961099835479e+00 -3.365090858450368039e+00
1.196405087977181481e+00 2.588429700685091372e+00 -3.414100167437390976e+00
1.193428159981474668e+00 2.580281366961433953e+00 -3.463147982531917357e+00
1.199451323415045234e+00 2.567904251901630186e+00 -3.510905572124814356e+00
1.214114372616353466e+00 2.552356216187004812e+00 -3.555805365617458413e+00
-2.501464617365755649e-01 2.812344183399810849e+00 -3.579187003492353636e+00
-2.506304688482540177e-01 2.804079153932727220e+00 -3.626141308974428323e+00
-2.509544702960442852e-01 2.794850187300017996e+00 -3.671046210541231591e+00
-2.512379522205177018e-01 2.785876342165075403e+00 -3.714723320943753571e+00
-2.515191356575722792e-01 2.777032027003406789e+00 -3.757769219345915346e+00
-2.275042221425966071e-01 2.770244618448207241e+00 -3.801198740596637204e+00
-2.033001614680672864e-01 2.763497017742153616e+00 -3.844515113595837974e+00
-1.789711110375634961e-01 2.756777490870875535e+00 -3.887748085757314342e+00
-1.545922339452169003e-01 2.750429955502985191e+00 -3.931014025873072804e+00
-3.955474259281520077e-01 2.794445948726381523e+00 -3.573863136147624964e+00
-5.182470377842672837e-01 2.769525692597341493e+00 -3.611234144199940044e+00
-5.215643391014944674e-01 2.760408259259483632e+00 -3.659037724634263355e+00
-5.245897771414541610e-01 2.749984391091099045e+00 -3.705549534929420741e+00
-5.276000641823603843e-01 2.739707362219196085e+00 -3.751381058059301221e+00
-5.305735615903555136e-01 2.729550810742220612e+00 -3.796676669059445786e+00
-5.577565250369811434e-01 2.715904142262145715e+00 -3.836362826943452653e+00
-5.893198359187450386e-01 2.702137566469700491e+00 -3.872615760299607413e+00
-6.239099598323104567e-01 2.688424393262773382e+00 -3.906018954780385855e+00
-1.762121290280966104e-02 2.852360871456088187e+00 -3.387884446632978275e+00
2.792731373696390185e-02 2.849024847713772512e+00 -3.409072327057458107e+00
7.329810638464918926e-02 2.845685380522598784e+00 -3.430284430183625943e+00
1.184889467757626602e-01 2.842346248893178995e+00 -3.451496237750835139e+00
1.632318901709103875e-01 2.835420726825836013e+00 -3.472020482783932493e+00
2.080358982116490008e-01 2.828289637338631035e+00 -3.492526500755963603e+00
2.528469491331721275e-01 2.821149422940291807e+00 -3.513078252981683747e+00
2.976862976846870179e-01 2.814001671664823068e+00 -3.533659065367467544e+00
3.415473317872863013e-01 2.806397132616696322e+00 -3.556079138350461744e+00
-1.345248377645996869e-02 2.854524174161612748e+00 -3.373791988149937193e+00
3.678632572771980969e-02 2.854766722753398156e+00 -3.371690970661561870e+00
8.564378950408434166e-02 2.856374938498085214e+00 -3.360735558298321379e+00
1.319123389398579038e-01 2.859168256105354633e+00 -3.342111010111517455e+00
1.760073620046242182e-01 2.862638601944661687e+00 -3.319112486903625037e+00
2.170264912358275400e-01 2.863939679392649484e+00 -3.291011067741870466e+00
2.556842392270514686e-01 2.864499018695882526e+00 -3.259663595283450732e+00
2.916791904748000652e-01 2.865908951443395303e+00 -3.225330932038232845e+00
3.256422312000796793e-01 2.867914609101823498e+00 -3.189028976401660387e+00
-1.107614262034529506e+00 2.680065860970975766e+00 -3.119305016438078226e+00
-1.104662593349411193e+00 2.677748787665379382e+00 -3.138446416708092990e+00
-1.100586276366305682e+00 2.674548884497650825e+00 -3.164880964762839088e+00
-1.095599582529045213e+00 2.670634058465466865e+00 -3.197220736536104724e+00
-1.120837650835910138e+00 2.652926334042093437e+00 -3.237386431246823015e+00
-1.142780665748958979e+00 2.636195873298406323e+00 -3.279558808618350696e+00
-1.162562702182918795e+00 2.620147531860079759e+00 -3.322823362841007100e+00
-1.180877774382408818e+00 2.604696954379994711e+00 -3.366767177921208276e+00
-1.197728149968260380e+00 2.588801097142609198e+00 -3.410947868347425249e+00
-1.105951309567161145e+00 2.678766352377381477e+00 -3.130057023500719460e+00
-1.102639520546336405e+00 2.676163800075821886e+00 -3.151548901900143473e+00
-1.099310234368223949e+00 2.673547362295190410e+00 -3.173155063966816680e+00
-1.095268238908776892e+00 2.670372981530008349e+00 -3.199374754164252543e+00
-1.090999202387582079e+00 2.667018814589732223e+00 -3.227075256137627690e+00
-1.120720459288793824e+00 2.648170629325550696e+00 -3.263482906215299906e+00
-1.146705625597404854e+00 2.630328308605308862e+00 -3.302721073861157652e+00
-1.170693150183538478e+00 2.613081041384656356e+00 -3.343161770997562066e+00
-1.194848466357261607e+00 2.595828280365190643e+00 -3.383196582708218880e+00
-1.776251896826189336e+00 2.525803318373660122e+00 -1.303898683186474949e+00
-1.810801679414880461e+00 2.504279033887260031e+00 -1.274786615368910914e+00
-1.844156794333041915e+00 2.483599235514647230e+00 -1.245523746349788352e+00
-1.873800810125080707e+00 2.462340379796649437e+00 -1.216267055367452832e+00
-1.901096836848271909e+00 2.442291254442749526e+00 -1.186804638452644944e+00
-1.926385314875942001e+00 2.423868671096036209e+00 -1.157096342785794763e+00
-1.958959702870016306e+00 2.399717643014357638e+00 -1.127358935510213378e+00
-1.991361376027141805e+00 2.375721982600069726e+00 -1.097430127136309830e+00
-2.022469234450556375e+00 2.350382414564367917e+00 -1.067249934568380576e+00
-1.907822890898972279e+00 2.427186449637673160e+00 -1.340907439916581234e+00
-1.909930513678101960e+00 2.426436422293014594e+00 -1.325963577940093341e+00
-1.911157829076365333e+00 2.425969591370727763e+00 -1.317738856558720251e+00
-1.911380457768866226e+00 2.425878842654727752e+00 -1.316343264835413418e+00
-1.910699902689954488e+00 2.426125483729663745e+00 -1.321097925274517637e+00
-1.909341196373253835e+00 2.426625163322196244e+00 -1.330475061241119583e+00
-1.907474194651094690e+00 2.427315103976023014e+00 -1.343307347729351342e+00
-1.905097318071197421e+00 2.428196337432964924e+00 -1.359598527554999325e+00
-1.902207360485840937e+00 2.429269916393700601e+00 -1.379372734567359871e+00
-1.745122939299641684e+00 2.514776061641625482e+00 -1.725861221173628168e+00
-1.774532418971293657e+00 2.491637149439739130e+00 -1.731693409772634418e+00
-1.806601631674785047e+00 2.466408556346634917e+00 -1.738021175263715579e+00
-1.840625894190774270e+00 2.439641816734780200e+00 -1.744736045831536186e+00
-1.872887946271355908e+00 2.412348107272269893e+00 -1.771741840754525787e+00
-1.906253911428768211e+00 2.384414023493949486e+00 -1.796505313671942661e+00
-1.940281542615406085e+00 2.356116176891136949e+00 -1.819708323589946053e+00
-1.973443225536947176e+00 2.326081091566071901e+00 -1.841605239544662487e+00
-2.006421484771518493e+00 2.295155874025946119e+00 -1.862645436789923670e+00
-1.752330981915092956e+00 2.509103899782563651e+00 -1.727301306967488514e+00
-1.786801510733486253e+00 2.481983457807527049e+00 -1.734132583738667410e+00
-1.822029721046964923e+00 2.454269523847416590e+00 -1.741085640658351252e+00
-1.857347168304153584e+00 2.426484963666466488e+00 -1.748060881629220686e+00
-1.890762924160548364e+00 2.398545433093421497e+00 -1.772470407199572495e+00
-1.925441543254971410e+00 2.369902854498667555e+00 -1.793996176529322639e+00
-1.961228167138346468e+00 2.340483297268094010e+00 -1.812031218511817032e+00
-1.996775589567969744e+00 2.308404602014311191e+00 -1.825431405772396376e+00
-2.032552745192055976e+00 2.274807797133636011e+00 -1.833085821876168309e+00
-7.340234117133601632e-01 3.010308849114994079e+00 -1.037924781561385235e+00
-6.898910868571950239e-01 3.021066650137305576e+00 -1.017184996747742876e+00
-4.349478082375455301e-01 3.075923076496268838e+00 -9.591384424682564136e-01
-4.365995674532311965e-01 3.076473547843356471e+00 -9.474842539935459662e-01
-4.386076953479429719e-01 3.076917911877120826e+00 -9.367047912399089071e-01
-4.405349771357408017e-01 3.077345088856006772e+00 -9.263487115873598743e-01
-4.424356575683001669e-01 3.077767199910891982e+00 -9.161230597838477818e-01
-4.443544432632218766e-01 3.078194141172238218e+00 -9.057878042866205348e-01
-4.463285484472316877e-01 3.078634144752801394e+00 -8.951432237294535410e-01
-7.420590689906181314e-01 3.008753688144333527e+00 -1.025480652702725370e+00
-9.653503466167400182e-01 2.956056424549183159e+00 -9.220460389660914968e-01
-9.544410230622087932e-01 2.962325595276197099e+00 -8.752905088145971346e-01
-9.432096122123377890e-01 2.967083901507802324e+00 -8.270430434780502438e-01
-9.317455605848449229e-01 2.971057728699766809e+00 -7.786210255557083348e-01
-9.204404285522959084e-01 2.974976720944321862e+00 -7.307624824424203691e-01
-9.093176890119142319e-01 2.978832467711258314e+00 -6.836837779138259519e-01
-8.984334946767583707e-01 2.982605513046394208e+00 -6.376184669430393637e-01
-9.296826123913118911e-01 2.972413835120978121e+00 -4.957081302831268799e-01
-1.566477593867260820e+00 2.510256337808693949e+00 -2.689944066914034426e+00
-1.597255680315557091e+00 2.485583293923488757e+00 -2.720267360726190908e+00
-1.628288096288037279e+00 2.460750723808692086e+00 -2.750581586089764663e+00
-1.659268578952181938e+00 2.435945995927472296e+00 -2.780925365734055354e+00
-1.690082353762846212e+00 2.411048667290252467e+00 -2.811287229882713845e+00
-1.719568425140449275e+00 2.384345453904809453e+00 -2.841354329396772904e+00
-1.748408863092678400e+00 2.356828494297835697e+00 -2.871330128282138183e+00
-1.777192217620610082e+00 2.329350069592336592e+00 -2.901343619160132281e+00
-1.806058215104762610e+00 2.301807425579852850e+00 -2.931353888564872445e+00
-1.556601742025928603e+00 2.514773844404489811e+00 -2.700113017480041400e+00
-1.571122928468491775e+00 2.497957302512149536e+00 -2.744716486118696785e+00
-1.578683210799491476e+00 2.485034561747389237e+00 -2.792333250396914046e+00
-1.579120268667986160e+00 2.476360740183078057e+00 -2.841579888960492184e+00
-1.575942349917331731e+00 2.470804199297867321e+00 -2.891167646935627111e+00
-1.568399223929707320e+00 2.468005713901128217e+00 -2.940772295420080784e+00
-1.557066738859984589e+00 2.467716234798074115e+00 -2.989639319154798969e+00
-1.542542092407068299e+00 2.469172451982784455e+00 -3.037360202657470420e+00
-1.525159331619533543e+00 2.470885596441312781e+00 -3.084093073402486507e+00
-1.693643823647376534e+00 2.483546448815369345e+00 -2.303909796016212486e+00
-1.732973708701993854e+00 2.458122156200246877e+00 -2.287276277974934491e+00
-1.771189780049222895e+00 2.431128938808495121e+00 -2.270357185871255012e+00
-1.809360372817507390e+00 2.404182980633271516e+00 -2.253355693988402741e+00
-1.849759134331185884e+00 2.375537629882147339e+00 -2.236218340789632553e+00
-1.889367192984521049e+00 2.347493131052422299e+00 -2.219144143117707024e+00
-1.927551157850246222e+00 2.319821069968290406e+00 -2.202287149985318493e+00
-1.964618788322123111e+00 2.289660973697638102e+00 -2.189838781865714790e+00
-2.001841091582781562e+00 2.258253018993787276e+00 -2.187083732073278330e+00
-1.688521863105693299e+00 2.488478831252355139e+00 -2.290800831372198587e+00
-1.718940513652510438e+00 2.472489077047808959e+00 -2.254803758543238779e+00
-1.743384044736753236e+00 2.460068661955679747e+00 -2.213233170995383414e+00
-1.762002290502722168e+00 2.452080532006559732e+00 -2.167706010019222251e+00
-1.777014648422071685e+00 2.446757904719639942e+00 -2.120465200863593580e+00
-1.787838086773428925e+00 2.444470221298349788e+00 -2.071813147064544669e+00
-1.795729838977172532e+00 2.444275908434953237e+00 -2.022470901622814843e+00
-1.800707092329845604e+00 2.446954281919465402e+00 -1.972812525718174559e+00
-1.800460295375735154e+00 2.453212337545851440e+00 -1.923249859957233410e+00
2.122495073651937236e+00 2.192421025217385466e+00 -1.845662209794527664e+00
2.130575706161482064e+00 2.187938514906333065e+00 -1.814669882357471176e+00
2.139694880161697288e+00 2.182482085438065766e+00 -1.779055900960487602e+00
2.149714467834765053e+00 2.176481479108622441e+00 -1.739970387590651146e+00
2.160386839564671924e+00 2.170090784181623267e+00 -1.698331323829098016e+00
2.131881281652394211e+00 2.204176839090747908e+00 -1.635638945523866017e+00
2.143701940774516146e+00 2.197635073707548958e+00 -1.595248659337284103e+00
2.154674672219404563e+00 2.191516088027375186e+00 -1.558248467977097373e+00
2.164943711446674079e+00 2.185792184993570864e+00 -1.523592869656317239e+00
2.118846454597367757e+00 2.194124101943262239e+00 -1.858768825551263548e+00
2.122300377936582105e+00 2.192509087052773253e+00 -1.846380532076550063e+00
2.125475384497558906e+00 2.190976918040193233e+00 -1.834699475566908378e+00
2.129414678572670638e+00 2.188623727475918379e+00 -1.819282837552933962e+00
2.132269113730788312e+00 2.186916848713940542e+00 -1.808126315323644651e+00
2.136585623753311403e+00 2.184333426418186619e+00 -1.791274044552414457e+00
2.139598222703949837e+00 2.182533640878228098e+00 -1.779485478084390726e+00
2.142512055062859133e+00 2.180790487997986915e+00 -1.768103075319754192e+00
2.147294472821357214e+00 2.177927761497600923e+00 -1.749435645321495203e+00
2.006614735704788099e+00 2.324297135081847987e+00 -1.530832685502319546e+00
1.830469579502599142e+00 2.316277267069787538e+00 -2.745370334204908502e+00
1.852067196087673340e+00 2.291698414821956131e+00 -2.783137094078458329e+00
1.873468974390436470e+00 2.267237671848357561e+00 -2.821108077258822622e+00
1.894931615729892105e+00 2.242825284547875331e+00 -2.859135215289948739e+00
1.916753911771439389e+00 2.218887409136530930e+00 -2.897218340288862493e+00
1.937149715598755151e+00 2.193408941274478607e+00 -2.934962392099041750e+00
1.957188104876202095e+00 2.167478268178516743e+00 -2.972613791237941339e+00
1.977401311568891762e+00 2.141396407213192798e+00 -3.010238567636080997e+00
1.997558889645991931e+00 2.115360238600922038e+00 -3.047883254530170394e+00
1.819918618818127110e+00 2.323311579977965557e+00 -2.752871199761863341e+00
1.823564610470755687e+00 2.311187902217552992e+00 -2.800859576466024681e+00
1.820091739667301978e+00 2.304559027269145410e+00 -2.850002123049264036e+00
1.810445449609522361e+00 2.303815179952007686e+00 -2.899086021732281360e+00
1.797196874962637914e+00 2.306277579907457742e+00 -2.947348972243170717e+00
1.780357702335255921e+00 2.311301778979635735e+00 -2.994160227262048668e+00
1.759946848822198762e+00 2.317272501641899130e+00 -3.039417830986597124e+00
1.736741938322646783e+00 2.325649202712766872e+00 -3.082909245944362553e+00
1.719094365723474516e+00 2.329721383632604947e+00 -3.129482108509610505e+00
2.057503946885382629e+00 2.166644322556641189e+00 -2.449192767668351145e+00
2.093529360882343759e+00 2.132602234374185279e+00 -2.454211634230606176e+00
2.128151157206204402e+00 2.097312633789977898e+00 -2.458970086043509085e+00
2.161967318978072594e+00 2.061100633488315736e+00 -2.463576909584928920e+00
2.195813852992956949e+00 2.024862397943973491e+00 -2.468154356856749221e+00
2.228508209219889569e+00 1.987779209865828678e+00 -2.472640256122956792e+00
2.261117204039405859e+00 1.950546619156525274e+00 -2.477098418498527188e+00
2.292408862381597245e+00 1.912162359922169319e+00 -2.481340777112930773e+00
2.322971152421315466e+00 1.873071450888301515e+00 -2.485456230675830991e+00
2.058032443369344211e+00 2.168228543701268052e+00 -2.434428363978284438e+00
2.093165982454862295e+00 2.138342548688572986e+00 -2.415727945922942155e+00
2.125792488778341927e+00 2.111892164130301008e+00 -2.389082726589712546e+00
2.154767840032106196e+00 2.088835375165264185e+00 -2.355879693991782986e+00
2.179904155569233559e+00 2.066846087065920656e+00 -2.318993914742951024e+00
2.202589940556636261e+00 2.048354272632214812e+00 -2.278716931620857533e+00
2.223346984754753564e+00 2.032392682475701040e+00 -2.236327926026963286e+00
2.241990245206442189e+00 2.019136638444608778e+00 -2.192013917122029643e+00
2.259057503206595818e+00 2.007858135229212415e+00 -2.146493900434916391e+00
1.564163799966408197e+00 2.424671250114895038e+00 -3.207049965077164000e+00
1.580928642058036848e+00 2.404343061650855873e+00 -3.249444710516777413e+00
1.597902174306568890e+00 2.383896910591798868e+00 -3.291737762631780750e+00
1.614909545344304753e+00 2.363429620504924333e+00 -3.334023698271694425e+00
1.632154377759214903e+00 2.343192769580333845e+00 -3.376485437419651348e+00
1.653118293865036836e+00 2.321731674533871637e+00 -3.416619749934187045e+00
1.678401233119198421e+00 2.297962069631628079e+00 -3.452649650422620287e+00
1.704823159821051926e+00 2.270041375068183154e+00 -3.484610989926590463e+00
1.729707924278818698e+00 2.242896686568442544e+00 -3.518381617004077810e+00
1.552110673424006215e+00 2.431568304236255251e+00 -3.212531991631621509e+00
1.549736693564874868e+00 2.422628588432742980e+00 -3.261596064068772893e+00
1.538375726663893328e+00 2.419903220902191787e+00 -3.309753537127015921e+00
1.520427133515600548e+00 2.421939304684050054e+00 -3.356285572214598556e+00
6.445653081627470415e-01 2.689009933231382821e+00 -3.867550943884524806e+00
6.382766813947454709e-01 2.690532086342005691e+00 -3.867858457193214861e+00
6.322924316716886928e-01 2.691983218400625599e+00 -3.868138593169229367e+00
6.262348341359442738e-01 2.693452205793249732e+00 -3.868421837390868756e+00
6.197888850400212757e-01 2.695015443960450785e+00 -3.868722890744608289e+00
6.126773282325804759e-01 2.696740174262153289e+00 -3.869054689868023367e+00
6.046432003349228035e-01 2.698688717403883608e+00 -3.869429220608470832e+00
5.954386041642926175e-01 2.700921196330171359e+00 -3.869858041023221507e+00
5.848190578564890219e-01 2.703496906691765123e+00 -3.870352545084272844e+00
6.306945331829834078e-01 2.692374448543970900e+00 -3.868195722177585338e+00
6.098272959153355766e-01 2.697433183524205802e+00 -3.869179161008175161e+00
5.879930891420064309e-01 2.702729169006466758e+00 -3.870194829733050401e+00
5.649113273592761830e-01 2.708327753434225382e+00 -3.871268536820958506e+00
5.354229515403843287e-01 2.715480146288911989e+00 -3.872640944047684552e+00
5.005677458795816381e-01 2.721271910794678117e+00 -3.873765684914900476e+00
4.615036197187497025e-01 2.726279802470157332e+00 -3.874688637622172749e+00
4.194357449436802998e-01 2.731675151967098536e+00 -3.875670142920454975e+00
3.751778849339238442e-01 2.737351225881384575e+00 -3.876703517254783460e+00
9.775085684246918039e-01 2.633148327739124550e+00 -3.655485381104840670e+00
9.713977040735484181e-01 2.628916539185498280e+00 -3.685315560022947690e+00
9.642594626466046703e-01 2.623972805844143608e+00 -3.720163090145089058e+00
9.563397095549159843e-01 2.618487179232331652e+00 -3.758828743713415133e+00
9.715306957752057881e-01 2.602947028596851897e+00 -3.803804130209064827e+00
9.863784200885510334e-01 2.587302200266740293e+00 -3.849847008181270791e+00
9.992102836953343781e-01 2.572622758692476808e+00 -3.896865036559333362e+00
1.010629773212188498e+00 2.558754548921304384e+00 -3.944293718281137728e+00
9.418842997940423123e-01 2.571982111319073283e+00 -4.006467440888135556e+00
9.802885414285312793e-01 2.635074206545462872e+00 -3.641911559403947951e+00
9.779202289777347845e-01 2.633432132779604640e+00 -3.653481670269814519e+00
9.759434817969991904e-01 2.632061197928951213e+00 -3.663140451592328706e+00
9.729690162866796443e-01 2.630000265536751591e+00 -3.677665366210940867e+00
9.710185917094824593e-01 2.628646764699939631e+00 -3.687199285525093906e+00
9.687017830960625853e-01 2.627040954877807977e+00 -3.698515249460403442e+00
9.655431808881363986e-01 2.624851994680367451e+00 -3.713941370913209195e+00
9.635583041923483361e-01 2.623474145734163709e+00 -3.723645707887374812e+00
9.609095957663357224e-01 2.621638667551599688e+00 -3.736581049275340405e+00
1.441907879679622972e+00 2.457587973917856328e+00 -3.432747614053193175e+00
1.459853745194156671e+00 2.438128368078955610e+00 -3.474269127024729453e+00
1.478018388327313248e+00 2.417806733953325349e+00 -3.515940288055309892e+00
1.496180386423490605e+00 2.397472357858039249e+00 -3.557682246581396868e+00
1.514339139510207266e+00 2.377129807178362864e+00 -3.599474552350983902e+00
1.524823393571985708e+00 2.360608150252363480e+00 -3.645367528621138664e+00
1.519639850985835539e+00 2.353446501737876062e+00 -3.695247826333776242e+00
1.521919907446026121e+00 2.341769647743891181e+00 -3.743445067730200471e+00
1.524136618130034648e+00 2.330380808642941393e+00 -3.790471891780408331e+00
1.429448800253656504e+00 2.463235397821596617e+00 -3.438525546900929708e+00
1.428555224722699801e+00 2.453656393961552773e+00 -3.487405812745989042e+00
1.419898091856052424e+00 2.448354618847820685e+00 -3.536205988125126431e+00
1.404121680167359054e+00 2.447269014192430259e+00 -3.583506038737669819e+00
1.384481073773679460e+00 2.448625746529376368e+00 -3.629373577009460838e+00
1.360770042088888410e+00 2.452724800454423537e+00 -3.673131627403147359e+00
1.333409439188242063e+00 2.459336493374113974e+00 -3.714393240750020642e+00
1.304425084320337547e+00 2.467113215443774266e+00 -3.754312999354425973e+00
1.280605501953547609e+00 2.469122594074363963e+00 -3.798109446763885177e+00
1.229233867319398987e+00 2.536642193846348370e+00 -3.600546678769909192e+00
1.244347451085563439e+00 2.520845920558325126e+00 -3.645347148746021393e+00
1.241351265464443854e+00 2.532976178073034212e+00 -3.592715918228077676e+00
1.273606631225575825e+00 2.510725004382760250e+00 -3.623367921661833968e+00
-1.369963129190590601e-01 2.742280942602281169e+00 -3.977032087612739186e+00
-1.193750021621103469e-01 2.732681361701385647e+00 -4.022756158152980710e+00
-1.019887970386938875e-01 2.723079854044679671e+00 -4.068451559399062667e+00
-8.408726658341242333e-02 2.713482936039698590e+00 -4.114208161914575612e+00
-6.620882454095816660e-02 2.704015571677706120e+00 -4.160070548183236738e+00
-4.837496478988349835e-02 2.694937709278064197e+00 -4.206005936413427015e+00
-3.059200823979514594e-02 2.685860855766581956e+00 -4.251927944310419427e+00
-1.338877485206829872e-02 2.675485918668819352e+00 -4.297484476987680324e+00
3.730485580916824157e-03 2.664142872542835327e+00 -4.342823066929832443e+00
-1.239933840835748813e-01 2.744316887370379376e+00 -3.969989465350338254e+00
-8.705442225424593616e-02 2.738240884609426828e+00 -4.003019655333437399e+00
-4.464496360733680863e-02 2.733897415377287476e+00 -4.029169502562413463e+00
1.148072821153653736e-03 2.730712644124294375e+00 -4.048586675124476564e+00
4.874024942380070224e-02 2.727076640037278565e+00 -4.063004098060069680e+00
9.756468910099491687e-02 2.724058188151932125e+00 -4.072130739433664992e+00
1.468951515327628077e-01 2.719361796683880339e+00 -4.076392611643472108e+00
1.963597146259881132e-01 2.715525963929345199e+00 -4.076799171410347533e+00
2.456340036033227703e-01 2.710445539433150142e+00 -4.082780285702476419e+00
-6.649287127140462994e-01 2.674677882481627300e+00 -3.930993957930750238e+00
-7.051704131735192504e-01 2.658235505791425091e+00 -3.955416462392696175e+00
-7.450259364419853370e-01 2.641153533144052989e+00 -3.979750226908254973e+00
-7.851074999713923974e-01 2.624001376273700892e+00 -4.004090412480755923e+00
-8.251759835481319305e-01 2.606854821128337107e+00 -4.028422633332945146e+00
-8.650017449087810117e-01 2.589129927331705883e+00 -4.052598407036525074e+00
-9.040380393165659001e-01 2.569041548129460395e+00 -4.076260627836650663e+00
-9.430646684836142546e-01 2.548955117616424904e+00 -4.099929649189338221e+00
-9.821455755604302507e-01 2.528843472621288502e+00 -4.123620200301828298e+00
-6.552333282307446494e-01 2.674496336816053699e+00 -3.942362703656256961e+00
-6.792938000081703009e-01 2.658970641866826412e+00 -3.983270430651273841e+00
-6.954691777161140509e-01 2.644504664985210418e+00 -4.028200518624068138e+00
-7.041487861795627801e-01 2.631355648810363768e+00 -4.075615032161389983e+00
-7.082051142568278612e-01 2.619174668389203653e+00 -4.123888036927617406e+00
-7.071681835481935519e-01 2.608421663364868248e+00 -4.172720013422279273e+00
-7.019413405151123664e-01 2.599125122282671008e+00 -4.221547163108630762e+00
-6.722280435324187176e-01 2.596326417449715596e+00 -4.268895120760633155e+00
-6.672433259461656441e-01 2.587091005090008444e+00 -4.317160165218631995e+00
3.794347192316428474e-01 2.796308577198571843e+00 -3.586508777922772229e+00
4.168630434533899254e-01 2.783661233051289319e+00 -3.616612885105155772e+00
4.540771211834517818e-01 2.771262889109451955e+00 -3.646843406775694962e+00
4.910234418926528455e-01 2.758902288941290859e+00 -3.677150128451098787e+00
3.870137244609582750e-01 2.797316468484504881e+00 -3.573797304745585102e+00
4.344527911164142164e-01 2.786520306417717752e+00 -3.582720208053468802e+00
4.827106653950036796e-01 2.777273776347354062e+00 -3.582816492070934444e+00
5.309725855607423384e-01 2.769594406309731305e+00 -3.574801469308810375e+00
5.784478382746925940e-01 2.762966634135614274e+00 -3.562124469607011790e+00
3.631192768137289084e-01 2.868891847429939190e+00 -3.156122128420412398e+00
4.006284544602593534e-01 2.869866847997705417e+00 -3.123204862321120601e+00
4.378211883398943072e-01 2.869394065706817987e+00 -3.090109201524395388e+00
4.747657057436709405e-01 2.867621893029743241e+00 -3.056787995159277571e+00
5.116172943412023999e-01 2.865867984503606802e+00 -3.023455446012816239e+00
5.489245148230803562e-01 2.864082243618017998e+00 -2.990043900583914560e+00
5.801336222864786896e-01 2.864378980780809325e+00 -2.951018042798965180e+00
6.035596841860170203e-01 2.866815858446150056e+00 -2.907047962325012058e+00
6.179104694952314292e-01 2.871413497507885548e+00 -2.859531417123699182e+00
3.518839796083462201e-01 2.871915097415124407e+00 -3.146799724238225959e+00
3.706527737527237076e-01 2.877483693185546088e+00 -3.100931604337748393e+00
3.809627545502953794e-01 2.884532123417530958e+00 -3.052652260213902569e+00
3.828621533570932267e-01 2.891820687373057641e+00 -3.003366041059349456e+00
3.799416553778589556e-01 2.898887328559375032e+00 -2.954116491671991973e+00
3.716011437840356924e-01 2.905852554300018209e+00 -2.905464243305128313e+00
3.590506574952911367e-01 2.913249101268846175e+00 -2.857802945439760656e+00
3.427780602037408531e-01 2.920997203509166251e+00 -2.811264460203259041e+00
3.239425277304213702e-01 2.928961877203327457e+00 -2.765710320676898260e+00
-2.055638762786204943e+00 2.321960821145531373e+00 -1.043303729946605030e+00
-2.088433050582217732e+00 2.293865532901060433e+00 -1.019471195621776571e+00
-2.122160316959461834e+00 2.264951941468212659e+00 -9.955862614132047206e-01
-2.155309350705243432e+00 2.236254332567209957e+00 -9.714634024091240994e-01
-2.187594911583178980e+00 2.206791835813208813e+00 -9.473236230856585394e-01
-2.219840404901855635e+00 2.177366055681729140e+00 -9.232117451937628116e-01
-2.250446399103022799e+00 2.146440965676904344e+00 -8.990225865079946033e-01
-2.280309783900556386e+00 2.114767237175994907e+00 -8.747738619170783991e-01
-2.309976513278881427e+00 2.082883064269378082e+00 -8.504987370958072557e-01
-2.049077835952776372e+00 2.328086794610589205e+00 -1.031446038183414959e+00
-2.070632589702413817e+00 2.310390401254175163e+00 -9.904439053522284819e-01
-2.087548416828897135e+00 2.296899945504969676e+00 -9.451867892829683981e-01
-2.098532271382532954e+00 2.288708430767381063e+00 -8.971003642248562837e-01
-2.106119849439273217e+00 2.283531642388689331e+00 -8.480232113297397900e-01
-2.110347176335483965e+00 2.282393916096421727e+00 -7.980286860122081105e-01
-2.111292331805573408e+00 2.284793720330848377e+00 -7.480192686747688668e-01
-2.109435956382180954e+00 2.289635066262021734e+00 -6.983002066406023278e-01
-2.104560307129645036e+00 2.297104871872901022e+00 -6.489381267517756458e-01
-1.897888286889552800e+00 2.430878595193019631e+00 -1.408858779919654580e+00
-1.892688908661789515e+00 2.432625702841434201e+00 -1.443591484968634431e+00
-1.886040388663080103e+00 2.433485148543419019e+00 -1.482279291229508411e+00
-1.878889019945652494e+00 2.434398530477666522e+00 -1.523994325470565459e+00
-1.871359376355901993e+00 2.435360516359132088e+00 -1.567913242859795275e+00
-1.864124105648184093e+00 2.436287684365358253e+00 -1.610089630663816385e+00
-1.899803041759130950e+00 2.430161854734028015e+00 -1.395843579764148856e+00
-1.897666704240838387e+00 2.430958187583426522e+00 -1.410418153812028397e+00
-1.895324608317191517e+00 2.431831589826069173e+00 -1.426390557213972343e+00
-1.892943176728874466e+00 2.432590848122329952e+00 -1.442130046668883558e+00
-1.890472860657330889e+00 2.432911556749139059e+00 -1.456492282846122421e+00
-1.887051010085726510e+00 2.433349269591912112e+00 -1.476446342580067572e+00
-1.884507181498689121e+00 2.433675245682413557e+00 -1.491275060216070480e+00
-1.880762149307537268e+00 2.434154042410459073e+00 -1.513116054670450072e+00
-1.878452009171490467e+00 2.434450392685355347e+00 -1.526579610115100571e+00
-4.502288280806309162e-01 3.079503754160284767e+00 -8.741082085587841277e-01
-4.551850721801818378e-01 3.079706225471326775e+00 -8.462891343548448742e-01
-4.610876246008123736e-01 3.079010333086699802e+00 -8.128555721567198855e-01
-4.677865695742082774e-01 3.078219248218914128e+00 -7.750859233805653670e-01
-4.750598179357648498e-01 3.077360432422644454e+00 -7.340662815224625604e-01
-4.827528664350236864e-01 3.076452140845710836e+00 -6.906664529495661897e-01
-4.907479716619834176e-01 3.075508276324040668e+00 -6.455505072967573366e-01
-4.989579644532309843e-01 3.074539125512088411e+00 -5.992108904926289892e-01
-5.453804826509590642e-01 3.070183980058499795e+00 -3.774071891528132938e-01
-4.477246007836471753e-01 3.078942472690484600e+00 -8.876582889794479847e-01
-4.493012896175587190e-01 3.079296644140275152e+00 -8.791152169666452965e-01
-4.506880390219351606e-01 3.079607961357689661e+00 -8.716041414764641448e-01
-9.186512375653462792e-01 2.976140455134023810e+00 -4.907029562117444788e-01
-9.005748643838619172e-01 2.982240689286228097e+00 -4.852080752509834172e-01
-8.759891188702360054e-01 2.990537572970201285e+00 -4.777637791942110357e-01
-8.460399635499517013e-01 3.000644435280803712e+00 -4.686939946090959430e-01
-8.118929769399728658e-01 3.012167939086501267e+00 -4.583484661778870484e-01
-7.745695917126264041e-01 3.024763388333504999e+00 -4.470347568326656362e-01
-7.344985380291711996e-01 3.038081142858791051e+00 -4.350683194863502190e-01
-6.955145698346048011e-01 3.044693902682742870e+00 -4.233279465494762528e-01
-6.605161519140103632e-01 3.050635955492878360e+00 -4.126247210554849221e-01
-9.336506061979391591e-01 2.971078498318736383e+00 -4.953135900429355143e-01
-9.404628608498493136e-01 2.968779600825132370e+00 -4.973697293868019065e-01
-9.543574374772904045e-01 2.964090554707881520e+00 -5.016117995147378883e-01
-9.885447017795272462e-01 2.953613840674106150e+00 -4.650222562877290855e-01
-1.024508681576265845e+00 2.942974647797897969e+00 -4.305733010399216965e-01
-1.061127689097228544e+00 2.932080473283912969e+00 -3.972534978125002447e-01
-1.098020987479539246e+00 2.921071060309461842e+00 -3.646494874182460988e-01
-1.134995401404749860e+00 2.909373261899899088e+00 -3.324254279429757486e-01
-1.170107473249205388e+00 2.894448980504849445e+00 -3.007666970019039487e-01
-1.838634912171953184e+00 2.272375178389221873e+00 -2.955165915540282295e+00
-1.870269589301400526e+00 2.242107218880905695e+00 -2.978713687976450419e+00
-1.900663108111666721e+00 2.210595168484786655e+00 -3.002000026770894170e+00
-2.021942654221061009e+00 2.100879839076437161e+00 -3.011326557446106555e+00
-2.022108812804301881e+00 2.095969928977089225e+00 -3.038031722317318994e+00
-2.021922348625138532e+00 2.091179547004740513e+00 -3.063790689263911293e+00
-2.021179311364316167e+00 2.085803968668940467e+00 -3.089289380728862167e+00
-2.020418339829634924e+00 2.080361116370614383e+00 -3.115142487230253554e+00
-2.019637832691552504e+00 2.074768043867860623e+00 -3.141703130270606437e+00
-1.830578094973990932e+00 2.276755474283546743e+00 -2.966933454224271571e+00
-1.849035568204532964e+00 2.254706378077918849e+00 -3.007605851033491984e+00
-1.859989265253569446e+00 2.235773579484931162e+00 -3.052332772181625131e+00
-1.864856128346894071e+00 2.222098702819351956e+00 -3.100022168674384293e+00
-1.866214410343570718e+00 2.211620217804564525e+00 -3.148776701294906832e+00
-1.871066145811723258e+00 2.172147459038531014e+00 -3.322157253164930601e+00
-1.862702814486159708e+00 2.178459546301795058e+00 -3.324096743411739663e+00
-1.849791459644377190e+00 2.188212651916390694e+00 -3.327048986989713963e+00
-1.832956519035421339e+00 2.200929215034038933e+00 -3.330900254696605334e+00
-1.511527594502202199e+00 2.470653653874149480e+00 -3.132203371240257272e+00
-1.498014318752003859e+00 2.470422591261254741e+00 -3.180355675770591528e+00
-1.484180010670601124e+00 2.470395444500935067e+00 -3.228407758008503770e+00
-1.470378397392346326e+00 2.470349239377013451e+00 -3.276459893361725939e+00
-1.456596187640527340e+00 2.470292654440816804e+00 -3.324506529726754867e+00
-1.442091514051969892e+00 2.468982138460976472e+00 -3.372301415214579379e+00
-1.435626144623837863e+00 2.462123477658976434e+00 -3.421349820331991864e+00
-1.437676874344790079e+00 2.450336360537621605e+00 -3.469818191343968294e+00
-1.567497884981437828e+00 2.358445415877397977e+00 -3.531888767517664451e+00
-1.500167910486683853e+00 2.478221553329152727e+00 -3.126563461603781402e+00
-1.469933052838124476e+00 2.489490931697351694e+00 -3.164272412740939622e+00
-1.327409202085405804e+00 2.568791426757462748e+00 -3.170540195974033804e+00
-1.318700030813039659e+00 2.567095250609796597e+00 -3.202555753939006600e+00
-1.311175078966604568e+00 2.565506192823427067e+00 -3.230849093185852450e+00
-1.268565200434586870e+00 2.584405525681955584e+00 -3.248529747329615525e+00
-2.037712434361413916e+00 2.225435816701453628e+00 -2.186624837464550719e+00
-2.073625580175760152e+00 2.191484259603773577e+00 -2.186072658961279558e+00
-2.191148258552601646e+00 2.071562704414872336e+00 -2.208785053649980679e+00
-2.192979000153641334e+00 2.070806267194420958e+00 -2.199608387815504162e+00
-2.194734657596080663e+00 2.070089851974049378e+00 -2.190736754494411631e+00
-2.196491927651177178e+00 2.069372398582190353e+00 -2.181859985665413060e+00
-2.198302327775172760e+00 2.068632874579289460e+00 -2.172717835611212234e+00
-2.200209569532642462e+00 2.067853436284991631e+00 -2.163089475518232607e+00
-2.234777120128872419e+00 2.031838714887646002e+00 -2.162088451434556191e+00
-2.035031564844371310e+00 2.225652672606232230e+00 -2.201221674310085419e+00
-2.064441281848830911e+00 2.194176760534990667e+00 -2.223835081608140918e+00
-2.177303724276762775e+00 2.077232511489560007e+00 -2.278582161244514293e+00
-2.171532182106806541e+00 2.079436701698072376e+00 -2.306895371061029376e+00
-2.163863811026184081e+00 2.081252191965912601e+00 -2.340529249367700348e+00
-2.155247679037094688e+00 2.083290536565662432e+00 -2.378328351064058488e+00
-2.145923906397155800e+00 2.085496518371706021e+00 -2.419230643073488896e+00
-2.149903219738094506e+00 2.058774300054353468e+00 -2.541672000189471703e+00
-2.153372137949420839e+00 2.046805552768660164e+00 -2.589962474660521430e+00
-1.800510270311765693e+00 2.458513600919722819e+00 -1.873673798472291541e+00
2.172715420535121567e+00 2.180853777274631700e+00 -1.495715301606480807e+00
2.181267465724783694e+00 2.174223156140321134e+00 -1.462576935460870420e+00
2.190827041725770474e+00 2.166816911974007720e+00 -1.425427108762384876e+00
2.201153650170116993e+00 2.158815983509454917e+00 -1.385304799085302685e+00
2.212039818674364167e+00 2.150381064039986079e+00 -1.343017146988326083e+00
2.236511949540254562e+00 2.128514503833874194e+00 -1.304238770290456317e+00
2.259522542598138006e+00 2.108144323184220514e+00 -1.264086110084746473e+00
2.281461802417725337e+00 2.088860804818117867e+00 -1.223123916184359894e+00
2.302797999675260776e+00 2.070580256538053110e+00 -1.181711631276951779e+00
2.175311654803750994e+00 2.178843503284518590e+00 -1.485603727441681565e+00
2.185569376120822582e+00 2.170890108005385066e+00 -1.445862217625561330e+00
2.195807212160370003e+00 2.162955856184301862e+00 -1.406125568375327317e+00
2.206043322914340354e+00 2.155022367959714913e+00 -1.366406727492226691e+00
2.234908907149968371e+00 2.128545053523323904e+00 -1.333940575594688704e+00
2.266460096504955946e+00 2.098556758165083469e+00 -1.307415694679492812e+00
2.298630661540682407e+00 2.064919918061923543e+00 -1.287399907625923934e+00
2.331558738985463286e+00 2.029737098801894124e+00 -1.273271904268349575e+00
2.362984705923345530e+00 1.992335510444711577e+00 -1.265784391384385588e+00
2.012822790875187895e+00 2.093013341689023754e+00 -3.089939549974540345e+00
2.027462094881054888e+00 2.070252453406137061e+00 -3.131876009374832126e+00
2.041251594507019540e+00 2.046618996982437988e+00 -3.173642280803792293e+00
2.055065845261532687e+00 2.022938569887642757e+00 -3.215502647853601736e+00
2.068882797611985236e+00 1.999259095151532550e+00 -3.257347730406767727e+00
2.082701077381687416e+00 1.975582606332653146e+00 -3.299174718220933666e+00
2.096601265733110786e+00 1.952044276832125114e+00 -3.340998695402683349e+00
2.109001720119333623e+00 1.927223463973099182e+00 -3.382443714831789183e+00
2.121445700454172467e+00 1.902342938112791648e+00 -3.423932399105593660e+00
2.022190676486984362e+00 2.086482364546080159e+00 -3.080385721832759049e+00
2.049909360853900075e+00 2.053984978860461386e+00 -3.106035233393038109e+00
2.079719942243150488e+00 2.018067997234814115e+00 -3.123499770227383898e+00
2.111862846354682244e+00 1.981238052686353113e+00 -3.133239359967989746e+00
2.144970567341073941e+00 1.944352280456831394e+00 -3.138241035544512059e+00
2.178811293966286033e+00 1.907800006170798701e+00 -3.137841704009705968e+00
2.212127613188632047e+00 1.871107860518348875e+00 -3.132925315176422920e+00
2.244686084300032469e+00 1.834492759819257302e+00 -3.123968554905414585e+00
2.275739844829825831e+00 1.797416423047178968e+00 -3.112058830747063354e+00
1.714941081883300411e+00 2.324007054793590488e+00 -3.178931577319541901e+00
1.710786522836080792e+00 2.318291147719593770e+00 -3.228395233382850726e+00
1.706630905153928346e+00 2.312574263583617284e+00 -3.277868785793997208e+00
1.710150480996009081e+00 2.301268892390298415e+00 -3.326406467037206216e+00
1.702991317646720182e+00 2.333137453090556424e+00 -3.176787262145034152e+00
1.681045632888548358e+00 2.341396395770212635e+00 -3.220905117354416536e+00
2.352653039902270926e+00 1.833602312526769085e+00 -2.496828292346467304e+00
2.381951037250491066e+00 1.794615375726984707e+00 -2.508191881042773019e+00
2.410297949393144901e+00 1.755696003412162920e+00 -2.519483372885361838e+00
2.436057867643162567e+00 1.715162914743076028e+00 -2.530417706528775401e+00
2.461645110698424954e+00 1.674425296447491718e+00 -2.541304808909627511e+00
2.487560048674585023e+00 1.633376099355065003e+00 -2.552264764607687919e+00
2.513491776737040606e+00 1.592300833211075961e+00 -2.563229278535839484e+00
2.538716015307386442e+00 1.550784368321741269e+00 -2.574084576968417970e+00
2.562497295284549281e+00 1.508368688422994763e+00 -2.584763502231543164e+00
2.354868978800969792e+00 1.833830097743930798e+00 -2.482114224516605461e+00
2.385893640973201002e+00 1.796988777801153958e+00 -2.469661116707210446e+00
2.414464872417624974e+00 1.762720366586892906e+00 -2.448543517938186032e+00
2.452706154488838663e+00 1.714377008271817271e+00 -2.423497114020012333e+00
2.459805052424172356e+00 1.712331668574689436e+00 -2.385458651139634512e+00
2.467510621532802872e+00 1.710110626595120698e+00 -2.344173433539599394e+00
2.475394159253618831e+00 1.707509515159078228e+00 -2.300782237326722601e+00
2.482807719460614404e+00 1.704466944409670948e+00 -2.255826734703668901e+00
2.500133582934824794e+00 1.686868887440329701e+00 -2.212501162995168080e+00
2.270072530603116423e+00 2.002234889597843903e+00 -2.098214690321292597e+00
2.280783384318699536e+00 1.996520193676335264e+00 -2.049815516557876194e+00
2.291645942815583759e+00 1.991077344099208890e+00 -2.001414360850411800e+00
2.302451536735747428e+00 1.985707778793349920e+00 -1.952989959253022434e+00
2.313409478188516832e+00 1.980152747124351853e+00 -1.904562537110057852e+00
2.324366925662782357e+00 1.974599756444111121e+00 -1.856126209666084881e+00
2.340624544418761221e+00 1.961605859888686521e+00 -1.810724518257410320e+00
2.360549981157042954e+00 1.941198427413027838e+00 -1.769730500297405529e+00
2.384135067820730036e+00 1.915448818819623478e+00 -1.734131170086455231e+00
2.278456178616729666e+00 1.991255608159002932e+00 -2.103741961281870854e+00
2.301313642350453659e+00 1.968906129487378864e+00 -2.065637764328453141e+00
2.327798109022883200e+00 1.941721564482085993e+00 -2.033794184990483256e+00
2.357083245961836049e+00 1.910125240413039327e+00 -2.008101671825166079e+00
2.387426632022968676e+00 1.876510906016519931e+00 -1.986907008896422244e+00
2.417924238330233955e+00 1.840692291085585186e+00 -1.970732729651922588e+00
2.447907811082580931e+00 1.802892639683407294e+00 -1.958695005956072599e+00
2.476919063811399813e+00 1.763352838404564027e+00 -1.950352362820911845e+00
2.504404059310188835e+00 1.723581963659427174e+00 -1.938609091634836412e+00
1.745973698870563195e+00 2.220728638112880571e+00 -3.560091451674721075e+00
1.762393704876618505e+00 2.198810288192292184e+00 -3.601881830475894386e+00
1.778801758157634305e+00 2.176899641393087670e+00 -3.643679366090081029e+00
1.793995344200467024e+00 2.153630799010398000e+00 -3.685107001185147446e+00
1.808811048006625732e+00 2.129986200812237662e+00 -3.726454772659915538e+00
1.823690500123475111e+00 2.106506454273344264e+00 -3.767905965294811477e+00
1.839087301924712481e+00 2.082969960631493755e+00 -3.809409877552948132e+00
1.854271545200869342e+00 2.059616370966845356e+00 -3.850918945313853037e+00
1.868645644904318504e+00 2.035483933445942029e+00 -3.892164623849578398e+00
1.755945302885165482e+00 2.215091665761127260e+00 -3.550526215046053924e+00
1.786936482161543660e+00 2.185431344222947381e+00 -3.576084461409437143e+00
1.821274961578900786e+00 2.153770413394431316e+00 -3.593606398374124211e+00
1.856994481470879865e+00 2.120272636092056739e+00 -3.603067585842201659e+00
1.892854289475107255e+00 2.086164992048019418e+00 -3.607695392783877963e+00
1.929431472312419293e+00 2.052480061082826435e+00 -3.606913891406684947e+00
1.995273806956263885e+00 1.989427595670202553e+00 -3.607665675170224073e+00
1.996289933310810394e+00 1.989564098330565356e+00 -3.603412845931655895e+00
1.995227906983465749e+00 1.989410168129212231e+00 -3.607898150008344018e+00
3.263790594156759095e-01 2.741363187196276474e+00 -3.889526933035723832e+00
2.778790779163251012e-01 2.745352025154465636e+00 -3.902264298106740803e+00
2.296927912701187957e-01 2.749310824227845007e+00 -3.914941327470865762e+00
1.814824062933675375e-01 2.750478880785473645e+00 -3.927021165868898045e+00
1.319056729172926878e-01 2.751319643951359417e+00 -3.928939276887186249e+00
8.300680063499241146e-02 2.753715466980995341e+00 -3.921100876226364385e+00
3.685771085204306990e-02 2.757867400966817151e+00 -3.903861296913497814e+00
-4.808840469838981078e-03 2.763695674750682674e+00 -3.877937663221313613e+00
-4.019544025736067339e-02 2.771276095027100705e+00 -3.844401620624138260e+00
3.319445137111640687e-01 2.738040561957875152e+00 -3.902965654735771395e+00
2.940256954431026970e-01 2.736727938780936231e+00 -3.935970940488743075e+00
2.626765179730842781e-01 2.733410648460401493e+00 -3.974866972954852251e+00
9.467232458192864630e-01 2.561042248533321963e+00 -4.051621986518102680e+00
9.516772479350751324e-01 2.549865855941104709e+00 -4.097733443337860493e+00
9.560136091752096110e-01 2.536797747181766649e+00 -4.144053762420544906e+00
9.601708947740382749e-01 2.523054267576910537e+00 -4.190723049026329861e+00
9.643556131866979353e-01 2.509211683161086892e+00 -4.237732759475547617e+00
9.754028401747925070e-01 2.492927125962217438e+00 -4.283677432573040456e+00
9.855405018780875048e-01 2.476935357201989429e+00 -4.329977055084844650e+00
9.959913758447815901e-01 2.462006110860717634e+00 -4.376652364898622416e+00
1.005828671806883401e+00 2.447275807524178504e+00 -4.423489461055720717e+00
9.470510537997884892e-01 2.560297404631107998e+00 -4.054699416796176514e+00
9.522346721469331365e-01 2.548604318254058754e+00 -4.102941551133929998e+00
9.566036642000839141e-01 2.534850512891742458e+00 -4.150664485446470486e+00
9.608509070933802798e-01 2.520807238397691386e+00 -4.198352910182117093e+00
9.650992448654756029e-01 2.506755390837440700e+00 -4.246072736410829052e+00
9.705389936073651747e-01 2.492283698686394988e+00 -4.293591802986677308e+00
9.723566573335157281e-01 2.479252292129251245e+00 -4.341838593960995141e+00
9.692454199705712314e-01 2.469078719098556807e+00 -4.390554945986318458e+00
9.590656188592656672e-01 2.461794181748487631e+00 -4.438577348675521783e+00
1.525304442231413482e+00 2.318719818362639629e+00 -3.832950132506070418e+00
1.526553499926875945e+00 2.306578286099882469e+00 -3.877092517248917236e+00
1.527835036588524931e+00 2.294106612997711458e+00 -3.922439050452133369e+00
1.517188212242305045e+00 2.288790641017720340e+00 -3.970962893224980306e+00
1.507970834266121107e+00 2.282529916388587932e+00 -4.019729993523477596e+00
1.499931832732841697e+00 2.276015322856129064e+00 -4.068672157265674549e+00
1.492691796375573476e+00 2.268957820508182177e+00 -4.117659774818130280e+00
1.485825311688092842e+00 2.261392836671812123e+00 -4.166570369383439498e+00
1.478699670083803097e+00 2.252690862582977793e+00 -4.215257615422065562e+00
1.525443313944311541e+00 2.317407001706373926e+00 -3.837713123594630904e+00
1.526778516691566390e+00 2.304376651568445844e+00 -3.885100743745658392e+00
1.521720013076579336e+00 2.295249669949228633e+00 -3.933926545259199159e+00
1.513900753847937652e+00 2.287977610384447136e+00 -3.982711711194415916e+00
1.505448366003420135e+00 2.281342074165051415e+00 -4.031555238159673316e+00
1.496959161450923892e+00 2.275137339509439194e+00 -4.080455542507902322e+00
1.488180862577210162e+00 2.269133501721849910e+00 -4.129321034064086682e+00
1.477828330896146403e+00 2.263309226892919135e+00 -4.177835662937138039e+00
1.464425896505899161e+00 2.258738594558497237e+00 -4.225765784425052907e+00
1.256048289998702439e+00 2.471540380608210352e+00 -3.841499215322614624e+00
1.231649007550646990e+00 2.474116227413803770e+00 -3.884973655091503719e+00
1.206875321153532132e+00 2.476876625171115620e+00 -3.928442142008877536e+00
1.212842785389336431e+00 2.463648142327902413e+00 -3.976279160171102056e+00
1.203476703764816413e+00 2.458293801226280717e+00 -4.022406098558912291e+00
1.193700521812059545e+00 2.452707283742714850e+00 -4.070344217599409120e+00
1.183163035869433388e+00 2.445742461821578395e+00 -4.118646894192777630e+00
1.172890261682857149e+00 2.438929147718720714e+00 -4.165828144771970720e+00
1.180621260736452571e+00 2.423091997819779131e+00 -4.212537379410449923e+00
1.268290064678766482e+00 2.464521442793984995e+00 -3.846264001206888494e+00
1.263673241800979063e+00 2.456222021768472263e+00 -3.895269987309312398e+00
1.266943793187156997e+00 2.443997748119199898e+00 -3.943502892669479287e+00
1.212065515682342776e+00 2.463204009762004709e+00 -3.980106145631203685e+00
1.203155160019106162e+00 2.458110383493905537e+00 -4.023987808812059086e+00
1.194187374249710665e+00 2.452983853287956428e+00 -4.068152646291619767e+00
1.184696091333036216e+00 2.446778605214587010e+00 -4.111529886689708313e+00
1.175581368299176699e+00 2.440746009008556872e+00 -4.153342771357126040e+00
1.192486376099378020e+00 2.421328888424737258e+00 -4.195818367959362583e+00
1.356025685918581941e-02 2.652435111989928984e+00 -4.390251943586838124e+00
2.318652348518896941e-02 2.641188085161990884e+00 -4.437958194581906213e+00
3.267615999643996155e-02 2.630099526437605029e+00 -4.485730061083283537e+00
3.858994246347722396e-02 2.592793368951755717e+00 -4.646590591526707392e+00
4.962157267261060184e-02 2.592829779325765749e+00 -4.646999583672123180e+00
6.024647161521846234e-02 2.591997063214912966e+00 -4.647184969631742213e+00
7.085514903026483846e-02 2.591167298401917840e+00 -4.647363297651327940e+00
8.171335446705300931e-02 2.590317931297008602e+00 -4.647546164105638589e+00
9.304377190664046837e-02 2.589431547254750221e+00 -4.647737301216579908e+00
2.744452392860796675e-02 2.653419506196407873e+00 -4.385077266775204485e+00
6.000667325812188146e-02 2.643971757424527169e+00 -4.422605964230315934e+00
9.864437752821229866e-02 2.636029725292273973e+00 -4.454093218661593134e+00
1.413903150280408361e-01 2.629357765389541246e+00 -4.479663515529221485e+00
1.859847946725788626e-01 2.621194048656821263e+00 -4.500380376605550126e+00
2.317632106170210982e-01 2.613069335263430215e+00 -4.518422043519032094e+00
2.799366225883658799e-01 2.606228019338261870e+00 -4.528657507391208092e+00
3.289763733220411601e-01 2.598644596978837207e+00 -4.532360034962845674e+00
3.783548167533661855e-01 2.592009337342488617e+00 -4.531690214727984944e+00
2.943308237957187323e-01 2.704898014812529894e+00 -4.091023153689282488e+00
3.428784714161060010e-01 2.698859970272362574e+00 -4.099195537529573663e+00
3.911544383527318369e-01 2.690451619077563805e+00 -4.106828281049686780e+00
4.390827373059448813e-01 2.679562299721470087e+00 -4.113917848826506685e+00
4.869482679906382838e-01 2.668685632742200387e+00 -4.121005157841587163e+00
5.347757354950841702e-01 2.657451795044547982e+00 -4.129684648863836571e+00
5.797149429985072322e-01 2.644912013332344713e+00 -4.147199422049953732e+00
6.206710963970624162e-01 2.631712990767356874e+00 -4.172215668678965095e+00
6.565627958570801059e-01 2.616377832335772702e+00 -4.202804843129514190e+00
2.894452438596532562e-01 2.702157697411215143e+00 -4.104794058272272395e+00
3.283859021881437301e-01 2.692588715144858647e+00 -4.134112785163702952e+00
3.610967831413818829e-01 2.681414384193184564e+00 -4.169737972580715990e+00
3.875069655458848183e-01 2.667860781330929854e+00 -4.209596862090386971e+00
4.096319409349600260e-01 2.654258024726322329e+00 -4.252041308550361443e+00
5.321187657111107194e-01 2.620783589741854769e+00 -4.304439012071115123e+00
5.271698762877526923e-01 2.611912268925750791e+00 -4.350823541260013805e+00
5.219394870618301319e-01 2.602230602088973832e+00 -4.398613436382567521e+00
5.166380707251827520e-01 2.591402615074843485e+00 -4.443743908996260039e+00
-1.024673963044580027e+00 2.509038531280948447e+00 -4.140692923398861858e+00
-1.067191705102089605e+00 2.489244008990618262e+00 -4.157738517746119911e+00
-1.108393786879430909e+00 2.466558925305982974e+00 -4.174103814412649882e+00
-1.149080568921114320e+00 2.442941684245542255e+00 -4.190326173103932739e+00
-1.189847982737252563e+00 2.419269616317453853e+00 -4.206615615475452152e+00
-1.230602896314309636e+00 2.395617915875165593e+00 -4.222842981752908287e+00
-1.270895911962227176e+00 2.371286525434513237e+00 -4.238805555010926263e+00
-1.309934225449002732e+00 2.344501510444458869e+00 -4.254193271786780528e+00
-1.349103015707362685e+00 2.317894073076700590e+00 -4.269714138970803319e+00
-1.016882216395979199e+00 2.508878688644763599e+00 -4.153418161595546110e+00
-1.045793076590309845e+00 2.489942830951640484e+00 -4.189434361136558316e+00
-1.067164995720481624e+00 2.471188929734086770e+00 -4.230414658822371443e+00
-1.081343849377394806e+00 2.453845068728961465e+00 -4.275001336018683595e+00
-1.126687969070834461e+00 2.422838128835149263e+00 -4.317583639022652520e+00
-1.126728474073491304e+00 2.411020372937771938e+00 -4.365877876485891207e+00
-1.126764130277481568e+00 2.399150893635714432e+00 -4.414393378985406180e+00
-1.126073987623696482e+00 2.385794068337707241e+00 -4.462306751671543559e+00
-1.125392298961284565e+00 2.372438918367488991e+00 -4.509934423850739726e+00
-6.625135972861779798e-01 2.578318175395950096e+00 -4.363001547280657810e+00
-6.574546893855723884e-01 2.568469651378886720e+00 -4.409469946247255301e+00
-6.520722785971587721e-01 2.557344113330005442e+00 -4.456295723024991773e+00
-6.466640476731498888e-01 2.546102348349092992e+00 -4.503581245120074961e+00
-5.130730274905446198e-01 2.561648306768267602e+00 -4.565014178473409956e+00
-5.159736178136686835e-01 2.550612989163210553e+00 -4.609766263872955960e+00
-5.187760297946854005e-01 2.538792003412185583e+00 -4.653701944737060003e+00
-5.213638600665273515e-01 2.525910249637629335e+00 -4.697113543505572864e+00
-5.239754358418762248e-01 2.513024879274292633e+00 -4.740520612037430581e+00
-6.622137535818554133e-01 2.577753745197389090e+00 -4.365945736152451850e+00
-6.568864497038841010e-01 2.567296577287941250e+00 -4.414407941597119134e+00
-6.513416621441546761e-01 2.555838466337021941e+00 -4.462634903860112523e+00
-6.458198572948394833e-01 2.544367011786275334e+00 -4.510889530327837349e+00
-5.136878466312903013e-01 2.559415080032285683e+00 -4.574046811132422619e+00
-5.167833055023752786e-01 2.547661033124708041e+00 -4.621708485468890792e+00
-5.196855903783699215e-01 2.534233350992360467e+00 -4.669069161126558676e+00
-5.225215588495069063e-01 2.520176366640789922e+00 -4.716432547157861421e+00
-5.253731702186256181e-01 2.506082162312358363e+00 -4.763915434174143648e+00
6.147585253910611280e-01 2.878920037295783274e+00 -2.810288877038694455e+00
6.116040555435697801e-01 2.886200791067710991e+00 -2.760985017996263835e+00
6.084898014122877008e-01 2.893474216853595848e+00 -2.711663635987092036e+00
6.053916853273545451e-01 2.900573318042870774e+00 -2.662339413039982006e+00
6.021944096794590306e-01 2.906713826028410885e+00 -2.612953773622971987e+00
5.897467719811363418e-01 2.914107596859664806e+00 -2.565235774427655713e+00
5.689029959249857216e-01 2.922954497107093541e+00 -2.520822958223855270e+00
5.390282700113894210e-01 2.933244396112450136e+00 -2.481170325996860271e+00
5.039205525361768467e-01 2.944163449921812781e+00 -2.446354742103130420e+00
6.291274784420285426e-01 2.875348892018833258e+00 -2.811229077793242936e+00
6.486642622083029774e-01 2.876705944143358007e+00 -2.765557715769836999e+00
6.756544908499938495e-01 2.875736442684746041e+00 -2.723957182893914197e+00
7.089914458952164544e-01 2.872584962004318676e+00 -2.687084849323670088e+00
3.058747738914791570e-01 2.936866860866248707e+00 -2.719818325745375187e+00
2.878413826385615160e-01 2.944911362095977925e+00 -2.673872811265489702e+00
2.698912779181152355e-01 2.953603722026469480e+00 -2.628012668060919488e+00
2.519890238451177877e-01 2.961721514144111556e+00 -2.582141559172396406e+00
2.339193820096494014e-01 2.967626589924047487e+00 -2.536027983041149181e+00
2.159042457740594501e-01 2.973521924563074847e+00 -2.489973181872055186e+00
1.903544647922711386e-01 2.979594018760638896e+00 -2.447435573943952392e+00
1.585531930301714021e-01 2.985661025388749223e+00 -2.409326342661052500e+00
1.223875505183884688e-01 2.991623948856498849e+00 -2.375309193268701602e+00
2.930644724673671653e-01 2.937626386703314552e+00 -2.727413484706803004e+00
2.560475022510114718e-01 2.946378828960116270e+00 -2.695042874482207917e+00
2.138281280931041417e-01 2.955148378130620479e+00 -2.669858090473610446e+00
1.679751215179990931e-01 2.959715212593570843e+00 -2.651164792798456293e+00
1.206369567363392570e-01 2.961813958764684784e+00 -2.636800190356799245e+00
7.241352387084075415e-02 2.963194712112856344e+00 -2.627637967990399392e+00
2.400677105786051119e-02 2.963989148603822343e+00 -2.622714933642795732e+00
-2.811803050454752748e-02 2.964226843756732510e+00 -2.621877043680629349e+00
-7.943698957294732799e-02 2.964089512154441497e+00 -2.623735097725519161e+00
-2.340936525433148230e+00 2.049863604376552573e+00 -8.200206523809920878e-01
-2.370492168564655611e+00 2.018390904091999616e+00 -7.899357280176193541e-01
-2.398652691764524558e+00 1.988473720724494243e+00 -7.601287120295504574e-01
-2.424277120748335346e+00 1.958911359326393820e+00 -7.304288458911121218e-01
-2.447828630008530570e+00 1.928917359669375386e+00 -7.006616975253765478e-01
-2.470966507992883532e+00 1.899470121749695428e+00 -6.708381453192832078e-01
-2.495856382857431832e+00 1.867701911277374061e+00 -6.414008000509459073e-01
-2.520746844468720216e+00 1.835934368728735055e+00 -6.119216929927975279e-01
-2.545008497813367576e+00 1.803655651176993446e+00 -5.823577604756912107e-01
-2.345186478851914558e+00 2.044479766545039823e+00 -8.330324692787169916e-01
-2.379724843429815273e+00 2.006403979671838478e+00 -8.240812166659864380e-01
-2.412262807706857082e+00 1.969450528510866549e+00 -8.241567407098696618e-01
-2.440448353169273776e+00 1.932201805576352349e+00 -8.328648612453464217e-01
-2.467129688632412776e+00 1.896221278205332039e+00 -8.463941932570241411e-01
-2.494465660527850570e+00 1.858739616921677884e+00 -8.653881957637212796e-01
-2.520632234426986695e+00 1.822634636698246657e+00 -8.876513052458208097e-01
-2.545089306336990376e+00 1.788140743376783304e+00 -9.134522962522463319e-01
-2.566426978301925566e+00 1.753434613329301062e+00 -9.415938893186119873e-01
-2.103022497777082833e+00 2.301677834179228110e+00 -5.990428626792749789e-01
-2.101495369223271403e+00 2.306239199222305025e+00 -5.491819322750044474e-01
-2.099510689968780763e+00 2.310602202451238707e+00 -4.994541640584416187e-01
-2.096646293886214707e+00 2.314047517974999302e+00 -4.496959647164750495e-01
-2.094013827148695661e+00 2.317794514262613070e+00 -3.998678472191312672e-01
-2.091913877047876902e+00 2.322078644301650563e+00 -3.500631510495011423e-01
-2.088403034590721408e+00 2.324482139616463439e+00 -3.003680211376210107e-01
-2.084742564308231128e+00 2.326723615865339934e+00 -2.507230004917733179e-01
-2.081080898172134486e+00 2.328967244169513950e+00 -2.011368252779677512e-01
-2.091988493105186642e+00 2.311145031446916409e+00 -6.024929938558075682e-01
-2.073676308307399019e+00 2.329980755620577160e+00 -5.598507509349499589e-01
-2.049845949581796223e+00 2.353318692143179014e+00 -5.225321916938258093e-01
-2.021389572363124554e+00 2.379318378904361708e+00 -4.910346639142499359e-01
-1.988173980729854184e+00 2.404159243961995873e+00 -4.637579806242964064e-01
-1.953022999240734192e+00 2.430419989346952470e+00 -4.412056854286935392e-01
-1.916628409040437742e+00 2.457588240614811959e+00 -4.228025292081009634e-01
-1.879693807952297124e+00 2.485734620554399310e+00 -4.076400061584209422e-01
-1.837353969131085396e+00 2.517829969265151568e+00 -3.954339814377530460e-01
-5.261068552243957086e-01 3.073466988820395152e+00 -3.711861834337228383e-01
-4.999861242070646195e-01 3.077902332141210895e+00 -3.631811830147488318e-01
-4.604745803965926143e-01 3.081743980396780547e+00 -4.583876369824324004e-01
-4.263965665581535558e-01 3.087230191134123114e+00 -4.539060242176034543e-01
-3.861886346063072017e-01 3.093703333155074731e+00 -4.486078626242484546e-01
-3.418919339999571538e-01 3.100834742375634612e+00 -4.427696480980319871e-01
-2.955246225309091646e-01 3.108299514453829016e+00 -4.366570092382056067e-01
-2.482352542852104549e-01 3.115912737973585589e+00 -4.304217981012862793e-01
-2.026537109045537521e-01 3.116111399661418702e+00 -4.241644429437952390e-01
-5.142536163285952311e-01 3.075479525729837071e+00 -3.675585785828758834e-01
-4.750518815384572879e-01 3.079397167371007882e+00 -4.603069954079493376e-01
-4.565549200808229346e-01 3.082374971551082421e+00 -4.578767281181920223e-01
-4.348597520138796080e-01 3.085867722866010077e+00 -4.550166276497423778e-01
-4.193941084414542497e-01 3.088357572184583066e+00 -4.529774475058914729e-01
-3.981660688898158718e-01 3.091775118691849844e+00 -4.501790358217283572e-01
-3.840929839031091975e-01 3.094040776989865904e+00 -4.483234448139809536e-01
-3.681371335360097419e-01 3.096609543691627664e+00 -4.462199161960394012e-01
-3.487000659112878820e-01 3.099738760251788516e+00 -4.436572826353334942e-01
-1.199521619694558838e+00 2.881888506944127126e+00 -2.643247510159584812e-01
-1.231848133248390154e+00 2.868095353445613949e+00 -2.261473433630251106e-01
-1.263924362579129879e+00 2.854408154440933210e+00 -1.881224828425662743e-01
-1.295765704524081574e+00 2.840820598152164145e+00 -1.502760191444696969e-01
-1.327373136688078548e+00 2.827332324793676577e+00 -1.126165925294162901e-01
-1.358743434338084421e+00 2.813944700362832396e+00 -7.514631357690106095e-02
-1.389872147907321498e+00 2.800659587142514173e+00 -3.786424188549766118e-02
-1.420754676368093827e+00 2.787478901834592460e+00 -7.678724531003146021e-04
-1.208139547760832544e+00 2.878338873251511387e+00 -2.759234465672649184e-01
-1.248464686719888084e+00 2.861313862437712796e+00 -2.592200757818259871e-01
-1.295102224688144288e+00 2.841680925025122040e+00 -2.496602504503244169e-01
-2.018662095243947352e+00 2.067764763215213186e+00 -3.174954246364110055e+00
-2.017562330094692324e+00 2.059847833526620597e+00 -3.212529950301055592e+00
-2.036668518718009135e+00 2.032245520445507658e+00 -3.249745327524342642e+00
-2.053938787837181756e+00 2.006011330916005253e+00 -3.288750406784407776e+00
-2.070148937309808534e+00 1.980679209114405648e+00 -3.328837726265901242e+00
-2.085773607730990076e+00 1.956293686267027709e+00 -3.369496854475988901e+00
-2.099440231849975191e+00 1.930892854610979370e+00 -3.410226677236566584e+00
-2.112851921125823207e+00 1.905708282177809965e+00 -3.451164148688254496e+00
-2.125900626046727471e+00 1.880806409620131792e+00 -3.492491992346807628e+00
-2.019015297977570622e+00 2.070306388715410950e+00 -3.162890500976683228e+00
-2.018508323910838342e+00 2.066631755435948570e+00 -3.180316987878855084e+00
-2.017871241732605903e+00 2.062038649896206000e+00 -3.202113075200987868e+00
-2.052014264860318793e+00 2.026500938057383294e+00 -3.211007021576551157e+00
-2.086832206526577860e+00 1.991052568527304167e+00 -3.211782430095625251e+00
-2.121161669060927402e+00 1.955501661187880602e+00 -3.208059588338766588e+00
-2.155447504718838836e+00 1.920662613628892679e+00 -3.198965583492254794e+00
-2.187925527979821982e+00 1.885254587167636275e+00 -3.185922922355790110e+00
-2.220259936600727624e+00 1.850701503994422348e+00 -3.170256638368516899e+00
-1.807940130585653948e+00 2.219825442258668069e+00 -3.336624815186742588e+00
-1.780303621750728649e+00 2.233976820061561952e+00 -3.376244166782476075e+00
-1.751481020453023119e+00 2.249376996605295442e+00 -3.414387575144465004e+00
-1.721877219341174658e+00 2.264304060441808542e+00 -3.451453781483807326e+00
-1.691188738458214047e+00 2.278498236944135336e+00 -3.487802090295111235e+00
-1.817986416410264816e+00 2.212237081946234696e+00 -3.334325200566367720e+00
-1.805359804596573525e+00 2.221773846906475391e+00 -3.337218519385928506e+00
-1.790551530995294183e+00 2.232958819954740548e+00 -3.340609680252840441e+00
-1.771668158665049120e+00 2.238777059598070718e+00 -3.386750035448467422e+00
-1.751396692038249103e+00 2.245910756187645241e+00 -3.431886147122455544e+00
-1.733540315270022392e+00 2.249532682427510366e+00 -3.478278454255879559e+00
-1.720308312039900533e+00 2.248181695403985714e+00 -3.526330023130552327e+00
-1.713219790540749576e+00 2.242432611401372178e+00 -3.575457782617828428e+00
-1.709413690230191740e+00 2.234721491501052260e+00 -3.624710430453013110e+00
-1.559272915562331052e+00 2.354746884722129341e+00 -3.576815619576893646e+00
-1.550168360854556227e+00 2.349836231019179600e+00 -3.622718094498698527e+00
-1.540920903853152835e+00 2.344812992815852315e+00 -3.669488739968393975e+00
-1.540970403296875402e+00 2.333110909455914594e+00 -3.718025792046511402e+00
-1.539769610792804277e+00 2.322205879269944262e+00 -3.766746008422547476e+00
-1.534442884524184647e+00 2.314219640674371359e+00 -3.815835487331130871e+00
-1.524300986097950172e+00 2.309991412651257292e+00 -3.864652197793111199e+00
-1.561728729495002188e+00 2.272623845102655693e+00 -3.918746873256858887e+00
-1.552649816122547266e+00 2.267787561902287141e+00 -3.967095711104855926e+00
-1.558534609824497874e+00 2.354356169815563504e+00 -3.580506744806058794e+00
-1.548923962071061533e+00 2.349178684934408068e+00 -3.628935266849779406e+00
-1.539332635661989412e+00 2.343971069528243412e+00 -3.677435053887513572e+00
-1.532862662607028525e+00 2.336555814167592615e+00 -3.726383511905596801e+00
-1.522253896548033669e+00 2.332008837009224234e+00 -3.774982324226344055e+00
-1.505855436218701549e+00 2.331972804088832785e+00 -3.822225464506924908e+00
-1.483711765038688624e+00 2.336764664018376791e+00 -3.866796054530327265e+00
-1.455506228099404442e+00 2.344743138261543791e+00 -3.907174204179102883e+00
-1.424653559256768842e+00 2.354207837552082516e+00 -3.945261395956307204e+00
-2.267700783480024462e+00 1.995638885843789234e+00 -2.152912535590216336e+00
-2.300540557160628996e+00 1.959281173605417647e+00 -2.143720255330477276e+00
-2.332913171012122255e+00 1.922620879134072203e+00 -2.134522046575280552e+00
-2.363551229951723176e+00 1.884554194425501095e+00 -2.125115210978406832e+00
-2.394134816453316716e+00 1.846555616441122094e+00 -2.115722126754481902e+00
-2.424808989599567255e+00 1.808450522014876327e+00 -2.106259179945926707e+00
-2.455355705073651862e+00 1.770253778076356532e+00 -2.096753599317056072e+00
-2.484544378976266898e+00 1.731002013902860792e+00 -2.087053508129053991e+00
-2.513076791889033768e+00 1.691352106543594802e+00 -2.077298625006358535e+00
-2.266736750212383633e+00 1.994127265156538265e+00 -2.167728908148859102e+00
-2.296508316860771615e+00 1.957068537811445852e+00 -2.182509830385597649e+00
-2.323344303378864328e+00 1.921926529138452633e+00 -2.205633178263022742e+00
-2.346718795299413962e+00 1.889571260616590642e+00 -2.235622991287083305e+00
-2.367392424846521681e+00 1.858931299242218893e+00 -2.269232673214558460e+00
-2.384304916480248338e+00 1.830414996415087092e+00 -2.306480895373688167e+00
-2.398438573167620547e+00 1.803700280834844349e+00 -2.345974536604664706e+00
-2.410209331453917248e+00 1.779656510128110547e+00 -2.387726331474110619e+00
-2.420663941001905517e+00 1.757160534913045469e+00 -2.430960083459602572e+00
-2.150345333838090678e+00 2.041587925339713561e+00 -2.639501911489177566e+00
-2.147239547104342616e+00 2.036450660499027343e+00 -2.689053975985549627e+00
-2.144138400499381980e+00 2.031305996161240746e+00 -2.738621133291608167e+00
-2.141040085746742871e+00 2.026157191258007195e+00 -2.788195282716236623e+00
-2.137110833030517743e+00 2.020214955479589403e+00 -2.837612493298751648e+00
-2.137886569411478810e+00 2.008457988611157319e+00 -2.886087649649224929e+00
-2.145189066281565804e+00 1.990371921939614763e+00 -2.931954720479548637e+00
-2.159079525205179539e+00 1.966323953714789186e+00 -2.973298323222304251e+00
-2.178162056482453757e+00 1.937939978052886314e+00 -3.009469213600875381e+00
-2.160689213552488663e+00 2.031234931614787964e+00 -2.636833535596047717e+00
-2.173531855372625721e+00 2.010462875158787632e+00 -2.680334068872456399e+00
-2.190834894612674777e+00 1.983915810199663010e+00 -2.718716835046339764e+00
-2.211621056231035887e+00 1.952919197049505229e+00 -2.751636977121808769e+00
-2.234991064763510060e+00 1.919787766507118798e+00 -2.780615287695710425e+00
-2.260775069824662697e+00 1.884850209498774909e+00 -2.805151774839361511e+00
-2.288445483083372700e+00 1.848895177408783841e+00 -2.825842653564392126e+00
-2.316653786572035578e+00 1.810545915733077438e+00 -2.840410218661071351e+00
-2.345110478288145561e+00 1.770343972055620219e+00 -2.847239666845126305e+00
2.326303953639151878e+00 2.047954341970001035e+00 -1.144439535525433316e+00
2.347467004152352210e+00 2.024397414403174889e+00 -1.107296219100535550e+00
2.367955934635203263e+00 2.001652041038580965e+00 -1.070539522295775203e+00
2.387777077218544264e+00 1.979712355508273625e+00 -1.034142942351651273e+00
2.409856325519829312e+00 1.955073534456594819e+00 -9.961995750265082439e-01
2.431838400106281828e+00 1.930558477958622676e+00 -9.582236694093385632e-01
2.453731953109478781e+00 1.906154720974588601e+00 -9.202369397438039389e-01
2.474720658573994925e+00 1.881289467680383298e+00 -8.822846046537873299e-01
2.495527418368279626e+00 1.856332543288792714e+00 -8.442960553544517355e-01
2.318620644539478359e+00 2.057429884365082007e+00 -1.136387236321254157e+00
2.328060052167036709e+00 2.050061210628522090e+00 -1.088477904489776327e+00
2.331465785378111111e+00 2.049588899373732342e+00 -1.039293657730811393e+00
2.329698283798386615e+00 2.054537272507641177e+00 -9.903844876402422281e-01
2.334204001103894033e+00 2.052645700740075796e+00 -9.430841019319468055e-01
2.339188086613928075e+00 2.050154681317135630e+00 -8.974989727481839097e-01
2.343954915629325342e+00 2.047770900173104813e+00 -8.539236392054474489e-01
2.348468878435549190e+00 2.045513044638894495e+00 -8.126687543683918102e-01
2.352834570031894668e+00 2.043327741915514473e+00 -7.727962146387334919e-01
2.392982644174419082e+00 1.955220281480830158e+00 -1.257902763617485098e+00
2.423998172365091630e+00 1.916852794544322336e+00 -1.249666881446517719e+00
2.455073647094195621e+00 1.878551353506266564e+00 -1.241388199661771052e+00
2.486124200019128594e+00 1.840304677551690915e+00 -1.233081504962366015e+00
2.516470734054127245e+00 1.801874436729195006e+00 -1.224698739195786423e+00
2.543287855735134162e+00 1.760945663588886934e+00 -1.216060377108160173e+00
2.570072709574799052e+00 1.720058718653564300e+00 -1.207507799698879891e+00
2.596838058424078444e+00 1.679136276362870994e+00 -1.199624679136719108e+00
2.623992312040250408e+00 1.636992095467804997e+00 -1.197999310023119213e+00
2.392689938782935677e+00 1.954437194809917955e+00 -1.272690540852684293e+00
2.421578429286946665e+00 1.916881674198101182e+00 -1.288388395165785516e+00
2.447855985677279911e+00 1.881974628605370015e+00 -1.312247243179858858e+00
2.470990119647713090e+00 1.850491919351039183e+00 -1.342903645124559509e+00
2.490600575933786143e+00 1.820398768665408396e+00 -1.377076862816998259e+00
2.506493135256600890e+00 1.792403278004831568e+00 -1.414914942426640510e+00
2.535265355112994445e+00 1.735086054316870685e+00 -1.539583477885332119e+00
2.547125886391394367e+00 1.719211269783082585e+00 -1.531605776525606588e+00
2.557463501532506456e+00 1.705375865705532457e+00 -1.524642697442552874e+00
2.138514285441996066e+00 1.873549047268278311e+00 -3.461030242001412738e+00
2.155624950376188842e+00 1.844819298895455040e+00 -3.498181264639315113e+00
2.172198811070899627e+00 1.815707701786323680e+00 -3.535202561956206857e+00
2.187659671397642835e+00 1.785665604605938706e+00 -3.571956851202960248e+00
2.247321540252367189e+00 1.702291689069935110e+00 -3.600398566071366879e+00
2.245069482158749352e+00 1.694252093255894653e+00 -3.639738414786986453e+00
2.242406234118094144e+00 1.686021660251610044e+00 -3.678571031310447825e+00
2.239135788428349372e+00 1.677250950379045147e+00 -3.717319722802723270e+00
2.235846507678465489e+00 1.668383407902165549e+00 -3.756427079432246963e+00
2.128999473462526382e+00 1.881913344337460492e+00 -3.468902175930612675e+00
2.131121662809315698e+00 1.867090493126906559e+00 -3.516596488148633348e+00
2.127381502852109918e+00 1.858756762705779053e+00 -3.565740059392045413e+00
2.117939568827398755e+00 1.856709649032737719e+00 -3.614808267941103104e+00
2.105394881798663853e+00 1.858250975178078690e+00 -3.663174304573602047e+00
2.089350244971345028e+00 1.863694623270360395e+00 -3.710188590556524169e+00
2.073703000824325571e+00 1.866780239230346972e+00 -3.757550433624313069e+00
2.062756298806579291e+00 1.864027539987325177e+00 -3.806237967581593828e+00
2.055389888768280660e+00 1.857062563770255137e+00 -3.855192214400313677e+00
2.305638138901145773e+00 1.763792208589022303e+00 -3.090336082148136931e+00
2.335189109332296287e+00 1.730317000405643624e+00 -3.068632620024415392e+00
2.364856615193039691e+00 1.696701829828344499e+00 -3.046878483301995288e+00
2.393420022441838046e+00 1.662297173269363659e+00 -3.024899444074345745e+00
2.420880944686139014e+00 1.627176077775122520e+00 -3.002725649590750834e+00
2.447531511302040830e+00 1.591602744718626949e+00 -2.980397583082609714e+00
2.474215982064360553e+00 1.555985540714620585e+00 -2.958035671816105605e+00
2.500965997515408379e+00 1.520396255534965713e+00 -2.935652642371537446e+00
2.527371157991574968e+00 1.480692249970555041e+00 -2.921573666971234662e+00
2.306825380811447168e+00 1.759047355070423313e+00 -3.104392665288069342e+00
2.336841747729649477e+00 1.719706521040259117e+00 -3.105787419740082544e+00
2.364262018047582181e+00 1.680062379621748203e+00 -3.115995574475157959e+00
2.387650579444819066e+00 1.640544294512518375e+00 -3.133947603220337275e+00
2.409904466747921692e+00 1.601742033418998679e+00 -3.156094216714312672e+00
2.429934764723226337e+00 1.564678246181467003e+00 -3.182931521025790023e+00
2.446976003461310167e+00 1.528201141760443971e+00 -3.212385134669696996e+00
2.468296473285212844e+00 1.469883954477206434e+00 -3.289870282888324837e+00
2.476479690395420263e+00 1.458949059071767973e+00 -3.282954975700585809e+00
2.586212522774455458e+00 1.464717262949369880e+00 -2.587972971773210951e+00
2.609956108803652253e+00 1.421009329434103963e+00 -2.591204469133006505e+00
2.633635634646002366e+00 1.377447061471741119e+00 -2.594310164682116504e+00
2.656320432798208842e+00 1.333486069004636398e+00 -2.597184167212041039e+00
2.677649869233275304e+00 1.288732355539720542e+00 -2.599771925862587540e+00
2.698350099240702349e+00 1.243635899421901003e+00 -2.602529667610859132e+00
2.719052781799558449e+00 1.198541052990053979e+00 -2.605263267602630606e+00
2.738027080845295558e+00 1.152678454033982280e+00 -2.607744538329607398e+00
2.756307199832279675e+00 1.106426154373845172e+00 -2.610131026421377953e+00
2.583235920874902725e+00 1.466682272782209306e+00 -2.602400427011573480e+00
2.608255176522130014e+00 1.414558038153940212e+00 -2.631415565447202454e+00
2.603707492113942035e+00 1.417512727027673947e+00 -2.653658351971227347e+00
2.598000985203227309e+00 1.421220338150996465e+00 -2.681568869032809665e+00
2.591310023024081310e+00 1.425567577874375935e+00 -2.714294305303560861e+00
2.583447141873298936e+00 1.430221655555429239e+00 -2.750776988303752280e+00
2.574347171757001007e+00 1.434926927590421952e+00 -2.790243002608678857e+00
2.566476331854768755e+00 1.438997893257208949e+00 -2.824374196423366623e+00
2.608038435758071483e+00 1.354558369688235953e+00 -2.852189292006453769e+00
2.512459082971889135e+00 1.677160524102241368e+00 -2.165133087128723766e+00
2.524092257111086646e+00 1.667102919280540885e+00 -2.117714218622758438e+00
2.534873944378085220e+00 1.656455332282014581e+00 -2.070182355446694267e+00
2.547146530491235961e+00 1.643458333935620574e+00 -2.023607033275462985e+00
2.564544374230606660e+00 1.623290431073606932e+00 -1.981338435355954219e+00
2.586279299807641152e+00 1.597136944077516496e+00 -1.944735101605381100e+00
2.609921642451196622e+00 1.566679572395084152e+00 -1.912922876998469413e+00
2.633767685192685448e+00 1.533122604909354703e+00 -1.884587462468910957e+00
2.656086099266835365e+00 1.497152031832920116e+00 -1.858619753557561927e+00
2.519549929254252252e+00 1.665834351932078405e+00 -2.171678388409276739e+00
2.541480968575591692e+00 1.638863391133797309e+00 -2.136062683744017754e+00
2.565039922736397582e+00 1.606069697454511447e+00 -2.107024748516372892e+00
2.590080177148326612e+00 1.569361074126091049e+00 -2.084586133147769527e+00
2.616060421117670565e+00 1.530058116140321944e+00 -2.067800173300560207e+00
2.640546018422423202e+00 1.487754969528467974e+00 -2.058000899550766594e+00
2.664252877531274599e+00 1.444369179408596215e+00 -2.055455579152976053e+00
2.725537832082919110e+00 1.321059897251704029e+00 -2.090043836792243592e+00
2.726497455776892398e+00 1.320032994166212559e+00 -2.085666309904887772e+00
2.412099557369698388e+00 1.882268582103445054e+00 -1.709842287958255769e+00
2.440381615816186844e+00 1.848681592143659014e+00 -1.685480192701383162e+00
2.468596598427653444e+00 1.815179308516231105e+00 -1.661141723904687950e+00
2.495620039723868810e+00 1.780653509526785250e+00 -1.637335422610458613e+00
2.407414916164918317e+00 1.890165323017209964e+00 -1.698093852358151912e+00
2.427318654933352526e+00 1.870094278930039211e+00 -1.656826720476973325e+00
2.442734275792897591e+00 1.856553463356465095e+00 -1.611306687226563117e+00
2.452553935395465956e+00 1.849175926448726859e+00 -1.563122877859373094e+00
2.458883777786811109e+00 1.845431248543622171e+00 -1.514033559003415741e+00
2.529487595031575609e+00 1.690483277432243803e+00 -1.911403484162406796e+00
1.887093355843112219e+00 2.007008032166782918e+00 -3.928756849595310907e+00
1.905614469535888089e+00 1.978718659177676420e+00 -3.965454577158024296e+00
1.924344254597117221e+00 1.950421021058423632e+00 -4.002205700942485400e+00
1.943044441477418172e+00 1.922155436379096027e+00 -4.038944201930749323e+00
1.960846954744960735e+00 1.893166959094526369e+00 -4.075424429394521653e+00
1.972476040537202380e+00 1.867390952658576353e+00 -4.116390350393503539e+00
1.979529741748448091e+00 1.845135980149614108e+00 -4.160265747867387454e+00
1.983562258547470369e+00 1.826249611779696025e+00 -4.206102253856826678e+00
1.978155599035095635e+00 1.786347019522520396e+00 -4.349551992806254930e+00
1.876952740297394895e+00 2.014510147094403347e+00 -3.936692038620453360e+00
1.879433930269798880e+00 1.998786048847013053e+00 -3.984024424671012810e+00
1.875476650169721093e+00 1.988998481405411578e+00 -4.032846173583924276e+00
1.864963254979605578e+00 1.984485422165105373e+00 -4.081469371610022989e+00
1.850645957489211790e+00 1.982842941437192863e+00 -4.129308772249687287e+00
1.832752747427468742e+00 1.985053554685143329e+00 -4.175917124525163615e+00
1.812303686728248264e+00 1.990612911078093683e+00 -4.221196751766663979e+00
1.788474694676866150e+00 1.999906990442650301e+00 -4.264153364530709922e+00
1.761535099244053493e+00 2.012846802480586117e+00 -4.304245522913864974e+00
1.990018833565571299e+00 1.988661954763489170e+00 -3.629873526238276416e+00
2.009902445525526549e+00 1.958646734688006319e+00 -3.663821505498020770e+00
1.993167614015979083e+00 1.989113240440386399e+00 -3.616593416049710186e+00
1.990756839379911991e+00 1.988767413940277562e+00 -3.626762076374674404e+00
2.021030395119080225e+00 1.953281233251371818e+00 -3.641839102148158869e+00
-7.372285796092784005e-02 2.778482437214118583e+00 -3.809179047629526860e+00
-1.073652621766172655e-01 2.783587339923809356e+00 -3.773358254483461849e+00
-1.411361421765948143e-01 2.788707512288589818e+00 -3.737424545554914879e+00
-6.157274439803657462e-02 2.780378979057194666e+00 -3.800978304650722173e+00
-7.487124750146526009e-02 2.788175143211540252e+00 -3.754163183360873735e+00
-7.906966010076024731e-02 2.796556743854145211e+00 -3.705925016080210188e+00
-7.478650047524787459e-02 2.805262648211923171e+00 -3.657611427718885366e+00
-6.546526101727492830e-02 2.814086680797922568e+00 -3.609756470347086132e+00
-5.316089055043667772e-02 2.823162744761205989e+00 -3.562452284705183825e+00
-4.396652758858913407e-02 2.832215113204241241e+00 -3.514654223481798123e+00
1.017684667326270720e-01 2.588748474677680989e+00 -4.647886640871987218e+00
1.184070258853991559e-01 2.587446476048743005e+00 -4.648168759079638335e+00
1.429700951601645398e-01 2.585524400950935053e+00 -4.648585116208605150e+00
1.740174447950977865e-01 2.583094917794716228e+00 -4.649111422369037960e+00
2.092748410293220340e-01 2.572030442423547392e+00 -4.683203700291147520e+00
2.470577116564118825e-01 2.561474068586142128e+00 -4.714492755221014519e+00
2.860239841018449858e-01 2.550594591323076088e+00 -4.743733067959709615e+00
3.235449082431730017e-01 2.537282400326585030e+00 -4.773828716888884216e+00
3.567484394323161556e-01 2.523157349197857613e+00 -4.808750337120487828e+00
1.120636642521013610e-01 2.587943405289851118e+00 -4.648058988083102250e+00
1.323193563484132418e-01 2.586358243341741137e+00 -4.648402904447690887e+00
1.513431068490976861e-01 2.584869446093112089e+00 -4.648726081824699818e+00
1.747724380767122776e-01 2.583035995161835796e+00 -4.649123590589150368e+00
1.976221532335241393e-01 2.570685107162197891e+00 -4.692108869354981060e+00
2.122947527575194393e-01 2.558145234297025006e+00 -4.738298121740598390e+00
2.183663640501523340e-01 2.545768191327111296e+00 -4.786399126420254113e+00
2.186734075144628475e-01 2.533443876576913389e+00 -4.834820906206820368e+00
2.138086488396704343e-01 2.520497571245815305e+00 -4.882857514397204390e+00
4.272875283236814425e-01 2.584023704213759043e+00 -4.534938882142697025e+00
4.268189814446962660e-01 2.587850608564779886e+00 -4.520687089724113150e+00
6.799354502056558225e-01 2.600071952519544372e+00 -4.243244574058446794e+00
7.033576704254707046e-01 2.583736317271159155e+00 -4.283750887214924141e+00
7.275291137540760289e-01 2.567163634212018319e+00 -4.324417976025066501e+00
7.515045293860094233e-01 2.550632020169535163e+00 -4.365126292642253603e+00
7.752990461659464705e-01 2.534307477150802956e+00 -4.405955552196195946e+00
7.913202282034225155e-01 2.519008420975640039e+00 -4.450386730205477370e+00
7.975977898522816911e-01 2.504661263395083104e+00 -4.497447235854163061e+00
8.578059428353466132e-01 2.475137691806018392e+00 -4.538059699997537777e+00
8.599038251098122254e-01 2.462512125451615574e+00 -4.584852446584707586e+00
6.912227861949735708e-01 2.599490206622857791e+00 -4.233782538197793599e+00
7.310128359971090894e-01 2.582945008654245367e+00 -4.258047409730056465e+00
7.743650514257012230e-01 2.566298466146191171e+00 -4.274424740730286665e+00
8.200287070354115304e-01 2.550196274443713662e+00 -4.282733149803121364e+00
8.666105495082525589e-01 2.534868103739734480e+00 -4.286246714713693784e+00
-1.440533774576923554e+00 2.259681077250792924e+00 -4.283866193011455437e+00
-1.439887181471812161e+00 2.259215258927531167e+00 -4.286914125755984628e+00
-1.439243202274042899e+00 2.258754251752860043e+00 -4.289939697157700849e+00
-1.438554769402976552e+00 2.258261287936871309e+00 -4.293174580401754703e+00
-1.437777736157726638e+00 2.257704740019220058e+00 -4.296826269887324301e+00
-1.436869172672391226e+00 2.257053850476199663e+00 -4.301096547011602489e+00
-1.435784450103431364e+00 2.256276642013289813e+00 -4.306195187449346484e+00
-1.434475104070469964e+00 2.255338386437557130e+00 -4.312350004794471836e+00
-1.432887492061858614e+00 2.254200642604394123e+00 -4.319813161572989557e+00
-1.437542165595749877e+00 2.257536727152628320e+00 -4.297930892483848631e+00
-1.433850170870453411e+00 2.254887407696571699e+00 -4.315298458164879669e+00
-1.429893331583190985e+00 2.252051364506667319e+00 -4.333900483029083261e+00
-1.483289603073624674e+00 2.186132709768386473e+00 -4.442281326722512524e+00
-1.498313365798343622e+00 2.178574263226310315e+00 -4.434025745548072273e+00
-1.512276484378847652e+00 2.171565285991754024e+00 -4.426295338686489167e+00
-1.526042265127179665e+00 2.164654695086338343e+00 -4.418676619817897944e+00
-1.540269868875332460e+00 2.157511413729435112e+00 -4.410805391888830584e+00
-1.555068319951534273e+00 2.149862435275233352e+00 -4.402303728533094151e+00
-1.110237495709266886e+00 2.366179945552601360e+00 -4.557061032444718052e+00
-1.095093228217846937e+00 2.359911041857559511e+00 -4.604204592905909443e+00
-1.080086733343531336e+00 2.353944121365115105e+00 -4.651423670732630633e+00
-1.065151498522250106e+00 2.348153586324804643e+00 -4.698664258080686551e+00
-1.049853096984744161e+00 2.341344790498001149e+00 -4.745699983255154741e+00
-1.034342489505393203e+00 2.333965371966924884e+00 -4.792570550336595403e+00
-1.018899520064777686e+00 2.326584402871457957e+00 -4.839483233209168844e+00
-1.003673571478401527e+00 2.319558710050180661e+00 -4.886502011672051893e+00
-9.882974491531679728e-01 2.312561314802963786e+00 -4.933646595964149562e+00
-1.123540445378393926e+00 2.359496766547265700e+00 -4.558081083936767364e+00
-1.129683677443642953e+00 2.343109649590610744e+00 -4.604851006506761379e+00
-1.143884911395380399e+00 2.324056909586990294e+00 -4.648805137294992562e+00
-1.164825924200824980e+00 2.302993990245807865e+00 -4.688978198084063465e+00
-1.189215015640811890e+00 2.280174255709278341e+00 -4.726066630235226995e+00
-1.216608363611412225e+00 2.254760856307095107e+00 -4.759060994461538741e+00
-1.248201156151852675e+00 2.228011081295312223e+00 -4.788933931780219311e+00
-1.281643901530491902e+00 2.201197547928222420e+00 -4.815846854427877410e+00
-1.316161414450752742e+00 2.174785668531710847e+00 -4.840548773918250447e+00
4.693565887343451037e-01 2.954981153018887419e+00 -2.411397842250430745e+00
4.352292858363851491e-01 2.965711373254149574e+00 -2.376388651449526268e+00
4.014011704008262904e-01 2.975547650343182138e+00 -2.341221111934550958e+00
3.672583115410908983e-01 2.982262095716253114e+00 -2.305626938104092361e+00
3.330433794082646171e-01 2.988984604597805461e+00 -2.270008008086459306e+00
3.067013423029316121e-01 2.995898318056225307e+00 -2.228254192838801551e+00
4.606878561682963835e-01 2.955633979396502298e+00 -2.423321319282269126e+00
4.146284340331266582e-01 2.965138490496732171e+00 -2.407775650029594150e+00
3.662381173717160765e-01 2.971918776793286199e+00 -2.400653058134255335e+00
3.169777979194161044e-01 2.975311516968743408e+00 -2.401384180587983863e+00
7.800853349928102420e-02 2.996993748248347966e+00 -2.352946405485279779e+00
3.366016021636462213e-02 3.002655319069586604e+00 -2.330629431420853326e+00
-1.062515857089027342e-02 3.005546404040817965e+00 -2.308007705099019535e+00
-5.463762051349394661e-02 3.005578685230452685e+00 -2.284957575836231936e+00
-9.825204682815798229e-02 3.005649043375460572e+00 -2.261799311632710197e+00
-1.414560511782788910e-01 3.005757766233052575e+00 -2.238536950104776935e+00
-1.839143421922546651e-01 3.006245088932633536e+00 -2.212536676551412285e+00
-2.232784648386322568e-01 3.007422421185831141e+00 -2.182444670515485186e+00
8.670426636640093943e-02 2.997698999122617725e+00 -2.340783653673645492e+00
5.749525357151431121e-02 3.004598192415145252e+00 -2.300809518504074891e+00
3.589897991966619489e-02 3.009647181209605282e+00 -2.256102757514292012e+00
2.177437746712622760e-02 3.013638969567476344e+00 -2.208418608620103640e+00
1.269233660751707855e-02 3.017702118169158343e+00 -2.159550033655901924e+00
7.349326847072759801e-03 3.021786775047014650e+00 -2.110185330259999770e+00
6.611800465715900015e-03 3.025859098374318101e+00 -2.060681941326212741e+00
-3.937493040070739504e-03 3.029916421196427123e+00 -2.011976244283814275e+00
-2.366676390669845281e-02 3.034423094799117759e+00 -1.965586402480443695e+00
-1.299827531258854474e-01 2.964160726355895115e+00 -2.624073378858951866e+00
-1.795825467060706004e-01 2.962672104961221464e+00 -2.624256283161497727e+00
-2.288191887653358569e-01 2.958523344984784753e+00 -2.623979023758106432e+00
-2.779486082367532696e-01 2.952067323154930811e+00 -2.623376463389086588e+00
-3.267093632424512006e-01 2.945185199979531987e+00 -2.626117916847486189e+00
-1.276941289200709262e-01 2.962134468336310889e+00 -2.638674327027355382e+00
-1.716168971653317665e-01 2.959011533122976267e+00 -2.661978354917751144e+00
-2.100684017558333561e-01 2.951935286540025682e+00 -2.692231443864183671e+00
-2.433010454904242781e-01 2.943563183545937267e+00 -2.727868978779124376e+00
-2.728820168591069018e-01 2.935317153473193663e+00 -2.766715644418505260e+00
-2.571492891445832818e+00 1.768135476584045351e+00 -5.590955129811510105e-01
-2.597461044869475710e+00 1.732419077694002052e+00 -5.357909373180235191e-01
-2.620932298245042258e+00 1.695342849167718047e+00 -5.123256699312968010e-01
-2.644438366414790131e+00 1.658209938400758254e+00 -4.888489938380913835e-01
-2.667967624856807163e+00 1.621039163329995203e+00 -4.653662165384103155e-01
-2.691149500157760333e+00 1.583651710347941277e+00 -4.418916047119343382e-01
-2.713355471660034102e+00 1.545695970485947646e+00 -4.183867320771844089e-01
-2.735575934791679931e+00 1.507715486187882314e+00 -3.948656218907459214e-01
-2.757804456862442244e+00 1.469721329277817290e+00 -3.713323815551381468e-01
-2.566287073185762768e+00 1.775278862676382907e+00 -5.470917210942608522e-01
-2.583763780230681650e+00 1.752086345106420140e+00 -5.064082437248697000e-01
-2.596783279428070745e+00 1.734953457466057003e+00 -4.612489141148670146e-01
-2.605092156434898332e+00 1.724207300731563919e+00 -4.131473646924568310e-01
-2.610636257620267298e+00 1.717203271792876240e+00 -3.639755191227392328e-01
-2.613662329967731068e+00 1.714874056984592832e+00 -3.140918506772852337e-01
-2.614171679391905201e+00 1.716327813996924911e+00 -2.641073892340822238e-01
-2.611156319201468179e+00 1.720363843608625931e+00 -2.144775307828285238e-01
-2.606745184522698988e+00 1.726625970194385795e+00 -1.652345282065798282e-01
-2.583590676873364966e+00 1.723181162305128966e+00 -9.770220231738675487e-01
-2.600843755569997473e+00 1.692933167444289122e+00 -1.012496858650881348e+00
-2.618550864778191212e+00 1.662555374330962232e+00 -1.048134988715985205e+00
-2.636224825025187624e+00 1.632229078504701114e+00 -1.083780368908682457e+00
-2.653860839706774666e+00 1.601962489673368850e+00 -1.119423609789341967e+00
-2.669943671824528852e+00 1.570924813402254427e+00 -1.154920574206536710e+00
-2.685335196560412641e+00 1.539431145401231049e+00 -1.190393151625711354e+00
-2.700727582198004573e+00 1.507924633704978534e+00 -1.225948448726634776e+00
-2.716134575567310083e+00 1.476392994984738749e+00 -1.261502713572234091e+00
-2.588955696465702783e+00 1.716033572425291975e+00 -9.651479620656475689e-01
-2.613669835729621305e+00 1.676019831719219422e+00 -9.808951108344348135e-01
-2.640024402538100112e+00 1.634332385707430335e+00 -9.879254054363633131e-01
-2.666966133415349383e+00 1.592574907820171415e+00 -9.865777477836743525e-01
-2.692744848455672191e+00 1.550659187935973016e+00 -9.803918383285178395e-01
-2.716626485809417790e+00 1.508663480346079222e+00 -9.687657928951253217e-01
-2.776033530732266552e+00 1.403915769886100451e+00 -9.027021045443102132e-01
-2.778255359398106084e+00 1.398397783730819910e+00 -9.113715090316127920e-01
-2.779936361979205461e+00 1.394236461113155245e+00 -9.177697229205210583e-01
-2.084270612372706832e+00 2.325235705034764955e+00 -1.503763987409166836e-01
-2.087506163380770552e+00 2.321466392912215682e+00 -9.972452713779034195e-02
-2.090767058025751357e+00 2.317677181543434717e+00 -4.918479744000685272e-02
-2.071850364842088954e+00 2.336073266204760301e+00 -1.528075494070729734e-01
-2.057615267919699065e+00 2.347557690893701920e+00 -1.060690636314887414e-01
-2.035293495956469023e+00 2.366172234283337339e+00 -6.482121640930661732e-02
-2.008948475691942903e+00 2.388363109559502817e+00 -2.783751839654674543e-02
-1.797003815280393324e+00 2.548620012431851212e+00 -3.789263019532227994e-01
-1.757452225089112252e+00 2.578806913674021484e+00 -3.625959352509673939e-01
-1.718704079457366474e+00 2.608389228943274851e+00 -3.463901000141157982e-01
-1.679525210015042624e+00 2.634790524093289843e+00 -3.304785727445047061e-01
-1.639405623038654447e+00 2.659498059828321548e+00 -3.144742260617602869e-01
-1.599299557638037994e+00 2.684196488283602022e+00 -2.984238333580849223e-01
-1.558302888377069317e+00 2.707129839036537255e+00 -2.822598960894131537e-01
-1.517995229448221961e+00 2.728945806112050843e+00 -2.635713562201340565e-01
-1.479356222086874562e+00 2.750037350727431384e+00 -2.405079797618576709e-01
-1.794524951512717736e+00 2.549858894443536972e+00 -3.935899108104113919e-01
-1.752860722717159536e+00 2.580629014231284657e+00 -4.011098657892402941e-01
-1.713616430548210445e+00 2.609229713478768975e+00 -4.173747001216365216e-01
-1.677906155059708082e+00 2.635184515512398296e+00 -4.414703980065895483e-01
-1.643138091111990384e+00 2.656757142843209962e+00 -4.694431114863142906e-01
-1.609534984381954414e+00 2.673791915310393286e+00 -5.016370252475438329e-01
-1.578119872054255080e+00 2.689653450372937904e+00 -5.366707949776257092e-01
-1.549229831077421737e+00 2.704167848884102110e+00 -5.744542969698378521e-01
-1.522211039244374176e+00 2.717687241234874929e+00 -6.140202043218638828e-01
-1.643716096550296990e-01 3.116268296096217583e+00 -4.190341140963636524e-01
-1.228598748732780549e-01 3.116436098172896685e+00 -4.135418323581359079e-01
-1.570888176019115678e-01 3.116297649952390447e+00 -4.180731430299202689e-01
-1.105474890588738351e-01 3.116486087052379172e+00 -4.119061698853014875e-01
-2.142927728581796920e+00 1.851819258043869709e+00 -3.529438457944792162e+00
-2.159200077542854590e+00 1.822336482207867814e+00 -3.566199043568059057e+00
-2.174546832413584152e+00 1.792231127161265869e+00 -3.602892239990784784e+00
-2.189968269551751501e+00 1.762411765682726728e+00 -3.639720922087378518e+00
-2.205594500300338545e+00 1.732358685626175232e+00 -3.676455817022183936e+00
-2.221217351455480049e+00 1.702309916761595598e+00 -3.713190628041665331e+00
-2.235000247956563602e+00 1.670968164128737499e+00 -3.749467419158437842e+00
-2.248738776444496601e+00 1.639651379401154241e+00 -3.785823913136751262e+00
-2.262610396835474269e+00 1.608500159201434743e+00 -3.822252043135092148e+00
-2.133810983724523602e+00 1.860416729297680982e+00 -3.537429033646192877e+00
-2.136077688798346141e+00 1.845409219203853590e+00 -3.585020620656862445e+00
-2.131462574852179159e+00 1.835893006702211894e+00 -3.633833110970952518e+00
-2.121328407523368043e+00 1.832761290013775302e+00 -3.682623227647635833e+00
-2.108076803877399819e+00 1.833486667746361709e+00 -3.730782942358104926e+00
-2.091728608681213242e+00 1.838476920519350077e+00 -3.777793086913336484e+00
-2.073222333991791455e+00 1.847200409364057494e+00 -3.823445365747769831e+00
-2.051600786846718538e+00 1.857753565909847193e+00 -3.867175631509197853e+00
-1.939182805849117619e+00 1.957980998710191933e+00 -3.930681592256816348e+00
-2.250994102341000502e+00 1.820511470930405329e+00 -3.145179873976961638e+00
-2.280155130889502502e+00 1.789158490976483940e+00 -3.119845921316669823e+00
-2.373240840744805347e+00 1.676212142423922469e+00 -3.079206340881624371e+00
-2.373882993694301557e+00 1.679386252042460725e+00 -3.064892840046829381e+00
-2.374101128836182184e+00 1.680449125215344175e+00 -3.060084330597747648e+00
-2.373904801583032409e+00 1.679462387656738276e+00 -3.064517477932721778e+00
-2.373330478592292625e+00 1.676609758535235528e+00 -3.077367317258228763e+00
-2.372691670324172719e+00 1.673419834957660335e+00 -3.091719402788891902e+00
-2.372220810966684468e+00 1.671046903687035901e+00 -3.102373978621951522e+00
-2.252837815744410666e+00 1.814758572490344335e+00 -3.158809595869179976e+00
-2.283971584005438427e+00 1.776104213531926934e+00 -3.155947320497572761e+00
-2.313792377207740003e+00 1.736766973071595777e+00 -3.161936876524652273e+00
-2.340869851206578200e+00 1.696158744600327006e+00 -3.171332428610785570e+00
-2.364632159787904975e+00 1.656832985195080710e+00 -3.190041679281989673e+00
-2.385355500306594490e+00 1.619846825106095345e+00 -3.215766170100912813e+00
-2.404181511330378829e+00 1.584828901663946743e+00 -3.245563316908474771e+00
-2.421054333933411851e+00 1.550683785852175811e+00 -3.277616292989063762e+00
-2.435837621802339203e+00 1.516743148025773369e+00 -3.310957485845700710e+00
-1.713045170908112258e+00 2.221755750438008103e+00 -3.672981788751817245e+00
-1.715664879138178556e+00 2.207957468090530284e+00 -3.720853319442823270e+00
-1.717929039020276605e+00 2.193834804981452891e+00 -3.768668744379019220e+00
-1.720323280549508338e+00 2.180032076514012651e+00 -3.816661118614903980e+00
-1.723096566057952916e+00 2.166210386319729508e+00 -3.864630336213210171e+00
-1.733876184646453655e+00 2.146625008881286156e+00 -3.909360467059495470e+00
-1.750916188423911057e+00 2.122922929775048040e+00 -3.949938429681433938e+00
-1.769752878536787533e+00 2.097099643689677162e+00 -3.988293146572578163e+00
-1.780944132274357328e+00 2.075028527465726302e+00 -4.031640058920178404e+00
-1.700950177233042426e+00 2.230434587466674667e+00 -3.673950503969348080e+00
-1.685917799166660958e+00 2.231289603605894900e+00 -3.721708613516988784e+00
-1.664509834014153755e+00 2.237473328299467212e+00 -3.766443611071953690e+00
-1.637057468468606558e+00 2.247324436180124785e+00 -3.806918087837768638e+00
-1.543501911253386760e+00 2.262918018527382724e+00 -4.015796517630290552e+00
-1.533407945327799338e+00 2.256735851959399852e+00 -4.064171786089345595e+00
-1.523307445489973100e+00 2.250417315820507191e+00 -4.112590509052970411e+00
-1.466279063611514388e+00 2.277023081652062686e+00 -4.156120025794438178e+00
-1.543665322354464076e+00 2.263005711132037412e+00 -4.014923438282688828e+00
-1.533787772685194284e+00 2.256978920082522766e+00 -4.062331322149198343e+00
-1.523909208444510055e+00 2.250817074647530447e+00 -4.109621782063404005e+00
-1.467158486419987806e+00 2.277537695372101378e+00 -4.151691540385932022e+00
-1.388004527631311547e+00 2.368882374167286198e+00 -3.976881598470714430e+00
-1.351844705445085282e+00 2.383269342847476935e+00 -4.008443674433452841e+00
-1.315518686747581212e+00 2.396295440295947543e+00 -4.039697784243649004e+00
-1.278343336680767495e+00 2.407467674617949971e+00 -4.070544308417799684e+00
-1.238092110017717129e+00 2.421259670192795532e+00 -4.095595456682661784e+00
-1.396332539911923076e+00 2.361322331494516202e+00 -3.986469793226366409e+00
-1.374065264109690876e+00 2.363755745018872201e+00 -4.031415045990807577e+00
-1.358920118943830024e+00 2.361377219908010527e+00 -4.079134333332672391e+00
-1.350714318844088657e+00 2.354050151489329945e+00 -4.127816960222468801e+00
-2.539742512749146641e+00 1.649432519025586519e+00 -2.074740489538681842e+00
-2.566482385393902721e+00 1.607385885738761067e+00 -2.072240094845395397e+00
-2.593214781412533032e+00 1.565358650702643795e+00 -2.069693091736036994e+00
-2.620109623685175304e+00 1.523479016472343073e+00 -2.067098648419263718e+00
-2.644759090535874435e+00 1.480376005810821960e+00 -2.064212110470556638e+00
-2.668474402397202905e+00 1.436675268530078986e+00 -2.061224414808983330e+00
-2.692154146450360219e+00 1.393028051656154398e+00 -2.058296274731260311e+00
-2.715131696258607175e+00 1.349007312700378991e+00 -2.055298205955506052e+00
-2.736269776167785217e+00 1.304015506286228643e+00 -2.052104829964697785e+00
-2.539210736074450026e+00 1.652620326680608542e+00 -2.060232111061637728e+00
-2.564053104830938512e+00 1.617513765804255765e+00 -2.034920072227669685e+00
-2.586983797380096650e+00 1.587413917365579241e+00 -2.002411576991621978e+00
-2.607145753124947785e+00 1.562706232105653070e+00 -1.964232552297138223e+00
-2.625413738603445069e+00 1.541518447318656282e+00 -1.923095165289784525e+00
-2.640054631958314246e+00 1.523596627268684500e+00 -1.878968491233565130e+00
-2.652779897416431609e+00 1.508633452484831494e+00 -1.833111480941638005e+00
-2.663431827188380563e+00 1.496454043494912511e+00 -1.785791748961809144e+00
-2.672771805864382788e+00 1.486607034102047864e+00 -1.737667144167303057e+00
-2.425391075791174078e+00 1.741850321978250404e+00 -2.478215209331882551e+00
-2.430052173438190799e+00 1.726574757317795195e+00 -2.525467170117257076e+00
-2.433280908996541481e+00 1.710310514954771710e+00 -2.572569577577479727e+00
-2.437174912096295998e+00 1.694527715891699149e+00 -2.619801082605081266e+00
-2.441066091938187910e+00 1.678745694911813580e+00 -2.667049031971826079e+00
-2.449975341198451950e+00 1.656157387852513985e+00 -2.710844922803440138e+00
-2.463859529641949209e+00 1.627282126306301979e+00 -2.749028165453002437e+00
-2.480488103616987239e+00 1.592661620837572345e+00 -2.780442772793517481e+00
-2.499656951666884286e+00 1.554640083513507687e+00 -2.805771755571877080e+00
-2.433778910170225629e+00 1.731454110536048585e+00 -2.471639696151967325e+00
-2.450386942475987428e+00 1.700469804085499081e+00 -2.506928124220775711e+00
-2.469745426768512608e+00 1.664429391737832775e+00 -2.535335944046586132e+00
-2.492055470282683149e+00 1.625566921078450688e+00 -2.557072210837387782e+00
-2.516187380522214578e+00 1.585502015433382539e+00 -2.574271001389578650e+00
-2.541258781927045352e+00 1.544209623753448390e+00 -2.586246221094454345e+00
-2.565187555114088802e+00 1.501192843413803768e+00 -2.593646840813029097e+00
-2.589432382943309907e+00 1.457709586407591740e+00 -2.593478749941601436e+00
-2.609697105801714656e+00 1.429849707128486358e+00 -2.557336533497244879e+00
-2.204032420986101304e+00 1.904642137247522626e+00 -3.035531490868126792e+00
-2.196176800039604693e+00 1.910514068097368900e+00 -3.046703865527215616e+00
-2.373004669138058187e+00 1.730048962973674609e+00 -2.855511886025563495e+00
-2.401446308972978727e+00 1.688990217835028895e+00 -2.863822760084165253e+00
-2.429245005053423334e+00 1.648615754524183741e+00 -2.871979823642140772e+00
-2.452112987751017048e+00 1.608603415329186159e+00 -2.888918485501111633e+00
-2.471821196949542276e+00 1.571073485499349331e+00 -2.914400212145319635e+00
-2.487740898120173405e+00 1.537392994930864454e+00 -2.947005630642871132e+00
-2.500842598061529198e+00 1.507018149721771394e+00 -2.983968285475214532e+00
-2.511455230935512262e+00 1.478684780121621412e+00 -3.023405880155368930e+00
-2.520149412901022234e+00 1.451671665689086899e+00 -3.064367640887461164e+00
-2.374700818256011647e+00 1.730935373244582687e+00 -2.840779856139696413e+00
-2.404493143010955958e+00 1.693231352794646316e+00 -2.825264527702931350e+00
2.519455487599823407e+00 1.827094724743965948e+00 -8.115444837396521560e-01
2.543367581106004138e+00 1.797877807633486258e+00 -7.787866631437451170e-01
2.566216967050665598e+00 1.768042910326828698e+00 -7.459678463786931779e-01
2.587719625064258899e+00 1.737337549034051243e+00 -7.130384096098827396e-01
2.607619590225670692e+00 1.705910201556829486e+00 -6.801356228219014310e-01
2.627389262171828666e+00 1.674792082388895542e+00 -6.470467406468071170e-01
2.647303723479280002e+00 1.644129727556544296e+00 -6.138965071277491248e-01
2.668055076533055292e+00 1.612067100563846278e+00 -5.808929657845138816e-01
2.688736158630372408e+00 1.580123046068113490e+00 -5.478633725117428854e-01
2.512723647812173944e+00 1.836248448875608563e+00 -8.018591906223470067e-01
2.525488973440072726e+00 1.822061024624695991e+00 -7.556606466112877341e-01
2.533120718152759743e+00 1.814620643623994667e+00 -7.068298405666902928e-01
2.535717876867675802e+00 1.813895776184316411e+00 -6.569163521146685891e-01
2.535286512643347479e+00 1.816914808459945130e+00 -6.070481383225516669e-01
2.530858981861629164e+00 1.823651564951791260e+00 -5.577412630889362344e-01
2.523763739863007505e+00 1.834022649471000355e+00 -5.093944363631794925e-01
2.514274329425634225e+00 1.847652255069674121e+00 -4.621365738584858329e-01
2.503251744554937375e+00 1.863364657409306790e+00 -4.158569822340392186e-01
2.356058028289700346e+00 2.041153140482551809e+00 -7.397001485681836686e-01
2.359458399394464667e+00 2.038426977760745995e+00 -7.020744006299717288e-01
2.363154007191617723e+00 2.035467127623509231e+00 -6.610367417722264882e-01
2.367075006628229339e+00 2.032326741954229909e+00 -6.174970565527423405e-01
2.371158721880998410e+00 2.029056011827615968e+00 -5.721516445433458831e-01
2.363838188103577487e+00 2.037615901671177454e+00 -5.235284554223339493e-01
2.353488116227761218e+00 2.049273855951057932e+00 -4.761897523574915581e-01
2.337126006493725594e+00 2.067050501260271123e+00 -4.328132657340372780e-01
2.316218099006214004e+00 2.089440271241756797e+00 -3.938323513680205834e-01
2.356937992224633405e+00 2.040441519458412234e+00 -7.302585745903337200e-01
2.360939553774854538e+00 2.037234777342263659e+00 -6.859126141915851127e-01
2.365019692732149625e+00 2.033967056378788385e+00 -6.405999360133149967e-01
2.369150647958772726e+00 2.030658079231596247e+00 -5.947497998912162354e-01
2.360322484764250106e+00 2.040760680876895883e+00 -5.467185826891913791e-01
2.349496764339618515e+00 2.052903835740943705e+00 -4.996396865319279179e-01
2.336108812668184154e+00 2.067657968801534185e+00 -4.540907807889227876e-01
2.319982907295627506e+00 2.085193132673569760e+00 -4.106109802729929203e-01
2.302711719102789711e+00 2.104593843937750730e+00 -3.683004644912724057e-01
2.651089411418741104e+00 1.595088337495878861e+00 -1.194835747525270442e+00
2.678044854377934492e+00 1.553291578399294659e+00 -1.191713442041127280e+00
2.703283676458034357e+00 1.510600972128415043e+00 -1.188523708384787492e+00
2.726317796984143893e+00 1.466597657234352425e+00 -1.185205814802844371e+00
2.749370618977593939e+00 1.422563797488707760e+00 -1.181836030374948443e+00
2.772347416631756989e+00 1.378509595296613766e+00 -1.178406208515096587e+00
2.795141523772981085e+00 1.334356769417061273e+00 -1.175005041371429693e+00
2.816565996156549012e+00 1.289629400076719445e+00 -1.171566076902936349e+00
2.835939350760106503e+00 1.243914757752279776e+00 -1.167979006269149078e+00
2.649737362892644832e+00 1.595735125506614560e+00 -1.209666774772735653e+00
2.673347087101669572e+00 1.556930028644777142e+00 -1.230223071582431160e+00
2.693589855499175734e+00 1.521402462040907899e+00 -1.258559680580071172e+00
2.708159905224420960e+00 1.488553218386482691e+00 -1.292959823799132879e+00
2.720918528807041437e+00 1.458746060345461837e+00 -1.330707917272872853e+00
2.701647655696139516e+00 1.472952618887481302e+00 -1.499638876590669190e+00
2.721681181904260338e+00 1.435968185692694687e+00 -1.516078440816312156e+00
2.739924283696337781e+00 1.395848861815916830e+00 -1.533184420723515240e+00
2.758309895410010260e+00 1.355074253744455337e+00 -1.550396094633387900e+00
2.561234856722621522e+00 1.700329191980104016e+00 -1.522095416341280316e+00
2.568134168832140851e+00 1.691095219340840838e+00 -1.517450544713344174e+00
2.579448643604472569e+00 1.675952173997878658e+00 -1.509831910800487842e+00
2.594753598188255239e+00 1.655468373496860046e+00 -1.499526127367506900e+00
2.611808008348759813e+00 1.630077304785613190e+00 -1.486887683151865591e+00
2.630160646646658940e+00 1.600398713721725263e+00 -1.472598024493206204e+00
2.650106234304128172e+00 1.568140279257645764e+00 -1.457094873853771677e+00
2.568499436662374347e+00 1.690605544228676482e+00 -1.517212259043963840e+00
2.579941330323806792e+00 1.675291607049858689e+00 -1.509511214475460328e+00
2.591783088600083662e+00 1.659442468364996870e+00 -1.501541218257569144e+00
2.601259285489850193e+00 1.646759056392373299e+00 -1.495166818863721270e+00
2.612047390658226664e+00 1.629695426294118787e+00 -1.486664746515069302e+00
2.622910928856126311e+00 1.612127293402220163e+00 -1.478208915773613796e+00
2.631260597397378387e+00 1.598624358673295776e+00 -1.471710804055940347e+00
2.640552746124843697e+00 1.583596464124808367e+00 -1.464484779985787632e+00
2.649257727358631964e+00 1.569518592383236877e+00 -1.457712463209617448e+00
2.299903921628029035e+00 1.553211758780031371e+00 -3.837081125347127752e+00
2.290816225790313965e+00 1.557873281452060166e+00 -3.860141315043923882e+00
2.282122813200416989e+00 1.562447439680103134e+00 -3.881859450979232129e+00
2.294074738753383524e+00 1.531467503364732252e+00 -3.919122059685187232e+00
2.305143655335808450e+00 1.499805253524013393e+00 -3.956085218427002559e+00
2.316224974591938324e+00 1.468139571103538543e+00 -3.993006078186382979e+00
2.366323086327379865e+00 1.377188186079528531e+00 -4.020034364166976459e+00
2.361676927884803323e+00 1.367563231376643929e+00 -4.059713763518585594e+00
2.417061325644741743e+00 1.332615513162223042e+00 -4.110620335174776763e+00
2.304852430177665390e+00 1.550487588067898770e+00 -3.824806559332960987e+00
2.302837740505919051e+00 1.551546546603451038e+00 -3.830113128776854836e+00
2.303264904331662422e+00 1.551320236627466542e+00 -3.829050589503835145e+00
2.306139060095577342e+00 1.549811786373589850e+00 -3.821091587151459468e+00
2.312074523386163261e+00 1.546226987832216571e+00 -3.805192716594860691e+00
2.320682555195054064e+00 1.541025030032596499e+00 -3.782143070399540452e+00
2.331480100190515437e+00 1.534500002648970352e+00 -3.753230360302315827e+00
2.347688549945166514e+00 1.517333813541917653e+00 -3.729377135765411744e+00
2.354427879659293232e+00 1.517785892561457128e+00 -3.699331898128719320e+00
2.049703997414820567e+00 1.848188475254157304e+00 -3.904056154967685988e+00
2.044804298382916219e+00 1.840009332979628320e+00 -3.953179407160812620e+00
2.039526011751985557e+00 1.831404095969147550e+00 -4.002125608275947322e+00
2.039998571762552171e+00 1.815753870845870255e+00 -4.049579398027137955e+00
2.046897713145572339e+00 1.793576981377815294e+00 -4.093795974848105423e+00
2.071621456271817152e+00 1.754559693892164374e+00 -4.129640022163544977e+00
2.071249158264672818e+00 1.741856987560467696e+00 -4.169441574518176097e+00
2.070567950841908367e+00 1.730284750676841066e+00 -4.204454046101958831e+00
2.069674780254096014e+00 1.719666906501798209e+00 -4.236052655246784759e+00
2.059736049356956755e+00 1.837586741668508106e+00 -3.900999633295474833e+00
2.070393159638445280e+00 1.813462803288309111e+00 -3.943481526078766564e+00
2.086528077021898575e+00 1.784507230122517996e+00 -3.980912769875686763e+00
2.106084383739417643e+00 1.751191478925325118e+00 -4.012602848829141422e+00
2.129187297992247263e+00 1.714760911936033416e+00 -4.037759396493100894e+00
2.156129988439920098e+00 1.676157528291059684e+00 -4.054327232261086600e+00
2.183597012508543322e+00 1.635569515864544465e+00 -4.063682354729482249e+00
2.212034821425195474e+00 1.594940826771015674e+00 -4.068411791150110091e+00
2.238008391694840782e+00 1.554468290556286991e+00 -4.081067808990266776e+00
2.551080191352164572e+00 1.437118203996528454e+00 -2.924321755813178658e+00
2.486878271549107122e+00 1.444900955581023494e+00 -3.273879656267387972e+00
2.499803977976273295e+00 1.425160663310060860e+00 -3.261590977343399977e+00
2.515662460676956425e+00 1.400934657427553631e+00 -3.246533383561161390e+00
2.579931171035526827e+00 1.283271727420224328e+00 -3.240181448730497848e+00
2.578870455174781640e+00 1.278531315476337138e+00 -3.257465926047233395e+00
2.577945960508853940e+00 1.274358905133203601e+00 -3.272631735520107554e+00
2.577096687479758508e+00 1.270526429719755157e+00 -3.286562470967593796e+00
2.576279442935394570e+00 1.266839220774872654e+00 -3.299966022356091599e+00
2.655096805558600614e+00 1.217000559056681253e+00 -3.318221434538539683e+00
2.479428248279552882e+00 1.455013785803099591e+00 -3.280447293323696556e+00
2.483988083499479416e+00 1.448922452474261435e+00 -3.276587968887314961e+00
2.486746173851147379e+00 1.445103037050486705e+00 -3.274004268498815318e+00
2.489223356364236306e+00 1.441320319280493978e+00 -3.271647838986155854e+00
2.493824095641393068e+00 1.434292518575201569e+00 -3.267278131658829743e+00
2.497869358999931233e+00 1.428113500902508548e+00 -3.263435224368945953e+00
2.500091781152913750e+00 1.424719089964743279e+00 -3.261323195414258969e+00
2.502598058384537527e+00 1.420890814835279681e+00 -3.258942324881101804e+00
2.507548936673376527e+00 1.413328104137079322e+00 -3.254240232023004609e+00
2.783624699382916123e+00 1.060792654980585503e+00 -2.621729208071818196e+00
2.786769121899305368e+00 1.060611312711678966e+00 -2.607199167262284512e+00
2.606007625138595074e+00 1.347624730105200008e+00 -2.890805835818578196e+00
2.603286597390479518e+00 1.339913595749321784e+00 -2.932262218361092465e+00
2.600042993932489832e+00 1.331605722204587394e+00 -2.975873061534323849e+00
2.632587669424011345e+00 1.253695009431010643e+00 -3.014924282029575409e+00
2.627942592828025337e+00 1.249685656472645956e+00 -3.057101940754795244e+00
2.623107244451433839e+00 1.245903496160353674e+00 -3.094039553671833698e+00
2.619202949797017510e+00 1.242762837678352827e+00 -3.124012463522064298e+00
2.694012734715494517e+00 1.195812843312085816e+00 -3.158122332746264860e+00
2.678094105220272247e+00 1.146365091338266362e+00 -3.162715265986174806e+00
2.606568248710203761e+00 1.349526803037306433e+00 -2.880188050783153653e+00
2.605435693791904761e+00 1.345673913377294806e+00 -2.901674615029412152e+00
2.603479982035932672e+00 1.340398734086287735e+00 -2.929692416830593782e+00
2.601534154676381938e+00 1.335406854301367963e+00 -2.955878265714692255e+00
2.599674197361495409e+00 1.330636495294565069e+00 -2.980904871744265883e+00
2.633934630249164410e+00 1.254859938710297662e+00 -3.002686573882833887e+00
2.632136862960671397e+00 1.253309423945088152e+00 -3.019006673634824001e+00
2.629956586981145428e+00 1.251427347366052656e+00 -3.038804348931554600e+00
2.628047808932092000e+00 1.249779976674270099e+00 -3.056135665638883836e+00
2.676554099152286703e+00 1.463559564463920992e+00 -1.828137070010805720e+00
2.697015863490759724e+00 1.429995438092435789e+00 -1.797567753573413807e+00
2.717968166536240737e+00 1.395520005814751219e+00 -1.766830592282801815e+00
2.738742740567102540e+00 1.361370836860951616e+00 -1.736174985322638031e+00
2.760692845184217425e+00 1.323813611039804883e+00 -1.711771108044699119e+00
2.782397607751653457e+00 1.282121387693562875e+00 -1.696449561910879922e+00
2.802108374882610775e+00 1.237305418706764693e+00 -1.690141089256725682e+00
2.852026910980958618e+00 1.119098802800613912e+00 -1.697144793886466330e+00
2.851893333717891998e+00 1.119200371556533957e+00 -1.698208782054857036e+00
2.678902781194933524e+00 1.456606966728452468e+00 -1.841049812286610798e+00
2.702129458670932127e+00 1.413696258133777528e+00 -1.831836342251361938e+00
2.725537516021184548e+00 1.368923717295175368e+00 -1.831505335230864340e+00
2.747846288940052339e+00 1.324837083411434024e+00 -1.839696779299296869e+00
2.768064275100081240e+00 1.281446547804701019e+00 -1.852577546200032677e+00
2.785262049391994399e+00 1.238173580716670941e+00 -1.870419610842428249e+00
2.800636089949165353e+00 1.197600582823394211e+00 -1.895040973291932440e+00
2.814010525097296433e+00 1.160244828927085914e+00 -1.925306040230874816e+00
2.824542827345688067e+00 1.126016635285330247e+00 -1.959932021743384434e+00
2.725184692688993326e+00 1.321488418511145735e+00 -2.091455205999231293e+00
2.723167867038525092e+00 1.323750733677891089e+00 -2.100245074509377474e+00
2.719446806987988019e+00 1.327924188949657580e+00 -2.116464563604863791e+00
2.714147911706185301e+00 1.333769578433053216e+00 -2.140063514070911665e+00
2.706676377667170730e+00 1.341008670956958193e+00 -2.169464532292800119e+00
2.697936244185443755e+00 1.349426077829959381e+00 -2.203615760912696064e+00
2.701311674189399881e+00 1.332233202930614313e+00 -2.250387044992951502e+00
2.704338178199826359e+00 1.315676329002997580e+00 -2.297231695819641928e+00
2.706706907012736973e+00 1.298986240247955726e+00 -2.343765196638225135e+00
2.728564862056501727e+00 1.317692297803699786e+00 -2.076741315069300153e+00
2.732275035356305448e+00 1.313525144023366176e+00 -2.060592571507945170e+00
2.753125778206600316e+00 1.269657716708397999e+00 -2.050444239835290894e+00
2.774014760117651246e+00 1.226432312648652267e+00 -2.037429386546819376e+00
1.986766114922389193e+00 1.776736646459666780e+00 -4.347902367654017830e+00
2.000221238727524220e+00 1.761706718950700523e+00 -4.345358120669235547e+00
2.018421623092589545e+00 1.741376073105227240e+00 -4.341916766988413556e+00
2.088510612440006575e+00 1.639249778938117963e+00 -4.392918734432618599e+00
2.080179860063932296e+00 1.639906985002889783e+00 -4.417754975367216730e+00
2.072720227602958598e+00 1.640552127186282183e+00 -4.439853340739369436e+00
2.090967292366445296e+00 1.605117282909988674e+00 -4.469953136656179993e+00
2.109830617921194751e+00 1.569264275720230639e+00 -4.499134241066569118e+00
2.128478859083681396e+00 1.532669142607625323e+00 -4.527479977263796584e+00
1.976623559832686006e+00 1.788067198203470154e+00 -4.349817801609110468e+00
1.973583636278645859e+00 1.791462760732830395e+00 -4.350393050350633395e+00
1.966504237993481397e+00 1.798774840840828171e+00 -4.351613902870719031e+00
1.953270232491561620e+00 1.811413221919507377e+00 -4.353588111641697012e+00
1.934620127750696916e+00 1.829223572318858348e+00 -4.356371367458695687e+00
1.911508802397557716e+00 1.851294276418168794e+00 -4.359820372948629341e+00
1.882075164420272451e+00 1.868813726672386544e+00 -4.396292091857906037e+00
1.851122282732352131e+00 1.888789725086005067e+00 -4.430115923324756011e+00
1.819344054724777893e+00 1.910138748923924545e+00 -4.462125209967372719e+00
1.734680716876207951e+00 2.022667014546290165e+00 -4.345113970830989381e+00
1.707836553265434931e+00 2.032351697507481791e+00 -4.385999471437649788e+00
1.680945063715326038e+00 2.042329793259261006e+00 -4.426995850258851561e+00
1.654171700302514703e+00 2.052386411755847462e+00 -4.468028663584479254e+00
1.626948311358802801e+00 2.061688843819248440e+00 -4.508801278214654928e+00
1.683007340405285657e+00 2.009416538589301027e+00 -4.530475846064686785e+00
1.682598840701427401e+00 2.000693249591603440e+00 -4.560556197072441087e+00
1.682213664142457432e+00 1.992512258430386707e+00 -4.588772310588333347e+00
1.681705191638922292e+00 1.984407784220801441e+00 -4.616159401401909612e+00
1.727569636096037531e+00 2.031631525019352846e+00 -4.335523432437279112e+00
1.690801227759083369e+00 2.054711463433260832e+00 -4.360202092313962829e+00
1.652364598648469407e+00 2.081626629302502085e+00 -4.377102881114371513e+00
1.613233517968567954e+00 2.111016454870618730e+00 -4.386227314313091874e+00
1.572279142008344177e+00 2.139056377119537000e+00 -4.389919545518269572e+00
1.531664224883785952e+00 2.167765649738827793e+00 -4.388185733631975616e+00
1.491723821799177951e+00 2.197131856396842053e+00 -4.382641496759081434e+00
1.450553958925808962e+00 2.224569531649015275e+00 -4.386518484070759172e+00
1.409214854477524703e+00 2.248342195195100590e+00 -4.399572956943252677e+00
3.785547458299358681e-01 2.508323113473474475e+00 -4.851332843142763807e+00
4.002946880147685293e-01 2.493653576583593434e+00 -4.894027864196260680e+00
4.219791975376210869e-01 2.479373147514632780e+00 -4.936796522747251004e+00
4.430865915311674175e-01 2.462724416670321048e+00 -4.978813425560970174e+00
5.746000646481728147e-01 2.426734306704242616e+00 -5.009218825341328341e+00
5.770974166607802935e-01 2.414255852652850809e+00 -5.052367687631665660e+00
5.794407183384261417e-01 2.402003066913613871e+00 -5.094830393478910757e+00
5.813004558003468381e-01 2.387996617565299129e+00 -5.136223878956149846e+00
5.831012039693878046e-01 2.373970506565104888e+00 -5.177555471208801663e+00
3.907219747875682603e-01 2.509171084434537402e+00 -4.842833120266412550e+00
4.301183100882371435e-01 2.496249603695658070e+00 -4.870699456477155742e+00
4.737624501178175351e-01 2.483380490177755640e+00 -4.890752201185557979e+00
5.198844952534599217e-01 2.469097129911126398e+00 -4.902724004762386123e+00
5.672949979242309926e-01 2.455767597353573528e+00 -4.910118120265335229e+00
6.157390084216365356e-01 2.444843120051254814e+00 -4.907885698503712923e+00
6.635357009379383442e-01 2.436329788699627130e+00 -4.897458355549026976e+00
7.101186058829371817e-01 2.429569871063806286e+00 -4.881714226995113926e+00
7.545070144501513365e-01 2.420339333051842345e+00 -4.861579116270207557e+00
1.964705585228519180e-01 2.509600920724401885e+00 -4.928383097173820282e+00
1.790409655378129294e-01 2.497152313465264672e+00 -4.973475835431256264e+00
1.616112271661249156e-01 2.484711249554464096e+00 -5.018543780787873665e+00
1.439862493991791170e-01 2.472281663065825086e+00 -5.063620111206718732e+00
1.263394752728540238e-01 2.459851901136766106e+00 -5.108702172365411798e+00
1.087089723600755953e-01 2.447777066097356791e+00 -5.153980332388297114e+00
9.111732351874511637e-02 2.436107005336543008e+00 -5.199368696930065425e+00
7.357231943779629635e-02 2.423236004490949114e+00 -5.244318967663617492e+00
5.579743082930994219e-02 2.410046119659167374e+00 -5.289481906881170481e+00
2.110311856817380927e-01 2.507740872198253257e+00 -4.931062467377210545e+00
2.174533685989086529e-01 2.492925976860542736e+00 -4.978304044590535327e+00
2.326127739897189683e-01 2.478099092500693601e+00 -5.023519338332214090e+00
2.551969967065285672e-01 2.463670451714446319e+00 -5.065668450225082609e+00
2.819747900269615748e-01 2.449659957568908197e+00 -5.105449837799118207e+00
3.130679771582308146e-01 2.436049434998353025e+00 -5.142055450833424857e+00
3.467564002950689894e-01 2.420716434593072730e+00 -5.175519128315277051e+00
3.743008788467845904e-01 2.372483081637201785e+00 -5.313599687132673388e+00
3.938352078250925703e-01 2.370071035295554296e+00 -5.312904798515400095e+00
8.618758034410195501e-01 2.450839583907091779e+00 -4.628064787579778461e+00
8.637165309340192332e-01 2.437940405467461602e+00 -4.672378467517365408e+00
8.652522708314395183e-01 2.424089728049363845e+00 -4.717605607831619530e+00
8.668113834801817186e-01 2.410004053848578742e+00 -4.763603271759352609e+00
8.629555730763557309e-01 2.397219030834616404e+00 -4.811599722330660356e+00
8.683360376780057122e-01 2.381522023212654382e+00 -4.858542303720843059e+00
8.824833477840589024e-01 2.363855683126202312e+00 -4.902929340346640963e+00
9.026243046256536839e-01 2.345048132302571364e+00 -4.944450380127968003e+00
9.256685795457775257e-01 2.323530929082284757e+00 -4.982945676180776218e+00
8.620792517391426824e-01 2.449671653919485603e+00 -4.632379387926659930e+00
8.639618854811025317e-01 2.435738258278888235e+00 -4.679567818698386894e+00
8.655649276288277516e-01 2.421280863202326383e+00 -4.726776061067305967e+00
8.671699774633001567e-01 2.406782288911128997e+00 -4.774121798973490094e+00
8.642157018255914869e-01 2.393668648681411604e+00 -4.822166144180286551e+00
8.623427766864927291e-01 2.380182876641875556e+00 -4.870193107590250925e+00
8.576461316451163830e-01 2.368105384701736593e+00 -4.918455404759502159e+00
8.460415893081550953e-01 2.358596107945601705e+00 -4.966200811523536984e+00
8.274615311191487743e-01 2.352025293800681371e+00 -5.012160059472502205e+00
-1.575549569458910337e+00 2.137455687570586793e+00 -4.389915353697260159e+00
-1.600446922835260466e+00 2.122368836644531243e+00 -4.374872060801049400e+00
-1.628896524012736879e+00 2.105129724205461628e+00 -4.357681592507902657e+00
-1.666915363873730627e+00 2.073306381150871402e+00 -4.363227231322426292e+00
-1.705599776331832906e+00 2.041932129591260470e+00 -4.365603842455478834e+00
-1.744197575883736917e+00 2.010422401786655655e+00 -4.365855354973332325e+00
-1.780799251960997420e+00 1.976708240705745245e+00 -4.364000757715403189e+00
-1.817160540785318190e+00 1.942866214289234783e+00 -4.361035292522922546e+00
-1.874254564741359541e+00 1.871514100310350370e+00 -4.414302143744245122e+00
-1.565246842925549497e+00 2.143696254566603177e+00 -4.396148486101035147e+00
-1.575494610521094740e+00 2.137487780200732601e+00 -4.389952489504432620e+00
-1.585689741096177663e+00 2.131311211760442248e+00 -4.383788264754015174e+00
-1.598728923436795402e+00 2.123411181933891445e+00 -4.375905868457634185e+00
-1.610243448235919805e+00 2.116435691295911692e+00 -4.368942564532215300e+00
-1.626432472724412381e+00 2.106626571794721237e+00 -4.359158308486601463e+00
-1.651751863156568634e+00 2.077029105037238921e+00 -4.390131005124940700e+00
-1.671416331407661549e+00 2.050536522156341857e+00 -4.427475584095021510e+00
-1.687841218918499031e+00 2.025892432123134856e+00 -4.467604025108481203e+00
-9.795951011446226708e-01 2.302380838382367845e+00 -4.981868022890854064e+00
-9.705996892659390918e-01 2.291333036066301787e+00 -5.029748107424519610e+00
-9.615095908906776678e-01 2.280061586365551562e+00 -5.077588836878105027e+00
-9.524837506039706136e-01 2.268977895970896608e+00 -5.125488884468292206e+00
-9.429973852027933034e-01 2.257515715178032956e+00 -5.173241243235701781e+00
-9.333499491429034789e-01 2.245645153281948136e+00 -5.220864691297031790e+00
-9.238122393856598169e-01 2.233925896885289308e+00 -5.268532021984486668e+00
-9.140161506387847190e-01 2.221628660373848430e+00 -5.316024278625513411e+00
-9.041445597271968726e-01 2.208865286834112762e+00 -5.363342265953893850e+00
-9.665783432449165380e-01 2.308930497465993437e+00 -4.978585970150789741e+00
-9.375219426588943250e-01 2.307308259803173556e+00 -5.019106448566399870e+00
-9.024438728696262402e-01 2.309516437168446235e+00 -5.054499664983055141e+00
-7.658444276734799327e-01 2.346038000162813386e+00 -5.101732080961395965e+00
-7.670038483914032312e-01 2.339972240437021789e+00 -5.118647395108867570e+00
-7.678394500618227481e-01 2.335410478659292188e+00 -5.131404947555656904e+00
-7.684070664169326825e-01 2.332305019819429059e+00 -5.140090989554826351e+00
-7.687073990898618536e-01 2.330650979399891298e+00 -5.144719374526925293e+00
-7.687902828818474754e-01 2.330177467213520703e+00 -5.146047467055175240e+00
-1.346138269988927938e+00 2.146641058595883944e+00 -4.868135573662918603e+00
-1.375930617833710068e+00 2.118471811821220907e+00 -4.895815084339588452e+00
-1.405714693678760341e+00 2.089600569908699690e+00 -4.923332500068962503e+00
-1.435429304513060611e+00 2.060682613366309646e+00 -4.950870984272569331e+00
-1.464021782002493222e+00 2.030198779553388455e+00 -4.977930458721461449e+00
-1.492229750016877965e+00 1.999109595006999696e+00 -5.004832236422116942e+00
-1.520502673529768201e+00 1.968014782049588796e+00 -5.031803589610873040e+00
-1.548784769697879371e+00 1.936915356107978825e+00 -5.058768179496713202e+00
-1.575930017988176113e+00 1.904853029819399746e+00 -5.085238402017862036e+00
-1.353678905731113380e+00 2.146303037487715670e+00 -4.855304206966046365e+00
-1.393214955123042165e+00 2.117699404287448406e+00 -4.861448920973451493e+00
-1.434570752402022142e+00 2.090409076530252541e+00 -4.858875839419969367e+00
-1.476128137030774390e+00 2.065566487872053436e+00 -4.848143562271268969e+00
-1.516973252132277628e+00 2.042028693438973086e+00 -4.832728713007634624e+00
-1.556017256076626110e+00 2.019407580591575435e+00 -4.812008189925212953e+00
-1.593216681875460505e+00 1.997000910282419328e+00 -4.787772205396620961e+00
-1.716411931990220019e+00 1.910007403469381471e+00 -4.745318414988539679e+00
-1.716941840995937163e+00 1.913595231904866800e+00 -4.732784523182052006e+00
-5.383675368921624765e-02 3.038761585040826052e+00 -1.925011624893007811e+00
-8.381983302617319886e-02 3.043090022570898778e+00 -1.884525201440974129e+00
-4.063232518831762924e-02 3.039388294024535142e+00 -1.918300637463212999e+00
-4.888428883769636857e-02 3.044516202140215011e+00 -1.869016783338940169e+00
-4.671780334314599298e-02 3.049630275596492801e+00 -1.819362835664492861e+00
-4.070879342104331833e-02 3.054695146773209302e+00 -1.769999663387378241e+00
-3.273337125269033809e-02 3.059722951571936189e+00 -1.720900466967020703e+00
-2.612217536922943617e-02 3.063908999627878771e+00 -1.671485209939288286e+00
-2.778119680466533126e+00 1.435243568242892787e+00 -3.414695077519546151e-01
-2.796410459787552316e+00 1.399717853156901004e+00 -3.115807946544471574e-01
-2.813885497769720523e+00 1.363953708041416135e+00 -2.816027676663493962e-01
-2.831343582589307850e+00 1.328193662040586975e+00 -2.516261705537876092e-01
-2.848782870410931700e+00 1.292473179268957439e+00 -2.216642676950144053e-01
-2.864801995185190631e+00 1.256126626512994671e+00 -1.916643266945177171e-01
-2.906699425519539304e+00 1.159071322585524699e+00 -1.441859224605565593e-01
-2.904892619072927396e+00 1.163433497880268286e+00 -1.264496574860265732e-01
-2.903101344805159467e+00 1.167756742017955318e+00 -1.087678672235199845e-01
-2.781459409275569339e+00 1.429053572330208022e+00 -3.546379470511992205e-01
-2.802454644144480422e+00 1.384643549387410744e+00 -3.463904776487295445e-01
-2.823353453834659632e+00 1.339629865572093292e+00 -3.470709339055413345e-01
-2.843801457543663869e+00 1.295280661187837801e+00 -3.561555818916118943e-01
-2.863803540571539408e+00 1.251877149576270387e+00 -3.699326743668546191e-01
-2.882571379579741855e+00 1.209803741327118987e+00 -3.888161031536671031e-01
-2.898452285157111952e+00 1.168158401048871919e+00 -4.110998991123868129e-01
-2.942611340436696921e+00 1.053035022363238760e+00 -4.382100749266217843e-01
-2.941995507628840212e+00 1.053208507003913219e+00 -4.678572093304518287e-01
-2.596733324242857854e+00 1.741950850629439440e+00 -1.186519444321934152e-01
-2.586744483780754944e+00 1.757238497264937749e+00 -7.205933291646396399e-02
-2.576766412209893442e+00 1.772508823936262745e+00 -2.546779693777471987e-02
-2.604360674542534948e+00 1.729615415324436967e+00 -1.154204387742805149e-01
-2.606468224468620587e+00 1.725375120871320167e+00 -6.576122167010753361e-02
-2.613151170113556798e+00 1.713797621190727316e+00 -1.782264470260354339e-02
-2.734544787399989296e+00 1.440882836083354102e+00 -1.291451810956462110e+00
-2.751834525878388504e+00 1.404856316736252886e+00 -1.321329345416860201e+00
-2.767381478203457590e+00 1.368104692266832956e+00 -1.351110458708889794e+00
-2.821104106654578114e+00 1.246378088281866248e+00 -1.409195623222517124e+00
-2.818174282850851586e+00 1.250150282471470087e+00 -1.424475617958252061e+00
-2.815299728342906427e+00 1.253853956400780678e+00 -1.439452523579387133e+00
-2.830055129144949611e+00 1.216026611453503437e+00 -1.468361139372371893e+00
-2.843834836173251723e+00 1.177804873827135168e+00 -1.497294309245791100e+00
-2.857264426817854641e+00 1.139440833281145427e+00 -1.526283463123326190e+00
-2.728780989220340292e+00 1.449838262740139161e+00 -1.301910759642125548e+00
-2.736966261325299854e+00 1.428947096175937181e+00 -1.346531721535936699e+00
-2.740469841393738282e+00 1.414939495197608199e+00 -1.394310340918636371e+00
-2.773235154922265355e+00 1.343375664517241441e+00 -1.443482900008652869e+00
-2.770786062373374214e+00 1.341855527041816210e+00 -1.493259979163416462e+00
-2.767791876136945106e+00 1.340069150998762559e+00 -1.542785213990093718e+00
-2.764199723293573108e+00 1.337993331383433349e+00 -1.591457372246706692e+00
-2.760664466151349750e+00 1.335935653892213137e+00 -1.639433788662485458e+00
-2.754489654974632717e+00 1.339056804048972538e+00 -1.688977195673290632e+00
-2.783035366267506028e+00 1.386560199565936236e+00 -9.296208341225211669e-01
-2.787738511127165975e+00 1.374903518302095673e+00 -9.476892616367513789e-01
-2.793924439985803421e+00 1.359571986523733456e+00 -9.714517138347824599e-01
-2.814390427487888147e+00 1.314789375576225661e+00 -9.792639974427100880e-01
-2.860425465217179664e+00 1.213075767705901420e+00 -1.000114573845808597e+00
-2.859877425881564239e+00 1.213648109080812665e+00 -1.005623587562060273e+00
-2.859160121056650183e+00 1.214444562651054937e+00 -1.012422377838591903e+00
-2.858304467548716143e+00 1.215392688467476390e+00 -1.020549360817426310e+00
-2.857303922560718856e+00 1.216499828320457555e+00 -1.030065880640681719e+00
-2.779728701511878342e+00 1.394756663559656440e+00 -9.169061690423619959e-01
-2.779835912521934738e+00 1.394490636523396221e+00 -9.173216962737985591e-01
-2.780268439976472106e+00 1.393418328327928224e+00 -9.189868819761181085e-01
-2.780939576900157473e+00 1.391754940858854539e+00 -9.215650444262564189e-01
-2.781630659461039823e+00 1.390042410858584709e+00 -9.242163481749902099e-01
-2.782312094404664649e+00 1.388353239031101971e+00 -9.268371819933594047e-01
-2.782981960562381119e+00 1.386692342109201226e+00 -9.294183163045336427e-01
-2.783774333426862757e+00 1.384728065806924757e+00 -9.324670925939796406e-01
-2.785166668435295367e+00 1.381277149048363739e+00 -9.378165266698842428e-01
-1.447816221543372084e+00 2.767758547749492148e+00 -2.071413438910601201e-01
-1.416100746505487118e+00 2.785577696996108799e+00 -1.736075262325527946e-01
-1.440453418360533977e+00 2.771206524061646359e+00 -2.191991201933097266e-01
-1.398770109782204285e+00 2.793553843977965023e+00 -2.060147799747467090e-01
-1.504203581272960166e+00 2.726445059017775119e+00 -6.598535447397848586e-01
-1.486421073993726916e+00 2.735084057667861224e+00 -7.058399137083983810e-01
-1.468810701327773360e+00 2.743632198127003097e+00 -7.519384924198221354e-01
-1.451344718853911475e+00 2.752104198704451665e+00 -7.981254994694124694e-01
-1.433971638119536429e+00 2.759645547936973919e+00 -8.440351628476912005e-01
-1.416450205595734202e+00 2.766343050448909491e+00 -8.900403436263726320e-01
-1.399218660848885909e+00 2.772894237081624080e+00 -9.361821893964823449e-01
-1.382126229546486007e+00 2.779096991284994989e+00 -9.823275786142784405e-01
-1.364272116726510831e+00 2.785618694204466728e+00 -1.029077707981520762e+00
-1.493450911271925419e+00 2.732136474700344486e+00 -6.516258302457248464e-01
-1.459959189794377332e+00 2.749120406331742927e+00 -6.832795751941426188e-01
-1.422554085213982855e+00 2.768231032723783791e+00 -7.076750312102934037e-01
-1.383018108588979889e+00 2.788530496450588814e+00 -7.257422687035269826e-01
-1.335647794489251305e+00 2.811633043807906240e+00 -7.380026204596678019e-01
-1.289330820790436150e+00 2.833879105091384520e+00 -7.447805070442713449e-01
-1.244660043774106439e+00 2.855485772542202039e+00 -7.474924779158077515e-01
-1.200412975915992497e+00 2.874781539077215786e+00 -7.460271067690510405e-01
-1.156270016604215245e+00 2.891563575917361018e+00 -7.411394298834086403e-01
-2.271783626170315262e+00 1.551555614217614343e+00 -3.953136383012546773e+00
-2.279936875911984906e+00 1.540380287786839553e+00 -3.949437110514926186e+00
-2.287725016592704108e+00 1.529698015090849683e+00 -3.945922992524034001e+00
-2.295618574342288998e+00 1.518871538526317178e+00 -3.942360287343722902e+00
-2.303264544806944869e+00 1.491598659730081211e+00 -3.983687788841240085e+00
-2.311245989519620903e+00 1.464051033136426927e+00 -4.024748725307485842e+00
-2.319279050922336882e+00 1.436470646016793085e+00 -4.065683443197685598e+00
-2.325810745621727182e+00 1.407875403590779895e+00 -4.106015560759636251e+00
-2.332286580746876670e+00 1.379162459497721871e+00 -4.146306016714529363e+00
-2.279330087135531979e+00 1.541208164991541008e+00 -3.949722514032534271e+00
-2.295851545845113861e+00 1.518559653852443958e+00 -3.942234944721766610e+00
-2.311879909241575159e+00 1.482393778534999429e+00 -3.972689508518023604e+00
-2.331627480050849854e+00 1.443188964675588881e+00 -3.996267006131740906e+00
-2.353647403486361700e+00 1.401461791081894948e+00 -4.011665066684986236e+00
-2.376737801108842696e+00 1.358214556068841894e+00 -4.019454308672367304e+00
-2.440920163354425299e+00 1.312985686846105393e+00 -4.036260041216151784e+00
-2.430842201254475476e+00 1.259076936119496448e+00 -4.023993105914194679e+00
-1.938845119260943717e+00 1.950341618306342006e+00 -3.961228488985027330e+00
-1.938053985565404647e+00 1.941140661051576899e+00 -3.996431658003518184e+00
-1.936468826874357951e+00 1.930276044634150034e+00 -4.035095792568197837e+00
-1.934763783654807279e+00 1.918657252805977542e+00 -4.076474842306435420e+00
-1.917422796423927212e+00 1.921172239175686025e+00 -4.123285731722520886e+00
-1.901854616838302148e+00 1.921663844296989110e+00 -4.170785215878258789e+00
-1.887707938355416060e+00 1.921159482330602852e+00 -4.218742236696989778e+00
-1.875483901083960125e+00 1.918565702197748690e+00 -4.267057710009641625e+00
-1.938739704409987441e+00 1.947899646867833789e+00 -3.970983449953426891e+00
-1.937388104178906501e+00 1.936529160058030774e+00 -4.012820843911276469e+00
-1.935630457899903956e+00 1.924502778597019903e+00 -4.055628774865495778e+00
-1.933868089152779302e+00 1.912471859540714192e+00 -4.098465639858863696e+00
-1.917667059381840122e+00 1.913699378877633306e+00 -4.145677114596307611e+00
-1.903511259597568728e+00 1.912828124137255115e+00 -4.193600664523098764e+00
-1.891853152159864937e+00 1.909810856150585989e+00 -4.242106215690920834e+00
-2.445949409625084670e+00 1.487708536878455945e+00 -3.350129177400736680e+00
-2.456116374621317711e+00 1.458496713226515196e+00 -3.389574446291138798e+00
-2.464824027943759877e+00 1.428716321380927079e+00 -3.428597837707097362e+00
-2.473555167913907837e+00 1.399367516794129962e+00 -3.467524158558776382e+00
-2.495126424293857337e+00 1.346824695561446239e+00 -3.508917613748401276e+00
-2.488325369175799828e+00 1.346581660344748022e+00 -3.544849774538640474e+00
-2.481471531031550715e+00 1.346372835625998521e+00 -3.580955615661710834e+00
-2.474512860865742958e+00 1.346159214614262245e+00 -3.617618378237305254e+00
-2.466785657086085326e+00 1.345703385502432070e+00 -3.654890215645874907e+00
-2.452747693110699068e+00 1.479743529671780022e+00 -3.339650050541538739e+00
-2.472635170041922237e+00 1.439850575467587213e+00 -3.361257010218394736e+00
-2.493767133867774710e+00 1.397097172391905451e+00 -3.374398081830114027e+00
-2.516969506385932309e+00 1.353620246748181932e+00 -3.379539028599008788e+00
-2.540427838519251580e+00 1.310192027618752642e+00 -3.379796645691238943e+00
-2.562853115982051122e+00 1.266826637520063858e+00 -3.372654738310611577e+00
-2.639880544169980858e+00 1.221664776171189404e+00 -3.373912118225642409e+00
-2.633865307558764801e+00 1.176170549411929001e+00 -3.349565260124116151e+00
-1.779191199194886996e+00 2.063077938987856630e+00 -4.080006173614895815e+00
-1.776965272061520329e+00 2.050574400072559644e+00 -4.128233660552684370e+00
-1.774756747135591617e+00 2.038045537943901753e+00 -4.176496614154221021e+00
-1.772799383159865405e+00 2.025765366808864876e+00 -4.224910830274269280e+00
-1.790488662061767267e+00 2.054359891636195812e+00 -4.076052004845359455e+00
-1.805927356671878758e+00 2.029430044326628213e+00 -4.116410733932757360e+00
-1.827171908073576434e+00 2.000722223814310308e+00 -4.151224221985785334e+00
-2.756739146388601291e+00 1.258859978521394751e+00 -2.056348179306172419e+00
-2.777224471303303410e+00 1.213670239103785908e+00 -2.060590285620059081e+00
-2.797156573818631031e+00 1.168240037591401270e+00 -2.064774778498565500e+00
-2.814624582394872565e+00 1.121752700875661812e+00 -2.068714443692603489e+00
-2.887679779330092789e+00 1.060314601560122805e+00 -2.081493241175109254e+00
-2.873077634908849376e+00 1.015960434296636183e+00 -2.081252950619211006e+00
-2.757557727650109314e+00 1.260291593904989460e+00 -2.041553848360340151e+00
-2.778377683000226472e+00 1.219505152516237700e+00 -2.022100197222187479e+00
-2.798206486113463676e+00 1.182951309702521270e+00 -1.994778428812803428e+00
-2.814931658188049024e+00 1.150294736127852380e+00 -1.961137898375801436e+00
-2.818324305388396844e+00 1.156692786962752573e+00 -1.896458238042465716e+00
-2.832905377572676464e+00 1.130808119761692820e+00 -1.856411373599023529e+00
-2.846973356573926583e+00 1.105033147498266866e+00 -1.816519431806050910e+00
-2.859888210907029382e+00 1.078966773704852722e+00 -1.776965503809541103e+00
-2.872713105963357272e+00 1.053467799176939890e+00 -1.736134356488262975e+00
-2.677945824693474197e+00 1.486090132404222830e+00 -1.687955584640377094e+00
-2.683290079700997310e+00 1.485685139841043778e+00 -1.638255805974903501e+00
-2.687807889171623277e+00 1.484903850847042461e+00 -1.588521660214257558e+00
-2.691930916606476210e+00 1.483946500598785079e+00 -1.538756034688975705e+00
-2.691359745316681984e+00 1.492083966942173268e+00 -1.489448799451833949e+00
-2.686849833384130193e+00 1.507885841565101082e+00 -1.442249903675114409e+00
-2.676561732981094011e+00 1.530730645121411770e+00 -1.399133192642188162e+00
-2.661893479010757346e+00 1.559852688385989117e+00 -1.361401481901643340e+00
-2.643643106031032808e+00 1.594507530974930809e+00 -1.330503945796552845e+00
-2.685082483392295938e+00 1.473360629942232158e+00 -1.691068783916784835e+00
-2.700487714014311980e+00 1.452999917516228479e+00 -1.648120746467676367e+00
-2.717876331988205774e+00 1.425534077982401948e+00 -1.610267314939082928e+00
-2.522746040188180494e+00 1.513012507758045633e+00 -2.819246117297903087e+00
-2.546043479873960180e+00 1.471060755282333155e+00 -2.832631833263535182e+00
-2.568213470867709791e+00 1.428278345133665139e+00 -2.845866236307520225e+00
-2.588892285391706238e+00 1.384670530175820424e+00 -2.858865375752169147e+00
-2.636231664460066959e+00 1.279968435375835600e+00 -2.906548126295398493e+00
-2.644649992474995326e+00 1.270171521686966232e+00 -2.886199148380161894e+00
-2.654511929880001730e+00 1.258755430278362786e+00 -2.862155661477649993e+00
-2.664420168184906235e+00 1.245900741649221599e+00 -2.835214114804664565e+00
-2.673080854164277653e+00 1.234104996562386924e+00 -2.811368466154561041e+00
-2.518106933378329693e+00 1.517416180119086189e+00 -2.832717392125416733e+00
-2.533226838163499028e+00 1.484025883452064987e+00 -2.866585607942668368e+00
-2.543483531935108122e+00 1.455778607832256322e+00 -2.906109191651399914e+00
-2.633452752303409916e+00 1.392619024169135189e+00 -2.534364933690789190e+00
-2.657241989776437663e+00 1.355331838572221947e+00 -2.511377219616700351e+00
-2.678848276721067290e+00 1.317228344424338671e+00 -2.488048339693866851e+00
-2.699905770251260329e+00 1.278649815918180721e+00 -2.464764101319745215e+00
-2.721061025456585458e+00 1.239636967099032594e+00 -2.442226312769725904e+00
-2.742121890068255574e+00 1.200630894897467549e+00 -2.419550967582303702e+00
-2.762124336596446295e+00 1.161200903361243153e+00 -2.396625926590523648e+00
-2.844461672370978800e+00 1.102592804666319592e+00 -2.395496112421111601e+00
-2.830772190291388934e+00 1.054281091092119427e+00 -2.385817724019968722e+00
-2.632086170302562422e+00 1.394759231363501328e+00 -2.535692980593471368e+00
-2.654307031057705935e+00 1.359925209350703934e+00 -2.514242464080828299e+00
-2.674414646902476989e+00 1.325361228042530204e+00 -2.492916584311290151e+00
-2.692894547295918706e+00 1.291520795636491359e+00 -2.472429610144598833e+00
-2.712736631047232727e+00 1.247589517387740710e+00 -2.476102959483490462e+00
-2.731879789620152987e+00 1.203998952007362400e+00 -2.485564733199543852e+00
-2.748926895358540623e+00 1.160624593882075617e+00 -2.500077209276402090e+00
-2.820236624893880162e+00 1.114497579448266329e+00 -2.531122768302215054e+00
-2.802381116922724402e+00 1.073650857264457414e+00 -2.554393339180764944e+00
-2.529621441774035695e+00 1.422724460644779976e+00 -3.103781607916574981e+00
-2.538836990802022520e+00 1.393811886756834095e+00 -3.143264626741470114e+00
-2.547300852807309557e+00 1.364708790711448794e+00 -3.182727371757360757e+00
-2.585121557537312320e+00 1.280698983178661932e+00 -3.217722012639316898e+00
-2.581081643409569359e+00 1.275693863777438652e+00 -3.254866038427797204e+00
-2.535729880863260455e+00 1.414240368927767388e+00 -3.093320138761366245e+00
-2.553883062022681116e+00 1.373602271474770875e+00 -3.115303248892182797e+00
-2.574050368221782570e+00 1.330848350713196959e+00 -3.129011418909096065e+00
-2.607359646973746781e+00 1.263648826931310643e+00 -3.137038270832985809e+00
-2.608769644858712322e+00 1.263594029099368132e+00 -3.129125234794588817e+00
-2.611688616401719898e+00 1.263406336967880295e+00 -3.112937033266343523e+00
-2.615896041835946928e+00 1.263140230122129726e+00 -3.089591704596811983e+00
2.711478456537115722e+00 1.544325226555399500e+00 -5.207773798148751521e-01
2.733494343189278197e+00 1.508367352365990843e+00 -4.937870279489124936e-01
2.755032125756621930e+00 1.472348802988432181e+00 -4.667266066424511362e-01
2.775481077711882349e+00 1.435772468207199504e+00 -4.396477613569909071e-01
2.794421944103005817e+00 1.398456227475483926e+00 -4.125083387656134359e-01
2.812719383686195229e+00 1.361008336911022187e+00 -3.854114152189879738e-01
2.830927032403805832e+00 1.323351783808265347e+00 -3.582152737513784047e-01
2.849195594610732574e+00 1.285683435587959389e+00 -3.310080303427860859e-01
2.867757718981172932e+00 1.248131199757687826e+00 -3.038029058625624224e-01
2.706759497757601274e+00 1.552971711515993336e+00 -5.096008700016240178e-01
2.720537766344102604e+00 1.531829464677501695e+00 -4.665221932461869336e-01
2.729987427511190834e+00 1.517468786447970341e+00 -4.196453993275579553e-01
2.735393989666795367e+00 1.510170876820239094e+00 -3.705359075403319435e-01
2.738202554571195435e+00 1.506865944475946906e+00 -3.207772195963367601e-01
2.738142430047321163e+00 1.508128907095169779e+00 -2.708336443178149811e-01
2.735948368397787878e+00 1.513068669872810856e+00 -2.211619434639517379e-01
2.731933625117052067e+00 1.521140928188590813e+00 -1.719187391335507686e-01
2.726560147425832081e+00 1.531544727432106567e+00 -1.232611966445694290e-01
2.494660235683914706e+00 1.875773299029996455e+00 -3.681111683628722764e-01
2.486597076822832708e+00 1.888551827083318146e+00 -3.202769145122819627e-01
2.478687824751782287e+00 1.901398790351581880e+00 -2.724782628815003438e-01
2.470804297845962338e+00 1.914209066836683126e+00 -2.247133519975253735e-01
2.461423839204900599e+00 1.925609272307753361e+00 -1.770616254800622680e-01
2.451910274966764725e+00 1.935637986531495658e+00 -1.289078215152248130e-01
2.442393735859066606e+00 1.945669801476672456e+00 -8.073768638148057231e-02
2.432923154149130518e+00 1.955645825688591799e+00 -3.253468313890604813e-02
2.486695073717280380e+00 1.886574084187333300e+00 -3.746216501277787048e-01
2.466660049443373026e+00 1.915123157378873842e+00 -3.385582146545190185e-01
2.443328397015117837e+00 1.948343101529129484e+00 -3.092326134025515927e-01
2.415696896625836754e+00 1.983250085712016331e+00 -2.867506106832819479e-01
2.385517397780765769e+00 2.018799824961224232e+00 -2.690380748418533807e-01
2.354355581134765618e+00 2.055666240908412767e+00 -2.565165624672705591e-01
2.324264200553539883e+00 2.088183628190837915e+00 -2.343611544293502380e-01
2.297295682888143897e+00 2.117502641471022518e+00 -2.044777757603629398e-01
2.273385930386230491e+00 2.143869873721763408e+00 -1.695859900202149606e-01
2.854970150479600566e+00 1.198086899169607422e+00 -1.171789195175705567e+00
2.874043854533895104e+00 1.152157453644568230e+00 -1.175596012587262873e+00
2.893169851232558099e+00 1.106097403896546538e+00 -1.179445640431851405e+00
2.910165492419112709e+00 1.059322027572549230e+00 -1.183166787564739808e+00
2.984870850479976134e+00 1.004891870916280183e+00 -1.191595448563647741e+00
2.968063283517503148e+00 9.545136419908517578e-01 -1.192980094112768841e+00
2.855319100764287743e+00 1.199399759653645203e+00 -1.156976211790270659e+00
2.874027952027035759e+00 1.157768420755699523e+00 -1.137074053235758608e+00
2.891445869418476367e+00 1.120341732052707151e+00 -1.109338022326194162e+00
2.906484306647211024e+00 1.087239089283601245e+00 -1.075485245645811050e+00
2.918775710819498936e+00 1.056820584884343273e+00 -1.038097586796536742e+00
2.929874200802635720e+00 1.030499319083944876e+00 -9.973071013276022523e-01
2.940086376943610080e+00 1.007081754839868726e+00 -9.545496405397039252e-01
2.949702247421181145e+00 9.855981535578869357e-01 -9.105967134652492856e-01
2.994939261044161860e+00 9.559296385036752941e-01 -8.666634045848434775e-01
2.774609031461700237e+00 1.317056043243153507e+00 -1.577774657192755559e+00
2.778144211377460593e+00 1.311800928950667577e+00 -1.564337533444769335e+00
2.799231456069457558e+00 1.267281817410355060e+00 -1.569521332101554423e+00
2.819435864332665798e+00 1.222118358354709500e+00 -1.572537407776902985e+00
2.838167115405525021e+00 1.176123677038233284e+00 -1.574504951681946485e+00
2.857182767102829590e+00 1.130976281137895612e+00 -1.568013436525236504e+00
2.875281330530859769e+00 1.088109476611257564e+00 -1.552019597046623955e+00
2.891557218228703263e+00 1.047681272819986242e+00 -1.529054381436963705e+00
2.906911602659299376e+00 1.009584107838901845e+00 -1.501574673624773482e+00
2.944495756561249955e+00 9.714405760832378611e-01 -1.473443317317918444e+00
2.395319038935286304e+00 1.297856257484900189e+00 -4.142058301836152090e+00
2.396698683869638913e+00 1.289885492564220471e+00 -4.133506170698339588e+00
2.363077915765753989e+00 1.518367990026059822e+00 -3.660763463298978948e+00
2.372013132950111736e+00 1.518664572772022048e+00 -3.619246251376131873e+00
2.380871237814174979e+00 1.518751453273878838e+00 -3.575472508817897133e+00
2.400170187109045283e+00 1.502953232832987762e+00 -3.532183576436283001e+00
2.418355904145836899e+00 1.488901231727706609e+00 -3.487816149181022674e+00
2.436944351777541762e+00 1.472499250521853709e+00 -3.444469785219522961e+00
2.456627734553869402e+00 1.452355994813778306e+00 -3.403303055012164346e+00
2.360720837473599065e+00 1.518208451173832296e+00 -3.671275552363717942e+00
2.365562752645096189e+00 1.518536788401238846e+00 -3.649679973484239337e+00
2.371553382800806187e+00 1.518653900990965644e+00 -3.621538255016753194e+00
2.376941352680437713e+00 1.518699028805527540e+00 -3.594937879858529861e+00
2.381983984670032584e+00 1.518746435842575071e+00 -3.570025588935124894e+00
2.408548195450512353e+00 1.484318383088048643e+00 -3.545553799134162798e+00
2.435031648118859415e+00 1.446037379019033287e+00 -3.527790136542923172e+00
2.460862326509264619e+00 1.405183818141344076e+00 -3.517143939511652828e+00
2.484018371162882044e+00 1.366304936320235086e+00 -3.511393493966143087e+00
2.125761020766929743e+00 1.634536504783802968e+00 -4.276860955005806986e+00
2.120934965670808747e+00 1.635253913037535423e+00 -4.292523946257843726e+00
2.068990013300323838e+00 1.711583219636658493e+00 -4.260124951425998674e+00
2.121069667033617101e+00 1.635260777918069230e+00 -4.292009919838566390e+00
2.256088334192967171e+00 1.516759627255645615e+00 -4.107813748626874428e+00
2.303488408278155930e+00 1.436909549827990240e+00 -4.128208817525908181e+00
2.299457385238531604e+00 1.428426636704493324e+00 -4.166107541860766261e+00
2.293961987784890244e+00 1.418128085991877008e+00 -4.208687949505282688e+00
2.288058863241408059e+00 1.407023774368104885e+00 -4.254519334798959385e+00
2.285303571958201108e+00 1.390023172794262907e+00 -4.301934602348448600e+00
2.278164150106290364e+00 1.380546910230741053e+00 -4.350108865191675278e+00
2.301859019771901327e+00 1.376826394485042959e+00 -4.411721486505905787e+00
2.279253373045393882e+00 1.362417143555820553e+00 -4.454422164533910156e+00
2.261983901646953399e+00 1.513205604855732078e+00 -4.094715907522699538e+00
2.306720301229090442e+00 1.444152984226880543e+00 -4.095681734506698035e+00
2.306561240759612552e+00 1.443808313851987490e+00 -4.097251461685254448e+00
2.622179589474173067e+00 1.163976299246019419e+00 -3.315273173904973447e+00
2.623888680017505415e+00 1.164476795092134420e+00 -3.303850916607738775e+00
2.852144007055054331e+00 1.119087844139148080e+00 -1.695899365592650199e+00
2.852574127896964296e+00 1.118922451288183906e+00 -1.691825827292683604e+00
2.853602957863094147e+00 1.118525957629249445e+00 -1.682085634226724968e+00
2.850352494910775025e+00 1.119778393963241969e+00 -1.712859537292289014e+00
2.847953077803214050e+00 1.120695480788367782e+00 -1.735605896107845769e+00
2.858220738801134253e+00 1.084361560306410732e+00 -1.768075262527232239e+00
2.867444376799497263e+00 1.050297157156186767e+00 -1.802950286712759587e+00
2.909574043679752364e+00 1.013677552155975103e+00 -1.843168313104354805e+00
2.893039081938702850e+00 9.767610372787004502e-01 -1.872780853530362055e+00
2.907143793491269168e+00 1.075971955360758514e+00 -1.991708226989408193e+00
2.888963855478862364e+00 1.028991411468694883e+00 -2.011151487711783314e+00
2.871766192779884097e+00 9.863425443858739872e-01 -2.030988572663216640e+00
2.834129515601564009e+00 1.091204546678181231e+00 -1.994079461567290101e+00
2.892114584424695156e+00 1.051192332351243763e+00 -2.035309273616783710e+00
2.876121999866553924e+00 1.021104206809867243e+00 -2.072247039417208558e+00
2.857724517507372219e+00 9.963528347655922213e-01 -2.112647557971418344e+00
2.708380357959515816e+00 1.282409229034204845e+00 -2.388785643906115919e+00
2.752971572755423590e+00 1.173799511408730956e+00 -2.429851867781287034e+00
2.749030887417049041e+00 1.168040063245050719e+00 -2.478626977666078979e+00
2.708449003606640204e+00 1.281744905330223894e+00 -2.390577945321304743e+00
2.752981481527263075e+00 1.173805342642247451e+00 -2.429746933471364390e+00
2.749142657331488770e+00 1.168230981320596440e+00 -2.477209852516649935e+00
2.141982089298176017e+00 1.497807775413879661e+00 -4.560542028411571636e+00
2.155519775688631068e+00 1.462996916811503123e+00 -4.593644192777698088e+00
2.207301343030088070e+00 1.428884499843950273e+00 -4.643208129925458394e+00
2.187133010195891458e+00 1.388009318714342966e+00 -4.664370208352270453e+00
2.149040494643364774e+00 1.492381925433400536e+00 -4.548561088459113222e+00
2.172870772985969978e+00 1.450658145586655401e+00 -4.561896739515537647e+00
2.232695843686580695e+00 1.409790799239883263e+00 -4.580543339051602381e+00
1.786957831893193571e+00 1.928746400623907009e+00 -4.495191293392031717e+00
1.793934630892694448e+00 1.919069310957674634e+00 -4.504119206449901824e+00
1.680856576858036133e+00 1.977557719844367679e+00 -4.637305339945861249e+00
1.679766605357551956e+00 1.968594985774304584e+00 -4.664924262328712601e+00
1.678468573109059614e+00 1.957923507074814884e+00 -4.697809347390590418e+00
1.659608500004509546e+00 1.946592691006764797e+00 -4.774575751771513055e+00
1.630702682911324697e+00 1.965633661574898161e+00 -4.790640929579581098e+00
1.602923702375264936e+00 1.983940271235372643e+00 -4.806057754788016112e+00
1.575486031468833925e+00 2.002022186867999931e+00 -4.821284511387621485e+00
1.546495719817812864e+00 2.018401119924850828e+00 -4.836024483801320883e+00
1.516662888745570203e+00 2.034822873933981313e+00 -4.850914100604592605e+00
1.680399062242503350e+00 1.973782547757462202e+00 -4.648934835544209498e+00
1.679049103343188465e+00 1.962706766036065975e+00 -4.683072396119184688e+00
1.677743859707575780e+00 1.952012838749893620e+00 -4.716037385054737463e+00
1.655574138021968622e+00 1.949250606488688087e+00 -4.776816889104611441e+00
1.623442006738888388e+00 1.970420954401803204e+00 -4.794663666346830944e+00
1.589964956791636297e+00 1.992483428388815092e+00 -4.813240630932279274e+00
1.555494576369975457e+00 2.013449295713598097e+00 -4.831527974118687396e+00
1.521527901308900033e+00 2.032128599170889949e+00 -4.848536074980797750e+00
1.489039120821915141e+00 2.050009869471576707e+00 -4.864758897727587517e+00
1.370356124311558066e+00 2.264206310367990138e+00 -4.425715866420460110e+00
1.331035522806472748e+00 2.279572386513285753e+00 -4.451796977092972618e+00
1.291797453438151555e+00 2.294932999219424730e+00 -4.477968565684713909e+00
1.252492289557313399e+00 2.310319529835542340e+00 -4.504186179322196892e+00
1.212422200814762041e+00 2.324333025347685933e+00 -4.530032008286631218e+00
1.172021115723026696e+00 2.337735335366573963e+00 -4.555848406365644365e+00
1.091936667846826303e+00 2.366300393469642493e+00 -4.592531418215465955e+00
1.090603893497650967e+00 2.357164029415935502e+00 -4.629484579232086894e+00
1.089185269792301236e+00 2.346934176215038192e+00 -4.670728568556040905e+00
1.366663789246724825e+00 2.269987180267197591e+00 -4.412574319386174615e+00
1.323384240435174775e+00 2.293625746401479759e+00 -4.416998911533694283e+00
1.281324235760304742e+00 2.318987732244276678e+00 -4.412716898809041943e+00
1.241207027190791345e+00 2.344929039378861546e+00 -4.400399038104619187e+00
1.201753875812490158e+00 2.369308546037934615e+00 -4.383056040225405958e+00
1.165093078286481010e+00 2.393486809030916262e+00 -4.360746861336700420e+00
1.124173863694428510e+00 2.416595479454173301e+00 -4.346955219624686784e+00
1.083788511713158265e+00 2.438749766454491485e+00 -4.331184802453755367e+00
6.021764351553451355e-01 2.355397096664506140e+00 -5.219890086998219658e+00
6.212607076376953641e-01 2.336818314852334488e+00 -5.262234329469615446e+00
6.403608346759392944e-01 2.318236008235485812e+00 -5.304577519049257894e+00
6.595717632458696356e-01 2.300086305657717212e+00 -5.347111359593896829e+00
6.780441777070415066e-01 2.280133738050857506e+00 -5.388912614261248457e+00
6.964122425141184847e-01 2.260021673689649901e+00 -5.430734771203003852e+00
7.148186993942108325e-01 2.239899225121813053e+00 -5.472554368784976475e+00
7.332820015485833620e-01 2.219865400058245175e+00 -5.514397870814900848e+00
7.516060892809500737e-01 2.199152850724905406e+00 -5.556015189708979563e+00
5.847418152683294679e-01 2.361204573369480197e+00 -5.215172394374183895e+00
6.113895663893437193e-01 2.342243882406899846e+00 -5.253060775950777916e+00
6.360156527738102250e-01 2.323372963592328144e+00 -5.292177624760761034e+00
6.625781585760844861e-01 2.304768638763665223e+00 -5.329997288795290444e+00
6.941168293808825940e-01 2.284732024112555937e+00 -5.362413284654745205e+00
7.311455572816747406e-01 2.264644731098798491e+00 -5.387995732357286016e+00
7.720340326634291817e-01 2.243935445394861894e+00 -5.406674587343661464e+00
8.152948283733865154e-01 2.224014500178328912e+00 -5.420336482916032317e+00
8.596312108143325803e-01 2.204150068531641082e+00 -5.427729501263275580e+00
4.538153124428751656e-02 2.395996068517010080e+00 -5.336395560286495865e+00
3.515928668007852614e-02 2.381724946801618614e+00 -5.383071451369971783e+00
2.493815276353158680e-02 2.365976503874817283e+00 -5.429192023345090767e+00
1.467354118384347518e-02 2.349983911726013730e+00 -5.475381360531268449e+00
4.420582719913828361e-03 2.334050557478705379e+00 -5.521632511996133807e+00
-5.829121064504561890e-03 2.318582644792145597e+00 -5.568048710596854356e+00
-1.637075767519082306e-02 2.303039165775385033e+00 -5.614680266860447411e+00
-2.677738079857069214e-02 2.287534546405442626e+00 -5.661200363987313189e+00
-3.707621831258671452e-02 2.271901341541639585e+00 -5.707531340236811523e+00
3.143947927238718160e-02 2.398105018691544021e+00 -5.331528112623190374e+00
-8.176230083494931227e-05 2.386402268777674252e+00 -5.368213453362161047e+00
-3.799165322383524224e-02 2.375385359604026636e+00 -5.398497251593076030e+00
-8.042588427757357827e-02 2.366108565621514170e+00 -5.423014476422573615e+00
-1.252598849645648604e-01 2.358096205431235326e+00 -5.443424529670682688e+00
-1.721352229540754897e-01 2.350535864385218776e+00 -5.458716296941149793e+00
-2.199325862063962744e-01 2.341641538490506935e+00 -5.469271081809737645e+00
-2.682850319283959228e-01 2.333638878868165456e+00 -5.476018338008760367e+00
-3.174772188194819877e-01 2.326384990523071572e+00 -5.480189271638528759e+00
3.973050373473051566e-01 2.369642696828855755e+00 -5.312781024324246815e+00
4.041876791964293947e-01 2.368792543665772410e+00 -5.312537164239203413e+00
4.198581204228422070e-01 2.366857055463866821e+00 -5.311981473741325566e+00
4.435354019626153721e-01 2.363932669475063086e+00 -5.311141712660901959e+00
4.729397350948781886e-01 2.357600084505178994e+00 -5.309177182221752389e+00
5.074819472244056495e-01 2.349923861025764005e+00 -5.306873384696705997e+00
4.078985463913530340e-01 2.368335116304376875e+00 -5.312402650369322465e+00
4.224646456032835062e-01 2.366535819235195515e+00 -5.311886790754092758e+00
4.388309436204418379e-01 2.364514191945259025e+00 -5.311307042724135563e+00
4.529477380055202396e-01 2.362036917635964794e+00 -5.310528605991318152e+00
4.709269116720049553e-01 2.358043514398337148e+00 -5.309323214364399135e+00
4.871283930398764839e-01 2.354443789356628347e+00 -5.308240564856220978e+00
5.061366177393100685e-01 2.350220031746643290e+00 -5.306971624248685515e+00
5.239843029459800849e-01 2.346254488786363002e+00 -5.305779139698984181e+00
9.565909102965804989e-01 2.300620925183228138e+00 -5.014564375120574624e+00
9.875151856082832191e-01 2.277696416152898529e+00 -5.046225715335154405e+00
1.018455615738513398e+00 2.254842751603428397e+00 -5.077962870438881282e+00
1.049060240043731884e+00 2.231398458166234278e+00 -5.109490742280349274e+00
1.078967861566497932e+00 2.206337496152583455e+00 -5.140521825105998310e+00
1.108574555906314485e+00 2.180843473639161534e+00 -5.171466752915399034e+00
1.137909352637986204e+00 2.155139289489642174e+00 -5.202357794819001846e+00
1.166805013799091739e+00 2.129659595006926143e+00 -5.233275569759588741e+00
1.199825257161712733e+00 2.101711713146487526e+00 -5.256563839131224825e+00
9.450275279042839038e-01 2.302448127708301762e+00 -5.023713546591856094e+00
9.569248839537052298e-01 2.283272414269355455e+00 -5.068119727505342453e+00
9.608006748747911496e-01 2.267064483708822298e+00 -5.115129899792807855e+00
9.670105445613295103e-01 2.248923286126212950e+00 -5.165521097433040332e+00
9.519220025035513011e-01 2.240754389529217239e+00 -5.211998392543953251e+00
9.367157916044506205e-01 2.232523302472193993e+00 -5.258833245031887316e+00
9.211551079722544166e-01 2.223324042855447935e+00 -5.305217800109372384e+00
8.119862292309528717e-01 2.344098519036552197e+00 -5.058968441920306702e+00
7.960175702595794212e-01 2.334632328512084687e+00 -5.105338658312956746e+00
7.801410922377094437e-01 2.325410890315511736e+00 -5.151806521641752568e+00
7.640800787769289615e-01 2.315812753824925352e+00 -5.198313433094664759e+00
7.558486819695168224e-01 2.302708816198487884e+00 -5.245947440210104951e+00
7.993360756459385597e-01 2.349621049661374972e+00 -5.053309432391016820e+00
7.645654886336197276e-01 2.348829382118162723e+00 -5.089104344500055888e+00
7.246371471951338350e-01 2.351763595931277262e+00 -5.118824841000665593e+00
-1.900055027063911162e+00 1.853381123071592640e+00 -4.393072367532713685e+00
-1.928071374275510896e+00 1.833737179240107373e+00 -4.369867677388030280e+00
-1.955761112791957190e+00 1.811594203145997728e+00 -4.344650004962010925e+00
-1.984410838021497758e+00 1.787966338208312855e+00 -4.318500126199871225e+00
-2.013244078165024931e+00 1.764183809440010853e+00 -4.292191916388297557e+00
-2.094145185745190041e+00 1.674706226498962724e+00 -4.274333732306699218e+00
-2.094086770535265263e+00 1.674095773163862599e+00 -4.276355970494815750e+00
-2.093830234687820369e+00 1.673140188119856431e+00 -4.280117708410116073e+00
-2.093477175647285193e+00 1.671787282489026305e+00 -4.285406908883992116e+00
-1.905364796476968881e+00 1.849662674638512527e+00 -4.388659656255167185e+00
-1.936496433704912645e+00 1.827461497409319069e+00 -4.362290648859143971e+00
-1.966352416803713421e+00 1.802861534771944552e+00 -4.334976928505580140e+00
-1.996688459180804731e+00 1.777839854080922821e+00 -4.307296402706147553e+00
-2.094142755880015194e+00 1.674763761663885520e+00 -4.274171793155752574e+00
-2.125580468613073037e+00 1.643922919204393374e+00 -4.252152702873853052e+00
-2.155860483257601157e+00 1.612298276743494352e+00 -4.229655603784924445e+00
-2.185680778933492441e+00 1.580154176149459522e+00 -4.206855272966666170e+00
-2.214518177699281054e+00 1.547155728094859573e+00 -4.183658578097201541e+00
-1.704661082007786987e+00 1.998815020817060972e+00 -4.505858971585025685e+00
-1.721030266305138001e+00 1.971336504665446743e+00 -4.544012739122019084e+00
-1.737631606047387756e+00 1.944025699134453777e+00 -4.582350321744122823e+00
-1.756343219157936897e+00 1.915690678502094846e+00 -4.618951434009050061e+00
-1.780091840533626568e+00 1.883687000396408573e+00 -4.648890409977264326e+00
-1.807770956904157567e+00 1.848565604425824516e+00 -4.670292517733991566e+00
-1.838716495710207122e+00 1.812719741868837442e+00 -4.685049501708064668e+00
-1.871412969334198984e+00 1.776813825835859673e+00 -4.695230047576074206e+00
-1.903224418617076585e+00 1.739222800523037460e+00 -4.701621764135252235e+00
-1.693725653834587730e+00 2.006069540202751078e+00 -4.512934119364723884e+00
-1.692809367598547166e+00 1.990727941495952225e+00 -4.560306921309547512e+00
-1.685444592589127710e+00 1.981492404563450105e+00 -4.608732601104929216e+00
-1.671832984537006572e+00 1.977750016975374558e+00 -4.656459147670052978e+00
-8.875775680284518909e-01 2.199272379710154990e+00 -5.409525507381775178e+00
-8.710601391392988058e-01 2.189744942318007759e+00 -5.455759394089679581e+00
-8.546092207377381511e-01 2.180356674569808195e+00 -5.502042540063066589e+00
-8.380291402583643912e-01 2.170193819638503108e+00 -5.548033220932117260e+00
-8.212123382252298764e-01 2.159385200148935979e+00 -5.593798095206689247e+00
-8.044317906480404901e-01 2.148559412767585552e+00 -5.639572758455044799e+00
-7.870722246845114345e-01 2.137788917369671360e+00 -5.685440909598095338e+00
-7.698446395931904940e-01 2.126969443956375549e+00 -5.731263839785770919e+00
-7.527638235981920500e-01 2.115495120585380917e+00 -5.776771642628948378e+00
-9.011675842426372096e-01 2.193233072199343159e+00 -5.410716329070932140e+00
-9.066099392599072937e-01 2.174705654723080972e+00 -5.456831001239083712e+00
-9.202701832408126670e-01 2.153916047346308815e+00 -5.500195601048955218e+00
-9.407883448152475347e-01 2.131530368837275979e+00 -5.539835695354896394e+00
-9.643088300360275200e-01 2.106293732229523652e+00 -5.575923591257843093e+00
-9.918875103647651903e-01 2.080487902090818686e+00 -5.608558313367430159e+00
-1.022597020911480525e+00 2.054493339529492868e+00 -5.638258901113415433e+00
-1.055823419110930361e+00 2.028431089534227905e+00 -5.664962832807796111e+00
-1.089482429336239289e+00 2.000238905451159344e+00 -5.688577652823644470e+00
-7.684008046022879901e-01 2.332304365315641892e+00 -5.140099206645555974e+00
-7.680379207473360115e-01 2.334268282792908433e+00 -5.134610004607548461e+00
-7.675829883189628777e-01 2.336731817998541239e+00 -5.127724088857514850e+00
-7.671600175283393996e-01 2.339019633964921407e+00 -5.121329820465803095e+00
-7.666445485883793820e-01 2.341811416422511005e+00 -5.113526329207880750e+00
-7.661181198135033066e-01 2.344658510392740869e+00 -5.105568980987675864e+00
-7.655947594609889828e-01 2.347493395416892170e+00 -5.097644943956722408e+00
-7.648190723900055721e-01 2.351690362379715182e+00 -5.085914499202548456e+00
-7.635253638073821181e-01 2.358686907704447666e+00 -5.066359886376606170e+00
-7.693247307940777047e-01 2.327302803166541700e+00 -5.154078947233249330e+00
-7.702945073582597724e-01 2.322048899356357943e+00 -5.168764766326659377e+00
-7.278683561066925378e-01 2.326423025787496268e+00 -5.198189384048577111e+00
-6.877468347764785772e-01 2.329435033879335482e+00 -5.229366612158207417e+00
-6.492122047081385627e-01 2.331676734317873922e+00 -5.261251185525945395e+00
-6.110868479167692602e-01 2.331345576318054391e+00 -5.292731877812259178e+00
-5.732099935877480457e-01 2.330264649324926829e+00 -5.324217827287409222e+00
-5.350531151045219147e-01 2.329062410558750518e+00 -5.356322068949772586e+00
-4.983758688880032262e-01 2.327125861558327902e+00 -5.389838108650002901e+00
-1.597557992917467917e+00 1.873471046639283655e+00 -5.117039524330402323e+00
-1.627776837602685323e+00 1.828425417808192677e+00 -5.165315718574691850e+00
-1.649658956937812615e+00 1.797095950521771179e+00 -5.197405124984070923e+00
-1.670306281253657321e+00 1.764695777437733870e+00 -5.229020703897966804e+00
-1.690202603202862308e+00 1.731514326337440624e+00 -5.260421344149148304e+00
-1.710166072760225031e+00 1.698296901688118199e+00 -5.291916713452175181e+00
-1.729441134187610141e+00 1.664609539923268322e+00 -5.323187836743077384e+00
-1.815809545682825821e+00 1.632491847691823539e+00 -5.396744693483877420e+00
-1.800726909327695857e+00 1.595721373475778249e+00 -5.408371097946578665e+00
-1.633891395654285095e+00 1.825352769382468709e+00 -5.159640146335457089e+00
-1.651467318455571043e+00 1.816468299610603854e+00 -5.143460919178569846e+00
-1.673270807155881945e+00 1.805496481921804452e+00 -5.123262128558888406e+00
-1.697978586342828056e+00 1.792867993932398596e+00 -5.099812044328134064e+00
-1.723889911966924426e+00 1.777190037175139459e+00 -5.073491269593759512e+00
-1.751662708310755212e+00 1.760355959980722806e+00 -5.045349092597954943e+00
-1.788143559553159845e+00 1.728835653007422035e+00 -5.030307868741040522e+00
-1.824097956383790908e+00 1.699579525992310325e+00 -5.011267190683112105e+00
-1.859116994453524629e+00 1.671892281672207714e+00 -4.989460187946179737e+00
-1.716883009567050200e+00 1.913178414496887525e+00 -4.734233212101801591e+00
-1.716920585611608319e+00 1.913411044707743480e+00 -4.733411764140130984e+00
-1.717067325787454912e+00 1.914331970220531476e+00 -4.730165342437620879e+00
-1.717342730518763183e+00 1.916066118303115129e+00 -4.724054661554304424e+00
-2.900596182658812250e+00 1.173803164498787632e+00 -8.405350962744075061e-02
-2.910955547312095604e+00 1.146713161842707773e+00 -4.342857747999805812e-02
-2.920619093464683402e+00 1.121383452843679462e+00 -1.474463837441473231e-03
-2.901942244438521445e+00 1.170554125815511215e+00 -9.731896295118459828e-02
-2.900678678698758617e+00 1.173604030703265133e+00 -8.486581920209811114e-02
-2.899492571526035789e+00 1.176466962971417729e+00 -7.317548049246928865e-02
-2.913544485326816424e+00 1.140072028492705947e+00 -4.210526368888486276e-02
-2.928273577070745315e+00 1.101979586454250315e+00 -1.339829057516543805e-02
-2.941396484622596397e+00 1.053445087840222172e+00 -4.952813437493571169e-01
-2.940481687527955579e+00 1.053612880589532175e+00 -5.285687885592277313e-01
-2.939231992595809473e+00 1.053779816149861270e+00 -5.664279219096129969e-01
-2.946916895022190008e+00 1.027515437263156972e+00 -6.081176011511071344e-01
-2.953513434594531528e+00 1.003822805932457429e+00 -6.515385221627060242e-01
-2.959395513736925221e+00 9.817995441788344158e-01 -6.959458816515932122e-01
-2.965106940487239218e+00 9.598005461283353190e-01 -7.410667464772100477e-01
-2.970273007264281340e+00 9.390251719825268850e-01 -7.864963121617319919e-01
-2.974976518211958965e+00 9.192450985780638018e-01 -8.321755086323011641e-01
-2.869891860154388130e+00 1.101753857878007947e+00 -1.556531358295509371e+00
-2.881443833166097424e+00 1.063677334208079639e+00 -1.586617579365464437e+00
-2.892602127775090626e+00 1.025451330541491624e+00 -1.616703507437439402e+00
-2.906104850278157681e+00 9.822601237131212137e-01 -1.638407096114911754e+00
-2.873069803708893755e+00 1.096297793688369993e+00 -1.543277458356093756e+00
-2.872842338180855215e+00 1.096475300921827767e+00 -1.545329460137561783e+00
-2.873509641380662671e+00 1.095926455256280185e+00 -1.539455172261871674e+00
-2.875108690847438364e+00 1.094609046288585352e+00 -1.525390183606907701e+00
-2.877579630970879876e+00 1.092572341292812776e+00 -1.503661212853488749e+00
-2.880569914393885433e+00 1.090107700510477784e+00 -1.477364513318734973e+00
-2.883605582839568804e+00 1.087497757327459125e+00 -1.449029367944247415e+00
-2.886806892225090682e+00 1.084426673201212887e+00 -1.417800438844607935e+00
-2.890317577620859169e+00 1.081058201287658616e+00 -1.383556575199213157e+00
-2.756073061121754542e+00 1.326839205766060514e+00 -1.737311811440096054e+00
-2.757989592096917075e+00 1.314225162783707823e+00 -1.785634092148152163e+00
-2.759834503298808084e+00 1.301636354291852538e+00 -1.833950714413759009e+00
-2.761558973384278914e+00 1.289032614591955728e+00 -1.882259759240336949e+00
-2.758096884870563148e+00 1.284856584488115683e+00 -1.931902483027667206e+00
-2.749565376023209495e+00 1.340057845702839368e+00 -1.738766850025891708e+00
-2.741113080343040131e+00 1.348858615110387627e+00 -1.787312175550950233e+00
-2.729013490102754069e+00 1.365148151074494498e+00 -1.833049213340582462e+00
-2.714184077257471017e+00 1.387750423395893051e+00 -1.875040503875080145e+00
-2.696740446393379731e+00 1.413522317176068910e+00 -1.914049090646572582e+00
-2.681932453356512980e+00 1.432372428911716122e+00 -1.957789443299927212e+00
-2.856503737620928796e+00 1.217383636195234153e+00 -1.037690851636809297e+00
-2.854979588588637096e+00 1.219065291818046681e+00 -1.052229911372698279e+00
-2.852608379476407219e+00 1.221681973246109942e+00 -1.074845450189018337e+00
-2.841617750980853341e+00 1.239985569363443618e+00 -1.125964231301568752e+00
-2.844893459978955264e+00 1.227594134685206839e+00 -1.171051184350219154e+00
-2.847622072139657678e+00 1.214517999741619558e+00 -1.217707392369150154e+00
-2.849938322559496751e+00 1.201080245247906797e+00 -1.264734457732517914e+00
-2.858887286498969171e+00 1.172470611127431672e+00 -1.304646500423616073e+00
-2.855362804481307304e+00 1.218644064402464533e+00 -1.048560533795924732e+00
-2.853271925060775871e+00 1.220950198691403310e+00 -1.068512824110902759e+00
-2.840679457710391098e+00 1.243536785503042141e+00 -1.113033736294736453e+00
-2.842781153270183658e+00 1.235589046551067050e+00 -1.141938852562097484e+00
-2.845150700123285414e+00 1.226635514912891800e+00 -1.174465960015279364e+00
-2.847172763538108775e+00 1.217113076577869712e+00 -1.208655550002169843e+00
-2.848604019941013199e+00 1.208801445944278852e+00 -1.237764247943728080e+00
-2.850123063647145294e+00 1.199995594714184710e+00 -1.268563579294093913e+00
-2.865413793280445987e+00 1.158533191179022204e+00 -1.291614091136411124e+00
-1.355392292707916280e+00 2.787637964340128782e+00 -1.078400198835270052e+00
-1.346627954163551966e+00 2.789603781950227734e+00 -1.127660246039901226e+00
-1.284883471109450781e+00 2.807671306427554914e+00 -1.329142076302769926e+00
-1.300257061925894408e+00 2.801036519458008911e+00 -1.335194723874145950e+00
-1.321928153604950307e+00 2.791364904247215950e+00 -1.343940204957135842e+00
-1.347700352535787571e+00 2.776625983526348929e+00 -1.354551214817629967e+00
-1.377093239983494311e+00 2.759820183345725653e+00 -1.366592364995530051e+00
-1.406833262277215502e+00 2.742814112944922833e+00 -1.378804546376197981e+00
-1.435798157555942201e+00 2.726250904432735211e+00 -1.390704465989232030e+00
-1.342821085874305487e+00 2.793998401191022829e+00 -1.073659346509168167e+00
-1.315205743690111895e+00 2.805605672464354328e+00 -1.113601323715080804e+00
-1.281996889187480448e+00 2.820230217576749965e+00 -1.147447157310589327e+00
-1.115289511131548839e+00 2.907568070711593844e+00 -7.251763893366163227e-01
-2.385408021365778453e+00 1.344955288509305458e+00 -4.197659711273054484e+00
-2.364411693258672287e+00 1.306489891326505948e+00 -4.223847582368793319e+00
-2.383632708687287938e+00 1.354332066148735025e+00 -4.208194525720106327e+00
-2.361179972889646539e+00 1.330033904785040466e+00 -4.247290662292471097e+00
-2.340530261569035542e+00 1.317113180984010423e+00 -4.288984043124059120e+00
-2.459222583710082510e+00 1.345129760093731086e+00 -3.691107366952479207e+00
-2.463857674165570000e+00 1.318682123743486256e+00 -3.733188890404847804e+00
-2.467438533829446889e+00 1.293809324951661122e+00 -3.776349782624464968e+00
-2.503980366409956471e+00 1.266577605157436448e+00 -3.830553310178781423e+00
-2.481472774001616699e+00 1.234023857494369603e+00 -3.867873002126237303e+00
-2.461581714807397070e+00 1.345308288039978484e+00 -3.679811202277866400e+00
-2.457508744643680743e+00 1.345000564713140001e+00 -3.699312497959188484e+00
-2.471235445517960372e+00 1.306634419012507209e+00 -3.728097475857016896e+00
-2.526406429131701437e+00 1.262127011463121784e+00 -3.763527645491032025e+00
-2.513151046009056699e+00 1.222786908876084322e+00 -3.770430664732461246e+00
-2.620694855816371405e+00 1.635833891519839156e+00 -1.314511171193352368e+00
-2.596764830683797154e+00 1.676560534677298930e+00 -1.298436498907444170e+00
-2.570602931231950716e+00 1.715528867183911510e+00 -1.282223830496911576e+00
-2.544385744584111819e+00 1.753999175007038946e+00 -1.265825085483279766e+00
-2.517951916146531133e+00 1.793028259705937932e+00 -1.249480403102655401e+00
-2.491523511362820908e+00 1.832051134591522912e+00 -1.233122460404352028e+00
-2.463592550100890843e+00 1.872374118841732216e+00 -1.224321005624491754e+00
-2.433970569541833662e+00 1.912323275700890335e+00 -1.222521185952449185e+00
-2.401757113149178835e+00 1.949917905775572002e+00 -1.226966884698543758e+00
-2.624680970633986199e+00 1.630230848633381635e+00 -1.301278246694734575e+00
-2.608915190099652115e+00 1.661306668039734591e+00 -1.265555774117144594e+00
-2.595600943866847476e+00 1.685787325132247050e+00 -1.224176834751503407e+00
-2.586072799491191176e+00 1.704039428754724916e+00 -1.178758098561426770e+00
-2.579052630112099287e+00 1.718486019421392452e+00 -1.131542628912781678e+00
-2.682058564478334795e+00 1.221873551964228977e+00 -2.786660918227405581e+00
-2.692738258992471323e+00 1.207332199583900367e+00 -2.757244366662050528e+00
-2.690812104667392290e+00 1.220622003693911939e+00 -2.732669057004896374e+00
-2.695932956479677678e+00 1.218905360999262166e+00 -2.703841350924699238e+00
-2.701947496291791762e+00 1.216887977044223801e+00 -2.669985882817189182e+00
-2.708522785797222276e+00 1.214488799348674597e+00 -2.632214493399420707e+00
-2.713924746131527233e+00 1.212140035666419147e+00 -2.598011203001933556e+00
-2.677963372865617586e+00 1.227443004308699015e+00 -2.797959116590452933e+00
-2.682458863694675788e+00 1.221325919205695110e+00 -2.785565573644689152e+00
-2.687314543186507088e+00 1.214716848256878201e+00 -2.772184274971074558e+00
-2.774914331277809953e+00 1.160194835934102553e+00 -2.796787756636373690e+00
-2.761223448246083123e+00 1.119409340113707074e+00 -2.802184241320947677e+00
-2.746851935339556405e+00 1.078305150263413115e+00 -2.808679920598355473e+00
-2.785968834579408693e+00 1.044137773181567530e+00 -2.586903791594000523e+00
2.882535130916231036e+00 1.213881545957442354e+00 -2.706334295320985683e-01
2.897191962505379248e+00 1.179446540327907744e+00 -2.374688176441623055e-01
2.911421635593630874e+00 1.144892584030015703e+00 -2.042628133894222597e-01
2.925231989893088524e+00 1.110304293679896137e+00 -1.710539974682262487e-01
2.938319549049087875e+00 1.075164197511002007e+00 -1.379179832229595337e-01
2.951426263125509042e+00 1.040077842460195079e+00 -1.047472751812761615e-01
2.963645827592429338e+00 1.004730691557387923e+00 -7.154677491420652347e-02
2.975039279649068114e+00 9.694296837037014170e-01 -3.823920523397775911e-02
2.991866592383043422e+00 9.175936030722500192e-01 -2.467774260123454730e-02
2.885625225409828243e+00 1.206424510536167949e+00 -2.831102790940407399e-01
2.903348703818380283e+00 1.161672110750376463e+00 -2.705672116548551442e-01
2.942490920297427426e+00 1.059645466009172310e+00 -3.008452679282686004e-01
2.946752226907834338e+00 1.049621571047536728e+00 -2.819072173241695123e-01
2.949473886089647667e+00 1.042336424604029421e+00 -2.676682866402518290e-01
2.951215294862162164e+00 1.037389351534452331e+00 -2.584698220406770885e-01
2.952247850391799489e+00 1.034455249259849774e+00 -2.530312647677673277e-01
2.952740235578001471e+00 1.033055427178756203e+00 -2.504512562183691116e-01
2.952810065964058595e+00 1.032855873702258398e+00 -2.501061824577482939e-01
2.723013737767820963e+00 1.537955386732941410e+00 -7.388288002358661677e-02
2.718787311588382494e+00 1.543859831680364891e+00 -2.448424218077008621e-02
2.715571364574412172e+00 1.550019278624272800e+00 -7.836992653123681096e-02
2.700141712320222265e+00 1.574121758193636200e+00 -3.780581407124322668e-02
2.681335677673650331e+00 1.603765717703765858e+00 -3.034299055196035093e-03
2.248000109324841844e+00 2.171672648663903527e+00 -1.368615575474400881e-01
2.222602538434268027e+00 2.199488401708074470e+00 -1.041195151542987085e-01
2.196305304543336945e+00 2.226045171879546203e+00 -7.147041090716765854e-02
2.167943344704005515e+00 2.250228418776692774e+00 -3.877369588475775009e-02
2.139791783305184492e+00 2.274228579936058647e+00 -6.057713911316353270e-03
2.256091029906598600e+00 2.163704579351503732e+00 -1.272133429636402857e-01
2.243972160891722911e+00 2.178332554609024641e+00 -8.112520345056382920e-02
2.237789993646421394e+00 2.186914704487953554e+00 -3.243706404035216068e-02
2.995802997764016595e+00 9.489528370656340472e-01 -8.183876646443281055e-01
2.996296856732366010e+00 9.419599478836723216e-01 -7.696288431902481575e-01
2.996568566963799363e+00 9.349807326936030449e-01 -7.205881888756117126e-01
2.979568007570889243e+00 9.229179451616097429e-01 -6.709510627432960783e-01
2.983736450185498157e+00 9.147478421516266334e-01 -6.218914816114986532e-01
2.987490538755584346e+00 9.068905654885023315e-01 -5.727385597517226090e-01
2.991171902966955454e+00 8.992143169433133298e-01 -5.235414542266154658e-01
2.991069839255334983e+00 9.359310766324215880e-01 -8.215130864078953321e-01
2.984476550049424581e+00 9.092883172098201738e-01 -7.800334754521593972e-01
2.937851033016092295e+00 9.395579346351963235e-01 -1.438568717676583120e+00
2.482961617859087422e+00 1.364103118478522170e+00 -3.523203493373250783e+00
2.481171448598883611e+00 1.360371334549420608e+00 -3.543215312968225561e+00
2.478741506984507570e+00 1.355305948250397297e+00 -3.570378783456588767e+00
2.475798485379161029e+00 1.349170958761040762e+00 -3.603277945693937223e+00
2.471712754424401748e+00 1.341895252583241938e+00 -3.640385521702206972e+00
2.467095713957892844e+00 1.333766382433497988e+00 -3.680750477970587742e+00
2.474901372172928049e+00 1.301888627912451968e+00 -3.721380701101898669e+00
2.480727687313727614e+00 1.273178476982707696e+00 -3.763439610096666943e+00
2.485162035581727658e+00 1.246969101914367384e+00 -3.806339471843216860e+00
2.496872479582140425e+00 1.360821890928557654e+00 -3.461446120862035070e+00
2.518157255244971804e+00 1.334263181491559980e+00 -3.429504285367059868e+00
2.539052465734552566e+00 1.306386312152268747e+00 -3.396233036392411808e+00
2.257613349087653987e+00 1.350779542988790993e+00 -4.496568795646434857e+00
1.369159357635153951e+00 2.124491555160392675e+00 -4.892282756006387956e+00
1.361520741586650818e+00 2.117913871209035737e+00 -4.925422921506033447e+00
1.323726752849531563e+00 2.132721535131952617e+00 -4.954270571178004623e+00
1.284883732830567782e+00 2.147351599297223412e+00 -4.981698291646259769e+00
1.245161305371556892e+00 2.162203549947303127e+00 -5.007629245257719575e+00
1.203258962311030356e+00 2.177263956426934044e+00 -5.029291333958745724e+00
1.161100294480577277e+00 2.193530264065939317e+00 -5.047745324426379021e+00
1.087146031001114288e+00 2.335186995641858054e+00 -4.711921137450449493e+00
1.084988396562207358e+00 2.322858532742739346e+00 -4.755102743097250340e+00
1.082756472654762714e+00 2.310121258806915101e+00 -4.799720365225116581e+00
1.066966356866912768e+00 2.303039085785217654e+00 -4.846371106211357471e+00
1.052703342260933761e+00 2.295504801227377989e+00 -4.893598126652489277e+00
1.042974087177522602e+00 2.285889509207120529e+00 -4.941506080935715417e+00
1.086891559803918161e+00 2.333730604215275228e+00 -4.717021662290679096e+00
1.084554620529599944e+00 2.320432747300015919e+00 -4.763613147719251373e+00
1.074430291281257555e+00 2.310445594681159065e+00 -4.811169589837508198e+00
1.061390849283207594e+00 2.301920255425792483e+00 -4.858366409834617095e+00
1.047494461858383241e+00 2.294364895461092235e+00 -4.905644003720500912e+00
7.628140163011739583e-01 2.178628856604710951e+00 -5.600172099322385577e+00
7.739101981026398347e-01 2.158132674161756359e+00 -5.644357337770197880e+00
7.850076896202772270e-01 2.137631304878401473e+00 -5.688555125993699058e+00
7.961515574521745853e-01 2.117265852080886024e+00 -5.732820011927524106e+00
8.069450860390763314e-01 2.096193393094784252e+00 -5.776767109837600778e+00
8.172886685384301853e-01 2.074106100621023518e+00 -5.820323583577459381e+00
8.276110433129417743e-01 2.052017776327728082e+00 -5.863903618947025720e+00
8.382774732978628407e-01 2.029984078622026900e+00 -5.907576255081518291e+00
8.215608797061491053e-01 2.018434537714248300e+00 -5.953182396684921329e+00
7.759438208308685470e-01 2.176649574829722322e+00 -5.593428802101541031e+00
8.068308525766478834e-01 2.153948595712733560e+00 -5.625386296492346894e+00
8.433224885745792543e-01 2.131053906374537288e+00 -5.650471924360929599e+00
8.833423148408384717e-01 2.107329120206938633e+00 -5.668239885764073449e+00
9.250171316546024203e-01 2.083436894081230673e+00 -5.681316583439899759e+00
9.685093604367228659e-01 2.060661897859988656e+00 -5.689400931044034770e+00
1.013106006148770666e+00 2.038953414000801878e+00 -5.693463532146311401e+00
1.057336542396544399e+00 2.016268706197386962e+00 -5.692963360966476927e+00
1.101257503235571145e+00 1.993179345425859061e+00 -5.689358300707282545e+00
9.733855503894295325e-01 2.159627732222354268e+00 -5.421322742329260258e+00
9.738149724903448767e-01 2.160880245170716307e+00 -5.417069312426560757e+00
9.742505464336157495e-01 2.162098994185787770e+00 -5.412905865012885620e+00
9.747064539879972678e-01 2.163377157239048110e+00 -5.408540703129199656e+00
9.751171268770640888e-01 2.164529255666673979e+00 -5.404606449178004368e+00
9.753425019940159535e-01 2.165159680990146107e+00 -5.402452722348304981e+00
9.753114923373875644e-01 2.165067058990865156e+00 -5.402766221016762849e+00
9.750780238421015156e-01 2.164402944053813282e+00 -5.405029542759396399e+00
9.747760531580844656e-01 2.163545472376047663e+00 -5.407952564431915299e+00
9.719220624850538615e-01 2.155489562661719649e+00 -5.435437876651528555e+00
9.700814210338519761e-01 2.150337601211978367e+00 -5.453036934585754558e+00
9.675033231790515220e-01 2.143046191414895940e+00 -5.477906879589744094e+00
9.641133847579336225e-01 2.133211530904674191e+00 -5.508088513219735916e+00
9.598493397169207686e-01 2.121635554096711118e+00 -5.542777757698390317e+00
9.551528713945717231e-01 2.108897695779049286e+00 -5.580953912366755532e+00
-3.983117362657748184e-02 2.254287689867015665e+00 -5.754180816991028458e+00
-4.256072161527293951e-02 2.236313178374084387e+00 -5.800712829606258225e+00
-4.537930342589509281e-02 2.218335530607904005e+00 -5.847247941098153490e+00
-4.820371063579712706e-02 2.200355281642268235e+00 -5.893789478673669535e+00
-5.104492174901865270e-02 2.182685885858484998e+00 -5.940478216623250596e+00
-5.381163396477356420e-02 2.165070061584270622e+00 -5.987235756315321566e+00
-5.660002595518979357e-02 2.147464994054380405e+00 -6.033963426915671668e+00
-5.939702826915306544e-02 2.129446435685244943e+00 -6.080488410943642563e+00
-6.214187752721755942e-02 2.109699731789722144e+00 -6.126306225168339559e+00
-5.435703907651257688e-02 2.255124536167154137e+00 -5.751183747538050284e+00
-7.983751320331973489e-02 2.239264068176304523e+00 -5.790935046063971470e+00
-1.127226766453452989e-01 2.225158275224229154e+00 -5.825709011627624001e+00
-1.509770521840529955e-01 2.212350856053529213e+00 -5.855060689561315534e+00
-1.919959145865492711e-01 2.199411777928809375e+00 -5.880200480040677746e+00
-2.355413356840330152e-01 2.186267466835509765e+00 -5.900333952443101992e+00
-3.831027664872877492e-01 2.162586503823098472e+00 -5.911946805542499739e+00
-3.832453838485657127e-01 2.156347896712195400e+00 -5.927052908272372633e+00
-3.832392536684138817e-01 2.151139893089788924e+00 -5.939717589233918460e+00
-3.668272999748640739e-01 2.322389319695496557e+00 -5.474417310718054708e+00
-4.158422451300515243e-01 2.316966788301003888e+00 -5.468133486991932024e+00
-3.658409528768667984e-01 2.317840612671538736e+00 -5.488576042169030167e+00
-4.111365144704909880e-01 2.305601688946751882e+00 -5.504741936668529512e+00
-4.517872855114509756e-01 2.288726262759565699e+00 -5.527703582635297153e+00
-4.902859213672093874e-01 2.271411487206040469e+00 -5.553969589485316938e+00
-5.277134843931505781e-01 2.253792712635767970e+00 -5.581816141818011445e+00
-5.638731004117343293e-01 2.235235559740608835e+00 -5.610180244452915410e+00
-5.991654781882718162e-01 2.215042363737815823e+00 -5.638611221103017712e+00
-6.310494482982689224e-01 2.194556187052577823e+00 -5.670326090231029958e+00
-6.590913940251119651e-01 2.174112007279363379e+00 -5.705131862049464431e+00
1.232657070534832755e+00 2.073624909384395032e+00 -5.279675838352756223e+00
1.266472969931667247e+00 2.045252805431402532e+00 -5.302824325001287420e+00
1.300271684001091277e+00 2.016886969158240728e+00 -5.325984483571079231e+00
1.332664878766306904e+00 1.986512973591734177e+00 -5.348348388210234283e+00
1.364623896295619199e+00 1.955450034181036800e+00 -5.370528066138167134e+00
1.396146760537075204e+00 1.927033773534600591e+00 -5.386894926292077557e+00
1.425696628855670944e+00 1.910222089951042035e+00 -5.377049963191745441e+00
1.454902293887189391e+00 1.892585253948247948e+00 -5.366739677443237433e+00
1.483798408306172822e+00 1.873172630022011509e+00 -5.355752893322820896e+00
1.239071252569811099e+00 2.074415946250715237e+00 -5.266319042353987179e+00
1.281485668681574097e+00 2.048500780535894350e+00 -5.267546844173178755e+00
1.324723674883987679e+00 2.025080913964266038e+00 -5.260177162524812822e+00
1.366706456079042065e+00 2.003580719010083833e+00 -5.244505818008122766e+00
1.406571719739869497e+00 1.982322470216558052e+00 -5.223876597753297268e+00
1.444857333000481692e+00 1.963499082984837107e+00 -5.198539645183570812e+00
1.480083896502311536e+00 1.949628314852435818e+00 -5.166502471878361646e+00
1.511515370843837580e+00 1.940489754049118831e+00 -5.129290736964268405e+00
1.538535323281883249e+00 1.933488856133663170e+00 -5.088216283788699279e+00
-2.243886399977124135e+00 1.510254226840865410e+00 -4.168713742830835400e+00
-2.242439895070533762e+00 1.517267751155193078e+00 -4.155766558678074318e+00
-1.932553784627705440e+00 1.700512060083857024e+00 -4.712290210655741163e+00
-1.961957451308393940e+00 1.661735902002101639e+00 -4.722906593653121377e+00
-1.991439062187099207e+00 1.622942213634277930e+00 -4.733539976205010547e+00
-2.020997114429408104e+00 1.584163957291577551e+00 -4.744215409418636398e+00
-2.048004792996549028e+00 1.543563924814840727e+00 -4.754120794939067807e+00
-2.074006147578807191e+00 1.502672167335149522e+00 -4.763895093587369622e+00
-2.100828260150586768e+00 1.460344489707551929e+00 -4.774311624055525449e+00
-2.126967428764574564e+00 1.419310936448671789e+00 -4.783965419464442093e+00
-1.936178102636719744e+00 1.702164855985634384e+00 -4.698016803627942828e+00
-1.969933525181960743e+00 1.667807759770868481e+00 -4.685597469454103603e+00
-2.003357714541596390e+00 1.637202540977426457e+00 -4.665028026492147539e+00
-2.034490878355374566e+00 1.610074232145811024e+00 -4.637278462941099910e+00
-2.063542655648682000e+00 1.585406711369035104e+00 -4.605433790041634445e+00
-2.091059273563859566e+00 1.564213993646215384e+00 -4.569781832519886677e+00
-2.117328920464928821e+00 1.545564182570249745e+00 -4.531744232610622092e+00
-2.141538947013565952e+00 1.529419837061452903e+00 -4.491270406298836448e+00
-2.168144526335511468e+00 1.505838783682746040e+00 -4.456576712542381635e+00
-7.421853111923295554e-01 2.100371326967237273e+00 -5.823197965059374148e+00
-7.316692583981041498e-01 2.085360787384660242e+00 -5.869722772415945755e+00
-7.212736417016815116e-01 2.070713068457916695e+00 -5.916388853891216826e+00
-6.775984700376572745e-01 2.066231817282973893e+00 -5.965647376790587764e+00
-6.759190952389326768e-01 2.049024694029992766e+00 -6.011368718725038640e+00
-6.738860973444221747e-01 2.030750075245318698e+00 -6.056449630454498134e+00
-6.715139356688737404e-01 2.011566140380055767e+00 -6.101121912803201930e+00
-6.593976620610880746e-01 1.995206055246838028e+00 -6.146647287906187529e+00
-6.550008942061458228e-01 1.976180760174560458e+00 -6.192470966476503413e+00
-7.289396470575386644e-01 2.106255627813160114e+00 -5.819688332929821684e+00
-6.980413607986061253e-01 2.100921739560858814e+00 -5.858835848247711198e+00
-6.613228853852912703e-01 2.099963809859127117e+00 -5.892921269721767885e+00
-6.203038337604552810e-01 2.102615645398987265e+00 -5.921533230106108547e+00
-5.750001299447550229e-01 2.106859752329318436e+00 -5.942127893849285414e+00
-5.287177750878152560e-01 2.112691622900296995e+00 -5.957864698474672593e+00
-4.768448369705662881e-01 2.117566762336383857e+00 -5.975687675756123696e+00
-4.763818796230007702e-01 2.109353141870109472e+00 -5.997293763795031651e+00
-4.757904131606793818e-01 2.098292365265443049e+00 -6.026370562789939100e+00
-1.148454834547757653e+00 1.940429199287278861e+00 -5.754055443659534141e+00
-1.154639877313165863e+00 1.939222373689733825e+00 -5.748642358462911162e+00
-1.160761516331764165e+00 1.938063237383806703e+00 -5.743198360835926053e+00
-1.167318320927383635e+00 1.936820299606225149e+00 -5.737370800079329314e+00
-1.174703603425094833e+00 1.935418820599803968e+00 -5.730810552291837112e+00
-1.182938286849679166e+00 1.933635936137527267e+00 -5.723099297450976231e+00
-1.192587517839486910e+00 1.931195230050962941e+00 -5.714033638328163356e+00
-1.203973091572162923e+00 1.928314905330493323e+00 -5.703337641219603071e+00
-1.217317176292991299e+00 1.924940847230871332e+00 -5.690797685120744909e+00
-1.158885066892348048e+00 1.938444801659736427e+00 -5.744802858020546132e+00
-1.176561529174126486e+00 1.935043209790263230e+00 -5.729216544357134566e+00
-1.192916147868576138e+00 1.931138989149863372e+00 -5.713661726809121433e+00
-1.209620062966437759e+00 1.926921314097661986e+00 -5.697950505044241609e+00
-1.246997502505703403e+00 1.897121502338056986e+00 -5.710489556383914866e+00
-1.283455862669597547e+00 1.867035811730963335e+00 -5.724503683923180652e+00
-1.318733900076884957e+00 1.835701034647688301e+00 -5.738608164692562852e+00
-1.353255120011968682e+00 1.803312424235597344e+00 -5.752662051836762380e+00
-1.428527892715097058e+00 1.740940367534673072e+00 -5.760305096514571233e+00
-1.782606623074834307e+00 1.561313393179749376e+00 -5.424554622760846101e+00
-1.892940010763308978e+00 1.636667613381926012e+00 -4.983068637426634417e+00
-1.925502016709301323e+00 1.600200541922007114e+00 -4.976228288681626921e+00
-1.957738595323509578e+00 1.563167343907926110e+00 -4.968996285290716131e+00
-1.989863065713550538e+00 1.526212724685482192e+00 -4.961893520001939173e+00
-2.051688803956968066e+00 1.489872949901758448e+00 -4.969660034360471990e+00
-2.051370345627089975e+00 1.453782593481902419e+00 -4.954559180676073815e+00
-1.893140897802016775e+00 1.642420047418710061e+00 -4.969350466901512497e+00
-1.924850962519595088e+00 1.616450147639548751e+00 -4.941548189204138630e+00
-1.954202058512154672e+00 1.596188816658305809e+00 -4.907170682674684592e+00
-1.980190300370603396e+00 1.581850844633697184e+00 -4.867746581687204532e+00
-2.903661036615859725e+00 1.049938426186126206e+00 -1.346811931777782245e+00
-2.916781308251509497e+00 1.018775586423715573e+00 -1.310043630635641110e+00
-2.969099872967359222e+00 9.819631539390148989e-01 -1.276661828827002632e+00
-2.962457912976406593e+00 9.505042766089676354e-01 -1.237416627986001938e+00
-2.906035674487243092e+00 1.040844659551269924e+00 -1.358405187381046764e+00
-2.965217115139026305e+00 9.910093827088202190e-01 -1.344887341669181113e+00
-2.950940536216799970e+00 9.443658245304767940e-01 -1.330231284165043659e+00
-2.369280886179346179e+00 1.987308895117856800e+00 -1.230784975444804141e+00
-2.336510766874564826e+00 2.025150152814582771e+00 -1.234537671880395093e+00
-2.303921953089779429e+00 2.062932184300057870e+00 -1.238349057865951730e+00
-2.271462433977435857e+00 2.100558177908259161e+00 -1.242221734707858571e+00
-2.237441196996973858e+00 2.136454965152375429e+00 -1.246012567667620141e+00
-2.201781889510114887e+00 2.170788501305724871e+00 -1.249724426566116708e+00
-2.167008283329707741e+00 2.203506604688106219e+00 -1.263140506096469995e+00
-2.133321071724106677e+00 2.234520042916929405e+00 -1.285750445728849334e+00
-2.103745007437065606e+00 2.260967469074350422e+00 -1.316604035654761695e+00
-2.370789192019234992e+00 1.984224628730954398e+00 -1.245273009130579922e+00
-2.342441357885228115e+00 2.015229804032331984e+00 -1.271739231104947354e+00
-2.317031221701823629e+00 2.042237372517934801e+00 -1.305227242865223181e+00
-2.295285281881362938e+00 2.064518587943219519e+00 -1.344239120264797194e+00
-2.274930225656643490e+00 2.082106751503294273e+00 -1.385964105693521686e+00
-2.257304847847795060e+00 2.095760015132738907e+00 -1.430381102445571484e+00
-2.242100895207738809e+00 2.106699249176624100e+00 -1.476461169598300982e+00
-2.229584239690546976e+00 2.114951099680745017e+00 -1.524030624789478150e+00
-2.219380003931146206e+00 2.121346306841602303e+00 -1.572471183588926458e+00
2.954162750521849290e+00 1.029012839814146041e+00 -2.429664191203116663e-01
2.956610115384261661e+00 1.022062187601581407e+00 -2.299998668840091964e-01
2.951335339104415922e+00 1.037042917170204692e+00 -2.579450700728656565e-01
2.949782007084226887e+00 1.041454427364750579e+00 -2.661756753138319609e-01
2.948049026949947304e+00 1.046375998469092572e+00 -2.753611141902593262e-01
2.946153204176356510e+00 1.051039108956680845e+00 -2.843868060184526758e-01
2.943705729939230853e+00 1.056791740173242067e+00 -2.953626753341759281e-01
2.941806312902888187e+00 1.061256306680685713e+00 -3.038783984505988300e-01
2.939284843393752400e+00 1.067183130935294377e+00 -3.151802321786060790e-01
2.935244302765181779e+00 1.076680773929294732e+00 -3.332871137677455020e-01
2.929824344293136207e+00 1.089420873149836710e+00 -3.575752733684661178e-01
8.182522937748989422e-01 2.001147214373903083e+00 -5.999462626198871718e+00
8.148144488406733332e-01 1.983531700405473774e+00 -6.045710019426096871e+00
8.107295303987009927e-01 1.964333329858551025e+00 -6.091374856931236259e+00
8.097281564562224254e-01 1.943866091876360835e+00 -6.137013201599835988e+00
8.094212747029084776e-01 1.923117121154141129e+00 -6.182472487244018211e+00
8.087307631985848344e-01 1.902287155110678141e+00 -6.227899774398934163e+00
8.076577637673482135e-01 1.881179570177734739e+00 -6.273107661757701514e+00
8.063508454771622924e-01 1.859871205497124258e+00 -6.318782551919611912e+00
8.046637365814597320e-01 1.838401309148619323e+00 -6.364067462411858500e+00
8.185362542090645066e-01 2.002627763190660826e+00 -5.995498411504424752e+00
8.155710792587955726e-01 1.987115870350343094e+00 -6.037021941600387187e+00
8.121306303655384529e-01 1.970891817088825881e+00 -6.075769873206670724e+00
8.089102634216077670e-01 1.955766014881914039e+00 -6.111749589046143072e+00
8.329211571278688497e-01 1.929668446762526468e+00 -6.146984395572989257e+00
8.598068096258687509e-01 1.903482434430840087e+00 -6.179802557598503832e+00
8.906391750700505261e-01 1.876237421605792655e+00 -6.207569399270849608e+00
9.250918649882599043e-01 1.847815139574844556e+00 -6.229251069504059046e+00
9.916013802088348150e-01 1.831856496868767170e+00 -6.285083182996922702e+00
1.194092904719839199e+00 1.942546534015588744e+00 -5.685204078437001485e+00
1.193676600832697998e+00 1.941051082034860764e+00 -5.689278718181501660e+00
1.193270107180070649e+00 1.939553330372024043e+00 -5.693344881146900960e+00
1.192832055810711500e+00 1.937942860575673443e+00 -5.697718418700189247e+00
1.192334087750753779e+00 1.936115820773858021e+00 -5.702681517023217239e+00
1.191748763210566331e+00 1.933971767076091419e+00 -5.708507118270533809e+00
1.191047967458823686e+00 1.931407844511352057e+00 -5.715474739321762421e+00
1.190202046791592361e+00 1.928315628226398459e+00 -5.723879056922938524e+00
1.230909577898070983e+00 1.899939321811590975e+00 -5.729191884090186093e+00
1.195492646602972275e+00 1.947648810873578329e+00 -5.671331070074021596e+00
1.196833322756460039e+00 1.953605907933928298e+00 -5.654141642729133999e+00
1.198815734146028378e+00 1.961717486219494155e+00 -5.629649023371610994e+00
1.201281713472336588e+00 1.971783295860739305e+00 -5.599245763558556632e+00
1.204119678940263505e+00 1.983374776604351020e+00 -5.564237250650105437e+00
1.231883055690580431e+00 1.981724436549072932e+00 -5.522842690440158187e+00
1.257748126224623730e+00 1.983094575911473756e+00 -5.480217986632492710e+00
1.283743907813721385e+00 1.984311075343531794e+00 -5.437766076501719503e+00
-7.224964634987778023e-02 2.090089841906652701e+00 -6.171117919487425496e+00
-1.138609523379501831e-01 2.046418328668065723e+00 -6.269110784544349890e+00
-1.248930323382393404e-01 2.026769503890604174e+00 -6.313881155512176768e+00
-1.364790887355730453e-01 2.006952134582768998e+00 -6.358224824107117534e+00
-1.484817526402754662e-01 1.985972519642633438e+00 -6.401860135417025255e+00
-1.606944242061546513e-01 1.964350634204482748e+00 -6.445154293409799173e+00
-1.731193044744539500e-01 1.942877993637913026e+00 -6.488475031425600115e+00
-1.857375806206029989e-01 1.921287176311221145e+00 -6.531706243883135699e+00
-2.015543354248203745e-01 1.910938825563295973e+00 -6.604597410977577354e+00
-5.736734066958013717e-02 2.090269578621180013e+00 -6.172086945600260499e+00
1.699680212587191541e-02 2.066861553950215313e+00 -6.230189207406704455e+00
7.505840173317264788e-03 2.052327050896827210e+00 -6.266648494803439995e+00
-6.317689155996519769e-04 2.038350512625191957e+00 -6.297279399752079954e+00
-7.754509806830860510e-03 2.026199701333654790e+00 -6.323906443165229874e+00
-1.364738658204810856e-02 2.016146900163617861e+00 -6.345935950584837393e+00
2.479638005709674728e-02 2.002976117554023716e+00 -6.374717183173254753e+00
6.545645257125509708e-02 1.990072392044471616e+00 -6.399923574572971674e+00
2.096087559662687672e-01 1.977845065256962132e+00 -6.407740454273096908e+00
-3.832423831591222352e-01 2.149082110711916016e+00 -5.944719250326157223e+00
1.509316432328529300e+00 1.856018937176928674e+00 -5.346075575836810145e+00
1.540670323543044118e+00 1.822115789547053222e+00 -5.365244471184818842e+00
1.573181486919669192e+00 1.788192420972661623e+00 -5.382383263497726666e+00
1.605163361594783566e+00 1.753225976593179247e+00 -5.397955746231691165e+00
1.636519889222025181e+00 1.716997659758467076e+00 -5.412288781515962377e+00
1.667784466197871351e+00 1.680986449352184664e+00 -5.426332038034670013e+00
1.697819556538252561e+00 1.644070292375109821e+00 -5.439717644486044001e+00
1.727133417792342973e+00 1.606386828822768731e+00 -5.452638863865347574e+00
1.517055882297149827e+00 1.850819644108515405e+00 -5.343132605224573339e+00
1.553233327729542035e+00 1.817319918581394189e+00 -5.351404191890536843e+00
1.591413961206880279e+00 1.785103274653871752e+00 -5.352854593248738801e+00
1.629172545877584533e+00 1.753434528972727113e+00 -5.345862744358000462e+00
1.666022183937506895e+00 1.724059773859137001e+00 -5.330916814238515045e+00
1.702225776162445747e+00 1.698300689404286468e+00 -5.308978413948652886e+00
1.737198808879374168e+00 1.675961343553124649e+00 -5.281833183015811173e+00
1.769727687108207714e+00 1.655576578829401679e+00 -5.250390310199105848e+00
1.799762603967949515e+00 1.637752501137309746e+00 -5.214994155047414814e+00
1.574162805121212205e+00 1.915775962534368437e+00 -5.057824927204181975e+00
1.609476679831764567e+00 1.898352378588769485e+00 -5.027327287729315586e+00
1.644466088452893882e+00 1.881423208763147947e+00 -4.996779778977842312e+00
1.677839239251627701e+00 1.863098126584328051e+00 -4.965481244880373346e+00
1.711058927516363681e+00 1.843097182379376031e+00 -4.935008382836534757e+00
1.746874755240309218e+00 1.817319290997811754e+00 -4.912638837922024493e+00
1.783693918772436771e+00 1.787477129840729484e+00 -4.897958426925631770e+00
1.820048131052527385e+00 1.754836348081126429e+00 -4.889442542598499308e+00
1.855066786998218475e+00 1.719991976422134972e+00 -4.885284026222890930e+00
1.567396505374005544e+00 1.924565848678590818e+00 -5.048392223591172012e+00
1.591208256838261281e+00 1.921245039479066996e+00 -5.004659231915036699e+00
1.609206926269270754e+00 1.924102617886221278e+00 -4.958315045718466152e+00
-2.194773855812857111e+00 1.480320570489083165e+00 -4.423546208431566207e+00
-2.221476838504123474e+00 1.454736759878968000e+00 -4.390413358700556046e+00
-2.246922521210996671e+00 1.428338469865675586e+00 -4.356895557927555451e+00
-2.272119896921116933e+00 1.401910330086894696e+00 -4.323120345342887028e+00
-2.196987801424824749e+00 1.471619633901701585e+00 -4.435308869987596658e+00
-2.225959355573664311e+00 1.433719929682121697e+00 -4.421727179148145837e+00
-2.296819538230213453e+00 1.393664830312865366e+00 -4.433340995106614280e+00
-2.290033866735665224e+00 1.346691501811325242e+00 -4.420808528544104554e+00
-6.495651261414698840e-01 1.957498207894694975e+00 -6.238570999277103901e+00
-6.440532062302950500e-01 1.938562806024920260e+00 -6.284481466042076470e+00
-6.383722070360473566e-01 1.919140725372481260e+00 -6.330175494953733661e+00
-6.326223430820464566e-01 1.899505828044291134e+00 -6.375765905866110472e+00
-6.538421172105886026e-01 1.897161619081072059e+00 -6.477595702629619367e+00
-6.263177931507510898e-01 1.854694072749700329e+00 -6.486846258386262498e+00
-6.638469960835891026e-01 1.953799801808375536e+00 -6.236350802551211103e+00
-6.810117966620579111e-01 1.930165046071205870e+00 -6.276909222246051634e+00
-7.055475038275302868e-01 1.905323459988527590e+00 -6.312536467096466097e+00
-7.352767170658960350e-01 1.878222606710772125e+00 -6.342030507569500486e+00
-7.716647135473825303e-01 1.846979631377188902e+00 -6.374275178008412368e+00
-8.074695575095250932e-01 1.822947156957757553e+00 -6.394961457475408118e+00
-4.751681382426619638e-01 2.086547527942661073e+00 -6.056915541085528432e+00
-4.741382440552238120e-01 2.071708012364362084e+00 -6.091202688986144587e+00
-4.730309285020132259e-01 2.055452350963228980e+00 -6.128751102801679451e+00
-3.618879908477625196e-01 2.058687819281104669e+00 -6.175035529508468457e+00
-3.611661981780557862e-01 2.042568015384798485e+00 -6.215002722232624954e+00
-3.602768083630251139e-01 2.025383269158334443e+00 -6.254424671378553846e+00
-3.592116278128724138e-01 2.006330569998137303e+00 -6.296764720999361131e+00
-3.499013863985656614e-01 1.987603651051022657e+00 -6.341513083469145329e+00
-3.501086910883365322e-01 1.967050567045482090e+00 -6.386419288123944327e+00
-4.749062166098622639e-01 2.082808957120300342e+00 -6.065554891313018615e+00
-4.736943479840394211e-01 2.065331314116066075e+00 -6.105936934720458176e+00
-4.724665006320247218e-01 2.047418318107780522e+00 -6.147317517280271204e+00
-3.614997384843491868e-01 2.049995280132888009e+00 -6.196587252941948343e+00
-3.607077031795294375e-01 2.032287188226118424e+00 -6.239065342535875303e+00
-3.596904920082771850e-01 2.013832483567060905e+00 -6.280070982445893790e+00
-2.767441908046761045e-01 2.009672145286727662e+00 -6.318552732977089192e+00
-2.724935595893558382e-01 1.994089122957814153e+00 -6.356397670540160583e+00
-2.682855433954704494e-01 1.978656824312155171e+00 -6.390267564770867104e+00
-1.467595862713385380e+00 1.702768560834487355e+00 -5.771762603256140878e+00
-1.517263241756592773e+00 1.673819327336863338e+00 -5.789158482578464771e+00
-1.461216588965381868e+00 1.702331596066761543e+00 -5.784825499685062766e+00
-1.493017426557448735e+00 1.672178533439527826e+00 -5.816677512813432038e+00
-2.074488564531004720e+00 2.286100828157252352e+00 -1.347176346256138801e+00
-2.043619362206351653e+00 2.309630794852270075e+00 -1.377761381183095324e+00
-2.082173436776814324e+00 2.278537318220015706e+00 -1.357237420940031303e+00
-2.064331758731142941e+00 2.289543694157215814e+00 -1.401788166672761404e+00
-2.052729938167310308e+00 2.294906814916678695e+00 -1.449347161328945921e+00
-2.044132395191270657e+00 2.297875014126110838e+00 -1.497979009812549167e+00
-2.037257367435266975e+00 2.299754262654742920e+00 -1.547078402072092906e+00
-2.031292460627492691e+00 2.300829024869075923e+00 -1.596425747717054699e+00
-2.032685425542834157e+00 2.295561299977074476e+00 -1.645818080757554203e+00
-2.035889137248346525e+00 2.287322594829228617e+00 -1.694451498852246329e+00
-2.218573092302237537e+00 2.117765363635730314e+00 -1.622266377043473762e+00
-2.217750944458057205e+00 2.114198874114865845e+00 -1.672078731185336675e+00
-2.216915454737820479e+00 2.110645394177347978e+00 -1.721902142652137258e+00
-2.215802743013797205e+00 2.106856461766151156e+00 -1.771710033913426185e+00
-2.213620686857940445e+00 2.102050852977677575e+00 -1.821381423185040926e+00
-2.214092150210014598e+00 2.094140933639703661e+00 -1.870671336793268358e+00
-2.220859105511370224e+00 2.079931937002235109e+00 -1.918038364780477956e+00
-2.230315463703914425e+00 2.063108187833524010e+00 -1.964077642824927583e+00
-2.242240354044518824e+00 2.043941382583150723e+00 -2.008519683589293336e+00
-2.208428102473654064e+00 2.128547546353488418e+00 -1.620665459761165828e+00
-2.192153769699057175e+00 2.141580680559176830e+00 -1.666049621901448230e+00
-2.169915121589931495e+00 2.159173886343331628e+00 -1.706838963285348232e+00
-2.142961824478154309e+00 2.180194390411657412e+00 -1.742507097073783040e+00
-2.114104922670439812e+00 2.203661911815091301e+00 -1.774595180121490312e+00
2.937258241939975090e+00 1.068332124764879376e+00 -4.023341816210905808e-01
2.944395531627466589e+00 1.047246548256683285e+00 -4.470890157199983728e-01
2.950567927483655595e+00 1.025825889451597472e+00 -4.918268858673923161e-01
2.953942999604977082e+00 1.012001374038858925e+00 -5.397311222108273077e-01
2.932011026795842579e+00 1.081541960406305902e+00 -4.069326316061293025e-01
2.930992210269252052e+00 1.081833030994694855e+00 -4.569359265611158682e-01
2.926374796563850911e+00 1.090275806530488723e+00 -5.059894931497517234e-01
2.919210547912954645e+00 1.106229741077458861e+00 -5.528357551761005073e-01
2.881802764352996427e+00 1.197129794491287313e+00 -6.028813255994052156e-01
2.882555724254499907e+00 1.193929821486324760e+00 -6.402012340053550021e-01
2.883286205633983190e+00 1.190878379441794088e+00 -6.749245882971594002e-01
2.883144808022322536e+00 1.187614888124066459e+00 -7.080708033158625847e-01
2.882839730783507637e+00 1.184316662151334798e+00 -7.406305664880644679e-01
1.010997002034205394e+00 1.793448865310192986e+00 -6.267975983497646730e+00
1.006160288071823894e+00 1.787463815332982264e+00 -6.270424051610811844e+00
1.268382022314485935e+00 1.869748540223810762e+00 -5.742244055408700198e+00
1.305328275159983065e+00 1.838731619943369200e+00 -5.754918679975263629e+00
1.341312384678820413e+00 1.806470539177356116e+00 -5.767039338028174811e+00
1.376747111119286160e+00 1.773511694010568851e+00 -5.778822668927791284e+00
1.411778420924785227e+00 1.739965270925987184e+00 -5.790348998842858030e+00
1.446734390667294923e+00 1.706473780793049011e+00 -5.801886341595001717e+00
1.480582791484111871e+00 1.671849586503398877e+00 -5.812858927416116650e+00
1.272730778394596918e+00 1.872775934050808999e+00 -5.728298005653424951e+00
1.314989170627908432e+00 1.848077228154626273e+00 -5.718711750159027218e+00
1.355533351702765232e+00 1.825627512079387449e+00 -5.700333958283001046e+00
1.394309019094603475e+00 1.807561141751980793e+00 -5.675018849405963017e+00
1.431449068102676359e+00 1.792151128284862560e+00 -5.645917772559185366e+00
1.465715825322591259e+00 1.779009558404946789e+00 -5.612508512214741785e+00
1.498005015551614028e+00 1.767557546366311572e+00 -5.576356004940956623e+00
1.578690059644207500e+00 1.725465454841595969e+00 -5.515188613093140013e+00
1.576839212219248054e+00 1.730964799873641047e+00 -5.506262005082930067e+00
2.142098431672208592e-01 1.963386534089015978e+00 -6.438837105462224208e+00
2.191318870113996564e-01 1.945817760006826491e+00 -6.473085896190729827e+00
2.244421505018193708e-01 1.926808329358969063e+00 -6.510146719947742078e+00
2.627502009622111889e-01 1.923281026923275849e+00 -6.595974270083139857e+00
2.819654738668456728e-01 1.882063922201397066e+00 -6.591308458117723035e+00
2.126334429405497550e-01 1.968418142339134258e+00 -6.428177475755592063e+00
2.149722063283001083e-01 1.960684269583961692e+00 -6.444103694862457488e+00
2.178174585558260434e-01 1.950521129339769733e+00 -6.463916325983307232e+00
2.197419826524924513e-01 1.943656173644443097e+00 -6.477298665912294418e+00
2.221659868658507619e-01 1.934985391668301746e+00 -6.494202811625397587e+00
2.242060792070955100e-01 1.927702678198857322e+00 -6.508399877589400973e+00
2.906970869026958004e-01 1.946264662056270245e+00 -6.592132805693061037e+00
3.356745935180860396e-01 1.925511039832378479e+00 -6.582794544922419000e+00
3.816371419100744733e-01 1.912483529871868537e+00 -6.570727832908692889e+00
1.831074392108439586e+00 1.617291717850894983e+00 -5.182119184008116441e+00
1.869872822748472663e+00 1.589166395095142903e+00 -5.147196536084851282e+00
1.872419623236800668e+00 1.598112650618478625e+00 -5.122276024881790235e+00
1.875059243865989878e+00 1.607402811195963510e+00 -5.096409837012219057e+00
1.877871537784900235e+00 1.617304788174737329e+00 -5.068843008937846228e+00
1.880290394519366526e+00 1.627406769885761939e+00 -5.039049135370430754e+00
1.881998286464284131e+00 1.635229315661952176e+00 -5.015340767532729060e+00
1.883083539681534857e+00 1.640190705152418271e+00 -5.000298290481313579e+00
1.883523966693114060e+00 1.642199204608779883e+00 -4.994205696685612317e+00
1.825410351003133202e+00 1.627959440619945131e+00 -5.173459518568729543e+00
1.872455216326854188e+00 1.598295028870007295e+00 -5.121807504349335183e+00
1.876567426403366268e+00 1.612776256134787367e+00 -5.081493749310372010e+00
1.880097337768185328e+00 1.626631563388574842e+00 -5.041464410774642246e+00
1.882944597026550593e+00 1.639690717448887058e+00 -5.001895952553577551e+00
1.885770951232303538e+00 1.652615861205408265e+00 -4.962710560993408571e+00
-3.777390964976464760e-01 1.927754524113551193e+00 -6.461281108111636584e+00
-3.577686238991262258e-01 1.924070178928751984e+00 -6.476421914311649708e+00
-3.373402617014811811e-01 1.920099568181446781e+00 -6.491224643512223835e+00
-3.501279423332185892e-01 1.910117920235956390e+00 -6.578373938239704621e+00
-3.529882989360164647e-01 1.882364001979756729e+00 -6.576568117987100948e+00
-3.882809702178960931e-01 1.929145960090387302e+00 -6.453188249187034486e+00
-3.837511095197265187e-01 1.928562790837037078e+00 -6.456634877770438763e+00
-3.844195114779201394e-01 1.928650978701043295e+00 -6.456121828524123529e+00
-3.905496044318622073e-01 1.929454969328818992e+00 -6.451426587530757928e+00
-4.032595985463213739e-01 1.931120721601663703e+00 -6.441694147394749770e+00
-4.221765639458648356e-01 1.933599569353093406e+00 -6.427209633101282904e+00
-4.786409010738097436e-01 1.913125014676911650e+00 -6.442549242913030660e+00
-4.955053074751728515e-01 1.917897753013558582e+00 -6.424214438709897834e+00
-5.144313572510584853e-01 1.923275412603168366e+00 -6.403593023392976313e+00
-2.261046262430962184e+00 2.018873012424992286e+00 -2.047152557250118576e+00
-2.251722052087781645e+00 2.027679063807719118e+00 -2.054624452455957151e+00
2.882647400478784760e+00 1.182245805780820502e+00 -7.610893552371928994e-01
2.866678210801628879e+00 1.217740036266548476e+00 -7.924699986046127576e-01
2.851188176918903139e+00 1.251837125758229252e+00 -8.255786635440057752e-01
2.835192336679278835e+00 1.284922144689818468e+00 -8.594518547890164228e-01
2.817558254279460606e+00 1.316694056807540036e+00 -8.936899098869393043e-01
2.800028877313076592e+00 1.348093004475011902e+00 -9.282128294835536586e-01
2.780549612506820534e+00 1.383839425207535001e+00 -9.567733729362588591e-01
2.759156290809352097e+00 1.424037903638609714e+00 -9.773656218792061701e-01
2.736706156210956919e+00 1.467115964175207621e+00 -9.887251854123459971e-01
2.882532181565490514e+00 1.180977132122438711e+00 -7.735713375522255131e-01
2.869725667819643000e+00 1.207549836656160114e+00 -8.139438900328747062e-01
2.859211514694133260e+00 1.227964426544463805e+00 -8.583554575088916394e-01
2.851656292704275675e+00 1.241501928678992339e+00 -9.058972202336647017e-01
2.846497294894953622e+00 1.247556790502041268e+00 -9.552356611837827804e-01
2.844175739545321768e+00 1.246477015952118794e+00 -1.005130692892939548e+00
2.844094163276416065e+00 1.240136066355982836e+00 -1.054704226604924244e+00
1.574257584452258385e+00 1.738464078204662089e+00 -5.494203643338207321e+00
1.576948568132002571e+00 1.730684842085688624e+00 -5.506686380951851589e+00
1.576836405153430043e+00 1.731005252597900279e+00 -5.506174878323114363e+00
1.576558117663350522e+00 1.731808422687600935e+00 -5.504886998872719595e+00
1.576163310340287227e+00 1.732954694964782050e+00 -5.503044269049994774e+00
1.575760639708522648e+00 1.734127242341715114e+00 -5.501156943350123285e+00
1.575343215209357384e+00 1.735339821762217127e+00 -5.499207180665967698e+00
1.574935817752960876e+00 1.736515702278228268e+00 -5.497321603980283022e+00
1.574535312795037445e+00 1.737669370414134606e+00 -5.495473241024661171e+00
1.574102955034766715e+00 1.738916267281712447e+00 -5.493474493190628749e+00
4.223223080877895885e-01 1.907338553772454093e+00 -6.559895120580259587e+00
4.656277741722582575e-01 1.900525334896237872e+00 -6.547852536495959441e+00
5.101517862304338902e-01 1.891775640621445209e+00 -6.532493571292081747e+00
5.550774921305242637e-01 1.883842109537561038e+00 -6.515230496471671628e+00
5.995908367779065884e-01 1.884882476539982088e+00 -6.498675368792938833e+00
6.444092944518181598e-01 1.883807293062333077e+00 -6.481057097830237090e+00
6.876111003119763643e-01 1.884325782212862288e+00 -6.461415690199606487e+00
7.281535093503477274e-01 1.888493369803184718e+00 -6.441057803266739157e+00
7.777558022429740259e-01 1.994402484231974526e+00 -6.424570411897683186e+00
4.254120889084626600e-01 1.897057770948465727e+00 -6.558575208455021510e+00
4.700652316488064253e-01 1.878417228163368424e+00 -6.545930600311662850e+00
-5.266293443568724753e-01 1.926914529426480671e+00 -6.389833382534549244e+00
-5.348493079594138777e-01 1.928684153458136263e+00 -6.380404329793817553e+00
2.714267968487905858e+00 1.511132226686705105e+00 -9.826632097913444719e-01
2.690434675751043780e+00 1.554229867537360033e+00 -9.765478616599984063e-01
2.664152825084653120e+00 1.595910551865032723e+00 -9.702565135781674455e-01
2.637915491254325229e+00 1.637529655038035381e+00 -9.638802666093427840e-01
2.611698662573814111e+00 1.679022596502340425e+00 -9.574647604200572371e-01
2.584824450512021254e+00 1.720793850288049986e+00 -9.589658012845982960e-01
2.558285390942359960e+00 1.761291881413562521e+00 -9.692339317047615754e-01
2.532940386443188974e+00 1.799195181395961685e+00 -9.880634551078003591e-01
2.507790388486270672e+00 1.831379578095254201e+00 -1.015465252049903899e+00
2.713816588963358090e+00 1.510434589359600954e+00 -9.975392056450742562e-01
2.690541888239809776e+00 1.550396788495953082e+00 -1.015384862323137849e+00
2.666650465372581547e+00 1.585314860477506027e+00 -1.041150974645589145e+00
2.645058597092148300e+00 1.616034074584603575e+00 -1.073315857553630348e+00
8.088013602464559915e-01 1.990056082448052210e+00 -6.406374075947566915e+00
8.430404753674982654e-01 1.984923236031358007e+00 -6.386288924976991410e+00
8.817815137383683277e-01 1.998709397729319548e+00 -6.364545406827422980e+00
9.217606920999066311e-01 2.010670083576477030e+00 -6.341993348134135289e+00
9.608403146684889595e-01 2.021625279926448027e+00 -6.316244577703730378e+00
9.977191144013567436e-01 2.046343318078002849e+00 -6.290272424857024092e+00
1.027838764079253675e+00 2.040843577173697021e+00 -6.270465002573692992e+00
1.054525030336920022e+00 2.035973073007064649e+00 -6.252915325280472558e+00
1.076784004327420607e+00 2.032206349478589580e+00 -6.235820397777031232e+00
8.009621897653295131e-01 1.991218641686126611e+00 -6.410972011574226137e+00
8.190428636686265529e-01 1.988608882955456680e+00 -6.400370683506195313e+00
8.421985596689280928e-01 1.985142935596715175e+00 -6.386787492503929187e+00
8.684587331940890609e-01 2.017189307827097711e+00 -6.372427347550356558e+00
8.879961376511369409e-01 2.055224563229404389e+00 -6.359808821548905478e+00
9.030222217112408023e-01 2.096582840154252558e+00 -6.348115891589181992e+00
9.142127645974794659e-01 2.138667453885310987e+00 -6.338075497722117646e+00
9.213134178563233689e-01 2.183065471844521710e+00 -6.329231186987175128e+00
9.222600197046717518e-01 2.229269423278177786e+00 -6.321697847476952958e+00
2.488252950958496079e+00 1.852614059364418031e+00 -1.055107138594193916e+00
2.468664843191539671e+00 1.873825122409813249e+00 -1.095001322142382438e+00
2.449088685742106364e+00 1.895008188325899123e+00 -1.135050059418668544e+00
2.482174604281556896e+00 1.861078210410688216e+00 -1.044991791574126250e+00
2.454112846352886734e+00 1.894365496900323631e+00 -1.067536486525919370e+00
1.102027431314436479e+00 2.027194104083259063e+00 -6.216412858782614848e+00
1.134357180719622438e+00 2.053398984474136935e+00 -6.190740148253805586e+00
1.167062209364841285e+00 2.077697604037137324e+00 -6.163285864689026283e+00
1.199686004014369534e+00 2.101027861027510379e+00 -6.134520764927485104e+00
1.242756983973494656e+00 2.169218213222915637e+00 -6.092189320989780832e+00
1.266512545718632587e+00 2.157977665766649178e+00 -6.071964685401407102e+00
1.325059673975578001e+00 2.190669054597648824e+00 -6.014316063750802854e+00
1.322277447910417791e+00 2.200665483086565288e+00 -6.015234880312386068e+00
1.319497210164793488e+00 2.210672553980268962e+00 -6.016149999147482497e+00
1.092325254253455613e+00 2.029104462456271296e+00 -6.223871840655286647e+00
1.109184270825275487e+00 2.072021385794014847e+00 -6.208708295164172775e+00
1.118965562992949359e+00 2.117961839303983407e+00 -6.198101992009706684e+00
1.125040062060725710e+00 2.165314065426997114e+00 -6.189588765692305650e+00
1.125394279701768863e+00 2.213512169942616126e+00 -6.182767644807364071e+00
1.154099587714617403e+00 2.309333372229255943e+00 -6.143790416283977152e+00
1.130075581121195771e+00 2.335022307077272430e+00 -6.156337950366043366e+00
1.103580658612255627e+00 2.362675991295184463e+00 -6.169088607629410248e+00
1.095095734297234058e+00 2.417616638718514732e+00 -6.160950961458731889e+00
9.135518136763117747e-01 2.275611518214933682e+00 -6.319912309101723302e+00
9.041711108298184918e-01 2.322538997120912274e+00 -6.317199101954193097e+00
8.931701234669617850e-01 2.369427253012598822e+00 -6.311859197452266201e+00
9.254714573638052055e-01 2.275371553555516346e+00 -6.312177862613697066e+00
9.354091308056889931e-01 2.319365594628060911e+00 -6.297749776717232351e+00
1.007648659044206640e+00 2.301502882541674566e+00 -6.253863051384649374e+00
1.351295350748321855e+00 2.229318260939746388e+00 -5.982926535836847748e+00
1.383006207255482956e+00 2.247977268163254383e+00 -5.949573864603345363e+00
1.413786489322293338e+00 2.266474188811481660e+00 -5.915183202660815098e+00
1.443340867025794116e+00 2.284698373752727107e+00 -5.879543953371881848e+00
1.477936467258945674e+00 2.307721321723423813e+00 -5.837337800314021052e+00
1.481333944930577573e+00 2.301231017759438391e+00 -5.835198135524810148e+00
1.484823647911900135e+00 2.294564476862986258e+00 -5.833000401909333554e+00
1.488498284895771961e+00 2.287545302561524441e+00 -5.830686051185399954e+00
1.492438910212740666e+00 2.280018641229812459e+00 -5.828204039926263569e+00
1.344952468457921935e+00 2.241588248171831221e+00 -5.986819896041820854e+00
1.365630992105608454e+00 2.278502600983613569e+00 -5.960971774911279830e+00
1.378910439662086818e+00 2.320293076256485509e+00 -5.937775301347230084e+00
1.385949674379340468e+00 2.365707072317472015e+00 -5.919010249266427159e+00
1.389437840145085756e+00 2.412374727205819358e+00 -5.903243048620448796e+00
1.387271041277495565e+00 2.459839553257129552e+00 -5.889273634801546642e+00
1.394371104388437921e+00 2.524807977693005689e+00 -5.859681826696301776e+00
1.372677711300071213e+00 2.554232944556217078e+00 -5.871870743032836515e+00
1.347938799958349865e+00 2.583826373093994100e+00 -5.882344358668290418e+00
1.067171500579992438e+00 2.455089824503795537e+00 -6.172412857660495966e+00
1.037210128404203457e+00 2.491442018796240720e+00 -6.180749383629352778e+00
1.014460922392077968e+00 2.535368419039278010e+00 -6.180814942642693488e+00
9.876078233739911116e-01 2.576607852570123480e+00 -6.184654258788445880e+00
1.070256159266488538e+00 2.450951365453094333e+00 -6.171146428632031444e+00
1.045300071666118935e+00 2.481779955850645258e+00 -6.178613524770715237e+00
1.022040725881738110e+00 2.509583028864575738e+00 -6.184745904451038001e+00
1.005064939279883607e+00 2.549910899110584328e+00 -6.182118385645689607e+00
1.494342511650128769e+00 2.276380519753419485e+00 -5.827005558972564003e+00
1.498044377214883482e+00 2.269311779368934801e+00 -5.824673498961448814e+00
1.505328774105778145e+00 2.255402033419330543e+00 -5.820084586683431205e+00
1.515336330160003353e+00 2.234829874083726242e+00 -5.812694607655011225e+00
1.527149364310405266e+00 2.208501395696675473e+00 -5.802476768319159817e+00
1.540968578253059329e+00 2.177692806194101660e+00 -5.790524806102932409e+00
1.552288685345916797e+00 2.136662706317313365e+00 -5.782671536471944762e+00
1.570949840498034211e+00 2.099920225763197035e+00 -5.765998150515798670e+00
1.588249182684594807e+00 2.061667433133816285e+00 -5.746860225850527470e+00
1.500163071321965358e+00 2.265266028012003829e+00 -5.823338808026927715e+00
1.507949898884128892e+00 2.250396928616248626e+00 -5.818433370511820968e+00
1.516031813448287968e+00 2.233280925713471365e+00 -5.812092894089153639e+00
1.524301356148171971e+00 2.214850174341893574e+00 -5.804940029066222529e+00
1.530549064497627842e+00 2.200924087319428235e+00 -5.799536175757037171e+00
1.539199783169340696e+00 2.181638730722979425e+00 -5.792054266666882612e+00
1.568345449812503345e+00 2.209127085163646420e+00 -5.754786903203226167e+00
1.600287625630744337e+00 2.214253182176086465e+00 -5.717204353432059349e+00
1.631355220255157112e+00 2.219167474272989438e+00 -5.679268898791050013e+00
1.324705582560695705e+00 2.611507471789394241e+00 -5.891991587125816388e+00
1.280983982599312565e+00 2.697794023105924310e+00 -5.894510672271419338e+00
1.291360079689444884e+00 2.710446766176499267e+00 -5.878528590366461692e+00
1.300781030831877239e+00 2.722172523027385882e+00 -5.862616751761671630e+00
1.310308069774188899e+00 2.734014799554560504e+00 -5.846534336033903045e+00
1.292693638409902590e+00 2.779515916451319235e+00 -5.837666799784678062e+00
1.275050045223196982e+00 2.824854629182381505e+00 -5.827742609477285285e+00
1.256776591983441715e+00 2.869601711350108442e+00 -5.816453207547375825e+00
1.238050794221188688e+00 2.914339669431468050e+00 -5.804346818898871163e+00
1.319791263396578485e+00 2.617361396306882693e+00 -5.894032726779195208e+00
1.275790478747841350e+00 2.691655677079288100e+00 -5.901967577307486224e+00
1.279507775470061670e+00 2.696075519431774037e+00 -5.896617803006865444e+00
1.281830729008395897e+00 2.698823910187637676e+00 -5.893281136119363772e+00
1.284989186219148927e+00 2.702560090881616972e+00 -5.888744706590065547e+00
1.288927796651280877e+00 2.707452667046772454e+00 -5.882618257439068188e+00
1.290831323567871447e+00 2.709833347077021504e+00 -5.879396877667891985e+00
1.292232185906191377e+00 2.711578142817356873e+00 -5.877030168678505362e+00
1.294503167241647823e+00 2.714405477430643199e+00 -5.873194092873483818e+00
1.606052150277937240e+00 2.020819275194925435e+00 -5.725971044371208407e+00
1.627433042613474656e+00 1.983477393028570734e+00 -5.700741631354950378e+00
1.647116982917161243e+00 1.945833813866840512e+00 -5.674739629635594085e+00
1.666530856209921474e+00 1.907932076139231325e+00 -5.648857002795720561e+00
1.685248646268840078e+00 1.869943220670392092e+00 -5.622544855597217506e+00
1.704879165060221524e+00 1.835460301702736885e+00 -5.592702865741753016e+00
1.726145773487354429e+00 1.805640166689628456e+00 -5.559483165568548380e+00
1.749482985364876564e+00 1.780815447444522137e+00 -5.524305613397385351e+00
1.774184882126830898e+00 1.760806398949642526e+00 -5.487565222329149783e+00
1.604409638253610382e+00 2.024591192171407705e+00 -5.727898252946213908e+00
1.632848837076418480e+00 2.001744085158485564e+00 -5.694014816661391976e+00
1.662324094764103588e+00 1.987828745285175058e+00 -5.656524478659404664e+00
1.692607095159646136e+00 1.982879915082388145e+00 -5.617471753734906592e+00
1.722832479005944384e+00 1.983062632863614505e+00 -5.578042306449044752e+00
1.752951954766462039e+00 1.988684646206962725e+00 -5.538876447319533547e+00
1.781830307449767226e+00 1.999445295030292336e+00 -5.499891792970326598e+00
1.809282845184913002e+00 2.014465410922743782e+00 -5.461192946406758786e+00
1.834562317398692466e+00 2.011566924264986067e+00 -5.425089070600689567e+00
1.661293817694860842e+00 2.224022136388516202e+00 -5.639749585990962544e+00
1.691269683324725603e+00 2.228793280638766472e+00 -5.600199043311435254e+00
1.721099537586731065e+00 2.233549269493481315e+00 -5.560520295288137405e+00
1.750388596757754600e+00 2.238271827841709083e+00 -5.520448635693656847e+00
1.803502593766123763e+00 2.277622151787755733e+00 -5.438467590087591397e+00
1.810460522068829459e+00 2.263996293854057207e+00 -5.431123613043897791e+00
1.834036282742646851e+00 2.285637759257067358e+00 -5.392948953999639805e+00
1.854128879461271806e+00 2.313682503609720165e+00 -5.357080967849369380e+00
1.870599303886291587e+00 2.346145121578839809e+00 -5.323084348739542726e+00
1.659987987150009170e+00 2.223816532942509916e+00 -5.641472066173228939e+00
1.686093889269544066e+00 2.243506003309478025e+00 -5.603911660044777143e+00
1.708540828223388042e+00 2.271153806601310166e+00 -5.569143960801186566e+00
1.726356002533686151e+00 2.305982631305297126e+00 -5.538080685639788392e+00
1.754557634358020701e+00 2.366504047631655894e+00 -5.484229279611599672e+00
1.744161603976901453e+00 2.384075608372830501e+00 -5.492860535813155032e+00
1.722591518417576406e+00 2.484844476186522488e+00 -5.490569394823349825e+00
1.735570740981107862e+00 2.496887317378146509e+00 -5.467185979109220106e+00
1.747186049192203772e+00 2.507628690707936148e+00 -5.446274845562913747e+00
1.224941372036367104e+00 2.959281727875048951e+00 -5.786886734638491347e+00
1.210333207836047142e+00 3.002704064820079566e+00 -5.767646962341690831e+00
1.195326387429756609e+00 3.045056827241975572e+00 -5.747611664050981339e+00
1.179901275722520682e+00 3.088073317520698691e+00 -5.727425290230252486e+00
1.163789877659430871e+00 3.130393679187770672e+00 -5.706444730347854488e+00
1.147226023827128571e+00 3.171980798752042752e+00 -5.684946801837706509e+00
1.130334299041156010e+00 3.213067382062578581e+00 -5.662942577865550220e+00
1.112825074260972213e+00 3.253567800709396440e+00 -5.640287299870461624e+00
1.094708708440726319e+00 3.293194712422373716e+00 -5.616580495371534809e+00
1.214330383526364354e+00 2.957740276844913474e+00 -5.797192953670646354e+00
1.184230667956801097e+00 2.997003721361934048e+00 -5.794480391099527061e+00
1.148979356862876111e+00 3.032034983957478058e+00 -5.797892607016805755e+00
1.110736605063876281e+00 3.062527369388792664e+00 -5.807325056131092289e+00
1.069923864181183015e+00 3.088544730238644842e+00 -5.818566668339534509e+00
1.028458194958143279e+00 3.110530621377293858e+00 -5.833464049539173857e+00
9.861845889427695022e-01 3.129106323430474124e+00 -5.850882741658858244e+00
9.423140264310837511e-01 3.143035446736595961e+00 -5.868853780404862164e+00
8.592942671362038265e-01 3.170826951481119149e+00 -5.900212740835428349e+00
1.801611126532469020e+00 1.754268142071073733e+00 -5.448476304496862710e+00
1.829004283572204237e+00 1.748265012717250322e+00 -5.408548380328171312e+00
1.855816615677832182e+00 1.742084839781682826e+00 -5.368118860425299843e+00
1.882119787124693522e+00 1.735789865116142972e+00 -5.327191875701442036e+00
1.909237507344635043e+00 1.736106568783821302e+00 -5.285929905542536389e+00
1.936105834506222090e+00 1.743029085679383750e+00 -5.245028500543797989e+00
1.962157563486491174e+00 1.756221445276902493e+00 -5.205123711055212432e+00
1.993656734013507847e+00 1.827608257665843672e+00 -5.168492318708350020e+00
2.014144537380415212e+00 1.825967975446316727e+00 -5.132643915529939704e+00
1.798313266026011270e+00 1.740238760015357933e+00 -5.450918115536350861e+00
1.817917968262205974e+00 1.711858194686487034e+00 -5.416383467267108287e+00
1.833646202021640859e+00 1.678038509956022661e+00 -5.385864872560491179e+00
1.844549619200274382e+00 1.639328554328414844e+00 -5.359666749951384368e+00
1.851116263293818509e+00 1.597955060330702892e+00 -5.335476591697790205e+00
1.855986528631151877e+00 1.555147916474285852e+00 -5.313336436123584861e+00
1.855524848150352790e+00 2.008932193947684297e+00 -5.395144132607136100e+00
1.878218180960987693e+00 2.005886428827413415e+00 -5.362135345100095485e+00
1.901285638895073182e+00 2.002790366681208134e+00 -5.325998474263370142e+00
1.927576371493506580e+00 1.968421916972062480e+00 -5.284536892708365130e+00
1.954051653155508550e+00 1.970823483927329312e+00 -5.243740127791340022e+00
1.978120213722832199e+00 1.972994608677338446e+00 -5.205362011702087344e+00
1.998867502233516058e+00 1.975017974223620243e+00 -5.170300823671475143e+00
2.039747318379490082e+00 2.045062859767526220e+00 -5.100084956790055024e+00
2.035883699145165426e+00 2.055298087245414074e+00 -5.106556171441104297e+00
1.860304282045147639e+00 2.008328499599794537e+00 -5.388316636381333069e+00
1.885791139803584704e+00 2.004864719654364524e+00 -5.350271943910627215e+00
1.910985472160273702e+00 2.001490191111771288e+00 -5.310802907776696280e+00
1.938342756653950838e+00 1.969405276868611665e+00 -5.267946820247368933e+00
1.965160689760338419e+00 1.971843220146248798e+00 -5.226622253669069629e+00
1.990457477517285412e+00 1.974194550078744115e+00 -5.184513103259280165e+00
2.028645828659817241e+00 2.003716102276309918e+00 -5.119668438323326853e+00
2.036941647914690900e+00 1.981413459944424860e+00 -5.105926506817930921e+00
2.047571571531797918e+00 1.952830049356537812e+00 -5.088318226219801232e+00
1.888193297810928817e+00 2.376156518588191879e+00 -5.287483642316083809e+00
1.905800682438870242e+00 2.406188886474002420e+00 -5.251856409382815727e+00
1.922833171340851743e+00 2.436086199710056910e+00 -5.215842221258172096e+00
1.938467165030007155e+00 2.465700156152842215e+00 -5.178913548023296620e+00
1.953821002186506561e+00 2.495190401455231743e+00 -5.141820020149873827e+00
1.969199619470718643e+00 2.524670279529265038e+00 -5.104689361650931012e+00
1.984000289232330516e+00 2.553930588634942378e+00 -5.067190685563356389e+00
1.997537074302791593e+00 2.582858510609950642e+00 -5.028897570918826609e+00
2.011016509591313284e+00 2.612057527885890629e+00 -4.990564397300549793e+00
1.880813473240610101e+00 2.386305075330660941e+00 -5.295500303633940753e+00
1.886505321707201643e+00 2.430572556134166895e+00 -5.273471093639128249e+00
1.885250439329604788e+00 2.477387305778971260e+00 -5.256834152387703796e+00
1.879046503596351059e+00 2.525491072873101039e+00 -5.246809573765323087e+00
1.870133600091324899e+00 2.573882294098690515e+00 -5.240741713147314407e+00
1.856113543506200392e+00 2.621334617678312995e+00 -5.237784582691637603e+00
1.822759941340702072e+00 2.737243385715959487e+00 -5.224438184160828058e+00
1.814526949475036011e+00 2.737704477657404656e+00 -5.236808470263570214e+00
1.804438683899606044e+00 2.738262750436677440e+00 -5.251970608155226650e+00
1.734269244878791749e+00 2.555343345857301163e+00 -5.443943192080107352e+00
1.720539414796832034e+00 2.602878000623535026e+00 -5.441052402124710419e+00
1.705644178478353146e+00 2.650011112625943799e+00 -5.437345040743455371e+00
1.689957745363370512e+00 2.696795548133089859e+00 -5.432889775383743292e+00
1.674219742558156199e+00 2.743684286107952452e+00 -5.428415651471834913e+00
1.652248815297267637e+00 2.788162627117029668e+00 -5.430846332618562755e+00
1.625598729079851923e+00 2.828967723375503507e+00 -5.438676243186733039e+00
1.596704836875593836e+00 2.866877090041628939e+00 -5.451211607728645880e+00
1.565067727378705253e+00 2.901585142206664969e+00 -5.466059388249811413e+00
1.743145027345758047e+00 2.554999170714482570e+00 -5.432157454359760607e+00
1.743902780694849275e+00 2.599906690466511350e+00 -5.411382949657675745e+00
1.748983451862268002e+00 2.640654071524092039e+00 -5.383851407327185257e+00
1.758004236235521933e+00 2.676710639649663381e+00 -5.351116489022937905e+00
1.070802791112891450e+00 3.332440055565967896e+00 -5.597609418851556384e+00
1.083800306978857320e+00 3.366082036629395535e+00 -5.552769752679603599e+00
1.069764977520505589e+00 3.402795336752175714e+00 -5.524337705247589270e+00
1.054940720778785757e+00 3.439324905130686005e+00 -5.495048238153232845e+00
9.763553268605799085e-01 3.503215875659222434e+00 -5.486612735715380218e+00
9.779789069859132766e-01 3.529519196105055823e+00 -5.452755427218987982e+00
9.795030257992694001e-01 3.555973864041446220e+00 -5.418783990083697155e+00
9.590196714095560182e-01 3.591226264344630881e+00 -5.390210743368814228e+00
9.385471375123890514e-01 3.625865768310205794e+00 -5.360897984880787170e+00
1.096212399673521576e+00 3.329941040142785358e+00 -5.578434317234421513e+00
1.083107784237375526e+00 3.368112408426333193e+00 -5.551323860780178698e+00
1.069040722918197739e+00 3.404595033159344197e+00 -5.522889736586143350e+00
1.054410855950052239e+00 3.440655415072581214e+00 -5.493973210790027650e+00
9.766359940146813745e-01 3.507252203794693379e+00 -5.481393847496111249e+00
9.784648217116058699e-01 3.536929476149545337e+00 -5.443195862396060569e+00
9.730592871710135316e-01 3.569660468313060164e+00 -5.406571646091116179e+00
9.660620167488868093e-01 3.602745596172435061e+00 -5.370395681470044202e+00
9.620827017015340932e-01 3.634231099147992250e+00 -5.332224291524424231e+00
8.161016167881149919e-01 3.172982126138992331e+00 -5.923888551527856094e+00
7.728554364414376154e-01 3.174671845248488111e+00 -5.947332413456358324e+00
7.290808304261794381e-01 3.175831113841815601e+00 -5.970248506192140425e+00
7.212230854999697183e-01 3.127196735227262714e+00 -6.014672222954814629e+00
6.865286738927746102e-01 3.114490989998633719e+00 -6.043640504639306243e+00
6.500529406356949647e-01 3.099650821393307165e+00 -6.070613335593958659e+00
6.070261949405600932e-01 3.093085660839753892e+00 -6.094207802674217689e+00
5.645879889722317246e-01 3.085393717201495356e+00 -6.118393911918526662e+00
5.220698417797617896e-01 3.076063348990416557e+00 -6.141851071619783831e+00
8.142959028677047018e-01 3.184620864167077681e+00 -5.914916821948831505e+00
7.702472342280839435e-01 3.204072572668649865e+00 -5.923659218335139087e+00
7.283394441893491500e-01 3.229282732903336228e+00 -5.925945341239534869e+00
6.882248024308357248e-01 3.256931883806793770e+00 -5.919949903750429954e+00
6.007807289997821876e-01 3.338338517694792618e+00 -5.885900044843066503e+00
5.960916487007339448e-01 3.336040026355652444e+00 -5.890516010036922268e+00
5.930046950948667517e-01 3.334265843955613651e+00 -5.893515443576452739e+00
5.906151111269868359e-01 3.332985022049615331e+00 -5.895605205804369753e+00
5.888528944876679772e-01 3.332044518098884467e+00 -5.897142552866547760e+00
2.030205740866438457e+00 1.824890372107408343e+00 -5.104532368934528108e+00
2.034926815694690916e+00 1.824561071448441041e+00 -5.096267659253439497e+00
2.056911329898658991e+00 1.771110489739414540e+00 -5.050021045671700293e+00
2.082063462463254577e+00 1.774450277903137030e+00 -5.007400675999634565e+00
2.105593664301780521e+00 1.778067755490238433e+00 -4.964135043157546612e+00
2.128556499172115757e+00 1.772146287506453977e+00 -4.920287178379773252e+00
2.151301563281609486e+00 1.764417998029271795e+00 -4.876534763167073905e+00
2.173636952893819085e+00 1.755662698582163284e+00 -4.832713257925146166e+00
2.195062800475490405e+00 1.746368577003589717e+00 -4.788522040054113305e+00
2.217956983278449368e+00 1.753974834889781009e+00 -4.744789356409120806e+00
2.056902912573567832e+00 1.924694266873734350e+00 -5.070082328950176631e+00
2.059068026262488083e+00 1.917617911207862846e+00 -5.065428937259942366e+00
2.020774282057631765e+00 2.646476117292587915e+00 -4.955765154387536064e+00
2.048973969283677921e+00 2.632291689933576873e+00 -4.913968993913595540e+00
2.068425084551581250e+00 2.645507532119159233e+00 -4.873203679462309701e+00
2.087266326540111017e+00 2.658719871887244235e+00 -4.830495048143119696e+00
2.105856493601760526e+00 2.672029431769394670e+00 -4.786819984523248195e+00
2.122590456539997561e+00 2.690321346406741476e+00 -4.743544191537711896e+00
2.139406121528125482e+00 2.707420870702587301e+00 -4.699725891704043867e+00
2.156473064013936902e+00 2.723360658775242804e+00 -4.655557417558174649e+00
2.173550660016771996e+00 2.738686484821034828e+00 -4.611166825860467000e+00
2.027796159872115922e+00 2.634991625932044279e+00 -4.949484670195549718e+00
2.053427297447178557e+00 2.635317796555173064e+00 -4.904635607109915973e+00
2.073975452039301448e+00 2.649278976670700558e+00 -4.861571153617659569e+00
2.092789221144836453e+00 2.662651922887579126e+00 -4.817533483693525298e+00
2.112694271951738312e+00 2.673326924688602890e+00 -4.772995454255021031e+00
2.133064770819177003e+00 2.682156381308328008e+00 -4.728311273818708749e+00
2.155535407183502006e+00 2.683150067093167390e+00 -4.683767058388327520e+00
2.180436458016297596e+00 2.672907025719992280e+00 -4.641676570085935261e+00
2.205603441656223573e+00 2.650957694163992517e+00 -4.604540223408058353e+00
1.799314697943987573e+00 2.738543117733780008e+00 -5.259241342957101217e+00
1.786597823582310562e+00 2.738871738179264437e+00 -5.276644555499667710e+00
1.793151437753764288e+00 2.738695620237153072e+00 -5.267679647407235599e+00
1.530332828586741467e+00 2.929089959637114493e+00 -5.487775094837640033e+00
1.461345243745724831e+00 2.954214327684504315e+00 -5.549733878269091925e+00
1.450384777828471750e+00 2.980148637049365501e+00 -5.541962288353417421e+00
1.409656936866951593e+00 3.004514945786068481e+00 -5.568283516202205519e+00
1.402921908484151103e+00 3.025537025751592779e+00 -5.559771858506055153e+00
1.395882852688131504e+00 3.047509409072921560e+00 -5.550874963595830991e+00
1.387773054690265573e+00 3.070462337329806779e+00 -5.540784712493572961e+00
1.378286727082838503e+00 3.094855727438084791e+00 -5.529260767597147463e+00
1.367302259114189678e+00 3.123098924972428581e+00 -5.515919150148989480e+00
1.533896972900762323e+00 2.938335306089464360e+00 -5.476784177079397686e+00
1.509549705677361908e+00 2.981395263883089619e+00 -5.474618222350184915e+00
1.485109923471119364e+00 3.024249086034909606e+00 -5.468279134833236022e+00
1.470233810405745523e+00 3.067650885655060833e+00 -5.449104474277878474e+00
1.439403804974755507e+00 3.143029966388638741e+00 -5.421417498639943489e+00
1.457585382776456440e+00 3.161032770186829044e+00 -5.383168877061559776e+00
1.446154642618885156e+00 3.227722974075454498e+00 -5.331494295753387291e+00
1.472079896816433031e+00 3.233339798058931791e+00 -5.296733399488742222e+00
1.497933652944304361e+00 3.238597893775863046e+00 -5.260755220023153989e+00
4.828260238130149262e-01 3.059103230486480918e+00 -6.166906589327227017e+00
4.434888594168998055e-01 3.041948494187871610e+00 -6.192135354333180075e+00
4.038320520296555527e-01 3.024029777756122250e+00 -6.216241900179088731e+00
3.639658967902499875e-01 3.005897550910876959e+00 -6.240131341858596414e+00
3.240117692399719362e-01 2.987110866989476143e+00 -6.263000043035755304e+00
2.836107027511475254e-01 2.967040667540136401e+00 -6.283968548280986610e+00
1.857189628349277255e-01 2.919165753718507617e+00 -6.331421709722098612e+00
1.863328586826613342e-01 2.918337894771499741e+00 -6.331811078844687302e+00
1.869068346098857192e-01 2.917497169373884702e+00 -6.332213315046870683e+00
4.763470933433722743e-01 3.070706440755857969e+00 -6.160432773384651561e+00
4.284037473825249576e-01 3.078109430511713818e+00 -6.170325513148210206e+00
3.827948121330559950e-01 3.097506827745243996e+00 -6.170470073290108992e+00
3.384724841583328092e-01 3.118796719503664772e+00 -6.163632405582475826e+00
2.981014927232640277e-01 3.144813342076567597e+00 -6.151492728989925496e+00
2.600835582984563077e-01 3.173320958695901250e+00 -6.136950165130352630e+00
2.239131233268079613e-01 3.202292311296254024e+00 -6.119052278427247415e+00
1.900928745292021771e-01 3.231916867685327155e+00 -6.097630796405393738e+00
1.579785086826123452e-01 3.262595939672406686e+00 -6.075116504918936400e+00
5.903238650664101028e-01 3.332859240361221165e+00 -5.895831710110688739e+00
5.908848761024700913e-01 3.333165611751049084e+00 -5.895335818651534332e+00
5.907732019442296645e-01 3.333105407549230126e+00 -5.895433803327742694e+00
5.899454383227440424e-01 3.332655086256775867e+00 -5.896163879769729554e+00
5.880046851608921044e-01 3.331598498309958689e+00 -5.897876319933065048e+00
5.828837349397166800e-01 3.328810143196876403e+00 -5.902395205370060793e+00
5.692779460110630740e-01 3.321402202111358282e+00 -5.914400999352044330e+00
5.469176219657448934e-01 3.309230007954296671e+00 -5.934129661011832368e+00
4.992581807242898462e-01 3.313229388604316483e+00 -5.948337228534924748e+00
5.820818421983614543e-01 3.328372191698497407e+00 -5.903104048974030960e+00
5.727101373600166356e-01 3.323268655133288618e+00 -5.911374534266091274e+00
5.672809329522424671e-01 3.320311140280252982e+00 -5.916166655943611907e+00
5.581708969177812119e-01 3.315349053848685834e+00 -5.924207192819281431e+00
5.488817290385546999e-01 3.310287792130797158e+00 -5.932407324342566568e+00
5.104776191920614714e-01 3.338988828746748183e+00 -5.919807070167998120e+00
4.816689767663754895e-01 3.372556182973967864e+00 -5.897123751775605882e+00
4.577041182077535297e-01 3.407184243044776739e+00 -5.870993034241091202e+00
4.356262311788848818e-01 3.441381964695758633e+00 -5.842467843357531443e+00
2.239817158615523773e+00 1.771507963337537017e+00 -4.703619350606707883e+00
2.261179844789327653e+00 1.788993425814823013e+00 -4.662019013564519199e+00
2.282814353712760091e+00 1.806697905044114538e+00 -4.620536361309904194e+00
2.304420194367473584e+00 1.824384038225045357e+00 -4.579064965843742563e+00
2.325383251809674423e+00 1.842051541586597674e+00 -4.537300159835536917e+00
2.345088490969561956e+00 1.859731486024478908e+00 -4.494966866194532784e+00
2.364535647881982339e+00 1.878035311486722758e+00 -4.452414042615428613e+00
2.383974254715607977e+00 1.896222791282637044e+00 -4.409867897569520245e+00
2.400834238597591597e+00 1.924505749582447134e+00 -4.372206492627548791e+00
2.237448870657563038e+00 1.784415795191242271e+00 -4.710587680944394506e+00
2.251630614573242539e+00 1.825696960749447539e+00 -4.686899492105850662e+00
2.265869833626926955e+00 1.875929788389220532e+00 -4.665095439596566251e+00
2.264759379953562135e+00 1.923564413797978601e+00 -4.674275063664468099e+00
2.261947858664814515e+00 1.972185498529008818e+00 -4.682888933344060867e+00
2.257175763645491884e+00 2.021166864146341169e+00 -4.690552203874651660e+00
2.251622803385255445e+00 2.070037730541252063e+00 -4.699831868404830360e+00
2.245534521897824209e+00 2.118496421335206215e+00 -4.710234656377390472e+00
2.237561467292869644e+00 2.166482343143410816e+00 -4.720810444889236734e+00
2.187318079926861003e+00 2.760279044228312273e+00 -4.568235161091096508e+00
2.200823699681702994e+00 2.781691788962865175e+00 -4.525147691345101642e+00
2.213571033401524613e+00 2.802844523040702640e+00 -4.481706372507505698e+00
2.203713092364012915e+00 2.895622634313834265e+00 -4.429654397570985225e+00
2.221130695928547283e+00 2.896333726696380229e+00 -4.389918192943873088e+00
2.229990730593673920e+00 2.921503044033802787e+00 -4.347658192231974361e+00
2.238431148458400077e+00 2.947366925038052088e+00 -4.305723003818068939e+00
2.246271503603160635e+00 2.973507716231674980e+00 -4.263854602209215194e+00
2.253037835757844221e+00 2.999531946687548523e+00 -4.221728623430079708e+00
2.193132325327252552e+00 2.746594813335396790e+00 -4.565896198333824429e+00
2.217064480707642282e+00 2.738372377108571509e+00 -4.522762066917154655e+00
2.242174147365876724e+00 2.715924429704937637e+00 -4.485894008783457565e+00
2.265884715166804675e+00 2.688079890108781012e+00 -4.451882021258174227e+00
2.288847370166557482e+00 2.654308731070349481e+00 -4.423133245380392431e+00
2.311077784861270246e+00 2.617708463290250087e+00 -4.397398750624538444e+00
2.331047445786317507e+00 2.579167655294640316e+00 -4.372627695478760401e+00
2.351972572900322689e+00 2.544204996195345458e+00 -4.343666641361284775e+00
2.373641224702570440e+00 2.513767696357414927e+00 -4.310457325941247753e+00
2.229561392832136946e+00 2.624881277633432486e+00 -4.569298774220149184e+00
2.259361524114990250e+00 2.570479634018060455e+00 -4.537296033387914207e+00
2.277352446138419584e+00 2.569943266088123401e+00 -4.500572978453768691e+00
2.227600346284196231e+00 2.613922873694753513e+00 -4.579235974417286137e+00
2.244933803285255713e+00 2.570886056877764059e+00 -4.566758658989263253e+00
2.254310013866831497e+00 2.522262565342442198e+00 -4.572471936977390072e+00
2.258790359282643490e+00 2.474122350329583053e+00 -4.584779519648101598e+00
2.265355543907043856e+00 2.397323742097025256e+00 -4.601728491650882269e+00
2.266572143410087392e+00 2.349850680463027697e+00 -4.616864679734611343e+00
2.270412797804524985e+00 2.301020723028682546e+00 -4.624360034533779640e+00
2.278819696962573360e+00 2.253189399658249936e+00 -4.617442649454460479e+00
2.321333897697067439e+00 2.199391099617658440e+00 -4.538752083231803347e+00
1.333135016098232484e+00 3.159093667145766560e+00 -5.520405594247901782e+00
1.298610196106662729e+00 3.194779477684742020e+00 -5.524519985700159452e+00
1.262184811075201862e+00 3.228753471042120182e+00 -5.526756537796295277e+00
1.246821210368664890e+00 3.260013199210918255e+00 -5.511108969045485750e+00
1.233458830866427602e+00 3.294896557966253248e+00 -5.490039225930711808e+00
1.218107078872099791e+00 3.334971458616556195e+00 -5.465834436495541127e+00
1.201598141945707354e+00 3.371723563135212043e+00 -5.440554749999495066e+00
1.187649349520710773e+00 3.402346620114744091e+00 -5.419405732519285479e+00
1.235592132928813536e+00 3.398454257827892011e+00 -5.378686192411504585e+00
1.340203157527519950e+00 3.164227165069376291e+00 -5.508321858448945285e+00
1.323091437212451149e+00 3.206434781569457382e+00 -5.488167250915727990e+00
1.316699806135149142e+00 3.244874045789298833e+00 -5.457099992138069844e+00
1.316776515693915517e+00 3.280123052302553521e+00 -5.421684022069022113e+00
1.329389317570349727e+00 3.306969236663920064e+00 -5.381537247463883844e+00
1.355552321518276093e+00 3.319040148251053868e+00 -5.340903602938521288e+00
1.367135565445019463e+00 3.344870276737991421e+00 -5.300117147038161391e+00
1.367202747060932477e+00 3.378285047833120114e+00 -5.263252610118922092e+00
1.373895679202806086e+00 3.406941141030483067e+00 -5.223082377732964687e+00
1.524816204833400857e+00 3.243367209189337519e+00 -5.221103379838383240e+00
1.547439610352795869e+00 3.256316330357679867e+00 -5.178520972728470007e+00
1.570770444013152245e+00 3.268131373536576234e+00 -5.135933228031601239e+00
1.594212141554664841e+00 3.279240406553455056e+00 -5.093196059738938963e+00
1.617726223701179356e+00 3.289815397600349467e+00 -5.050397585032032843e+00
1.640876855508246468e+00 3.299858330862445843e+00 -5.007272219462667984e+00
1.663852260362545188e+00 3.309587397927806762e+00 -4.963974438693917079e+00
1.686580296786853284e+00 3.319134140151025480e+00 -4.920513445360237270e+00
1.708864289188849250e+00 3.328294021677068226e+00 -4.876733563834114271e+00
1.521451318259028795e+00 3.242770264915804113e+00 -5.226066565617260018e+00
1.526503389585048387e+00 3.273941398334097919e+00 -5.187400083227957204e+00
1.518136073718165280e+00 3.312986478872592233e+00 -5.157379280498955332e+00
1.504249368202462245e+00 3.352293866818957024e+00 -5.130178995135169728e+00
1.484311709122813738e+00 3.391955640527942961e+00 -5.108675800148767543e+00
1.463217565283595478e+00 3.432082237861161289e+00 -5.087885524480959987e+00
1.453887424437712461e+00 3.468693879142209724e+00 -5.055348117240247241e+00
1.452286219883750285e+00 3.500661348862237343e+00 -5.017034592931576498e+00
1.455491426366708252e+00 3.529292970769769777e+00 -4.976263700845839466e+00
1.845104842607760975e-01 2.920879731001047031e+00 -6.330606955791499679e+00
1.791672484193084225e-01 2.928469335241022264e+00 -6.326998071189524175e+00
1.663155160077720296e-01 2.945806473621755739e+00 -6.317344681095829806e+00
1.472027772805580004e-01 2.970682179683043156e+00 -6.301860916585632744e+00
1.016833659177583948e-01 2.989229366210040428e+00 -6.293030891843234720e+00
5.828613420962745761e-02 3.010985272246795574e+00 -6.281379934490835204e+00
1.614416691315885555e-02 3.033239395771295310e+00 -6.266920013636971376e+00
-2.528400254099033920e-02 3.055154068574283510e+00 -6.249965631230831598e+00
-4.424967545731591650e-02 3.089152088812392449e+00 -6.224885307789263855e+00
1.931009417162994624e-01 2.908667622833422506e+00 -6.336414838389488935e+00
2.063520265687132926e-01 2.889841988428495156e+00 -6.345366847148290468e+00
2.071522988857772141e-01 2.820846720170501420e+00 -6.384757427643507732e+00
1.871774148360203782e-01 2.815715569478706382e+00 -6.390447566089227038e+00
1.683834335594646126e-01 2.810904278453381533e+00 -6.395791855293682993e+00
1.486039129700238992e-01 2.805839642559611491e+00 -6.401416992527689587e+00
1.265955013878155011e-01 2.800136074761946148e+00 -6.407464665849683882e+00
1.014331671009743863e-01 2.792476861646859376e+00 -6.412144974549363496e+00
7.292245942798393499e-02 2.783775955727386009e+00 -6.417459203233624621e+00
1.214611872118163821e-01 3.290232274373281030e+00 -6.055473956945228942e+00
8.471841235345968502e-02 3.315513075843330881e+00 -6.033198559015741758e+00
4.800422150553946415e-02 3.340704558250681355e+00 -6.010818746246846977e+00
1.123171517770878494e-02 3.365920501237167350e+00 -5.988417783697067343e+00
-2.549873336374506097e-02 3.389691898658074631e+00 -5.964540687676876729e+00
-6.209215727387173978e-02 3.412431822817333149e+00 -5.939526943874363418e+00
-9.876094731064762045e-02 3.435190252353592655e+00 -5.914489897418500952e+00
-1.353610345550869676e-01 3.457586022240356716e+00 -5.889141727005893223e+00
-1.717729385729151459e-01 3.478005699197039835e+00 -5.861803548630642346e+00
1.330321828039970067e-01 3.296586188063498568e+00 -6.048589128708809604e+00
1.228679120100428096e-01 3.332005396381686246e+00 -6.015059151302913243e+00
1.286640119153507622e-01 3.367144435456075779e+00 -5.980271665902717082e+00
1.403034744796979871e-01 3.401443793975492458e+00 -5.945941364275116214e+00
1.594469329951681558e-01 3.432697911965605808e+00 -5.912042337366784750e+00
1.819201351381816711e-01 3.461574658694899220e+00 -5.878350620539966265e+00
1.932530558613738125e-01 3.491255459531879435e+00 -5.845023854570439603e+00
1.993377661550023439e-01 3.524555809153830932e+00 -5.808647051971976616e+00
2.047664299129995646e-01 3.554270577186760871e+00 -5.772610559991828261e+00
4.080830430689435517e-01 3.473321369671610981e+00 -5.815958547438855319e+00
3.802716970426601173e-01 3.505278426917788348e+00 -5.789507549560266142e+00
3.524628120249457819e-01 3.537092965873134709e+00 -5.762863344624442163e+00
3.308728021908484696e-01 3.568319275687727110e+00 -5.730625012381568517e+00
2.360588381592281237e-01 3.618359874574637480e+00 -5.692391775415564403e+00
2.422402824675978505e-01 3.648495064525905551e+00 -5.653559201154612524e+00
2.481769665106463296e-01 3.678258872866862372e+00 -5.614049544655085100e+00
2.847242081792590307e-01 3.712406460923649565e+00 -5.563019665008848591e+00
2.694638810269189277e-01 3.737834925742346215e+00 -5.532547333168160719e+00
4.212155929089604900e-01 3.475855778362153092e+00 -5.809437115906299631e+00
4.226240610703332901e-01 3.508957017585279115e+00 -5.772228864037867169e+00
4.396138208109225953e-01 3.537414596156822189e+00 -5.734618496371775009e+00
4.616944592129883507e-01 3.562849506182919512e+00 -5.697656378421662282e+00
4.900457514150155514e-01 3.584017598868817878e+00 -5.662524766563088896e+00
5.242910285524120528e-01 3.600247408282169825e+00 -5.630093738022770467e+00
5.613286223468499925e-01 3.613118383417383672e+00 -5.599297210170025352e+00
5.996384425579476263e-01 3.623283682061806399e+00 -5.569006511007840388e+00
6.390201983361821769e-01 3.631828266043406916e+00 -5.539162236029581798e+00
2.413807882904443591e+00 1.964200633741655766e+00 -4.344496334339039478e+00
2.426316257670910748e+00 2.003673605015194426e+00 -4.316660566896568518e+00
2.437286169063547447e+00 2.043110623191268349e+00 -4.288197672586590237e+00
2.447259994566793218e+00 2.082560329885407846e+00 -4.259293834887137642e+00
2.457322726396133472e+00 2.122059271646711931e+00 -4.230373275974496750e+00
2.467383441928105103e+00 2.161573630036353943e+00 -4.201460613314102588e+00
2.476007190244627676e+00 2.200929983071245655e+00 -4.172043178255727014e+00
2.485578874113439696e+00 2.237464293156495199e+00 -4.139346867563119758e+00
2.500439045320640208e+00 2.257778805724839355e+00 -4.096224607671361539e+00
2.417405124344848222e+00 1.953479235056184704e+00 -4.334808877367200886e+00
2.436169308626841890e+00 1.968004152876651647e+00 -4.290774890633977101e+00
2.454932906911493351e+00 1.967109229236192913e+00 -4.244478700168358820e+00
2.473154011366475835e+00 1.959741706186667987e+00 -4.198559508747313096e+00
2.490450947695632244e+00 1.945098571472928528e+00 -4.154187751073712853e+00
2.507797970023380341e+00 1.944588008084469521e+00 -4.111135846207026212e+00
2.523831581920997102e+00 1.944117105128965184e+00 -4.069597454793960623e+00
2.538784219707348466e+00 1.943672914411904484e+00 -4.028459085785550009e+00
2.552896138071543586e+00 1.916995696410075389e+00 -3.988606696014937558e+00
2.224280053368612009e+00 2.211368691783765605e+00 -4.737976689777009476e+00
2.210954604075031860e+00 2.299945112504182099e+00 -4.745898700394675984e+00
2.194480757178734365e+00 2.306775118540326908e+00 -4.777625419723809941e+00
2.178501230063977445e+00 2.313113653334067710e+00 -4.807668987398773908e+00
2.161551958657328409e+00 2.319431174720459676e+00 -4.837616441437265991e+00
2.139349428596056146e+00 2.371035646863236757e+00 -4.862293479035012744e+00
2.129814585909869162e+00 2.366416417480982748e+00 -4.882349297098272700e+00
2.118357098695214269e+00 2.360810760578638146e+00 -4.906469161746141339e+00
2.102986464889161855e+00 2.353441660984466832e+00 -4.937930147931853142e+00
2.230249052344318805e+00 2.215653232592098121e+00 -4.725037195020505010e+00
2.230262894937619755e+00 2.264432463744125990e+00 -4.714589237751483530e+00
2.263321717866337401e+00 3.019721173155974547e+00 -4.177154565387203533e+00
2.273622681643884036e+00 3.039857049805492650e+00 -4.132567827019818729e+00
2.283161887930829081e+00 3.059611784876643537e+00 -4.087668597915886437e+00
2.269973710848026016e+00 3.128973033044030405e+00 -4.038623124032687528e+00
2.286279670693875055e+00 3.132913734931127347e+00 -3.996154184292215472e+00
2.301621326953254609e+00 3.136447789872434555e+00 -3.953773591125143039e+00
2.294392748791138192e+00 3.186641555817020688e+00 -3.907158923609423962e+00
2.309691011633466129e+00 3.190532296906906762e+00 -3.864873095425924721e+00
2.324161946735805007e+00 3.193990495019310316e+00 -3.822246592405455612e+00
2.255908815245926569e+00 3.031190227902214485e+00 -4.183145065790827566e+00
2.249692976726775928e+00 3.071338237189964904e+00 -4.154153388214691489e+00
2.234285246210786724e+00 3.115684281726944338e+00 -4.137138958101591157e+00
2.182646195435753000e+00 3.223597128967327308e+00 -4.127212543189592964e+00
2.182822651287950944e+00 3.223669981499561743e+00 -4.126742279425316795e+00
2.180076826140037394e+00 3.222116293114901442e+00 -4.134580620437963816e+00
2.175089646906120500e+00 3.219272397082091786e+00 -4.148844445404783698e+00
2.168254282605341920e+00 3.215364383589726760e+00 -4.168406911006030668e+00
2.138242821056495213e+00 3.247984660613680852e+00 -4.192603374951914041e+00
2.394628822300504556e+00 2.492556430585153748e+00 -4.270426150291769751e+00
2.430859877959163029e+00 2.385863082058261142e+00 -4.232650447820465622e+00
2.445150534369016526e+00 2.387446053393800227e+00 -4.194944479376659707e+00
2.461858799639753403e+00 2.389270356105547499e+00 -4.150678959096376630e+00
2.478829509166286638e+00 2.394616291795796048e+00 -4.104333991110061142e+00
2.491412391753035749e+00 2.417814710935265676e+00 -4.062292160823734122e+00
2.499637502824274993e+00 2.450903890546314745e+00 -4.026117588607713849e+00
2.504377234001378127e+00 2.488790214113498767e+00 -3.994081795759936160e+00
2.507492555650995936e+00 2.529103360099227871e+00 -3.964942251043843680e+00
2.393485103407849035e+00 2.480418532426953426e+00 -4.279050045709976935e+00
2.418884939807933510e+00 2.384521905608193215e+00 -4.261071014471826679e+00
2.419950136346311176e+00 2.384653759020508357e+00 -4.258538185462235504e+00
2.413726138897989149e+00 2.383947667095546841e+00 -4.273313246868643667e+00
2.402006950174452982e+00 2.382616766641347361e+00 -4.301133796448039170e+00
2.391582168019119159e+00 2.350270532912379640e+00 -4.337694165638274590e+00
2.379164171508449055e+00 2.322377345227034429e+00 -4.377212474067870396e+00
2.365006615215301977e+00 2.296756736283237732e+00 -4.417687929385326839e+00
2.349123029222646597e+00 2.274133379100313324e+00 -4.459131288946095673e+00
2.319913534920878373e+00 2.175710907257213389e+00 -4.544610789277934160e+00
2.317852798900175149e+00 2.141324321931988184e+00 -4.553114461945164670e+00
2.327235949444424801e+00 2.035456785824650172e+00 -4.545332167815073099e+00
2.337468652916091738e+00 2.033639250970679324e+00 -4.521981753688274708e+00
2.347528124565669394e+00 2.031920488687722681e+00 -4.498893498052441764e+00
2.356763091022623158e+00 1.987808474049429508e+00 -4.478785305140192463e+00
2.320701407643662950e+00 2.188846671264419008e+00 -4.541360927784674040e+00
2.319921064616349060e+00 2.175839100452676700e+00 -4.544579416914842795e+00
2.319155149687372131e+00 2.163069513358245377e+00 -4.547738695420425969e+00
2.317884474389773519e+00 2.141878672448691123e+00 -4.552980706585803006e+00
2.335785815931261222e+00 2.033929736822199796e+00 -4.525844031275614299e+00
2.350169294483782867e+00 2.031346154105849955e+00 -4.492836922930875332e+00
2.366027013673745572e+00 2.001851721381456617e+00 -4.457610345032795074e+00
1.253850084367518436e+00 3.419622724320379170e+00 -5.337835692629634643e+00
1.271267585454400884e+00 3.440094736381355656e+00 -5.296189052510976047e+00
1.288469336901526763e+00 3.460010534790865400e+00 -5.253937022089274045e+00
1.291697238164981831e+00 3.490362023144545134e+00 -5.214665652033561472e+00
1.282189314730237673e+00 3.525577036220153726e+00 -5.180856776196518965e+00
1.265473305192485354e+00 3.561709320555832115e+00 -5.150859754936642609e+00
1.245319653028341245e+00 3.598290324173895272e+00 -5.123623205748869758e+00
1.220061120767924168e+00 3.635088213582419847e+00 -5.101330504682738187e+00
1.186463888383008092e+00 3.669187779644740299e+00 -5.087442129736420071e+00
1.252430259147445435e+00 3.417972345334567841e+00 -5.341017141658086054e+00
1.267923052152999830e+00 3.436286823224375286e+00 -5.304328368942567984e+00
1.281059191239385608e+00 3.451651696353703613e+00 -5.271878661643577324e+00
1.292229817158561778e+00 3.464675965871083285e+00 -5.244333293423651732e+00
1.388915449922022427e+00 3.428295992041433315e+00 -5.180605439495381326e+00
1.377144623672070800e+00 3.436990444577638470e+00 -5.183411408295380163e+00
1.367426349461590807e+00 3.473290125652985783e+00 -5.150711749596879052e+00
1.726287871021255693e+00 3.343109965335701705e+00 -4.832316609734563784e+00
1.743274758393727808e+00 3.357738943892228267e+00 -4.787625054386367651e+00
1.760258379806880713e+00 3.372380771674723388e+00 -4.742923055968836010e+00
1.777016255947518664e+00 3.386867651316914696e+00 -4.698103235014850831e+00
1.793608813871297114e+00 3.401058701289014774e+00 -4.653153778124798912e+00
1.809748159904721820e+00 3.414904490831160988e+00 -4.607919997177021720e+00
1.825717586864869402e+00 3.428611816791443445e+00 -4.562594006209664599e+00
1.841658236909859081e+00 3.442222161408160286e+00 -4.517151737123525024e+00
1.857556982465714546e+00 3.455837923441981818e+00 -4.471749787477422799e+00
1.734631827364025769e+00 3.330845959800982303e+00 -4.834003632978335574e+00
1.766534256662285252e+00 3.319542705374358693e+00 -4.797200694023818990e+00
1.801462752009993729e+00 3.296413551904711969e+00 -4.769977106780237897e+00
1.835443767487751288e+00 3.268161445388593211e+00 -4.746818252845915964e+00
1.867818183756705830e+00 3.234404047852196484e+00 -4.729317790907794361e+00
1.899525065373846466e+00 3.198447127551085067e+00 -4.715322523743621375e+00
1.929655302119962279e+00 3.160519327714513160e+00 -4.703401913314610105e+00
1.991056257240445548e+00 3.052291549764818424e+00 -4.704471962405041729e+00
2.000931021780506303e+00 3.054144096438208500e+00 -4.685686508270372919e+00
1.467250810508810011e+00 3.551125239319339766e+00 -4.932950124454801966e+00
1.478246944924445305e+00 3.572194213821366926e+00 -4.889012669646467302e+00
1.489299773242081404e+00 3.593221253377848701e+00 -4.845056571062353434e+00
1.500152401636007271e+00 3.614064169273686566e+00 -4.800950408166094086e+00
1.497422957833483892e+00 3.651813919162480104e+00 -4.749974403192141814e+00
1.521027568162662158e+00 3.655780728406954783e+00 -4.712810939476354655e+00
1.543781281123020044e+00 3.658723810127462617e+00 -4.674885799690162713e+00
1.545340224301968046e+00 3.686960565219119967e+00 -4.629622397561252711e+00
1.559608738882666268e+00 3.699180681158853901e+00 -4.590423923509336035e+00
1.455333128521110631e+00 3.559270728406054296e+00 -4.936333419664141076e+00
1.441968393005288673e+00 3.594456742946798844e+00 -4.903613675322802123e+00
1.380133852468023781e+00 3.643118208450032647e+00 -4.911341742107715014e+00
1.367128618195392997e+00 3.674679851043626932e+00 -4.883227488000430938e+00
1.353905970887954169e+00 3.702506721200407025e+00 -4.855982039296693920e+00
1.341300563292780135e+00 3.728741980745748030e+00 -4.830318232376861864e+00
1.301307777133820398e+00 3.758606737852163704e+00 -4.830995193877735794e+00
1.260124366342264546e+00 3.786354648983270010e+00 -4.836185860491098332e+00
1.219018342626726925e+00 3.814555085748526864e+00 -4.834741346744609203e+00
-6.377079673481678146e-02 3.114092334713108201e+00 -6.206335581146940505e+00
-8.639320993101928803e-02 3.142157595537870662e+00 -6.183667008774870411e+00
-1.107510901936983455e-01 3.171069093915087844e+00 -6.157327533504873607e+00
-1.701588217589805607e-01 3.229567648787631473e+00 -6.103032936810006248e+00
-1.842980231049697049e-01 3.223850560284406530e+00 -6.106857692476014954e+00
-1.971509567785546257e-01 3.218656139446537612e+00 -6.110332206713369629e+00
-2.095930655986916746e-01 3.213079986488403872e+00 -6.113094981851047827e+00
-2.225097931776711113e-01 3.206941016715182169e+00 -6.115622210088179855e+00
-2.365104979882654002e-01 3.200285646698924680e+00 -6.118362510781294894e+00
-6.821978710753177910e-02 3.119780558776934054e+00 -6.202104957268264940e+00
-9.296272346717888990e-02 3.149957398993655122e+00 -6.176561231803168184e+00
-1.183800206951349104e-01 3.180124821685759606e+00 -6.149077460052956745e+00
-1.679629525138842394e-01 3.230454037576223847e+00 -6.102440272964448020e+00
-1.772969743512175234e-01 3.226678143144589672e+00 -6.104966751821969240e+00
-1.866055988504546348e-01 3.222915324511405277e+00 -6.107483856434757996e+00
-1.952191851417359181e-01 3.219433000090089703e+00 -6.109813429739224588e+00
-2.043318573227128898e-01 3.215593006444481539e+00 -6.112055443634850427e+00
-2.133706185904683805e-01 3.211300344412504337e+00 -6.113821316613355705e+00
4.667990219535066154e-02 2.775768303046819874e+00 -6.422350138885946080e+00
2.166983396958994251e-02 2.737042687298508081e+00 -6.442378424827887251e+00
-6.017629177172309843e-03 2.699589964077350857e+00 -6.460275390937260553e+00
-3.502206354593312421e-02 2.662337272612822492e+00 -6.476619861405519707e+00
-6.462478703356455689e-02 2.625490304741014747e+00 -6.492777262859787513e+00
-9.441396818732641916e-02 2.587932254797232101e+00 -6.506192598760647705e+00
-1.241146969954396023e-01 2.549684150441283492e+00 -6.517234635423164057e+00
-1.540089059695080309e-01 2.511276856842871386e+00 -6.527976956920743312e+00
-1.837733177795705108e-01 2.472588093132385367e+00 -6.537472660994304796e+00
4.622640897998494397e-02 2.745799665027044423e+00 -6.437177134585364335e+00
3.558945138421246157e-02 2.702096515889207407e+00 -6.459154121653272185e+00
3.829335537193846034e-02 2.656782284296002050e+00 -6.479826496816118109e+00
5.051275799729858934e-02 2.612047505504882849e+00 -6.497947197793158658e+00
7.229486464088240305e-02 2.569975701627030595e+00 -6.512892557697554707e+00
9.862303469812835899e-02 2.529707963791533398e+00 -6.525907968577226548e+00
1.300647886932519703e-01 2.492579667058760329e+00 -6.535926465130167173e+00
1.642357982502340719e-01 2.457299923643491812e+00 -6.544050534950763165e+00
1.996004837672847310e-01 2.422827133724804405e+00 -6.549335280311302299e+00
-2.027113736411444711e-01 3.502359131813226334e+00 -5.831146703254701968e+00
-2.336614159554046555e-01 3.526508116620446387e+00 -5.800286389414425869e+00
-2.643540541881447825e-01 3.549126308679308561e+00 -5.768105336631273339e+00
-3.251036492835815417e-01 3.599475803140743224e+00 -5.695328413427387382e+00
-3.294997542130227997e-01 3.597282289912538733e+00 -5.697067884649094971e+00
-3.339167222083426756e-01 3.595066987286120064e+00 -5.698829659144871052e+00
-3.385965580801252317e-01 3.592721292062688310e+00 -5.700694495949963247e+00
-3.437185201979582883e-01 3.590155129205192530e+00 -5.702734103764093732e+00
-3.494322837278402982e-01 3.587293328026841532e+00 -5.705008308767522962e+00
-2.128004421398991264e-01 3.494068093765489103e+00 -5.838367072277701020e+00
-2.604076134975645829e-01 3.499760816005511366e+00 -5.824584441693047232e+00
-3.096578958983165486e-01 3.493036399159982874e+00 -5.820388991849862137e+00
-3.590113067807552683e-01 3.483539748930756907e+00 -5.819189821719414901e+00
-4.057050292768545896e-01 3.467552533377987523e+00 -5.825386186977328684e+00
-4.515172881646283276e-01 3.448766983107629969e+00 -5.828907964994884949e+00
-4.921747486812240724e-01 3.422617545329541766e+00 -5.841945220274304518e+00
-5.293496154878808424e-01 3.394034411438700438e+00 -5.858630951467335812e+00
-5.637076893050411153e-01 3.362506932304971219e+00 -5.875961638421006938e+00
2.556754770534472310e-01 3.759505802509210515e+00 -5.504672778928278554e+00
2.626374823973390282e-01 3.787590109862015275e+00 -5.463952785433978221e+00
2.665242700361284411e-01 3.816124862399870921e+00 -5.423143389232798484e+00
2.689547701633879240e-01 3.844248645109207274e+00 -5.381923693352593574e+00
2.704276209495172778e-01 3.871661133453654813e+00 -5.340192663372143045e+00
2.715336525539793211e-01 3.899076480492937424e+00 -5.298403626676337907e+00
2.723261023269270553e-01 3.926058963485902886e+00 -5.256347971911342398e+00
2.728984822201916960e-01 3.952955053621068693e+00 -5.214248373177098550e+00
2.732765004820789101e-01 3.979061970569137685e+00 -5.171651459764973424e+00
2.527993059531500886e-01 3.764025939758727901e+00 -5.498858702608186100e+00
2.505062705982514237e-01 3.793170998086715873e+00 -5.458362418508105662e+00
2.362538705937273775e-01 3.821940015922490996e+00 -5.420176023385964825e+00
2.087855957831929454e-01 3.847889331865497642e+00 -5.387507222254792616e+00
1.710833402271221271e-01 3.869206884400973934e+00 -5.362741127380231454e+00
1.275710327582556536e-01 3.884575839779191853e+00 -5.343693824046453322e+00
8.116408304849694055e-02 3.896355661508396739e+00 -5.329608116494112480e+00
3.347644686489184562e-02 3.905956380201732969e+00 -5.318479089283476569e+00
-1.543482750588399087e-02 3.910904953134790585e+00 -5.309852874761445740e+00
6.796654137704694065e-01 3.638178153999233722e+00 -5.511231701133566752e+00
7.199377111608050717e-01 3.644035715065787162e+00 -5.482769600289436163e+00
7.594867109399110472e-01 3.648153939629569908e+00 -5.452792615781533847e+00
6.705909895530662856e-01 3.647265975430092677e+00 -5.503925017485517657e+00
6.892735263232839804e-01 3.670314161331737601e+00 -5.464051134860767434e+00
7.333048835027262680e-01 3.682648256022274857e+00 -5.424075172945936885e+00
7.438917111337263188e-01 3.707301606212559886e+00 -5.385348426056297377e+00
7.541653237871471793e-01 3.731231742300137544e+00 -5.346659845683173096e+00
7.640695149297449529e-01 3.754638034812157965e+00 -5.307022993644606501e+00
7.604571775202160211e-01 3.783887217793664881e+00 -5.266709763614422890e+00
7.577876259212332766e-01 3.812853273771355411e+00 -5.226111967935037406e+00
7.553632846074823659e-01 3.840898678070750805e+00 -5.184845171882405346e+00
2.516627099983889781e+00 2.269990413973067778e+00 -4.050609304102755104e+00
2.531877514434412557e+00 2.282075930987508272e+00 -4.004603761369434523e+00
2.547128222810560505e+00 2.294198366595879168e+00 -3.958586006747297326e+00
2.562387841334786476e+00 2.306344662327375339e+00 -3.912562996370254620e+00
2.579268215177199508e+00 2.307379876660186735e+00 -3.865489136682907834e+00
2.596625687746581423e+00 2.298688214770785887e+00 -3.819429550895370173e+00
2.613645913443674473e+00 2.282824220527024384e+00 -3.775212318934566103e+00
2.629452327616974561e+00 2.261815663242876084e+00 -3.732706263822828774e+00
2.645060450644067807e+00 2.237796801812277803e+00 -3.691747207644603179e+00
2.518437010859683411e+00 2.255267098858732666e+00 -4.049683873380325316e+00
2.538278442350899056e+00 2.198059418325024605e+00 -4.009799739768626026e+00
2.552818059410176144e+00 2.196391435623641364e+00 -3.972126038800093184e+00
2.565086335711847187e+00 2.194864766672741219e+00 -3.938355431312527077e+00
2.575013956239333268e+00 2.193513161137609302e+00 -3.909465832365060400e+00
2.583223763211188295e+00 2.192389211382334224e+00 -3.885576428324639231e+00
2.591551936544223000e+00 2.144914791010841704e+00 -3.871170694745437402e+00
2.596655844929324886e+00 2.095906162228790670e+00 -3.863328247010563654e+00
2.598290334812149993e+00 2.046186382061546016e+00 -3.861832137884944505e+00
2.567783077892590526e+00 1.895594686918887772e+00 -3.945958086409961485e+00
2.581598845893025462e+00 1.874293373264142026e+00 -3.902910877478031448e+00
2.595250416737682642e+00 1.852063046526947865e+00 -3.860191366087655673e+00
2.607981994394534375e+00 1.829917088126225666e+00 -3.817342552906298980e+00
2.620993728534972256e+00 1.808276242914976351e+00 -3.773980439508849205e+00
2.634217588662178589e+00 1.786220543774174274e+00 -3.731002675038445737e+00
2.644523310632686197e+00 1.756818832871030356e+00 -3.691968330444115320e+00
2.652877265968214715e+00 1.723091062825635067e+00 -3.655986518761620729e+00
2.664332761564449648e+00 1.699475130289361369e+00 -3.613466236688109401e+00
2.564400530148685853e+00 1.883224668959890158e+00 -3.953605664956597376e+00
2.570176985780346701e+00 1.839475519672486570e+00 -3.929892198504401524e+00
2.570740396537595451e+00 1.790895123781203413e+00 -3.919630636724816153e+00
2.566497438325844538e+00 1.741889195507790866e+00 -3.915151295328034298e+00
2.559451140061868024e+00 1.692373404887934640e+00 -3.918272636306847190e+00
2.551112949451289857e+00 1.643532008716385606e+00 -3.925241116680782572e+00
2.541264628564306349e+00 1.595732336258567807e+00 -3.935800174767265514e+00
2.530489766357140180e+00 1.547370425503131086e+00 -3.940481532341109538e+00
2.521872820525397074e+00 1.498598484474638948e+00 -3.937344601208188966e+00
2.082105450156432003e+00 2.343858004131841533e+00 -4.976895047575424336e+00
2.056994442466974160e+00 2.348085058259699043e+00 -5.019610532805243608e+00
2.031983752352911843e+00 2.350297874316503055e+00 -5.062680669313188275e+00
2.006646700046891940e+00 2.351490149188595780e+00 -5.105649258709502369e+00
1.984506613376184614e+00 2.333909856845657771e+00 -5.146570760518262233e+00
1.970296986279077345e+00 2.299463787439937512e+00 -5.179382626054691130e+00
1.965023247646546567e+00 2.254598764191107829e+00 -5.199858148757992460e+00
1.965804461751429866e+00 2.205431822441411338e+00 -5.206734449098942008e+00
1.957841905897531376e+00 2.161221438118620330e+00 -5.225950375869157227e+00
2.085800068330771140e+00 2.345555679492734580e+00 -4.970000206879834792e+00
2.072509962827213226e+00 2.339453748565575086e+00 -4.994800721391079890e+00
2.048553265511860566e+00 2.364478033147391134e+00 -5.030031928115238138e+00
2.025124450972811907e+00 2.393769231341356996e+00 -5.062547569979637174e+00
2.333240956652889331e+00 3.210038525970546175e+00 -3.775712578495451943e+00
2.342346115505914206e+00 3.226024321281150797e+00 -3.729191935294820848e+00
2.351254122555439530e+00 3.241850338834008305e+00 -3.682618510256477684e+00
2.360074417998035745e+00 3.257646662844122076e+00 -3.636013290814483323e+00
2.368604133957291857e+00 3.273280841528921403e+00 -3.589304312597941138e+00
2.376309606163403920e+00 3.288457933336834227e+00 -3.542309128842096033e+00
2.383900700197455258e+00 3.303546106227998713e+00 -3.495275178447720066e+00
2.391702468051758679e+00 3.318336984192649997e+00 -3.448115887165064564e+00
2.399204453216121635e+00 3.332939650673013343e+00 -3.400907379245357909e+00
2.325549727578521519e+00 3.221811161563139514e+00 -3.780658163266598759e+00
2.317972795218795401e+00 3.258878735546179239e+00 -3.748085973574239560e+00
2.301875457372449585e+00 3.301375057097553523e+00 -3.727433754831063872e+00
2.282437616639892752e+00 3.344993606435207045e+00 -3.712800932796449516e+00
2.259068147475738364e+00 3.388418119059611211e+00 -3.705068214129277671e+00
2.233521564151268901e+00 3.431103706902730810e+00 -3.700908721116582534e+00
2.206824672482443184e+00 3.473262099108813228e+00 -3.699798025205428331e+00
2.178218176888812696e+00 3.514114321695216869e+00 -3.701515420514913224e+00
2.148167339371200857e+00 3.553933692252571497e+00 -3.705180108819748241e+00
2.108889756239435531e+00 3.273174283915811777e+00 -4.224591464117595230e+00
2.079203217495107392e+00 3.297817991743676735e+00 -4.256275610721601765e+00
2.048138199798008152e+00 3.321509332569993589e+00 -4.287283541749278726e+00
2.017003120739745636e+00 3.345305191120770516e+00 -4.318295791398130135e+00
1.985902121102178342e+00 3.369131794558708926e+00 -4.349338998783406574e+00
1.953951886281840800e+00 3.392925490015802126e+00 -4.379427262627363149e+00
2.108610958730709140e+00 3.282832731423317885e+00 -4.213221349328470922e+00
2.080708871313711850e+00 3.323722125250970549e+00 -4.218948072501671476e+00
2.056239215500242690e+00 3.366041262853065152e+00 -4.209248124588534701e+00
2.033577871433586814e+00 3.409446509307217266e+00 -4.194146292162935552e+00
2.015326576750439802e+00 3.451263881030531167e+00 -4.172272533500009040e+00
1.999521181259435343e+00 3.491413027328188701e+00 -4.147100677068903174e+00
1.984492775987742208e+00 3.529018956140252072e+00 -4.118373925415017567e+00
1.970990387115084008e+00 3.565229454817525401e+00 -4.086761704809245721e+00
1.958883083668906400e+00 3.600595794382708714e+00 -4.053651980215157380e+00
2.505436454166885429e+00 2.573940206187363966e+00 -3.943142512661435894e+00
2.502250855892607984e+00 2.618561996808447478e+00 -3.920963937597262916e+00
2.499071335615344669e+00 2.663181330776750677e+00 -3.898782209730245363e+00
2.495694709298802216e+00 2.707762013166100434e+00 -3.876525079743134761e+00
2.490821181661715400e+00 2.751897484440422481e+00 -3.853700951483718384e+00
2.485073899416334609e+00 2.795745348007588671e+00 -3.830546559237932858e+00
2.479271026957670099e+00 2.839586811718429527e+00 -3.807372282887454329e+00
2.472175550951249967e+00 2.883141030169440455e+00 -3.783733804083388108e+00
2.472870656229156250e+00 2.917346460907662031e+00 -3.747293408693828543e+00
2.511493921824116349e+00 2.566256688921751739e+00 -3.931880065328632767e+00
2.520500720192176303e+00 2.591484943519045014e+00 -3.889784381054553819e+00
2.529973499805064474e+00 2.623063780179763160e+00 -3.842031552550710494e+00
2.546880427092017118e+00 2.624130569947141112e+00 -3.795059060860181521e+00
2.562679273289274029e+00 2.624980470471101057e+00 -3.748087370164209009e+00
2.577503052225539548e+00 2.625609388541267464e+00 -3.701614213943243747e+00
2.594964295963111844e+00 2.612933059155446269e+00 -3.656588903378739097e+00
2.612719280307412184e+00 2.598575034272220030e+00 -3.612145949678513546e+00
2.630768834435830428e+00 2.583258902625309439e+00 -3.568092990280409715e+00
1.145920112142693625e+00 3.698081275330515449e+00 -5.085357155019610609e+00
1.105266208478318246e+00 3.726851468247398103e+00 -5.083179234049465478e+00
1.064098618743938962e+00 3.754745441013143115e+00 -5.080441409112959050e+00
1.021988711689276741e+00 3.781212440097264427e+00 -5.076717357278863751e+00
9.797780771471100714e-01 3.807523895996983931e+00 -5.072847303131037933e+00
9.523135112489830023e-01 3.827102007570931885e+00 -5.066246201497293100e+00
9.582202774187134064e-01 3.838644995253791325e+00 -5.043705101358311182e+00
9.673929131316906238e-01 3.856734591831824321e+00 -5.008443648556969663e+00
9.775038644901871132e-01 3.877407535822148255e+00 -4.966626538501416555e+00
1.152393163104344698e+00 3.702457860127514433e+00 -5.072675235694906526e+00
1.128842739553589825e+00 3.737058923912067065e+00 -5.045668121940697581e+00
1.117408856698529851e+00 3.768972766759400628e+00 -5.009176386158014083e+00
1.111257621136202189e+00 3.798895220779299198e+00 -4.969752038230263125e+00
1.111992207426558465e+00 3.825825741372153921e+00 -4.927714138353456619e+00
1.103774373760031846e+00 3.854906028241333438e+00 -4.888024453404757885e+00
1.079518848438987488e+00 3.886468506812613022e+00 -4.857987124129156342e+00
1.065882528523413031e+00 3.916422775983821492e+00 -4.820549458198454040e+00
1.060299365117958637e+00 3.943621298988483570e+00 -4.779120501584472436e+00
1.870730660654589039e+00 3.471228180086771253e+00 -4.426073493327546515e+00
1.883510621557580089e+00 3.486321303020156304e+00 -4.380187677986691064e+00
1.896137571266911737e+00 3.501296348411698123e+00 -4.334202799373121806e+00
1.899104284650274366e+00 3.526735459120257765e+00 -4.291280537384563054e+00
1.894834287365148029e+00 3.557317663613519532e+00 -4.252006863372463030e+00
1.877079906045824975e+00 3.595685983181113876e+00 -4.225507557171257034e+00
1.849315810535430815e+00 3.635190859952941445e+00 -4.213125862530398891e+00
1.815508964995339314e+00 3.671892163043626756e+00 -4.213315234774194451e+00
1.759382663634819988e+00 3.736074583553096851e+00 -4.203805978149435241e+00
1.860562674979993503e+00 3.481659727674788041e+00 -4.429091031921401189e+00
1.852256655077575198e+00 3.516009650731623193e+00 -4.393683204877677717e+00
1.833871579236686644e+00 3.555296415806692423e+00 -4.368996308601685641e+00
1.810176875259559282e+00 3.594454811173734221e+00 -4.349119163499083562e+00
1.780690090629797107e+00 3.633728855448119077e+00 -4.339628806033276831e+00
1.744696622963275656e+00 3.667125729898805364e+00 -4.348247121520256719e+00
1.707103861232411646e+00 3.692123164201184249e+00 -4.368621703124705213e+00
1.671665972976459580e+00 3.708386173109710970e+00 -4.399974443977863636e+00
1.637335759999761553e+00 3.721963723150476966e+00 -4.433719700379517903e+00
2.008124919757385829e+00 3.055308544799156589e+00 -4.670584499757450381e+00
2.021079948789185288e+00 3.057417474289722659e+00 -4.643376419434176228e+00
2.049910526017582502e+00 3.032899402318913307e+00 -4.611777654804170012e+00
2.078538139250858841e+00 3.011802335853371648e+00 -4.577181887472362654e+00
2.106926665795409104e+00 2.992326608874866789e+00 -4.541232518560161857e+00
2.132637036008332654e+00 2.977827694713345075e+00 -4.501541178726995440e+00
2.001583513538082837e+00 3.054244245757677945e+00 -4.684322163432534936e+00
2.002066537254378886e+00 3.054322924522783644e+00 -4.683307672055029514e+00
2.002575859422214499e+00 3.054405944346886059e+00 -4.682237889375448603e+00
2.003310099084679941e+00 3.054525601238697430e+00 -4.680695713332811536e+00
2.004212878690775579e+00 3.054672523669076156e+00 -4.678799739933238833e+00
2.005181976505079788e+00 3.054829989405050128e+00 -4.676764735683966556e+00
2.006053211789246671e+00 3.054971715802217158e+00 -4.674935071932423192e+00
2.006705538396881483e+00 3.055077611947535576e+00 -4.673565351680992741e+00
2.007217157811452601e+00 3.055160585172242094e+00 -4.672491161153554451e+00
1.572578411894573147e+00 3.710264677213151341e+00 -4.554135905919141081e+00
1.569284662064464042e+00 3.707469428905698194e+00 -4.563813915458231563e+00
1.573924911106641789e+00 3.711410114644879243e+00 -4.550175088299957871e+00
1.580777070845333032e+00 3.717186525095099725e+00 -4.530103904334327858e+00
1.181193446753684428e+00 3.845340786883462592e+00 -4.824412731524408748e+00
1.162470266733371060e+00 3.869660109140657944e+00 -4.804470337870787588e+00
1.155804556399195882e+00 3.890888656370987242e+00 -4.776841112490179064e+00
-2.071059847750668093e-01 2.429699421704407669e+00 -6.546684237905390447e+00
-2.302268479466016982e-01 2.386349640566830743e+00 -6.554664101262696718e+00
-2.323372386094770536e-01 2.286691161462650168e+00 -6.577215737863551404e+00
-2.640903960832625130e-01 2.274064370109203814e+00 -6.573717821799026417e+00
-3.115886994165626422e-01 2.196872098717630895e+00 -6.576914337228594754e+00
-3.035337934593314579e-01 2.189856955701026120e+00 -6.579305268169939325e+00
-3.023465762684540148e-01 2.189099307751414258e+00 -6.579632838543812312e+00
-3.106390586974532297e-01 2.197086633020740809e+00 -6.577102619506133507e+00
-3.283200274224115089e-01 2.213527511431355510e+00 -6.571760734724419351e+00
-2.189410533944627646e-01 2.437875580124270414e+00 -6.542914130640293813e+00
-2.629734415170769113e-01 2.415003510458577196e+00 -6.542672454287278505e+00
-3.114778427587691634e-01 2.406238168848930492e+00 -6.537477235977378065e+00
-3.597212316000903964e-01 2.402044203039306325e+00 -6.526315347805248912e+00
-4.078086402277316114e-01 2.400302472311043989e+00 -6.514026231263693845e+00
-4.559607295933118531e-01 2.399966245368573059e+00 -6.501320746118952165e+00
-5.031578355083188292e-01 2.401832923398456554e+00 -6.485666265209188097e+00
-5.476621535763480653e-01 2.413147844224372562e+00 -6.466737109653970528e+00
-5.898937322576031095e-01 2.430321023797486824e+00 -6.446732571912590970e+00
3.023450824310572327e-01 2.367200412106597263e+00 -6.548282648235480785e+00
2.967655372231401967e-01 2.341565175178228930e+00 -6.554913322877064630e+00
3.320559633470700489e-01 2.306516241393931743e+00 -6.554703499812532641e+00
3.676514685975927899e-01 2.271806116831781353e+00 -6.553411878089248077e+00
4.029391849850206819e-01 2.237028997250273044e+00 -6.549824167969765298e+00
4.505352867265039474e-01 2.145459993598100468e+00 -6.548146336426791336e+00
4.898794865756814776e-01 2.153410626414006046e+00 -6.537105811230443209e+00
5.334249282713778850e-01 2.161799602163615219e+00 -6.520023473493609778e+00
5.767863162362032448e-01 2.170312770647289113e+00 -6.502039651755796790e+00
3.049322858957388971e-01 2.379260527037644124e+00 -6.545171389732675316e+00
3.046785675512322378e-01 2.378932860035505747e+00 -6.545295561894685754e+00
3.081995313882390786e-01 2.395342164819507680e+00 -6.541062141373933159e+00
3.144145704296057442e-01 2.423554907869464703e+00 -6.531781245539963976e+00
3.216068930323593977e-01 2.459725211729292482e+00 -6.518563511859638560e+00
3.890001551845658767e-01 2.521789794578251254e+00 -6.483001612196559904e+00
3.803159204221513989e-01 2.533297383497858046e+00 -6.481703071658548865e+00
3.700376098611649067e-01 2.546867792737134817e+00 -6.480181268640025749e+00
3.580093662358595497e-01 2.562006424713439312e+00 -6.477700271076709093e+00
-3.527424229861352289e-01 3.585635848519567848e+00 -5.706325274558414762e+00
-3.626447711507826965e-01 3.580127092111466958e+00 -5.709906211619075300e+00
-3.842553030879216625e-01 3.567614548529313367e+00 -5.717371001851044632e+00
-4.145476505412517554e-01 3.550075298689262304e+00 -5.727834601345850096e+00
-4.634630839143010217e-01 3.541737629976083213e+00 -5.721659193574411439e+00
-5.119138817254199614e-01 3.530014213096230424e+00 -5.718780697429801663e+00
-5.588142017389304828e-01 3.527010900080471245e+00 -5.701996730122904644e+00
-6.029353639803354259e-01 3.530662928992414962e+00 -5.678571222115338379e+00
-6.425656320059565108e-01 3.539997059860274131e+00 -5.649858366568520474e+00
-3.621503805580662538e-01 3.580413359488618497e+00 -5.709735421078857343e+00
-3.759020824756909018e-01 3.572450991752369909e+00 -5.714485703835477715e+00
-3.843894617138089997e-01 3.567536793875417001e+00 -5.717417431409857365e+00
-3.931335049165636808e-01 3.562473976879147131e+00 -5.720437828465825270e+00
-4.353027691036753244e-01 3.572265984438586006e+00 -5.695456372396073164e+00
-4.714644974564471958e-01 3.588438175797142193e+00 -5.665018837316833533e+00
-5.000439703443355643e-01 3.609150654670894021e+00 -5.629738280760011371e+00
-5.222273929485662380e-01 3.632070951176397777e+00 -5.591325359132285122e+00
-4.778448368537053237e-01 3.682782397435495625e+00 -5.545317394125101274e+00
-5.911947727811406317e-01 3.327837150445120518e+00 -5.899018433490916813e+00
-6.183885493181670023e-01 3.292565116391172886e+00 -5.921488360201328405e+00
-6.446605624002120782e-01 3.255453034969669979e+00 -5.942005615675519437e+00
-6.708753557492744823e-01 3.218143649536644446e+00 -5.962330106920743056e+00
-6.968827560202065508e-01 3.180797318319224409e+00 -5.982562785741105671e+00
-7.220677958928120033e-01 3.141966057847323857e+00 -6.001113723168084668e+00
-7.814995121929139144e-01 3.070420366555658198e+00 -6.028050701685415014e+00
-7.728573292844882481e-01 3.063859126772406238e+00 -6.037250995112212415e+00
-7.641830536882947555e-01 3.057172591805241257e+00 -6.046556370038933537e+00
-6.014240850571906938e-01 3.332852259742263179e+00 -5.889443758960423381e+00
-6.460245474020771539e-01 3.310685181784405628e+00 -5.890836097332180721e+00
-6.927818870110223903e-01 3.297502197910563648e+00 -5.879497312801073683e+00
-7.392775729229090764e-01 3.288847973706231720e+00 -5.863898358895805352e+00
-7.836036939832463633e-01 3.284919265461490934e+00 -5.841779698466457837e+00
-8.270076577568803433e-01 3.284188031197941449e+00 -5.817162041902785852e+00
-8.691396129810269322e-01 3.286081345651303387e+00 -5.790568474520589426e+00
-9.090710802450454597e-01 3.289745975000929246e+00 -5.760972438455774558e+00
-9.472600301943645551e-01 3.294300897956071950e+00 -5.729131414866223793e+00
2.661415170710570433e-01 4.005469949137253849e+00 -5.129820084322030738e+00
2.589959213205428323e-01 4.031277879588416546e+00 -5.087639855952696522e+00
2.518215544597459665e-01 4.056853663175642666e+00 -5.045319485341849486e+00
2.445698005440626599e-01 4.081882770634967628e+00 -5.002671667189598104e+00
2.373067865520704367e-01 4.106556123833806637e+00 -4.959838150733496320e+00
2.299916084655017623e-01 4.130630117991473504e+00 -4.916662053109978281e+00
2.226191371396766538e-01 4.154164801442643551e+00 -4.873219888569210845e+00
1.386328317215518302e-01 4.176884904120290898e+00 -4.844812869808248657e+00
1.298841541240456365e-01 4.199950668660957120e+00 -4.801410581624359963e+00
2.809245787818238638e-01 4.003736378917930772e+00 -5.128872419428009977e+00
3.051309244413765165e-01 4.023539953212386777e+00 -5.089875927832530955e+00
3.413206940910530895e-01 4.036823215108675811e+00 -5.058132309956555162e+00
4.296465970574938620e-01 4.056238100174338612e+00 -4.995245246547953322e+00
4.322072871935117022e-01 4.053891749439316960e+00 -4.998209743139750749e+00
4.372148566972517414e-01 4.049320949338949482e+00 -5.003977015391781080e+00
4.442798958511320895e-01 4.042868931394888676e+00 -5.012119347956792481e+00
4.912540602308191340e-01 4.041698725581833074e+00 -4.995048500235354183e+00
5.387347116597243080e-01 4.039402523118239330e+00 -4.979556125969680558e+00
-6.531796869514383541e-02 3.910065904621816468e+00 -5.309892110943240873e+00
-1.152366442513856754e-01 3.908636262756199020e+00 -5.309541722792523011e+00
-1.649355356779702297e-01 3.905228380207455441e+00 -5.307903815675010684e+00
-2.146507918263413084e-01 3.901701443834233451e+00 -5.306176095358077660e+00
-2.642851799396456758e-01 3.897851564984791128e+00 -5.304225045395266847e+00
-3.136434751626048234e-01 3.891532628432481822e+00 -5.300645705888728187e+00
-3.630532438121074068e-01 3.885178424404632125e+00 -5.297001754863380540e+00
-4.090295613407304298e-01 3.888590444018356074e+00 -5.277982336930493901e+00
-4.455189944199780538e-01 3.900075006893863439e+00 -5.246183038026232204e+00
-6.326505513106725487e-02 3.918191433402340440e+00 -5.297580177745682128e+00
-1.040592979313913757e-01 3.933281266324176073e+00 -5.273106341119143003e+00
-1.339192507299885315e-01 3.952774577286031210e+00 -5.238239348395882011e+00
-1.577249882138069270e-01 3.974238356121691407e+00 -5.200046640925184427e+00
-1.744512606628394469e-01 3.997795659488203590e+00 -5.159330752200439463e+00
-1.872248178698823207e-01 4.021707554933718676e+00 -5.117397451572218259e+00
-1.969245039029264288e-01 4.045950282585218716e+00 -5.074804890815820535e+00
-2.035648369801424107e-01 4.070514246708555106e+00 -5.031818214182298021e+00
-2.077392262617317187e-01 4.094222584043008872e+00 -4.988063164262474203e+00
7.391495979647449976e-01 3.870832439207053000e+00 -5.148269927427866932e+00
7.229240595214680987e-01 3.900678533466747311e+00 -5.111631104776190426e+00
7.065794124049770142e-01 3.930227664503199492e+00 -5.074763994855840288e+00
6.899944941935083342e-01 3.958966829715998781e+00 -5.037446927790640849e+00
6.896644849093990226e-01 3.984500442390481290e+00 -4.994661763835305024e+00
7.080685920099413222e-01 4.002309756883677849e+00 -4.952053985581026829e+00
7.385830763595579995e-01 4.012557051945353059e+00 -4.914042614456315405e+00
7.765521890770177293e-01 4.017269179278286195e+00 -4.880729490492617728e+00
8.108024553266931500e-01 4.024043168847064145e+00 -4.844828215514733749e+00
7.530101968268565482e-01 3.868501207931855035e+00 -5.143267171683962857e+00
8.230153684786641888e-01 3.885370856942716777e+00 -5.073086186655818786e+00
8.134141353312985823e-01 3.903434401266721476e+00 -5.049956058109950519e+00
8.054759870066534599e-01 3.918033187827250963e+00 -5.030999546273314138e+00
7.998316067482321712e-01 3.928409069439932289e+00 -5.017528115211204565e+00
8.373500581129562637e-01 3.932102867452055062e+00 -4.985114920377928804e+00
8.794874957299833040e-01 3.927462048665284478e+00 -4.960261669948081931e+00
2.659716525801052889e+00 2.205867706325910671e+00 -3.656188312683544606e+00
2.673381182138513168e+00 2.173877859399641288e+00 -3.620316869990035435e+00
2.686369351081648649e+00 2.141854859748686835e+00 -3.584232418966136091e+00
2.699361330316541352e+00 2.109822879720316013e+00 -3.548137292417244293e+00
2.711702615125560545e+00 2.077778556092137130e+00 -3.511837893065855809e+00
2.722859655978729698e+00 2.045755154413588794e+00 -3.475149708673769045e+00
2.734019489374270862e+00 2.013717383302069841e+00 -3.438452338270285846e+00
2.745179761662296158e+00 1.981672379615991852e+00 -3.401753521655437318e+00
2.757873708966418480e+00 1.966314639692620991e+00 -3.355936285203337643e+00
2.660949143772596059e+00 2.218570920647804368e+00 -3.648423753071384112e+00
2.676495070712721969e+00 2.215391118216014199e+00 -3.601026593072066628e+00
2.689768537145253102e+00 2.227698488428133672e+00 -3.554409484805325814e+00
2.702189992807551011e+00 2.245671322565907069e+00 -3.509434047918462252e+00
2.712226707575142726e+00 2.270725442179908793e+00 -3.467399454819174220e+00
2.720981784367945355e+00 2.299315747454565351e+00 -3.427347284368088332e+00
2.729033189054920872e+00 2.330286444115426292e+00 -3.388965081625267217e+00
2.735203720664484361e+00 2.363913599853865399e+00 -3.352552326291208029e+00
2.741773788370284848e+00 2.393831888189640544e+00 -3.313076834173364738e+00
2.602806536540526405e+00 1.998261672699851443e+00 -3.849009230521162728e+00
2.607311181642989251e+00 1.950234719339075440e+00 -3.836221450492967922e+00
2.607141848717607235e+00 2.004420171776857273e+00 -3.836163056238832247e+00
2.619819932176609356e+00 1.973459748497510047e+00 -3.799200395663886898e+00
2.634988820016018085e+00 1.956024745919911600e+00 -3.754976783362150350e+00
2.649550027379267814e+00 1.944357815379532894e+00 -3.708707086616099602e+00
2.664349010110221627e+00 1.935388699690329783e+00 -3.661861458692794447e+00
2.679660074733740682e+00 1.942941901042141151e+00 -3.614915785283554950e+00
2.694289365281593351e+00 1.932359568805148253e+00 -3.568407478223824203e+00
2.705810540776728779e+00 1.903274369010234501e+00 -3.529636482167616496e+00
2.710881040570119804e+00 1.861011436165580957e+00 -3.503720146674223823e+00
2.685259588064281111e+00 1.737467764609357701e+00 -3.559352841568297787e+00
2.699036417155761924e+00 1.727520380916463205e+00 -3.512536566737777033e+00
2.711363678792320986e+00 1.717816631372487857e+00 -3.465978666718151135e+00
2.732171124385205818e+00 1.709520985716347363e+00 -3.390238384620319234e+00
2.731184883679817155e+00 1.678247158339450928e+00 -3.382680060863611171e+00
2.730038748269061788e+00 1.642031405059248383e+00 -3.373941528326301675e+00
2.727278463904214689e+00 1.606263858540702749e+00 -3.364769016345609209e+00
2.724193570246855156e+00 1.573127791507978879e+00 -3.356121184125032464e+00
2.721900071411108790e+00 1.548487130614531804e+00 -3.349688785216828446e+00
2.685434927561802798e+00 1.737344900507261203e+00 -3.558772302749980021e+00
2.699149337162020768e+00 1.727435092165399588e+00 -3.512111354884433378e+00
2.711602815529122523e+00 1.717639502316606226e+00 -3.465079402005255549e+00
2.732451451916930729e+00 1.718489492408885377e+00 -3.392414662032446238e+00
2.746967837943250057e+00 1.730651711009146831e+00 -3.346237104908087012e+00
2.761594159083350153e+00 1.745253352112106526e+00 -3.300763809924009973e+00
2.775635882611984240e+00 1.760751598855314404e+00 -3.255425707610139607e+00
2.788961547783215256e+00 1.776704240185136729e+00 -3.210000705300000146e+00
2.826467992533456819e+00 1.792844426184976081e+00 -3.074190498264289584e+00
2.516243670881358252e+00 1.479621722713574616e+00 -3.942353881618490430e+00
2.508351083511795920e+00 1.470566766284334914e+00 -3.959216751873376072e+00
2.497069993296256118e+00 1.457609681835373427e+00 -3.983311133895647504e+00
2.482966997101492712e+00 1.441404049937122123e+00 -4.013428451710629119e+00
2.466036009151816977e+00 1.423345104455161048e+00 -4.047230766914616140e+00
2.521611317238042549e+00 1.455334028074067865e+00 -3.913818367406853849e+00
2.523466392496095168e+00 1.414499603926965943e+00 -3.885770941861316441e+00
2.524690867186700771e+00 1.374802631010881848e+00 -3.855845272296754001e+00
1.944334917141670616e+00 2.123352101576918560e+00 -5.253316715271759030e+00
1.938463365340487021e+00 2.134003283428250963e+00 -5.261548268473841716e+00
1.913440209880174825e+00 2.120991158553454881e+00 -5.301774192102683081e+00
1.886704808589744209e+00 2.110924513822454163e+00 -5.342309036403386280e+00
1.862893789637872555e+00 2.120453702536203355e+00 -5.377077850038268103e+00
1.840295608890184065e+00 2.148826212399643332e+00 -5.408683372839987236e+00
2.402505827112686010e+00 3.353370039848280637e+00 -3.355492753441861709e+00
2.368233028668336182e+00 3.446697193955724714e+00 -3.296421610285781956e+00
2.380556494543530466e+00 3.445960279557255923e+00 -3.258259021911087849e+00
2.373104643478617604e+00 3.480624086189011201e+00 -3.214989151409830548e+00
2.384454427719163938e+00 3.482154456472114745e+00 -3.177068299879923785e+00
2.395448741465700859e+00 3.483453335785129834e+00 -3.138912045986391064e+00
2.406190936822353965e+00 3.484475906913578225e+00 -3.099890964969805207e+00
2.403615257541720229e+00 3.509625409681485397e+00 -3.056751989347006315e+00
2.401390636840796233e+00 3.533768959431435430e+00 -3.013034960516014493e+00
2.410375595957201522e+00 3.341099896359180921e+00 -3.352827793159116165e+00
2.424717487539808314e+00 3.343468555240483475e+00 -3.304973404206211107e+00
2.441144524443610742e+00 3.341608863980966682e+00 -3.258112145978142582e+00
2.457123375077784999e+00 3.339516199963656007e+00 -3.211092344876263827e+00
2.471347336593861854e+00 3.337047029540409770e+00 -3.166435364874667258e+00
2.524352330441366643e+00 3.253221400540068142e+00 -3.135286598882252029e+00
2.531498697305007095e+00 3.255366640860566374e+00 -3.108200451006566833e+00
2.536454951541601055e+00 3.256796201208261632e+00 -3.087754636502907601e+00
2.540290940231405781e+00 3.257852516465296944e+00 -3.071497932975757017e+00
2.116563257903343764e+00 3.590809852623602083e+00 -3.717103027373537483e+00
2.084054178860166306e+00 3.626798987332374491e+00 -3.728539958160502099e+00
2.050751193565947705e+00 3.662293548630815021e+00 -3.739689889660436695e+00
2.017454081513151642e+00 3.697773706817278239e+00 -3.750853187878071537e+00
1.983116496318000355e+00 3.732327054167349001e+00 -3.761566304820079587e+00
1.947721954531037802e+00 3.766019368583017446e+00 -3.771844003385952604e+00
1.912339569839608844e+00 3.799699489501808358e+00 -3.782119431646458807e+00
1.879176179226506260e+00 3.836647464962516185e+00 -3.777471335907170324e+00
1.849212733420334098e+00 3.873519552342935768e+00 -3.761960471566264008e+00
2.119429967065246778e+00 3.594799957134318547e+00 -3.703009054359102770e+00
2.096252789561226404e+00 3.634966837832629416e+00 -3.684596451218219215e+00
2.080488790583526981e+00 3.670285551715295469e+00 -3.653248906621854086e+00
2.034957731387293745e+00 3.753868364345630759e+00 -3.598081437075619782e+00
2.047924979570054926e+00 3.751752340638982108e+00 -3.570409615524042568e+00
2.062423401832975234e+00 3.749004504746246358e+00 -3.538901293555747785e+00
2.059863688186229336e+00 3.772938492055044613e+00 -3.495100310299168900e+00
2.057830476518216045e+00 3.795291378649040315e+00 -3.450452930701564558e+00
2.057076044261612502e+00 3.816026681078381166e+00 -3.405037227837931724e+00
1.952114657486512250e+00 3.631495555766316663e+00 -4.015019895684245554e+00
1.945203111895557502e+00 3.662253651859358250e+00 -3.976267726954028525e+00
1.937492024640251831e+00 3.692309041912969381e+00 -3.937093999861458471e+00
1.929402571792288024e+00 3.721960694227631983e+00 -3.897726200953846920e+00
1.942547574579083447e+00 3.637777768438127168e+00 -4.024617553098608802e+00
1.916417442256513448e+00 3.676887690974671941e+00 -4.007933218041184631e+00
1.883832431628887694e+00 3.714516292643439410e+00 -4.005370745056946902e+00
1.849631689092851250e+00 3.750660291684865921e+00 -4.008790533880993046e+00
1.812977636614336641e+00 3.782896148491623034e+00 -4.018970023123718427e+00
1.775315002663511832e+00 3.812678013898775475e+00 -4.032596545513354336e+00
1.740926271970609784e+00 3.848508588740492176e+00 -4.028117242207956750e+00
1.711288456611060438e+00 3.884596087163131983e+00 -4.010706106881080757e+00
1.685583627974573284e+00 3.919285555342538085e+00 -3.985771723386343002e+00
2.485265823364809279e+00 2.928831139812324569e+00 -3.700338340971172535e+00
2.497093048885361544e+00 2.940097500268196384e+00 -3.653122063653622131e+00
2.508641592884491178e+00 2.951149646609532606e+00 -3.605808428461248383e+00
2.489791362022334198e+00 3.037738074603713923e+00 -3.563123952798570748e+00
2.501545972978616916e+00 3.045355125791456619e+00 -3.515934744192446892e+00
2.510237178189469898e+00 3.060270246360012436e+00 -3.469034076911041264e+00
2.525980661373615543e+00 3.058251904687442124e+00 -3.421640635490780458e+00
2.545996244569300071e+00 3.042440494871409218e+00 -3.378661889750130154e+00
2.568453015768186187e+00 3.014065312618550152e+00 -3.344171625195854869e+00
2.479273902309686584e+00 2.941888283222860334e+00 -3.704280416663689124e+00
2.477377982014249636e+00 2.977625428786318640e+00 -3.669463931550972724e+00
2.466733731821618036e+00 3.023242128326807165e+00 -3.646155347783770928e+00
2.470830754920476213e+00 3.025810139702746593e+00 -3.631514553892600361e+00
2.449169560281732494e+00 3.070980672095252828e+00 -3.638417878226982705e+00
2.425227421900381763e+00 3.111354332937180001e+00 -3.656351827912476260e+00
2.399783431662790623e+00 3.147555398695910167e+00 -3.678962148155228817e+00
2.646846065551510918e+00 2.580925878268016671e+00 -3.520800521823587381e+00
2.661887905238530028e+00 2.578417568531182980e+00 -3.473205254013414400e+00
2.676817773206316087e+00 2.575868898530021323e+00 -3.425593085916533997e+00
2.691226258275176253e+00 2.572834682202169265e+00 -3.377804434819931867e+00
2.703114476813307743e+00 2.581075244308153493e+00 -3.330024355314169071e+00
2.709595615058046914e+00 2.606759766210153373e+00 -3.287631269236985343e+00
2.736955642234104591e+00 2.626058866516052248e+00 -3.175183862776668864e+00
2.729469609164886457e+00 2.668035178161351606e+00 -3.163990787360852153e+00
2.709891769748550505e+00 2.723440405215458160e+00 -3.184729183598494107e+00
2.648573286342005062e+00 2.566605490362200204e+00 -3.524496347677533503e+00
2.665259691243766937e+00 2.535253159317516936e+00 -3.489426315391150002e+00
2.680426905319594155e+00 2.493747913702653474e+00 -3.466062912017521036e+00
2.694342065002875763e+00 2.449213408381469392e+00 -3.448246326673067408e+00
9.845547278759427812e-01 3.891428174834969944e+00 -4.937173066232107388e+00
9.680684292009837932e-01 3.920962981594305674e+00 -4.900937524125128952e+00
9.544540338918576783e-01 3.950002002466536322e+00 -4.862874373727295030e+00
9.381622267202469612e-01 3.978892881003540438e+00 -4.825732124686489044e+00
9.030591827035197028e-01 4.012314154665067356e+00 -4.795661430956352334e+00
8.956312772455512494e-01 4.038996636989419464e+00 -4.754969186157674166e+00
8.883829619538019529e-01 4.063097141549838476e+00 -4.716249471836489349e+00
8.809627846085732461e-01 4.085343199509467560e+00 -4.678740565276825691e+00
8.959735710376587337e-01 4.102059008225781511e+00 -4.634152665396370274e+00
9.865401149605966813e-01 3.895338491924445812e+00 -4.928941300664765990e+00
9.787685739329229362e-01 3.923192888726546812e+00 -4.888648841407123413e+00
1.056029723592374348e+00 3.970075707170619861e+00 -4.737017579639286602e+00
1.051793933741012044e+00 3.996523946109399095e+00 -4.694892633046857000e+00
1.047107906980591974e+00 4.022117885456752973e+00 -4.652300837015999058e+00
1.041989900116563117e+00 4.046870510841360513e+00 -4.609211808849773995e+00
1.055386502977199381e+00 4.063389225780974279e+00 -4.564488279412849181e+00
1.088053610094831258e+00 4.065605852020254041e+00 -4.529167404572667976e+00
1.120861828751345657e+00 4.066359812106736804e+00 -4.491885591581437076e+00
1.153702801305183989e+00 4.066692386221536282e+00 -4.454304522226432361e+00
1.189260674808897855e+00 4.064175284689963696e+00 -4.419286617698331199e+00
1.042986696232210075e+00 3.973726502266256677e+00 -4.743277142276903113e+00
1.012791051335748094e+00 4.003694213379732858e+00 -4.717357971329637856e+00
1.722299199463866559e+00 3.768456506486327129e+00 -4.211364521385466020e+00
1.685066732431142134e+00 3.800753933352285507e+00 -4.218871418875359325e+00
1.646741969934077288e+00 3.831892663750735561e+00 -4.225738327181378651e+00
1.607607083240106149e+00 3.862188566851110672e+00 -4.232147557675522975e+00
1.568465618129313510e+00 3.892480793143468620e+00 -4.238574339306015126e+00
1.528517011343999865e+00 3.921695859521253880e+00 -4.244432300745097031e+00
1.432738703238279454e+00 3.993413886833900861e+00 -4.248078858947224923e+00
1.435982794597205237e+00 3.998386902408546995e+00 -4.233838378799992697e+00
1.442867619792517653e+00 4.008036071693326541e+00 -4.203379011771076534e+00
1.721822744986679421e+00 3.761435356675226771e+00 -4.224497823835050347e+00
1.687583821250973948e+00 3.776526831839018605e+00 -4.257413828093063124e+00
1.659564711784531577e+00 3.779968264796945032e+00 -4.298557394786031161e+00
-3.418801642977804534e-01 2.225711454821825974e+00 -6.567702063807990598e+00
-3.496219660228099269e-01 2.232822807871478243e+00 -6.565370921719995145e+00
-3.744679025558563246e-01 2.255463752066631855e+00 -6.555531151717391758e+00
-4.036910040872948580e-01 2.282295598073410758e+00 -6.542197187709779094e+00
-4.454234190256763926e-01 2.299869182484298058e+00 -6.526678441587553614e+00
-4.907403668110851824e-01 2.297615128055834344e+00 -6.513160623707811681e+00
-5.328741270612151748e-01 2.277711269219373946e+00 -6.502083523537846688e+00
-5.659223958812252819e-01 2.250822905132731755e+00 -6.495444648814361344e+00
-5.842151914129101176e-01 2.231797030523750447e+00 -6.491388536533008846e+00
-6.131524710818619939e-01 2.144690770361130205e+00 -6.491303572386854626e+00
-6.256002032946847979e-01 2.456856231957664338e+00 -6.424463111364172363e+00
-6.605347899407276735e-01 2.482765665290662227e+00 -6.400356683531206237e+00
-6.688566455056700333e-01 2.537249928507430141e+00 -6.378931929166628656e+00
-6.980449959637630153e-01 2.569980278414887742e+00 -6.355176273418223332e+00
-7.269089793123060250e-01 2.599596904935665975e+00 -6.327761301691338325e+00
-7.863411324275263459e-01 2.673581461204931564e+00 -6.264994665919772387e+00
-7.900628162479267358e-01 2.670503637784364503e+00 -6.264459758192833405e+00
-7.934129657681918690e-01 2.667770927652626689e+00 -6.263959810959066843e+00
-7.966108484461525974e-01 2.665155925697136219e+00 -6.263485750670318986e+00
-6.325856216800737064e-01 2.443726278112801520e+00 -6.424967873795304207e+00
-7.339938035691833118e-01 2.439517668118646565e+00 -6.381220686119275065e+00
-7.348625619932755981e-01 2.431010173260558904e+00 -6.383657494288753398e+00
-7.363257420394112573e-01 2.417171062225270894e+00 -6.387427529773308521e+00
-7.375159641366483276e-01 2.397542630732268254e+00 -6.391214693135088609e+00
-7.390290401475240190e-01 2.372519359748175294e+00 -6.396044778437936174e+00
-7.759314334767185573e-01 2.340712396772354431e+00 -6.384054237313249835e+00
-8.109199811866442120e-01 2.306664019069637916e+00 -6.373134010170652175e+00
-8.443050028690528563e-01 2.271523470761732444e+00 -6.361183587564791075e+00
6.015772661539715571e-01 2.208662499394321799e+00 -6.487601160050946447e+00
6.264331512686769354e-01 2.247591695107858278e+00 -6.472272080482325052e+00
6.509508395084171450e-01 2.286827476264888137e+00 -6.455208015858179493e+00
7.291376663567307181e-01 2.288190515486406618e+00 -6.420516364091045425e+00
7.505098406600047012e-01 2.327419144372541382e+00 -6.401415384567360256e+00
7.686924318987907734e-01 2.361529674622525832e+00 -6.383229051890041639e+00
7.525177907902689256e-01 2.405792572373637750e+00 -6.380027123453192672e+00
7.245561393610919776e-01 2.445048424238367879e+00 -6.383046069566266745e+00
6.903416557151546007e-01 2.479105344210122297e+00 -6.388132702392572249e+00
6.111678860131496416e-01 2.199365644722931723e+00 -6.485011414194763901e+00
6.525283496025554575e-01 2.214744801473355729e+00 -6.466001438196313345e+00
6.968893156029111191e-01 2.214674496223756339e+00 -6.446452855586745301e+00
7.402281763448275154e-01 2.205523790814673202e+00 -6.426597767824866025e+00
7.785650587561856462e-01 2.180591399923753837e+00 -6.410811059688128921e+00
8.129155396781228005e-01 2.148611159759309608e+00 -6.397369736595368117e+00
3.482817196758925538e-01 2.573870512734038218e+00 -6.474776969147564287e+00
3.303559922596263632e-01 2.595712984746720853e+00 -6.469398709341213305e+00
3.305364451910703383e-01 2.641707541098987644e+00 -6.449584836176217806e+00
3.262489071359302995e-01 2.687878617074422216e+00 -6.430695072596963158e+00
3.195401297944235330e-01 2.732850345936697956e+00 -6.410266742640110316e+00
3.308094003329257182e-01 2.775168773687127999e+00 -6.387042375548529272e+00
3.590223427624442132e-01 2.807865086557236989e+00 -6.362843630540853113e+00
3.963078662852296263e-01 2.831713434395871420e+00 -6.340544267186177585e+00
4.424659985953078856e-01 2.839824821359729690e+00 -6.324338714614246904e+00
3.400007674883002151e-01 2.583949318024931774e+00 -6.472297386953181686e+00
3.210719117622422569e-01 2.607002008257238490e+00 -6.466623356862700511e+00
3.209001581739694964e-01 2.652939839761202734e+00 -6.446912698832741206e+00
3.120536594805878305e-01 2.698443019431445489e+00 -6.428788576816269362e+00
2.933331484464518080e-01 2.741349504961198669e+00 -6.411732972337286007e+00
-6.736849658619414871e-01 3.556033827299835970e+00 -5.614290803007698116e+00
-7.048643844721487195e-01 3.572062519821339155e+00 -5.578701001199739551e+00
-7.358538931484636114e-01 3.587614809792064818e+00 -5.542756817561156346e+00
-7.668145977593935347e-01 3.603187679577446900e+00 -5.506773911277671019e+00
-7.970757217767658886e-01 3.617390628129743213e+00 -5.469709661126641365e+00
-8.271676215044869718e-01 3.631319367445000168e+00 -5.432366487527185761e+00
-8.741814375980827556e-01 3.635325279338636140e+00 -5.396342213172359514e+00
-8.900309938864723325e-01 3.657143427026143367e+00 -5.357950336964019122e+00
-9.050427797127624796e-01 3.677354120828800976e+00 -5.318302133702077050e+00
-6.826370433295377849e-01 3.546400494379823964e+00 -5.621005028538203163e+00
-7.285402322886126436e-01 3.541949269930762867e+00 -5.601972311772800417e+00
-7.755242707771421440e-01 3.527041217733486000e+00 -5.594457060856833586e+00
-8.204195759916588226e-01 3.505883723479391367e+00 -5.589654481234251016e+00
-8.630887670118840838e-01 3.480207955223481253e+00 -5.591117166605030775e+00
-9.042478692462807555e-01 3.452492907117221232e+00 -5.595912691487337831e+00
-9.487473654743923124e-01 3.432837286159900358e+00 -5.585724500801480197e+00
-9.911433400564017004e-01 3.426019229828582535e+00 -5.560759472124746416e+00
-1.024886687228115933e+00 3.433118942149615993e+00 -5.527505312665852877e+00
-4.924956262465243761e-01 3.708028248699805296e+00 -5.506156059003762593e+00
-5.071510251581445861e-01 3.732840096563966537e+00 -5.466039577377712178e+00
-5.159256824547817644e-01 3.760179381560915246e+00 -5.424943971885830329e+00
-5.255272501348258185e-01 3.786939289408171039e+00 -5.383751118314857642e+00
-5.524079207980845396e-01 3.805432114314132530e+00 -5.345971707291695019e+00
-5.929949294217401468e-01 3.812698573228387566e+00 -5.317970846219740366e+00
-6.391089459086676250e-01 3.808610831645200534e+00 -5.299499926316761922e+00
-6.866531811575035116e-01 3.798395293034999565e+00 -5.288621221584122623e+00
-7.318670743327346795e-01 3.794459183988696971e+00 -5.268534045004257926e+00
-4.927220702708154376e-01 3.708418976958411939e+00 -5.505526149375254974e+00
-5.074418323478233628e-01 3.733353888842243062e+00 -5.465214203092580547e+00
-5.252120510252035190e-01 3.757114277606063535e+00 -5.425223415538053651e+00
-5.562135392757151520e-01 3.773143740784486777e+00 -5.389673347040382367e+00
-5.973807898075013112e-01 3.779972173224220633e+00 -5.362398846339466729e+00
-6.438110419097978765e-01 3.774906345251541673e+00 -5.345090114464993825e+00
-7.362414361978297794e-01 3.736968688946671335e+00 -5.349798042960775213e+00
-7.344890224170658177e-01 3.734401357886151018e+00 -5.354152371871957250e+00
-7.293306074257256411e-01 3.727127218622313887e+00 -5.366594943378794724e+00
-7.509528268994002387e-01 3.047003793539150518e+00 -6.060728314663504257e+00
-7.564389038702930002e-01 3.004899753116707650e+00 -6.087397926532233328e+00
-7.587646029144918813e-01 2.963459598970749731e+00 -6.115246358455190823e+00
-7.592677959974942770e-01 2.921652899163221129e+00 -6.142639695294986879e+00
-7.583995108158410048e-01 2.879501764602609093e+00 -6.169299702164110499e+00
-7.560357234896623035e-01 2.837169396977689662e+00 -6.195664959812791750e+00
-7.457673099845769649e-01 2.797103597315450330e+00 -6.223199955029959263e+00
-7.225189392548756473e-01 2.765384560668350478e+00 -6.252595789969211282e+00
-6.854917676139877791e-01 2.748314066481604367e+00 -6.279523252887209139e+00
-7.595729035145406538e-01 3.053610548193997687e+00 -6.051507782692953974e+00
-7.517647726624185900e-01 3.047621660315814829e+00 -6.059862929772960705e+00
-7.454881119160829961e-01 3.042809088208182633e+00 -6.066578144102475534e+00
-7.628957188057111649e-01 3.000472342881395083e+00 -6.087079294415096875e+00
-7.864438227907786239e-01 2.959448504831518445e+00 -6.103396513881261143e+00
-8.200014828106731990e-01 2.923166016791973743e+00 -6.109789719313054590e+00
-8.587499659342140435e-01 2.892187822905357031e+00 -6.104875200027793269e+00
-8.998952118808055678e-01 2.865513633789776193e+00 -6.095912648863869521e+00
-9.421589250123197923e-01 2.841587247189816701e+00 -6.084616047675321049e+00
-9.877723021591783281e-01 3.293804358848915648e+00 -5.700026851046084531e+00
-1.028015400748977237e+00 3.292959275936935715e+00 -5.670491202992889335e+00
-1.067530403900116776e+00 3.291730969269678564e+00 -5.640346818831332598e+00
-1.106174695808186614e+00 3.290031935252196060e+00 -5.609465933189917486e+00
-1.148624172891024697e+00 3.273958686724576683e+00 -5.588764226259021584e+00
-1.189974835357532124e+00 3.249022923147850683e+00 -5.576440111094117746e+00
-1.228991639014837212e+00 3.218854140891088012e+00 -5.569084956736578107e+00
-1.265516452364810362e+00 3.185255325827227590e+00 -5.564194256664959148e+00
-1.329095343292513887e+00 3.111857222119637889e+00 -5.566218703045443306e+00
-9.808106238359712847e-01 3.305480754567145407e+00 -5.694021446432396161e+00
-1.003551086936610659e+00 3.327537620263790519e+00 -5.655608986800605642e+00
1.210706050089473129e-01 4.221790961404471965e+00 -4.757575565405114837e+00
1.154363459046989088e-01 4.243820267435280513e+00 -4.713054281353763031e+00
1.093487630998049159e-01 4.265729174059661233e+00 -4.668536528385208939e+00
1.030108490026622470e-01 4.287511224655532693e+00 -4.623971283479010985e+00
9.654396890327753000e-02 4.309143557756293319e+00 -4.579377945298374719e+00
8.998211303762289337e-02 4.330097822405519103e+00 -4.534474513720207156e+00
8.339061234666109157e-02 4.350400434211882050e+00 -4.489294401231112452e+00
1.234773194123580109e-01 4.369543495467003602e+00 -4.442804242192116781e+00
1.227269561961718825e-01 4.389540335929898340e+00 -4.397214646257843640e+00
1.212258060743533483e-01 4.221395029618405736e+00 -4.758370659899364696e+00
1.013541250137543481e-01 4.242362492241985805e+00 -4.717363139255469129e+00
6.725877062057905587e-02 4.259690043491000999e+00 -4.684953466309406345e+00
2.381556008951232067e-02 4.271399607049652936e+00 -4.663505557343913921e+00
-2.241874981665565453e-02 4.279005233046828671e+00 -4.646698812663816902e+00
-7.112543071867004352e-02 4.283025738777704206e+00 -4.636663128344768126e+00
-1.205292812895839422e-01 4.284240747041222264e+00 -4.629860762085017178e+00
-1.702150548512652573e-01 4.282595390653563427e+00 -4.625368214491628827e+00
-2.200298490537024310e-01 4.279443467267206813e+00 -4.624035321277631283e+00
5.870282982820274054e-01 4.030812499585263886e+00 -4.970331249810125307e+00
5.838074840870077775e-01 4.038775687739549092e+00 -4.958105689583529596e+00
6.208294929304180032e-01 4.046308324282650304e+00 -4.925533266159454193e+00
-4.784435380637673263e-01 3.914240722872008860e+00 -5.211513078056168702e+00
-5.113991087260607582e-01 3.928201423548739246e+00 -5.176714892084843811e+00
-5.440201882368768116e-01 3.941313382097966223e+00 -5.141366052226908678e+00
-5.764358439070847995e-01 3.953556943475431407e+00 -5.105424308086242036e+00
-6.087884475376927895e-01 3.965649428123056097e+00 -5.069417631640459554e+00
-6.411489891816338771e-01 3.977711027867953941e+00 -5.033340137930345293e+00
-6.730205418603060208e-01 3.988343859390586221e+00 -4.996420752564104006e+00
-6.949564475434673039e-01 4.004931508367353565e+00 -4.954736242802391999e+00
-7.419239449563991284e-01 4.048073550881469806e+00 -4.851509139797996362e+00
-4.663512498524208794e-01 3.920725852392477506e+00 -5.205876914352166374e+00
-4.716427978532363730e-01 3.946159432035167836e+00 -5.163340772192706929e+00
-4.616323032119311054e-01 3.973745286596325421e+00 -5.123060723425291840e+00
-4.457438840196950580e-01 4.000334265963962466e+00 -5.083949185342570232e+00
-4.224970779095114093e-01 4.026294644438738857e+00 -5.048139841538549888e+00
-3.957403900961851684e-01 4.051646366944442690e+00 -5.014494362932907734e+00
-3.868877532328828250e-01 4.076690579356800903e+00 -4.972318148674110816e+00
-3.975243387770852066e-01 4.098722303474603201e+00 -4.928929394451783352e+00
-4.213591444294817467e-01 4.116114435132145921e+00 -4.888730468521012007e+00
-2.177085849393406991e-01 4.116668264262306920e+00 -4.944531648705776661e+00
-2.276495894077612270e-01 4.139123108503699910e+00 -4.900989112983272555e+00
-2.375336103682698652e-01 4.161185609689675324e+00 -4.857247217888479796e+00
-2.474131073737944053e-01 4.183196926414535000e+00 -4.813458082865992083e+00
-2.504481334843416951e-01 4.205527691391206524e+00 -4.768881812328841008e+00
-2.611647061680183457e-01 4.226323119626071545e+00 -4.724845328886635443e+00
-2.028710856332363865e-01 4.118327935186024469e+00 -4.944556418355165128e+00
-1.810273421905551072e-01 4.141607981435976527e+00 -4.906109265392540664e+00
-1.464585228684986140e-01 4.160322311770738857e+00 -4.875315659363237408e+00
-1.078479739892646005e-01 4.176229898653163630e+00 -4.848074213661750065e+00
-6.466203096071815315e-02 4.189301643071580372e+00 -4.826702023630647709e+00
-1.963277295721452959e-02 4.200058323916053382e+00 -4.808045830043019997e+00
2.012334336296220036e-02 4.213393098740728426e+00 -4.781016795237333916e+00
2.771237892104820411e+00 1.972647891577492762e+00 -3.308234983842442745e+00
2.784081160837578395e+00 1.978973449090661196e+00 -3.260367932829264959e+00
2.796953485977405229e+00 1.985287715653726304e+00 -3.212486075293942811e+00
2.809916952668359169e+00 1.991609007371504036e+00 -3.164611679314632831e+00
2.822878923005717855e+00 1.997923645647758262e+00 -3.116742727222292952e+00
2.833285621956236788e+00 2.022589989824678192e+00 -3.074553922669080119e+00
2.841109379337598995e+00 2.058345449203159205e+00 -3.040517209439624668e+00
2.847091066904145595e+00 2.099732162685779002e+00 -3.013105310448286556e+00
2.850758469805386941e+00 2.143860757715162713e+00 -2.990028943161013419e+00
2.771101966776511993e+00 1.957724248299979042e+00 -3.308534387915461839e+00
2.782169034467196322e+00 1.932520475235009361e+00 -3.266859756106760049e+00
2.790299090533697512e+00 1.895328513317108499e+00 -3.234524300193502899e+00
2.750724592463968499e+00 2.416357426843096512e+00 -3.269398304793185606e+00
2.759690942519823054e+00 2.438846973701418008e+00 -3.225685525921277996e+00
2.767645835745467853e+00 2.461151913436118832e+00 -3.181689413635105712e+00
2.775500907140791895e+00 2.483423894508521190e+00 -3.137644537819189061e+00
2.787865022704398399e+00 2.486894571363207351e+00 -3.089375693509746057e+00
2.801344160179111586e+00 2.476482806680265547e+00 -3.042392522749644002e+00
2.815508990839485470e+00 2.458179313054030590e+00 -2.998090594024724442e+00
2.829798360573607230e+00 2.435400677799163027e+00 -2.955944044151897376e+00
2.842952912725623449e+00 2.426525998669550432e+00 -2.908569779370310471e+00
2.754088347576782780e+00 2.402362199004574705e+00 -3.265426441726783313e+00
2.768146965011091698e+00 2.393787764233394455e+00 -3.218292134041651487e+00
2.782328552379070619e+00 2.370526621732839789e+00 -3.176418444992711976e+00
2.796313949464315662e+00 2.342146816572070467e+00 -3.137746836211928514e+00
2.809392697041322773e+00 2.307630000332032250e+00 -3.104079471292124026e+00
2.820171175116991780e+00 2.268369097912705357e+00 -3.075134832990208178e+00
2.831171565139641189e+00 2.230016085169743256e+00 -3.045294848505472274e+00
2.723731979195501474e+00 1.457909184717246731e+00 -3.288771815694698120e+00
2.735394916001441690e+00 1.463426164743664826e+00 -3.249499251748784179e+00
2.741131198768277599e+00 1.435272406749711571e+00 -3.208367388542095799e+00
2.748142651841458228e+00 1.411057163296691286e+00 -3.165298956896326121e+00
2.754215750113496064e+00 1.388034594098365160e+00 -3.123821670316106580e+00
2.758570136902839032e+00 1.368910209905889630e+00 -3.088950158212464103e+00
2.774507518483573243e+00 1.389083695200399093e+00 -3.046091448554766767e+00
2.790317708726790524e+00 1.417937950180490292e+00 -3.008478059341299637e+00
2.804836423576246407e+00 1.452236339483024219e+00 -2.975282192776302459e+00
2.737608744452086018e+00 1.559192647421913325e+00 -3.301640161046871746e+00
2.750744303330257434e+00 1.555731494300275353e+00 -3.254224782376849756e+00
2.762674333807305871e+00 1.552593363088610179e+00 -3.211164124883753246e+00
2.772260121646353159e+00 1.549944176896302928e+00 -3.173049140476515539e+00
2.781204777820805329e+00 1.547479999788315741e+00 -3.136963556703435074e+00
2.795178056965738733e+00 1.581122135014928931e+00 -3.102738720475875844e+00
2.807643135012126923e+00 1.623596428090979371e+00 -3.079557541007023502e+00
2.820427495116991423e+00 1.657598783151386312e+00 -3.045320906659637838e+00
2.833480080084408659e+00 1.674569576404481230e+00 -3.000301655760225117e+00
2.826582016059944635e+00 1.794077642072344991e+00 -3.074220536919136215e+00
2.826924035979558880e+00 1.797768059575696187e+00 -3.074307252039526706e+00
2.827879763986105743e+00 1.810781880230725394e+00 -3.074551018534796398e+00
2.828861701299134168e+00 1.838974806986270583e+00 -3.074799743683751085e+00
2.830183936477070450e+00 1.876928728531055857e+00 -3.075133271924027856e+00
2.837717936108303363e+00 1.920597667737900638e+00 -3.051826988121315143e+00
2.827516547362511901e+00 1.804162791153824053e+00 -3.074458059478730299e+00
2.828120351762954510e+00 1.817701675322649590e+00 -3.074613747107643569e+00
2.828837740135879297e+00 1.838296645435506971e+00 -3.074795116071156187e+00
2.829515277119697636e+00 1.857747891048524336e+00 -3.074966459807857877e+00
2.830206022235203012e+00 1.877577875605437319e+00 -3.075141077557148606e+00
2.842101001584220743e+00 1.898557133151236087e+00 -3.031369925414612254e+00
2.868495114405537283e+00 1.926589824655869698e+00 -2.928638981928571194e+00
2.869620482400757844e+00 1.913648492731498285e+00 -2.923633490048187955e+00
2.870909331795045816e+00 1.898840113942337648e+00 -2.917901082662472501e+00
2.394636472657437842e+00 3.562001930263923644e+00 -2.972342503907250855e+00
2.387678240845930500e+00 3.590050946224277784e+00 -2.931550173829261308e+00
2.380726924439939829e+00 3.618088012911985007e+00 -2.890761598592672232e+00
2.372854704873019305e+00 3.645460079855198821e+00 -2.849686975012261314e+00
2.364852819072810419e+00 3.672870545315758406e+00 -2.808600629152460115e+00
2.356953528813102494e+00 3.700326180402512932e+00 -2.767537361411775532e+00
2.348371394638393284e+00 3.727229792902459149e+00 -2.726294713210488219e+00
2.339743774719424518e+00 3.754099242147708182e+00 -2.685032318537122542e+00
2.331114771637494254e+00 3.780959725905455482e+00 -2.643765908376458640e+00
2.403409449074857651e+00 3.551502429097673996e+00 -2.966344006362391816e+00
2.414199514585083417e+00 3.556141940170209459e+00 -2.917766473424524776e+00
2.432244138456225446e+00 3.547309469805874915e+00 -2.872034114277937089e+00
2.452741099050755214e+00 3.533406854264576680e+00 -2.828727338557693649e+00
2.498909342757165586e+00 3.497848529513955640e+00 -2.735463015574359780e+00
2.504891836824564511e+00 3.484872305681895988e+00 -2.741657346840651321e+00
2.529680828996319519e+00 3.456887000279858846e+00 -2.708449616525498538e+00
2.554881412326496015e+00 3.426995097867691076e+00 -2.677348449589339374e+00
2.578952769277104817e+00 3.395231489969876559e+00 -2.647257223400772297e+00
2.545656991223736565e+00 3.259324261094517006e+00 -3.048767621738908140e+00
2.568933371162911872e+00 3.229263176968869775e+00 -3.016287640793437141e+00
2.591673623319127984e+00 3.201668403798656026e+00 -2.981337602441265222e+00
2.613898528009062083e+00 3.175024607314891334e+00 -2.945352459441178183e+00
2.634713551373148110e+00 3.148356334610622476e+00 -2.908567524493554046e+00
2.655468178047826200e+00 3.121975400375785359e+00 -2.871517824647506600e+00
2.676179465766835186e+00 3.095782508529586252e+00 -2.834315936475896969e+00
2.695801232402364800e+00 3.069275976968730557e+00 -2.796772443786102791e+00
2.732837093430844799e+00 2.993844942867483372e+00 -2.761312257312163787e+00
2.542476802648099721e+00 3.258440800441544383e+00 -3.062259110209477164e+00
2.545302264342326648e+00 3.259224653409674488e+00 -3.050274429472679572e+00
2.547446928919582909e+00 3.259819590793990862e+00 -3.041177549326122165e+00
2.571670059341181869e+00 3.220763822387568087e+00 -3.021476135917343431e+00
2.594772762649663722e+00 3.177598763439135610e+00 -3.011390037522438501e+00
2.613862042773475114e+00 3.131634935931018937e+00 -3.015413770556222062e+00
2.629934286427447088e+00 3.085619742237194263e+00 -3.026647985657504591e+00
2.643521290732368190e+00 3.041060811582702250e+00 -3.044626714200789230e+00
2.654661764328787754e+00 2.997173428203477652e+00 -3.065697847420447264e+00
1.827062917741034465e+00 3.908510959629553749e+00 -3.733956709280906061e+00
1.804605796941758822e+00 3.943151075917979309e+00 -3.705794919103207796e+00
1.780990826245606673e+00 3.976328185324989217e+00 -3.677024960103838946e+00
1.722703327413050989e+00 4.048303076077806040e+00 -3.628171067045751208e+00
1.728382713523433090e+00 4.047835503936381585e+00 -3.617338403764069454e+00
1.703554925091200767e+00 4.080283832873236705e+00 -3.588744715639946126e+00
1.678094416156490354e+00 4.111876396906432696e+00 -3.559778445174057282e+00
1.652402523423651903e+00 4.143380111798331100e+00 -3.530627806137009106e+00
1.626666336669287949e+00 4.174742834318067253e+00 -3.501452172753400927e+00
1.819207776783902997e+00 3.910406199642342262e+00 -3.746506208832380835e+00
1.783079382636435728e+00 3.944855037344193516e+00 -3.746142542238759976e+00
1.744181306740539394e+00 3.972696208933868878e+00 -3.759858906262592448e+00
1.705601662182420153e+00 3.997899916829974920e+00 -3.778918224600336107e+00
1.668429232514869520e+00 4.018918997272423965e+00 -3.804675033630223524e+00
1.631103779011404020e+00 4.035949648295833470e+00 -3.833023270741618305e+00
1.590425005715119022e+00 4.062225907004094694e+00 -3.844999756926407386e+00
1.551133723884406068e+00 4.092943032933696657e+00 -3.844280160293398474e+00
1.513241312918647496e+00 4.123979343382319307e+00 -3.835042153358891870e+00
2.052243367017864362e+00 3.839733480087470952e+00 -3.361425889369148212e+00
1.995581071111588889e+00 3.917519727062972024e+00 -3.324325393952541230e+00
2.001371978505755767e+00 3.928196151172103079e+00 -3.281784520121115989e+00
1.988646657664380202e+00 3.956176414741003455e+00 -3.242370018597914516e+00
1.974863888680723933e+00 3.984724503213453950e+00 -3.203727382279493607e+00
1.944771238195447172e+00 4.028200311361545438e+00 -3.167558899700011477e+00
1.949394706950422940e+00 4.038710541113393226e+00 -3.127474652225475715e+00
1.953592267994962661e+00 4.048755945110468879e+00 -3.087211661477931024e+00
1.937835529514333244e+00 4.076656448372735220e+00 -3.048829103286239572e+00
2.062665596675216317e+00 3.829920083196292069e+00 -3.357390964705370795e+00
2.097831212374311249e+00 3.811213078634063223e+00 -3.309531074613212276e+00
2.106556644813904366e+00 3.820486692600795653e+00 -3.264671628353091659e+00
2.114660839177759932e+00 3.829126254361860049e+00 -3.220242363600030355e+00
2.122670553365136215e+00 3.837767336182623890e+00 -3.175484534551197946e+00
2.146812716615448036e+00 3.826065548552714635e+00 -3.133346361725310558e+00
2.173123106071474187e+00 3.810307109396167125e+00 -3.094007887779896659e+00
2.200861103714715217e+00 3.790820803809912043e+00 -3.057523105746613457e+00
2.240809026800578252e+00 3.751576085429596752e+00 -3.032900882956839794e+00
1.649018567368937260e+00 3.952948189647819355e+00 -3.982544711111753344e+00
1.611816364815400471e+00 3.985869277828333779e+00 -3.978979940998172538e+00
1.573430909937794775e+00 4.017461831275260131e+00 -3.974762949437291137e+00
1.532638701205123244e+00 4.042184556180347776e+00 -3.989126844943026828e+00
1.495018138446907230e+00 4.057863375865855993e+00 -4.017693741306682220e+00
1.459704580902538407e+00 4.067257284786345295e+00 -4.051564158460554843e+00
1.418021911365351162e+00 4.086967250846607946e+00 -4.070154228080870240e+00
1.376413920093479959e+00 4.114444547933331364e+00 -4.071575906486385676e+00
1.337616946033945986e+00 4.143863266435263704e+00 -4.060899048161351388e+00
1.654699046170990284e+00 3.954499080518811827e+00 -3.968859359750321225e+00
1.633123340914558685e+00 3.987419923653816145e+00 -3.938354968348475538e+00
2.588918870743929901e+00 2.970587278668484377e+00 -3.330710234778605283e+00
2.608765801673277984e+00 2.926811347371686356e+00 -3.317103032411442332e+00
2.628612590210681166e+00 2.883037216330129660e+00 -3.303494098319565975e+00
2.647064905452983119e+00 2.838827560460237986e+00 -3.289472216276722705e+00
2.661812620570609411e+00 2.791409792485143537e+00 -3.286451485793833616e+00
2.670752999647169723e+00 2.745524893173273639e+00 -3.301784485393603585e+00
2.673011146627165324e+00 2.707163412393791102e+00 -3.332532703387402595e+00
2.666494737569877760e+00 2.683187967496228676e+00 -3.374866761486971622e+00
2.653414635211143846e+00 2.677769800164535141e+00 -3.421757347328340249e+00
2.590158639185198730e+00 2.977758292085388003e+00 -3.317667473207836171e+00
2.610448301066652821e+00 2.952720634155999502e+00 -3.279555914500156710e+00
2.628020474895394365e+00 2.941163200632791241e+00 -3.234256704048549924e+00
2.643900963863698550e+00 2.935708378394087603e+00 -3.187202629196297377e+00
2.703695551508735306e+00 2.764220479476461989e+00 -3.169831532274623775e+00
2.694876415516504142e+00 2.807011458991655939e+00 -3.153311697344301390e+00
2.685536343347889154e+00 2.851211394366662155e+00 -3.136218467370586627e+00
2.688409300435712357e+00 2.878501333352156077e+00 -3.094497998715384668e+00
2.696249854344545227e+00 2.892826627188050725e+00 -3.047328795972390036e+00
2.710036096544385487e+00 2.888881220063024724e+00 -2.999521671666594447e+00
2.726773690487879431e+00 2.873688822724195013e+00 -2.955020776142567751e+00
2.750097037264972233e+00 2.845558122423755165e+00 -2.894412469981087810e+00
2.769558098654799405e+00 2.807842410076629047e+00 -2.861780035600792971e+00
2.702918003862178509e+00 2.768919619808567933e+00 -3.168070753540409346e+00
2.693409916131675352e+00 2.813954303403359170e+00 -3.150624480686607498e+00
2.685902426391816533e+00 2.857612575245336295e+00 -3.127542798977104077e+00
2.680634956702536709e+00 2.898588060362768282e+00 -3.099463067631370361e+00
9.181235001235636961e-01 4.114983704955918142e+00 -4.591275949650309052e+00
9.399448820381312020e-01 4.127192055639460122e+00 -4.548029893703419368e+00
9.616176841251290464e-01 4.139006125400569225e+00 -4.504613822908711818e+00
9.680241948140255737e-01 4.158306036335384981e+00 -4.458974848418494119e+00
9.633885977017089264e-01 4.181285356285268762e+00 -4.414839640154516687e+00
9.505311435436289980e-01 4.205918788931845675e+00 -4.373319437719792369e+00
9.312977680267756631e-01 4.231625656225142862e+00 -4.335010934396121840e+00
9.078853688310501990e-01 4.257718508813674418e+00 -4.299382018371442626e+00
8.816608417044995427e-01 4.282883643983139699e+00 -4.265145513196661575e+00
9.048819777797558750e-01 4.121475689757068572e+00 -4.588987796709964151e+00
8.979569446539353850e-01 4.145810833418356545e+00 -4.545906998121214571e+00
8.385476583834630127e-01 4.182940933799587313e+00 -4.519619487459396900e+00
8.340041989495228236e-01 4.203307235552693477e+00 -4.482174812185196977e+00
8.296821980656039486e-01 4.219533559020002045e+00 -4.449710734562351000e+00
8.265374496095654333e-01 4.231314987271889372e+00 -4.426144833363440334e+00
7.212575096256421681e-01 4.268882489519768342e+00 -4.424228774636046246e+00
7.208293823182683191e-01 4.267276773122978817e+00 -4.427950448521984050e+00
7.196698111063239978e-01 4.262696597708328206e+00 -4.438521774889109928e+00
1.221358989956570884e+00 4.064321345537584840e+00 -4.381017959220695701e+00
1.253386720858050918e+00 4.064373996653951160e+00 -4.342671230546554462e+00
1.285419359003280748e+00 4.064429426131668244e+00 -4.304312979247908899e+00
1.316542208413387760e+00 4.063081592158495958e+00 -4.265267615051072880e+00
1.333636266019579519e+00 4.073669475390222061e+00 -4.219727764666698633e+00
1.334403213510303443e+00 4.094933745529640845e+00 -4.174683230662065370e+00
1.228932111767938595e+00 4.055356633832097657e+00 -4.390250452928825098e+00
1.272571796386304799e+00 4.037751329898228825e+00 -4.373618586036869260e+00
1.314920998092286908e+00 4.011557777210495779e+00 -4.370139025271368993e+00
1.356077717315613107e+00 3.983136975398703594e+00 -4.372530588599865098e+00
1.394269660638959962e+00 3.952661367484049837e+00 -4.382024558047934448e+00
1.421874382015553051e+00 3.918871558937792265e+00 -4.405681219218071654e+00
1.441994807847383209e+00 3.886270412260497409e+00 -4.437573027054029673e+00
1.451919106067243170e+00 3.857082159621535222e+00 -4.476774133508071074e+00
1.446784069129667838e+00 3.835708792511880461e+00 -4.521449750024370218e+00
1.450515882523685907e+00 4.019395679096704477e+00 -4.167980182211849183e+00
1.448299148089068789e+00 4.016113364748087555e+00 -4.178218441770407132e+00
1.451068741875544577e+00 4.020180236484321767e+00 -4.165499460638326212e+00
-6.393992674647994701e-01 2.145656098073148499e+00 -6.481162755722361446e+00
-6.733541106490162909e-01 2.146181764171991357e+00 -6.467824457438688945e+00
-7.112482133279871555e-01 2.146990383545685610e+00 -6.448374960954564195e+00
-7.512661456237338387e-01 2.087943914402668355e+00 -6.432913173988135114e+00
-7.945043536542787388e-01 2.083624452355738121e+00 -6.412273809655435031e+00
-8.309912610788194876e-01 2.079904890862989575e+00 -6.393340712738035947e+00
-8.586098478050457894e-01 2.076885352194481449e+00 -6.376902077668778368e+00
-8.778601842439931469e-01 2.032172309763403906e+00 -6.366834945408914592e+00
-9.090856904946239547e-01 1.998013858651659147e+00 -6.348940672563093024e+00
-6.486086668611070749e-01 2.145937309624416756e+00 -6.477608503062818990e+00
-6.862568780188424977e-01 2.146435976063570283e+00 -6.461204314482668742e+00
-7.258283123822595329e-01 2.147285724261648543e+00 -6.440893325633822109e+00
-7.663869445032837069e-01 2.086458161804517708e+00 -6.425694305922502458e+00
-8.104790350213904038e-01 2.082064859237952259e+00 -6.404646843671550016e+00
-8.522880663956962088e-01 2.077646218710294868e+00 -6.380662538759383828e+00
-8.915518544863679784e-01 2.065151938515384700e+00 -6.357560350599670507e+00
-9.324284019100943510e-01 2.062825442833513101e+00 -6.333160621598967310e+00
-9.720077944344583942e-01 2.072044872898405554e+00 -6.307519400595586134e+00
-8.081891248921128090e-01 2.655615666913421880e+00 -6.261804612991191732e+00
-8.299381133996093229e-01 2.637701895295498922e+00 -6.258643331060897985e+00
-8.577091182028940830e-01 2.612965724593988792e+00 -6.252248380695372809e+00
-8.892479784885642946e-01 2.584170921076104133e+00 -6.244313479130269684e+00
-9.246442690924698837e-01 2.547176307218431912e+00 -6.237211631616125018e+00
-9.645066734657086194e-01 2.522012346106250913e+00 -6.221495772611949526e+00
-1.002481391468867056e+00 2.495767646216821234e+00 -6.202873513337766376e+00
-1.039506307113233330e+00 2.466958081554386784e+00 -6.185828075155081152e+00
-1.077525768958065955e+00 2.440882866911123994e+00 -6.166901034094940393e+00
-7.969982707951022149e-01 2.664836700166172356e+00 -6.263429496705342991e+00
-8.002652699577669226e-01 2.662145086841233077e+00 -6.262954977561089542e+00
-8.042383495476616018e-01 2.658872076298942844e+00 -6.262377743212188541e+00
-8.078345362938421648e-01 2.655909220319466968e+00 -6.261855426311289108e+00
-8.112179346051345830e-01 2.653122165255396681e+00 -6.261363777973558697e+00
-8.201960231105858146e-01 2.645726202210255895e+00 -6.260059306946091695e+00
-8.269452170840566607e-01 2.640164851759879472e+00 -6.259079415888797016e+00
-8.279545541089654570e-01 2.639332809736821162e+00 -6.258933042495074872e+00
-8.250720833131498511e-01 2.641707625699814876e+00 -6.259351706642036994e+00
-8.807986579870473731e-01 2.240849028101405516e+00 -6.346192776791876433e+00
-9.161138145238634234e-01 2.210067555698023600e+00 -6.330192036950865742e+00
-9.491274714836449578e-01 2.178795377815824885e+00 -6.312025765321841675e+00
-8.723311434698118871e-01 2.231054286446277235e+00 -6.352993891295470874e+00
-8.878082695567157678e-01 2.183781828917923828e+00 -6.350726959791864523e+00
6.570260025794324443e-01 2.515054028824472265e+00 -6.391807365437744970e+00
6.230493620440545888e-01 2.550128998414454173e+00 -6.393164056513423787e+00
5.884619284852400378e-01 2.585487360725342132e+00 -6.394390092355004107e+00
5.529715912707416914e-01 2.620315760825087104e+00 -6.393875882089651519e+00
5.172059240086335219e-01 2.654541958747396180e+00 -6.391452058251173796e+00
4.957889307473372642e-01 2.697390101507955773e+00 -6.379499049414866896e+00
4.718485493167905442e-01 2.736435374995358494e+00 -6.368368258295053153e+00
6.495768100232430786e-01 2.504363972280218231e+00 -6.398654958723216879e+00
6.038982497339426825e-01 2.514944084304491234e+00 -6.413513254463762081e+00
5.589919899653804647e-01 2.510367491636441795e+00 -6.432601893111171698e+00
5.147256468998642198e-01 2.499862613614393769e+00 -6.452089446527263128e+00
4.893954266060566716e-01 2.825954651046476140e+00 -6.316318640022291930e+00
5.359644157136920217e-01 2.811441182992489907e+00 -6.307138450365100901e+00
5.853842625755729667e-01 2.795479737416931343e+00 -6.297703055611157730e+00
5.924300590843601944e-01 2.810752475299507669e+00 -6.286735538833621462e+00
5.991418192340782767e-01 2.825338404670245662e+00 -6.276267552854656095e+00
6.060793356825557865e-01 2.840401713321737187e+00 -6.265454721955594053e+00
6.136453462535590431e-01 2.856818192142827506e+00 -6.253668606862413881e+00
6.213748545090685971e-01 2.874275977534834770e+00 -6.239331343807636543e+00
6.301173269367885688e-01 2.893678918069070960e+00 -6.222983962071238828e+00
4.896240511341086177e-01 2.838965871325133783e+00 -6.309100046805237838e+00
5.317118183826482491e-01 2.851838425817393219e+00 -6.286547723567030843e+00
6.119660829757352927e-01 2.853052198532845640e+00 -6.256351622062308770e+00
6.261535168921010808e-01 2.885347762676157224e+00 -6.230102875467332879e+00
6.403004243588512612e-01 2.916957684903061843e+00 -6.203516320188252386e+00
6.690174497001225573e-01 2.943020425634720105e+00 -6.173496165620720788e+00
6.963055708481917794e-01 2.970193994043935248e+00 -6.142595100666902397e+00
7.227579113897051322e-01 2.997452313087233033e+00 -6.110729158838685393e+00
7.613908651530695293e-01 3.009171813077686775e+00 -6.082456570652409411e+00
-9.286436720810673506e-01 3.693789552580219571e+00 -5.277433330866758254e+00
-9.522417704799518434e-01 3.710225375435979522e+00 -5.236542707140692698e+00
-9.757463672540888089e-01 3.726694308449193027e+00 -5.195639995020130186e+00
-9.988115444532107423e-01 3.742338784857926370e+00 -5.154134005339631841e+00
-1.021637332051451352e+00 3.757569792621642257e+00 -5.112347071175564750e+00
-1.068302146296195243e+00 3.798471039285971074e+00 -5.011409279981771547e+00
-1.073605856808113934e+00 3.795129218990780817e+00 -5.012090753224012651e+00
-1.078826907015824066e+00 3.791826205464143396e+00 -5.012764927695958050e+00
-1.084023516712947721e+00 3.788087382535794134e+00 -5.013232599981494175e+00
-9.391551000043428798e-01 3.684490615889451259e+00 -5.282486690789244932e+00
-9.810087456032079434e-01 3.681177264015003114e+00 -5.255432579967941109e+00
-1.025836688239057048e+00 3.666799874149566651e+00 -5.238962388297714767e+00
-1.069940257225263203e+00 3.646997675035965614e+00 -5.226553010736138205e+00
-1.146222764397087923e+00 3.602169647538985497e+00 -5.217404992555526810e+00
-1.145860199863265372e+00 3.601317205043312875e+00 -5.218911414168427854e+00
-1.144862279444017972e+00 3.599086079978077723e+00 -5.222901869187865032e+00
-1.143461324076390895e+00 3.595941401951250338e+00 -5.228520827775100521e+00
-1.141684537956681345e+00 3.591945874925904558e+00 -5.235656960301449558e+00
-1.046233217761816547e+00 3.450967461009692538e+00 -5.491442488948201195e+00
-1.067565834561813976e+00 3.468254703099804548e+00 -5.452491426182107581e+00
-1.104769751293345648e+00 3.492707320974759888e+00 -5.391339159141228521e+00
-1.119838587394087037e+00 3.482611363671365812e+00 -5.390369163029371080e+00
-1.134597784500714468e+00 3.472722872682308726e+00 -5.389419084964324647e+00
-1.150391061895137179e+00 3.462141572835829351e+00 -5.388402425742043533e+00
-1.167718770781402515e+00 3.449548400050162389e+00 -5.386702420230279564e+00
-1.187501406251921132e+00 3.434462908513193913e+00 -5.384335265136296123e+00
-1.211614104224008726e+00 3.416075819974290884e+00 -5.381449592887062039e+00
-1.047913096175911107e+00 3.452332289975618806e+00 -5.488371033340543548e+00
-1.070038071530746260e+00 3.470270849279744052e+00 -5.447962242433177948e+00
-1.100532550418000799e+00 3.495546256473292424e+00 -5.391611844531545295e+00
-1.104530185863167313e+00 3.492867905660152150e+00 -5.391354486874258001e+00
-1.108052380934348768e+00 3.490508083991778587e+00 -5.391127746602801807e+00
-1.114043042390736149e+00 3.486494427610239644e+00 -5.390742095483965990e+00
-1.118896425510683690e+00 3.483242728378271647e+00 -5.390429660493929021e+00
-1.122281321804886156e+00 3.480974894803083863e+00 -5.390211759000485436e+00
-1.127833535101949503e+00 3.477254992744110762e+00 -5.389854332663638559e+00
-7.632594992834417225e-01 3.805663265737486256e+00 -5.232256240798367486e+00
-8.300784470420035088e-01 3.848187464925871826e+00 -5.125658872844034875e+00
-8.395397791534163767e-01 3.842142207637038620e+00 -5.127785789181148246e+00
-8.451522175813598325e-01 3.838561644799963091e+00 -5.129039201432358475e+00
-8.427768427608012258e-01 3.840080752487726290e+00 -5.128503132410005882e+00
-8.367401570271804090e-01 3.843939082599055368e+00 -5.127144222007487429e+00
-8.326078595437341745e-01 3.846581346358994846e+00 -5.126212315613453363e+00
-8.315564116033140607e-01 3.847255105061360148e+00 -5.125973011373678112e+00
-8.326369741174611816e-01 3.846566429633780260e+00 -5.126213287153642106e+00
-7.719664381416538879e-01 3.796698623928114635e+00 -5.239916428028630335e+00
-8.171906178123955478e-01 3.789083678212174622e+00 -5.222321547550427212e+00
-8.629540201097160024e-01 3.778561592592321272e+00 -5.206569021194567881e+00
-7.241195554474112450e-01 3.719763258300341491e+00 -5.379185131768738692e+00
-7.144699175131945523e-01 3.706107127708237581e+00 -5.402525427672411951e+00
-7.197659552912722969e-01 3.713606687098946146e+00 -5.389709380446406684e+00
-6.440574314233382669e-01 2.736344598153112706e+00 -6.303281449302177819e+00
-5.491302633864285632e-01 2.748501838822422272e+00 -6.336269883369570088e+00
-5.048131893360918721e-01 2.738919198914567144e+00 -6.357086104272800853e+00
-4.605989762612703875e-01 2.730726493822485779e+00 -6.375881539448679192e+00
-4.162824848454838023e-01 2.722897289509356611e+00 -6.393029632978053378e+00
-6.400425626733885487e-01 2.749652007135894749e+00 -6.298466830031721919e+00
-5.605217404897960831e-01 2.781688527269788214e+00 -6.315695813617013599e+00
-5.645501589049068958e-01 2.793367516769681203e+00 -6.308448340696437562e+00
-5.721049413139576156e-01 2.816024854313351700e+00 -6.293409662111922209e+00
-5.816264565888282778e-01 2.845509752617256805e+00 -6.271554380757453195e+00
-5.456651986570654200e-01 2.894417017625229960e+00 -6.256129774704871416e+00
-5.483023481349496020e-01 2.935584233943386412e+00 -6.230554289635480636e+00
-5.501644907791705119e-01 2.975685980611321391e+00 -6.203039170685659798e+00
-5.514540431387587871e-01 3.010065830378366059e+00 -6.177816426103093228e+00
-9.821011332457783016e-01 2.814448501117620793e+00 -6.072469906729946132e+00
-1.077439002363396847e+00 2.763358943505814569e+00 -6.032275963890210591e+00
-1.076529692073072253e+00 2.753980126453544841e+00 -6.038496363707891668e+00
-1.075539796340899912e+00 2.744777594475003468e+00 -6.044410119047703311e+00
-1.074077709019988003e+00 2.734597092521021011e+00 -6.050219726183817315e+00
-1.072431559094362719e+00 2.723117307716309554e+00 -6.056768904891557170e+00
-1.070532205552761740e+00 2.709893345498613826e+00 -6.064315423438017660e+00
-1.068328014289374961e+00 2.694562674127735757e+00 -6.073065844848231976e+00
-1.102876358010031144e+00 2.659429494498541935e+00 -6.063326572747262944e+00
-9.847221437847590852e-01 2.826264440930530863e+00 -6.063837238910427807e+00
-1.025195822851159733e+00 2.824866782324677139e+00 -6.034904602726752110e+00
-1.064758003570815292e+00 2.826670140869059544e+00 -6.004773327902864111e+00
-1.096087868559972200e+00 2.843980670917316544e+00 -5.970265784735549808e+00
-1.121453145586464251e+00 2.868125196023092016e+00 -5.935088766367954349e+00
-1.143638578541731121e+00 2.895038140355880252e+00 -5.899478073883417828e+00
-1.164115206937603952e+00 2.923696046335225063e+00 -5.864175006306029836e+00
-1.183122366530021230e+00 2.952968716364773094e+00 -5.828577843538044867e+00
-1.200181125541392113e+00 2.981765021484680922e+00 -5.791574885347689161e+00
-1.384278875791657759e+00 3.123299663474272236e+00 -5.498419482512001188e+00
-1.420224690936428003e+00 3.092617919218963785e+00 -5.486759234096635574e+00
-1.453283349759271648e+00 3.061533001144735699e+00 -5.473899426028716597e+00
-1.478868776347809000e+00 3.006608262695499523e+00 -5.488976201477779426e+00
-1.513565442480270695e+00 2.976600635353877422e+00 -5.473585208660249002e+00
-1.546582596883424587e+00 2.945208447815415909e+00 -5.456461296566488706e+00
-1.579235974880136117e+00 2.913091976547045547e+00 -5.438681812475685717e+00
-1.613767497861375189e+00 2.885085468522082586e+00 -5.415595501114408350e+00
-1.647271016480688077e+00 2.856207340742427547e+00 -5.392526980968637140e+00
-1.329846688449661363e+00 3.112266111982253225e+00 -5.565068862260729610e+00
-1.332084492841138168e+00 3.113486047805726464e+00 -5.561642298925572270e+00
-1.385839203280913701e+00 3.122011088763392728e+00 -5.497946600681307139e+00
-1.422129940919309998e+00 3.090827533309286501e+00 -5.486017178659273519e+00
-1.456741068767073211e+00 3.058284665150797110e+00 -5.472551957683112533e+00
-1.483536838425924431e+00 3.002559907306626030e+00 -5.486914415337604822e+00
-1.519008788518758868e+00 2.971882291042400759e+00 -5.471179101154922897e+00
-1.552017995029608244e+00 2.939880376462751688e+00 -5.453488856660859696e+00
-1.584136643958802715e+00 2.904872262575323827e+00 -5.438458311076513674e+00
1.219097311871354256e-01 4.408525864959048413e+00 -4.351207526042108142e+00
1.244399001804636085e-01 4.427457052893681855e+00 -4.305026886807595154e+00
1.265879173061193463e-01 4.446350139091989284e+00 -4.258823393688712322e+00
1.285127937368534257e-01 4.464978739073346858e+00 -4.212589498510985742e+00
1.300848384392792878e-01 4.482991567065391258e+00 -4.165988387023026540e+00
1.315948289977503238e-01 4.500961717201063195e+00 -4.119370538108841018e+00
1.331021313555067476e-01 4.518844346260625144e+00 -4.072691376963842202e+00
1.345802670765377240e-01 4.536687514897500328e+00 -4.026019494493866979e+00
1.359972533406645645e-01 4.553727855222228449e+00 -3.979046529069516502e+00
1.219185827793841659e-01 4.408181074244855502e+00 -4.352043594584491082e+00
1.104711779413799222e-01 4.427051011130681779e+00 -4.307286935737762334e+00
7.467582732046627869e-02 4.448239249754835534e+00 -4.258875807282772818e+00
6.407059565887222863e-02 4.445849364086440048e+00 -4.265683622225725280e+00
4.482599654888203000e-02 4.441503972361195096e+00 -4.278058430675130808e+00
2.075345979015591480e-02 4.436069264609226792e+00 -4.293535722079158568e+00
-5.281325578791603095e-03 4.429352810608788715e+00 -4.309979440412324614e+00
-3.415202248861865658e-02 4.421047531443697665e+00 -4.327790420108233782e+00
-8.354866224945632636e-02 4.423220100321954895e+00 -4.318999564496304622e+00
-2.687164176414365002e-01 4.271459150786681036e+00 -4.631159889842894728e+00
-3.172268628609312136e-01 4.261433040142796891e+00 -4.637248498033645028e+00
-4.066059324556219323e-01 4.240925288466486975e+00 -4.651733141150107720e+00
-4.102083692657765290e-01 4.245710998388998902e+00 -4.640000468276145540e+00
-4.157551029136922760e-01 4.253045669716431831e+00 -4.622008344171556260e+00
-5.063846968107170721e-01 4.241876224327371325e+00 -4.606385174069268729e+00
-5.080019772868049621e-01 4.250017572023895518e+00 -4.589056262971304534e+00
-5.098153443060958745e-01 4.259145962894470117e+00 -4.569626419607947021e+00
-5.116641656571218055e-01 4.268452846307466686e+00 -4.549816655150296540e+00
-2.694519521284430841e-01 4.277801735298280228e+00 -4.617663442375412153e+00
-3.142527831966848706e-01 4.281534597282983690e+00 -4.596063498203367459e+00
-3.503645352224166731e-01 4.291836725928660279e+00 -4.563378143666606768e+00
-3.814850325794186259e-01 4.304055959126455555e+00 -4.526517398824647209e+00
-4.011975285461427676e-01 4.319971949736693517e+00 -4.483637525183107542e+00
-4.657117509311378689e-01 4.327502480898671955e+00 -4.440317395621906194e+00
-4.712883938190610134e-01 4.346866722824691998e+00 -4.395490002255195705e+00
-4.765307520690237331e-01 4.364550496221738740e+00 -4.350419136634758210e+00
-4.191266328138975594e-01 4.395190260114445024e+00 -4.303556482378386505e+00
-7.248547835779098891e-01 4.056747356960593187e+00 -4.845642047438815325e+00
-6.970889329221825470e-01 4.070845008746321270e+00 -4.836119938690915276e+00
-6.754322112566177871e-01 4.097529801985101194e+00 -4.799711051227186331e+00
-6.500578345744456588e-01 4.123923620861580375e+00 -4.765724357148228840e+00
-6.225463163436806280e-01 4.148963179150671365e+00 -4.732360643972093328e+00
-5.949601147706139459e-01 4.173995358819772683e+00 -4.699053969125873031e+00
-7.371484910600870633e-01 4.050504904187149258e+00 -4.849859062038007096e+00
-7.292433672881172280e-01 4.054518492089856707e+00 -4.847148253448223088e+00
-7.246639818618914042e-01 4.056844310404896348e+00 -4.845576471004973129e+00
-7.197074981876360189e-01 4.059361119938460050e+00 -4.843876241245530956e+00
-7.058604249437143707e-01 4.066392074989787275e+00 -4.839126867949657296e+00
-7.017875797909838287e-01 4.068460849858621664e+00 -4.837728534012440740e+00
-7.064620097276782529e-01 4.066087198295508465e+00 -4.839332128017101553e+00
-7.205255354105211119e-01 4.058945850149137335e+00 -4.844156642807276647e+00
-7.267232691619324170e-01 4.055799193306113715e+00 -4.846281854553647683e+00
-4.184449254251930150e-01 4.138208020389337882e+00 -4.849150437271983805e+00
-4.317713561309408643e-01 4.158129595363488029e+00 -4.807940862461755671e+00
-4.451269050538246286e-01 4.176928528391979256e+00 -4.764535022156277222e+00
-4.737885101110999031e-01 4.190002137971855056e+00 -4.725904987412341995e+00
-4.200590520761270930e-01 4.140623903078395784e+00 -4.844153646001931435e+00
-4.336385824144470269e-01 4.160831527275516528e+00 -4.801821516749048335e+00
-4.470482329774103092e-01 4.179621400659142338e+00 -4.758297593556626737e+00
2.851127951399442306e+00 2.442712316280806206e+00 -2.861990215021016581e+00
2.859320139508553016e+00 2.458832138975032500e+00 -2.815388412547787489e+00
2.867513737143371877e+00 2.474951612725565298e+00 -2.768780938038057027e+00
2.875398398824286161e+00 2.491012628315923294e+00 -2.722101556721103766e+00
2.882404531545282644e+00 2.506921040318683236e+00 -2.675240088648153769e+00
2.889402604336321456e+00 2.522828019382669318e+00 -2.628368308549535293e+00
2.896347288078330529e+00 2.538729842325251784e+00 -2.581485060667493503e+00
2.903002313499857934e+00 2.554584725888227936e+00 -2.534541377550840302e+00
2.905401415333773496e+00 2.603617634760112765e+00 -2.476539026130356369e+00
2.853761319965667287e+00 2.428191916840621634e+00 -2.859810164558350909e+00
2.866288240263822562e+00 2.412629336588759443e+00 -2.813998540149786010e+00
2.879083024143930469e+00 2.383349318231286151e+00 -2.775570262726861692e+00
2.891273542008883535e+00 2.349373006407295517e+00 -2.741016825389861911e+00
2.902430713836257503e+00 2.310107370714534536e+00 -2.712244114709656984e+00
2.911654241545581279e+00 2.268271147277910682e+00 -2.686555318473122345e+00
2.920072259997449127e+00 2.225065333388165811e+00 -2.662936707749962384e+00
2.928053926940614282e+00 2.180447797581613223e+00 -2.641888467813831021e+00
2.934700828521177751e+00 2.134748965788581643e+00 -2.622884916099389230e+00
2.819476014720948776e+00 1.486163058533036541e+00 -2.941714491218801353e+00
2.826783491649748292e+00 1.546730054599638970e+00 -2.956730046314893112e+00
2.838577992491920998e+00 1.589438009301114896e+00 -2.935053787974685413e+00
2.814827805889177359e+00 1.507596814293038490e+00 -2.976374935298912838e+00
2.827219887094289952e+00 1.548185968999424400e+00 -2.956034246520359954e+00
2.838473963709236880e+00 1.589001318186950229e+00 -2.935260325810247650e+00
2.871686607896780874e+00 1.873460917827078465e+00 -2.907698974702986217e+00
2.872619736971528503e+00 1.838705852498486282e+00 -2.893741966113379416e+00
2.879553035277488959e+00 1.807663490159097552e+00 -2.855153823657073708e+00
2.885448534055145675e+00 1.773501169158971269e+00 -2.819173092797984559e+00
2.890682830034561945e+00 1.737845114669604785e+00 -2.784519756901878473e+00
2.896306471797394533e+00 1.703926371766569803e+00 -2.748247827088111883e+00
2.903575174878963772e+00 1.683903490414307536e+00 -2.703058870286636051e+00
2.912595841590468471e+00 1.674261377669483686e+00 -2.654869590364103527e+00
2.922603269892445343e+00 1.671337547242822685e+00 -2.605992965589288612e+00
2.871348291119121043e+00 1.885990591969302077e+00 -2.912738850168390847e+00
2.871687030115803729e+00 1.873390513162045634e+00 -2.907676988282210218e+00
2.872029052780082470e+00 1.860661032060765496e+00 -2.902563977071955126e+00
2.872571625317613009e+00 1.840458348227735907e+00 -2.894450273571515186e+00
2.873034677419960659e+00 1.823227218271872507e+00 -2.887528770675458212e+00
2.896697168227867714e+00 1.893898738858558639e+00 -2.803909531566313618e+00
2.905329878686524481e+00 1.875281647944011310e+00 -2.763968468897381570e+00
2.911976812477848675e+00 1.858929352979953320e+00 -2.728505843693390887e+00
2.922540370604686188e+00 1.877062305078499138e+00 -2.683135192680757175e+00
2.326284738588300982e+00 3.802385435679117354e+00 -2.598871725531747945e+00
2.337198794269282676e+00 3.812218323624261718e+00 -2.524302338575092897e+00
2.320256644699415727e+00 3.841044802402644898e+00 -2.504066945370654107e+00
2.302809432160593417e+00 3.869656134762730737e+00 -2.483632571212260221e+00
2.283793405488572237e+00 3.898341548687646707e+00 -2.462307926971444516e+00
2.276787623087710433e+00 3.919964105672983923e+00 -2.417779043990472498e+00
2.268729756609580761e+00 3.942610482613881917e+00 -2.373938854348990990e+00
2.259298536571158422e+00 3.965174226239998934e+00 -2.330373384725888286e+00
2.249493227129579331e+00 3.988047220368859946e+00 -2.287068883232190153e+00
2.317425182191525046e+00 3.811506519931929571e+00 -2.606669128854694151e+00
2.294650030714247446e+00 3.847783448672819517e+00 -2.580957388148510390e+00
2.308915012902722275e+00 3.860337658312802844e+00 -2.490534700285985892e+00
2.285702422938935996e+00 3.895470406845615408e+00 -2.464420227179842104e+00
2.208275413856528147e+00 3.993594626057754393e+00 -2.437853535025670482e+00
2.209146439651998417e+00 3.993903576989509041e+00 -2.433082124251528811e+00
2.208104120219549049e+00 3.993590634764013547e+00 -2.438581951340601961e+00
2.205871205348022723e+00 3.992937811888075395e+00 -2.450298980632661383e+00
2.203195195341767221e+00 3.992076092715026281e+00 -2.464024099247733801e+00
2.601948740580510400e+00 3.367688785273941221e+00 -2.612460727323750564e+00
2.624934119226612239e+00 3.340174456730668151e+00 -2.577645665382272799e+00
2.646409788365367000e+00 3.311959813110158191e+00 -2.542483918859280489e+00
2.667925686140765862e+00 3.283686482822871344e+00 -2.507309333957080000e+00
2.689508960919744673e+00 3.255457124719987494e+00 -2.472145418257316152e+00
2.709952486457932963e+00 3.226737287312744229e+00 -2.436748582245606976e+00
2.729972177784314447e+00 3.197825873592422763e+00 -2.401269912921718763e+00
2.750141770311704370e+00 3.168973279729123682e+00 -2.365816132096576929e+00
2.769057644249706573e+00 3.139569382364680195e+00 -2.330111427878858610e+00
2.603992375645195700e+00 3.358650364198973559e+00 -2.624176704955135442e+00
2.628416573961290581e+00 3.315833045273052004e+00 -2.616049431791602764e+00
2.648508929596283590e+00 3.270642983509541857e+00 -2.622855902634011471e+00
2.666443216712528042e+00 3.225695147263526685e+00 -2.635260830338432836e+00
2.681817574083964484e+00 3.182508740378973133e+00 -2.655067996719731926e+00
2.696074687109981216e+00 3.139292911482298720e+00 -2.675498455335374892e+00
2.713564413940294795e+00 3.092890168192987677e+00 -2.679285644271652167e+00
2.740858935226592852e+00 2.995549102430429933e+00 -2.726302651784203945e+00
2.749703013012127162e+00 2.997348187591218682e+00 -2.684843710060702104e+00
2.758769211744482863e+00 2.999081079739652989e+00 -2.639740761578612371e+00
2.792340493757892617e+00 2.921061185695086770e+00 -2.610535713420707893e+00
2.803988635191447365e+00 2.916214074587265337e+00 -2.566667925088220947e+00
2.814859611929012129e+00 2.910956372763256805e+00 -2.521802762790254615e+00
2.825147463015738936e+00 2.905893276987594476e+00 -2.478832781639935590e+00
2.837468042051788153e+00 2.897560522657398163e+00 -2.431081090417466228e+00
2.850552131262761080e+00 2.877087445529099341e+00 -2.399366526308381875e+00
2.738211848402786419e+00 2.994986041054350512e+00 -2.737856364364112061e+00
2.741206107178359552e+00 2.995623236769435760e+00 -2.724786923137860750e+00
2.744827521457872788e+00 2.996393245890218715e+00 -2.708981025078164517e+00
2.749210436985133121e+00 2.997256703448431203e+00 -2.687289768282502322e+00
2.752731014033377832e+00 2.997931169666006923e+00 -2.669772858113816039e+00
2.758442533418079545e+00 2.999019412969005316e+00 -2.641364649698096034e+00
2.788866219541870528e+00 2.922502369390316712e+00 -2.623626690653460880e+00
2.793231823416725046e+00 2.920681482962774300e+00 -2.607191629027183932e+00
2.799039758817220225e+00 2.918266204205707481e+00 -2.585316240260371323e+00
1.605084190132252564e+00 4.203168056583527878e+00 -3.466517591366212958e+00
1.583335216449882621e+00 4.231257466853111993e+00 -3.431426070586946153e+00
1.543502083366038891e+00 4.270485141843202825e+00 -3.400411965372078793e+00
1.543358528121795636e+00 4.284753678261832732e+00 -3.361118389322245825e+00
1.542798980344960658e+00 4.298390146780002752e+00 -3.321254673266685664e+00
1.541978743791824424e+00 4.312084435165614238e+00 -3.280385780290481001e+00
1.521339756991167524e+00 4.337614710768127324e+00 -3.242707773164515306e+00
1.501669108757510696e+00 4.362719383253302219e+00 -3.204207038588527290e+00
1.482640666316878075e+00 4.387559839125735550e+00 -3.165211502708150437e+00
1.595575907118217618e+00 4.205778296758073687e+00 -3.477732232824017888e+00
1.557246678258484174e+00 4.236307585993562164e+00 -3.468363932647039238e+00
1.515782183178891795e+00 4.263492364112241084e+00 -3.473936544556825545e+00
1.474397464143410108e+00 4.283191648292318909e+00 -3.493571927748538197e+00
1.434709295366561665e+00 4.298627000400654374e+00 -3.519596103875286985e+00
1.387256199447729266e+00 4.320253288798135749e+00 -3.541873538385394760e+00
1.360834778198138917e+00 4.322841794853673036e+00 -3.580416637712653838e+00
1.333206993738439872e+00 4.324104610645919777e+00 -3.618903225082964248e+00
1.295828165426783363e+00 4.333096462683774241e+00 -3.650811101450099461e+00
1.422715451061792535e+00 4.190403552190471004e+00 -3.826286329915938644e+00
1.424504424636492406e+00 4.193175338514566697e+00 -3.816892108158957519e+00
1.426036672455406995e+00 4.195835793499042232e+00 -3.807532255783868891e+00
1.427744192841787330e+00 4.198784263018345619e+00 -3.797144057491320002e+00
1.429771237088683700e+00 4.202261308893375791e+00 -3.784872034338930824e+00
1.432232321332354896e+00 4.206465340140080222e+00 -3.770017761819310476e+00
1.435220502834760659e+00 4.211557180033598691e+00 -3.752014745662448636e+00
1.400418130860983990e+00 4.241291690596461272e+00 -3.730701076657342519e+00
1.360628426070174202e+00 4.269974241711494756e+00 -3.720116634097277775e+00
1.420182154558739196e+00 4.186139197864852335e+00 -3.840275663452009436e+00
1.416724976011562998e+00 4.180397044636097625e+00 -3.859186221935361871e+00
1.411141834373212500e+00 4.170951941743502367e+00 -3.890126769768157189e+00
1.379773893265629381e+00 4.174675114326814374e+00 -3.928728528559789712e+00
1.927669970632925667e+00 4.100538926423745067e+00 -3.006158067523762689e+00
1.881514524698140622e+00 4.161472305939851957e+00 -2.945938084468187057e+00
1.893946407525131770e+00 4.160105067934485312e+00 -2.917324426177051233e+00
1.905871534173720239e+00 4.158209196641238670e+00 -2.888707040392264336e+00
1.893153458091152430e+00 4.181857662934504560e+00 -2.846561985433605724e+00
1.880973190020876595e+00 4.204805160753704918e+00 -2.803855657078897057e+00
1.869230245907228527e+00 4.227464066650338026e+00 -2.760863155079285480e+00
1.879406980045437603e+00 4.230170172715128629e+00 -2.722936862612777897e+00
1.890512426349168162e+00 4.232242888783745549e+00 -2.684511976937309807e+00
1.917406184040802986e+00 4.106966363082549698e+00 -3.014854398779884370e+00
1.887759342183592093e+00 4.140868413476409771e+00 -2.993220252910016477e+00
1.862817314785341072e+00 4.163407991525834184e+00 -2.988681462745042428e+00
1.823706708838241264e+00 4.193783459869553809e+00 -2.996152563356891285e+00
1.784792994129575927e+00 4.221786215215965754e+00 -3.010495000798698584e+00
1.745416606588892305e+00 4.247262641143536577e+00 -3.027511084469386216e+00
1.705940270743234288e+00 4.271070113630492493e+00 -3.045868080641826570e+00
1.666373405810617436e+00 4.294680191170002992e+00 -3.065090376207884493e+00
1.625579200343022057e+00 4.321197034890755795e+00 -3.075648480913766303e+00
2.263019662307007351e+00 3.739555121450375719e+00 -2.993799422194795223e+00
2.284999240204484305e+00 3.726269381012914383e+00 -2.953042562936987192e+00
2.303377060404654841e+00 3.719977621562908787e+00 -2.907023607571526114e+00
2.264456105264640140e+00 3.738689403732455840e+00 -2.991129490612109088e+00
2.287148788496962570e+00 3.724976874765368429e+00 -2.949039770509139569e+00
2.308674552250691736e+00 3.713380863728551695e+00 -2.905615648211644864e+00
1.298431557930233682e+00 4.172303789798050389e+00 -4.049817894629489601e+00
1.259158580005202310e+00 4.200792656487961629e+00 -4.038746964313707721e+00
1.219178929748586881e+00 4.228106255665857738e+00 -4.027161797639436713e+00
1.178504231745986841e+00 4.254336338628561975e+00 -4.015067413129615126e+00
1.137686114911667712e+00 4.280539037106028566e+00 -4.002958912229231281e+00
1.096535238755828923e+00 4.305670578172733798e+00 -3.990398077152386591e+00
1.055155010351573441e+00 4.329661855899313849e+00 -3.977380439952439062e+00
1.022396353326265439e+00 4.355299248673479617e+00 -3.949952144162259149e+00
1.001423589383788393e+00 4.379630532523477449e+00 -3.911813186637830508e+00
1.305749637128967189e+00 4.173501211340073347e+00 -4.036931469606578560e+00
1.284985191030370899e+00 4.201258588210132316e+00 -4.001311677065481298e+00
1.276962031087528038e+00 4.224459174313985876e+00 -3.957984024222245711e+00
1.274335784953125605e+00 4.245259944840880983e+00 -3.912709496680741417e+00
1.268019169954549996e+00 4.266452899545087440e+00 -3.867969059373787211e+00
1.251802397464066408e+00 4.290721997112145303e+00 -3.827463303086388713e+00
1.220488391842577514e+00 4.318119902125117093e+00 -3.800027628433808591e+00
1.180036129421931701e+00 4.344561109446517300e+00 -3.787871576732379175e+00
1.134792898943607575e+00 4.365380172931244473e+00 -3.789632494139131502e+00
2.635468362124808728e+00 2.697550478720786682e+00 -3.462878303399635538e+00
2.617466697833144451e+00 2.717493296582844220e+00 -3.504448657900263608e+00
2.599353288055857192e+00 2.737720734657092425e+00 -3.546223844601733788e+00
2.579655586947149359e+00 2.759380374945765713e+00 -3.586503636999399447e+00
2.559390678945383968e+00 2.794804938784099857e+00 -3.614898953799730474e+00
2.539309493161051368e+00 2.820820978588977290e+00 -3.651659838939128822e+00
2.521700293917745750e+00 2.829481654548553937e+00 -3.696487977250847656e+00
2.637489775303014650e+00 2.684138504740643860e+00 -3.467786565714182867e+00
2.776290698441219451e+00 2.776899546738230473e+00 -2.873025264954720992e+00
2.783055515804808255e+00 2.738878320767282659e+00 -2.886417452035003439e+00
2.789802591497630768e+00 2.696639291438438057e+00 -2.900975182263586749e+00
2.815172449189060622e+00 2.590124775334702534e+00 -2.901752157457676784e+00
2.813589536361873922e+00 2.589612447274387108e+00 -2.908364296597338416e+00
2.812000084563617275e+00 2.589144410015128184e+00 -2.914964804584733837e+00
2.812508376725730397e+00 2.589207163241208143e+00 -2.912926967865248962e+00
2.815404143111564395e+00 2.589879103372269675e+00 -2.901053431565671303e+00
2.818259167523868403e+00 2.590865960096933929e+00 -2.889042135426339364e+00
2.778178435527852042e+00 2.768222891740159675e+00 -2.876179120334270145e+00
2.785161297353330401e+00 2.725682509462565406e+00 -2.890974016953221426e+00
2.817597884749320603e+00 2.590764134893104309e+00 -2.891742875627657750e+00
2.818255228595053730e+00 2.590922348227222560e+00 -2.889008480345274688e+00
2.820082241783095967e+00 2.591417116819429989e+00 -2.880289617674459901e+00
2.824828307918654691e+00 2.592703655898061843e+00 -2.857639306995995998e+00
2.831968635043057070e+00 2.594639509490675788e+00 -2.823562266705669010e+00
8.482489333679013033e-01 4.307209035679840703e+00 -4.236990574441768409e+00
8.148408422006326868e-01 4.331476842462846477e+00 -4.208840604781303618e+00
7.813002942039375398e-01 4.355230379157410958e+00 -4.180480527519974565e+00
7.472362082081803747e-01 4.377452577238766906e+00 -4.151465863972213732e+00
7.131651579514616257e-01 4.399678877422384282e+00 -4.122446365233820131e+00
6.790525597228939114e-01 4.421759758021558184e+00 -4.093361842033511167e+00
6.445379517816519632e-01 4.442245658555191490e+00 -4.063660271920387146e+00
6.099284402955371664e-01 4.462404227673409274e+00 -4.033819419150813879e+00
5.753076917853082728e-01 4.482520517169118257e+00 -4.003948932143798878e+00
8.597050694772163659e-01 4.307095357203767350e+00 -4.227359179218802332e+00
8.522296466314269736e-01 4.328657672117572908e+00 -4.182920992113519532e+00
8.595138853155590564e-01 4.345465084275285328e+00 -4.136433813321866104e+00
8.721687240977537003e-01 4.359677042059361796e+00 -4.090241289057079399e+00
8.917810301341356771e-01 4.370196456733660639e+00 -4.045517898265853951e+00
8.986960850659316824e-01 4.386101147138587564e+00 -3.998673027335416741e+00
8.555775905374004564e-01 4.430010900620959369e+00 -3.927958642402158418e+00
8.635202596701546662e-01 4.430858062114449325e+00 -3.918977989849724786e+00
8.632083346128383017e-01 4.430833459093954652e+00 -3.919307832965997829e+00
6.770944307357484870e-01 4.263657272332338266e+00 -4.464375544000953155e+00
6.344229620777052103e-01 4.264070098461370861e+00 -4.490088610024792537e+00
5.917817387237698235e-01 4.263604042429440355e+00 -4.515428639260407273e+00
5.487351964065714238e-01 4.263092257097045312e+00 -4.540679599095927443e+00
5.055715525665697152e-01 4.261843830585124060e+00 -4.565621274514256811e+00
4.620324776550468471e-01 4.258971781398561696e+00 -4.589836295293183710e+00
4.184452014251771046e-01 4.255860768846899234e+00 -4.613973272950151916e+00
3.806979692983856189e-01 4.248046182863542519e+00 -4.645414184956131010e+00
3.551665893399085228e-01 4.232844677493644348e+00 -4.685046071487573016e+00
7.181863317217748177e-01 4.256948054801735992e+00 -4.451810038611950127e+00
6.761185153867262931e-01 4.257518118599216805e+00 -4.478560349650896555e+00
6.412471859609863989e-01 4.251390211514342710e+00 -4.513575762991025364e+00
6.166624013502597368e-01 4.238397551744792047e+00 -4.554945010386953541e+00
6.043585817064072163e-01 4.220201733654623588e+00 -4.599740249051978758e+00
6.035513428724773588e-01 4.198776330417026692e+00 -4.644822982861029459e+00
6.088381152192769985e-01 4.175915263829055313e+00 -4.688889959828639320e+00
6.187606586781728701e-01 4.151520894892073876e+00 -4.731297319130128187e+00
6.338559977158194636e-01 4.123400579598227367e+00 -4.775525950401803499e+00
1.420540737870351400e+00 3.831593892836468118e+00 -4.563526163363968990e+00
1.394202579162248989e+00 3.827336270502839533e+00 -4.605632728410444798e+00
1.367487055613300084e+00 3.822580183667278586e+00 -4.647528029432194785e+00
1.307103126527257686e+00 3.854779136455298794e+00 -4.669146819108506818e+00
1.278620720864118043e+00 3.850842583668703245e+00 -4.709477697833764687e+00
1.431240675924791095e+00 3.821738744985185399e+00 -4.566575792536744061e+00
1.428726185758808054e+00 3.798566888190905821e+00 -4.610512546754246266e+00
1.438301807578682423e+00 3.767606128599093829e+00 -4.648253117450037664e+00
1.452285902041301702e+00 3.733976762847102560e+00 -4.682309444577923863e+00
-1.010944600946116712e+00 2.082153669256650907e+00 -6.279784612652132836e+00
-1.050094949046582959e+00 2.092279504607678753e+00 -6.251573233238887362e+00
-1.089335165250806980e+00 2.102449919728698102e+00 -6.222968878801858672e+00
-1.127467994705668053e+00 2.112477721343604120e+00 -6.192677958514349434e+00
-1.165003917296942415e+00 2.122560462892952415e+00 -6.161571508107424933e+00
-1.211028339691435418e+00 2.123875969796924945e+00 -6.123741643601155360e+00
-1.228809663428949150e+00 2.153604647296707419e+00 -6.107000451296743293e+00
-1.241422932777162202e+00 2.176440233986901784e+00 -6.092897189619549181e+00
-1.249170927541060072e+00 2.190608076699546380e+00 -6.083904761511872650e+00
-1.006120142105221049e+00 2.095762907890660554e+00 -6.282151045326538785e+00
-1.030777101419944719e+00 2.132387300295889077e+00 -6.261174679893334982e+00
-1.044510745230980531e+00 2.177390489493970183e+00 -6.247047646855864222e+00
-1.052919414945530097e+00 2.224636346916394558e+00 -6.235108270023740573e+00
-1.054477945707017694e+00 2.273172346880944161e+00 -6.225467086987775289e+00
-1.064727948017414993e+00 2.318341804769824321e+00 -6.208330237078306446e+00
-1.117428697211949817e+00 2.433937536067071417e+00 -6.137851377668759767e+00
-1.157383993039041936e+00 2.427033690431545487e+00 -6.108746677938130532e+00
-1.197234215819524827e+00 2.420085931002454949e+00 -6.079497723306046097e+00
-1.235316778056929632e+00 2.412470259358958202e+00 -6.048179688973242207e+00
-1.273214784800624999e+00 2.404815535400175452e+00 -6.016679023738857879e+00
-1.308026998336340618e+00 2.414595551223181591e+00 -5.982289848306269420e+00
-1.337225025277293033e+00 2.435482415869225647e+00 -5.947642700389615733e+00
-1.388685645213433073e+00 2.512268674008197866e+00 -5.869995639649330244e+00
-1.402711737097591449e+00 2.496660815548866097e+00 -5.860980798614443543e+00
-1.116297030188875050e+00 2.420165388665188377e+00 -6.143346132778490620e+00
-1.149088034026198857e+00 2.386254717964502170e+00 -6.127570520936339804e+00
-1.172285346658378691e+00 2.342905285744361521e+00 -6.119667799181072176e+00
-1.190558613199391491e+00 2.296946852195493882e+00 -6.114629597219531476e+00
8.042570923637596403e-01 3.011715346806312699e+00 -6.058211713002881638e+00
8.461255056687301268e-01 3.012714466765716192e+00 -6.031725415570824644e+00
8.878822476015653109e-01 3.013540275299207760e+00 -6.005031143346108102e+00
9.297803293436076588e-01 3.014376800673533197e+00 -5.978240642428784390e+00
9.731285948777633754e-01 2.997286744088186961e+00 -5.961229533555099103e+00
1.010763290888025079e+00 2.965706123383058834e+00 -5.955260155761751051e+00
1.040027328207655088e+00 2.926411821341860175e+00 -5.960346568379786270e+00
1.059015499660291848e+00 2.883479915018526629e+00 -5.975453320433983251e+00
1.064524304206550198e+00 2.839959097978795644e+00 -5.998034788638971548e+00
8.068218971651824889e-01 2.999469337668786206e+00 -6.066094817867806022e+00
8.485747454731206174e-01 2.975097420133341330e+00 -6.056654064723448805e+00
8.838297458184485311e-01 2.941056354390478411e+00 -6.057511120111660929e+00
9.158973599484016015e-01 2.903842038512880031e+00 -6.062486171684613900e+00
9.419425563639247656e-01 2.862776559414867528e+00 -6.071482871445521567e+00
9.507550398256122692e-01 2.818480640786275693e+00 -6.090774960855952713e+00
9.442484763981864315e-01 2.777718754686694602e+00 -6.117378383524635588e+00
9.266783002632920097e-01 2.746742753845454299e+00 -6.145941539257869124e+00
8.913217464548849334e-01 2.737544997948671899e+00 -6.174347298815691332e+00
-1.086867656337938248e+00 3.786039149465500575e+00 -5.013491532768717285e+00
-1.095795421017554894e+00 3.779610032575103862e+00 -5.014303887551170291e+00
-1.116291004521456909e+00 3.764850653649398193e+00 -5.016168780918470738e+00
-1.145500833129869722e+00 3.743815931023739552e+00 -5.018826582477605491e+00
-1.188874858330327244e+00 3.728421883804244441e+00 -4.999111958341336148e+00
-1.232169588037786090e+00 3.709639792525054602e+00 -4.982769308152028565e+00
-1.274595591748148182e+00 3.688191597295827684e+00 -4.967509122588789516e+00
-1.316664235185663667e+00 3.665499070276678761e+00 -4.953030863075097656e+00
-1.358270458015873539e+00 3.641846383389881758e+00 -4.938841301879127954e+00
-1.096313943293467874e+00 3.779236654700177667e+00 -5.014351033948361014e+00
-1.110782820468905419e+00 3.768817228018103371e+00 -5.015667599830138990e+00
-1.118271852367607622e+00 3.763424150275285651e+00 -5.016349085925420503e+00
-1.129416683119226494e+00 3.755398454283763066e+00 -5.017363193421738643e+00
-1.144024558476491205e+00 3.744878912813291105e+00 -5.018692434539223868e+00
-1.172220324694154048e+00 3.753310831562032046e+00 -4.978244114126677111e+00
-1.188395925741057457e+00 3.771709385708521545e+00 -4.934671028358231126e+00
-1.199887358933994896e+00 3.792900373058167407e+00 -4.890900459796201361e+00
-1.207826227449336098e+00 3.814921174710401708e+00 -4.846767267562737125e+00
-1.137245078050155067e+00 3.581906512904641016e+00 -5.253563256362708600e+00
-1.129867960772940272e+00 3.565619353597679453e+00 -5.281214787995530457e+00
-1.140215149418408291e+00 3.588599124976664001e+00 -5.241615975746253930e+00
-1.137889339016136647e+00 3.583357310806059015e+00 -5.250972962913179387e+00
-1.136456699350154809e+00 3.580126834462530105e+00 -5.256738864506707465e+00
-1.133602907102760238e+00 3.573689845804617349e+00 -5.268176067091497217e+00
-1.130823798708445294e+00 3.567672370595917020e+00 -5.277892908978432551e+00
-1.129848253773373390e+00 3.565563160482512206e+00 -5.281300051533754036e+00
-1.128823249882065172e+00 3.563349624784976299e+00 -5.284876775811086169e+00
-1.125878623780225185e+00 3.556993194417390924e+00 -5.295148821111208548e+00
-1.298313350517863896e+00 3.375475205454282701e+00 -5.340593028355510974e+00
-1.335639955215299324e+00 3.368775455747925029e+00 -5.308099357553558661e+00
-1.374047202509953713e+00 3.359303909455737980e+00 -5.277609242992231664e+00
-1.411998557757858652e+00 3.347455945263798416e+00 -5.247441298980842106e+00
-1.449340912656861269e+00 3.333966622815077052e+00 -5.217161428663402489e+00
-1.486819958528931673e+00 3.319961399980859262e+00 -5.187268859046303859e+00
-1.523812014114922286e+00 3.305173722139207459e+00 -5.157202976879016632e+00
-1.559892824766993646e+00 3.291041551260554421e+00 -5.125674790940291103e+00
-1.591760294297065448e+00 3.287904404893263077e+00 -5.087338220109674403e+00
-1.295283527975675808e+00 3.370375897172940949e+00 -5.349675881804835775e+00
-1.299340903967907357e+00 3.377093233068564793e+00 -5.337639829404812630e+00
-1.339879445556667603e+00 3.357722208098545380e+00 -5.316164174241902352e+00
-1.378532889210507317e+00 3.328372517291043664e+00 -5.305228388583850929e+00
-1.411823721517359687e+00 3.291390163271064040e+00 -5.306547940188908186e+00
-1.439418103029787011e+00 3.250984683705001821e+00 -5.316412667951292192e+00
-1.461758173638695979e+00 3.209367038035341402e+00 -5.331183787933049700e+00
-1.480283280843977423e+00 3.166931955855110115e+00 -5.349399377376689912e+00
-1.509227807409213362e+00 3.126786177402888445e+00 -5.353154793063011674e+00
-8.401683966575561602e-01 3.841758104065384316e+00 -5.127900568981123008e+00
-8.275723899240625681e-01 3.849803986204697104e+00 -5.125072385186088653e+00
-8.165052525224282265e-01 3.856872955310052919e+00 -5.122588590478227566e+00
-7.930394238494172798e-01 3.869932407959148613e+00 -5.116485248537359531e+00
-7.610419257224053657e-01 3.887686082187171266e+00 -5.108160568629577902e+00
-7.343130683967236116e-01 3.917226586334355165e+00 -5.077723982725573570e+00
-5.232903302374980470e-01 3.047713326083710594e+00 -6.161943857680789449e+00
-4.948458927030084387e-01 3.084898034845496184e+00 -6.145306562918739779e+00
-4.657115235094093642e-01 3.120478957651270591e+00 -6.126479659172120229e+00
-4.254133061600171573e-01 3.133249430836789973e+00 -6.128823588491767005e+00
-3.860508912060978681e-01 3.150708547125065984e+00 -6.127120464672243472e+00
-3.562798844730640790e-01 3.163472747218713188e+00 -6.125468422668257418e+00
-3.423748306088437721e-01 3.168665747715361025e+00 -6.123881017083200540e+00
-3.470272367420998427e-01 3.166916378660979969e+00 -6.124422267252616514e+00
-5.132050247267042620e-01 3.040737414429429020e+00 -6.170259067856361135e+00
-4.677938825679054946e-01 3.060817016103023480e+00 -6.171517913762149199e+00
-4.043638868164782796e-01 3.070269024162379790e+00 -6.183438797573788115e+00
-4.036419981431086934e-01 3.055553030444769558e+00 -6.194952576699729541e+00
-4.025237735841256104e-01 3.032728970047829264e+00 -6.212809682208502160e+00
-4.010931733308107372e-01 3.008022179660959416e+00 -6.230152225638908803e+00
-3.994056185797778546e-01 2.983631230390934252e+00 -6.246289180625425708e+00
-3.981216155289052927e-01 2.965203038694640636e+00 -6.258483453351447956e+00
-3.508109398911977150e-01 2.959510223229349979e+00 -6.274004619253726212e+00
-1.139790935184634479e+00 2.628911713719901400e+00 -6.049110935763859942e+00
-1.175207346409556708e+00 2.597561865469836473e+00 -6.032999299438349006e+00
-1.210437448013184092e+00 2.566137210532715596e+00 -6.016710142924364568e+00
-1.246246275756770938e+00 2.537486414670146573e+00 -5.997437951692674574e+00
-1.283440447917285621e+00 2.525246287846220294e+00 -5.966912406366942534e+00
-1.143382660409922869e+00 2.640768933064240542e+00 -6.040775364346652410e+00
-1.182928431204965714e+00 2.636442892378848324e+00 -6.010527042710149814e+00
-1.217310042354886157e+00 2.646347913573235289e+00 -5.975840960887903286e+00
-1.244937671171234994e+00 2.679366716155873629e+00 -5.936401602166928804e+00
-1.277659282400253060e+00 2.680307780142846319e+00 -5.906493856704379652e+00
-1.304680612949915997e+00 2.680541440437771872e+00 -5.880098338541434266e+00
-1.365046456749385850e+00 2.664375609660623034e+00 -5.828788121867840566e+00
-1.384147553146690468e+00 2.693198935886468526e+00 -5.796518171069244829e+00
-1.400781369421421507e+00 2.720179807458463994e+00 -5.763485011972890426e+00
-1.207349771691799800e+00 3.017494826955469112e+00 -5.758129172319964795e+00
-1.214462661097665652e+00 3.053328345799889210e+00 -5.724481104460026337e+00
-1.221250480589445075e+00 3.088971271997542623e+00 -5.690343230090523896e+00
-1.263273688294645369e+00 3.075388577738647378e+00 -5.661560267585731943e+00
-1.218679761029141106e+00 3.008753242593861899e+00 -5.754416527876094811e+00
-1.247594540572544819e+00 3.023390276952503175e+00 -5.716774638297106748e+00
-1.283538994421485002e+00 3.024500441340454593e+00 -5.682235384820411461e+00
-1.322591280389021628e+00 3.008698485751622353e+00 -5.655582382596344715e+00
-1.360947239748791171e+00 2.985639635211926102e+00 -5.634296070097205344e+00
-1.398597229961686006e+00 2.959254765976787827e+00 -5.615662846653088458e+00
-1.428183577592638143e+00 2.919958328355989785e+00 -5.610517064626504791e+00
-1.447819205200430837e+00 2.875540835747292245e+00 -5.618922933560352995e+00
-1.459719560557736662e+00 2.830714183281608953e+00 -5.636065210886501475e+00
-1.678393699714397114e+00 2.821696844228385181e+00 -5.374582534929917443e+00
-1.708508245562734285e+00 2.786574785759742046e+00 -5.355884690905050149e+00
-1.737988899154309541e+00 2.751204026572088512e+00 -5.336753204077078649e+00
-1.766993523849142544e+00 2.715535066778754558e+00 -5.317211611444495389e+00
-1.795524140288146331e+00 2.679802024600792532e+00 -5.297364202460927984e+00
-1.822498413559463959e+00 2.643464349016854342e+00 -5.276427951919072434e+00
-1.848812834542271188e+00 2.606851055196041766e+00 -5.254986363427972762e+00
-1.875129429365904210e+00 2.570244505952323344e+00 -5.233538187614398929e+00
-1.900949951459608656e+00 2.533501328353830573e+00 -5.211786824136449781e+00
-1.680980729650019656e+00 2.832352209945055321e+00 -5.364580523022032921e+00
-1.713159940370740042e+00 2.821866197058825243e+00 -5.327994153631507857e+00
-1.741045639235446751e+00 2.825712750263626560e+00 -5.286872555116093331e+00
-1.766001978362493174e+00 2.834738353260150223e+00 -5.244624643647713746e+00
-1.802465112489223475e+00 2.817966154689991676e+00 -5.202519643905493929e+00
-1.826149912796498853e+00 2.828640357188485943e+00 -5.161443117570853722e+00
-1.847792796792378400e+00 2.838514171820578635e+00 -5.119802859636013004e+00
-1.861658754300583141e+00 2.863639446821135248e+00 -5.078982873015971400e+00
-1.874352048900510770e+00 2.890367332845903636e+00 -5.038813963101107518e+00
1.299275765157895945e-01 4.571050387347663779e+00 -3.932543744956497278e+00
1.238824404111276006e-01 4.587646444534457579e+00 -3.885789711158071036e+00
1.178335898959474437e-01 4.604104324140368298e+00 -3.838977637050114300e+00
1.117637717451751833e-01 4.620294271109786521e+00 -3.792080754126208042e+00
1.056712698533594924e-01 4.636025017003032822e+00 -3.745024856650804868e+00
9.957322414984141890e-02 4.651726064372622815e+00 -3.697954981797361818e+00
9.347405539513961581e-02 4.667380295199117235e+00 -3.650865944396389562e+00
8.737559744440032139e-02 4.683034519718233035e+00 -3.603776828022261736e+00
8.125980475441349493e-02 4.697955424667934032e+00 -3.556467109628631551e+00
1.448152170236709779e-01 4.569941817648073723e+00 -3.932589594602382110e+00
1.701700287300056402e-01 4.582986506015140904e+00 -3.891523156040847642e+00
2.073460941417189785e-01 4.591263575013384113e+00 -3.859231218316190315e+00
2.485440733517652045e-01 4.597170538175536336e+00 -3.831225890650213017e+00
2.935328109924316697e-01 4.600533068251402291e+00 -3.809583736391285669e+00
3.398524736997021733e-01 4.601236026520479250e+00 -3.791077987047461573e+00
3.868503118192456181e-01 4.599713657378238452e+00 -3.774335878931016630e+00
4.784183666117107769e-01 4.592356426360163724e+00 -3.754395744450647499e+00
4.760164842079464553e-01 4.600760069596126378e+00 -3.729560935797192389e+00
-1.313957447952047164e-01 4.427489029276233445e+00 -4.305143521543373986e+00
-1.790159821271880003e-01 4.430314714221021077e+00 -4.290785639962447995e+00
-2.267232938203400106e-01 4.432257848460355198e+00 -4.275973929488516845e+00
-2.743148559597747282e-01 4.433851755902193048e+00 -4.261081321971940561e+00
-3.140307113174170550e-01 4.440325587614806224e+00 -4.231966386260570090e+00
-3.387840714467674763e-01 4.453398962583470677e+00 -4.190999419579573448e+00
-3.754153114430510696e-01 4.466198480848779795e+00 -4.146517659206537587e+00
-3.800494452033982840e-01 4.484113934180975036e+00 -4.100282535610118018e+00
-3.845092010357326062e-01 4.500550599692113352e+00 -4.053557240860384603e+00
-1.335272458114460103e-01 4.421773384228034232e+00 -4.318780503879294130e+00
-1.803088691294491008e-01 4.412645452297256021e+00 -4.333342680413691639e+00
-2.195125660222619346e-01 4.397434382381481655e+00 -4.360188198290825490e+00
-2.546225408553414171e-01 4.380721909849414786e+00 -4.391494848519912786e+00
-2.836825029369325901e-01 4.361919764038531433e+00 -4.427529459036961157e+00
-3.013267428581969942e-01 4.341130549933001959e+00 -4.469104407189004924e+00
-5.126499178141478152e-01 4.273535800630325454e+00 -4.538159027690006120e+00
-5.134131284009141316e-01 4.277631311779363621e+00 -4.528573512693575331e+00
-4.238853740022766603e-01 4.412319253301989264e+00 -4.261939910406937315e+00
-4.243325013249694133e-01 4.413928474708751715e+00 -4.258030126932710324e+00
2.916022479486070296e+00 2.591760810056180642e+00 -2.436782388889832784e+00
2.926538011705134501e+00 2.578771413557601200e+00 -2.393716965730592783e+00
2.933532004123380776e+00 2.600719985590901118e+00 -2.332412372146878798e+00
2.945146845517723655e+00 2.580936396403380684e+00 -2.293829252148114950e+00
2.955675407758639572e+00 2.560619659942279913e+00 -2.254446093555689146e+00
2.965006220343636034e+00 2.556315627631888798e+00 -2.205516415265694086e+00
2.974515114163128526e+00 2.550804834865863846e+00 -2.156742336292235773e+00
2.983825305374134818e+00 2.544512282428055272e+00 -2.108029671500625035e+00
2.992775530798496675e+00 2.537698834949242865e+00 -2.059316553589418231e+00
2.917316904353471241e+00 2.590169163024099053e+00 -2.431474430827473832e+00
2.928456163316427219e+00 2.576409788490913844e+00 -2.385854141249195148e+00
2.936254758859489833e+00 2.596074408983105819e+00 -2.323377203417245962e+00
2.948424780649698818e+00 2.574824838101726243e+00 -2.281946596181596121e+00
2.959568501673091490e+00 2.552993308704429420e+00 -2.239679356073879468e+00
2.970308464230879686e+00 2.537797214440803195e+00 -2.193281929578012601e+00
2.981704028333464596e+00 2.514448234214307742e+00 -2.150579353924865877e+00
2.992960421006769511e+00 2.481282197584952609e+00 -2.114912494255793973e+00
3.003943992892414983e+00 2.440117558600298331e+00 -2.088767821352658149e+00
2.942160110715911880e+00 2.096300047056521620e+00 -2.591910398420027573e+00
2.950878617406071047e+00 1.995001277337355550e+00 -2.560772513496831770e+00
2.956701427035605345e+00 1.995216020670591561e+00 -2.532710966315265377e+00
2.962170759985316870e+00 1.995329062102227269e+00 -2.504956143866577278e+00
2.967651522738821601e+00 1.995525106059522491e+00 -2.475943227663622626e+00
2.973521009795878633e+00 1.995738946603798025e+00 -2.444872172125616139e+00
2.979374929799683436e+00 1.959407313020242070e+00 -2.411066200234845081e+00
2.985108347436586040e+00 1.924430988960290856e+00 -2.375849275412178052e+00
2.992076601042152006e+00 1.899489284750097484e+00 -2.333114398703228787e+00
2.939764833070205530e+00 2.088608659004004942e+00 -2.604468806354883981e+00
2.941514564502977436e+00 2.038818658158698227e+00 -2.601732191006131956e+00
2.941631251157817317e+00 1.989044414756118595e+00 -2.604717687568860907e+00
2.933859796937761999e+00 1.680016959062134108e+00 -2.558073769898640659e+00
2.944620419068952000e+00 1.688702206166649455e+00 -2.510044586103340691e+00
2.954741403742493500e+00 1.697424448841400313e+00 -2.461884233591122406e+00
2.962490944759343048e+00 1.678733438909152387e+00 -2.412273704156635556e+00
2.972119956884982539e+00 1.680427481000443146e+00 -2.363521782639325775e+00
2.980548836705772864e+00 1.682140847944339823e+00 -2.316666796915681115e+00
2.984680910839439871e+00 1.654545202904742052e+00 -2.275305374881415599e+00
2.986249434462282970e+00 1.619069614616599040e+00 -2.240283801579475043e+00
2.985998259202542471e+00 1.579497290892486916e+00 -2.209929312233665399e+00
2.932141018283230149e+00 1.665219025222864246e+00 -2.557317876097670695e+00
2.937999510652478108e+00 1.642451813367704849e+00 -2.513240176358680689e+00
2.940373888860590146e+00 1.607205208268763341e+00 -2.477817068712941495e+00
2.941337117355209418e+00 1.567968849595246406e+00 -2.446864545544549685e+00
2.938435299980536985e+00 1.522305987260691218e+00 -2.426853475578439667e+00
2.932349939657335369e+00 1.474639774390525515e+00 -2.413171205563696020e+00
2.918397869958810009e+00 1.387408044217962821e+00 -2.402797951683865119e+00
2.920877011649840593e+00 1.387103366376366997e+00 -2.388838491484025273e+00
2.924036972412139335e+00 1.386755868180532758e+00 -2.371088412301724624e+00
2.932721018542774338e+00 1.893369812336470615e+00 -2.636985069493718914e+00
2.234633534676494282e+00 4.015488483501227002e+00 -2.247953636594011151e+00
2.219157479699671587e+00 4.042199684559404815e+00 -2.208672077290069868e+00
2.165040973993537676e+00 4.109610145811706694e+00 -2.171096702539085488e+00
2.168888047785409778e+00 4.114915897590983640e+00 -2.132958545442337428e+00
2.172248463796532025e+00 4.119688199599968570e+00 -2.095066542593639003e+00
2.154000796835355391e+00 4.147019374645410927e+00 -2.057399000662230915e+00
2.135771826693332098e+00 4.173592400664316138e+00 -2.019218902666143123e+00
2.117188008097051988e+00 4.199348397798350341e+00 -1.980639269352335141e+00
2.098570342624341833e+00 4.224809514183368364e+00 -1.941860349312072298e+00
2.244342984139181763e+00 4.006495167919926992e+00 -2.240884741965724736e+00
2.249553063428797461e+00 4.013393371242897523e+00 -2.191657824734564386e+00
2.264822536289937904e+00 4.008512713905796332e+00 -2.144313238047942161e+00
2.283081712994728285e+00 3.998801110791331048e+00 -2.098825758414395892e+00
2.299142548305580736e+00 3.988982075826760010e+00 -2.061449864100914908e+00
2.319507833608158709e+00 3.975811503227359989e+00 -2.017613478072024069e+00
2.344580514531704907e+00 3.955904584054204864e+00 -1.979195380476719057e+00
2.370869361037123202e+00 3.931312629182059482e+00 -1.944608279240698678e+00
2.398452928007673624e+00 3.904257714115871636e+00 -1.912643595500322924e+00
2.200114679978613541e+00 3.991001341592796958e+00 -2.478461198958517020e+00
2.194026938678701466e+00 3.988875294722502574e+00 -2.506998828365968102e+00
2.164991720865818259e+00 4.009704821759077831e+00 -2.541935498105867275e+00
2.137816159710267172e+00 4.027597498274936072e+00 -2.579870451686125499e+00
2.111592136468579461e+00 4.044080178680760085e+00 -2.619076835205597753e+00
2.084811253055943947e+00 4.058796950984951302e+00 -2.658622545757877376e+00
2.058312637902584896e+00 4.073114147453108735e+00 -2.698538420299116947e+00
2.043572833516612341e+00 4.073085458324813501e+00 -2.746308384812924608e+00
2.042277146221201711e+00 4.059387922894020839e+00 -2.794314280061479749e+00
2.198086670205065651e+00 3.990292063551136081e+00 -2.487971299719351936e+00
2.191869797027451217e+00 3.988121284477643691e+00 -2.517113070709314115e+00
2.162768331913711872e+00 4.009045614877786434e+00 -2.551975002609182752e+00
2.137543899930219649e+00 4.024043981425845296e+00 -2.592444829684607654e+00
2.117638661019555002e+00 4.031935040908113166e+00 -2.637612896626057246e+00
2.105114497936349860e+00 4.029837677354569436e+00 -2.685950539846780671e+00
2.102118722838015596e+00 4.017816094063061172e+00 -2.734373690532287515e+00
2.108973849998981187e+00 3.996527367618454285e+00 -2.779066253546615961e+00
2.126689126951211595e+00 3.966116182860841999e+00 -2.814550452579803075e+00
2.785821582717119327e+00 3.116477556982766295e+00 -2.289119386225328956e+00
2.803082628253819042e+00 3.093400970884892409e+00 -2.248049676676139530e+00
2.820039465369094334e+00 3.070673383569558101e+00 -2.206972822941634327e+00
2.859386226290557165e+00 2.991013432640890368e+00 -2.151418238142368988e+00
2.861739495831015390e+00 2.999880433869045682e+00 -2.120314940905007717e+00
2.863670564732578860e+00 3.008571807996945680e+00 -2.089388670289965777e+00
2.880664986788230131e+00 2.979215433066956908e+00 -2.048903143695732787e+00
2.886408860921468200e+00 2.982268804985413357e+00 -2.009003151894936501e+00
2.892093175908665437e+00 2.985311229724082249e+00 -1.968394427410428582e+00
2.788464883106828829e+00 3.105284856295072782e+00 -2.298918775165710304e+00
2.808635015018338343e+00 3.063000578774199401e+00 -2.281282102775623599e+00
2.827231731069467013e+00 3.016796182297649231e+00 -2.278717510441602201e+00
2.842232658414538093e+00 2.969341664634893352e+00 -2.282090759133123647e+00
2.855578946808468910e+00 2.922511115718963381e+00 -2.293165653739197118e+00
2.872379596401145374e+00 2.876356669640549590e+00 -2.284541852884619750e+00
2.888826553529030505e+00 2.836202812606512857e+00 -2.260000494580779673e+00
2.904043095874907721e+00 2.801627545734881597e+00 -2.227384168086600003e+00
2.918822203256915326e+00 2.770940809798299931e+00 -2.190908333827317644e+00
1.469464623465128961e+00 4.408759921124779879e+00 -3.121928203798944867e+00
1.456118132565260126e+00 4.429571409375478552e+00 -3.078492167131795298e+00
1.442595847424622546e+00 4.450086596583561871e+00 -3.034968371220970074e+00
1.429049456633059378e+00 4.470567963031193415e+00 -2.991430425515696712e+00
1.415399011103172233e+00 4.490885019877230100e+00 -2.947839752051702344e+00
1.401584433374665872e+00 4.510650895694115370e+00 -2.904087102703109213e+00
1.387499885284085410e+00 4.529818024006354804e+00 -2.860189656412156722e+00
1.373304722261430300e+00 4.548598713910773306e+00 -2.816155836076209340e+00
1.358997016029326321e+00 4.567557809326125984e+00 -2.772181983614438572e+00
1.457791205431876680e+00 4.413076947714655418e+00 -3.130190063129088429e+00
1.422776737562840621e+00 4.440377810689818183e+00 -3.107285236759695923e+00
1.381457671104623364e+00 4.467065580695319227e+00 -3.098609299566178699e+00
1.337974568652164686e+00 4.491419922268866216e+00 -3.096047604840524325e+00
1.255065551182333428e+00 4.544574741770672333e+00 -3.061558230284053383e+00
1.229732403718364564e+00 4.548972288321419200e+00 -3.089844668832232522e+00
1.202385413192620156e+00 4.552929414148535692e+00 -3.119609017540709406e+00
1.157492562930181990e+00 4.569048226996773820e+00 -3.134381169711252024e+00
1.113025376854594573e+00 4.584408494926484501e+00 -3.151159001636097745e+00
1.252270371266140936e+00 4.350979938896395893e+00 -3.667493868986515970e+00
1.208469677606289538e+00 4.368414753439269660e+00 -3.683984724848133219e+00
1.256738116070226230e+00 4.344033117352804396e+00 -3.679935546103055621e+00
1.902297053183861442e+00 4.233831605414532184e+00 -2.641338180689668746e+00
1.914543273429391679e+00 4.235242709266016981e+00 -2.595706573711173082e+00
1.918610289675897640e+00 4.244605263778864490e+00 -2.546762675277341792e+00
1.924390087741243427e+00 4.252607493883298062e+00 -2.497744350466633012e+00
1.931112544689917332e+00 4.259830612006527240e+00 -2.448735537288704300e+00
1.937851408042797985e+00 4.266067271265852945e+00 -2.399592820041309693e+00
1.944927665676124962e+00 4.272088876548485459e+00 -2.350466093706195636e+00
1.970399548773998921e+00 4.272799662278757182e+00 -2.256215963108699096e+00
1.943969832054280644e+00 4.302340082025430945e+00 -2.227438962877804407e+00
1.900083280826900367e+00 4.233574247410825109e+00 -2.649595716911899768e+00
1.906722939563764152e+00 4.234349766305620655e+00 -2.624815473848434166e+00
1.889093738092336272e+00 4.259917370140657411e+00 -2.585651988896138675e+00
1.865416123796570735e+00 4.288521518125461895e+00 -2.552218922376259247e+00
1.834586555390319118e+00 4.319049957108378024e+00 -2.527453450376098587e+00
1.800393349318096359e+00 4.350143266383152074e+00 -2.508443567939246055e+00
1.763801993610544905e+00 4.381591774452888721e+00 -2.495476423744625194e+00
1.725365928727936149e+00 4.411903960370144873e+00 -2.485671454069519726e+00
1.685618006758026644e+00 4.441064617076174059e+00 -2.477612376240241776e+00
1.583827866668031659e+00 4.346693213935989952e+00 -3.082893241506904580e+00
1.585853788434735900e+00 4.349747045173904425e+00 -3.068550659692771188e+00
1.553108404264525122e+00 4.378308289428516353e+00 -3.045495767593317638e+00
9.952052713653426474e-01 4.399288704436052022e+00 -3.866390740427932737e+00
9.888767887252125632e-01 4.418592932093991621e+00 -3.820783713978975094e+00
9.824477638702441284e-01 4.437576558767633017e+00 -3.775046758726467999e+00
9.760045648834442256e-01 4.456526359460986519e+00 -3.729281656846112458e+00
9.577884123763130697e-01 4.478390208550834473e+00 -3.688198279479418584e+00
9.328954928389657786e-01 4.500928437753419331e+00 -3.651221161715289654e+00
9.056401894699676047e-01 4.522497789787523814e+00 -3.615332455212622254e+00
8.867443696702206335e-01 4.542914535825236300e+00 -3.573828446859642849e+00
8.737855588203039536e-01 4.562160493262216399e+00 -3.529571308714342326e+00
9.817703114548009813e-01 4.402423396505673381e+00 -3.872011220395976228e+00
9.493320580208125525e-01 4.426145672182520308e+00 -3.842404498333824581e+00
9.080523753165122836e-01 4.448555712676210305e+00 -3.825518007611179883e+00
8.637526169310644208e-01 4.468358951525096323e+00 -3.814128475560127907e+00
8.004974776044029294e-01 4.506684700067919103e+00 -3.765773990706961616e+00
7.897761293153280349e-01 4.506097043108308497e+00 -3.777532426098162865e+00
7.850793450796342832e-01 4.505827957107610082e+00 -3.782716447980356556e+00
7.845163203425720155e-01 4.505790776740226988e+00 -3.783351794657091816e+00
7.868976186465203027e-01 4.505919328959429926e+00 -3.780745721328447662e+00
1.098465822203909648e+00 4.390436412207441741e+00 -3.767521042217774507e+00
1.092100850625646657e+00 4.388425810245884406e+00 -3.780718790438348353e+00
5.490108893940204293e-01 4.502461436314408871e+00 -3.966496895178709625e+00
5.974144720169483058e-01 4.509596913607137658e+00 -3.916833381091818111e+00
5.932172208984424211e-01 4.527445247279715979e+00 -3.872064955523716101e+00
5.886123067459458902e-01 4.544349232626041513e+00 -3.825676228352289598e+00
5.955687819262902583e-01 4.558880076395718461e+00 -3.778437966826110106e+00
6.205864459310677095e-01 4.567778627600301178e+00 -3.736229864987569815e+00
6.553440131421894854e-01 4.571247514992460736e+00 -3.700712215046571885e+00
6.742077961577576106e-01 4.581046393405034500e+00 -3.655628170569156676e+00
6.784921396034837571e-01 4.595719647158140297e+00 -3.608207860499195618e+00
5.380083438867273582e-01 4.501091163140578999e+00 -3.976494530441572639e+00
4.923263782965217050e-01 4.515539836658520656e+00 -3.962116292607185120e+00
4.457223349808244195e-01 4.528765517108038985e+00 -3.950564183540445917e+00
3.986376508206798674e-01 4.540358033464281462e+00 -3.939721487321098170e+00
3.511815402326824986e-01 4.550763576778834363e+00 -3.929050246936293789e+00
3.021449370752189445e-01 4.554770592849354038e+00 -3.936660431167055663e+00
2.597543121612491124e-01 4.550714341086584902e+00 -3.962339798192870077e+00
8.628511121916937476e-01 4.430808084177459527e+00 -3.919678192215014345e+00
8.636544186660817246e-01 4.430894261697026160e+00 -3.918768595404404032e+00
8.656940630476878118e-01 4.431072199369237907e+00 -3.916387024545685769e+00
8.515704916413553427e-01 4.429597523480478749e+00 -3.932452454667628494e+00
8.343643496915723601e-01 4.427757028957483243e+00 -3.951921130218416955e+00
7.070223982845665889e-01 4.459868913244539712e+00 -3.975348741344395975e+00
7.051250918755914698e-01 4.467337473442311691e+00 -3.956250163845680401e+00
7.024265794310182720e-01 4.477776735370545325e+00 -3.929156136573684233e+00
3.368104003664200707e-01 4.215059395252139574e+00 -4.726703782910639973e+00
3.183140615587081723e-01 4.197078591110676271e+00 -4.768798315197962268e+00
2.996175528575721336e-01 4.178267526221333128e+00 -4.810741913809018833e+00
3.508683674600189817e-01 4.211539460553724190e+00 -4.728881430942358577e+00
3.636900164963470239e-01 4.188417707881046503e+00 -4.770347705364271107e+00
3.907377829050309170e-01 4.166009101640145929e+00 -4.805248978153458417e+00
4.226062104216976589e-01 4.144452353018921897e+00 -4.836821617239722038e+00
4.595309776054209983e-01 4.122611463500056139e+00 -4.861985235231767177e+00
5.190166833803057100e-01 4.097667257258999385e+00 -4.882421613327099230e+00
5.479765071415977351e-01 4.104896669663614439e+00 -4.856267764918341889e+00
6.605835063282637920e-01 4.097775601554894287e+00 -4.808180610394946264e+00
6.873668158169486953e-01 4.071790812757706490e+00 -4.840922849996181832e+00
-1.250268041027165822e+00 2.192578160050287384e+00 -6.082636175124245703e+00
-1.253442439176434053e+00 2.198394501559759018e+00 -6.078950389516147190e+00
-1.310596557832517384e+00 2.204653257193056604e+00 -6.025520717714943686e+00
-1.346841841756017510e+00 2.197474279443349499e+00 -5.991977927027142492e+00
-1.382842879043365558e+00 2.193328959010035106e+00 -5.957709408563628628e+00
-1.417864361288781572e+00 2.190436612188069621e+00 -5.922246909666923464e+00
-1.458298099627617583e+00 2.122907668548188020e+00 -5.889405259470974485e+00
-1.491759767322493158e+00 2.124127199164743018e+00 -5.852985513916365790e+00
-1.524369982825778846e+00 2.125354309469887237e+00 -5.815997180379812725e+00
-1.255059584623521740e+00 2.201356117427440306e+00 -6.077072913158890088e+00
-1.310304334884811350e+00 2.205207268007236543e+00 -6.025716932876889587e+00
-1.346142511689633947e+00 2.192497886588877343e+00 -5.993414397961761786e+00
-1.379637030681597709e+00 2.170598912562880400e+00 -5.963910097789383968e+00
-1.406045781275424122e+00 2.134895256119459184e+00 -5.941475915894918636e+00
-1.422031324371059169e+00 2.121577545292601119e+00 -5.926287454078181582e+00
-1.423463953078844213e+00 2.121646841125180760e+00 -5.924829687828150782e+00
-1.413880276847796935e+00 2.074650515956059316e+00 -5.936878444049717096e+00
-1.398666726983217812e+00 2.030870264641963185e+00 -5.954483666547748300e+00
-1.437659775083644620e+00 2.494203068599714079e+00 -5.825428241705437493e+00
-1.472294576822677614e+00 2.491664275133810946e+00 -5.789600113705041906e+00
-1.506136055631195569e+00 2.488857630769610196e+00 -5.752978599840029794e+00
-1.539427775564090162e+00 2.485867976716704675e+00 -5.715896367142765833e+00
-1.572681460021026600e+00 2.482876392723073700e+00 -5.678702786117597157e+00
-1.604837779639557205e+00 2.479589513032097070e+00 -5.640662762101716687e+00
-1.626232794074798038e+00 2.456630195572049757e+00 -5.622620617556557399e+00
-1.646318017113424181e+00 2.430134318940209148e+00 -5.607426519857863667e+00
-1.667000946354539881e+00 2.402848465942331480e+00 -5.591780797254802593e+00
-1.434048744487991689e+00 2.508612969054639930e+00 -5.824015135499516660e+00
-1.457794703690848737e+00 2.535744896241661550e+00 -5.789509167867349149e+00
-1.471074536983296488e+00 2.573397724665105191e+00 -5.759655940144264186e+00
-1.479302002139065264e+00 2.613858162297015841e+00 -5.731715146087608126e+00
-1.485005318043034483e+00 2.656006264691636698e+00 -5.705696600682317765e+00
-1.503619270551902698e+00 2.686323994794218351e+00 -5.670887124357375519e+00
-1.527779422212476090e+00 2.705577131420509929e+00 -5.631756695721331418e+00
-1.559414265248052711e+00 2.706985301081926476e+00 -5.593389843368689718e+00
-1.593708352299913589e+00 2.696168659913626975e+00 -5.558916891664335225e+00
1.061716426168890948e+00 2.797618747269667416e+00 -6.023596102172785294e+00
1.058922835319670908e+00 2.755162194807731613e+00 -6.049210563387356743e+00
1.055659793343472597e+00 2.712302021637001292e+00 -6.074288729511899021e+00
1.065643628800035492e+00 2.665736421735731998e+00 -6.088810288749249899e+00
1.088855088776703672e+00 2.621817226709311388e+00 -6.091909960516505684e+00
1.114229089437050568e+00 2.582831159288297318e+00 -6.090097492218617070e+00
1.134445022084214161e+00 2.548351531824788907e+00 -6.086236510878831218e+00
1.149466077000127928e+00 2.522768606550645387e+00 -6.083354009169822163e+00
1.210203397824484606e+00 2.447154203902874858e+00 -6.060219699798969906e+00
1.049780206340016342e+00 2.804344169840553125e+00 -6.029109438953037525e+00
8.541489272753119977e-01 2.727510047024818363e+00 -6.201704732503122486e+00
8.152352695922355785e-01 2.716264465649288251e+00 -6.228435196645556005e+00
7.504375919355478208e-01 2.695600855754039848e+00 -6.273692555746929855e+00
7.418219980686960868e-01 2.708032060932321627e+00 -6.272656520571677774e+00
7.370967559953839343e-01 2.714850310723249116e+00 -6.272088161648228244e+00
7.405712989085176945e-01 2.709843064011391078e+00 -6.272503320907565794e+00
7.488353317249475394e-01 2.697900649531429718e+00 -6.273505160255713697e+00
7.537209777267985800e-01 2.690821404244442938e+00 -6.274105738072089267e+00
7.557195562604696049e-01 2.687915242704760121e+00 -6.274355899349551180e+00
8.534227215309483361e-01 2.727302665378438462e+00 -6.202202408694036606e+00
8.147284521592246254e-01 2.716171227212222927e+00 -6.228758321763197436e+00
7.556788611017940527e-01 2.688128485372450971e+00 -6.274283397602720136e+00
7.537935594050930721e-01 2.690877944551999690e+00 -6.274043908350571463e+00
7.527342953233618905e-01 2.692406788347289304e+00 -6.273916329103584211e+00
7.518407924711619783e-01 2.693697883295432582e+00 -6.273808060020848565e+00
7.506670272855602288e-01 2.695395006621768452e+00 -6.273665369119104440e+00
7.484485494689870899e-01 2.698601871272749531e+00 -6.273396020384495841e+00
7.453481492429844257e-01 2.703076310675533556e+00 -6.273022775137273577e+00
-1.444963804061005996e+00 3.579204024160644870e+00 -4.921510107156710667e+00
-1.452969472277296781e+00 3.586459403371307531e+00 -4.902133295049859285e+00
-1.460846257902328471e+00 3.593579196283895882e+00 -4.883093267842544272e+00
-1.468844334398443197e+00 3.600710133284604098e+00 -4.862209740967819549e+00
-1.477687604916593012e+00 3.608573501791058291e+00 -4.838617207662514907e+00
-1.487686681949345946e+00 3.617464584998069110e+00 -4.811941183188404914e+00
-1.526070039056507177e+00 3.601574960183203444e+00 -4.783702616776474237e+00
-1.563335673748252441e+00 3.587471784325499069e+00 -4.753600347138031701e+00
-1.598771142587731564e+00 3.573226265006635760e+00 -4.721595530569960175e+00
-1.439989316967825062e+00 3.574705538058701393e+00 -4.933537337628208341e+00
-1.437867715220761511e+00 3.572810012837714932e+00 -4.938636409424046469e+00
-1.461818203256183946e+00 3.534650789227601564e+00 -4.959836250284657133e+00
-1.482979910957981318e+00 3.496612397940186856e+00 -4.984116820288091887e+00
-1.501869009603222116e+00 3.457555838649080115e+00 -5.008685145435402220e+00
-1.519534145353269139e+00 3.417933003727992247e+00 -5.033358489222412580e+00
-1.532855777031713274e+00 3.379762058789641976e+00 -5.061986614726563083e+00
-1.204587769741204184e+00 3.842130429128257862e+00 -4.804989471388476652e+00
-1.201365370067655647e+00 3.869345360606668116e+00 -4.763184481801114423e+00
-1.198094261677902228e+00 3.896475112371409644e+00 -4.721325157803640593e+00
-1.194370696329615233e+00 3.922806639580283417e+00 -4.679045144971767378e+00
-1.190413272221263252e+00 3.948698753873899570e+00 -4.636503992627086568e+00
-1.179081836443188314e+00 3.963874512582277188e+00 -4.621530036381321871e+00
-1.163404469570212152e+00 3.973638756038182951e+00 -4.621164571712567337e+00
-1.146722761550716063e+00 3.984028464246219592e+00 -4.620775808780324567e+00
-1.128661722909851450e+00 3.995277205826842426e+00 -4.620354976801353430e+00
-1.217534643492570012e+00 3.835244410223904499e+00 -4.802171966678624671e+00
-1.240424564586260825e+00 3.845955138990581723e+00 -4.759044719413637381e+00
-1.273490267351886196e+00 3.846369632350804313e+00 -4.721586913647076500e+00
-1.309217031868143533e+00 3.841873205638141275e+00 -4.687000783785889801e+00
-1.347889948685058847e+00 3.831462359138090523e+00 -4.657085641488476924e+00
-1.387850128528436811e+00 3.818434150974965302e+00 -4.630081689257701250e+00
-1.427779158814468374e+00 3.802447908226686213e+00 -4.604808339598030820e+00
-1.467637483175874058e+00 3.783226127698845698e+00 -4.581663980996052210e+00
-1.494502371296011711e+00 3.782912064470157709e+00 -4.545451717275835968e+00
-1.628575741461662618e+00 3.264517575274155092e+00 -5.063131496912525620e+00
-1.664730314277471201e+00 3.240621972570852272e+00 -5.038432585358191496e+00
-1.700040028628856170e+00 3.216253086273991535e+00 -5.013140398559192690e+00
-1.734612494536414751e+00 3.191330078299344120e+00 -4.987269043995237183e+00
-1.768814880452724614e+00 3.165820374643097068e+00 -4.961050534511040944e+00
-1.802901719736017094e+00 3.140282149734157979e+00 -4.934756371991576351e+00
-1.833187973720709740e+00 3.130590987328103036e+00 -4.896191440606342482e+00
-1.856260994913992990e+00 3.136790401349273338e+00 -4.852019148905362123e+00
-1.872870761371027593e+00 3.123284728258497012e+00 -4.838689034288409019e+00
-1.626471674527564915e+00 3.275810406838397082e+00 -5.053604967982756158e+00
-1.654955445750217358e+00 3.276431763691923571e+00 -5.012614100759173574e+00
-1.675119378257850400e+00 3.289852452202123523e+00 -4.969023854193689083e+00
-1.691215131324440124e+00 3.308082229426373200e+00 -4.925396235287153424e+00
-1.701973658445626425e+00 3.332096751923421252e+00 -4.882920911198654679e+00
-1.709371717511108724e+00 3.358584238047417347e+00 -4.841206916383392844e+00
-1.712975388787568054e+00 3.386553908024113824e+00 -4.800001474791796063e+00
-1.729385000079534773e+00 3.401457643588642110e+00 -4.755286958093612348e+00
-1.754733788883133583e+00 3.390875684403304113e+00 -4.728997998233418265e+00
-1.545391784640089972e+00 3.099060040816002726e+00 -5.333583600001999159e+00
-1.580376166479133593e+00 3.070496086468146313e+00 -5.313073434210894952e+00
-1.615430486922022180e+00 3.041897656937298855e+00 -5.292503164196078913e+00
-1.649758498625149228e+00 3.012779456352023821e+00 -5.271324393779652340e+00
-1.684093322632638667e+00 2.991650737729842469e+00 -5.242165193343629959e+00
-1.715186728036510955e+00 2.986714867230168657e+00 -5.203761152025776049e+00
-1.737848271567057790e+00 2.998847748705627314e+00 -5.161221148819789661e+00
-1.752395175765218971e+00 3.021865239947738146e+00 -5.119547857891038056e+00
-1.754642248632747759e+00 3.057623042665506663e+00 -5.085178492798959837e+00
-1.541981844930146783e+00 3.090461959257422286e+00 -5.345191065333665392e+00
-1.566648230905516526e+00 3.047799774430154596e+00 -5.349669630784688046e+00
-1.581787585889918413e+00 3.003999761699011284e+00 -5.366773615392725461e+00
-3.047233132208314044e-01 2.950507572586607896e+00 -6.291351753728918084e+00
-2.585288454391302393e-01 2.940563369061887755e+00 -6.307184482553433114e+00
-2.125635153375491637e-01 2.928831421105041244e+00 -6.320559483001413348e+00
-1.813999352085989003e-01 2.909023801482215177e+00 -6.337291771182646194e+00
-1.627969296033114355e-01 2.881906506857415895e+00 -6.357168345282107502e+00
-1.433759968744056090e-01 2.852849416368102631e+00 -6.375679393378642423e+00
-1.244240362017458995e-01 2.823988563192810108e+00 -6.392448404027423869e+00
-7.756896784539579759e-02 2.816070481389083557e+00 -6.399943835407641224e+00
-3.018695274303787590e-01 2.963130755840596375e+00 -6.283934130149343211e+00
-2.547043430266731634e-01 2.978372602058208862e+00 -6.282357558835789391e+00
-2.145771689279574179e-01 3.003506693337358868e+00 -6.270633418684189664e+00
-1.501889016391974585e-01 3.048815493319624981e+00 -6.247339811989061076e+00
-1.409212594288083098e+00 2.758728296523234924e+00 -5.732768101046839426e+00
-1.398362802075600486e+00 2.764785821547168787e+00 -5.741024691220465215e+00
-1.384299322966959789e+00 2.811119880046942576e+00 -5.729111221620106775e+00
-1.366718117596997573e+00 2.856463367605844184e+00 -5.718329306615950181e+00
-1.347030051800854444e+00 2.901826487391018450e+00 -5.707819110574259724e+00
-1.926353054458019631e+00 2.501222703429799132e+00 -5.183408731642304090e+00
-1.951759565158821097e+00 2.468959326216648265e+00 -5.155019119291156748e+00
-1.977088482367868272e+00 2.436679528437936337e+00 -5.126588423735171318e+00
-2.001466611733049739e+00 2.404156313900453590e+00 -5.097554016454371784e+00
-2.025199482665519302e+00 2.371551273292018092e+00 -5.068140919911975573e+00
-2.048115912823685214e+00 2.338805583342656202e+00 -5.038190272941380776e+00
-2.070060157701440140e+00 2.306005162069031833e+00 -5.007715765744189085e+00
-2.092006428822758224e+00 2.273057668144371934e+00 -4.977187741747766125e+00
-2.113874994157725951e+00 2.240156682650860098e+00 -4.946636401552158446e+00
-1.922014670796017954e+00 2.491827927028605227e+00 -5.194128273737692147e+00
-1.936291749928267025e+00 2.444282373304692779e+00 -5.189522820379105283e+00
-1.942379338675666478e+00 2.395523565178974579e+00 -5.198178422347376149e+00
-1.943128477911636676e+00 2.347229191580322283e+00 -5.210449966153642976e+00
-1.939229847412508034e+00 2.301072662591169049e+00 -5.228901652148872259e+00
-1.933033317459669664e+00 2.256578919081913437e+00 -5.250511237452980318e+00
-1.923132987257755389e+00 2.213524637578850651e+00 -5.273529710133048276e+00
-1.910515005762656759e+00 2.172252084099215885e+00 -5.298589612241676683e+00
-1.896798277077879957e+00 2.132282492669352880e+00 -5.325126472482885731e+00
-1.881672652892662834e+00 2.923281107399299916e+00 -5.001905148054158090e+00
-1.893185356157749633e+00 2.947660268858677934e+00 -4.964790579977186091e+00
-1.912037065339390551e+00 2.957784288579321519e+00 -4.926814776424874864e+00
-1.930249647096460963e+00 2.967533461551255858e+00 -4.887015132120988703e+00
-1.949828514586922301e+00 2.978079111896335451e+00 -4.843435331535059341e+00
-1.974143253010208543e+00 2.979490439462589180e+00 -4.799933435003286952e+00
-2.002642481181335921e+00 2.967554888949052394e+00 -4.760890492889382486e+00
-2.031472640282743214e+00 2.947323497995933739e+00 -4.725662101312217089e+00
-2.059935023772410112e+00 2.922361903087096646e+00 -4.693202582339068840e+00
-1.877038908862948885e+00 2.938975824476481424e+00 -4.997326905266925579e+00
-1.896032994672956606e+00 2.949202635993492638e+00 -4.959044144681492128e+00
-1.915884654895867012e+00 2.959801300627339593e+00 -4.918984882109074697e+00
-1.934926558203203806e+00 2.970054028096764220e+00 -4.876603651558648167e+00
-1.949218440544577158e+00 2.990444083082897109e+00 -4.833257573359574621e+00
-1.959457854862179937e+00 3.016445224566415284e+00 -4.791835921319568925e+00
-1.961455293062475125e+00 3.045325464579316410e+00 -4.761769876508891386e+00
-1.973038480509121673e+00 3.062066712993704698e+00 -4.726065053738010668e+00
-1.985556918855334363e+00 3.073691998316913754e+00 -4.693426410480993738e+00
8.262239436924805058e-02 4.712043853851504593e+00 -3.508537995180744939e+00
1.359994790928311104e-01 4.725915417789402717e+00 -3.456088979958563456e+00
1.320665572577507385e-01 4.739992909614992200e+00 -3.409750882101386882e+00
1.281345186039028194e-01 4.752875978463436901e+00 -3.363700919961471580e+00
1.385975696379585509e-01 4.765571618836112577e+00 -3.316477662649222058e+00
1.492644719655960850e-01 4.778245659816821700e+00 -3.269296009258348512e+00
1.600138143543694824e-01 4.790515759279099228e+00 -3.222050435714490568e+00
2.294199738901490093e-01 4.798992819074564764e+00 -3.172209264794463301e+00
2.281902692373949382e-01 4.811720241769877227e+00 -3.125937419215291779e+00
6.780335204858713161e-02 4.711783045513952217e+00 -3.510374649599024011e+00
3.854952964804787829e-02 4.723751399787032845e+00 -3.471609692544946224e+00
6.777462757284108408e-03 4.735195312145710211e+00 -3.434737815745638745e+00
-2.590372472553389288e-02 4.745841736568941371e+00 -3.398476106665762053e+00
-6.373927015578645383e-02 4.753861899175663375e+00 -3.366771905173631563e+00
-1.073510957338256744e-01 4.759526945375595730e+00 -3.342974223159238978e+00
-1.535084066755658116e-01 4.763278709671305400e+00 -3.324190380633551989e+00
-2.006548301418102365e-01 4.764192476177867341e+00 -3.308031329029189838e+00
-2.485028930331087405e-01 4.764322330738484546e+00 -3.293793504022558327e+00
4.720900264941561564e-01 4.614443645253569315e+00 -3.689130793940578190e+00
4.864637683586549577e-01 4.626889639106972041e+00 -3.642917547399344258e+00
4.984079504499130397e-01 4.639885327738158871e+00 -3.596153826894174177e+00
5.090977365531214049e-01 4.652534293390668374e+00 -3.549012030391740957e+00
5.095148098043030815e-01 4.666974855327135074e+00 -3.501163619318967246e+00
4.972430892033459782e-01 4.683077327221786490e+00 -3.455461948805501393e+00
4.774774788134127923e-01 4.699626070438141845e+00 -3.412619481620220441e+00
4.534101268994416567e-01 4.716268812388192622e+00 -3.372086496251727183e+00
4.375539401933158379e-01 4.731565447631068899e+00 -3.327250284833421112e+00
4.729594757683404649e-01 4.611412714815863900e+00 -3.698086264949008939e+00
5.155020455003490598e-01 4.612125942798549261e+00 -3.672133560952112852e+00
5.623845265765697876e-01 4.607506534737666470e+00 -3.655718599613246855e+00
-3.297251587755213875e-01 4.526802640532501698e+00 -4.004199849859339189e+00
-3.343469738641532962e-01 4.543604282247383885e+00 -3.958615384907766543e+00
-3.386415411018545707e-01 4.558634597879124506e+00 -3.913727377215128644e+00
-2.820376636993316977e-01 4.582100395344617105e+00 -3.865849939041821060e+00
-2.865200867228996362e-01 4.597124677002085491e+00 -3.822640041162208124e+00
-2.908809256620510930e-01 4.611313963319279452e+00 -3.779593364003086098e+00
-2.951810904258845847e-01 4.624833805486809446e+00 -3.736213462531164708e+00
-2.801752176385350901e-01 4.641173979447430042e+00 -3.691410572991873806e+00
-2.852851606267628459e-01 4.655923567468847502e+00 -3.643921170647419494e+00
-3.295533669837285018e-01 4.526175940397592967e+00 -4.005899957756551721e+00
-3.340844757294048062e-01 4.542645958985239929e+00 -3.961215055182218503e+00
-3.383263954175327881e-01 4.557656850034629947e+00 -3.916691491660223789e+00
-2.817040113229716813e-01 4.580798640771526209e+00 -3.869578596571300988e+00
-2.861085896264948802e-01 4.595492267967073552e+00 -3.827313885524088910e+00
-2.901127533962834515e-01 4.608913739711511859e+00 -3.787296538413782887e+00
-2.935034056033957173e-01 4.619582656198679693e+00 -3.753065179253747718e+00
-2.577300187488779093e-01 4.633317464665823948e+00 -3.723281618333322385e+00
-2.144778243546500984e-01 4.643658423710347982e+00 -3.702791376192828388e+00
2.998391109855274905e+00 2.567398634390017698e+00 -1.990415171144594986e+00
3.008759660272624092e+00 2.547647602596528671e+00 -1.948925378871382952e+00
3.017815847210061353e+00 2.528125347467483408e+00 -1.908129188789201347e+00
3.025461599477184738e+00 2.525564600856712083e+00 -1.858780387353315522e+00
3.033126456208630639e+00 2.522869020933386608e+00 -1.809445802610331722e+00
3.040314946864270951e+00 2.520019614651732187e+00 -1.760053668446892594e+00
3.047379882031775900e+00 2.517107065038054703e+00 -1.710644322236270165e+00
3.054448478705448444e+00 2.514168500707081755e+00 -1.661236836407169015e+00
3.061300907998822041e+00 2.511172431750738454e+00 -1.611805026448604572e+00
2.997407743983560913e+00 2.569214998102268055e+00 -1.994252808531710830e+00
3.007133104796411605e+00 2.551162948946284814e+00 -1.956243015834600474e+00
3.014599541142608530e+00 2.535083622240755119e+00 -1.922591252995676570e+00
3.020154208333613699e+00 2.523108483693889514e+00 -1.897569781248866105e+00
3.024822798424206649e+00 2.537793312515179700e+00 -1.850038367412642382e+00
3.026825031669420074e+00 2.560339507447226826e+00 -1.805502642323303375e+00
3.025205175839678073e+00 2.593706391884946338e+00 -1.768359970025792594e+00
3.020571710250527175e+00 2.635166529021611748e+00 -1.740860974416174267e+00
3.014617823591336787e+00 2.679442634817224889e+00 -1.718479108510930553e+00
3.012217674506806997e+00 2.391621506450333001e+00 -2.080031687922529571e+00
3.019010737643005093e+00 2.342949527585297620e+00 -2.071116009106670042e+00
3.031721930975450174e+00 2.239440309183930999e+00 -2.056812315782010181e+00
3.032327253275568069e+00 2.239906835778614713e+00 -2.052894975933758026e+00
3.032941053400756815e+00 2.240349808552541955e+00 -2.048934481808465602e+00
3.033601193468727697e+00 2.240830504210136631e+00 -2.044673317378367550e+00
3.034339591370441624e+00 2.241371617845777209e+00 -2.039905667320297766e+00
3.035184071910029591e+00 2.241993077990795502e+00 -2.034452053688601048e+00
3.036161170508540508e+00 2.242714055048255606e+00 -2.028141251075641360e+00
3.013950601718840883e+00 2.396724790112925163e+00 -2.066099977160316126e+00
3.023198633571228644e+00 2.363347483061983390e+00 -2.030114041694544014e+00
3.043984911984633168e+00 2.248642632273034181e+00 -1.976438042290979746e+00
3.050019962675559970e+00 2.253705804533677970e+00 -1.930852370797895512e+00
3.057243920307307405e+00 2.257004804630673878e+00 -1.878255222569430449e+00
3.065349442905868305e+00 2.241894984108319999e+00 -1.832651184493168772e+00
3.072624955318635998e+00 2.226846883955995171e+00 -1.787219810007105725e+00
3.079886779671910713e+00 2.256523006386002450e+00 -1.710493270799908316e+00
3.087567271687048809e+00 2.225939863300970600e+00 -1.673614797616128191e+00
2.999122589647388093e+00 1.875694799164354443e+00 -2.289729323405808259e+00
3.005927062948149153e+00 1.851964293424527064e+00 -2.246271555534209430e+00
3.012361167422954011e+00 1.828250106762195903e+00 -2.202738795966288077e+00
3.018400082565337428e+00 1.804577382063622393e+00 -2.159137531781322394e+00
3.025654677684669114e+00 1.793151774061719550e+00 -2.111032740029283872e+00
3.033574730155799148e+00 1.794204767757136665e+00 -2.061703057591907307e+00
3.041886443762928494e+00 1.805392469325617144e+00 -2.013722631505919569e+00
3.049690844272410217e+00 1.822708491659114971e+00 -1.967495078548024301e+00
3.057272190974873904e+00 1.843668328994131356e+00 -1.922756892994413880e+00
3.000428593269194089e+00 1.889739143693786483e+00 -2.284810229686864425e+00
3.009248765592869024e+00 1.897259634804532524e+00 -2.236187998630462470e+00
3.017462965746686709e+00 1.919729681797438303e+00 -2.192283714871133604e+00
3.025273731281758138e+00 1.947370581261846478e+00 -2.151342421250148185e+00
3.031795638405239579e+00 1.981266859749617026e+00 -2.115176999911802636e+00
3.036725965035054653e+00 2.018108591958143183e+00 -2.081768852541581172e+00
3.041664157295690618e+00 2.054752141207297100e+00 -2.048181270538030674e+00
3.048301714672301266e+00 2.076197271077441897e+00 -2.003591663497624076e+00
3.055593398820493523e+00 2.093409592727068613e+00 -1.955089274335437333e+00
2.983222299982998038e+00 1.534116648272236150e+00 -2.189187167477930185e+00
2.979502386737171271e+00 1.488894486351524549e+00 -2.168340688691435592e+00
2.974582649846229554e+00 1.443859356919125370e+00 -2.147287114180129297e+00
2.969339791450230415e+00 1.398877780167769647e+00 -2.126179483766725831e+00
2.964095212800073043e+00 1.353880918760738128e+00 -2.105064305767792909e+00
2.958111428580502356e+00 1.310732005281327606e+00 -2.080808286677128471e+00
2.952568953413170938e+00 1.270825352076262682e+00 -2.051597752825861765e+00
2.949535820486319349e+00 1.235592992565784254e+00 -2.016810409734278942e+00
2.951417516199955848e+00 1.213596639551342449e+00 -1.972926623723018524e+00
2.986445189874042061e+00 1.541980891054745006e+00 -2.176906804395707162e+00
2.990286201769932095e+00 1.516570555000742004e+00 -2.134053893528611745e+00
2.996454553589118053e+00 1.505567224746752863e+00 -2.085699679912970339e+00
3.003548544070441029e+00 1.501328599130475450e+00 -2.036416906265964055e+00
3.011771459571106035e+00 1.504841383960843437e+00 -1.987247406720710208e+00
3.020345858275821804e+00 1.512438589538793954e+00 -1.938595624401344919e+00
3.028744937134679294e+00 1.523243318915844968e+00 -1.890521100517344122e+00
3.037493214499297878e+00 1.537304774950153829e+00 -1.843348573822786163e+00
3.044215636389236312e+00 1.535924307431770330e+00 -1.793830663008177062e+00
2.929395527448987568e+00 1.386179274865979805e+00 -2.341001748478767297e+00
2.929870840702156087e+00 1.355491875957363535e+00 -2.301694684360144016e+00
2.931206772838076180e+00 1.327585854545957345e+00 -2.260325315056065154e+00
2.932494027593520958e+00 1.301084200362359278e+00 -2.218033565569492271e+00
2.928163074969868607e+00 1.260748452921278462e+00 -2.189115815892840988e+00
2.917345492119400863e+00 1.213601091779378915e+00 -2.177619931838383760e+00
2.903480191928626386e+00 1.165928695693639439e+00 -2.181229628730828818e+00
2.887313806112736803e+00 1.121277043521222483e+00 -2.196193594611969946e+00
2.870786153122474094e+00 1.086765399009699706e+00 -2.227803093564489689e+00
2.927153968942753259e+00 1.386416613338396386e+00 -2.353583367328117237e+00
2.919156224067873673e+00 1.339280317017871980e+00 -2.339816731412113437e+00
2.907974291112118692e+00 1.290731304682801062e+00 -2.340541951563576362e+00
2.894261710533083232e+00 1.243394874694990326e+00 -2.348019126540835888e+00
2.879317907248045483e+00 1.197615318295553122e+00 -2.360549137746172921e+00
2.865785975950785325e+00 1.150068117326544348e+00 -2.361167972402979931e+00
2.852244492948855292e+00 1.100336138706198952e+00 -2.349522860810291380e+00
2.835375459259331876e+00 1.052227012560440489e+00 -2.357747009113015046e+00
2.075461724590858203e+00 4.253438469438984626e+00 -1.908021294039324856e+00
2.051763495628962986e+00 4.281431327526736830e+00 -1.874026899826557013e+00
2.027915460763674016e+00 4.309260356190149466e+00 -1.839989411661354879e+00
2.004110840742294730e+00 4.337046892678807275e+00 -1.805969555614744371e+00
1.979169938189539124e+00 4.363473797131698362e+00 -1.771727371985668098e+00
1.954135111102578204e+00 4.389800014773742376e+00 -1.737425315270322512e+00
1.929084995974513106e+00 4.416112009441373054e+00 -1.703118374410667268e+00
1.903374394053631402e+00 4.441596250436564475e+00 -1.668670775174246668e+00
1.877661063654142648e+00 4.467083867564418220e+00 -1.634215171337701999e+00
2.124964183858004674e+00 4.220833472204253312e+00 -1.841383770596715319e+00
2.105299701266629242e+00 4.243493961026636008e+00 -1.817612640287383785e+00
2.090798605337733207e+00 4.259851927608108824e+00 -1.800259247110176153e+00
2.103193761039436893e+00 4.257774996372035936e+00 -1.751870696447717091e+00
2.120393833711843090e+00 4.249493026222977754e+00 -1.705680348142623037e+00
2.140184850254203131e+00 4.238318394001632683e+00 -1.661171264948062332e+00
2.162963779809724763e+00 4.223863767421408788e+00 -1.619078380719295440e+00
2.187591646095370823e+00 4.207272686262681916e+00 -1.578864483992646228e+00
2.212235763197217153e+00 4.188389901335994203e+00 -1.539697327537658644e+00
2.424259341813456814e+00 3.880507374403641130e+00 -1.876941389184395792e+00
2.449101925001802904e+00 3.856157673198918001e+00 -1.841084530106901873e+00
2.473563668903704826e+00 3.831399285764641061e+00 -1.805144265039927198e+00
2.498113733930210856e+00 3.806727819447936589e+00 -1.769215193503707262e+00
2.494684566331421660e+00 3.819832907686140810e+00 -1.732579334296079798e+00
2.499238048906905707e+00 3.822500976468630185e+00 -1.694675126718447888e+00
2.503722045430045284e+00 3.825103001272315506e+00 -1.655025212997657258e+00
2.507849456019350054e+00 3.827394157491257332e+00 -1.613600264042201138e+00
2.526707479930926592e+00 3.809304483867615332e+00 -1.570984316550447124e+00
2.428562663259650201e+00 3.872308218576701488e+00 -1.888649271090077519e+00
2.459110982066718076e+00 3.833957488723213736e+00 -1.879555372614617692e+00
2.487844988915928646e+00 3.793477241967492475e+00 -1.885917701148450920e+00
2.514517880319020904e+00 3.752952934246846173e+00 -1.897931332476485267e+00
2.538045300298465534e+00 3.713449918013632001e+00 -1.917341405923373987e+00
2.559676640816380466e+00 3.674841550750542307e+00 -1.940454906301428473e+00
2.579214580472310558e+00 3.636769596939865679e+00 -1.966215369305454486e+00
2.597223053637908396e+00 3.600203172263892970e+00 -1.995097652773990982e+00
2.614137232522151688e+00 3.564567884743847337e+00 -2.025771945935513685e+00
2.152400679831832697e+00 3.929629766557622972e+00 -2.836876292492190199e+00
2.177982922063154803e+00 3.892989146282385349e+00 -2.859141265360812145e+00
2.203299738303272193e+00 3.855809651641508573e+00 -2.881319888802430729e+00
2.227858236576755857e+00 3.818612349848260035e+00 -2.903325648315863372e+00
2.144651227788278991e+00 3.934429427422637016e+00 -2.848706167263141076e+00
2.152541534026079617e+00 3.910785623998626725e+00 -2.891945085090108947e+00
2.149400658898161787e+00 3.897072571001903185e+00 -2.939832191698396713e+00
2.142138905107590308e+00 3.887732126455090143e+00 -2.988380196049069237e+00
2.128636552174163032e+00 3.884725070208405739e+00 -3.036400293815668228e+00
2.897729894202215828e+00 2.988471114981063881e+00 -1.923275998513984009e+00
2.908750743698123475e+00 2.977723559144394017e+00 -1.875704249591891193e+00
2.919006887496065072e+00 2.968850324084228554e+00 -1.827581982651948600e+00
2.928457492866129108e+00 2.960712149127711079e+00 -1.779169580761899683e+00
2.937580387660451819e+00 2.953010054893230318e+00 -1.730623029395954360e+00
2.946627596417088046e+00 2.945585312206313144e+00 -1.682012929650012811e+00
2.949873904150982273e+00 2.956522975605551107e+00 -1.633348389833705117e+00
2.947212186364279063e+00 2.979821917332219794e+00 -1.589202804794855428e+00
2.924286015240898706e+00 3.073159488796339378e+00 -1.513185394342478673e+00
2.896728215340458767e+00 2.987905758017730840e+00 -1.931303003594358136e+00
2.900112067102808222e+00 2.989801874080363131e+00 -1.904219378990828826e+00
2.915861971886622328e+00 2.958867684010749510e+00 -1.868268337995625306e+00
2.931680536599684306e+00 2.923284879621341759e+00 -1.836955576683906299e+00
2.969842244752251226e+00 2.811005986974287385e+00 -1.802918657492946108e+00
2.970610151209548633e+00 2.812788094732237010e+00 -1.794545393282630297e+00
2.971067093678142701e+00 2.813816081509820766e+00 -1.789619966559559794e+00
2.971176264213233775e+00 2.814054884503053522e+00 -1.788455164088731619e+00
2.970960840181863460e+00 2.813556328600326228e+00 -1.790801713032556419e+00
2.932547360241405165e+00 2.746435509536155894e+00 -2.149677253895291518e+00
2.945842754918062134e+00 2.721836871357123488e+00 -2.108297603330048897e+00
2.958733243943089342e+00 2.697144512574739306e+00 -2.066838581939701491e+00
2.970586799267080913e+00 2.675488016705936722e+00 -2.023428881347828945e+00
2.978992173191522319e+00 2.671575907557364182e+00 -1.974440246420209988e+00
2.983382512498457650e+00 2.685487617531195692e+00 -1.926765980681039991e+00
2.984266403860195815e+00 2.709305797877489486e+00 -1.882929040883645433e+00
2.930022012029456668e+00 2.759806226234304383e+00 -2.143571339802846865e+00
2.936724713478698234e+00 2.765041746224994768e+00 -2.094394086875548844e+00
2.939011374450587688e+00 2.784864156770442634e+00 -2.048554665266242303e+00
2.939401164170176273e+00 2.809784296252767710e+00 -2.005173277035461776e+00
2.937456538956152663e+00 2.840892613933338140e+00 -1.966086358370678688e+00
2.937227106941900701e+00 2.864197852938070721e+00 -1.921922766377177849e+00
1.351168039737348447e+00 4.583789790783898255e+00 -2.725564508502666072e+00
1.343000094242772002e+00 4.599228738571444097e+00 -2.678722331877169793e+00
1.334755065886415570e+00 4.614508724194310574e+00 -2.631835978426191325e+00
1.363738122398956421e+00 4.612358151933011463e+00 -2.579456811099653191e+00
1.362313358569832156e+00 4.624525176907605228e+00 -2.531209104770452800e+00
1.360450488380515743e+00 4.635947176255482027e+00 -2.482662619854127950e+00
1.327286661469211815e+00 4.663347616457673261e+00 -2.432119116855960161e+00
1.334227766366887113e+00 4.670417412108309740e+00 -2.384547878465396398e+00
1.340836984428092293e+00 4.676819470905381415e+00 -2.336837469503052933e+00
1.338571890886579352e+00 4.588798735098693626e+00 -2.731833273430439135e+00
1.306115642007378730e+00 4.612258598585597724e+00 -2.701951686608825121e+00
1.265677325338030235e+00 4.636522900548832204e+00 -2.685445736412769069e+00
1.222411211109895035e+00 4.659263346328580191e+00 -2.675153974753384567e+00
1.177024518057526503e+00 4.679817303807754847e+00 -2.672220156457673745e+00
1.131146415976268527e+00 4.699546505998786650e+00 -2.673315736660414110e+00
1.084888543220609458e+00 4.717762783588435482e+00 -2.676434090224218743e+00
9.864156168211349884e-01 4.755054642657190911e+00 -2.678234147877291527e+00
9.855848078093542020e-01 4.753870586988692359e+00 -2.685077841711469127e+00
1.067163896880724439e+00 4.600882227273434211e+00 -3.161977933839338117e+00
1.020648299403934978e+00 4.615812119346128561e+00 -3.172342129011730627e+00
9.741220861444193080e-01 4.630746311621616762e+00 -3.182705532868601583e+00
9.276008884696754775e-01 4.645606536599609981e+00 -3.193035600417538866e+00
8.802592862512154115e-01 4.658128363618823542e+00 -3.202692486579485465e+00
8.328265390911436805e-01 4.670576636927520120e+00 -3.212323713497508670e+00
7.853836688699039614e-01 4.683021641853423844e+00 -3.221978371402234753e+00
7.378997028274069114e-01 4.697418321848743084e+00 -3.216956413329915332e+00
6.946530125698938685e-01 4.713861515602474128e+00 -3.199044416310365957e+00
1.070883334838518719e+00 4.595639619454424896e+00 -3.175462658002932592e+00
1.036566471339173567e+00 4.598605727038600044e+00 -3.211561887715399966e+00
1.013681918315283870e+00 4.594888663936896656e+00 -3.255768352295030255e+00
9.962318101473693899e-01 4.587777101207143993e+00 -3.302009791410924766e+00
9.858033768758537319e-01 4.577365657139199406e+00 -3.349739370901116953e+00
9.792170300292336593e-01 4.565390451162479657e+00 -3.397811624927105978e+00
9.874072555863583345e-01 4.548348402253655109e+00 -3.443986963769024801e+00
1.012957414908425502e+00 4.526397631260457466e+00 -3.480670628622757334e+00
1.049242598350665467e+00 4.503016606072463901e+00 -3.505634392785323961e+00
1.916787544527945419e+00 4.330635647249303055e+00 -2.198604543747947559e+00
1.884733505904648387e+00 4.361525045210854046e+00 -2.175761902612759702e+00
1.853040217370719001e+00 4.391889673116670778e+00 -2.151891515883908479e+00
1.821163567429123997e+00 4.421579364603346107e+00 -2.127421740225225566e+00
1.796874160271655141e+00 4.444455698001630317e+00 -2.102663039520298760e+00
1.799635541010347506e+00 4.447625249909014755e+00 -2.077979689010901243e+00
1.802543203441849151e+00 4.450962366294261230e+00 -2.051990386925795828e+00
1.805363316196640477e+00 4.454171803958551834e+00 -2.024114376834900586e+00
1.808266030763815646e+00 4.457396636189375094e+00 -1.994088196202818075e+00
1.916153495876582014e+00 4.331296777170197565e+00 -2.197926943517031884e+00
1.890236849425850574e+00 4.359339928770848083e+00 -2.165637523655759455e+00
1.916331674336571922e+00 4.359965243349571473e+00 -2.065100138470228330e+00
1.894312449515148211e+00 4.381916204736223897e+00 -2.041172586345346929e+00
1.931480992949953013e+00 4.369916609911850713e+00 -1.950500964435507134e+00
1.919940192232621579e+00 4.381898759734196069e+00 -1.938522383345852251e+00
1.915390487178608492e+00 4.386625105439772021e+00 -1.933786282126286782e+00
1.915927793362624199e+00 4.386069602330620931e+00 -1.934331710651423508e+00
1.920217438521643505e+00 4.381617747316773226e+00 -1.938774497434632371e+00
1.647696703869883983e+00 4.470388633917311338e+00 -2.463584123513308022e+00
1.609668210113292419e+00 4.499559562934821066e+00 -2.449549619214946183e+00
1.570316340101410191e+00 4.526697585563723258e+00 -2.435037625667670014e+00
1.530965291229381853e+00 4.553837267791151611e+00 -2.420519850262888628e+00
1.494065483327320365e+00 4.580747475218984732e+00 -2.400357520207835105e+00
1.468275643744062275e+00 4.603341220552539248e+00 -2.364134516387173868e+00
1.456153219652535746e+00 4.619440482694907146e+00 -2.318786633529132946e+00
1.461616310394232121e+00 4.626519444994220187e+00 -2.270045579750432641e+00
1.478805724000200605e+00 4.625982017844967764e+00 -2.223379304733319906e+00
1.644371545969307569e+00 4.469226672353756591e+00 -2.478096015247917450e+00
1.603605377732618908e+00 4.492299927101552015e+00 -2.495324577075414219e+00
1.567108437416744104e+00 4.507869280391394895e+00 -2.525572077857477282e+00
1.533480226119040335e+00 4.520573052775872291e+00 -2.560237215267091582e+00
1.504429291944164415e+00 4.529160553012128609e+00 -2.599971373601135838e+00
1.489996868447138079e+00 4.526090262980600798e+00 -2.647660478732715816e+00
1.491822090054694794e+00 4.513309908309799390e+00 -2.695833857387459176e+00
1.509490459657867323e+00 4.491802792273162481e+00 -2.737159379884499977e+00
1.571001148892300359e+00 4.440641322783273282e+00 -2.788162764228170332e+00
8.559281254348808377e-01 4.582028767610683673e+00 -3.487336736293108252e+00
8.377659670107586720e-01 4.600738168202759937e+00 -3.444714853208985073e+00
8.195154084814311179e-01 4.619221174882766512e+00 -3.402013016617595031e+00
8.012472720450166674e-01 4.637666498368743895e+00 -3.359294001225298310e+00
7.755045057913781958e-01 4.656964191410861709e+00 -3.321092972742765603e+00
8.696459091798246499e-01 4.578597395736164088e+00 -3.482551597669954813e+00
8.814086286959291749e-01 4.589295221176911355e+00 -3.435162356142254403e+00
7.862320612892990113e-01 4.505879434990683663e+00 -3.781485305300034128e+00
7.844941989034855956e-01 4.505782425385269185e+00 -3.783396230087884504e+00
7.799843711077848463e-01 4.505530568746022979e+00 -3.788355480288307930e+00
7.680910120028762167e-01 4.504865625673959428e+00 -3.801436164035634668e+00
7.472780297831470575e-01 4.503394681357318241e+00 -3.824220674171598944e+00
7.963803186420985725e-01 4.506444285725706322e+00 -3.770331076339371812e+00
7.950536922078828006e-01 4.520931536836808817e+00 -3.730639960336644467e+00
7.973727567711808017e-01 4.535132676384691308e+00 -3.688323751276914919e+00
7.996643859935240739e-01 4.549448747349157607e+00 -3.643859710541974106e+00
6.581735260214395256e-01 4.614083669671117605e+00 -3.566630121949168952e+00
6.377804555080982540e-01 4.632073989777099499e+00 -3.524804173202873869e+00
6.173844422872819537e-01 4.649986285615538506e+00 -3.482941894608153621e+00
6.162243546827093077e-01 4.664651732160569608e+00 -3.435271980539107428e+00
6.324924529463412659e-01 4.674522692497768972e+00 -3.389115930860188808e+00
6.173903841532644154e-01 4.704474166477795372e+00 -3.301366913982780371e+00
6.721395811956435429e-01 4.612417259102730149e+00 -3.561713551000316613e+00
6.822900627177798105e-01 4.624498789267234677e+00 -3.514481303613033791e+00
7.065195304238759411e-01 4.631483561316204423e+00 -3.471559323786372442e+00
-1.559106046925699651e+00 2.109109650098013322e+00 -5.778451539310164087e+00
-1.591195086785738511e+00 2.112481869059228856e+00 -5.741189592812487419e+00
-1.621868296063447179e+00 2.115830764980612511e+00 -5.702834641460369447e+00
-1.667951704689417225e+00 2.078275925065380392e+00 -5.648173858280089554e+00
-1.687786101393093929e+00 2.099144082226842567e+00 -5.623088873735026638e+00
-1.705992112684872053e+00 2.119936292989466953e+00 -5.596645903139506828e+00
-1.721818182227807359e+00 2.138344380492825714e+00 -5.573025102124531394e+00
-1.748754039767561164e+00 2.112220680230648462e+00 -5.540046205150303216e+00
-1.768692732106169396e+00 2.073634173807747949e+00 -5.515629807648330996e+00
-1.558276249407401393e+00 2.109009582990991394e+00 -5.779385809206095459e+00
-1.589816738203880586e+00 2.112325403031984461e+00 -5.742913886741423113e+00
-1.619707116309714756e+00 2.115557372949420589e+00 -5.705541786247700919e+00
-1.671320539013140261e+00 2.081881511213206082e+00 -5.643911146732413897e+00
-1.696208989024239777e+00 2.108549053425524900e+00 -5.611248463797348762e+00
-1.719162697502480519e+00 2.135236255612358303e+00 -5.576990917830933370e+00
-1.745126860923196022e+00 2.154331943550813477e+00 -5.539634898841812927e+00
-1.767924774826549195e+00 2.181526074027531958e+00 -5.505190476114700360e+00
-1.787483783230795709e+00 2.214053856160786982e+00 -5.473150489726615220e+00
-1.385280358185921878e+00 1.985398761236219611e+00 -5.969400180135303380e+00
-1.369909405011699333e+00 1.939760358010284458e+00 -5.982220073251285797e+00
-1.354051934318233563e+00 1.894193629049630401e+00 -5.994729330816110036e+00
-1.337589001131988420e+00 1.848808540549488955e+00 -6.006477664849162679e+00
-1.315094131260491572e+00 1.784909054414031582e+00 -6.018833885086305457e+00
-1.292803105773707051e+00 1.736110926812240107e+00 -6.032991225672141411e+00
-1.376291045427157300e+00 1.993399583448642653e+00 -5.978185994891204835e+00
-1.345031627750180814e+00 1.967942641241049673e+00 -6.007233565476527204e+00
-1.309670223215355422e+00 1.956923206160307904e+00 -6.040594796317916071e+00
-1.273050785032366905e+00 1.952938435654044680e+00 -6.073938519040710915e+00
-1.235618262498025199e+00 1.956793189360568563e+00 -6.106400256155652961e+00
-1.193409685905580719e+00 1.909247709187603892e+00 -6.140305363704123387e+00
-1.156431406999011369e+00 1.915050842847492607e+00 -6.172092826636093044e+00
-1.124257007158628641e+00 1.919756546784616269e+00 -6.198260805288492215e+00
-1.100234148765059317e+00 1.923341366529575769e+00 -6.216011780367628248e+00
-1.679336432885561115e+00 2.384369884817052476e+00 -5.580245165339863256e+00
-1.696895423168809147e+00 2.357942612557327511e+00 -5.563749359087181823e+00
-1.727521362507323355e+00 2.343866026372587452e+00 -5.526634299314951093e+00
-1.757579538525886331e+00 2.325985506280934700e+00 -5.491072499406299379e+00
-1.786411526027474661e+00 2.327135996745106628e+00 -5.450381970513323182e+00
-1.810867783429915612e+00 2.345230324887062068e+00 -5.410901335415097435e+00
-1.831261354590526969e+00 2.372233815571859417e+00 -5.374205356009959189e+00
-1.846397121344897974e+00 2.407062608949072313e+00 -5.341893206285538653e+00
-1.848925789121645069e+00 2.452372558114904511e+00 -5.321415283485359637e+00
-1.685038876060656721e+00 2.375795486976266968e+00 -5.574885889788710358e+00
-1.705315171622472814e+00 2.345277592074929363e+00 -5.555837550078207343e+00
-1.735348321198127319e+00 2.325597501993344807e+00 -5.520972126513534306e+00
-1.626386380583209945e+00 2.671496315434302549e+00 -5.530566411779301639e+00
-1.658209561329235582e+00 2.646530512111062716e+00 -5.501473054711608413e+00
-1.690174802151390709e+00 2.621042922735941527e+00 -5.472452297814238698e+00
-1.721348382955114165e+00 2.595494026813899069e+00 -5.443008470622880957e+00
-1.753508203877057303e+00 2.533858186175830696e+00 -5.426984386577205832e+00
-1.758858411102837582e+00 2.535343860031690433e+00 -5.419049855122856307e+00
-1.754800475771571611e+00 2.534328215781920690e+00 -5.425025588282320399e+00
-1.751152803353888787e+00 2.492132761413955233e+00 -5.446109325988993888e+00
-1.736521252745524047e+00 2.460693956107869340e+00 -5.478073981837507489e+00
-1.626828788532130421e+00 2.684627796908894748e+00 -5.523511186356217628e+00
-1.656113051314351603e+00 2.688662958515557477e+00 -5.483411749188102924e+00
-1.679037823780711314e+00 2.706912707456891720e+00 -5.443234907799991085e+00
1.244738206426391658e+00 2.453606787046374915e+00 -6.026837974559899891e+00
1.292745967194290468e+00 2.463977180251645915e+00 -5.979946624025561874e+00
1.307829323455933501e+00 2.442355449612066742e+00 -5.973857208032886668e+00
1.245513694437281105e+00 2.453757703959206005e+00 -6.026086287145218101e+00
1.287305546971358794e+00 2.471776832625732112e+00 -5.982142703244015536e+00
1.289423790431543315e+00 2.468740892122842201e+00 -5.981287348784296576e+00
1.285523881662267165e+00 2.474331006547168865e+00 -5.982861927710472649e+00
-1.631440037745840455e+00 3.565075905787583821e+00 -4.684688320012230456e+00
-1.664102420367414403e+00 3.556944188368369009e+00 -4.647764728024193381e+00
-1.695897867754117216e+00 3.548037556777240198e+00 -4.610294258179895799e+00
-1.727408161158543454e+00 3.538866860819546822e+00 -4.572616763916343530e+00
-1.758917619351490158e+00 3.529651972735933452e+00 -4.534911499058136286e+00
-1.783608390236583130e+00 3.531037219286416118e+00 -4.491520630995407437e+00
-1.802883536025142730e+00 3.539055995956808420e+00 -4.446130256753933807e+00
-1.818741882858432968e+00 3.551316409844200717e+00 -4.400348809867918654e+00
-1.832423718420677083e+00 3.566154733925082532e+00 -4.354620998474998395e+00
-1.635529196881399860e+00 3.554175636447410191e+00 -4.693851447942404498e+00
-1.673233300179063132e+00 3.525132319934751290e+00 -4.678649195617234469e+00
-1.707163094337719400e+00 3.488473840231381295e+00 -4.676629336766257694e+00
-1.114699342619669631e+00 4.003656256790534052e+00 -4.619904750074762312e+00
-1.088599255196695204e+00 4.017782547149897354e+00 -4.618464236868955908e+00
-1.054482046198540690e+00 4.036247333186596009e+00 -4.616582480160419166e+00
-1.021409774773816448e+00 4.065539805643918925e+00 -4.593121174565431453e+00
-9.855173443099782826e-01 4.093832361771438499e+00 -4.572929742707819045e+00
-9.477921405988093406e-01 4.120483510465132504e+00 -4.553951826795410440e+00
-9.397996299373612139e-01 4.166504995630555541e+00 -4.469178686151557223e+00
-8.982031831578406456e-01 4.188936095703299500e+00 -4.456779554177423108e+00
-8.612805368298235287e-01 4.213944506448537908e+00 -4.434294401696164734e+00
-1.103545438314831095e+00 4.009693742075412182e+00 -4.619288014719316493e+00
-1.076081872128417327e+00 4.024557993715068172e+00 -4.617772251654399085e+00
-1.052141384609454500e+00 4.053958274062532396e+00 -4.585216361160187937e+00
-1.062224315838275146e+00 4.101910053196388795e+00 -4.482956572111260307e+00
-1.048043188701704764e+00 4.109754539653867944e+00 -4.480620198098566931e+00
-1.041289595816371039e+00 4.113488831834414050e+00 -4.479510701673302897e+00
-1.040247015356277505e+00 4.114064962110759893e+00 -4.479340136299033936e+00
-1.044310872655700440e+00 4.111817129417485894e+00 -4.480009367308309010e+00
-1.050779323566278789e+00 4.108239479325720644e+00 -4.481074112531835851e+00
-1.506531528837889766e+00 3.800172830900059751e+00 -4.500863307364864063e+00
-1.517699883074695055e+00 3.816404077964878017e+00 -4.455419150159143804e+00
-1.528666907469082403e+00 3.832387797334694035e+00 -4.409590693055944755e+00
-1.542113336493308173e+00 3.846462446151890813e+00 -4.363481132867482515e+00
-1.555055518700607209e+00 3.861204922308127063e+00 -4.317505513590414346e+00
-1.567738417120809080e+00 3.876189368256265144e+00 -4.271528562608255974e+00
-1.579770310906505992e+00 3.890771150215489804e+00 -4.225266892376323469e+00
-1.591084486785307339e+00 3.904700138541711940e+00 -4.178677666706999361e+00
-1.602330941319363156e+00 3.918585921596240862e+00 -4.131997681714915771e+00
-1.505423497033133939e+00 3.798579734018708187e+00 -4.504975611773874178e+00
-1.515115194394131226e+00 3.812641881318197701e+00 -4.466211125776729851e+00
-1.522607784119598406e+00 3.823602130547331779e+00 -4.434827926748266869e+00
-1.556359822246694113e+00 3.814835111184028626e+00 -4.399570025078854307e+00
-1.593074637324849219e+00 3.800928614635308289e+00 -4.369192937583675551e+00
-1.631392917746087967e+00 3.779037439236610396e+00 -4.346570842305975901e+00
-1.669607066900708148e+00 3.753050007976535873e+00 -4.328092579034285237e+00
-1.707850123071218862e+00 3.723747193801873578e+00 -4.315292859663488301e+00
-1.745725370764264817e+00 3.695646447118981825e+00 -4.299221106329168762e+00
-1.879810966537293293e+00 3.117643637703682025e+00 -4.833117032503772670e+00
-1.895183428296683070e+00 3.105128189263394844e+00 -4.820796201900084732e+00
-1.888469555841653991e+00 3.110605728766556055e+00 -4.826165507251907627e+00
-1.781708951091454773e+00 3.366180300486315335e+00 -4.718126574516673166e+00
-1.811372001531549536e+00 3.337260139144976989e+00 -4.705054708468942692e+00
-1.842155591225705713e+00 3.305515555045903664e+00 -4.690485934175483429e+00
-1.907846001063715047e+00 3.236904109326021128e+00 -4.659158994756469774e+00
-1.918888035612086096e+00 3.249570499557340231e+00 -4.623961850771853399e+00
-1.978667274792481390e+00 3.194116242297735386e+00 -4.579552814470192246e+00
-1.996571178263083723e+00 3.205201084134700729e+00 -4.534745907242886176e+00
-2.012941472764544493e+00 3.215444465108499017e+00 -4.490079506253080943e+00
-2.021826719468500233e+00 3.237291976615899181e+00 -4.446088172056830601e+00
-1.787224990284349335e+00 3.361129413748920935e+00 -4.715904833416909803e+00
-1.819028023840837172e+00 3.329368978628851838e+00 -4.701426808907491761e+00
-1.851052189193963748e+00 3.296343239072884845e+00 -4.686273107274478100e+00
-1.907668863397553594e+00 3.236675125207725490e+00 -4.659754350051344751e+00
-1.913140980810698721e+00 3.242929681261646380e+00 -4.642338505160610751e+00
-1.919145596871851378e+00 3.249877264395466092e+00 -4.623127381190752061e+00
-1.971292577213662467e+00 3.189521073032291820e+00 -4.597628744444618221e+00
-1.975289221449792576e+00 3.191998999680153215e+00 -4.587845816804226651e+00
-1.973529318383608233e+00 3.190902915816657526e+00 -4.592158927479810693e+00
-1.750164299357851672e+00 3.097439841158711182e+00 -5.056975994101161831e+00
-1.759902059210048941e+00 3.090071325789241374e+00 -5.048746258558282740e+00
-2.135723040913881654e+00 2.213030565082143131e+00 -4.910889627351058273e+00
-2.156822088723273634e+00 2.185839899378086315e+00 -4.874689260155055770e+00
-2.169656360860282795e+00 2.191665552257851424e+00 -4.849598837139749818e+00
-2.182043351551521848e+00 2.203192866158997454e+00 -4.824572260249815336e+00
-2.195649049478345827e+00 2.215857574696563415e+00 -4.797082968448013851e+00
-2.209388880691028678e+00 2.229570467962032065e+00 -4.766412379817569267e+00
-2.223831232264711577e+00 2.244388216884658505e+00 -4.733106439792276632e+00
-2.250135975133723321e+00 2.251205500110509128e+00 -4.677613961489695882e+00
-2.268124023562173353e+00 2.225305630986747385e+00 -4.647499054903838633e+00
-2.131702189061832176e+00 2.201927528228689201e+00 -4.920023841825575062e+00
-2.142861756231414283e+00 2.155593467464565371e+00 -4.905263288364799301e+00
-2.146997555147791559e+00 2.105952553673212435e+00 -4.904018790155179275e+00
-2.147614809385933299e+00 2.056266236778951040e+00 -4.907692925509755888e+00
-2.145134655079593777e+00 2.006839810349504649e+00 -4.912843594346396614e+00
-2.141598612236589094e+00 1.957505147609442941e+00 -4.919065854811410787e+00
-2.136161216566044629e+00 1.908252651464909411e+00 -4.925185362859918925e+00
-2.130262136885880953e+00 1.859170023114867565e+00 -4.931562498879065615e+00
-2.124197297876598167e+00 1.810004821669028541e+00 -4.934987197851243401e+00
-1.885792493259371483e+00 2.088966432530121597e+00 -5.347336682030483068e+00
-1.872440118088108063e+00 2.045488742882032973e+00 -5.367920151371316173e+00
-1.829907806165328221e+00 1.957816174570988554e+00 -5.432010619621523873e+00
-1.840883082124013415e+00 1.934015308961256618e+00 -5.415093364711397683e+00
-1.853883614862076756e+00 1.903562447996039131e+00 -5.392820467101778981e+00
-1.858497496067759380e+00 1.855148641703155743e+00 -5.381425973775054494e+00
-1.869101527159232390e+00 1.811629025988308994e+00 -5.360288682572608820e+00
-1.887185676904844511e+00 1.780363067080233508e+00 -5.326649176400700902e+00
-1.911370433611953912e+00 1.766262972565356471e+00 -5.286158702070099302e+00
-1.878748654841651877e+00 2.098142568226656568e+00 -5.356766561772713153e+00
-1.853706793057057434e+00 2.076905990387097667e+00 -5.394366243529586491e+00
-2.087995063762524861e+00 2.900673241711007488e+00 -4.658102031335848103e+00
-2.115054714872226072e+00 2.878581171237859948e+00 -4.622420386650313517e+00
-2.142109426939009520e+00 2.856461993173268432e+00 -4.586699631775541519e+00
-2.169003770940740594e+00 2.834323771188822505e+00 -4.550929479513973419e+00
-2.194732011862626120e+00 2.811699848291385084e+00 -4.514563649848577498e+00
-2.220466326617519304e+00 2.789077253080730401e+00 -4.478183953880871648e+00
-2.246116014429541341e+00 2.766446864761562097e+00 -4.441772430916303804e+00
-2.270582077583196856e+00 2.743383789578682563e+00 -4.404801203440643853e+00
-2.294321195997354401e+00 2.720147294187385878e+00 -4.367506780154621460e+00
-2.087577805462138780e+00 2.889419568185213727e+00 -4.667888570523515135e+00
-2.111126620064700088e+00 2.847344712676186163e+00 -4.655047956718671109e+00
-2.129319765079795701e+00 2.800937852131676120e+00 -4.656201752735434241e+00
-2.143266869264984109e+00 2.753440925851338150e+00 -4.661920255335028962e+00
-2.148506581292415341e+00 2.674066254069136672e+00 -4.704623598119415995e+00
-2.160383968005659128e+00 2.659794957767219525e+00 -4.691240857976292311e+00
-2.169930308005134201e+00 2.647184859867363738e+00 -4.679021577657463737e+00
-2.177961270226543622e+00 2.636311583967088090e+00 -4.668676284310903313e+00
-2.185430959628615888e+00 2.626202252151176975e+00 -4.659051903988597587e+00
-1.999053430009803067e+00 3.086349581082267424e+00 -4.656994645238793140e+00
-2.012886046890145941e+00 3.099764393389042194e+00 -4.616146987728938278e+00
-1.995894504674349479e+00 3.083285523163449060e+00 -4.666323518898366274e+00
-2.000964039473321243e+00 3.088209242695648893e+00 -4.651345427546408118e+00
-2.008845373351891173e+00 3.095849808910049017e+00 -4.628074775358245851e+00
-2.011539132866021262e+00 3.098463635741454780e+00 -4.620118592636440980e+00
-2.011627601442528057e+00 3.098549642415897143e+00 -4.619857121543623713e+00
-2.009300207162455720e+00 3.096292765700767724e+00 -4.626729672309076058e+00
-2.002411983738523027e+00 3.089612281689718021e+00 -4.647070900981639774e+00
-2.000532329541760745e+00 3.087791343308356584e+00 -4.652619444387085856e+00
-2.001512248845665809e+00 3.088741590909850565e+00 -4.649725825625560027e+00
2.268810301736158275e-01 4.823963893791598068e+00 -3.078088149494992987e+00
2.226482191508363517e-01 4.837694384404116477e+00 -3.023145365711801702e+00
2.479486857674010059e-01 4.843429194306902552e+00 -2.992801754003258985e+00
2.737636412059706870e-01 4.848961860269644930e+00 -2.961746526356777931e+00
3.004436206097453876e-01 4.853654514329691416e+00 -2.929276443929635487e+00
3.096778819730078847e-01 4.864089808106341728e+00 -2.881209483844025421e+00
3.206851655598521589e-01 4.874207974244665564e+00 -2.833497875575167413e+00
3.326922703254854286e-01 4.883453175434343763e+00 -2.785855177530797810e+00
3.453181534987621593e-01 4.892228786129092732e+00 -2.738287996978837846e+00
2.269999274053338956e-01 4.822906329984637530e+00 -3.082376599983096099e+00
2.257315477540648152e-01 4.838388094872753342e+00 -3.019468608822639233e+00
2.570640631795002018e-01 4.845487435178617019e+00 -2.981901786181203384e+00
2.884578690739318385e-01 4.851551906025767913e+00 -2.943840251023460919e+00
3.197558681292858029e-01 4.857056829961747368e+00 -2.905749853850020159e+00
3.537981182818138448e-01 4.861586724388087255e+00 -2.869606583539431099e+00
3.949079669584587005e-01 4.862466554558335652e+00 -2.841337178397770558e+00
4.407091865594391367e-01 4.860822232732497028e+00 -2.821563224896717514e+00
4.891637650115857050e-01 4.855381659770492853e+00 -2.810969253473440954e+00
-2.979872085428424411e-01 4.761236123845878687e+00 -3.287673624995784305e+00
-3.473091361278012879e-01 4.757215025654509155e+00 -3.281280284527245072e+00
-3.965331035986350838e-01 4.752275425440320333e+00 -3.274651614613680373e+00
-4.457635805886803193e-01 4.747266452490512378e+00 -3.268011376510067567e+00
-4.946800835168531640e-01 4.740250571590196138e+00 -3.260822101763197534e+00
-5.435204555846526731e-01 4.733004228063789398e+00 -3.253541392502614205e+00
-5.922390783426720873e-01 4.725096002679423535e+00 -3.246080817446691302e+00
-6.407452032240681383e-01 4.716139162046643740e+00 -3.238317189318464351e+00
-6.890902050291195513e-01 4.706538564792415613e+00 -3.230363728012738633e+00
-2.942030355408155051e-01 4.765400450977169022e+00 -3.273841592541847145e+00
-3.483890212448287338e-01 4.768468830543842962e+00 -3.240565123632864530e+00
-3.500133487930028320e-01 4.779576583358531749e+00 -3.200103061528207338e+00
-3.517629139509753089e-01 4.791011337059537745e+00 -3.155802076476680096e+00
-3.534782417906909280e-01 4.802629926212933498e+00 -3.109233082813853688e+00
-3.863927086968777513e-01 4.811209564928629945e+00 -3.059577973744616930e+00
-3.838900213108129567e-01 4.823845041717238935e+00 -3.012142107431416527e+00
-3.811984112179755968e-01 4.835561966436643822e+00 -2.964067780664008556e+00
-3.828726198259987945e-01 4.846890528685420030e+00 -2.915404625749947520e+00
4.441991639137032322e-01 4.743581489870069667e+00 -3.279322526538357874e+00
4.509618049667253326e-01 4.755428909678921734e+00 -3.231320258041975979e+00
4.578172206357063456e-01 4.767271241341616062e+00 -3.183283220488422938e+00
4.647586725359096338e-01 4.779121709761112946e+00 -3.135235013469086507e+00
4.716754720786405231e-01 4.790554692890019339e+00 -3.087125025685480306e+00
5.040095930477964670e-01 4.796433578254926999e+00 -3.044101340919885157e+00
5.087245713267329883e-01 4.805045264156995621e+00 -3.007860570511089904e+00
5.113227924916354805e-01 4.809865943395502441e+00 -2.987102274987652351e+00
5.115698728509905369e-01 4.810288984137017110e+00 -2.985093623645693306e+00
4.294638804567724732e-01 4.745666622743231144e+00 -3.280092814391645017e+00
3.438832895723553107e-01 4.768513227704342938e+00 -3.243387088714517752e+00
3.428004405339144522e-01 4.778301022485504923e+00 -3.208098168557246499e+00
3.416475272174327449e-01 4.787239255595264531e+00 -3.173967233683106848e+00
-2.959288219994021807e-01 4.669777390286547814e+00 -3.597097854701774899e+00
-3.065008057496818039e-01 4.683037101970958460e+00 -3.550093099105723127e+00
-3.170536658945315445e-01 4.696210400779813554e+00 -3.503049471955838712e+00
-3.275936039410664025e-01 4.709305867666684797e+00 -3.455972601343557660e+00
-3.488675191254242969e-01 4.719541021541857617e+00 -3.411902397811244381e+00
-3.810863187053242229e-01 4.725853223144532933e+00 -3.374315427022536173e+00
-3.097703308288565216e-01 4.666599940474318586e+00 -3.601687230317749400e+00
-3.469926932754046067e-01 4.672661791654058483e+00 -3.568899788695014674e+00
-3.923041304523448569e-01 4.672646866278003408e+00 -3.547932839598072707e+00
-4.397466580508695433e-01 4.669609358827225165e+00 -3.532599027938882585e+00
-4.888312468826433443e-01 4.664033343029569956e+00 -3.524567723245549011e+00
-5.379408696941753165e-01 4.656016085821029549e+00 -3.520129257799275102e+00
-5.863134884612037911e-01 4.644924352255220157e+00 -3.521644974242269299e+00
-6.334716338925248102e-01 4.631285594846731080e+00 -3.530693756321771737e+00
-6.744873815216237967e-01 4.614394700102777414e+00 -3.553537557492068455e+00
-1.160237705398383251e-01 4.631322546012584418e+00 -3.760600044623533922e+00
-8.562429388465547797e-02 4.639028398874224024e+00 -3.738886159802921938e+00
-3.633875704405254564e-02 4.638121243249605286e+00 -3.744115577134814909e+00
-1.701354252900140474e-01 4.653030627882956516e+00 -3.683134229819895911e+00
-1.257442364986581240e-01 4.662004660524220689e+00 -3.663256750572790210e+00
-9.094739015624633827e-02 4.674573546101472132e+00 -3.630263581895172287e+00
-6.493976938051664038e-02 4.687967960214481700e+00 -3.590041877980613805e+00
-5.383176879612706911e-02 4.702352424078346083e+00 -3.543900194175386265e+00
3.066061041657643038e+00 2.515375352155501343e+00 -1.562222129569811768e+00
3.080885448100597390e+00 2.470517610453267565e+00 -1.498853990230899713e+00
3.083970548539078038e+00 2.483879334112235160e+00 -1.453510409093563549e+00
3.086326661060698751e+00 2.496940009499625024e+00 -1.408718730270445807e+00
3.092196109624741229e+00 2.493266157162209673e+00 -1.359201931817268338e+00
3.098058910057930326e+00 2.489631461576276905e+00 -1.309681234888640855e+00
3.103564388023809517e+00 2.485959792386323031e+00 -1.260127335333904419e+00
3.108398227848437667e+00 2.482179253356487258e+00 -1.210517337854225328e+00
3.113275434502727368e+00 2.478168243885307209e+00 -1.160866423763606825e+00
3.068651164963239530e+00 2.500727615484278576e+00 -1.563469723539927525e+00
3.079168749722158260e+00 2.464519826587241891e+00 -1.519113134428504708e+00
3.080528043827774454e+00 2.469298673969733571e+00 -1.503039954226318642e+00
3.081224162664711219e+00 2.471754288829346446e+00 -1.494799729100600993e+00
3.082539016559426859e+00 2.476387311381437861e+00 -1.479240896418254847e+00
3.083812034248424094e+00 2.482931432820898010e+00 -1.456642523389278798e+00
3.084722067271692403e+00 2.487976770939744231e+00 -1.439340766250603698e+00
3.086238445922290463e+00 2.496410090397952697e+00 -1.410465904661225789e+00
3.095124806949007823e+00 2.464737704710950439e+00 -1.372865013395023537e+00
3.004090021421404799e+00 2.727193946328425156e+00 -1.708281327996543197e+00
3.007081315121518550e+00 2.722565584179468701e+00 -1.694411720141659528e+00
3.003558348694066904e+00 2.756015113498425428e+00 -1.657512936837345352e+00
3.000901882246026720e+00 2.787119883144275612e+00 -1.618505476408202526e+00
2.998217215509557665e+00 2.817158602571890658e+00 -1.578685747602812439e+00
2.996903763771932461e+00 2.839407169428676880e+00 -1.533981803475578776e+00
3.020023355071102866e+00 2.779845690809136460e+00 -1.474660070431056402e+00
3.023680786584236113e+00 2.788293464264413046e+00 -1.426322361289086516e+00
3.026427469837457362e+00 2.795926537909284804e+00 -1.381292171720902573e+00
3.028644839224751362e+00 2.802986499004300303e+00 -1.339386948317656145e+00
3.094287167286839946e+00 2.194521541561387235e+00 -1.635641949216195767e+00
3.100329833379314781e+00 2.162951408010064913e+00 -1.597523090845260230e+00
3.103594628480127238e+00 2.095331579920949761e+00 -1.595930337176927338e+00
3.109113661892612956e+00 2.059946945741883084e+00 -1.561169965751819655e+00
3.113078918500399528e+00 2.024503953862749839e+00 -1.526201048425159579e+00
3.113963457804351798e+00 1.932124332561531155e+00 -1.518976152338127106e+00
3.117714192688366914e+00 1.913246410916009443e+00 -1.478866454956388798e+00
3.119120990687178629e+00 1.873123130975917539e+00 -1.449320236778542270e+00
3.120435805776137439e+00 1.832796466914183853e+00 -1.420465213878446598e+00
3.094173152181600273e+00 2.195120682226062048e+00 -1.636359870344984424e+00
3.100075585336492523e+00 2.164294456016173651e+00 -1.599121357474400096e+00
3.103346297688330591e+00 2.096793310859807580e+00 -1.597420951040840809e+00
3.108887386197427993e+00 2.061992481280801037e+00 -1.563165241928638816e+00
3.112769364413222384e+00 2.027306516981851825e+00 -1.528930626711809460e+00
3.113203479546452268e+00 1.935093395065879518e+00 -1.525588339331985788e+00
3.116408382365237539e+00 1.920051190211182091e+00 -1.492932590024256934e+00
3.118727033880792643e+00 1.908417062882599824e+00 -1.468153112583820752e+00
3.118907765882301675e+00 1.865578845047230594e+00 -1.447818285956621098e+00
3.064727816915822078e+00 1.857642345678057749e+00 -1.875349923622170012e+00
3.077475969437146297e+00 1.924020900104568055e+00 -1.805108369382985245e+00
3.081120738331868836e+00 1.909768560840078733e+00 -1.773101519856139285e+00
3.088989403927901112e+00 1.946574820846601606e+00 -1.721921531255560245e+00
3.094319920788160871e+00 1.934471180788772005e+00 -1.681510962211392179e+00
3.098411795618320586e+00 1.923955999943954609e+00 -1.645810968006725439e+00
3.071924374587001960e+00 1.944100105656818567e+00 -1.849976679492380649e+00
3.073024603355315687e+00 1.940675885747672247e+00 -1.842465474281545834e+00
3.071517105571495154e+00 1.945298697031969226e+00 -1.852759303348899378e+00
3.067933699078352117e+00 1.956292039322161669e+00 -1.877228160363042964e+00
3.062996092945510451e+00 1.971439660263288873e+00 -1.910944011907303342e+00
3.062125033192155676e+00 2.095751727507575435e+00 -1.912634632437940629e+00
3.068365586355972674e+00 2.098181608452726721e+00 -1.866814729778670134e+00
3.075404374429921983e+00 2.101429157931668623e+00 -1.814130392003428405e+00
3.082290041748706244e+00 2.087372271572832894e+00 -1.769032784322096763e+00
3.088368057462249627e+00 2.073838622280704591e+00 -1.725322853600052886e+00
3.062961465192099553e+00 2.096075121505389660e+00 -1.907160685246990228e+00
3.069459524888593638e+00 2.098620098501438491e+00 -1.858651505576697893e+00
3.076389950780360039e+00 2.099411786366539800e+00 -1.807677367905858645e+00
3.083494457651767107e+00 2.084920359522408173e+00 -1.761141908176664161e+00
3.089776958838412302e+00 2.070397008894233171e+00 -1.714292231485857743e+00
2.959922313411990302e+00 1.217791240950962584e+00 -1.925038053800354199e+00
2.968104484770105245e+00 1.222087736697151650e+00 -1.876541025802162199e+00
2.981496760840637084e+00 1.246227015637736191e+00 -1.828345140992536866e+00
2.988605730937961447e+00 1.245953341492276101e+00 -1.779463301203112247e+00
2.994623332815964378e+00 1.245817192644967930e+00 -1.734063241193199545e+00
3.006507077442206910e+00 1.274696550661368111e+00 -1.695177494670029983e+00
3.018834076974024949e+00 1.307060172350965166e+00 -1.659256421543868987e+00
3.030999405722984985e+00 1.342529050507651700e+00 -1.626321417659154944e+00
3.042700654361309542e+00 1.381252214022619995e+00 -1.597159979272307240e+00
2.956041861619752797e+00 1.203703645029464697e+00 -1.925199449629650505e+00
2.955483501747895314e+00 1.178942818067435061e+00 -1.882808099225230292e+00
2.950385444694029413e+00 1.142653074468822805e+00 -1.849807189724489875e+00
3.049560389951348593e+00 1.526945504548350874e+00 -1.744947846572011407e+00
3.054680473149097075e+00 1.518040671117961482e+00 -1.696021749507717669e+00
3.059801307927068059e+00 1.509137478878459060e+00 -1.647091790054830307e+00
3.067626993428072435e+00 1.519749299774714180e+00 -1.598871736463797877e+00
3.076322188434720051e+00 1.546081518987961534e+00 -1.557280497870654035e+00
3.085360477642448807e+00 1.580699837417463671e+00 -1.522297238282059650e+00
3.093519887262452528e+00 1.619320940139688636e+00 -1.491725199812680813e+00
3.100692062466098520e+00 1.650423805599230631e+00 -1.453447459315201362e+00
3.046889655949929665e+00 1.512973324975037226e+00 -1.749507815847552550e+00
3.045759457892304845e+00 1.477040197211988204e+00 -1.714803888337520954e+00
3.040274884251660037e+00 1.432703925865856709e+00 -1.692448638930270643e+00
1.847622962429045002e+00 4.494776819001881307e+00 -1.605450576521602946e+00
1.816459733827457290e+00 4.520937455075996425e+00 -1.576435670435168301e+00
1.785292297205115952e+00 4.547102671492543990e+00 -1.547409724078155469e+00
1.754027166678817196e+00 4.573089609212537709e+00 -1.518370801677138893e+00
1.722301101068082874e+00 4.598424711914346652e+00 -1.489230870868740064e+00
1.690367571652637846e+00 4.623404994615613717e+00 -1.460043333302095458e+00
1.657886261050827148e+00 4.647515572894759472e+00 -1.430736903702924723e+00
1.625037106964716704e+00 4.671002383824467863e+00 -1.401332800789316435e+00
1.554165671428077378e+00 4.717754314282739614e+00 -1.370406824317518035e+00
1.856662624492413594e+00 4.489506167918595025e+00 -1.594796076689891873e+00
1.846664908273147443e+00 4.503538071375162488e+00 -1.547879019473405338e+00
1.849052800413817144e+00 4.508535589645484620e+00 -1.498205810529297688e+00
1.856177801204876410e+00 4.509934723394115608e+00 -1.448743772702148602e+00
1.869540652904122080e+00 4.506501218197032088e+00 -1.400691971281166959e+00
1.885888146123377629e+00 4.500279211473312557e+00 -1.353858004452415997e+00
1.905073707227113111e+00 4.491673510686955417e+00 -1.308498919876574851e+00
1.926235869684887803e+00 4.480358988683810217e+00 -1.264657482319021087e+00
2.011846199787721279e+00 4.417261748427988799e+00 -1.222890589366700365e+00
2.256508780467930908e+00 4.146622834410464975e+00 -1.514119267555227077e+00
2.268642275229295180e+00 4.140670614026865870e+00 -1.475578725073726227e+00
2.280719566430490897e+00 4.134414908534529864e+00 -1.436404831542350546e+00
2.292595153984811951e+00 4.127259998980099986e+00 -1.395587111965991500e+00
2.361562446666839232e+00 4.056495083313576444e+00 -1.358911841166226875e+00
2.363997050561359003e+00 4.059446559028809354e+00 -1.324501061746781394e+00
2.365936267125024361e+00 4.062075983801561208e+00 -1.289558655580911317e+00
2.367768026064243081e+00 4.064598438144768622e+00 -1.253469186646559042e+00
2.369670800678260303e+00 4.067218498106216273e+00 -1.215982012174037674e+00
2.258113020379798552e+00 4.145836024622831850e+00 -1.509022634839719545e+00
2.272731808892214822e+00 4.138664338186690550e+00 -1.462589458048977331e+00
2.286692782807185687e+00 4.130817193347788852e+00 -1.415866552106967990e+00
2.300305557215659213e+00 4.122616009780125879e+00 -1.369075361981585859e+00
2.364120786315141221e+00 4.059659306898095288e+00 -1.322372602576721956e+00
2.366598583928591903e+00 4.062991483767870449e+00 -1.276482994875396404e+00
2.368988874883168450e+00 4.066284089541544411e+00 -1.229381429250019586e+00
2.377437288312033825e+00 4.060225283711203836e+00 -1.199723572418790019e+00
2.375338104627371383e+00 4.062937187209678669e+00 -1.197764788203654840e+00
2.548018272184093824e+00 3.787161845013801820e+00 -1.531556222218784180e+00
2.569391384280073076e+00 3.765122124153875038e+00 -1.492109556126634207e+00
2.589694335688423443e+00 3.742336560224403197e+00 -1.452517382796151724e+00
2.609777026384977994e+00 3.719416582842302255e+00 -1.412889422953679919e+00
2.629933229655090798e+00 3.696542530846822050e+00 -1.373262349506099600e+00
2.649682633226433826e+00 3.673446708220140522e+00 -1.333596712967397568e+00
2.668552938828477661e+00 3.649801062932136020e+00 -1.293819934325288523e+00
2.686575314588274921e+00 3.627181902393437518e+00 -1.256110016222458547e+00
2.688086944861323158e+00 3.624353678955396507e+00 -1.258143999603684282e+00
2.541079393925640861e+00 3.798285778098080545e+00 -1.524387786280303692e+00
2.546738134824749533e+00 3.800246417663643239e+00 -1.474713206031875057e+00
2.543208353191993343e+00 3.814669901486679837e+00 -1.426960736608014590e+00
2.535479480425494092e+00 3.833204129398405602e+00 -1.381193515605095845e+00
2.523128065870203773e+00 3.857135462561083639e+00 -1.339079834649656409e+00
2.508356761294524340e+00 3.883952512377195632e+00 -1.299301342919591429e+00
2.541292265240230552e+00 3.853378694542690219e+00 -1.216439348234246154e+00
2.529271164334448319e+00 3.875346743727293042e+00 -1.173743374539574225e+00
2.524942640133799987e+00 3.888037562182407036e+00 -1.125604912215965037e+00
2.631714571314879514e+00 3.525334044725119131e+00 -2.051206653919602996e+00
2.649298366748957356e+00 3.486042392584922656e+00 -2.076635170331357916e+00
2.666706871895580644e+00 3.446716349850519112e+00 -2.102013886641133755e+00
2.683243684839936805e+00 3.406910055050520914e+00 -2.127251011778279466e+00
2.699418480060724157e+00 3.366928298695211819e+00 -2.152426106658948068e+00
2.714743311002277615e+00 3.326510360848799586e+00 -2.177451892386620624e+00
2.730867214438248425e+00 3.283941297548389038e+00 -2.197730213331008819e+00
2.747892938502683791e+00 3.240930290749725273e+00 -2.214365397293245774e+00
2.765420423938984129e+00 3.197580737613340940e+00 -2.224814646097797777e+00
2.625520535760025087e+00 3.532756672098900985e+00 -2.062584446621454237e+00
2.629280934244218049e+00 3.511807474090993253e+00 -2.107774332543962625e+00
2.625134550877976647e+00 3.503679072832932118e+00 -2.156887718406787613e+00
2.617138749376474394e+00 3.500814111862824429e+00 -2.206117151660320630e+00
2.604786305974145399e+00 3.504542903949492860e+00 -2.254395751377929358e+00
2.590534235829938137e+00 3.511847541089903935e+00 -2.301735441373341740e+00
2.574778111242149503e+00 3.522308873775107152e+00 -2.348022165953037810e+00
2.557551600105626655e+00 3.535826805874621837e+00 -2.392969270857528752e+00
2.532776153447562795e+00 3.563994690235005258e+00 -2.425962999468600501e+00
2.929351827578256628e+00 3.064385703538235362e+00 -1.495911083459704916e+00
2.928518518060311937e+00 3.082170551471833608e+00 -1.449206243366577107e+00
2.928263245997034581e+00 3.096697286888278722e+00 -1.401376171678792026e+00
2.928465958217615572e+00 3.109948151924622817e+00 -1.353180684818012791e+00
2.928639579639348511e+00 3.122466340691155917e+00 -1.304812733864922025e+00
2.906983792691624213e+00 3.194526653310955311e+00 -1.244397000191737712e+00
2.913630073264567244e+00 3.188293133584164440e+00 -1.200701662151030469e+00
2.911651778437983840e+00 3.203232663570187544e+00 -1.153044067941024098e+00
2.909351688090580090e+00 3.218560335852850951e+00 -1.105516765626370690e+00
2.925694606528835173e+00 3.070732661608797098e+00 -1.508344779068710784e+00
2.928288376794101033e+00 3.066231953847209812e+00 -1.499524597681696214e+00
2.929867969665135075e+00 3.063490740798227918e+00 -1.494154042248785341e+00
2.932436672965900382e+00 3.059033067196339495e+00 -1.485420450160191974e+00
2.928110588042729390e+00 3.085025181180308884e+00 -1.442954693779789688e+00
2.923503472085297261e+00 3.109373495229458495e+00 -1.399553767792274916e+00
2.914602476245817808e+00 3.142405626375604388e+00 -1.363160111465959723e+00
2.892483939049240504e+00 3.206895097694453245e+00 -1.333175149020907169e+00
2.873535568828594400e+00 3.252496697239631196e+00 -1.326064392110643864e+00
2.971521178875034863e+00 2.814799957011235865e+00 -1.784791613527494603e+00
2.973010155271226029e+00 2.818186668463363187e+00 -1.768676807916217175e+00
2.975547819540982797e+00 2.824344823525860804e+00 -1.739077084645044069e+00
2.969893053203981115e+00 2.811113505158347348e+00 -1.802382923022068706e+00
1.345996619217667556e+00 4.681629217028205225e+00 -2.298256132840328814e+00
1.331341909983126071e+00 4.697886266356881890e+00 -2.253311391705656419e+00
1.319268547650778167e+00 4.713036040843634922e+00 -2.207222684255894407e+00
1.308080439760975100e+00 4.727056613716316136e+00 -2.160562030944514600e+00
1.297435999660912609e+00 4.740633966237562724e+00 -2.113644277215643186e+00
1.286627145341322054e+00 4.754283039131763644e+00 -2.066782479909795800e+00
1.267859619472282429e+00 4.770311400852883743e+00 -2.023321016789822568e+00
1.244353237275012569e+00 4.787349114283271589e+00 -1.982632837801378667e+00
1.218156681716926260e+00 4.805202609449425566e+00 -1.943984159833511249e+00
1.346971337918757783e+00 4.682537405371962613e+00 -2.290969873734887585e+00
1.340702937475706902e+00 4.695060468832344291e+00 -2.242980009003890718e+00
1.344826103818995255e+00 4.702502823091802675e+00 -2.193713609856731583e+00
1.361439717677056738e+00 4.703043908082457314e+00 -2.146567976154646562e+00
1.388710287536977006e+00 4.696832699783536569e+00 -2.105128143775060412e+00
1.422467596864582795e+00 4.686124149647834081e+00 -2.069861418669165065e+00
1.459153938627411939e+00 4.671272245223417663e+00 -2.039335923109425686e+00
1.528997071755517689e+00 4.645738664521100958e+00 -1.965032458066226617e+00
1.524622386813724750e+00 4.648989664176351511e+00 -1.959942834282893509e+00
9.832571205192579544e-01 4.750378476368346092e+00 -2.705052531782610625e+00
9.794018949625572512e-01 4.744150468680145671e+00 -2.737228292015174702e+00
9.744458890411936691e-01 4.736262498372963314e+00 -2.776951564590497856e+00
9.638558418417138007e-01 4.731825782999758978e+00 -2.810358086043025505e+00
9.768775900982695770e-01 4.721668052918475134e+00 -2.833997962079962907e+00
9.919048561727461522e-01 4.709953471343421683e+00 -2.861247305343035841e+00
1.008361884505740935e+00 4.696137833089949254e+00 -2.891444184026237263e+00
1.026032637472644948e+00 4.680604426454593181e+00 -2.924053503466376380e+00
1.020405678847605913e+00 4.670170521336515002e+00 -2.972572264480070725e+00
9.848398172684950103e-01 4.752769565756240766e+00 -2.691394569722965091e+00
9.839840948631140005e-01 4.751478689750419981e+00 -2.698770258276962597e+00
9.832520972493530298e-01 4.750376814216727084e+00 -2.705068722525682201e+00
9.825171430301509190e-01 4.749269201421426168e+00 -2.711398522657122889e+00
9.804416527500273704e-01 4.745802461156923613e+00 -2.728906402707534262e+00
9.797547760132193639e-01 4.744704680937145369e+00 -2.734430695743547801e+00
9.797609622564156240e-01 4.744714221122788622e+00 -2.734382379566821175e+00
9.804684655283567585e-01 4.745841708698614880e+00 -2.728705701131530326e+00
9.824553642221847127e-01 4.749185051703944893e+00 -2.711889564314317713e+00
6.687114614632853060e-01 4.731231505069945165e+00 -3.160960094328934655e+00
6.422734016370782451e-01 4.747368813065961923e+00 -3.122192138410859741e+00
6.159504121020772383e-01 4.763530661089506069e+00 -3.083239429692484546e+00
6.043662529946206563e-01 4.777855951801937451e+00 -3.037402566852848818e+00
6.125844457565370327e-01 4.788145196810239312e+00 -2.989914815533127435e+00
6.375857366521231473e-01 4.793302489925585164e+00 -2.947649455492983961e+00
6.708646820699103452e-01 4.794051022433393427e+00 -2.910788535580935754e+00
7.079739686523963682e-01 4.792871835674151093e+00 -2.877701869100189658e+00
7.471409733617323523e-01 4.790584016108364374e+00 -2.846959295766171127e+00
6.578822252773359747e-01 4.730898876029522526e+00 -3.170952778232823288e+00
6.127560935568463485e-01 4.744711285042465754e+00 -3.156017825432249957e+00
5.642235739348551160e-01 4.755323834132395788e+00 -3.155755701838952376e+00
1.122581787221391902e+00 4.461665901549650037e+00 -3.535470116638347537e+00
1.136158599615348708e+00 4.460735004421717775e+00 -3.518623939097529796e+00
1.150141438444208353e+00 4.459763133823139825e+00 -3.501313125364575729e+00
1.226115847198241626e+00 4.412633708890762563e+00 -3.531725451975368468e+00
1.250340347599029567e+00 4.411420077222447667e+00 -3.500570512368413656e+00
1.279027522810441964e+00 4.408919684839069930e+00 -3.462238030133167666e+00
1.308297362193394209e+00 4.405847559722232631e+00 -3.422872012505782546e+00
1.320753102315417093e+00 4.414855683633371441e+00 -3.375552117962982379e+00
1.324975383776863413e+00 4.428247538404237460e+00 -3.327725315907899883e+00
1.113868416851091725e+00 4.462260701724453327e+00 -3.546289564697308272e+00
1.109530717567820179e+00 4.462576517889123018e+00 -3.551616936285548753e+00
1.095020591288935696e+00 4.462745778939360086e+00 -3.569229111466058590e+00
1.072827743839575243e+00 4.463036298501081411e+00 -3.595658823819945837e+00
1.064625681033833482e+00 4.450355405267757192e+00 -3.643232057284973457e+00
1.808876290110496221e+00 4.458078184916783648e+00 -1.987755751072555643e+00
1.772890626857339891e+00 4.487422469540808478e+00 -1.969261933568265510e+00
1.737143306961023148e+00 4.516040048554398112e+00 -1.949225489562722569e+00
1.681309556471286104e+00 4.557718762071480967e+00 -1.926956662185790981e+00
1.646877916949554210e+00 4.584586946452956724e+00 -1.902713774518930867e+00
1.624162385866088520e+00 4.605410052817482836e+00 -1.863519991183221425e+00
1.615300136081207150e+00 4.618384714062361063e+00 -1.816209345871113490e+00
1.647770091097907619e+00 4.611868241848543271e+00 -1.729294838117222621e+00
1.621325507873595528e+00 4.633638011807217794e+00 -1.699350653111575404e+00
1.809715499428599550e+00 4.459035581746095822e+00 -1.978935648857987228e+00
1.779285883553531011e+00 4.486561624139900673e+00 -1.950447660315662191e+00
1.758329986034751657e+00 4.508629896129715320e+00 -1.910869596552450922e+00
1.748360579562040051e+00 4.523403255442413951e+00 -1.864245390533826985e+00
1.742955000868467996e+00 4.535305350726630991e+00 -1.816044133873130573e+00
1.746097526370572472e+00 4.541682124480185045e+00 -1.766583435425465476e+00
1.765116258914278591e+00 4.535947724630687183e+00 -1.720758582363659972e+00
1.924939222801687722e+00 4.376717201172561467e+00 -1.943665950992620184e+00
1.931038083393222138e+00 4.370385183144067653e+00 -1.949995753268213727e+00
1.936244727241858810e+00 4.364979488461732338e+00 -1.955399567091343327e+00
1.972211231394440212e+00 4.339426133106891292e+00 -1.931407060702039269e+00
1.931663944981195424e+00 4.369734754376704444e+00 -1.950648654901619539e+00
1.942345633043558673e+00 4.358644692425497347e+00 -1.961734905515607252e+00
1.980463147429294635e+00 4.329458283517328532e+00 -1.947125381028406155e+00
1.496463736980395920e+00 4.624762868344801880e+00 -2.176775389678162753e+00
1.514002719506821748e+00 4.623512870766251837e+00 -2.130074514223945670e+00
1.507395379452824535e+00 4.617334283232160885e+00 -2.183508667234882683e+00
1.544673780555335219e+00 4.601499444103031244e+00 -2.154506638746808367e+00
1.586349345853950599e+00 4.579027671506148423e+00 -2.138955401093939113e+00
1.628423228774380505e+00 4.554129106004808136e+00 -2.128930986732305186e+00
1.670677708914404480e+00 4.528597476002730993e+00 -2.121555159877735353e+00
1.712010288330929386e+00 4.502547276171138257e+00 -2.112964379594385989e+00
1.579013225119160424e+00 4.438998448650240292e+00 -2.774797093764625355e+00
1.594009903705344788e+00 4.435487426515567932e+00 -2.749786504796976949e+00
1.634584127107180818e+00 4.412734258082926964e+00 -2.731931981395291142e+00
1.674062498458947834e+00 4.391653050945311776e+00 -2.709925154368172162e+00
1.712301848419777617e+00 4.370463089403441082e+00 -2.685801577183906108e+00
1.771412156887276490e+00 4.333637836061026150e+00 -2.662330348729542440e+00
1.771932514612902798e+00 4.334794140668794427e+00 -2.656813986755561796e+00
1.770710131111049801e+00 4.331812694070737102e+00 -2.670717161951816188e+00
1.768477252945941380e+00 4.326362753482092316e+00 -2.696127253803341173e+00
1.571089534431927115e+00 4.440609786782231616e+00 -2.788079880758714602e+00
1.570680202958496752e+00 4.440683581263292545e+00 -2.788734871177427799e+00
1.569555407905570688e+00 4.440885238279852487e+00 -2.790538917123356999e+00
1.565587282693607030e+00 4.441596828060476732e+00 -2.796902706059758437e+00
1.554395107718945734e+00 4.443606351894299422e+00 -2.814842625393631170e+00
1.536790404709331925e+00 4.446767951243252526e+00 -2.843058458906740249e+00
1.534700253696404282e+00 4.435098627555480455e+00 -2.891606571394943259e+00
1.528421088858792798e+00 4.425920384992524603e+00 -2.940343754700825318e+00
-1.781104945052909949e+00 2.028271838707363717e+00 -5.499538477810872905e+00
-1.772797118452356546e+00 2.024288728716208574e+00 -5.511189095069789268e+00
-1.767170273079557319e+00 1.975741719917559536e+00 -5.519525345416144368e+00
-1.758852916253722087e+00 1.927825474670871841e+00 -5.529813238046210166e+00
-1.748155827156622433e+00 1.880245090093443761e+00 -5.539740197961923407e+00
-1.733436045681494786e+00 1.834822093785805963e+00 -5.554553199827574339e+00
-1.715040866331450475e+00 1.792940709464682758e+00 -5.573990601261101574e+00
-1.692897650168099455e+00 1.754117057654921430e+00 -5.595507653270215265e+00
-1.664389895865397317e+00 1.726529900995465105e+00 -5.625305186834608229e+00
-1.638540103562229122e+00 1.685803618040516927e+00 -5.648517757359556413e+00
-1.090929776575866317e+00 1.924790500387889791e+00 -6.222887159344174357e+00
-1.040579750784832447e+00 1.951257616113300619e+00 -6.260151312333969820e+00
-1.004809933398079336e+00 1.929478583322674190e+00 -6.286497222956573871e+00
-9.664095097458272887e-01 1.907911542355820167e+00 -6.309109862396827140e+00
-9.304413658216004190e-01 1.887700267242810925e+00 -6.330016701707518401e+00
-8.945824163680364816e-01 1.818883986401241382e+00 -6.321724713918366767e+00
-1.081315100144566888e+00 1.926184810312917550e+00 -6.229991510908299723e+00
-1.030590962525981036e+00 1.945153474306270169e+00 -6.267508387014482985e+00
-9.947788038038959391e-01 1.923834374739850528e+00 -6.292618503021916609e+00
-9.565092418884261205e-01 1.902344356817568638e+00 -6.314864181361450335e+00
-8.900507267257601329e-01 1.832072786636049333e+00 -6.299432923457326083e+00
-1.849127519521299723e+00 3.576522329510602116e+00 -4.308675872276834795e+00
-1.865065337836966153e+00 3.586255186709276011e+00 -4.262326932279043135e+00
-1.880933775161017341e+00 3.595783143090012235e+00 -4.215894055204191027e+00
-1.896815552877199273e+00 3.605294751433167022e+00 -4.169451496532161627e+00
-1.912689751671543981e+00 3.614774860302071957e+00 -4.122992712637030266e+00
-1.928366043122698104e+00 3.624305522341335184e+00 -4.076503161578004963e+00
-1.947637014864226357e+00 3.627575449936838226e+00 -4.030509477581690092e+00
-1.969641807871887584e+00 3.626774023325832097e+00 -3.985664557247242890e+00
-1.993362621429110915e+00 3.623311040295269958e+00 -3.941736214473836153e+00
-1.838789757611413611e+00 3.587243729477691989e+00 -4.309775454166600461e+00
-1.833375178603610545e+00 3.617561170439450802e+00 -4.270427407607898296e+00
-1.817125579157718773e+00 3.654055501395621963e+00 -4.240410312354025102e+00
-8.444161010789880129e-01 4.239177396366955897e+00 -4.394707037783644132e+00
-8.905512676221559731e-01 4.239411441251898616e+00 -4.355970080323587013e+00
-8.978871757330870729e-01 4.256348418307452697e+00 -4.312614023808732711e+00
-9.051042590293164602e-01 4.272841180982972276e+00 -4.267158801836823834e+00
-8.477166825487554291e-01 4.315296570021661893e+00 -4.220262412805243279e+00
-8.550405679153201266e-01 4.332451719866516449e+00 -4.174499593293105271e+00
-8.618953952988934741e-01 4.348327500088711162e+00 -4.128281265606931427e+00
-8.053151045021893495e-01 4.387618592801197259e+00 -4.080681956078602290e+00
-8.123316095774121282e-01 4.404052152978241708e+00 -4.035066637414682411e+00
-8.322053046411775901e-01 4.239934405891367497e+00 -4.403221193273920697e+00
-7.925072205494451127e-01 4.262949912330744162e+00 -4.383829806600553880e+00
-7.509981532211383870e-01 4.284831086226188468e+00 -4.367035592926528764e+00
-7.085180049049382145e-01 4.305437384726737093e+00 -4.350832996631577743e+00
-6.654976422364063948e-01 4.324789585950616910e+00 -4.334703602125765443e+00
-6.273571781649261991e-01 4.345791609237887876e+00 -4.310884020384367687e+00
-6.032416992156983682e-01 4.368367826728718484e+00 -4.274089964956464094e+00
-5.962809028209640205e-01 4.388441313594877435e+00 -4.229327951177745071e+00
-6.016438021512288126e-01 4.405644392746705940e+00 -4.183062303217926825e+00
-1.054599225030182774e+00 4.106126398678161316e+00 -4.481703551280196152e+00
-1.058943012430789699e+00 4.103724122714996092e+00 -4.482418074876567182e+00
-1.063959497390690290e+00 4.100949791521852461e+00 -4.483243310909138302e+00
-1.072369959718482590e+00 4.096298465540448852e+00 -4.484626831367890532e+00
-1.092392452480047682e+00 4.084064339106412866e+00 -4.487551361236451264e+00
-1.121789369952765236e+00 4.065503694489610353e+00 -4.491641962066222682e+00
-1.165429695758839701e+00 4.051151126354397114e+00 -4.471866456381730082e+00
-1.209787719333217826e+00 4.034333387851495090e+00 -4.456123904820201709e+00
-1.253429075380812607e+00 4.014806979385165953e+00 -4.441695696270051563e+00
-1.065534834261322006e+00 4.100078901135926657e+00 -4.483501768938626952e+00
-1.080515940939491992e+00 4.091563644338838124e+00 -4.485897357507351302e+00
-1.098262050969880166e+00 4.080357795114569086e+00 -4.488369278889591030e+00
-1.123183085719916541e+00 4.064623487769205568e+00 -4.491836370610684526e+00
-1.161749355159415575e+00 4.058994036532380889e+00 -4.460538812804163200e+00
-1.191853184706671565e+00 4.062417095043945103e+00 -4.420783361927319355e+00
-1.210195175036913318e+00 4.073929510795889719e+00 -4.375784541465113975e+00
-1.223432938303381956e+00 4.088609616499522481e+00 -4.329927740818592774e+00
-1.231303872344426731e+00 4.106001482624299648e+00 -4.283774145544717804e+00
-1.607635214897766618e+00 3.937056320071965043e+00 -4.085859682294249673e+00
-1.612876794540814229e+00 3.955379978199114799e+00 -4.039650555530335474e+00
-1.630566632961820916e+00 3.985290936839606335e+00 -3.948539329777835061e+00
-1.623365504668340398e+00 3.991080628097182892e+00 -3.948029908309438785e+00
-1.616038098626392028e+00 3.996970106041040527e+00 -3.947515379540916580e+00
-1.608120955016299591e+00 4.003333715857097630e+00 -3.946959166420783482e+00
-1.599258453371555477e+00 4.010457279912218453e+00 -3.946336322069452951e+00
-1.589158240806322953e+00 4.018575773471546597e+00 -3.945626331543689691e+00
-1.588849336092202025e+00 4.039562558315217267e+00 -3.900014873195109644e+00
-1.619165432699697815e+00 3.927576629202081726e+00 -4.085794684936058907e+00
-1.646578883329707033e+00 3.925422783636094426e+00 -4.044048653248760061e+00
-1.680903536253795627e+00 3.911872163977656136e+00 -4.010389287642822431e+00
-1.744278054101878084e+00 3.868900743583053803e+00 -3.981350128639589592e+00
-1.750425349530621455e+00 3.874922659205720876e+00 -3.958450364913952857e+00
-1.754806793213299354e+00 3.879227092096783736e+00 -3.942104760072778102e+00
-1.758209771233795182e+00 3.882570375690215236e+00 -3.929409232544586406e+00
-1.761029625080362537e+00 3.885317646057969476e+00 -3.918284828415639964e+00
-1.763665881440980021e+00 3.887889363744986948e+00 -3.907363860813259038e+00
-1.988069619686840817e+00 3.326154258385450202e+00 -4.404080806264316195e+00
-2.001952841461980714e+00 3.336981716353214722e+00 -4.361261530600619274e+00
-2.001758634158656402e+00 3.366659066536606293e+00 -4.321053664918244941e+00
-1.999764929690501569e+00 3.398009629309042268e+00 -4.282172829759178789e+00
-2.001034422022478942e+00 3.426206043782207278e+00 -4.240923944835440551e+00
-2.014306134183161845e+00 3.439070709669463266e+00 -4.194514322298475761e+00
-2.038173662435297295e+00 3.435545977787721750e+00 -4.150790645624153008e+00
-2.067565778314012004e+00 3.418147650348053013e+00 -4.114399897939577500e+00
-2.098230530684869422e+00 3.391459214618816720e+00 -4.085462373027605842e+00
-1.986836108472432416e+00 3.325195127183978361e+00 -4.407881321115823425e+00
-1.999902057759850971e+00 3.335390327032513813e+00 -4.367575698782228955e+00
-1.994262275032409937e+00 3.369625614216963605e+00 -4.332117899766816826e+00
-1.978000370420362808e+00 3.410351088454612434e+00 -4.309209546690009773e+00
-1.952178878604532208e+00 3.451771134135586561e+00 -4.301115021354977586e+00
-1.922487994013034163e+00 3.491552563321046243e+00 -4.298137036362804864e+00
-2.286090827389943403e+00 2.197688742987497612e+00 -4.615001527551061855e+00
-2.303324275809354393e+00 2.168904274270675892e+00 -4.580609627011405394e+00
-2.336785008908281558e+00 2.124330505048932061e+00 -4.513134555728062658e+00
-2.356834042938209528e+00 2.101029999813907256e+00 -4.473680184524260639e+00
-2.374590022654118115e+00 2.076701270364097685e+00 -4.433866942628934993e+00
-2.391949319156672527e+00 2.052025690142612380e+00 -4.394420506160839679e+00
-2.409223169176116119e+00 2.026664969177799591e+00 -4.354921616629418679e+00
-2.417840399109844274e+00 2.074997636324657613e+00 -4.333027864087449110e+00
-2.431529284935436852e+00 2.084255102303980589e+00 -4.300672610993662381e+00
-2.283367170204436469e+00 2.202239520974233145e+00 -4.620436743499305443e+00
-2.294720494426680357e+00 2.183272358887681452e+00 -4.597780151290427497e+00
-2.306050158200754208e+00 2.164350148057078815e+00 -4.575169911634636932e+00
-2.341494897288559418e+00 2.142472474019136541e+00 -4.499907787007346727e+00
-2.360603709921885951e+00 2.157213660150633761e+00 -4.456110678685250903e+00
-2.376192070670705370e+00 2.183797537617426787e+00 -4.416724375154105431e+00
-2.389534285030834759e+00 2.214761263179256368e+00 -4.379821996583491028e+00
-2.399457773738637112e+00 2.253042910382625941e+00 -4.349270493590196018e+00
-2.402772328085116094e+00 2.298156423630258960e+00 -4.328150079193547661e+00
-2.115794900618584773e+00 1.762457188426617583e+00 -4.941841141311681618e+00
-2.106978955496274342e+00 1.714569855959408029e+00 -4.948493239774196972e+00
-2.096158871583434724e+00 1.666563964558704258e+00 -4.954111392299413552e+00
-2.086673361679702854e+00 1.620534669479197332e+00 -4.957660497609285954e+00
-2.093718708562441577e+00 1.595749285061001776e+00 -4.937512334226540567e+00
-2.101024188573619611e+00 1.567898994309803840e+00 -4.914108551788896939e+00
-2.108473588776277996e+00 1.535054746790223357e+00 -4.885852977221976978e+00
-2.118308162979722020e+00 1.719944695469589835e+00 -4.928843170516987726e+00
-2.130003910871770323e+00 1.718800573907811824e+00 -4.907199765010453518e+00
-2.147446482959380898e+00 1.717148884396097142e+00 -4.874932437271450425e+00
-2.166774586699940830e+00 1.715224607712209082e+00 -4.837410489459140095e+00
-2.186776774825823111e+00 1.713378162409306071e+00 -4.797408341972566603e+00
-2.210801888580380847e+00 1.722713643279450535e+00 -4.751448620124749667e+00
-2.231772220259245820e+00 1.712277602814288313e+00 -4.707974193408590580e+00
-2.251947491629530340e+00 1.701984423586055284e+00 -4.663762624963501580e+00
-2.270049542598802095e+00 1.692198053057915708e+00 -4.621052434282226784e+00
-1.938393797227276449e+00 1.773051375286833098e+00 -5.245150943552181033e+00
-1.965499002044085008e+00 1.779773635513657082e+00 -5.204005408975634239e+00
-1.992618973217900713e+00 1.786476496632332100e+00 -5.162833846387120396e+00
-2.018305790658091681e+00 1.793281693815640621e+00 -5.120782701104440449e+00
-2.043353441524193403e+00 1.801445993892198727e+00 -5.078514313737265695e+00
-2.067415985658747068e+00 1.821430491112949968e+00 -5.040113421605031618e+00
-1.937238598820447466e+00 1.758403525100900255e+00 -5.244654680377516698e+00
-1.957928776887346345e+00 1.734057498257845165e+00 -5.206950702460493297e+00
-1.971499032282530095e+00 1.697768526719379389e+00 -5.176040331834310670e+00
-1.978954183477702689e+00 1.633743615492598389e+00 -5.147024851446801996e+00
-1.990984766848415299e+00 1.633427625195409183e+00 -5.127923743288485880e+00
-2.001156469333148280e+00 1.633157035347922115e+00 -5.111772911905509531e+00
-2.008650307230348986e+00 1.632931821002930439e+00 -5.099515735439341668e+00
-2.011745190557046481e+00 1.632880881370803561e+00 -5.094025563906572351e+00
-2.009615228654506147e+00 1.632898760269569927e+00 -5.097798684867175467e+00
-2.317717423488862227e+00 2.703485166088556824e+00 -4.326629750022192411e+00
-2.340159181463043581e+00 2.686595874942201423e+00 -4.285321419495017103e+00
-2.362316270223810744e+00 2.669629982093330689e+00 -4.243865056641954681e+00
-2.394139810564642978e+00 2.702338174274061089e+00 -4.146473386580725062e+00
-2.411967711077898091e+00 2.671855940880773161e+00 -4.122457895464846089e+00
-2.428980554501751765e+00 2.641721789629346340e+00 -4.098662796603798064e+00
-2.449415482031155111e+00 2.629238861897460922e+00 -4.054775331589908660e+00
-2.469659813285984384e+00 2.616623884831861702e+00 -4.010871878545787972e+00
-2.489104058980670331e+00 2.603757587716927002e+00 -3.966672723412472568e+00
-2.317857521261156961e+00 2.690845091019302249e+00 -4.334584509117887841e+00
-2.338174091803427501e+00 2.650601671313472352e+00 -4.313078223578338033e+00
-2.354289779071912392e+00 2.604002283311122490e+00 -4.305133929845123220e+00
-2.367521688914050682e+00 2.555954037898699127e+00 -4.302816103854471663e+00
-2.376319249429698743e+00 2.507008236664458600e+00 -4.307185083131686021e+00
-2.382862586369904889e+00 2.458179978316377134e+00 -4.315168727261572634e+00
-2.387887245118494928e+00 2.409799481343459338e+00 -4.324939029863259066e+00
-2.195632081967793248e+00 2.612411144576468836e+00 -4.645900399988044605e+00
-2.206174618554052724e+00 2.563720858602325237e+00 -4.650316560452784742e+00
-2.218238540201949327e+00 2.515232246170362007e+00 -4.651663271171367242e+00
-2.229235495067179773e+00 2.466553948107744088e+00 -4.650938079542324743e+00
-2.229689291330081868e+00 2.357954120936776032e+00 -4.692002571839573477e+00
-2.188891200856958541e+00 2.621512472355862489e+00 -4.654597062084285142e+00
-2.195047584277348030e+00 2.613198192098878714e+00 -4.646655592427094028e+00
-2.193366865611650951e+00 2.570412096395121804e+00 -4.672490878009393001e+00
-2.183936479640814277e+00 2.537572588605472745e+00 -4.708968438049639715e+00
-2.171036424467197801e+00 2.510333132677970536e+00 -4.748808933451346803e+00
-2.153904150052853517e+00 2.489317283463224229e+00 -4.790759386069848524e+00
-2.134851849036275340e+00 2.471646662633917746e+00 -4.833416713257068231e+00
-2.113622451949129566e+00 2.460861486020016642e+00 -4.877360440779242801e+00
-2.089005738293032710e+00 2.466401672638816045e+00 -4.920448293589463340e+00
3.653774761178681385e-01 4.899559197005260103e+00 -2.693075278898380720e+00
3.853778197496182667e-01 4.906870449970881509e+00 -2.647835259277445896e+00
4.053645825911810219e-01 4.914136040581173148e+00 -2.602582151487160989e+00
4.251637195831461380e-01 4.920286516677374600e+00 -2.557105010045738869e+00
4.449416152965341986e-01 4.926376382740088822e+00 -2.511605039465487632e+00
4.647432090164164142e-01 4.932466929064204031e+00 -2.466103236314057590e+00
4.845331626997231855e-01 4.938423523105927693e+00 -2.420583583252316373e+00
5.042501148722311477e-01 4.944076136884006267e+00 -2.375011516626609698e+00
5.237671724089819625e-01 4.948620496638117316e+00 -2.329241332856823554e+00
3.510631542587793752e-01 4.901996171114133105e+00 -2.689592457361098088e+00
3.394124901426360807e-01 4.913487399969838521e+00 -2.642343264497869271e+00
3.134703830945996250e-01 4.925310637064550967e+00 -2.601250508895272873e+00
2.825737901519995710e-01 4.936207773182732517e+00 -2.563505163809793430e+00
2.458654674735603896e-01 4.946452109070668790e+00 -2.531161182455820224e+00
2.063907027521668380e-01 4.955189174113269424e+00 -2.501806142583945736e+00
1.653382607991862041e-01 4.962658542529230665e+00 -2.474355551010391618e+00
1.225988228590776108e-01 4.969609096979363372e+00 -2.449426302288630897e+00
7.859854430096212263e-02 4.976198536326595701e+00 -2.426696050310661601e+00
5.381187430733256338e-01 4.845700962034066528e+00 -2.812477540886446192e+00
5.870573658416529117e-01 4.836019145476046610e+00 -2.813958925909755493e+00
6.357259866971423090e-01 4.825102338925429279e+00 -2.815156868014251579e+00
5.370135785018740338e-01 4.849314277785402361e+00 -2.798041173593186937e+00
5.782919092801187544e-01 4.848045361335308279e+00 -2.770026331945516507e+00
6.092336968193878821e-01 4.850283784084516547e+00 -2.730931099867582645e+00
6.349446280734587500e-01 4.853948524173426371e+00 -2.688277626576627721e+00
6.961887836058759937e-01 4.849410263811234856e+00 -2.645375604890794374e+00
7.016903746963172317e-01 4.858487045381971292e+00 -2.598358740844656900e+00
7.070375908272078513e-01 4.866655276074621561e+00 -2.550822687777529296e+00
7.391589111311903659e-01 4.866051541746445608e+00 -2.512563786831625734e+00
7.810583410262873505e-01 4.860593403620251607e+00 -2.485911019184586124e+00
-7.359197689250188690e-01 4.698298293552349847e+00 -3.215134400069953102e+00
-8.069466310657723573e-01 4.689221198107589750e+00 -3.175345699678143951e+00
-8.216014737739901763e-01 4.681103851264338367e+00 -3.190007724550562695e+00
-8.364638983323749999e-01 4.672282861336859661e+00 -3.205043762111740691e+00
-8.526736444231224343e-01 4.662114723564310559e+00 -3.221275872416604624e+00
-8.707737761791359832e-01 4.650761544708592155e+00 -3.239398183531837283e+00
-8.909330352598239244e-01 4.638112918937217444e+00 -3.259596190944955119e+00
-9.383017361587795424e-01 4.622536428687245014e+00 -3.255773011747864043e+00
-9.855591823975750065e-01 4.606359924075063894e+00 -3.254224709526023496e+00
-7.374062223192512366e-01 4.693972892003007935e+00 -3.229351780364941416e+00
-8.290158266294568312e-01 4.676994939894605352e+00 -3.197433980320492974e+00
-8.581310124916825544e-01 4.658650310008287221e+00 -3.226889735313996699e+00
-8.884110024478706347e-01 4.639652539279966348e+00 -3.257224459344846057e+00
-9.312092640019747902e-01 4.620255108602373539e+00 -3.273072875449796193e+00
-9.640322626066282208e-01 4.599442881756594659e+00 -3.303772110521400851e+00
-9.865441175325695422e-01 4.578941384632071454e+00 -3.342988480128370021e+00
-1.003230425643153678e+00 4.559657586187759293e+00 -3.385778858098215771e+00
-1.016847457795448939e+00 4.540671601366135235e+00 -3.429830552399056653e+00
-3.751582810531934875e-01 4.859140716910324898e+00 -2.867552691440878210e+00
-3.674713735795502867e-01 4.871276881273646886e+00 -2.819664023291603705e+00
-3.594941480253869281e-01 4.883027008449077222e+00 -2.771659169677898937e+00
-3.515424500771938132e-01 4.894668238141527183e+00 -2.723643026828972857e+00
-3.448702850619373428e-01 4.906105607565274696e+00 -2.675498627629122605e+00
-3.404127645445811368e-01 4.917310270235889291e+00 -2.627091321495731435e+00
-3.359242326672831624e-01 4.928128482906720009e+00 -2.578602605708954609e+00
-3.313190805793021498e-01 4.938075762883707753e+00 -2.529918167808930640e+00
-3.314201623928586526e-01 4.946457377276612277e+00 -2.486861358350278550e+00
-3.899939500112472035e-01 4.857473331870972189e+00 -2.867066589903476626e+00
-4.136824635010442619e-01 4.864406227540966299e+00 -2.823607327173912385e+00
-4.494469676149913662e-01 4.866911082485109397e+00 -2.788801300429007757e+00
-4.889155815814953954e-01 4.867073227246751621e+00 -2.758167295948557474e+00
-5.324999018096537862e-01 4.864621065282593193e+00 -2.733858257520247914e+00
-5.777854643789931410e-01 4.860660818794712235e+00 -2.713121398016157926e+00
-6.238022595898801148e-01 4.855298210836717310e+00 -2.694440004760348728e+00
-6.703859897014435854e-01 4.848022680348882396e+00 -2.678007894952845636e+00
-7.720321511447125751e-01 4.826228004365775703e+00 -2.660859432023916060e+00
5.108703027583993972e-01 4.809094735646147534e+00 -2.990765749208740498e+00
5.097161283565315726e-01 4.806841235369127219e+00 -3.000297362284478631e+00
5.087792865765958794e-01 4.805121361216825981e+00 -3.007532133557564880e+00
5.079263556462269014e-01 4.803555847369797682e+00 -3.014117685118949286e+00
5.056513446987922489e-01 4.799388442399548538e+00 -3.031651282223582378e+00
5.048085951313202591e-01 4.797835061142111890e+00 -3.038183553757201949e+00
5.054576096138512220e-01 4.799025538967208959e+00 -3.033175384296079802e+00
5.077225606494997212e-01 4.803190263778916780e+00 -3.015658461954819014e+00
5.081165937112807063e-01 4.803905534361859075e+00 -3.012646854093166571e+00
5.094816566652736745e-01 4.806434875801226525e+00 -3.002014982097123141e+00
5.072966615148957192e-01 4.802417225186834671e+00 -3.018913325528347791e+00
5.049137337908400358e-01 4.798044822541734256e+00 -3.037306905747974906e+00
5.026361759096980020e-01 4.793864404741288610e+00 -3.054892390425984150e+00
-7.019349367237532888e-01 4.595128638318602299e+00 -3.590473050006576905e+00
-7.291646017696189475e-01 4.575115181686218335e+00 -3.627242218484016067e+00
-7.564213319467322227e-01 4.555084048309974598e+00 -3.664044941185440774e+00
-7.834572686418549425e-01 4.534572275817873255e+00 -3.700650737779235477e+00
-8.103033818800373655e-01 4.513298890363105720e+00 -3.737028219720825550e+00
-8.371518247953289027e-01 4.492023154575004895e+00 -3.773417789414255097e+00
-8.757421683271053858e-01 4.470832175770627082e+00 -3.796898716477518754e+00
-9.216061125318877334e-01 4.451927737419406839e+00 -3.801414528431379836e+00
-9.679001760267819110e-01 4.438056100168679130e+00 -3.789653290114898709e+00
-7.124214431993766139e-01 4.595504755808979880e+00 -3.579876923497099295e+00
-7.576187919773712531e-01 4.578223688825384663e+00 -3.592052922522305902e+00
-8.400829151521869154e-01 4.553715552108082321e+00 -3.591470234712983878e+00
-8.422004735996211355e-01 4.557596304840152435e+00 -3.576830043082301902e+00
-8.453725572913715069e-01 4.563367101995969399e+00 -3.555034696930157168e+00
-8.897183987054858578e-01 4.555236655939941315e+00 -3.533295593804319790e+00
-9.360087703941857296e-01 4.543972568337748541e+00 -3.518146944511507446e+00
3.119294134689094999e+00 2.466961277243003625e+00 -1.112461146477902174e+00
3.125232923088464787e+00 2.455858871555332001e+00 -1.064056621988570317e+00
3.130155517817507338e+00 2.444784034302101450e+00 -1.015617806032597326e+00
3.135083473940624366e+00 2.433712750307592376e+00 -9.670953181740002957e-01
3.139982266162272495e+00 2.422440031783493986e+00 -9.186117047205097919e-01
3.144728085697222397e+00 2.411152804110477277e+00 -8.701063553929716532e-01
3.148998774596790007e+00 2.399829854115950845e+00 -8.215783101851221737e-01
3.153264818733793273e+00 2.388538925249806155e+00 -7.730578866161706975e-01
3.157531009182695136e+00 2.377246820097706603e+00 -7.245376070335728391e-01
3.116878444481797406e+00 2.481570282266468475e+00 -1.111098834279581116e+00
3.117208424219470864e+00 2.501676347376470932e+00 -1.065403971299549557e+00
3.114599246005715472e+00 2.534851545965459252e+00 -1.028016231209582854e+00
3.110861956429309405e+00 2.572337958038291017e+00 -9.951290985926632970e-01
3.105081246832821940e+00 2.614245574528145877e+00 -9.684946786387744755e-01
3.097210361678213619e+00 2.657784910913548515e+00 -9.453659590873678686e-01
3.088598277001522341e+00 2.702410928818447466e+00 -9.246021791133027801e-01
3.079550007923413713e+00 2.748114939504419318e+00 -9.065345190601468151e-01
3.069516615630111023e+00 2.794429425678640388e+00 -8.907288965893183086e-01
3.038498423253598535e+00 2.784022528240619465e+00 -1.294204245289904964e+00
3.047770619427866201e+00 2.764989793757041348e+00 -1.248935696471183077e+00
3.056293356840787290e+00 2.745792742619958648e+00 -1.203581148585433525e+00
3.064796000816659927e+00 2.726581220278069928e+00 -1.158212126805154840e+00
3.073222290215037233e+00 2.707374756648753156e+00 -1.112849181037601554e+00
3.080535502810301640e+00 2.691938409570571622e+00 -1.065908559562871671e+00
3.035004090001655275e+00 2.797943899148764402e+00 -1.290064442942026934e+00
3.036633148530662130e+00 2.809307635114839830e+00 -1.241413170116025588e+00
3.033700856866504481e+00 2.834504342309901226e+00 -1.198337846463116252e+00
3.028942506558427894e+00 2.864536981851391051e+00 -1.158657353594540584e+00
3.022123823762068007e+00 2.900149558021470231e+00 -1.124244115386353382e+00
3.012818671746527510e+00 2.937895411616179064e+00 -1.092848683884044547e+00
3.002591656306224266e+00 2.977110495478354046e+00 -1.063614840120398197e+00
2.992265287817745811e+00 3.016543188699398303e+00 -1.034751959668937404e+00
2.986951502604992204e+00 3.042358408220191546e+00 -9.923555318780190593e-01
3.118909639358428354e+00 1.769267393024044122e+00 -1.394813581380342837e+00
3.117777848783127137e+00 1.724082183211119723e+00 -1.373598913379789010e+00
3.117387554124857463e+00 1.687305532806738784e+00 -1.339851139039283989e+00
3.118912721165889579e+00 1.662215270972590808e+00 -1.296723808926305344e+00
3.121276284630017273e+00 1.644762152845946401e+00 -1.249994077117700275e+00
3.124176526822819433e+00 1.631806291327178471e+00 -1.201832695555217878e+00
3.127236880445258382e+00 1.621519997160842497e+00 -1.153026509975026315e+00
3.130508130230107433e+00 1.612798815890904569e+00 -1.103912248730681833e+00
3.133555920176930076e+00 1.605097449252502528e+00 -1.054617203377844259e+00
3.053287283808224117e+00 1.412172814899883555e+00 -1.559482095378580846e+00
3.063453030419682310e+00 1.443059867774552751e+00 -1.521713035475454223e+00
3.072713260673899605e+00 1.471353596166229183e+00 -1.481764050992954163e+00
3.080152625866470650e+00 1.484394142169744635e+00 -1.434118838561695641e+00
3.085322029403736011e+00 1.483266116226889419e+00 -1.384539090919788995e+00
3.088616848401120052e+00 1.473637963010462792e+00 -1.335624930713312342e+00
3.088152736182712577e+00 1.446309917410866674e+00 -1.293821508211967952e+00
3.084528641018824846e+00 1.407594377908101935e+00 -1.262475588226863232e+00
3.076953318938739912e+00 1.362822243873308414e+00 -1.241755469905204023e+00
3.051903502867073126e+00 1.399584948706440457e+00 -1.551726489346677340e+00
3.058461735788247537e+00 1.402134004096612152e+00 -1.502416935002752307e+00
3.061287961443138528e+00 1.389595105224928684e+00 -1.454321707129183849e+00
3.061598942331984929e+00 1.369104302687482955e+00 -1.408825100551243326e+00
3.058329716040873336e+00 1.336307050742834068e+00 -1.371313826038947692e+00
3.050700693456786627e+00 1.292017647214776632e+00 -1.349387535060301291e+00
3.040280667847278906e+00 1.243388024646920886e+00 -1.344460084713540837e+00
3.026738402807441108e+00 1.195789152077771922e+00 -1.350177604683660437e+00
3.012616684549330071e+00 1.149286727156788146e+00 -1.362023177180062161e+00
1.556728884525022671e+00 4.719756288926584276e+00 -1.337096732756027251e+00
1.559868369761686413e+00 4.722207040171004344e+00 -1.296241721883298226e+00
1.545140358912374001e+00 4.735674284455842376e+00 -1.250413454065048002e+00
1.533494869784062464e+00 4.747486234024375307e+00 -1.203255428251536419e+00
1.523093141449631593e+00 4.757808066434621175e+00 -1.155464963322650362e+00
1.513517812544324270e+00 4.767581009809752857e+00 -1.107379309294184155e+00
1.504471870720889504e+00 4.777067671552054584e+00 -1.059132985908814550e+00
1.495571517966975961e+00 4.786044951557235194e+00 -1.010770853471523179e+00
1.486619979757266119e+00 4.794623005258612736e+00 -9.623047166794062024e-01
1.555775948518367757e+00 4.719011844443479653e+00 -1.349502902252022629e+00
1.556785197326592707e+00 4.719800799942798442e+00 -1.336358667027797598e+00
1.557899037180304758e+00 4.720670893504181898e+00 -1.321858191648771053e+00
1.559679297871692905e+00 4.722061067547495661e+00 -1.298686746673767267e+00
1.521208186432693399e+00 4.746108990140598394e+00 -1.277902342376690425e+00
1.477779136241514246e+00 4.770106672164298622e+00 -1.272290555073071872e+00
1.433606523614899597e+00 4.793326992862929181e+00 -1.272165363276345884e+00
1.389029920793101391e+00 4.815541841337998008e+00 -1.275420140388227708e+00
1.344138160208363519e+00 4.835957798812152042e+00 -1.283049749657725114e+00
2.014604641658775730e+00 4.419785887361457277e+00 -1.177140785469342532e+00
1.980437962232833193e+00 4.453269928260356281e+00 -1.125344503263159490e+00
1.985917969755325752e+00 4.454623961607621752e+00 -1.075684231693863069e+00
1.990860265696020148e+00 4.455359919814679159e+00 -1.026117783932428917e+00
1.995634510429048047e+00 4.455878370416924916e+00 -9.768166150952313220e-01
1.994367851480963294e+00 4.461461603018229916e+00 -9.271477714923619384e-01
1.992423240496251635e+00 4.467366770369372020e+00 -8.775412376129911873e-01
1.989812475067750164e+00 4.473108811594430634e+00 -8.279892958205556930e-01
1.986777286077668236e+00 4.478916788682512085e+00 -7.783635043477653559e-01
2.014142745320403716e+00 4.419361013847150410e+00 -1.185000212917278084e+00
2.015800255197253588e+00 4.420889212906940813e+00 -1.156762720003644329e+00
2.042622787582728083e+00 4.401927743589181929e+00 -1.119140648229110635e+00
2.067917267942368742e+00 4.384567811556070893e+00 -1.079684949190679255e+00
2.099418377669802993e+00 4.360785605395554043e+00 -1.049070594106799481e+00
2.133883543229546653e+00 4.331492466710610501e+00 -1.027909666301545455e+00
2.169784986859624176e+00 4.300325253446287910e+00 -1.012586159402017794e+00
2.205243900689445091e+00 4.266604436460233352e+00 -1.002629405039791033e+00
2.240629210970512819e+00 4.231848899758478666e+00 -9.966695970270480487e-01
2.687811389171602450e+00 3.624867633347493179e+00 -1.257782166035530391e+00
2.688273079274288602e+00 3.624003633230223453e+00 -1.258404450878610970e+00
2.690135836643878786e+00 3.620517691370594981e+00 -1.260915179016917742e+00
2.695640899223017417e+00 3.610215542165271074e+00 -1.268335437312706482e+00
2.706710931712573043e+00 3.589499021060112760e+00 -1.283257329520538503e+00
2.721071155292435151e+00 3.561163489677371619e+00 -1.303379507681732052e+00
2.736640788473223118e+00 3.527897181493981016e+00 -1.326457213769633769e+00
2.776938761141138023e+00 3.461069079847964858e+00 -1.291423660486349156e+00
2.793258157433334166e+00 3.425695969177454447e+00 -1.316409567536293235e+00
2.692433252002065736e+00 3.616220340784595422e+00 -1.264000582786498628e+00
2.696932337957979708e+00 3.607800826493853918e+00 -1.270064582382125051e+00
2.703684294085311191e+00 3.595165192860475312e+00 -1.279165823204153840e+00
2.706020422567142703e+00 3.590793571895402270e+00 -1.282313572793877698e+00
2.706985918430839799e+00 3.588986780705063051e+00 -1.283614775687393461e+00
2.708490422539940212e+00 3.586171269009047258e+00 -1.285642634045144783e+00
2.713213015588572308e+00 3.577333382242084525e+00 -1.292008468750608596e+00
2.719940380656090895e+00 3.563576225577213652e+00 -1.301719967393246469e+00
2.724427684447587872e+00 3.553987678827766228e+00 -1.308375713795391082e+00
2.527276645653429465e+00 3.892025303491756016e+00 -1.075850509232234575e+00
2.506316430717720145e+00 3.926618498665223278e+00 -1.024461321770844258e+00
2.510384725282160279e+00 3.927130825135022540e+00 -9.754625117778580323e-01
2.514000598257679187e+00 3.927295906897357636e+00 -9.267520026920640364e-01
2.464898599073135355e+00 3.996592356748481567e+00 -8.713182014753197979e-01
2.469396077130731282e+00 3.995140565544085476e+00 -8.243743210189765636e-01
2.473694874880999262e+00 3.993548512824043328e+00 -7.780087209385628810e-01
2.466424199735159473e+00 4.006388938740979455e+00 -7.302292347158522157e-01
2.464343877610204014e+00 4.013217903776045148e+00 -6.807323390868431634e-01
2.536155860873078982e+00 3.880196107687082563e+00 -1.077528800063793479e+00
2.554731525455941288e+00 3.859717498657817547e+00 -1.035939297063645181e+00
2.579776448967224134e+00 3.832171424956265060e+00 -9.798217412280210148e-01
2.592213728468711675e+00 3.813982439766330224e+00 -9.889767081976068575e-01
2.604186271212683312e+00 3.795667152206041894e+00 -9.980785055333248890e-01
2.616439662817747980e+00 3.775892521834081972e+00 -1.007661440388799345e+00
2.640996878218854427e+00 3.742356353698406579e+00 -9.799043375838788483e-01
2.665961992263065294e+00 3.708002272560239287e+00 -9.535245202131964470e-01
2.690121729770448500e+00 3.672617913973382109e+00 -9.278504557381200835e-01
2.504900019733051764e+00 3.604109771216513547e+00 -2.436513886476663338e+00
2.477052231874250499e+00 3.644266321556476118e+00 -2.447037089046891545e+00
2.448025645155182506e+00 3.683593659115953045e+00 -2.457254677765053685e+00
2.411891572260059124e+00 3.731640071116627766e+00 -2.467424577601049052e+00
2.411747009272646292e+00 3.731526074689158534e+00 -2.468413107388657490e+00
2.413541649777079190e+00 3.732876526128601657e+00 -2.456342864221295663e+00
2.383157724076442108e+00 3.783484099794556244e+00 -2.427393044769270869e+00
2.389887272576129096e+00 3.787831825991105461e+00 -2.387085851267999104e+00
2.397175944428079575e+00 3.792599636800921825e+00 -2.340350836601339246e+00
2.505600526755211277e+00 3.598198562151142532e+00 -2.450189302782930234e+00
2.482025303343112554e+00 3.622389946014821671e+00 -2.486983827244138023e+00
2.463607337746412718e+00 3.634257522608560720e+00 -2.531813853383918289e+00
2.447677370894898008e+00 3.640950386398932537e+00 -2.578650762645986472e+00
2.421712378705890067e+00 3.661395638010083164e+00 -2.628159372296687391e+00
2.414848619753775960e+00 3.654395529359605543e+00 -2.675764628201227957e+00
2.903994880326989936e+00 3.240446383156425192e+00 -1.060897862409296177e+00
2.898321499725700523e+00 3.262209339438514544e+00 -1.016232944427737372e+00
2.892579706785705529e+00 3.283918670336783308e+00 -9.715561774357471814e-01
2.886669943345479439e+00 3.305504216967769082e+00 -9.268671013501067479e-01
2.879832871767344038e+00 3.326665384568109562e+00 -8.820996015559587899e-01
2.872970362176152204e+00 3.347799176879100003e+00 -8.373259988532446574e-01
2.844391719729694845e+00 3.420337741049672253e+00 -7.469163825233301468e-01
2.855732775566088399e+00 3.400767833928823869e+00 -7.194534692892361472e-01
2.869079134679457521e+00 3.376166374556516026e+00 -6.854095234498883693e-01
2.909898628009213617e+00 3.227529142135575402e+00 -1.056353217823247315e+00
2.916507954388179336e+00 3.221060259350716048e+00 -1.007215258523666668e+00
2.928557069114248623e+00 3.200856067496649970e+00 -9.630930018112103808e-01
2.942388694809991989e+00 3.175626978666640010e+00 -9.222240759942053057e-01
2.957030584328345757e+00 3.144125299135398954e+00 -8.863101781400051227e-01
2.966399578885120292e+00 3.127412251278229416e+00 -8.401747416171203575e-01
2.971739585028183139e+00 3.121896983137422144e+00 -7.908053994627872729e-01
2.974296643567333920e+00 3.123091426302754936e+00 -7.409136247342238413e-01
2.978223526635238372e+00 3.119732643291787788e+00 -6.911993399777143221e-01
2.853691170350711737e+00 3.298278788359533920e+00 -1.325262966898566930e+00
2.853258653800978095e+00 3.295915424090137602e+00 -1.339996065228177713e+00
2.833223994950465841e+00 3.331016848239721551e+00 -1.369275227274344697e+00
2.813711719729864225e+00 3.364138019223100962e+00 -1.401088235391567904e+00
2.796424625410306675e+00 3.389967290243673048e+00 -1.440118243646553831e+00
2.782691385336378165e+00 3.405511874860478017e+00 -1.485533574238503185e+00
2.771793896474922470e+00 3.415200245480717545e+00 -1.533316392817846152e+00
2.762372940071419869e+00 3.421396151341511427e+00 -1.581993710433749589e+00
2.753741315972598080e+00 3.425481881578476884e+00 -1.631050438280541748e+00
2.745549578405410251e+00 3.428271406431502299e+00 -1.680283749231817225e+00
1.184981790776407307e+00 4.824309606836276743e+00 -1.911929718584265414e+00
1.141653298247775394e+00 4.845779774154586939e+00 -1.889172060307325651e+00
1.112618534807834347e+00 4.863324676230604382e+00 -1.853285177132013795e+00
1.083227155047298718e+00 4.879674207729642887e+00 -1.817246307292999852e+00
1.053527330122615568e+00 4.895519098478451347e+00 -1.781095032593873473e+00
1.018786415234323339e+00 4.912497901903886799e+00 -1.749398568557275491e+00
9.841309157654855033e-01 4.928749384425135993e+00 -1.717323741251956859e+00
9.495371490155849470e-01 4.944758482780479802e+00 -1.685014908844262527e+00
9.149460065463463909e-01 4.960396889575735990e+00 -1.652532748320518552e+00
1.195918471525970306e+00 4.821252662781780884e+00 -1.902234178748961613e+00
1.187444087744965904e+00 4.832129053855657830e+00 -1.854211587466702005e+00
1.186721599567893692e+00 4.840022167342278969e+00 -1.804851291565918725e+00
1.199167519219775491e+00 4.842298268718268517e+00 -1.756487561822460686e+00
1.217826962464279239e+00 4.841365621179414269e+00 -1.710134330746569287e+00
1.242245693119029548e+00 4.836149561456704049e+00 -1.666834087941947651e+00
1.269988612593480060e+00 4.829162411827323531e+00 -1.625801730904300246e+00
1.299561739272226957e+00 4.821176706077387131e+00 -1.586271564322202954e+00
1.336750966575533495e+00 4.808028164499924983e+00 -1.555614134701305495e+00
1.510795444188816727e+00 4.659239780414773158e+00 -1.944004476402230619e+00
1.490435562574219164e+00 4.674339798912368948e+00 -1.920494798799827985e+00
1.484046885802116966e+00 4.686023569385811882e+00 -1.872293814341577489e+00
1.473657023016631706e+00 4.699334596951056042e+00 -1.825242867647307143e+00
1.461161075617348537e+00 4.713028728617703500e+00 -1.778821012427247217e+00
1.437650686502587094e+00 4.731586157441417306e+00 -1.738701780973787026e+00
1.405050609945103668e+00 4.753229249584537186e+00 -1.707575066639791528e+00
1.370724222295170769e+00 4.774684961070585487e+00 -1.678293419346549520e+00
1.518822073980631515e+00 4.653286947946000396e+00 -1.953271923096082885e+00
1.510880938768511150e+00 4.659176675882626739e+00 -1.944101416598894128e+00
1.503097781322369597e+00 4.664949305497414045e+00 -1.935112935584373250e+00
1.518356672954428666e+00 4.664732469567685058e+00 -1.887490055144771084e+00
9.942488465741524672e-01 4.673035271290769899e+00 -3.001389409574479750e+00
9.645451384438179510e-01 4.675757320987970367e+00 -3.033833412987142708e+00
9.324410143559838104e-01 4.677319160947926768e+00 -3.067970618830263785e+00
9.892284021422050877e-01 4.673586311007939642e+00 -3.006915905777360454e+00
9.569592237632288390e-01 4.676122264167313247e+00 -3.041915227054889925e+00
9.236583485289845408e-01 4.677745139634906124e+00 -3.077314345232925241e+00
1.305046438001893572e+00 4.451410694026634474e+00 -3.288505055541495636e+00
1.284687040170416017e+00 4.473785157644035060e+00 -3.248886856678826707e+00
1.264355630511534212e+00 4.496158079169966904e+00 -3.209226383771597302e+00
1.317699041874309973e+00 4.446858925539236118e+00 -3.282157277031159115e+00
1.324655606940435382e+00 4.457789279824650563e+00 -3.234189434232582094e+00
1.592180855091674285e+00 4.655658488604665912e+00 -1.666773469273795216e+00
1.562385223643172782e+00 4.677631175925552220e+00 -1.633972294622713983e+00
1.592218150804101784e+00 4.655630055587244520e+00 -1.666820878362509806e+00
1.562800298613582051e+00 4.677331521496250311e+00 -1.634385222464897147e+00
1.538508206747385865e+00 4.696947879893238920e+00 -1.596010337621629693e+00
1.513784037313120834e+00 4.715943049599497172e+00 -1.557299445894078094e+00
1.488961144512682910e+00 4.734766286934561919e+00 -1.518453893384023257e+00
1.463354330730824326e+00 4.753959500609195032e+00 -1.480286895143682502e+00
1.427685596767253040e+00 4.775875516062281889e+00 -1.453715350086572267e+00
1.404536404475328348e+00 4.792233916824079287e+00 -1.412911717469971018e+00
1.372879756058267953e+00 4.811729728076253210e+00 -1.380511901887385484e+00
1.798420943277508011e+00 4.296459692014722442e+00 -2.720565697081079648e+00
1.789772253760802956e+00 4.300343276439740237e+00 -2.731646170150546560e+00
-1.625729515999786656e+00 1.635684474831311519e+00 -5.652856147754357075e+00
-1.617965023003112179e+00 1.640803112532658758e+00 -5.663981624767350453e+00
-2.013918539598416935e+00 3.624044954920898842e+00 -3.896194754304783014e+00
-2.033859111306067113e+00 3.624338379930537091e+00 -3.850386187485022038e+00
-2.053809483761108723e+00 3.624646729236270737e+00 -3.804536090798276593e+00
-2.073723667415719785e+00 3.624908675147433090e+00 -3.758684338507296108e+00
-2.093011620239109138e+00 3.624702200104115146e+00 -3.712577169164502422e+00
-2.111868969280743080e+00 3.624140311862171338e+00 -3.666286757385592843e+00
-2.130732079778898225e+00 3.623582055054051843e+00 -3.619974663265900450e+00
-2.149611285999283528e+00 3.623027621551842881e+00 -3.573680463797002993e+00
-2.167912128808326067e+00 3.622066501404123340e+00 -3.527213510166396393e+00
-2.020823873553398542e+00 3.611935817839134977e+00 -3.901575161338075581e+00
-2.052407391266035219e+00 3.588318382216529212e+00 -3.870901059542586786e+00
-2.115741978940831380e+00 3.509451216825247855e+00 -3.863702414640553418e+00
-2.123631437611335215e+00 3.509829968448605175e+00 -3.843662311712900959e+00
-2.128925670955536642e+00 3.510106134285979618e+00 -3.830175090615689282e+00
-2.132795250909390816e+00 3.510308346234398247e+00 -3.820316573030933860e+00
-2.135965039393768361e+00 3.510473688315172147e+00 -3.812241449432661522e+00
-2.138074768520180857e+00 3.510583830623646318e+00 -3.806866686880677086e+00
-2.139000972040092208e+00 3.510632752382759847e+00 -3.804506070283967478e+00
-8.187884404721479381e-01 4.418850358113823873e+00 -3.989373740798870749e+00
-8.335614437605307625e-01 4.430952168763299781e+00 -3.943190444087256719e+00
-9.243397728732698493e-01 4.415185434003198850e+00 -3.900596941853087252e+00
-8.189753856668897658e-01 4.419287326440196395e+00 -3.988027949920903037e+00
-8.232144226387329011e-01 4.435382742490829422e+00 -3.940915014622158541e+00
-8.129392761798234224e-01 4.455548492133685201e+00 -3.896363168424256784e+00
-6.271105009002472253e-01 4.415773391730077435e+00 -4.141548266832771219e+00
-6.525958599510051084e-01 4.425888737892371694e+00 -4.099899091321169919e+00
-6.779859129689042030e-01 4.435695573645854317e+00 -4.058113771703040662e+00
-6.872809977987963670e-01 4.450878887913774840e+00 -4.011574676437224873e+00
-6.785546589153410579e-01 4.470391022076459997e+00 -3.966575590354457503e+00
-6.541609848305708352e-01 4.490943026252719683e+00 -3.928393107530727235e+00
-6.183962645715446182e-01 4.510893291410531525e+00 -3.900099050453481819e+00
-5.768674570621796782e-01 4.528138881232518287e+00 -3.878578860299764841e+00
-5.379506665543181132e-01 4.545364663802200944e+00 -3.852717947945850874e+00
-6.139306375675602778e-01 4.420861263839299227e+00 -4.137287094356777217e+00
-6.099657031996587042e-01 4.440170668653508734e+00 -4.091553775139033178e+00
-5.910351162313450812e-01 4.460793267677899188e+00 -4.050372442299082110e+00
-5.667085755970867611e-01 4.480936833280807718e+00 -4.011809052552666621e+00
-5.287863430340110638e-01 4.499635375823856975e+00 -3.985443382041886640e+00
-4.817535116028150988e-01 4.512976413252535401e+00 -3.976246503115965059e+00
-4.417880756871038761e-01 4.528639666752105164e+00 -3.951421922414269261e+00
-1.315722635747996305e+00 3.985476873733652337e+00 -4.420483023758265517e+00
-1.319560192172587909e+00 3.992433860654429179e+00 -4.402854379713351918e+00
-1.323735672025721177e+00 4.000023771497798641e+00 -4.383635729635851241e+00
-1.328525138024978958e+00 4.008765053280597179e+00 -4.361018235476154636e+00
-1.333712752835632953e+00 4.018383532335647601e+00 -4.333908682176534022e+00
-1.338036343957488938e+00 4.026409106609994737e+00 -4.311295481775635707e+00
-1.419781522545263464e+00 3.980686161970574233e+00 -4.290346643160283691e+00
-1.426178539085096286e+00 3.991343105624820531e+00 -4.261248912185961579e+00
-1.434437281748880633e+00 4.005362996128517317e+00 -4.220969693139840828e+00
-1.318183588083547297e+00 3.989956003405409124e+00 -4.409145188808049731e+00
-1.324652579809543873e+00 4.001666603492872731e+00 -4.379459706919378803e+00
-1.331308692861617571e+00 4.013896694453753078e+00 -4.346532889005573885e+00
-1.337495244780814385e+00 4.025357131655094456e+00 -4.314224216170226889e+00
-1.421554947819209325e+00 3.983588194809260852e+00 -4.282380012258594881e+00
-1.429129779597769323e+00 3.996261429650629360e+00 -4.247821374963812069e+00
-1.436839356190897865e+00 4.009474861271091761e+00 -4.208552972946369763e+00
-1.445075019709914477e+00 4.023610841785879799e+00 -4.165900303882711597e+00
-1.465566022777975208e+00 4.030048309317639799e+00 -4.120839792796366474e+00
-1.241500451231475788e+00 4.121590345595470772e+00 -4.237405040322258287e+00
-1.251687908463913423e+00 4.137167940079360839e+00 -4.191015240042800016e+00
-1.281082967087872060e+00 4.161460464358744282e+00 -4.099392476426561238e+00
-1.272829150270273990e+00 4.167639561886930188e+00 -4.097071991386812329e+00
-1.264457015536396778e+00 4.173908392610364615e+00 -4.094715664458905557e+00
-1.255408469794934145e+00 4.180553832327253971e+00 -4.092139377691947466e+00
-1.245025659285745379e+00 4.187417370126627958e+00 -4.089041854635196316e+00
-1.233245250432573048e+00 4.195203078070767866e+00 -4.085531370636341642e+00
-1.219798878431881173e+00 4.204090000157555629e+00 -4.081524034733500450e+00
-1.228286214047386027e+00 4.128316620225177758e+00 -4.239161645712287374e+00
-1.152513565146373153e+00 4.188934969379020323e+00 -4.200370824913340684e+00
-1.158240960684354448e+00 4.198325655489274055e+00 -4.171387866055441762e+00
-1.161524553201863874e+00 4.203722245855186834e+00 -4.154741771673288397e+00
-1.096157711196295459e+00 4.238007646906499559e+00 -4.152111711671547134e+00
-1.050550049206302683e+00 4.257779708355933224e+00 -4.157347328541719733e+00
-1.007236716632711859e+00 4.280801226662009462e+00 -4.149567604306684920e+00
-9.715612853216220035e-01 4.306104922705954685e+00 -4.126086204885515585e+00
-1.597674886822873175e+00 4.054065389078499670e+00 -3.853158770866861982e+00
-1.606192255277018033e+00 4.068174452199914803e+00 -3.806060863169405284e+00
-1.614127077905329832e+00 4.081516173860249452e+00 -3.758592135682427227e+00
-1.620854970623607505e+00 4.095781354236429195e+00 -3.711147588290659716e+00
-1.627810921782272713e+00 4.109833679001384965e+00 -3.663677139458727527e+00
-1.634823190767797696e+00 4.123677502121691596e+00 -3.616098625785735265e+00
-1.641937369373781319e+00 4.137432957149717261e+00 -3.568543879733589552e+00
-1.648907825887142131e+00 4.150850168394112139e+00 -3.520904564635517264e+00
-1.655401421551071728e+00 4.163537155271312074e+00 -3.472998039958307803e+00
-1.597068891827469139e+00 4.053071462443332607e+00 -3.856371926404998707e+00
-1.604910960518896035e+00 4.066021055519419392e+00 -3.813723578021225968e+00
-1.611393881605659217e+00 4.076948192669499704e+00 -3.774875626147484731e+00
-1.586419655995213507e+00 4.108403637142737708e+00 -3.745286220265720889e+00
-1.557833006840054546e+00 4.140180161539314341e+00 -3.719533955275993620e+00
-1.523484238023180115e+00 4.171524184311840244e+00 -3.701402144733346500e+00
-1.486740733599363651e+00 4.202187606098244821e+00 -3.687254197930581512e+00
-1.447732918557283588e+00 4.232183693186847506e+00 -3.678745756995604133e+00
-1.406725563141845159e+00 4.260025943035829599e+00 -3.672943130937076361e+00
-1.769144397888647413e+00 3.893269493019480443e+00 -3.884590882807998469e+00
-1.777225087412697579e+00 3.901145270010754285e+00 -3.851131183588835771e+00
-1.806685436836990011e+00 3.891935058777738821e+00 -3.811554820102865726e+00
-1.833774544198901735e+00 3.885884983936643167e+00 -3.769876680093353638e+00
-1.859048249304469769e+00 3.880842758578807672e+00 -3.727041369450742270e+00
-1.883348165119903328e+00 3.876278195730944898e+00 -3.683585384430701826e+00
-1.907273140481306584e+00 3.872195613301205874e+00 -3.639872968430422073e+00
-1.930872703910120780e+00 3.868314280747656042e+00 -3.595975959752224949e+00
-1.941059292511337464e+00 3.878323488862392754e+00 -3.548077687334307395e+00
-1.766063608073304536e+00 3.890265352004672827e+00 -3.897350709460828178e+00
-1.769031088303713917e+00 3.893158511743325612e+00 -3.885061248021655533e+00
-1.771784963424104298e+00 3.895843683174961658e+00 -3.873655826028659543e+00
-1.776829401047054224e+00 3.900760919116002423e+00 -3.852766773219246321e+00
-1.814932939191333361e+00 3.873300868487790538e+00 -3.835165438183686160e+00
-1.850997771723774887e+00 3.838725051807380328e+00 -3.832305130012406469e+00
-1.901119503131720068e+00 3.786177401362247785e+00 -3.833218400337265575e+00
-1.899028037635438704e+00 3.783607612471799886e+00 -3.843065216236273507e+00
-1.895827396234815998e+00 3.779676189500072780e+00 -3.858131636839336576e+00
-2.128287503827563043e+00 3.353697327733643707e+00 -4.072720448552391126e+00
-2.157862058846130804e+00 3.315658006897599375e+00 -4.059812260781377802e+00
-2.186835556851401297e+00 3.277188587986127999e+00 -4.046617154753492152e+00
-2.214755172208492162e+00 3.238159899836440925e+00 -4.032980445319063634e+00
-2.242128595304968997e+00 3.198836180724169420e+00 -4.019115538126288634e+00
-2.268611437277156195e+00 3.158989830014951483e+00 -4.004851991800736144e+00
-2.306563728108902644e+00 3.096877387834958917e+00 -3.988024253263015684e+00
-2.309443305851020867e+00 3.099459165582454379e+00 -3.978208694249324218e+00
-2.312391775010455675e+00 3.102099214675797523e+00 -3.968162207269183117e+00
-2.129060974102118919e+00 3.361532527090872691e+00 -4.060063036720441332e+00
-2.156996690205493561e+00 3.342702249529424297e+00 -4.023307468573614543e+00
-2.179528346010791484e+00 3.336516169853987357e+00 -3.979226778924388253e+00
-2.199479995498851981e+00 3.335733683758074886e+00 -3.933462332481262091e+00
-2.215690035056228080e+00 3.341879309492616024e+00 -3.886606328990121373e+00
-2.229156431326941856e+00 3.351291940438066774e+00 -3.839433484986128686e+00
-2.251280276787796630e+00 3.343092623270695896e+00 -3.795406849662652959e+00
-2.277784946549047174e+00 3.322440742105468470e+00 -3.758428626121566030e+00
-2.305447427674311989e+00 3.294653673213797873e+00 -3.727502049450698518e+00
-2.443732791057733333e+00 2.092506552056138336e+00 -4.271781034144122913e+00
-2.457399688809370986e+00 2.102682349874694268e+00 -4.235248211651509997e+00
-2.472611739784924545e+00 2.114019391676338344e+00 -4.194583434210181316e+00
-2.497738138759038939e+00 2.057566248684451260e+00 -4.137087430651007480e+00
-2.514148426590297358e+00 2.068706477309001812e+00 -4.094204923676802999e+00
-2.529501743526491264e+00 2.079834943138894499e+00 -4.050813369312227685e+00
-2.546780532040750167e+00 2.076404892397506696e+00 -4.004013963244015706e+00
-2.564046973618753444e+00 2.073590545679780739e+00 -3.957169818040404241e+00
-2.581039518296701640e+00 2.071158938514638059e+00 -3.910229131090084742e+00
-2.447049450953883376e+00 2.094972866206326056e+00 -4.262915781320470998e+00
-2.462398960647649293e+00 2.106403621092857836e+00 -4.221884864341267196e+00
-2.486899729768069722e+00 2.050459054413875659e+00 -4.164312373586958493e+00
-2.502681495018178381e+00 2.060829817075910508e+00 -4.124669946715741276e+00
-2.518368317174294546e+00 2.071741635979007956e+00 -4.082281664975392133e+00
-2.533924408170681097e+00 2.083034847558323577e+00 -4.038314765008696128e+00
-2.551047535161639512e+00 2.084170038427289207e+00 -3.991358905140624191e+00
-2.567671029809520000e+00 2.091553970934250106e+00 -3.944801744738026805e+00
-2.582635589312732183e+00 2.109358236218118243e+00 -3.900564533225532760e+00
-2.299391024990556254e+00 1.766022899356374243e+00 -4.578188888973541815e+00
-2.318900890562342276e+00 1.764445227996129795e+00 -4.537367376042659828e+00
-2.336623705575090693e+00 1.763081213768548317e+00 -4.497514169744103008e+00
-2.353842389415787384e+00 1.761716948959757723e+00 -4.457386909514960749e+00
-2.373669784047407916e+00 1.783036193444487383e+00 -4.416789414792980040e+00
-2.393445012363319080e+00 1.800601860942715238e+00 -4.374394157454715604e+00
-2.413398080149129932e+00 1.798132346537309356e+00 -4.328704043872678042e+00
-2.429125189471496693e+00 1.778768209910003506e+00 -4.285566322006870266e+00
-2.441186203011895817e+00 1.749014562180705390e+00 -4.247386957544080133e+00
-2.297056020921206088e+00 1.766200842550443850e+00 -4.583072593855151311e+00
-2.314202731844227312e+00 1.764763436083977455e+00 -4.547186537579080756e+00
-2.326923965837377928e+00 1.763844679877558885e+00 -4.520117584616963669e+00
-2.340237303381889067e+00 1.762788950029772872e+00 -4.489091299054968509e+00
-2.356052474841147326e+00 1.761537230255101116e+00 -4.452235205719816236e+00
-2.375512014333132083e+00 1.784920194017547646e+00 -4.412875495750962607e+00
-2.394559177614499657e+00 1.807701727671724212e+00 -4.372883022222216809e+00
-2.411764538216626619e+00 1.838059819362482639e+00 -4.337380222714607214e+00
-2.424637637468159745e+00 1.878467507666084169e+00 -4.311575989202728110e+00
-1.997817628775709897e+00 1.633252995908930361e+00 -5.117076665773681476e+00
-1.984810589536058822e+00 1.633594745250866564e+00 -5.137728140831162804e+00
-1.972013840569928789e+00 1.633930632278310480e+00 -5.158045627324844062e+00
-1.889757181056304081e+00 1.560304549151366516e+00 -5.159015943660573811e+00
-1.892227818416858609e+00 1.537382442045821085e+00 -5.201567702288635076e+00
-1.892393266292611509e+00 1.516779822720350834e+00 -5.245389827857873222e+00
-2.005243458715999960e+00 1.633056436579271464e+00 -5.105286099196161054e+00
-2.000447173718986615e+00 1.633183198646143808e+00 -5.112901471295229427e+00
-1.996996813944596605e+00 1.633273886795802987e+00 -5.118379670705135887e+00
-1.992841766513164359e+00 1.633382831640172395e+00 -5.124976631095714552e+00
-1.988038318258265935e+00 1.633508892628962927e+00 -5.132603092874830963e+00
-1.983317909614361829e+00 1.633632835560356433e+00 -5.140097731716644525e+00
-1.979653660583914565e+00 1.633729069002280099e+00 -5.145915502623837234e+00
-1.974932213878513032e+00 1.633852946888185498e+00 -5.153411760177188938e+00
-1.969988133141692410e+00 1.633982672239629563e+00 -5.161261496528519288e+00
-2.507489934034876189e+00 2.597825970018949882e+00 -3.920532939360627633e+00
-2.515130560263477033e+00 2.630712991549249313e+00 -3.878622706017091470e+00
-2.529851662564518211e+00 2.639811699438433745e+00 -3.832716778711661831e+00
-2.543782020164825575e+00 2.648742988690881095e+00 -3.785954219887718963e+00
-2.557224016733104399e+00 2.657617814254907618e+00 -3.738777172944333316e+00
-2.571280477393240727e+00 2.664561872802797549e+00 -3.691330908369910180e+00
-2.585030793858839715e+00 2.672388198577730911e+00 -3.643935753736067262e+00
-2.598369883874166231e+00 2.680801088884236183e+00 -3.596524206989642369e+00
-2.611089018407124929e+00 2.689454398597710405e+00 -3.548988020735180715e+00
-2.509037116842826265e+00 2.583790986029262271e+00 -3.925333821395667666e+00
-2.528504538320207828e+00 2.550316603255873282e+00 -3.893735081439874346e+00
-2.546652004965911598e+00 2.514396539170170364e+00 -3.864110973452393516e+00
-2.564035609109116542e+00 2.477549292256583158e+00 -3.835203988912888828e+00
-2.580540608336136632e+00 2.440166457227686436e+00 -3.806448180430423545e+00
-2.595485870554372188e+00 2.400295554183793367e+00 -3.780456470380937350e+00
-2.609098270108219708e+00 2.357012490053538745e+00 -3.759527706880946507e+00
-2.625765783851599089e+00 2.326786191909369528e+00 -3.723604365265046123e+00
-2.640395187752686557e+00 2.297894931327236545e+00 -3.688876858333012709e+00
-2.064904419181750939e+00 2.496366469585031389e+00 -4.952123347543005316e+00
-2.040069416645842182e+00 2.526220425919109669e+00 -4.983465213151315076e+00
-2.014259012015751082e+00 2.555768098812027045e+00 -5.014237559706784531e+00
-1.987863160149761610e+00 2.585140172099206879e+00 -5.044685714800254850e+00
-1.965325927888880386e+00 2.626720614170185542e+00 -5.060372510770441146e+00
-1.949516437983249473e+00 2.674055033400442039e+00 -5.061883806481239922e+00
-1.937097957365899514e+00 2.721360139070257755e+00 -5.053415206449349384e+00
-1.933839584768098474e+00 2.764734036805256423e+00 -5.031404548219229333e+00
-1.942128487364701117e+00 2.797193895408161879e+00 -4.996806309622269460e+00
-2.063511072232166121e+00 2.483589773325399097e+00 -4.959668063248907188e+00
-2.038535520296383297e+00 2.484686228486178816e+00 -5.002769205017863818e+00
5.193452396453732689e-01 4.955119750609155105e+00 -2.297524790179133802e+00
4.984564320103593293e-01 4.962944327476845885e+00 -2.275583677372298386e+00
4.736271712091320585e-01 4.972242323843246936e+00 -2.249518163659876890e+00
4.455133051091937357e-01 4.981166269899871324e+00 -2.219957141995706706e+00
4.285246987378661943e-01 4.991594673564848428e+00 -2.172916885579122326e+00
4.323368822095046693e-01 4.998816047176384281e+00 -2.128579817754063352e+00
4.361043983403011803e-01 5.005824569454768280e+00 -2.084590560410843896e+00
4.397511004496471587e-01 5.011952632033149335e+00 -2.040219385579925326e+00
4.229868818509484041e-01 5.021587669808073251e+00 -1.994108808805534316e+00
5.893690678452249143e-01 4.950686798439493330e+00 -2.249414054733806623e+00
5.825818121967867302e-01 4.959752132946333880e+00 -2.206058193822951985e+00
5.882591273025806755e-01 4.965947637059417552e+00 -2.165740178057751208e+00
5.937955408464750118e-01 4.971816095934030955e+00 -2.125951060898271905e+00
5.981873219317189738e-01 4.975952547422479277e+00 -2.093471186809701567e+00
6.015936957823014852e-01 4.979147114619115300e+00 -2.068367142010341997e+00
6.996135829439547038e-01 4.967585335329422591e+00 -2.008655092184116864e+00
7.148178181753914728e-01 4.961512166221138109e+00 -2.026076491158698811e+00
7.313113390812211456e-01 4.953997399856026718e+00 -2.045038153304978845e+00
3.765299326308173267e-02 4.981829969760847021e+00 -2.398659518320739537e+00
-3.303420556121791900e-03 4.986961449841381011e+00 -2.370555661599310859e+00
-4.427793425227452562e-02 4.992093936918344355e+00 -2.342446101186093976e+00
-8.524548069766076097e-02 4.996478795158129316e+00 -2.314198431581663495e+00
-1.261625386187447129e-01 5.000143255682397481e+00 -2.285815458265691547e+00
-1.670665729700424873e-01 5.003050542256996636e+00 -2.257270302101825443e+00
-1.958108372228040683e-01 5.008066472385651835e+00 -2.216739996219074804e+00
-2.118307325880438574e-01 5.014911200849936357e+00 -2.169928323659218616e+00
-2.186385985018662326e-01 5.022712595214509967e+00 -2.121040348022956490e+00
3.103655891196149125e-02 4.979336137612675905e+00 -2.411820505845684082e+00
-1.881787538096371670e-02 4.978904198263960801e+00 -2.413140045259062116e+00
-6.582299134397377738e-02 4.975634401564318132e+00 -2.429584254535429366e+00
-1.104348598661092223e-01 4.969868444423275022e+00 -2.451168325295316031e+00
-2.130916408330199019e-01 4.960826892119374776e+00 -2.472664103832213023e+00
-2.171946009009207978e-01 4.952286513774139642e+00 -2.513561402020190183e+00
-2.220204328850016451e-01 4.942014224033554726e+00 -2.560867124022487396e+00
-2.165145274621934901e-01 4.932473179288580312e+00 -2.609022747029157152e+00
-1.954257963672615950e-01 4.925110625333816827e+00 -2.653210386305929536e+00
8.187194005830974453e-01 4.856916614294381596e+00 -2.453333767404633381e+00
9.254398865978988864e-01 4.829830437077081484e+00 -2.425398390100935497e+00
9.294054368242028463e-01 4.835195984501487132e+00 -2.393647866761754450e+00
9.330306531876368936e-01 4.839844948588129192e+00 -2.362619218609477656e+00
9.367670967004712024e-01 4.844458411158775846e+00 -2.330719324018223571e+00
1.042818128706037406e+00 4.812094940117183306e+00 -2.307145543864210335e+00
1.049118221983134980e+00 4.817277455805848874e+00 -2.268973169602900075e+00
1.056118321705318719e+00 4.822452491876645375e+00 -2.224342348395253133e+00
1.009555626101991566e+00 4.849132659255817934e+00 -2.170682561968206858e+00
8.081800696723638877e-01 4.861874642028493732e+00 -2.443988761954412947e+00
8.210926633824443543e-01 4.867241539748411228e+00 -2.396094814925567196e+00
8.309511819310725356e-01 4.873643705541851112e+00 -2.347566612466153391e+00
8.327278521271682665e-01 4.882567470453142100e+00 -2.298455542518709205e+00
8.768788829509720495e-01 4.887515671664312222e+00 -2.199940441951692804e+00
8.462321408159401148e-01 4.902682388744732833e+00 -2.163641606340709345e+00
8.127936850948490610e-01 4.918189707780631359e+00 -2.129891964914011115e+00
-1.035274380202227951e+00 4.519720158005411825e+00 -3.471190706480330235e+00
-1.053677072821732397e+00 4.498775377225448402e+00 -3.512616717702338409e+00
-1.072008170240650982e+00 4.477587223016731954e+00 -3.553997128013682172e+00
-1.151390054085877246e+00 4.426932587234798433e+00 -3.596838875378063349e+00
-1.145578704649621082e+00 4.416757232409997513e+00 -3.635537377364488787e+00
-1.141816154986021958e+00 4.410112386031161513e+00 -3.660166235334141760e+00
-1.140128680716592458e+00 4.407102849849321657e+00 -3.670350098424637775e+00
-1.140325741960795725e+00 4.407463699122779133e+00 -3.669135626833566199e+00
-1.141938514804591076e+00 4.410337145385184954e+00 -3.659410265078832047e+00
-3.607268344829671625e-01 4.951036315306723168e+00 -2.448386990359502580e+00
-3.902667066414713948e-01 4.954690253348171147e+00 -2.409185387844519077e+00
-4.199684790658508859e-01 4.957661123947494808e+00 -2.369578395656409597e+00
-4.463025685788398755e-01 4.961658617377719516e+00 -2.327279553018172908e+00
-4.733325302581833927e-01 4.964936141155238403e+00 -2.285367743975729393e+00
-5.007526687170390511e-01 4.967813908830680525e+00 -2.243671219074679701e+00
-5.303080538098674523e-01 4.970047131684351527e+00 -2.203413572326980319e+00
-5.696128906743999076e-01 4.968431869819203150e+00 -2.172582209813474385e+00
-6.141689581166102085e-01 4.962719117098849608e+00 -2.150817475739009499e+00
-3.573109292970341189e-01 4.950504317727618897e+00 -2.452862678768676474e+00
-3.809477930211683794e-01 4.953755097416957298e+00 -2.421628109773583226e+00
-3.980215299068143864e-01 4.955471354386918215e+00 -2.398815769755516580e+00
-3.937998458823854797e-01 4.965381606955257432e+00 -2.350014683254134873e+00
-3.786580054488906666e-01 4.975564909906510458e+00 -2.303503774926482617e+00
-3.524827855317966829e-01 4.985877164453651034e+00 -2.262216881256032597e+00
-3.217771146846324926e-01 4.996089189965520205e+00 -2.224119882331349274e+00
-7.720287285957676549e-01 4.826998403078509803e+00 -2.657447329719102136e+00
-7.720584560882338687e-01 4.829246565533553692e+00 -2.647439117212169624e+00
-7.721351329365304661e-01 4.834907744974943355e+00 -2.622234734606637030e+00
-7.722726156212613713e-01 4.842820076040275090e+00 -2.586633120224801630e+00
-7.721370343010157677e-01 4.851245137243845207e+00 -2.544723241754279996e+00
-7.905085703573510036e-01 4.855844286609890759e+00 -2.498458583688666579e+00
-8.052456809469321630e-01 4.861460859727084305e+00 -2.451022903812531073e+00
-8.178565340303974862e-01 4.867301207459213686e+00 -2.403007976069825524e+00
-8.291960507896335431e-01 4.873225098809637501e+00 -2.354680538036331150e+00
-7.720445670998783427e-01 4.829130349122700672e+00 -2.647972369007182802e+00
-7.721012751426978848e-01 4.833340251432076684e+00 -2.629229681891889214e+00
-7.721386144111404004e-01 4.836294514842308878e+00 -2.616080317236735286e+00
-7.722089800818782157e-01 4.841467809777566522e+00 -2.593047684545092491e+00
-7.722958397956684040e-01 4.843853840984018611e+00 -2.581440191317116550e+00
-7.722244628229830710e-01 4.847960393579708871e+00 -2.561019141541926558e+00
-7.721906948098961054e-01 4.850258774593853239e+00 -2.549581924510192721e+00
-7.721865139149872714e-01 4.850632734186985040e+00 -2.547719359441765086e+00
-7.721998923626512967e-01 4.849809445207329262e+00 -2.551814588687362217e+00
-1.013563091895716806e+00 4.425814699103066019e+00 -3.774051594360289474e+00
-1.058725101181868578e+00 4.412398003458178231e+00 -3.757989565864293890e+00
-1.008643012834956831e+00 4.432234275381500055e+00 -3.761561853392146659e+00
-1.039678523183536818e+00 4.433069460777935511e+00 -3.722614927248389716e+00
3.162536023317094713e+00 2.358859498911495933e+00 -6.783139776017823586e-01
3.166656446444718220e+00 2.340454749951162761e+00 -6.320265027715352701e-01
3.165329140234813821e+00 2.370333441538099883e+00 -5.875219765436645591e-01
3.167301291948285691e+00 2.372313604957077438e+00 -5.402745387142309230e-01
3.168967894918396588e+00 2.374302468203396632e+00 -4.919628310054243170e-01
3.170149579485482150e+00 2.376249412458993238e+00 -4.429939345729307920e-01
3.172224402176725189e+00 2.370611909533168138e+00 -3.933700550902874959e-01
3.174082651154395585e+00 2.366308245897830176e+00 -3.436275563969477531e-01
3.175983254669304756e+00 2.361111697346324867e+00 -2.936492618543564137e-01
3.160762201479602407e+00 2.373274928978835963e+00 -6.748030362651474823e-01
3.161316645380420010e+00 2.386524862961939331e+00 -6.265983738655901414e-01
3.165496919488096861e+00 2.370497359768765744e+00 -5.835152551580853331e-01
3.167344900455680179e+00 2.372354617345627581e+00 -5.392376213597290802e-01
3.168905298330771725e+00 2.374203630141735299e+00 -4.945395802687376219e-01
3.169955032356814861e+00 2.375938733975058614e+00 -4.510163747900680087e-01
3.166851286857390146e+00 2.410414921317788117e+00 -4.149960104051316767e-01
3.162516392124038678e+00 2.449503298034346965e+00 -3.841718855548803546e-01
3.156678165424128046e+00 2.492714705035830480e+00 -3.597397487255312165e-01
3.056821571334966237e+00 2.842235383372580859e+00 -8.836388996953928876e-01
3.044126973187084584e+00 2.890030163688466214e+00 -8.765870327496558811e-01
3.029838613967790639e+00 2.937341771144970970e+00 -8.694298185163116255e-01
3.015242925783939043e+00 2.984542456252378351e+00 -8.622457053477433631e-01
3.003229847429419230e+00 3.026551634563541260e+00 -8.381422790236408016e-01
3.058883144404795917e+00 2.838336572166187732e+00 -8.693764286016937293e-01
3.051603031806715549e+00 2.873113700545431470e+00 -8.342944926903905767e-01
3.048030655126336530e+00 2.895957252308859253e+00 -7.900165229890596663e-01
3.045378200728649176e+00 2.912824621861139551e+00 -7.430762049997254870e-01
3.045128872206931625e+00 2.922477551893616354e+00 -6.940539835463545026e-01
3.046054435544109484e+00 2.928190880521026607e+00 -6.444192704839143415e-01
3.051263515242566005e+00 2.916493753971628689e+00 -5.961169571885096552e-01
3.059802332711705652e+00 2.893871267399886982e+00 -5.523226771891701636e-01
3.070113483372969743e+00 2.865189048018903506e+00 -5.126884414439637494e-01
2.989952733947647712e+00 3.044359275337555903e+00 -9.426046363148975482e-01
2.984694467293055098e+00 3.058089917638447730e+00 -9.450559908039697365e-01
3.137385686545187014e+00 1.605448854537380621e+00 -1.004776690585607257e+00
3.138823742139301487e+00 1.586048471813010563e+00 -9.567414373677657347e-01
3.142018199299482895e+00 1.581108983814933033e+00 -9.071538430117952467e-01
3.144183153204519687e+00 1.576336226743219049e+00 -8.574584325265962592e-01
3.146283119787503857e+00 1.571543785941681648e+00 -8.077435461777249248e-01
3.148303804376293868e+00 1.566237191386967709e+00 -7.580805038309900157e-01
3.150266553832179905e+00 1.560626794126523720e+00 -7.084496168143562533e-01
3.152187472208042962e+00 1.554833845118835489e+00 -6.588408941236985061e-01
3.153535290776360966e+00 1.548841159257855482e+00 -6.092108909792995908e-01
3.135570462173956852e+00 1.590762583431832189e+00 -1.006768613651492394e+00
3.138340083363175825e+00 1.586762398619077530e+00 -9.641984732167465655e-01
3.140679797711658061e+00 1.583136507782665570e+00 -9.278669890406203713e-01
3.142565722327542499e+00 1.580036566325904168e+00 -8.957736462266756572e-01
3.144265379631548285e+00 1.576159981461535464e+00 -8.555417467579116142e-01
3.146016440844052742e+00 1.572165896158184806e+00 -8.140924082192720901e-01
3.129779542751160104e+00 1.451761160372990300e+00 -7.839264151500340283e-01
3.130723091614896703e+00 1.450884881537426452e+00 -7.602079941049074696e-01
3.131415110334013985e+00 1.450201295642133514e+00 -7.426497708442775236e-01
3.067313878446831676e+00 1.314790811880610200e+00 -1.232452010104175599e+00
3.057662868089408015e+00 1.266717977029091946e+00 -1.223176089870635641e+00
3.046706585938796508e+00 1.218962810410401332e+00 -1.213776087950622529e+00
3.037192208818579431e+00 1.176430656004908260e+00 -1.189457101130224181e+00
3.020839041211318854e+00 1.109172546258558656e+00 -1.164684484637128481e+00
3.021482516244769823e+00 1.095252035540512425e+00 -1.117403737468875002e+00
3.020962400266568704e+00 1.081875970661542619e+00 -1.069828501079316929e+00
3.020229651975240959e+00 1.068993789216484469e+00 -1.024411074109280007e+00
3.027754060545462256e+00 1.080598833542298243e+00 -9.768494688714559615e-01
3.069595655832136227e+00 1.319354573294645672e+00 -1.218440701388414205e+00
3.065429179161120565e+00 1.285571036009207635e+00 -1.181982589286960428e+00
3.064527747855366524e+00 1.264235069026230507e+00 -1.136858435652765786e+00
3.065672979376045770e+00 1.250988253258034977e+00 -1.088766419688194986e+00
3.066888300409007506e+00 1.238319684570875712e+00 -1.041359706073843316e+00
3.067029638937313063e+00 1.226663471670568439e+00 -9.965889184811750345e-01
3.066869845609459855e+00 1.217626148765647454e+00 -9.617395833564794660e-01
3.077967386388887672e+00 1.250938977198515989e+00 -9.261677231932969878e-01
3.089202578011799982e+00 1.289113720957165476e+00 -8.959539051408419441e-01
2.998361908833846456e+00 1.102515870329285219e+00 -1.372066078744547335e+00
2.983008485793106956e+00 1.056174746718206325e+00 -1.381929239807720089e+00
2.998350461407635947e+00 1.107862084823347359e+00 -1.385946857621156214e+00
2.985493570568853894e+00 1.077135749700335321e+00 -1.422704907744082314e+00
1.484326344145385335e+00 4.799636845071632685e+00 -9.125966231038817877e-01
1.482089688252235415e+00 4.804676769497879363e+00 -8.628955288661619427e-01
1.479576902943916528e+00 4.809142915805078466e+00 -8.131698663421050854e-01
1.476937616858273072e+00 4.813596355326375864e+00 -7.634058220418288299e-01
1.474333989133239875e+00 4.818083536940890532e+00 -7.136465133991581888e-01
1.525131520176125077e+00 4.797800575661338662e+00 -6.078379485380350777e-01
1.502739003111256411e+00 4.810601475590995157e+00 -5.808296712656227934e-01
1.480624535687022902e+00 4.823240193733719927e+00 -5.542228204103134548e-01
1.511646970718384608e+00 4.810523726586308335e+00 -4.749904888957177107e-01
1.471505113159312428e+00 4.806415404524147839e+00 -9.161152867105920583e-01
1.443763698006020446e+00 4.823745497560583573e+00 -8.783553840365457832e-01
1.406119810946093063e+00 4.843838280665020868e+00 -8.523512172958342958e-01
1.365376748050854960e+00 4.864985256941441349e+00 -8.325771384123820118e-01
1.322083100492612573e+00 4.886630670833163492e+00 -8.201919826794596968e-01
1.277244285956185221e+00 4.906937433669504856e+00 -8.117303161136726342e-01
1.231641612664021723e+00 4.926574619925689902e+00 -8.064078575742372745e-01
1.185731251822970123e+00 4.946134862487156170e+00 -8.041946551672312093e-01
1.139261718687033520e+00 4.964404748461836547e+00 -8.043227061867590511e-01
1.301220973554555682e+00 4.854356343866389700e+00 -1.300747266003128289e+00
1.257992917187996218e+00 4.872089727846701024e+00 -1.318340062613965191e+00
1.214236042814863081e+00 4.888658636236054456e+00 -1.335825066313159226e+00
1.170377133956719495e+00 4.904959828669924526e+00 -1.353282888196166267e+00
1.126200411268969415e+00 4.920448774072373688e+00 -1.370654463497620101e+00
1.081628877791511290e+00 4.934936843253494132e+00 -1.387935145630127876e+00
1.037065862974515973e+00 4.949442931789399758e+00 -1.405228375454436573e+00
9.899724608034875528e-01 4.965817196232390707e+00 -1.404247112256339358e+00
9.474605233593164089e-01 4.981603420708713870e+00 -1.383616037492401585e+00
1.298964761512790611e+00 4.856989084527874923e+00 -1.286223553315750223e+00
1.255992358041317924e+00 4.877929810205885452e+00 -1.271916335851522417e+00
1.219144078066082493e+00 4.896002684753365308e+00 -1.243501745547653137e+00
1.136403983399852269e+00 4.928324386023073878e+00 -1.260530282003742286e+00
1.105212208722230027e+00 4.943757872111215868e+00 -1.224918644108472066e+00
1.073951672126413515e+00 4.958191001651026220e+00 -1.189626330287408384e+00
1.051422720591995263e+00 4.970282225180152835e+00 -1.146704590926279410e+00
1.030671828185958816e+00 4.981340541410209433e+00 -1.102627528525117917e+00
1.013198501413477448e+00 4.991023632852066960e+00 -1.056824109451377725e+00
1.989465636900246803e+00 4.480143316618755200e+00 -7.284007436087865939e-01
2.009542947878796060e+00 4.467466523454567628e+00 -6.808974850156114256e-01
2.015510948794063673e+00 4.466310965968475877e+00 -6.312759201381096252e-01
2.021067609498478301e+00 4.464668118942631381e+00 -5.816351036886233672e-01
2.026225549900263712e+00 4.462518640650683821e+00 -5.319827151822335010e-01
2.032821180824081253e+00 4.459156417631914060e+00 -4.825512369796901013e-01
2.039602507160609868e+00 4.455680462669056929e+00 -4.331540283340753472e-01
2.046536565611657199e+00 4.452100610906987832e+00 -3.837654116142118488e-01
2.053297859308127027e+00 4.448199145502778507e+00 -3.343706880255448710e-01
1.977871648336007038e+00 4.489354361452519981e+00 -7.302288203768707575e-01
1.957596248069143119e+00 4.508727733195885712e+00 -6.888186407462065786e-01
1.934586614071950317e+00 4.528767521440842714e+00 -6.492744940316603763e-01
1.905650713338918001e+00 4.553044442135893100e+00 -6.165428551819375214e-01
1.871788948365006089e+00 4.579079316596527782e+00 -5.906384962425510476e-01
1.835180952942778942e+00 4.605748811719662328e+00 -5.696166860173145219e-01
1.789215826272331444e+00 4.638170856338442505e+00 -5.654722544334628287e-01
1.759552919291929696e+00 4.660047259957857513e+00 -5.377697452291597680e-01
1.726767653405635761e+00 4.682046029313637447e+00 -5.079815796303720488e-01
2.270064003240935158e+00 4.205695633281409940e+00 -9.660908570398625272e-01
2.298701965991316154e+00 4.178783270917302062e+00 -9.354001870902917126e-01
2.327079867679739067e+00 4.151587312014919817e+00 -9.046516119391947441e-01
2.355424042685702712e+00 4.124331694703809781e+00 -8.738710553018892435e-01
2.374871293225980562e+00 4.106168890801452420e+00 -8.317015783090958569e-01
2.381741132343332623e+00 4.102414184917886786e+00 -7.826702377172242153e-01
2.375077072997818561e+00 4.113508221292780931e+00 -7.347925694679986464e-01
2.357969976184384642e+00 4.135839877667696562e+00 -6.938990232484606446e-01
2.333506594386898669e+00 4.165501471606379624e+00 -6.623954010509126578e-01
2.274524972079745577e+00 4.199838444528157133e+00 -9.790591281328981932e-01
2.309042806133343007e+00 4.163984882514828456e+00 -9.776801019739466136e-01
2.340278139697107296e+00 4.127742788147676478e+00 -9.916827382578362604e-01
2.369946432185172203e+00 4.092606988352591735e+00 -1.011309370006471697e+00
2.396580163683550424e+00 4.059766298603934231e+00 -1.037989863613536068e+00
2.427214849682636899e+00 4.021769681073974034e+00 -1.048051256692612121e+00
2.465390960696852929e+00 4.016290876453315839e+00 -6.308408509447972490e-01
2.466114221458519662e+00 4.019083952651660852e+00 -5.809240609507195785e-01
2.466601232426456569e+00 4.021690074757826139e+00 -5.310027424390788564e-01
2.468407751708705522e+00 4.023984092878504448e+00 -4.332467836441067921e-01
2.466718972305073532e+00 4.026074204513870214e+00 -4.331843274666189458e-01
2.465003545615318981e+00 4.028197227189764362e+00 -4.331223731663114140e-01
2.463170734310410559e+00 4.030465515480159411e+00 -4.330564020715265139e-01
2.461149170528805996e+00 4.032967395857061987e+00 -4.329838114963849849e-01
2.458877385613051025e+00 4.035778942964740601e+00 -4.329023673214890677e-01
2.474641692372130386e+00 4.004692688716900761e+00 -6.325524955094253832e-01
2.493484847917397662e+00 3.984390913946131541e+00 -5.909641401248992842e-01
2.518218349795369626e+00 3.954235943703833911e+00 -5.598511104137040562e-01
2.545332277451166192e+00 3.920666374889069772e+00 -5.345806854562931143e-01
2.573846629881569203e+00 3.883918231849075031e+00 -5.163322567507593330e-01
2.602273981839173800e+00 3.845416251768360105e+00 -5.019350075312095649e-01
2.630343318893461291e+00 3.805926194412724506e+00 -4.897232261794083885e-01
2.657893533265398123e+00 3.765717755451042592e+00 -4.788733989850085249e-01
2.684909363890260803e+00 3.724416217814610075e+00 -4.710287351219142882e-01
2.713074401290682669e+00 3.637966014082543609e+00 -9.001055310847635438e-01
2.735826630723615427e+00 3.603185602543900856e+00 -8.723566086915279794e-01
2.758607609462549792e+00 3.568357730751074541e+00 -8.446022667165942188e-01
2.780376714832406559e+00 3.533128496399266183e+00 -8.167881322113496045e-01
2.715626830287659388e+00 3.632097115268761556e+00 -9.135936381840975562e-01
2.741086675985599630e+00 3.589199975167177037e+00 -9.161141934495998784e-01
2.763351445399643946e+00 3.548189210885063449e+00 -9.338499204323159608e-01
2.782927246068961580e+00 3.508475277650239477e+00 -9.569528846222675744e-01
2.798502730735234589e+00 3.475132905508473868e+00 -9.874174193606307659e-01
2.799564431818759136e+00 3.467604654339339731e+00 -1.026235266295760784e+00
2.800606099474565180e+00 3.458851523343214662e+00 -1.071124118088265575e+00
2.800786947666499938e+00 3.449244568966703284e+00 -1.117699583210820080e+00
2.814375111220395187e+00 3.415573191173459033e+00 -1.151616692570191169e+00
2.404155461771037228e+00 3.796967777276217593e+00 -2.292340709337721716e+00
2.407185785255594901e+00 3.806873459327346332e+00 -2.243621559067148219e+00
2.410891098144044786e+00 3.816100474436225021e+00 -2.194715648039140543e+00
2.414748472095309406e+00 3.824817334079749109e+00 -2.145666053612887758e+00
2.418289104556726077e+00 3.832996549505015338e+00 -2.096474170077483379e+00
2.433011526123157520e+00 3.826312096579711497e+00 -2.049194779504520003e+00
2.456792996520050121e+00 3.804531965999824905e+00 -2.011297388583890733e+00
2.404250169516673807e+00 3.797023373271780855e+00 -2.291702038579814804e+00
2.414427548796305611e+00 3.797247376464995217e+00 -2.243083116470233396e+00
2.428446204566173883e+00 3.788714849155243147e+00 -2.207386401957723621e+00
2.454164831997049045e+00 3.764280362557843151e+00 -2.172347347261954553e+00
2.480691594400175060e+00 3.734745977816850804e+00 -2.142220414175104004e+00
2.508710860371475171e+00 3.700521966704932719e+00 -2.119241939993813162e+00
2.537638538672359001e+00 3.662572554418785487e+00 -2.105140157409620016e+00
2.563885393571823990e+00 3.620651153828236879e+00 -2.107016568479378904e+00
2.875763030977584123e+00 3.367459161975148607e+00 -6.378762663332281369e-01
2.871060104467959562e+00 3.381986784572456273e+00 -6.004448309729463196e-01
2.865960091270856491e+00 3.397285112912376448e+00 -5.608535839809428714e-01
2.859525275391295640e+00 3.412844709797642206e+00 -5.191917909978525092e-01
2.880589025544360027e+00 3.373996646845435432e+00 -4.747774973975539825e-01
2.884896278860009211e+00 3.369316169359423352e+00 -4.255625852660133712e-01
2.888337805543056636e+00 3.364210490633293915e+00 -3.762514959955703953e-01
2.889700784762219588e+00 3.364874649353677416e+00 -2.909431404892859896e-01
2.891280154489014542e+00 3.361567431094898861e+00 -2.907950371115591848e-01
2.876998677474728705e+00 3.363643460975029864e+00 -6.477001548733452019e-01
2.922176977013463794e+00 3.267496799747137803e+00 -6.292612702295322658e-01
2.925838795371065615e+00 3.262281232879796988e+00 -5.972385975761710375e-01
2.943749065881410054e+00 3.221501736891948742e+00 -5.747322821168303619e-01
2.957552814773895200e+00 3.192281623745260699e+00 -5.366311523353479718e-01
2.946293207954379323e+00 3.225012506197015849e+00 -4.869025707347009457e-01
2.948851383253340508e+00 3.223135836741734206e+00 -4.473406529276132138e-01
2.950665689874580000e+00 3.221639223241556937e+00 -4.171382263488490061e-01
2.951596364821762020e+00 3.220412753346061585e+00 -3.954630385100819656e-01
3.013813041552869887e+00 3.023219585112200569e+00 -6.824899248555531539e-01
2.985774958312010785e+00 3.106235665284278635e+00 -6.436214707062420937e-01
2.992745768093520553e+00 3.092644437472723329e+00 -5.960461794486958675e-01
2.999724769121914214e+00 3.079143661548155553e+00 -5.485194721418265029e-01
3.015788363522939886e+00 3.048166106573143797e+00 -4.324481530333112445e-01
3.026582954163327344e+00 3.014765911699459622e+00 -4.343313119838031477e-01
3.032425263987912789e+00 2.996689232895773269e+00 -4.353466496273692421e-01
3.032914733593062628e+00 2.995174854998517322e+00 -4.354307692792538931e-01
3.029016866701370159e+00 3.007235395778717901e+00 -4.347516696822467108e-01
3.022510691593310650e+00 3.027366320778881015e+00 -4.336190252468100637e-01
2.728506910789183948e+00 3.440006424227807447e+00 -1.752281362796190844e+00
2.729697648977973845e+00 3.437596028516931579e+00 -1.753080410214831852e+00
2.731033184986662476e+00 3.434893437683077533e+00 -1.753973346468854055e+00
2.732721704626441817e+00 3.431476922227952198e+00 -1.755100953316351076e+00
2.734973354894526310e+00 3.426921280367695832e+00 -1.756603549753920079e+00
2.738030433117394580e+00 3.420736283301053060e+00 -1.758642834642384800e+00
2.742182991608862253e+00 3.412335101243849866e+00 -1.761412306998056954e+00
2.747636819582028433e+00 3.400974818950087908e+00 -1.765114238503317168e+00
2.754188059685490853e+00 3.385729545511360072e+00 -1.769893389128686989e+00
2.734713190623485168e+00 3.427449713069173676e+00 -1.756422584391526209e+00
2.742373253596873894e+00 3.411952219358616922e+00 -1.761531894986411162e+00
2.750024897012311786e+00 3.395413435798070534e+00 -1.766869788573787625e+00
2.757398741376147822e+00 3.378254359114016836e+00 -1.772247520773142959e+00
2.768716213223855416e+00 3.351921621504619697e+00 -1.780490807037468537e+00
2.776146338262726498e+00 3.323799608136053241e+00 -1.821151030345461441e+00
2.785201483390143729e+00 3.292802744023616501e+00 -1.859296707968567386e+00
2.794264296039936646e+00 3.260226825649479743e+00 -1.896132803528398858e+00
2.803705098211869640e+00 3.227051359119419427e+00 -1.932311869982809904e+00
8.853128079710210763e-01 4.973718273656603905e+00 -1.614570819354822273e+00
8.556733665674962630e-01 4.986899897880925359e+00 -1.576562179921677354e+00
8.258042110785578371e-01 5.000150166344101699e+00 -1.538524109130862572e+00
7.958897286325748999e-01 5.012530884872933079e+00 -1.500432304186921417e+00
7.572029374119877421e-01 5.026135983174516042e+00 -1.471898594410558703e+00
7.118284120533789894e-01 5.039046503050906622e+00 -1.455529691023597305e+00
6.638538212659295112e-01 5.050296359464124585e+00 -1.447391721285880894e+00
6.151784954303597397e-01 5.061048812049236290e+00 -1.444509744632258785e+00
5.661717279209819154e-01 5.070513500722058531e+00 -1.444788678628914358e+00
8.754442212551433178e-01 4.975102844226665155e+00 -1.625697242692026645e+00
8.290407293211375928e-01 4.989763711414332725e+00 -1.613476005310148675e+00
7.809942392766956454e-01 5.002948224364407892e+00 -1.616683410792389308e+00
7.332599690482818344e-01 5.013539884702776561e+00 -1.625919302555258072e+00
6.530385531284351730e-01 5.030155331499361893e+00 -1.640040029364251639e+00
6.497777293921704889e-01 5.027050163351676204e+00 -1.671979101053275851e+00
6.464398253845835551e-01 5.023753606835276386e+00 -1.705493285908729284e+00
6.427803061444898880e-01 5.019593322653308043e+00 -1.739760714281343379e+00
6.394504814089345679e-01 5.015811013364928073e+00 -1.770918736967634466e+00
1.381484306617545954e+00 4.786814271398309728e+00 -1.549665068469977092e+00
-2.181794590403550949e+00 3.626969807581859939e+00 -3.479439526827649676e+00
-2.195693227636290157e+00 3.631886796059240918e+00 -3.431661969899633569e+00
-2.209608009741014456e+00 3.636853709164808546e+00 -3.383888375740850663e+00
-2.223239842298742275e+00 3.641624462025657039e+00 -3.336034070842588406e+00
-2.236414729088968656e+00 3.646060084641089993e+00 -3.288013289756110957e+00
-2.249632059156997599e+00 3.650527641743901874e+00 -3.240003453739516370e+00
-2.262864903166410979e+00 3.654986995747162570e+00 -3.191965324736320664e+00
-2.275683722123232222e+00 3.659169855912278280e+00 -3.143842625420989023e+00
-2.287761416569666917e+00 3.662825318890007953e+00 -3.095480948430506807e+00
-2.189702856664196506e+00 3.614766485421109454e+00 -3.482811043690086983e+00
-2.217810816573878352e+00 3.595094039603123459e+00 -3.446454112326356345e+00
-2.248726526669112769e+00 3.564993671663511776e+00 -3.421290993486613807e+00
-2.278555251095514933e+00 3.530180842846191158e+00 -3.401435167514583302e+00
-2.310998274205748437e+00 3.464612173685972518e+00 -3.431900994909890201e+00
-2.339116425950308109e+00 3.433044733311866548e+00 -3.409999583922149302e+00
-2.364559351832829392e+00 3.401293039573479948e+00 -3.388153418332251032e+00
-2.430065183401620921e+00 3.292089183425077170e+00 -3.379012135931931837e+00
-2.433562788136812483e+00 3.295330572377252576e+00 -3.362045605993468911e+00
-2.168153704013795036e+00 3.470087123681870889e+00 -3.800884967658095803e+00
-2.138387684508863629e+00 3.510616559596836161e+00 -3.806040237198153875e+00
-2.139123172544704854e+00 3.510654459932981197e+00 -3.804167389589438564e+00
-2.167049632324062891e+00 3.469105489955045307e+00 -3.805113422290689940e+00
-5.203394363754629826e-01 4.563984597983141711e+00 -3.810285778624515451e+00
-5.025987102884619251e-01 4.582443111162214144e+00 -3.767662375301442879e+00
-4.846988276348737079e-01 4.600027462872218642e+00 -3.724600148411866929e+00
-4.049876513844054560e-01 4.629988066472592756e+00 -3.678544927600150061e+00
-5.077985385263941165e-01 4.563853736059241051e+00 -3.818067313830263654e+00
-4.671006389863741060e-01 4.579939799149863155e+00 -3.795144615656905085e+00
-4.199770477406249425e-01 4.591213231126736183e+00 -3.785562308222073735e+00
-1.489761251177974755e+00 4.033128313531753051e+00 -4.077239107788590999e+00
-1.513945033389328509e+00 4.036230448925615555e+00 -4.033607882889105767e+00
-1.478601472392177207e+00 4.042570752545850965e+00 -4.074262982668702016e+00
-1.478382176123952174e+00 4.063965161908953405e+00 -4.029129939960213846e+00
-1.464904250503392014e+00 4.091402104149647556e+00 -3.989629241579439434e+00
-1.446259765255786034e+00 4.119913930629997445e+00 -3.953065773246599690e+00
-1.425532836430773997e+00 4.149087848873162621e+00 -3.918175747483370497e+00
-1.403430286827649587e+00 4.178007606358774773e+00 -3.884015090565699158e+00
-1.368222644027912827e+00 4.207926142014481563e+00 -3.865212662128818089e+00
-1.325890710948671058e+00 4.234008782049852648e+00 -3.865233123054333308e+00
-1.282446811374693629e+00 4.253019259388384654e+00 -3.880423450667918495e+00
-1.618079705778570299e+00 4.209305115558430010e+00 -3.425199535284436436e+00
-1.626548373706399708e+00 4.219230016407125916e+00 -3.381033509138370974e+00
-1.634387749132986345e+00 4.228299391510502936e+00 -3.337473566757829246e+00
-1.625573450602826542e+00 4.249876769379460129e+00 -3.293230622579557121e+00
-1.617043887101638378e+00 4.271251195387824495e+00 -3.248836996690190215e+00
-1.608217236009956475e+00 4.291806278972613242e+00 -3.204157136488149149e+00
-1.599384109160066458e+00 4.312147719645527566e+00 -3.159349903186313924e+00
-1.590629766109167509e+00 4.332477920198519961e+00 -3.114514941845961893e+00
-1.581795228716487589e+00 4.352565000413839869e+00 -3.069613403974216670e+00
-1.618270300769696135e+00 4.209522790227510747e+00 -3.424250558583339821e+00
-1.627378078785005400e+00 4.220183258303837448e+00 -3.376442697290623407e+00
-1.636029948926931876e+00 4.230194928421163958e+00 -3.328361275568467725e+00
-1.646543725948065751e+00 4.238825066111902018e+00 -3.280306686556632378e+00
-1.711595309138637999e+00 4.206564243168200434e+00 -3.233379442508095725e+00
-1.717197366517113855e+00 4.215829313218945273e+00 -3.192114809576487300e+00
-1.747884204036642242e+00 4.204250734782438492e+00 -3.154390882336630231e+00
-1.782359943904819222e+00 4.187905178062122147e+00 -3.122092129509176139e+00
-1.817683146899492952e+00 4.167946582347098250e+00 -3.092918447138027105e+00
-1.366933137757192052e+00 4.287939592881835793e+00 -3.661741088190163751e+00
-1.327086362290557320e+00 4.315876056174527520e+00 -3.650564449496278119e+00
-1.286893442552368594e+00 4.343120994676772817e+00 -3.639145290905390073e+00
-1.246555075631909482e+00 4.369053705114706254e+00 -3.625368699053844512e+00
-1.247122905910568180e+00 4.405725265215926889e+00 -3.522713309363479262e+00
-1.214416875936334517e+00 4.425503230724086023e+00 -3.510685265107117203e+00
-1.190563423782882824e+00 4.439916037888026246e+00 -3.501948012495543328e+00
-1.190432555472529241e+00 4.455833268046661466e+00 -3.454861103493716445e+00
-1.195328705241108347e+00 4.469524848918718263e+00 -3.407204533003013847e+00
-1.363468398823581618e+00 4.284684870150648806e+00 -3.675878623758338737e+00
-1.321007796616578966e+00 4.302933472789378655e+00 -3.694668645897173143e+00
-1.283269402842682982e+00 4.312741906851917939e+00 -3.725723047665924881e+00
-1.247862123097978504e+00 4.318597097957084685e+00 -3.760552372061059412e+00
-1.215465663441368749e+00 4.321586610237948101e+00 -3.798525686722350692e+00
-1.173590913213350406e+00 4.334488844790008955e+00 -3.822558636902643414e+00
-1.129119342451119001e+00 4.349269662877764731e+00 -3.839292418407081353e+00
-1.092403734571151253e+00 4.354157518179676778e+00 -3.872148947668758723e+00
-1.065987912541166427e+00 4.350777522595056901e+00 -3.913995281385419744e+00
-1.933650318040778027e+00 3.904132225275855017e+00 -3.505799021378343650e+00
-1.926349619747736774e+00 3.929886951921477856e+00 -3.463533297280857681e+00
-1.918630842613578968e+00 3.955078662358481711e+00 -3.421096844683710891e+00
-1.911653900492610747e+00 3.993629658289082673e+00 -3.340277751822068986e+00
-1.902396147725036846e+00 4.001566568115293876e+00 -3.342848023931721091e+00
-1.892944624085522776e+00 4.009669011263695459e+00 -3.345473592275847174e+00
-1.882845473865508712e+00 4.018326846627967797e+00 -3.348278545326649702e+00
-1.871763639346948782e+00 4.027827279900467516e+00 -3.351356028110759055e+00
-1.859562700772119603e+00 4.038287248262934170e+00 -3.354743963587691447e+00
-1.944426578796314864e+00 3.895035421627717209e+00 -3.501006782178651022e+00
-1.958985638402612084e+00 3.900443197303030463e+00 -3.453472640993735521e+00
-1.983197817965733245e+00 3.894071547508865638e+00 -3.410170337875964020e+00
-2.009976266919942134e+00 3.882514158263088433e+00 -3.369620603882562904e+00
-2.039749550056371152e+00 3.865060781714891203e+00 -3.333477529230879366e+00
-2.071025622900983354e+00 3.844879545400025744e+00 -3.300117803841137398e+00
-2.103634215836679644e+00 3.819855744649466978e+00 -3.271709004959748146e+00
-2.127144810909891604e+00 3.822149051463481495e+00 -3.198857928676525297e+00
-2.145063752427055270e+00 3.805419846571328257e+00 -3.189341693588604976e+00
-1.893115613561037192e+00 3.776354127969157481e+00 -3.870878539854434752e+00
-1.887509829914673087e+00 3.769471001265854770e+00 -3.897261383228958653e+00
-1.879228824312815016e+00 3.759517774030737947e+00 -3.932643902625201804e+00
-1.869437471156962793e+00 3.747775373968745605e+00 -3.973302696141281398e+00
-1.871455934578730718e+00 3.722105373223902447e+00 -4.016138980807970604e+00
-1.858977732035580255e+00 3.709882219051420904e+00 -4.062961251423295117e+00
-1.834280360862830639e+00 3.712740040341056424e+00 -4.106314700472239565e+00
-1.801737141017859756e+00 3.727879245357696103e+00 -4.141019946779254113e+00
-1.764493549468976630e+00 3.755037400406046277e+00 -4.160084278504887934e+00
-1.891140406283897013e+00 3.773914096513375060e+00 -3.880204970941562692e+00
-1.885459691359261392e+00 3.766939724526463529e+00 -3.906862164700916296e+00
-1.877231090825694615e+00 3.757094419769988924e+00 -3.940989760068174697e+00
-1.867797267988946075e+00 3.745782441058946421e+00 -3.980160895480995276e+00
-1.872942259575357760e+00 3.717716208396237842e+00 -4.021219832163852814e+00
-2.318629998432646389e+00 3.107661550569391640e+00 -3.946932408546941939e+00
-2.327177553030811197e+00 3.115743926851255008e+00 -3.914577164432746059e+00
-2.337258043305655342e+00 3.125347333906818736e+00 -3.875392747478779043e+00
-2.357974920234898075e+00 3.117709292454833303e+00 -3.830486457593069716e+00
-2.377299878815171130e+00 3.113705674387350797e+00 -3.784522294191023484e+00
-2.396207127790433322e+00 3.109751218654503990e+00 -3.738420690739484797e+00
-2.419317817780902935e+00 3.090138372393853583e+00 -3.698667200688045664e+00
-2.444121243194073756e+00 3.061516038500891934e+00 -3.666040629776715853e+00
-2.467943213814923098e+00 3.027510584718009934e+00 -3.638276757977120024e+00
-2.314956296446755157e+00 3.104346489846225410e+00 -3.959478636851917255e+00
-2.318391928376162703e+00 3.107444455487112567e+00 -3.947747981717029564e+00
-2.321286877039405727e+00 3.110130806810478710e+00 -3.937476734783657673e+00
-2.326590899768912646e+00 3.115184070850613995e+00 -3.916858834987094085e+00
-2.330893363012094710e+00 3.119282729719635494e+00 -3.900134732574475738e+00
-2.337400639715901729e+00 3.125481963860667900e+00 -3.874840037981599927e+00
-2.363635795627463398e+00 3.095184654592372464e+00 -3.844811992091168751e+00
-2.388092848835503546e+00 3.055228776792048517e+00 -3.827347415340417669e+00
-2.410647215601576132e+00 3.012285477927578725e+00 -3.815316437174973263e+00
-2.332863282853247178e+00 3.258422334992749470e+00 -3.706752133289323403e+00
-2.360287335651769070e+00 3.222161617782465015e+00 -3.686023592495780932e+00
-2.386765458211042468e+00 3.185435622423661517e+00 -3.664956427139205442e+00
-2.410831107945234475e+00 3.161152878490516294e+00 -3.628644601156417071e+00
-2.430738529223639421e+00 3.152159626267807546e+00 -3.583864105840468994e+00
-2.445230795796812018e+00 3.156821058710722383e+00 -3.536381196298088447e+00
-2.455734461090124388e+00 3.168888633469438609e+00 -3.489113661371928021e+00
-2.472770363566116014e+00 3.164654936965635379e+00 -3.442453859857989240e+00
-2.495165109425795169e+00 3.142805557378587356e+00 -3.403761566742092182e+00
-2.332127534534682134e+00 3.267647925064002035e+00 -3.695035176674770661e+00
-2.355391706232932147e+00 3.253150011760277405e+00 -3.653265548213726177e+00
-2.373010751051229494e+00 3.252307966332618427e+00 -3.606522123552963865e+00
-2.354914305864046931e+00 3.314400795097840025e+00 -3.563472595911941099e+00
-2.366123780680819966e+00 3.324512225885631445e+00 -3.515896039925986205e+00
-2.376384809685904376e+00 3.334037693038501615e+00 -3.468518763378059866e+00
-2.449118845868138994e+00 1.710385432902615799e+00 -4.216750899053900881e+00
-2.456564580302477374e+00 1.671803053046010623e+00 -4.185951208034060400e+00
-2.463533316933817829e+00 1.633255723814448501e+00 -4.154952216900108297e+00
-2.470507158277513327e+00 1.594717620113575318e+00 -4.123943284111090790e+00
-2.475861465332445110e+00 1.556479645138521883e+00 -4.092299606905398512e+00
-2.485451501051857193e+00 1.528308366705046106e+00 -4.052315621064460416e+00
-2.498558498480267343e+00 1.510363560229988966e+00 -4.007841021335232234e+00
-2.529346449048180290e+00 1.563457958013608096e+00 -3.953860117174909483e+00
-2.544461360140201300e+00 1.554141250678303887e+00 -3.908913532486597120e+00
-2.454034491500009629e+00 1.721315672861275292e+00 -4.207874094442315638e+00
-2.470481026445985773e+00 1.708101609811300881e+00 -4.162647093902386075e+00
-2.488789686071599228e+00 1.710370429082554100e+00 -4.116269944187050278e+00
-2.507306141298192070e+00 1.718878059148159609e+00 -4.070664530951873417e+00
-2.525984717529631940e+00 1.735029320021652444e+00 -4.027240396775147779e+00
-2.543482714298151759e+00 1.755144107557559341e+00 -3.985002418837073179e+00
-2.558183440223833927e+00 1.789005874052081557e+00 -3.951355132942880655e+00
-2.570552869169152377e+00 1.829828403250398638e+00 -3.925366789597868777e+00
-2.585984749518853487e+00 1.860240616700186811e+00 -3.888958319161937016e+00
-2.436973492162736399e+00 1.948618073681860796e+00 -4.288725870923892458e+00
-2.437357455180582999e+00 1.948277563413785662e+00 -4.287800957292631665e+00
-2.437778385128687830e+00 1.947918822332006972e+00 -4.286786934978958463e+00
-2.438302855960469362e+00 1.947458258999829273e+00 -4.285523538597156623e+00
-2.439000323072277876e+00 1.946834508737756764e+00 -4.283843458777102597e+00
-2.439952947058023458e+00 1.945974034557966581e+00 -4.281548784851456624e+00
-2.441266632045322460e+00 1.944781194534052071e+00 -4.278384415631883542e+00
-2.443081867988228684e+00 1.943128457332765624e+00 -4.274011942533444852e+00
-2.445583990764039317e+00 1.940847114583389654e+00 -4.267984935209105046e+00
-2.442291217726134889e+00 1.943768040641387307e+00 -4.275916765255751706e+00
-2.448068503406078733e+00 1.938466772934230420e+00 -4.262000824569150303e+00
-2.457357367147037674e+00 1.929994522936923529e+00 -4.239626215673296450e+00
-2.469438858887917920e+00 1.918252779834820565e+00 -4.207672865044230548e+00
-2.483285149159006888e+00 1.904226499940156803e+00 -4.169986218785425969e+00
-2.501551336491429023e+00 1.907274847584176092e+00 -4.123570130908439602e+00
-2.518250345596594553e+00 1.893343996448524802e+00 -4.078576165637535667e+00
-2.535484324209031470e+00 1.885730927501871435e+00 -4.032350040990872131e+00
-2.625642597557960034e+00 2.691149316967984539e+00 -3.501259321417113934e+00
-2.642825458254757010e+00 2.734355617386447612e+00 -3.409167664068196490e+00
-2.654936998774994450e+00 2.713105061052143441e+00 -3.389908191040216678e+00
-2.665668860941470264e+00 2.691816900879967722e+00 -3.370525993461184644e+00
-2.676820477282710442e+00 2.669678459016600058e+00 -3.350399946116852767e+00
-2.690774658241771533e+00 2.670365007465192786e+00 -3.302292661728101653e+00
-2.703394989018481187e+00 2.676144834881291068e+00 -3.254618145207931690e+00
-2.715290325619586387e+00 2.681730816222481106e+00 -3.206840942577443787e+00
-2.726516485435433790e+00 2.687145945089257193e+00 -3.158899964728318910e+00
-2.621534791188697255e+00 2.705399573780623790e+00 -3.502788312918006852e+00
-2.626776577757729214e+00 2.762130219135272569e+00 -3.434361523996406262e+00
-2.622341578755194025e+00 2.803916374020614111e+00 -3.407359818245562444e+00
-2.614890437777454668e+00 2.848930218301784834e+00 -3.387025170770408877e+00
-2.604781291274353539e+00 2.894505076199846982e+00 -3.369339569184676808e+00
-2.593537920308906841e+00 2.940351581054575725e+00 -3.353095157310500785e+00
-2.581990446372090187e+00 2.986052256093323809e+00 -3.336604498427774068e+00
-2.576366618246956897e+00 3.023976864494382077e+00 -3.304762429567288162e+00
-2.579483094063589554e+00 3.048115090447014008e+00 -3.261334753427211908e+00
-2.651085555392843851e+00 2.275477029830444753e+00 -3.661921290274147811e+00
-2.666803826075513584e+00 2.269602208154973155e+00 -3.614874173548114467e+00
-2.682625935534413308e+00 2.260548982161593834e+00 -3.568359180619510962e+00
-2.697587381264888950e+00 2.250000836858375042e+00 -3.521859431189295009e+00
-2.712477523509293498e+00 2.238716931011415223e+00 -3.475497836516255212e+00
-2.727370473752122937e+00 2.227016213203378836e+00 -3.429231477465172429e+00
-2.741620274471701535e+00 2.215035074032625229e+00 -3.382852089355905090e+00
-2.755631760044467082e+00 2.202908707131333355e+00 -3.336439691057645707e+00
-2.769641456626825704e+00 2.190673874527642617e+00 -3.290028566874042326e+00
-2.653529299714346479e+00 2.270344225119325987e+00 -3.655761685085877399e+00
-2.669370468360273474e+00 2.255279028315890777e+00 -3.610849602770106692e+00
-2.684115969074778896e+00 2.228569298565679535e+00 -3.571314957043091542e+00
-2.693488267773903377e+00 2.167655440540680711e+00 -3.555561539155287942e+00
-2.705331506346544401e+00 2.145104814181202357e+00 -3.522326359643437321e+00
-2.715586756902985233e+00 2.125595913527741576e+00 -3.493543063417404504e+00
-2.723814303538040882e+00 2.108300231517323819e+00 -3.467644148138714133e+00
-2.730500580001133493e+00 2.093555206096484600e+00 -3.445693840398762919e+00
-2.736738395599838558e+00 2.079797068136653770e+00 -3.425215880337958207e+00
-1.963338598890245423e+00 2.807303170152879002e+00 -4.954276589833127353e+00
-1.992223773996690595e+00 2.803510026733231797e+00 -4.907768241439790735e+00
-2.008941296535610821e+00 2.821427135110608830e+00 -4.866370446527251481e+00
-2.024456348369972680e+00 2.839123110043498599e+00 -4.824142733762197821e+00
-2.066910080563229446e+00 2.794691475110000045e+00 -4.779639581431674777e+00
-2.080405280710646121e+00 2.805291037633265372e+00 -4.748142567268943459e+00
-1.956850804533811328e+00 2.819948231849333187e+00 -4.956840010874823399e+00
-1.990740565278355412e+00 2.801942044935197274e+00 -4.911301837890944988e+00
-2.005493637643338101e+00 2.817365325314798330e+00 -4.875855670653137963e+00
-2.016135510266574560e+00 2.829321073598549674e+00 -4.847034268131686474e+00
-2.027618605596428480e+00 2.842443677509051803e+00 -4.815760540161615033e+00
4.141074728456287657e-01 5.030319170698765774e+00 -1.945685347145953870e+00
4.052223686715452078e-01 5.038637224884012333e+00 -1.897196444946336547e+00
3.962872183261597070e-01 5.046615249806666981e+00 -1.848658773170401171e+00
3.873557564553356536e-01 5.054593219316637409e+00 -1.800117576897212635e+00
3.784105746245838287e-01 5.062464245047874734e+00 -1.751563687506611622e+00
3.693782906971999624e-01 5.069704702546967923e+00 -1.702928869309721982e+00
3.450764557877193384e-01 5.078276396325393627e+00 -1.660054583833481701e+00
3.083478222035318517e-01 5.086078879950610698e+00 -1.627205694992756024e+00
2.624835012296208858e-01 5.092056908007803528e+00 -1.608616417566469670e+00
4.001291064898065963e-01 5.031545769855895855e+00 -1.950777557754568514e+00
3.639779807807096423e-01 5.040491781782841407e+00 -1.917442988613305088e+00
3.188597559768182599e-01 5.048268352653799695e+00 -1.896907258216323777e+00
2.714297471588687505e-01 5.055376085555827181e+00 -1.882630210698734263e+00
2.222802522031937789e-01 5.060436881591798830e+00 -1.875761468001602372e+00
1.725674784885182500e-01 5.063521833796581717e+00 -1.872759182381986909e+00
8.149058789921134749e-02 5.068477852351047197e+00 -1.868927620437508486e+00
8.061836531070365464e-02 5.067166493143918871e+00 -1.877742755312721723e+00
7.954458225413574279e-02 5.065585345509875381e+00 -1.888373386852560509e+00
7.452884030848301311e-01 4.947632083959799587e+00 -2.061088859516815308e+00
-1.641941404247252712e-01 5.034102839527373696e+00 -2.075699152261587521e+00
-1.612717514326432733e-01 5.041717004435800398e+00 -2.028331717849080729e+00
-1.583288399056316520e-01 5.048658658556703038e+00 -1.981740517362521103e+00
-1.389781819329536094e-01 5.056072700491855976e+00 -1.936268724542582698e+00
-1.196186430646153237e-01 5.063468855244457778e+00 -1.890803981919622956e+00
-1.201973424802110779e-01 5.070663024093195581e+00 -1.841334428881779894e+00
-1.381829504447847079e-01 5.076181839231607817e+00 -1.795040534120986742e+00
-1.669024655358401776e-01 5.080193077110187971e+00 -1.754218866612165639e+00
-2.012690361093761870e-01 5.083298878079956395e+00 -1.717983837482960796e+00
-1.642637799851242308e-01 5.033910040410073172e+00 -2.076811141869906230e+00
-1.613144352199335219e-01 5.041623020857363358e+00 -2.028961768034636570e+00
-1.583084746229756479e-01 5.048752286912439047e+00 -1.981106983697132895e+00
-1.670302737305313923e-01 5.055551861825964721e+00 -1.932397779403018490e+00
-1.911172057435241434e-01 5.060975565215744432e+00 -1.888992267839821437e+00
-2.217575241361694760e-01 5.064114945349011521e+00 -1.849697723929164317e+00
-2.633341160889927646e-01 5.064276563196461467e+00 -1.822085129828008965e+00
-3.113298599083357265e-01 5.061860715409615352e+00 -1.808540719958900755e+00
-3.610339201344606730e-01 5.057057499018378977e+00 -1.807680382398630492e+00
-1.580177265543807053e-01 4.920382250861313089e+00 -2.685467465643292417e+00
-1.203905681491685004e-01 4.914816072859950147e+00 -2.717618047651461755e+00
-3.047627525801232390e-02 4.908855826107489051e+00 -2.756823148588328554e+00
8.566875777853675406e-03 4.902178683062447639e+00 -2.787138981660996162e+00
4.825589048146933929e-02 4.894958127432146533e+00 -2.816453089618715211e+00
8.442267260483320157e-02 4.886437689075630253e+00 -2.849327456384346036e+00
1.190106019033716211e-01 4.877540540300927319e+00 -2.883301921440769799e+00
1.500040404795570936e-01 4.868415165366997144e+00 -2.918396418917585056e+00
-1.692812258000793713e-01 4.917937317498505045e+00 -2.694827031934736272e+00
-1.577231670991134649e-01 4.908276593908935226e+00 -2.742178657000598374e+00
-1.617116302295853736e-01 4.897205223376531080e+00 -2.790518562439308070e+00
-1.715543895133257446e-01 4.885631761538101081e+00 -2.837995488595271176e+00
-1.841108265617131812e-01 4.873785480103848933e+00 -2.884839630436959901e+00
-1.946117112073152411e-01 4.861896668777394126e+00 -2.932110733009281933e+00
-1.852602423213328686e-01 4.851036429161253771e+00 -2.979933367503274866e+00
-1.603441226825252641e-01 4.841976809225151612e+00 -3.022243408677238730e+00
-1.127853941444182106e-01 4.832396952774723253e+00 -3.068618230063413943e+00
1.015900052053998470e+00 4.854975575039293112e+00 -2.127386458965002003e+00
1.022144275640725741e+00 4.860317756781317833e+00 -2.081343299614941245e+00
1.017852791698978576e+00 4.869747193373786587e+00 -2.032721390769670400e+00
1.015577997640492169e+00 4.878494959116577157e+00 -1.983695540259567069e+00
9.949051296926173515e-01 4.892950143798804774e+00 -1.940806122529702860e+00
9.591853641640853967e-01 4.909334699892917264e+00 -1.910343969124682850e+00
8.359371763383067755e-01 4.950523957539263442e+00 -1.890358888744035015e+00
8.386275797705884383e-01 4.954130584786827995e+00 -1.858867220865391578e+00
8.048228846179661389e-01 4.968326561594081703e+00 -1.825687390978326663e+00
1.016544512031435810e+00 4.855569861208955729e+00 -2.122984332777183347e+00
1.023005546485245665e+00 4.861035017474846676e+00 -2.074917220089192771e+00
1.024511390652677267e+00 4.868373544777970352e+00 -2.025948545760257513e+00
1.034142987090722832e+00 4.872640631275992895e+00 -1.977366667215399332e+00
-1.144252061483965077e+00 4.414454957936940538e+00 -3.644310185364751042e+00
-1.145859362356360656e+00 4.417264041933975705e+00 -3.633622517453531486e+00
-1.147996209283321578e+00 4.421000462568468237e+00 -3.619408146929928183e+00
-1.151053078468083690e+00 4.426345604592019534e+00 -3.599073758775542142e+00
-1.145796063254499453e+00 4.417143201553162868e+00 -3.634073889957391224e+00
-1.149935535336249259e+00 4.424380348700605481e+00 -3.606540974663028809e+00
-7.111843734442735432e-01 4.937299672950356211e+00 -2.175558661305360353e+00
-7.274524736006039438e-01 4.937577586696434651e+00 -2.151393889961144446e+00
-7.433260550051445925e-01 4.937267660977481043e+00 -2.127650261274638410e+00
-7.601316360972030228e-01 4.936938385073987412e+00 -2.102519361064648429e+00
-8.081267400875266071e-01 4.925096682155418293e+00 -2.095114191611488597e+00
-8.558819823824276307e-01 4.913631653239572294e+00 -2.085871407877865291e+00
-9.030107613619976492e-01 4.900917424932086597e+00 -2.075329385082952616e+00
-9.998589429393566208e-01 4.867232913254714077e+00 -2.085833281605056211e+00
-1.024630079963227969e+00 4.865732182668492278e+00 -2.046336701105240241e+00
-7.164765523660510116e-01 4.937496089188050163e+00 -2.167787450239802904e+00
-7.410924564005720860e-01 4.937318051474668401e+00 -2.130951233574822190e+00
-7.645309361458547670e-01 4.936870138647281081e+00 -2.095834705554124877e+00
-8.061209326851053181e-01 4.930017393773557188e+00 -2.069291643235116052e+00
-8.387466542293079419e-01 4.927010235596571697e+00 -2.031725411145892668e+00
-8.602021355010681658e-01 4.928010525767258621e+00 -1.986706796660173913e+00
-8.746520533783409546e-01 4.931389744751569104e+00 -1.939031958958059576e+00
-8.822095069859037242e-01 4.936559710269516010e+00 -1.889925473607805717e+00
-8.962200631577794674e-01 4.938555917140652340e+00 -1.847382777096072903e+00
-8.593569681732124987e-01 4.871660300835586099e+00 -2.314843051810800301e+00
-8.893703653450593105e-01 4.869766385444597390e+00 -2.274926190457086772e+00
-9.593694668216280474e-01 4.849990697871529477e+00 -2.260443433804894209e+00
-9.855657803809367845e-01 4.849226238814419609e+00 -2.218780361439414150e+00
-8.470433122969605044e-01 4.876787621279857987e+00 -2.308121285029635317e+00
-8.495935792707195455e-01 4.885427760097106109e+00 -2.258956653052982322e+00
-8.369927189811247059e-01 4.897224475059404725e+00 -2.212062656361371893e+00
3.176767390663054247e+00 2.365123389000607812e+00 -2.460120352389010556e-01
3.176826804237855573e+00 2.369148182298820071e+00 -1.973201700430842198e-01
3.177409625698860651e+00 2.365671215817641837e+00 -1.474595273168329834e-01
3.178058126045057996e+00 2.363641056709814947e+00 -9.751933673717852469e-02
3.178855319732918350e+00 2.362391088156034602e+00 -4.753710498264719642e-02
3.176803170991485903e+00 2.365307574233190824e+00 -2.438333735107288680e-01
3.176812458809565864e+00 2.369421248600924734e+00 -1.940192998889140596e-01
3.176588239875826947e+00 2.373615202941700808e+00 -1.442156554720799289e-01
3.175289945095967070e+00 2.389609789752136226e+00 -9.688015854617608447e-02
3.171616292316621788e+00 2.419461139110816283e+00 -5.695081405541646546e-02
3.166163979087790015e+00 2.459296339522330399e+00 -2.726700132446939484e-02
3.160283618031368924e+00 2.502393978249462858e+00 -2.716348973321306304e-03
3.148987000753909804e+00 2.540466413241949883e+00 -3.471994214010943880e-01
3.140713364780133521e+00 2.588096941826610653e+00 -3.346963775389026896e-01
3.131939584986721758e+00 2.635662778286132379e+00 -3.221933114881566085e-01
3.122362561338573705e+00 2.682968920891853681e+00 -3.096569280619610454e-01
3.111167300194014995e+00 2.729928210934996269e+00 -2.970651984007719459e-01
3.099920580983337004e+00 2.776710621084084174e+00 -2.832815695562039826e-01
3.091372887132399772e+00 2.814784216152244056e+00 -2.521752547789405940e-01
3.085684960638189978e+00 2.839490576788130216e+00 -2.092783727055281262e-01
3.083157849609320156e+00 2.850494479188993235e+00 -1.606449530011229698e-01
3.150368222511637839e+00 2.534750652465584952e+00 -3.334683110048183297e-01
3.145547328096211626e+00 2.566026786365711132e+00 -2.948290745010508362e-01
3.142969495800178592e+00 2.584074802779077196e+00 -2.483325011780188052e-01
3.141677369259455954e+00 2.595808021656532905e+00 -1.997843006776193753e-01
3.141455534799909355e+00 2.599840105507209120e+00 -1.499965651718052351e-01
3.140886796829150285e+00 2.605328778836007331e+00 -1.003605740548993847e-01
3.136593133940777545e+00 2.629279212930734744e+00 -5.673810982651983359e-02
3.129473699429951239e+00 2.666868924843472044e+00 -2.460842869407058389e-02
3.119335593269158657e+00 2.710198736078307746e+00 -1.954115510156786799e-03
3.078826829025319789e+00 2.838439554015573574e+00 -4.713942684927227567e-01
3.087337664707464846e+00 2.811650995801878050e+00 -4.300492148903351519e-01
3.095930635933807906e+00 2.784898734875524973e+00 -3.886966360586485703e-01
3.081367368117468697e+00 2.827779090747005064e+00 -4.815486757750455649e-01
3.094039690749538885e+00 2.782646708170094740e+00 -4.642820985371186038e-01
3.106000052525203614e+00 2.734222201134389962e+00 -4.622926530247596366e-01
3.128440911922465872e+00 2.628299356064171644e+00 -4.919620784174379424e-01
3.127996447628908161e+00 2.629958037551948902e+00 -4.958527783561982871e-01
3.125855304171776705e+00 2.637877381949285116e+00 -5.149416953333553204e-01
3.121941705456161564e+00 2.649495884416875224e+00 -5.435743753605003503e-01
3.118626041593963283e+00 2.659136503634691451e+00 -5.670555815258429000e-01
3.115904879620432055e+00 2.667049035633406007e+00 -5.863241368253896413e-01
3.156833542191321396e+00 1.557689051550489090e+00 -5.601289384861910525e-01
3.160234070494169156e+00 1.566575752977634517e+00 -5.110340169057250304e-01
3.163288750868241461e+00 1.575478958133125440e+00 -4.619461385940580311e-01
3.165932438361628520e+00 1.584428046039095372e+00 -4.128304895887929815e-01
3.168205045841754330e+00 1.593430485983956313e+00 -3.637090717345860535e-01
3.170445171162375786e+00 1.602517917746547393e+00 -3.145835329492326360e-01
3.172693305797082974e+00 1.611603163426405416e+00 -2.654551266587359404e-01
3.174905232199070504e+00 1.620676046241264601e+00 -2.163409025013485754e-01
3.176764527439431607e+00 1.629740286731784282e+00 -1.672069377081281671e-01
3.154916855749769766e+00 1.542942405993967370e+00 -5.595670128880735339e-01
3.153548854186966732e+00 1.520474878596930868e+00 -5.149670481493374696e-01
3.148689878523106778e+00 1.485785226726995312e+00 -4.793440241469502650e-01
3.143619492872490095e+00 1.446844823090344123e+00 -4.482780521353979530e-01
3.136655332782809502e+00 1.403844124382467973e+00 -4.238630194142283814e-01
3.128009033965998498e+00 1.359222507144477454e+00 -4.031053730227631138e-01
3.119235505756825511e+00 1.313548586065195645e+00 -3.847982276792540346e-01
3.109144019059732145e+00 1.266771134747711303e+00 -3.705159829672586835e-01
3.097753104801155732e+00 1.219238332346611609e+00 -3.610308291061267161e-01
3.132224232069904524e+00 1.449409337743370330e+00 -7.221493948175896627e-01
3.112978201341853435e+00 1.338631386770374965e+00 -6.892104338225768512e-01
3.114469795931436025e+00 1.338731070188830419e+00 -6.605060284479584709e-01
3.115602778031523634e+00 1.338855856312908710e+00 -6.317029803115633557e-01
3.116804964009515011e+00 1.338987016591230539e+00 -6.011331053267006119e-01
3.129598350697242459e+00 1.384999545215219729e+00 -5.304668425703429335e-01
3.131662214690901891e+00 1.449946642125096385e+00 -7.363381367278639678e-01
3.131933145180514355e+00 1.449686899071704671e+00 -7.294953148191641867e-01
3.110796321905287432e+00 1.338630977903773278e+00 -7.238817496385804295e-01
3.109851323172774684e+00 1.338626300190912222e+00 -7.388838752672163279e-01
3.099663861681465349e+00 1.299413023659687472e+00 -7.679285989671681412e-01
3.036091546856688694e+00 1.094836679465019058e+00 -9.300202882216072053e-01
3.043498589337263471e+00 1.109334010770258727e+00 -8.829630830872106095e-01
3.050586348092270583e+00 1.123956089421297877e+00 -8.357837129316436631e-01
3.058174637855525013e+00 1.140699038529984444e+00 -7.909362172257877743e-01
3.065931237971747159e+00 1.161316588397901528e+00 -7.633256995853664462e-01
3.070004583021266775e+00 1.173448700026600733e+00 -7.470785976511001847e-01
3.071598914662297730e+00 1.178518812430966234e+00 -7.403779345435148596e-01
3.071578337922145074e+00 1.178455005987045112e+00 -7.404715462620080624e-01
3.070377528679382628e+00 1.174637640273265671e+00 -7.455240521479971072e-01
3.039161055032462588e+00 1.107650799299150446e+00 -9.368645909398715110e-01
3.099980050039727875e+00 1.330371215337832203e+00 -8.702051499567444726e-01
3.109933155389295933e+00 1.371689927485111538e+00 -8.443763021499295363e-01
1.493264939356669707e+00 4.821816762660700917e+00 -4.494966860459790325e-01
1.470213914108631226e+00 4.834498422544030838e+00 -4.182774835646920764e-01
1.489771123178703416e+00 4.827080748598058690e+00 -3.118932866777522350e-01
1.463941708072326264e+00 4.841611785331555673e+00 -2.948043992411175651e-01
1.437065392162937272e+00 4.855537540644478511e+00 -2.773276064820700548e-01
1.408673809594388704e+00 4.869561984499802598e+00 -2.590346547124641186e-01
1.393509159777081674e+00 4.878008863443997534e+00 -2.121224208981793424e-01
1.376865536313309324e+00 4.887145164563968969e+00 -1.658554282923961065e-01
1.358955467719905608e+00 4.895859998085414944e+00 -1.200098621048003994e-01
1.487947604722271056e+00 4.824848886441375662e+00 -4.422386171051341242e-01
1.462171917555448841e+00 4.838873943744019357e+00 -4.074230978709847961e-01
1.476638424933963023e+00 4.834468815174377987e+00 -3.032083194517503077e-01
1.447033278671831624e+00 4.850613637710110559e+00 -2.837545644982105153e-01
1.421042509615519922e+00 4.863452737672486315e+00 -2.669861954385926994e-01
1.397982746435305179e+00 4.874843432841283963e+00 -2.521292555173124117e-01
1.383299320599970184e+00 4.883064669606461905e+00 -2.050583571014864825e-01
1.361508139815937879e+00 4.894278809948342968e+00 -1.615390601357918898e-01
1.331347843165812339e+00 4.908225014499960182e+00 -1.242545217670690538e-01
1.092934045756735140e+00 4.980750653452848731e+00 -8.133020327219817602e-01
1.008475058407372504e+00 5.010373479946918174e+00 -8.204671989020542178e-01
9.612702871980338681e-01 5.025057951447869264e+00 -8.283746729511781703e-01
9.140907381066041282e-01 5.039420195469514141e+00 -8.358213218101681052e-01
8.664265770080370466e-01 5.052860811330029733e+00 -8.409241981767815455e-01
7.468900935990191448e-01 5.085838427695438924e+00 -8.265082188809250718e-01
7.479263047137511000e-01 5.086210653383115066e+00 -8.143136727896576055e-01
7.494225843166778533e-01 5.086741355751686733e+00 -7.968348708873007613e-01
7.512715126210117722e-01 5.087398117270850229e+00 -7.752178064925742129e-01
1.092787148670327113e+00 4.981705215680454657e+00 -7.984096610962952978e-01
1.011449556944984396e+00 5.012697872965151902e+00 -7.736765022610379017e-01
1.013378754958279560e+00 5.013923942823021562e+00 -7.402868797590770322e-01
1.015680653064660710e+00 5.015074378955523215e+00 -6.993138460395812439e-01
9.983408262922101040e-01 5.023332167674273485e+00 -6.531915356243084281e-01
9.849302990845602013e-01 5.030289629695555043e+00 -6.055526155584077808e-01
9.735782987526713228e-01 5.035999897075972065e+00 -5.572134957314124337e-01
9.634641835750205052e-01 5.041083040611004762e+00 -5.085273893146593505e-01
9.541442571765651470e-01 5.045907387598577820e+00 -4.596503186600330859e-01
8.507634604644540577e-01 5.015723005806299817e+00 -1.341053009404969076e+00
8.532570734091993181e-01 5.018574784376065523e+00 -1.308771172997314380e+00
8.555694206602018070e-01 5.020697600035756381e+00 -1.277708702310363931e+00
8.579671285659459246e-01 5.022890004699738675e+00 -1.245596606789744376e+00
8.116665353293041063e-01 5.039252625326520629e+00 -1.208060546632345966e+00
8.155087892119713411e-01 5.041600293205863892e+00 -1.174589071238674398e+00
8.178467621108073127e-01 5.043029837898533430e+00 -1.154211831905339825e+00
8.187049929294575312e-01 5.043448544502322939e+00 -1.146180964509317057e+00
8.185721687699659688e-01 5.043391601020715598e+00 -1.147399897198654095e+00
8.498572248590567924e-01 5.014695933294478714e+00 -1.352323018258514864e+00
8.505025741765082081e-01 5.015400527834028566e+00 -1.344535161630918685e+00
8.505715383573508870e-01 5.015477868058310307e+00 -1.343684787814484638e+00
8.502173090113991361e-01 5.015077735738850961e+00 -1.348078214144173614e+00
8.488220820587417670e-01 5.013503641721190007e+00 -1.365365743561014034e+00
9.856372757946306740e-01 5.003651196160202375e+00 -1.017055100058507744e+00
9.580095902290400867e-01 5.015759266425524388e+00 -9.772388483881189192e-01
9.301729547962629407e-01 5.027507847233203542e+00 -9.373644399819109907e-01
9.755123703839668758e-01 5.006186011564620841e+00 -1.027682801967208182e+00
9.307025426351882569e-01 5.022134129173315920e+00 -1.012750479390668534e+00
8.827950162434609060e-01 5.035658607324346114e+00 -1.013067692091552674e+00
8.350228668633382645e-01 5.048631402057842443e+00 -1.019817518426307856e+00
7.869390586811825239e-01 5.061897180795299711e+00 -1.022408735344973119e+00
7.407722731811716699e-01 5.073976082362857021e+00 -1.007950047015614192e+00
6.248889750115769193e-01 5.102297058854285083e+00 -9.775323835953765306e-01
6.252272990124386753e-01 5.102493638672350507e+00 -9.743448903958533691e-01
6.241519871784797502e-01 5.101839571789887451e+00 -9.848340292059257761e-01
2.054162274019037948e+00 4.448808798939121623e+00 -2.843791848518995025e-01
2.055070219565787948e+00 4.449312457344380967e+00 -2.343761784412717597e-01
2.055957528340918383e+00 4.449783509837822670e+00 -1.843839290763184535e-01
2.056662230666848945e+00 4.450030626216745056e+00 -1.343902868268902207e-01
2.057121686826349549e+00 4.450033906904502956e+00 -8.441418550578418112e-02
2.057330862693749651e+00 4.449834108755004181e+00 -3.440701462978638242e-02
2.065552172800884101e+00 4.439420772254824676e+00 -2.866953307170167498e-01
2.088362000652391526e+00 4.421159983396604432e+00 -2.461784994807566518e-01
2.118899298659173702e+00 4.394900064617814905e+00 -2.166053592652010806e-01
2.151772943858069720e+00 4.365486179125560362e+00 -1.931533540566565676e-01
2.186896159657782945e+00 4.333910657449774995e+00 -1.768593819840620640e-01
2.222147178612872587e+00 4.300769764476464196e+00 -1.644784234341638840e-01
2.256860374201349995e+00 4.266044570086025445e+00 -1.553188614758456432e-01
2.291818278825500599e+00 4.230900048825650295e+00 -1.493060754041589666e-01
2.326853214097879263e+00 4.195505372949870804e+00 -1.456529197166000766e-01
1.697031982292461105e+00 4.702300439028857859e+00 -4.749144407253190758e-01
1.621251616257318062e+00 4.749175350190864009e+00 -4.721644868661398764e-01
1.600720661943119127e+00 4.762249447759591803e+00 -4.303085971171474178e-01
1.588481016179999150e+00 4.770856510696187769e+00 -3.834894887296150801e-01
1.588958921085162457e+00 4.772315727724707024e+00 -3.341383824840667982e-01
1.606261854654419841e+00 4.763735307356691706e+00 -2.886679477609085942e-01
1.633194727255289136e+00 4.748542996782866510e+00 -2.497936973421502893e-01
1.664422156388910778e+00 4.730319139638011094e+00 -2.158535663010081040e-01
1.698022039074686740e+00 4.710363437839074408e+00 -1.850749133117065570e-01
1.706888174728234953e+00 4.696600974953970109e+00 -4.655542881850492920e-01
1.699410755180601917e+00 4.703479993151524319e+00 -4.172571314412170662e-01
1.694290503623400834e+00 4.707985337894669442e+00 -3.680512126621525160e-01
1.751095356228071109e+00 4.673587846492152309e+00 -3.191354249617425753e-01
1.752089831460907465e+00 4.674328241010001328e+00 -2.705950542386199031e-01
1.752552487097670531e+00 4.674440174477497045e+00 -2.299686307785042405e-01
1.809246700899984184e+00 4.636958850682685984e+00 -2.055123539179883052e-01
1.811307046743779736e+00 4.636101846809294713e+00 -1.830928127683138784e-01
1.812948556636182706e+00 4.635418798319483003e+00 -1.652413049108857335e-01
2.302549425203272104e+00 4.199885181057164907e+00 -6.443617604117467534e-01
2.270990480795359812e+00 4.233351809836274349e+00 -6.262433541499574652e-01
2.239011602813352209e+00 4.266295806660710177e+00 -6.080080473693083576e-01
2.206604604503370481e+00 4.299565077744101238e+00 -5.897780366473769353e-01
2.173183417606054491e+00 4.331795318209114676e+00 -5.714548569573952852e-01
2.142104180752032683e+00 4.361663261032006744e+00 -5.468142746533133369e-01
2.116855736910681074e+00 4.386596171031137636e+00 -5.124628350455145975e-01
2.307945563963510693e+00 4.194921668412623816e+00 -6.314558387530616601e-01
2.290899738196263247e+00 4.215859005322402098e+00 -5.897080141297208478e-01
2.283146160383905166e+00 4.226120480732734386e+00 -5.415439167956184185e-01
2.279488906539261173e+00 4.232244397951632209e+00 -4.921328955416099382e-01
2.281347264443287504e+00 4.232703857471018516e+00 -4.422193602754451724e-01
2.286097660991209590e+00 4.230175512756205514e+00 -3.925365148847599905e-01
2.306060242251311010e+00 4.213040129277001888e+00 -2.868824190844008748e-01
2.308997771263212151e+00 4.209880156600108947e+00 -2.882143826180181279e-01
2.331753925614713729e+00 4.186911946206561375e+00 -2.503873515348098988e-01
2.449204994340741681e+00 4.047749304769685530e+00 -4.325584259486212058e-01
2.431171317028926637e+00 4.070067600970702415e+00 -4.319134781341847362e-01
2.405824367437666478e+00 4.098524512585158597e+00 -4.309912649161575238e-01
2.376598196173040911e+00 4.130957014186063425e+00 -4.299360246613180281e-01
2.458415264381020648e+00 4.036350785086829873e+00 -4.328874475504256858e-01
2.455457314348274966e+00 4.040011512342070787e+00 -4.327816978790922087e-01
2.452091643565325274e+00 4.044176830679737655e+00 -4.326613663370611484e-01
2.449090174347740234e+00 4.047891416237925810e+00 -4.325540732014144796e-01
2.445861437542829808e+00 4.051887266150488109e+00 -4.324386458593287852e-01
2.436763437756984452e+00 4.063146855296678517e+00 -4.321133372793703464e-01
2.433985564921373079e+00 4.066584717884513367e+00 -4.320140915949340910e-01
2.436562436215409022e+00 4.063395609724713253e+00 -4.321062144466450428e-01
2.445525468960116022e+00 4.052303059772020433e+00 -4.324265805571677612e-01
2.711874469239595964e+00 3.682498738652780990e+00 -4.739408858238693401e-01
2.737600282818168473e+00 3.639810848744920335e+00 -4.768066196998341777e-01
2.762392904748260491e+00 3.596530285470563637e+00 -4.796388185872758614e-01
2.787184578266761914e+00 3.553252347099062902e+00 -4.824555520767052630e-01
2.811604703848779696e+00 3.509848569710635413e+00 -4.795994636857172644e-01
2.711563237657197423e+00 3.683895219156063217e+00 -4.590859208537286240e-01
2.733905650386048602e+00 3.649139834479004030e+00 -4.310771057849844268e-01
2.750388194497086047e+00 3.623184621933448923e+00 -3.917311306447798791e-01
2.765681697364483771e+00 3.603228860896770858e+00 -2.883748668596923803e-01
2.775261663952147462e+00 3.586440842615838953e+00 -2.880831241423905120e-01
2.782552945025792202e+00 3.573013985202228682e+00 -2.878529592748139687e-01
2.788703021765489787e+00 3.561688619522148880e+00 -2.876594429035772005e-01
2.793091489003291183e+00 3.553607257702740885e+00 -2.875213537923773655e-01
2.796424948227541396e+00 3.547468694042033466e+00 -2.874164404181683286e-01
2.835458379922217276e+00 3.371813372750224413e+00 -1.161063070605792724e+00
2.855643582211730980e+00 3.327418742143618324e+00 -1.170467522081004130e+00
2.832171307624943957e+00 3.375652533737139027e+00 -1.174995853628267639e+00
2.844237325409676664e+00 3.344147403940047614e+00 -1.211484794292816414e+00
2.897494534928303445e+00 3.348554168972521339e+00 -2.902190332686979679e-01
2.909684640462977256e+00 3.323027182007435076e+00 -2.890944831594086661e-01
2.925518226083583695e+00 3.288546778043309082e+00 -2.875731772281965304e-01
2.942200891490481141e+00 3.248326828477447137e+00 -2.857912198665917280e-01
2.955361795229438204e+00 3.218826037465705170e+00 -2.476212386754128303e-01
2.965651744873884166e+00 3.196593574780702163e+00 -2.040370139540769456e-01
2.973197946885598242e+00 3.178358306942132394e+00 -1.581495257640967433e-01
2.982085616938064732e+00 3.156602255131818691e+00 -1.140602633490693518e-01
2.992762842358830611e+00 3.130296176657813234e+00 -7.291036335486610065e-02
2.889975650125454987e+00 3.364299048654448399e+00 -2.909180792551785966e-01
2.887776292937324740e+00 3.368904666191521180e+00 -2.911209691874724892e-01
2.881569039353326200e+00 3.384458138814855577e+00 -2.440103000890851692e-01
2.875893777179962196e+00 3.400382594994438179e+00 -1.431063077345383905e-01
2.868183394705711375e+00 3.415524017033266801e+00 -1.428166802007475034e-01
2.860323521906692701e+00 3.430958935196637416e+00 -1.425239132994151892e-01
2.851766817041224922e+00 3.447762273935271349e+00 -1.422048885959200648e-01
2.841821803323477447e+00 3.467194145759318502e+00 -1.460705035928032136e-01
2.837765591324224346e+00 3.475159720840952371e+00 -1.458171728960436786e-01
2.951935110389590999e+00 3.219964705764337243e+00 -3.876084612933782814e-01
3.015028565296649088e+00 3.050516271738134222e+00 -4.323238089413031782e-01
3.005923632020737202e+00 3.076673262781734142e+00 -4.308055850912367313e-01
2.992526858327714034e+00 3.111763414457084931e+00 -4.287331221703901130e-01
3.011572974794255231e+00 3.061208243261112738e+00 -4.317228772196677888e-01
2.998412026175822476e+00 3.096348684719465449e+00 -4.296405682782268864e-01
2.815191561070881754e+00 3.188891232081840332e+00 -1.962449710320228746e+00
2.826094597731542368e+00 3.150505506942409717e+00 -1.992507496289766866e+00
2.836770719192324819e+00 3.112021227537759671e+00 -2.022535388561124137e+00
2.809569209240415422e+00 3.198201128615140831e+00 -1.972687936426692268e+00
2.808283674431655275e+00 3.181648516414696370e+00 -2.019812860585708414e+00
2.800707262342904791e+00 3.179153365903333306e+00 -2.069133259282584625e+00
2.790772049378177577e+00 3.182639546730992031e+00 -2.118038688587843943e+00
4.597184447464869872e-01 5.087852384655743521e+00 -1.450314328600796232e+00
4.587742672451874948e-01 5.086881741310613769e+00 -1.461285147478368351e+00
4.578388674726838747e-01 5.085912926412988533e+00 -1.472224249352638958e+00
4.567919646702978120e-01 5.084830237932977504e+00 -1.484451581216942539e+00
4.555662928719195204e-01 5.083462769387534053e+00 -1.498918713664971314e+00
4.539925301779813016e-01 5.081506047790584013e+00 -1.516392148382602167e+00
4.520947048630246101e-01 5.079146054200680993e+00 -1.537466477858129288e+00
4.498479730033756452e-01 5.076346183708627002e+00 -1.562463618592244918e+00
4.015717966929732152e-01 5.081190122349600991e+00 -1.575542528302184664e+00
4.609803054944805467e-01 5.089155334946972253e+00 -1.435596351681230898e+00
4.175955546448905098e-01 5.097698854717666705e+00 -1.412680496282749054e+00
3.757427911819036792e-01 5.105675021129886915e+00 -1.386726764358827024e+00
3.344822995683794375e-01 5.113011660126701940e+00 -1.359590833591157955e+00
2.595277267437695046e-01 5.123678792915185909e+00 -1.329281016831098006e+00
2.615787219165870980e-01 5.126078262204905478e+00 -1.305394763717833362e+00
2.636426687423831239e-01 5.128453841573386462e+00 -1.280888229081296625e+00
2.658203309654638691e-01 5.130456434007333755e+00 -1.254924481842569106e+00
2.681589220787491956e-01 5.132604667715476410e+00 -1.227069554302997467e+00
5.904457783775876045e-01 5.025296264296276405e+00 -1.773074744016973625e+00
5.414046317456532309e-01 5.034413260176979321e+00 -1.775200321538329185e+00
4.921588959086563020e-01 5.042409132540974781e+00 -1.777181638645996431e+00
5.928523551272022463e-01 5.022744392639650890e+00 -1.787582477762756916e+00
5.541381270458151098e-01 5.025996830357744471e+00 -1.818995576938878811e+00
5.264721611625643449e-01 5.025322625628260376e+00 -1.860574528695477348e+00
-2.347185569641931924e+00 3.611848157708821727e+00 -3.021105019784785739e+00
-2.347339424222366411e+00 3.629301530077483129e+00 -2.980594196075847524e+00
-2.346870670880970344e+00 3.645419435771566796e+00 -2.942009179613135128e+00
-2.401140936602728093e+00 3.586367006884340292e+00 -2.893418940580487320e+00
-2.409669067421588817e+00 3.593577785426033788e+00 -2.848109166128596215e+00
-2.417169640470236747e+00 3.600071937020925539e+00 -2.803170346322994444e+00
-2.460212779770775349e+00 3.552783893077413602e+00 -2.754815307095245469e+00
-2.466990319964105893e+00 3.560647229167762440e+00 -2.711522654149990608e+00
-2.473336731660213950e+00 3.568207764259629489e+00 -2.668314120390531841e+00
-2.347099315757553040e+00 3.609465776569154016e+00 -3.026513981502265693e+00
-2.347471379945472059e+00 3.624790953668574289e+00 -2.991389412405724979e+00
-2.347166215723640814e+00 3.635364340990194343e+00 -2.966069238279589015e+00
-2.346773474259775671e+00 3.648829902480186682e+00 -2.933837724526413560e+00
-2.402593355842665535e+00 3.587594490245116674e+00 -2.885703555904139073e+00
-2.411381276957447195e+00 3.595010526554633490e+00 -2.838643270369099803e+00
-2.419219607182548248e+00 3.601851670363518831e+00 -2.790640715147943762e+00
-2.462780296364921906e+00 3.555763338605429702e+00 -2.738413489924398370e+00
-2.470325829638093662e+00 3.564517345101565926e+00 -2.690215982218579160e+00
-2.438233813142350215e+00 3.299838772561207723e+00 -3.338890365130383397e+00
-2.445103096181534319e+00 3.306440436178748943e+00 -3.304887763573083781e+00
-2.466591372961969952e+00 3.290947674684196134e+00 -3.262504029450536969e+00
-2.486633956042363369e+00 3.279186618139342979e+00 -3.218246973434539804e+00
-2.505217508288565043e+00 3.268923749432431247e+00 -3.173003130676187222e+00
-2.543651926789975537e+00 3.219397142591293282e+00 -3.124201866696954877e+00
-2.553700581373679057e+00 3.228200343142901829e+00 -3.076227948798546219e+00
-2.562776103517478532e+00 3.236496883087738752e+00 -3.028191526739803408e+00
-2.571285271154304386e+00 3.244447728552983801e+00 -2.981122735053342243e+00
-2.440502788669993706e+00 3.302019089954861375e+00 -3.327659514507498972e+00
-2.462913870639143799e+00 3.283954990459706735e+00 -3.286829656333758898e+00
-2.487659499116397832e+00 3.256119009981753187e+00 -3.253625036498541512e+00
-2.512272759591029025e+00 3.219388033389233961e+00 -3.230481173107195847e+00
-2.537374169697740989e+00 3.164802753931785340e+00 -3.232098493920640081e+00
-2.557192992520939345e+00 3.137428618165323702e+00 -3.208374434387131213e+00
-1.566432640350137406e+00 4.374997997262940252e+00 -3.027657029454160487e+00
-1.551121327342658063e+00 4.397407045005814474e+00 -2.985665704441913704e+00
-1.535880746824312304e+00 4.419871677545121891e+00 -2.943697956348155120e+00
-1.519946540387428602e+00 4.441254122463429432e+00 -2.901421198920187461e+00
-1.503997392484024198e+00 4.462647489778452936e+00 -2.859138776605429477e+00
-1.488076665324970405e+00 4.484064380968478147e+00 -2.816864747391910395e+00
-1.471700748390430080e+00 4.504706554224067183e+00 -2.774397492505618956e+00
-1.463840752321430960e+00 4.532026437326710955e+00 -2.683018786946297141e+00
-1.440754861405297849e+00 4.546274147153090972e+00 -2.680939992550389839e+00
-1.578806690479755304e+00 4.368323532878535254e+00 -3.022297741242505609e+00
-1.589468290018444918e+00 4.375326473336810906e+00 -2.973950493324569955e+00
-1.612229418512677759e+00 4.373282207293840429e+00 -2.929454850702670310e+00
-1.638786106196403969e+00 4.367184017612998126e+00 -2.887589414873877214e+00
-1.669573046818863649e+00 4.355791469711774333e+00 -2.849967742561537065e+00
-1.702675422776501968e+00 4.342089641269171629e+00 -2.815087940094928243e+00
-1.736968447168437901e+00 4.326340653544805903e+00 -2.782348550288253008e+00
-1.772159656920311965e+00 4.307736582010987192e+00 -2.752081320657072894e+00
-1.808198012253833253e+00 4.287999823977521885e+00 -2.723617384019798138e+00
-1.850968212544692237e+00 4.150254308991098817e+00 -3.060094880314878196e+00
-1.884263587112120275e+00 4.132620384204997777e+00 -3.027253194979282913e+00
-1.916652094140019580e+00 4.114033755763821354e+00 -2.994078271522475188e+00
-1.949103922088273988e+00 4.095319622282417527e+00 -2.960894146806615002e+00
-1.981381100625025704e+00 4.076649015626827577e+00 -2.927695319533313967e+00
-2.012509155114563075e+00 4.056863139054085465e+00 -2.894113519572599991e+00
-2.043579952242169817e+00 4.036873478662188930e+00 -2.860497098464545029e+00
-2.074362077624283707e+00 4.016645448663528128e+00 -2.826768207881133588e+00
-2.107920755619274722e+00 3.989533676538270957e+00 -2.801569566310177617e+00
-1.855414754759990625e+00 4.142639130911767609e+00 -3.072118442518635195e+00
-1.893724814900529019e+00 4.111227222590408736e+00 -3.066348135760485594e+00
-1.927796895160484913e+00 4.075897848714999050e+00 -3.075273176564959243e+00
-2.008687661656265888e+00 3.994505521528985970e+00 -3.087281468696422060e+00
-2.005051027740436531e+00 3.989398070254957407e+00 -3.110308181837149188e+00
-2.029783989975958658e+00 3.954451403258859354e+00 -3.135986824228594649e+00
-2.051246640910191044e+00 3.920990171459211027e+00 -3.165995067272768360e+00
-1.205462512202948977e+00 4.480131723656261222e+00 -3.359538748913180051e+00
-1.215116388777791157e+00 4.489802733172039595e+00 -3.311507649228708328e+00
-1.231158826924047656e+00 4.502673866872142661e+00 -3.242329340224319179e+00
-1.226693639513990464e+00 4.505178556459145334e+00 -3.241346798985063504e+00
-1.221986075274237304e+00 4.507818337187499580e+00 -3.240313806502702398e+00
-1.216724149535156840e+00 4.510768703817785052e+00 -3.239160079928721458e+00
-1.210645601569759755e+00 4.514176737378944537e+00 -3.237828012422912405e+00
-1.203507325206061740e+00 4.518178764860603103e+00 -3.236264243713188105e+00
-1.195067909453522814e+00 4.522910151554786928e+00 -3.234415822473111213e+00
-1.218038727944097843e+00 4.472880088239776342e+00 -3.362919924799821381e+00
-1.251507112915619224e+00 4.467186570721785266e+00 -3.326325622401733462e+00
-1.292403862122899039e+00 4.453900342436773130e+00 -3.301045131744181571e+00
-1.334927661718720682e+00 4.437557662735684971e+00 -3.280685697540786538e+00
-1.378572590943526466e+00 4.416134305398319526e+00 -3.269344389578501264e+00
-1.422378052509243762e+00 4.392977968402221656e+00 -3.263256191389897420e+00
-1.465270717026045721e+00 4.367654590005287218e+00 -3.262935102540498900e+00
-1.504462676318414571e+00 4.338983461980615353e+00 -3.272139167452839725e+00
-1.536599701716014010e+00 4.310476089870341809e+00 -3.295028691659360742e+00
-1.049848004054477091e+00 4.339944335394456232e+00 -3.959586728252054932e+00
-1.033451045129077039e+00 4.328544736214495536e+00 -4.005192202507592114e+00
-1.063173495533984214e+00 4.333581118878745642e+00 -3.960447485153632652e+00
-1.075438032902680918e+00 4.310595267462250746e+00 -4.002807634818339011e+00
-1.118807865183215622e+00 4.275777404992317621e+00 -4.037797640925224307e+00
-1.862198949114481028e+00 4.036027311168641774e+00 -3.354011577359475194e+00
-1.866355531777331489e+00 4.032463754020922941e+00 -3.352857596272665663e+00
-1.870102202920269407e+00 4.029251651251362532e+00 -3.351817353187712012e+00
-1.872091575832067534e+00 4.027546118034353029e+00 -3.351265015751775600e+00
-1.874398517911933792e+00 4.025568318194918227e+00 -3.350624526351649202e+00
-1.877337415508657070e+00 4.023048712354856171e+00 -3.349808620405567261e+00
-1.880265966706545777e+00 4.020537992260300619e+00 -3.348995547670343242e+00
-1.882544471278312814e+00 4.018584587851390388e+00 -3.348362914930023138e+00
-1.884352476391751630e+00 4.017034540357206751e+00 -3.347860945554250733e+00
-1.848418397637629162e+00 4.047008904068892576e+00 -3.357545598286536315e+00
-1.826820860736220187e+00 4.063602304130244036e+00 -3.362853732405586271e+00
-1.797559691463184173e+00 4.086083996317524836e+00 -3.370044547127096113e+00
-1.759578258153188024e+00 4.114525980896793556e+00 -3.381345736975248872e+00
-1.721680235571599216e+00 4.145890216829589470e+00 -3.381287559521266584e+00
-2.155348976881342526e+00 3.795816776883422339e+00 -3.183881342958519767e+00
-2.174379445765249663e+00 3.777772334820027389e+00 -3.173579332782527906e+00
-2.198626757214575900e+00 3.752452690666098878e+00 -3.159371784185818655e+00
-2.145312527753961529e+00 3.805188398710220632e+00 -3.189207559468520081e+00
-2.146058882908924659e+00 3.804491495619878094e+00 -3.188811447012640965e+00
-2.148117682079359270e+00 3.802569183272701991e+00 -3.187718596149785366e+00
-2.151267434150156088e+00 3.799628581292705753e+00 -3.186045801496062424e+00
-2.153826831877164505e+00 3.797238503140869970e+00 -3.184688104897443583e+00
-2.155039370074774752e+00 3.796106058730646993e+00 -3.184045189721869118e+00
-2.155633378157438163e+00 3.795551400211603088e+00 -3.183729952908092020e+00
-2.156795432632975906e+00 3.794466340468604315e+00 -3.183113218621244744e+00
-2.160786540296914637e+00 3.790739725673174743e+00 -3.180994897561921775e+00
-1.727275942266175868e+00 3.785659711960235985e+00 -4.172956317866585607e+00
-1.689045816122934474e+00 3.815224675657939102e+00 -4.185239732821835368e+00
-1.729769581224102293e+00 3.790799832876220687e+00 -4.159185139790452901e+00
-1.700351102097300116e+00 3.827298893914189648e+00 -4.142149095397359204e+00
-2.490846864105346281e+00 2.995153252751357797e+00 -3.607879727063072028e+00
-2.538536984920319206e+00 2.903191001614803479e+00 -3.572162322801900380e+00
-2.544546229632017376e+00 2.907812051971385703e+00 -3.547666871219830487e+00
-2.550452155558057932e+00 2.912444865740174027e+00 -3.523485509035257923e+00
-2.570516105639914173e+00 2.869603448913218280e+00 -3.507692974408532560e+00
-2.585323456574724954e+00 2.822169828380828083e+00 -3.509102655575365493e+00
-2.490077324781724943e+00 2.986594166849894982e+00 -3.620082344665084495e+00
-2.527787608271485187e+00 2.895087271552497565e+00 -3.612955202192654092e+00
-2.522724250253954636e+00 2.891379818694542081e+00 -3.631194488004629850e+00
-2.514223139024149845e+00 2.885137739359008080e+00 -3.661834450198594215e+00
-2.513888779805308893e+00 2.849991863224645705e+00 -3.697342866373754866e+00
-2.510981389274771214e+00 2.818805075156644691e+00 -3.736290320026720124e+00
-2.498510217347839735e+00 2.763173744607805293e+00 -3.821483578266220427e+00
-2.481768165206406085e+00 2.788579574906699943e+00 -3.847759118981636473e+00
-2.460958304363222826e+00 2.818221625030408184e+00 -3.878557936232027270e+00
-2.449094951431569633e+00 2.917069829409989712e+00 -3.814067964394268540e+00
-2.453347149464442101e+00 2.919772595092913203e+00 -3.800023685678281637e+00
-2.460520042067974700e+00 2.924359559726827040e+00 -3.776305799291854726e+00
-2.470633025583420572e+00 2.930798577180281139e+00 -3.742325822885410158e+00
-2.519042685643760215e+00 3.105688883551620982e+00 -3.380608472625960648e+00
-2.518438297251643032e+00 3.115350370640749933e+00 -3.369301204871683719e+00
-2.558687811569444470e+00 1.545191365573442166e+00 -3.863234767009455783e+00
-2.572931240974110079e+00 1.535870826013030266e+00 -3.816963888530848337e+00
-2.595367987666196363e+00 1.551661644195919010e+00 -3.759143639908381740e+00
-2.604540141506189954e+00 1.529043493615694693e+00 -3.722251457007057951e+00
-2.612101091345770065e+00 1.506450533335570441e+00 -3.684474221702186192e+00
-2.629491486244563969e+00 1.518590357994848317e+00 -3.639252648803723567e+00
-2.646093912689441829e+00 1.543148839401356165e+00 -3.599032774146332159e+00
-2.661789201527427817e+00 1.576932134551520370e+00 -3.565768575962315889e+00
-2.675963333163338120e+00 1.617819594667901928e+00 -3.540470250525622919e+00
-2.557168218168107021e+00 1.546164582584883984e+00 -3.868158737740603037e+00
-2.568789050909144223e+00 1.538625417719428290e+00 -3.830446219677591468e+00
-2.585989915562144414e+00 1.574364984851345239e+00 -3.796140374259033834e+00
-2.586487058917371407e+00 1.573231041478894809e+00 -3.794208386823653356e+00
-2.584646726624353796e+00 1.577752013742076409e+00 -3.801496173359807607e+00
-2.616637171025752551e+00 1.717552708126468541e+00 -3.766310674776369716e+00
-2.615168643935137371e+00 1.719300700673628723e+00 -3.771388148380237837e+00
-2.612835517144779907e+00 1.721924849303499983e+00 -3.779390635204156634e+00
-2.610166614919436689e+00 1.724947894013522776e+00 -3.788553747464322718e+00
-2.602044392856809552e+00 1.879650375735706369e+00 -3.845959754075276127e+00
-2.617083616799177115e+00 1.899060435541498837e+00 -3.802515204732106469e+00
-2.632116317268708983e+00 1.918410869792468221e+00 -3.759085291931985928e+00
-2.647041330573125517e+00 1.937777320517861668e+00 -3.715582280902020251e+00
-2.661769588263669828e+00 1.957245987654050445e+00 -3.671980416645010514e+00
-2.677233641536572950e+00 1.966100674188630215e+00 -3.625327519045274727e+00
-2.691571499929369171e+00 1.955767583549013366e+00 -3.578707684057513827e+00
-2.702477245242686177e+00 1.926906939427499132e+00 -3.539654317131176509e+00
-2.709048259371431122e+00 1.885135382071535970e+00 -3.513236249842161651e+00
-2.602544742621875518e+00 1.865263332069210911e+00 -3.842195391989009945e+00
-2.617309315115155410e+00 1.852873724434609404e+00 -3.796175461543624507e+00
-2.629146035520094404e+00 1.826225906573896163e+00 -3.755677635899972611e+00
-2.741121602895323583e+00 2.678975860236374018e+00 -3.111785194397068910e+00
-2.755712279460081238e+00 2.670854761965114843e+00 -3.064657208113729325e+00
-2.769704491230431387e+00 2.662602202255673234e+00 -3.017386257321825749e+00
-2.783403629731987294e+00 2.654254885357930860e+00 -2.970037323062330703e+00
-2.797105323410120192e+00 2.645900164902589502e+00 -2.922685444683743139e+00
-2.810695849085829590e+00 2.637532097727613323e+00 -2.875324898192221923e+00
-2.823516080765656078e+00 2.628974012187465181e+00 -2.827786178194252376e+00
-2.836342299197309735e+00 2.620417904330732295e+00 -2.780219217003796484e+00
-2.849165914203892758e+00 2.611867944485383397e+00 -2.732653921009833287e+00
-2.737615989884671919e+00 2.693437142534774953e+00 -3.110560186779034453e+00
-2.743426467776271860e+00 2.715708760819189216e+00 -3.066193099987975401e+00
-2.743872116685564855e+00 2.750131258496690823e+00 -3.029927789123654236e+00
-2.741767587980108001e+00 2.788393901282744558e+00 -2.997874554764199395e+00
-2.735410388899908174e+00 2.830356561150645156e+00 -2.971572854337302338e+00
-2.727595287608246100e+00 2.874165429866935906e+00 -2.948783318000773868e+00
-2.718661607645860290e+00 2.918838068519795659e+00 -2.928293745524565672e+00
-2.707063044789876471e+00 2.963905788887934101e+00 -2.910103769736917645e+00
-2.698124156282023289e+00 3.006181179917624124e+00 -2.885097201347374352e+00
-2.782933656468114414e+00 2.185711351481554043e+00 -3.242102311842530948e+00
-2.796176482385264617e+00 2.180785176739886477e+00 -3.194149952010807869e+00
-2.809433529455779066e+00 2.175843530453625441e+00 -3.146197281144796687e+00
-2.822574510910452084e+00 2.170922105850817463e+00 -3.098229261065551743e+00
-2.834880963808703136e+00 2.166002448877041520e+00 -3.050049784014098098e+00
-2.847285969891082846e+00 2.161040334744104729e+00 -3.001871858509685964e+00
-2.859690894568533537e+00 2.156070797395149619e+00 -2.953695392365502048e+00
-2.871440826108259348e+00 2.151053975837895038e+00 -2.905367278195282843e+00
-2.882725987112416011e+00 2.146002885494528112e+00 -2.856932102705553422e+00
-2.782744331711424657e+00 2.171263195797604517e+00 -3.245880776480311702e+00
-2.790613977466156026e+00 2.115395498884591774e+00 -3.228607630853997712e+00
-2.801914616359860055e+00 2.085065015562706847e+00 -3.193178888222236722e+00
-2.811313670223986261e+00 2.056651979375877737e+00 -3.159549851174705548e+00
-2.819289065851957599e+00 2.030537819142762324e+00 -3.128620642999579538e+00
-2.820869752119957941e+00 1.981122330065363757e+00 -3.121285333428541975e+00
-2.821474390986253855e+00 1.931285338007113106e+00 -3.117636657901567077e+00
-2.820959224329588899e+00 1.881375152512292814e+00 -3.115951079765528320e+00
-2.817931457123273642e+00 1.831529554225456380e+00 -3.114949765087092981e+00
-2.737943995368066652e+00 2.029805977415319873e+00 -3.423527804953816478e+00
-2.739139397729268399e+00 1.979864817780141895e+00 -3.421871890528033866e+00
-2.738879029872509197e+00 1.929987078263529998e+00 -3.419820847269388064e+00
-2.742959093344946364e+00 1.885103338889855706e+00 -3.398461145053006227e+00
-2.750774748404857029e+00 1.848415758359806205e+00 -3.365361172800003686e+00
-2.760189136041038882e+00 1.817989955308346062e+00 -3.326960250463322666e+00
-2.769640052512116313e+00 1.790461956978364633e+00 -3.286461455681981114e+00
-2.773922170755393157e+00 1.749587291033521286e+00 -3.258425182729721925e+00
-2.771924433978586677e+00 1.701106411900517257e+00 -3.247257948929020532e+00
-2.733722832217502674e+00 2.031451453920711803e+00 -3.437752903836778895e+00
-2.726179071447701663e+00 1.990238257678269562e+00 -3.465033007641683316e+00
2.149809265031310812e-01 5.097668909364815981e+00 -1.594216403685857042e+00
1.674391986399432208e-01 5.102818835900264638e+00 -1.579816995180514105e+00
1.197914183505776331e-01 5.106146041275968273e+00 -1.565200625525460909e+00
1.244398617943880646e-02 5.111252136929719470e+00 -1.545477241120296830e+00
1.333102434617808828e-02 5.112485942425907481e+00 -1.535569665851158838e+00
1.419866625610745510e-02 5.113724731225435249e+00 -1.525620354332517747e+00
1.511914287551793107e-02 5.115031399880269447e+00 -1.515126262966919546e+00
1.612184209454367578e-02 5.116348499418772455e+00 -1.503700242952007216e+00
1.723730237297270429e-02 5.117623517775614417e+00 -1.491048900341833239e+00
2.126960098161677915e-01 5.096103633048148396e+00 -1.608891982036898316e+00
1.659264177941754403e-01 5.096935786288552706e+00 -1.626304915234196846e+00
1.266579098379129742e-01 5.094657653225837635e+00 -1.657012682244423329e+00
9.140364862002185731e-02 5.091629741668321607e+00 -1.692241278178719499e+00
6.220726598944160968e-02 5.087620905753500899e+00 -1.732554615888802108e+00
2.034084028004984682e-02 5.084030809754439773e+00 -1.759403182914051955e+00
-2.859901983423684263e-02 5.082889349791378741e+00 -1.768454918564538847e+00
7.841063522732866220e-02 5.063873700926791344e+00 -1.899878897794660126e+00
-2.431239296442706810e-01 5.084130118406412713e+00 -1.690769983043147962e+00
-2.848700594833883937e-01 5.083439316020468723e+00 -1.663364419205604294e+00
-3.269055788796319528e-01 5.082720229665603107e+00 -1.635951319385070990e+00
-3.686564009270551501e-01 5.081455557222410491e+00 -1.608505050791972701e+00
-4.072704224837278009e-01 5.080839329365671730e+00 -1.576791444649557894e+00
-4.390683835588302664e-01 5.080947114440579782e+00 -1.538222284569816578e+00
-4.660553898653506111e-01 5.081434299531507826e+00 -1.496180340020352162e+00
-4.899185417813268772e-01 5.082476403269416743e+00 -1.452338739721237504e+00
-5.118790889555075996e-01 5.083945055683909864e+00 -1.407460614728546222e+00
-2.333117933058949101e-01 5.086159266164400172e+00 -1.679746749944179385e+00
-2.517220963881315887e-01 5.090598443628442382e+00 -1.633500621894599769e+00
-2.549451618927279783e-01 5.096355106665210855e+00 -1.583957506961689132e+00
-2.515930358250459409e-01 5.102266731868832395e+00 -1.534435863932498645e+00
-2.403941349112440895e-01 5.108264241534528516e+00 -1.486084889636898332e+00
-2.252670981671905936e-01 5.114423588128875764e+00 -1.438826442879096223e+00
-2.068345213520620673e-01 5.120666526762801318e+00 -1.392763835182711629e+00
-1.643986663863820086e-01 5.131896628100501623e+00 -1.312850975458966785e+00
-1.911811056845593160e-01 5.133893192738143263e+00 -1.275689183570782204e+00
-4.083376653152304692e-01 5.048507344823276455e+00 -1.821132900563452228e+00
-5.151222567625437510e-01 5.031424782463851386e+00 -1.830701821134172125e+00
-5.157182494142806828e-01 5.029150418059363581e+00 -1.845309894978937049e+00
-6.336300292545135049e-01 5.005847583820211888e+00 -1.852462344773667224e+00
-6.342320920133784901e-01 5.003470369664108297e+00 -1.869070873715133141e+00
-6.350188641262451972e-01 5.000299806321901741e+00 -1.891245475733529524e+00
-6.350641341026188602e-01 4.998481126110207562e+00 -1.902685868127706570e+00
-6.347883192208823022e-01 4.999628561266837856e+00 -1.895843209739732860e+00
-6.343892693799704219e-01 5.003226639944586829e+00 -1.870636579964167767e+00
-4.104691973849311504e-01 5.050234731878326500e+00 -1.806455069743673203e+00
-5.131913633972161604e-01 5.038623259280689659e+00 -1.784522088684010743e+00
-5.119490611367727428e-01 5.042559957565696749e+00 -1.754922258084564923e+00
-5.101722080212435229e-01 5.047697754818859295e+00 -1.716346307223043821e+00
-5.312475267965977022e-01 5.050168269926373910e+00 -1.671149073677291153e+00
-5.600356874590353140e-01 5.050263399881085746e+00 -1.630368005510689944e+00
-6.014574881618859337e-01 5.045107247796561722e+00 -1.602969403654930014e+00
-6.489315475070080996e-01 5.036936252114336376e+00 -1.589982593662102150e+00
-6.978100627311984994e-01 5.027263298404592184e+00 -1.586873631966485121e+00
-9.212698709861287527e-02 4.836007315801001738e+00 -3.058059903544916303e+00
-6.163660143623140436e-02 4.841338274951989540e+00 -3.042467323719191263e+00
-2.506100240010435132e-02 4.846474217221194536e+00 -3.023401716231707503e+00
1.506222217817773830e-02 4.851215588064616391e+00 -3.002345635614429131e+00
8.780741767512495466e-02 4.845126411747179063e+00 -3.023670784327945782e+00
-8.158437428289830318e-02 4.837850411579856846e+00 -3.052669205665798025e+00
-4.570747160640443313e-02 4.844032463764728291e+00 -3.034244604505028420e+00
-7.397793955973890924e-03 4.848564165213734789e+00 -3.014121452873296025e+00
6.521489101611462058e-02 4.841341201471057509e+00 -3.040039346141501841e+00
9.147565761997554501e-02 4.845717019240047385e+00 -3.021110206572985568e+00
7.876350753962725326e-01 4.979261391195434427e+00 -1.781558903033591434e+00
7.701473779448754220e-01 4.989748497544772121e+00 -1.736712247124728936e+00
7.754014849687062005e-01 4.981256233289718338e+00 -1.789107842091352873e+00
-1.050375643232965839e+00 4.862817384673830290e+00 -2.004051873018434016e+00
-1.079304139343396196e+00 4.858280340275598519e+00 -1.963586094229908818e+00
-1.107789809270985470e+00 4.853940786089029125e+00 -1.922779591821817347e+00
-1.135812769224977314e+00 4.849054903834855601e+00 -1.881702389296062927e+00
-1.208439769848959733e+00 4.826781419801834616e+00 -1.837370138136489750e+00
-1.208038223362060792e+00 4.832574559609916776e+00 -1.799321977818266971e+00
-1.207478608192474434e+00 4.838080367756374400e+00 -1.761282674303422890e+00
-1.240437641218113285e+00 4.829073554544653035e+00 -1.724819557998132469e+00
-1.277191042291657919e+00 4.816938606623212493e+00 -1.693221755165097431e+00
-1.048352072918258493e+00 4.863056287938335664e+00 -2.007359776413773833e+00
-1.071291740016580230e+00 4.860362084418611950e+00 -1.969775086189380575e+00
-1.112735688671027789e+00 4.848338509852463396e+00 -1.945401390330436353e+00
-1.158583077081127177e+00 4.831187712249326971e+00 -1.939626178750238905e+00
-1.204179960085183465e+00 4.812099323442065923e+00 -1.939456078549912865e+00
-1.319819397273649830e+00 4.760680173020443107e+00 -1.937036768988963598e+00
-1.321253752679687921e+00 4.756192987729948918e+00 -1.958615519933336158e+00
-1.323078050375080528e+00 4.750595814777581083e+00 -1.985431843803661778e+00
-1.359451816825022030e+00 4.727967656637950711e+00 -2.011023571814364530e+00
-9.213263660918458164e-01 4.936686483266813141e+00 -1.809100978185263386e+00
-9.473902757191967616e-01 4.934427805469779216e+00 -1.769122319721244230e+00
-9.736860032199177173e-01 4.930973096466049199e+00 -1.728108032545960127e+00
-9.943587758999458126e-01 4.930107207648420697e+00 -1.682599490413843712e+00
-1.016323961314264945e+00 4.928527172676748336e+00 -1.637732066396218267e+00
-1.033490865201929232e+00 4.928336133199873181e+00 -1.590791326803900008e+00
-1.036451229496493598e+00 4.933523535746149768e+00 -1.541141150117085079e+00
-1.027979504371807407e+00 4.942661189104598840e+00 -1.492715503608319505e+00
-1.012211914143040570e+00 4.954008158355782676e+00 -1.446659963736298682e+00
-9.169642148169586671e-01 4.937012960502196179e+00 -1.815740711145639175e+00
-9.334294216922158771e-01 4.935784266473447701e+00 -1.790653447750327087e+00
-9.514545015557726027e-01 4.933895167653587599e+00 -1.762773777663627861e+00
-9.723399555595818589e-01 4.931149916901331309e+00 -1.730207664541915547e+00
-9.655944444830785178e-01 4.940292979171922561e+00 -1.681529638776786628e+00
-9.432477446056227732e-01 4.952827928516211564e+00 -1.638633871050267476e+00
-9.164822408131944043e-01 4.966107492782434463e+00 -1.598574930628353208e+00
-8.836006157762675839e-01 4.980543979811075772e+00 -1.563809859390811186e+00
-8.459318019046342396e-01 4.995481720539282300e+00 -1.534577533216717971e+00
3.079212773538096748e+00 2.864954695320717004e+00 -1.530641223824342478e-01
3.072100273175786267e+00 2.890643757942476189e+00 -1.489760596628920686e-01
3.062543717016014799e+00 2.925160744269550417e+00 -1.434850476261695096e-01
3.049679747004407027e+00 2.964727367989959284e+00 -1.370685159076313608e-01
3.036878016337739794e+00 3.004742038054002862e+00 -1.100079747936753560e-01
3.085413850136759173e+00 2.844226202787619062e+00 -1.111360912669602102e-01
3.088869501784311744e+00 2.833547203964127181e+00 -6.244599278477615950e-02
3.092640495851282090e+00 2.821236696455030835e+00 -1.415741022986221828e-02
3.123410250283115364e+00 2.626983053397688117e+00 -6.151826195560380350e-01
3.129523384855714685e+00 2.586602484565629023e+00 -6.439622348859169731e-01
3.135364516751286690e+00 2.546171982756548324e+00 -6.727305287836471415e-01
3.142161053578559571e+00 2.499709419348805639e+00 -7.013605072277606656e-01
3.140365433139376883e+00 2.498444855612032889e+00 -7.401728767321529290e-01
3.138204096164273871e+00 2.496954322649795888e+00 -7.867820273604285708e-01
3.121048992779226872e+00 2.636997541903097986e+00 -6.259559289414039496e-01
3.122038985568350355e+00 2.620381495684491746e+00 -6.730691110487907469e-01
3.119706642153728282e+00 2.618749686216720995e+00 -7.229449250462354204e-01
3.118371804917871248e+00 2.609288631734340669e+00 -7.766925648934367432e-01
3.113368173912958170e+00 2.622091961680342642e+00 -8.237580110945628142e-01
3.179214360517214732e+00 1.646347511721004020e+00 -1.201126238242632843e-01
3.181515501193175055e+00 1.662908878225434650e+00 -7.299607265147332880e-02
3.183708555259923578e+00 1.679467673442438524e+00 -2.587497619557375603e-02
3.177453337128340660e+00 1.631785642545511061e+00 -1.172570320025238394e-01
3.175873994928726685e+00 1.616541883142354807e+00 -6.967169376931836577e-02
3.172246107989060260e+00 1.587561031061802019e+00 -2.909667691074143206e-02
3.085517402013795429e+00 1.171648058654071178e+00 -3.545111620150108722e-01
3.072366372597440165e+00 1.124234643087306695e+00 -3.479634230859585675e-01
3.064445517814883946e+00 1.094455913114476875e+00 -3.093590977877563319e-01
3.053758896466359118e+00 1.056083720218698563e+00 -2.863039931892734646e-01
3.087017028681590336e+00 1.175540017783921254e+00 -3.402974783946350890e-01
3.078046559432552787e+00 1.141237013972216330e+00 -3.056302839527395010e-01
3.072730569303603332e+00 1.119749126573127640e+00 -2.612087196458851013e-01
3.071121828561825584e+00 1.109957334458505862e+00 -2.125042992178449441e-01
3.072765942943594286e+00 1.111294444622000555e+00 -1.627477478252429832e-01
3.075748216690420644e+00 1.119692180236582679e+00 -1.137008489771157427e-01
3.080785482783136686e+00 1.137710549905133206e+00 -6.746906792315382484e-02
3.088366655731622057e+00 1.164582519282855833e+00 -2.617578248891632917e-02
3.066353837013738204e+00 1.162439439630388538e+00 -7.618190953200346671e-01
3.062527889261849268e+00 1.152272031072031577e+00 -7.754495041513526088e-01
3.057758359371631318e+00 1.139592416531954422e+00 -7.924173499526210307e-01
3.052351775873392015e+00 1.125219834260597906e+00 -8.116547478606347399e-01
3.039119171158879862e+00 1.078652962015146599e+00 -7.994618971711524580e-01
3.069176571898379446e+00 1.170816282232324701e+00 -7.505617573717768831e-01
3.067222327865371412e+00 1.164747699932470404e+00 -7.587263257386387405e-01
3.065944463534050701e+00 1.161353041445405632e+00 -7.632853800977854597e-01
3.064312233848846212e+00 1.157014106470268144e+00 -7.690936078775937323e-01
3.062648874405578869e+00 1.152592369223134128e+00 -7.750123472232436361e-01
3.061042462626702321e+00 1.148322297517305524e+00 -7.807299096352440237e-01
3.058749917486875969e+00 1.142227497826678873e+00 -7.888849477628937512e-01
3.057659268448931211e+00 1.139328538701882332e+00 -7.927675375579978923e-01
3.056021116690106343e+00 1.134973850419723540e+00 -7.985967829426325881e-01
7.039664697514331770e-01 5.100413058166377134e+00 -7.399757758221148229e-01
7.068965938172767638e-01 5.101556499384766852e+00 -7.108292254350987438e-01
7.100994425019562239e-01 5.102799260482482779e+00 -6.790865048292672457e-01
7.135461389952971745e-01 5.103616715434365680e+00 -6.435407015353901139e-01
7.172947728574468051e-01 5.104268890191019814e+00 -6.043721665196384318e-01
6.691122393528887713e-01 5.117184602784975667e+00 -5.572319962627246825e-01
6.736443115639633161e-01 5.118345047482476318e+00 -5.146667395381882004e-01
6.780663128112472959e-01 5.118639235066605231e+00 -4.710993310912165999e-01
6.301271237806815861e-01 5.129709997792404330e+00 -4.323360208311610720e-01
7.026633511657890407e-01 5.099905923172975086e+00 -7.529153567951890613e-01
6.539681190507262709e-01 5.110549459271167549e+00 -7.505997322307726982e-01
6.051233908687948526e-01 5.120764553008007702e+00 -7.518131906304260648e-01
5.560260452211749360e-01 5.129438750003055603e+00 -7.542518588511422095e-01
5.068074617060192022e-01 5.137340467212934136e+00 -7.572817230025521429e-01
4.576121699400119702e-01 5.145226181987906600e+00 -7.606657448517923914e-01
4.082673008309046780e-01 5.151775065946653243e+00 -7.641816537915052665e-01
3.586686237568049718e-01 5.157345819437336054e+00 -7.657675410425252016e-01
3.096947484679506424e-01 5.163305095534047595e+00 -7.578041212379102998e-01
9.383673737725100050e-01 5.052504370692871838e+00 -4.126801271841688545e-01
9.224904833527458603e-01 5.058579916001579413e+00 -3.656669866595052554e-01
9.066235160298133922e-01 5.064652387476980877e+00 -3.186496877751122669e-01
8.907549208502008042e-01 5.070678913612707284e+00 -2.716286352512206070e-01
8.745821656293162327e-01 5.075627371889410711e+00 -2.245845356942976212e-01
9.194995265316614486e-01 5.063464516480157940e+00 -1.820797592490908945e-01
9.229169804792832776e-01 5.063269904626672258e+00 -1.353613956989159484e-01
9.261536019364796646e-01 5.062253729413492387e+00 -8.782322348573506909e-02
9.169102039132609461e-01 5.064844301965134576e+00 -3.872343135518809681e-02
9.523391169248901500e-01 5.048113493947124830e+00 -4.097421968701775996e-01
9.665015951800731697e-01 5.044629616414435525e+00 -3.619301300010955846e-01
1.011184121107777667e+00 5.031844752134476018e+00 -3.027695229109935715e-01
1.045310638051915930e+00 5.021035162475932623e+00 -2.678567868358663340e-01
1.084446063669008309e+00 5.007422306405080903e+00 -2.399356909025095186e-01
1.128874662709282273e+00 4.991979001245486103e+00 -2.230907278228291546e-01
1.174547430791022640e+00 4.974408051846459955e+00 -2.130647148368632893e-01
1.220522171332881545e+00 4.955458243353513481e+00 -2.117774391162394187e-01
1.263951404862391437e+00 4.937095850278248932e+00 -2.264340431601410408e-01
8.190928007385102072e-01 5.043610532196169061e+00 -1.142677130047004663e+00
8.207501264430736576e-01 5.044325552412284530e+00 -1.127409698482225942e+00
8.170975721090979471e-01 5.042572663938648780e+00 -1.160732393586300315e+00
8.155051803666436561e-01 5.041599457732521827e+00 -1.174606733713032147e+00
8.139087020869550937e-01 5.040624120803245845e+00 -1.188512989956068688e+00
8.117737654040413364e-01 5.039320057888716953e+00 -1.207107173420556068e+00
7.646032482297682176e-01 5.050102714460303233e+00 -1.219674254408287473e+00
7.173296274863938393e-01 5.060703129224707553e+00 -1.231935933210173140e+00
6.697961926502652430e-01 5.070208403787683338e+00 -1.243993834133983789e+00
6.220337291011693859e-01 5.078709873948553444e+00 -1.255923740134149869e+00
5.735569745893775995e-01 5.089050391045137012e+00 -1.249895730081962641e+00
6.219830288537614438e-01 5.100514578060225901e+00 -1.006061003199415493e+00
5.826456158753930969e-01 5.105463767183274548e+00 -1.036391998145248738e+00
5.453850829573583248e-01 5.109804209756353188e+00 -1.069373619160765676e+00
5.089883536238558603e-01 5.113581830674646334e+00 -1.103369972618019057e+00
4.668120235286815078e-01 5.117494055652717755e+00 -1.129833527131479665e+00
4.184028349916401046e-01 5.123771424606169411e+00 -1.140126558795595546e+00
3.691063446533187631e-01 5.130120463140252163e+00 -1.140428755845867004e+00
3.231819528358222393e-01 5.136082334971879604e+00 -1.123252845912542375e+00
2.880460835320802215e-01 5.142405515989776355e+00 -1.089501620592824294e+00
6.208139483781403012e-01 5.099800129165872775e+00 -1.017505763008420105e+00
5.884894403145559671e-01 5.102802701974550992e+00 -1.055454179484956345e+00
5.669070927056858444e-01 5.103207921081806653e+00 -1.100513551950611291e+00
5.583326838198988673e-01 5.100834929824041630e+00 -1.149685173136947069e+00
2.358534050643663171e+00 4.160573545894255432e+00 -1.294275495845472468e-01
2.390150468305921372e+00 4.125604389151143359e+00 -1.131991722373244524e-01
2.421713473347212986e+00 4.090551501416276103e+00 -9.696804101507260076e-02
2.452274229011885076e+00 4.054560700680990060e+00 -8.071325266978907065e-02
2.482313903730172466e+00 4.018172235545193871e+00 -6.444881410355027263e-02
2.511961800299616687e+00 3.981471295449479531e+00 -4.819142676984383006e-02
2.540605979964902339e+00 3.943950661344931774e+00 -3.190777656710091365e-02
2.569254260866068673e+00 3.906424615060656080e+00 -1.561055973786159082e-02
2.354045411465767845e+00 4.165831570231453007e+00 -1.162163549151001146e-01
2.373557797101435884e+00 4.144831065207319476e+00 -7.547326135422420534e-02
2.383850711871903894e+00 4.134247359043752290e+00 -2.784651276029215944e-02
1.813948945055401385e+00 4.635001973774533823e+00 -1.543843421689631845e-01
1.816187010867877261e+00 4.633739954075298151e+00 -1.279021416306607428e-01
1.819072939508701303e+00 4.631626975386449629e+00 -9.104505809037601038e-02
1.843130904465452913e+00 4.614845896464346175e+00 -5.060013726503517772e-02
1.864071826402113663e+00 4.600214825454513878e+00 -7.643092731905272268e-03
1.814519342363844601e+00 4.634766233401538038e+00 -1.481163755242308477e-01
1.816351504403746375e+00 4.633619333456408640e+00 -1.257424169575132866e-01
1.818356228887227477e+00 4.632151473921180873e+00 -1.001175233750189880e-01
1.819147258337141748e+00 4.631572156645448857e+00 -8.996623490645053178e-02
1.820101636985120841e+00 4.630873378236718629e+00 -7.777281425234436329e-02
1.856156652919737304e+00 4.605839512695336424e+00 -5.413158318939136071e-02
1.894701499205755368e+00 4.578153288344064542e+00 -3.878385345690671393e-02
1.934414800626286013e+00 4.548021131678959605e+00 -3.657661891664140685e-02
1.973838670836889131e+00 4.517585984463356574e+00 -3.952069624869252590e-02
2.364111178752685394e+00 4.153042701458380392e+00 -2.341805090592215255e-01
2.395598571061945847e+00 4.118094365876255658e+00 -2.179103253118191141e-01
2.427550979507853146e+00 4.081569135751065502e+00 -2.068821502250010047e-01
2.459461220513920132e+00 4.043841776894749884e+00 -2.132815958938097944e-01
2.488296746023672679e+00 4.007999067801878645e+00 -2.323521221355917266e-01
2.513105168189564864e+00 3.975768362325420302e+00 -2.611528291767477028e-01
2.541949285611930787e+00 3.937082048617188246e+00 -2.869201621348221876e-01
2.571992372755573797e+00 3.897765670997838772e+00 -2.883029748367622047e-01
2.599843999283320439e+00 3.859678894021349116e+00 -2.896234933556149360e-01
2.804449904671611815e+00 3.532690619310814295e+00 -2.871663646284223215e-01
2.819380888308490984e+00 3.507131478967971727e+00 -2.468323704931801588e-01
2.797292929466732581e+00 3.545870161845731783e+00 -2.873921106667617908e-01
2.799822448873424019e+00 3.541212073216606360e+00 -2.873120832659870061e-01
2.802481969821299490e+00 3.536314587836356882e+00 -2.872279431759319213e-01
2.804676174057468163e+00 3.532273978522327162e+00 -2.871585395114567008e-01
2.807317575558980316e+00 3.527409859729801589e+00 -2.870749771979377862e-01
2.815598662762393900e+00 3.514459168733703898e+00 -2.394835952791405098e-01
2.998953131951703099e+00 3.114591835795027741e+00 -2.587457753180630662e-02
2.994058198937037396e+00 3.128404508816933216e+00 -2.298139167758967913e-02
2.839183116900270143e+00 3.472375869634153123e+00 -1.459121655823903130e-01
2.839851971767354932e+00 3.471062375055547822e+00 -1.459539230081186856e-01
2.840591104388973331e+00 3.469610870546870451e+00 -1.460000003054686968e-01
2.842295937991650590e+00 3.466262928073936767e+00 -1.461062671089508602e-01
2.846651864885904715e+00 3.457708783978821199e+00 -1.463777720780193303e-01
2.852452943582413081e+00 3.446415020533613927e+00 -1.422255455859750273e-01
2.858778477816277253e+00 3.433993158465154405e+00 -1.424618617614566707e-01
2.864212740521433709e+00 3.423321547120674602e+00 -1.426647730927224356e-01
2.869670332084478748e+00 3.412604121919921241e+00 -1.428686088342736582e-01
2.265589401817661996e-01 5.138272567025220283e+00 -1.199967145173531202e+00
1.848784031173755782e-01 5.143267620194245993e+00 -1.172835124567607856e+00
1.431795930319043897e-01 5.147582325509507228e+00 -1.145659288729834913e+00
1.036791541652919424e-01 5.151722913784994695e+00 -1.117708564178421238e+00
7.841219665078213996e-02 5.155621269266497109e+00 -1.084461229112793301e+00
5.480223780313333432e-02 5.158443250366139488e+00 -1.053237589817222153e+00
3.163687080113360139e-02 5.160742438502947671e+00 -1.022702513336676056e+00
-1.695799776104469497e-02 5.161512137860617244e+00 -1.010938064769103972e+00
-6.389177917678355578e-02 5.162610284375099390e+00 -9.939138571714359882e-01
2.365294482226936723e-01 5.138730325485733275e+00 -1.188851323421005857e+00
-2.532144475864249955e+00 3.342631869664342670e+00 -2.945330738209505750e+00
-2.538658632246887592e+00 3.349304262419478206e+00 -2.906614443072703224e+00
-2.544642299348711667e+00 3.355575825561663894e+00 -2.869836567318426290e+00
-2.534738466207310026e+00 3.390124676113584812e+00 -2.835096068866394425e+00
-2.529441661017713283e+00 3.418919721301380221e+00 -2.794612242299328031e+00
-2.533429682070302391e+00 3.434012608720917292e+00 -2.747172658288414393e+00
-2.546975224019447648e+00 3.431765867442542639e+00 -2.699186621127134256e+00
-2.566822543863609418e+00 3.414953441638902021e+00 -2.656568770540110425e+00
-2.589413590673147247e+00 3.387482414705358380e+00 -2.621484354246637061e+00
-2.576456078174456543e+00 3.259315472250306822e+00 -2.933765256604063953e+00
-2.581781571249065266e+00 3.273977275450300262e+00 -2.886360505683019717e+00
-2.595322940901398034e+00 3.272400128231944816e+00 -2.838256691302898371e+00
-2.613434865301524912e+00 3.257587278596994818e+00 -2.794105450366201282e+00
-2.633423583808276014e+00 3.236193073532470432e+00 -2.753569930414655254e+00
-2.654382446705705334e+00 3.211564210555992283e+00 -2.715427738007642144e+00
-2.676981808685335640e+00 3.175117538476945445e+00 -2.689791106744699789e+00
-2.698682052562734413e+00 3.132961914894292210e+00 -2.674145551741649918e+00
-2.710977477210637865e+00 3.120447331508896749e+00 -2.643337746895128237e+00
-1.423203622428530934e+00 4.557098738893870404e+00 -2.679356994819767745e+00
-1.394421716154041757e+00 4.572781945170273588e+00 -2.676463501345494933e+00
-1.358808424620753241e+00 4.592186405468847710e+00 -2.672888041263056458e+00
-1.323123640861925798e+00 4.616769205722714986e+00 -2.647926699367017189e+00
-1.284992967895531857e+00 4.640796459477670943e+00 -2.626373425487117608e+00
-1.194173966965977662e+00 4.697245564802280171e+00 -2.566903770571027810e+00
-1.189077963410931638e+00 4.697989805058773172e+00 -2.574190523459999991e+00
-1.183445815344993379e+00 4.698567491016770070e+00 -2.581937789863825827e+00
-1.177289508017166808e+00 4.699198305751239424e+00 -2.590408894437698617e+00
-1.412267105067763984e+00 4.563058333390500820e+00 -2.678256251782166419e+00
-1.380061909230826389e+00 4.580606806547860899e+00 -2.675018930070420797e+00
-1.350373319091424884e+00 4.603938051173362744e+00 -2.642275286670895618e+00
-1.331480330870264295e+00 4.623805561055028157e+00 -2.600555404923834857e+00
-1.319939015699418405e+00 4.639974858587709861e+00 -2.554843798040020264e+00
-1.317784340696972478e+00 4.651731625547911975e+00 -2.506361721476334292e+00
-1.320000758494545456e+00 4.661189580938498445e+00 -2.457363084861637237e+00
-1.331454640588440874e+00 4.665912279144144748e+00 -2.408945202040589262e+00
-1.349379715654228873e+00 4.667122743654895878e+00 -2.362302768266892006e+00
-1.846354090525499592e+00 4.263670075001831705e+00 -2.702501635434048755e+00
-1.883559698222677881e+00 4.238134794394825100e+00 -2.681052258120102394e+00
-1.920768152887912583e+00 4.212599889707897560e+00 -2.659593049412946719e+00
-1.957228925484897353e+00 4.186280459000978560e+00 -2.637921427091767246e+00
-1.993240702118741936e+00 4.159189718698592664e+00 -2.616042653987238342e+00
-2.029177928915589568e+00 4.132165797964655773e+00 -2.594169835635749433e+00
-2.058209493820139180e+00 4.115159596751595927e+00 -2.557317330748272610e+00
-2.078294542337800976e+00 4.107654427152600540e+00 -2.512235365800329578e+00
-2.096341301194520224e+00 4.109309674088885700e+00 -2.440170695330863726e+00
-1.841465511404639877e+00 4.271007587656550086e+00 -2.690451074174627255e+00
-1.865594596254761539e+00 4.262551913314416296e+00 -2.647524216330471081e+00
-1.879040419514820259e+00 4.264126922134625630e+00 -2.599427717628187029e+00
-1.887823799490361720e+00 4.269790559160597354e+00 -2.550545861714834217e+00
-1.890460869584188686e+00 4.280541452300399285e+00 -2.501788138747488066e+00
-1.889804854226602382e+00 4.293819996447668430e+00 -2.453593926615224241e+00
-1.885878809600688433e+00 4.308755325461817165e+00 -2.406058038015020717e+00
-1.878689024733315671e+00 4.325262635487908014e+00 -2.359424936572128484e+00
-1.869865976871110336e+00 4.349220530861185985e+00 -2.285925375081572675e+00
-2.142534057814124093e+00 3.959753898497356150e+00 -2.781265768868153465e+00
-2.176280373905175036e+00 3.929189857098455807e+00 -2.760718128203292210e+00
-2.208996380594535847e+00 3.897810713047965336e+00 -2.739869194147282805e+00
-2.241816127644177481e+00 3.866409305194011381e+00 -2.719009319648391099e+00
-2.274191377818933990e+00 3.834754103417048032e+00 -2.698074086567605612e+00
-2.305562902686805415e+00 3.802257519424374621e+00 -2.676865227765352628e+00
-2.327915507738306466e+00 3.785750534745076834e+00 -2.641079213817921101e+00
-2.331200909190226600e+00 3.796879361860203250e+00 -2.598476666317155015e+00
-2.333943541627202745e+00 3.808552729207034471e+00 -2.550409951035506495e+00
-2.138842135807993650e+00 3.967520643402166591e+00 -2.769056674720536293e+00
-2.162792459552741242e+00 3.955900976551801396e+00 -2.726752916429461049e+00
-2.177040245574548560e+00 3.955156540451102209e+00 -2.678865481389071324e+00
-2.192189262444522946e+00 3.955085188633062465e+00 -2.625072051106149829e+00
-2.179722879374016653e+00 3.978729042749919120e+00 -2.595424951681759129e+00
-2.165480584431331845e+00 4.003644890355507968e+00 -2.563059484916857311e+00
-2.155478387897847181e+00 4.020639492959992900e+00 -2.540723007533962630e+00
-2.151205170625566598e+00 4.027895293060134385e+00 -2.531196262601240754e+00
-2.151916797782002622e+00 4.026683612470008278e+00 -2.532794053569876525e+00
-1.175711594316790842e+00 4.533764510947713156e+00 -3.230167594520489072e+00
-1.145842007152752418e+00 4.549300495387829102e+00 -3.223452330284892753e+00
-1.109329068133940277e+00 4.567236381217500529e+00 -3.215060939707486742e+00
-1.075206098205542471e+00 4.590035539953650101e+00 -3.186408994676412920e+00
-1.056268919487048707e+00 4.610169141228794842e+00 -3.144722629549769000e+00
-1.049505954148344911e+00 4.625560008264464784e+00 -3.097712537929118159e+00
-1.050141317557217846e+00 4.638353616853345684e+00 -3.049494175022920306e+00
-1.054879893726049955e+00 4.649289731137316473e+00 -3.001101411958420950e+00
-1.126749224412360917e+00 4.640586137085718654e+00 -2.923209307583151340e+00
-1.187865972375066859e+00 4.526950758441700806e+00 -3.232828504858043406e+00
-1.177668205398710422e+00 4.532667566049101815e+00 -3.230596171828619578e+00
-1.171231380984758763e+00 4.536276158533483205e+00 -3.229186636031973645e+00
-1.156730188457153030e+00 4.543951116650775113e+00 -3.225957703328640847e+00
-1.151120714994255945e+00 4.546706971644948858e+00 -3.224667262687200608e+00
-1.155341210591919410e+00 4.544633886792276201e+00 -3.225636846705569827e+00
-1.169947221399127324e+00 4.536994019610089524e+00 -3.228912280989638006e+00
-1.174156815560286393e+00 4.534633360938427948e+00 -3.229836388828720484e+00
-1.175289112609018582e+00 4.533998585688382654e+00 -3.230084307318218606e+00
-2.437993745460293127e+00 2.848899609585829662e+00 -3.910223772479696880e+00
-2.438492036886122705e+00 2.848229736981632509e+00 -3.909540773650314716e+00
-2.427137831764545339e+00 2.840101882152563206e+00 -3.947841694521704969e+00
-2.413258959819743144e+00 2.834108083784530496e+00 -3.990827863620482141e+00
-2.398284060234167292e+00 2.827742769838055281e+00 -4.035768199033477721e+00
-2.381902404750937841e+00 2.820778955544365196e+00 -4.081351359086031749e+00
-2.358984861752355222e+00 2.842059693433069079e+00 -4.120232470761245658e+00
-2.335074702224241960e+00 2.875032447276234748e+00 -4.149019850863896686e+00
-2.310885647961727241e+00 2.913230214342204416e+00 -4.170126339874350663e+00
-2.287231871419815210e+00 2.954011736817317324e+00 -4.186595054877416011e+00
-2.686618957774466576e+00 1.665276486116787247e+00 -3.529387936436507278e+00
-2.694921649993375468e+00 1.713007160541343055e+00 -3.517661019102305442e+00
-2.703215849958398032e+00 1.760832386228040614e+00 -3.505898124653742620e+00
-2.689889584171013759e+00 1.659147655381380426e+00 -3.516172471068029104e+00
-2.704218707748341277e+00 1.689703902694434046e+00 -3.479514975567342017e+00
-2.719164129529242580e+00 1.706800220778618815e+00 -3.435115200709170313e+00
-2.733729623394220543e+00 1.717583328414131305e+00 -3.388583074386040561e+00
-2.607173264929074197e+00 1.728409175816226329e+00 -3.798860544681375018e+00
-2.599758631714146784e+00 1.735893500271243450e+00 -3.821941414850768659e+00
-2.589083291697980904e+00 1.747016092970602452e+00 -3.854772665859210079e+00
-2.612491081969421369e+00 1.722311901212358665e+00 -3.780571881779577037e+00
-2.614695137798477731e+00 1.719805711066623610e+00 -3.773000651530802330e+00
-2.616737391966150739e+00 1.717483752639874739e+00 -3.765985337132813360e+00
-2.619923570909464150e+00 1.713858331688577152e+00 -3.755039338727989673e+00
-2.626826691273013825e+00 1.705997983480172842e+00 -3.731321582247105528e+00
-2.641174514660746819e+00 1.722108061325344996e+00 -3.692046866064688793e+00
-2.647827508265298668e+00 1.705488982562487932e+00 -3.666973767739017287e+00
-2.655497281199707960e+00 1.686287754684844264e+00 -3.638057287860827493e+00
-2.862550644722763327e+00 2.596123811741723131e+00 -2.687140231734838292e+00
-2.875608700016969888e+00 2.579848816044779447e+00 -2.641905992684630444e+00
-2.889288056100277835e+00 2.552828888485640491e+00 -2.604665891444875481e+00
-2.902358810228669039e+00 2.525499381145107858e+00 -2.567006162977986339e+00
-2.914471817995650582e+00 2.497741967908974292e+00 -2.528835167578923571e+00
-2.926606810352965660e+00 2.477544864923458601e+00 -2.484740641848674159e+00
-2.938409052249685960e+00 2.456463699738101525e+00 -2.440995716594837717e+00
-2.949753245052086026e+00 2.434814341968843276e+00 -2.397398415166576591e+00
-2.959784234149094306e+00 2.362691839012505124e+00 -2.399303065042683869e+00
-2.860141199883900143e+00 2.610508944373614248e+00 -2.683903955869505698e+00
-2.849890575315025654e+00 2.697433490200168205e+00 -2.642927188151455109e+00
-2.857824671335223776e+00 2.703097977361379467e+00 -2.598608476037189252e+00
-2.864537736037500171e+00 2.708030777674435008e+00 -2.559090888771599737e+00
-2.862263649068310656e+00 2.743980407937384847e+00 -2.524384598677267721e+00
-2.859353784716425206e+00 2.781243639589767280e+00 -2.491147802721627169e+00
-2.855741291269567661e+00 2.819071146957112806e+00 -2.458717620514326185e+00
-2.850524363065040756e+00 2.856932576113496935e+00 -2.426534457110391063e+00
-2.845166605841942697e+00 2.895062538551964160e+00 -2.394661163798849746e+00
-2.693734949544416946e+00 3.042008528012367208e+00 -2.850713600364433997e+00
-2.687736047633533687e+00 3.077263247108451782e+00 -2.815885113785593141e+00
-2.681748561644631934e+00 3.112508053620850923e+00 -2.781025033229914900e+00
-2.699663610486786602e+00 3.031392097053517531e+00 -2.842083982004016462e+00
-2.706820386988594063e+00 3.042629583862623388e+00 -2.793986858191400469e+00
-2.719491348154335686e+00 3.039278141628466656e+00 -2.745823133980619168e+00
-2.734152150713453633e+00 3.030257913518941137e+00 -2.698932407446353654e+00
-2.752767046433500564e+00 3.003592070011540383e+00 -2.661048691870998351e+00
-2.771556771980019374e+00 2.967094687252082696e+00 -2.632801935358320744e+00
-2.790262862152049994e+00 2.926329716238598166e+00 -2.610921655412484554e+00
-2.807139688904346730e+00 2.880776702055054095e+00 -2.600865654547643846e+00
-2.820656774740387007e+00 2.833719929160638529e+00 -2.606202760917131656e+00
-2.893566078464044899e+00 2.148416506783433100e+00 -2.808186390570438729e+00
-2.904392264832097670e+00 2.150814809505802394e+00 -2.759434552153150477e+00
-2.914809260389779499e+00 2.153196147489190082e+00 -2.710607747453321004e+00
-2.924930287563102027e+00 2.155650377090225778e+00 -2.661697082979338269e+00
-2.940911873227676665e+00 2.079702646850900116e+00 -2.605428210232353603e+00
-2.950115624629367606e+00 2.084970319297226649e+00 -2.557112714716926138e+00
-2.959801346309584247e+00 2.079718143394567509e+00 -2.508343688434896190e+00
-2.969099217248430289e+00 2.055301434323753451e+00 -2.465732383344946932e+00
-2.975648814123036612e+00 2.018187824744810399e+00 -2.432970110999976399e+00
-2.894205706524573873e+00 2.133596197178711851e+00 -2.809883562399143830e+00
-2.904480741945989930e+00 2.105292154036793484e+00 -2.770004733238046413e+00
-2.911479660626118182e+00 2.065720836392974213e+00 -2.740303025705196571e+00
-2.917404864971133716e+00 2.022250484061100639e+00 -2.715685446050505547e+00
-2.920110326174874427e+00 1.973253284442813449e+00 -2.706041455659772499e+00
-2.918455359753369116e+00 1.923588925327030408e+00 -2.708819517110477637e+00
-2.914138061065235874e+00 1.874970909275569309e+00 -2.718645769504484111e+00
-2.908976931559578816e+00 1.827294286077163710e+00 -2.732571306386478938e+00
-2.902271983561991675e+00 1.780528516552784657e+00 -2.748649216195577338e+00
-2.815455842797998987e+00 1.776965496374993236e+00 -3.110393761146833302e+00
-2.820929604628124476e+00 1.761919919048658301e+00 -3.085028021771468509e+00
-2.826976753796211383e+00 1.745319752236405009e+00 -3.057010777235090959e+00
-2.833249673844877581e+00 1.726860994820572204e+00 -3.025514856752514969e+00
-2.839367005167715785e+00 1.706604117267851439e+00 -2.990824416125310581e+00
-2.840495451804064597e+00 1.663788429958971360e+00 -2.965112001796178287e+00
-2.842367151566157268e+00 1.622422368142474092e+00 -2.937117479406259335e+00
-2.838911996431753515e+00 1.574067175109197469e+00 -2.925092847060990486e+00
-2.830519460457319170e+00 1.524877883004952972e+00 -2.925038860517016559e+00
-2.812845617172878843e+00 1.782386267690287074e+00 -3.122031627116987007e+00
-2.803416830423642647e+00 1.739346301901595560e+00 -3.145468020624145655e+00
-2.764009397012455516e+00 1.652801158994516628e+00 -3.256306249329886437e+00
-2.755336094012829307e+00 1.604524437471300580e+00 -3.265105157971720740e+00
-2.745166202986583759e+00 1.556398018572350050e+00 -3.273502279522589653e+00
-2.729529464272033135e+00 1.474517114067529500e+00 -3.279922847995184743e+00
-2.717084121025532539e+00 1.427196550526246943e+00 -3.289421349341675516e+00
-2.703498521712762503e+00 1.381663916530641245e+00 -3.303894828851406729e+00
-2.686925511376081488e+00 1.340996598390318040e+00 -3.326349355419232268e+00
-2.767729248546112242e+00 1.651801320527774397e+00 -3.241910729200939478e+00
-2.767951480675538090e+00 1.606899135136477641e+00 -3.220398952810250570e+00
-2.772050644492693117e+00 1.579328478184899298e+00 -3.189062283110033924e+00
-2.780521433397920017e+00 1.586987922856256450e+00 -3.162640807651189601e+00
-2.790653115435043574e+00 1.596173180469140362e+00 -3.131053029963118739e+00
-2.800590691732965265e+00 1.606044605798841785e+00 -3.097150362998386974e+00
-2.807512883153038707e+00 1.613176222129911741e+00 -3.072839119376680195e+00
-2.809627435441731880e+00 1.615354048665654352e+00 -3.065412310836209020e+00
-2.806758505100456436e+00 1.612399479772823385e+00 -3.075488777185710454e+00
1.839599609890699497e-02 5.118941448076444800e+00 -1.477970688328031690e+00
2.084972642213678631e-02 5.121743719180456011e+00 -1.450164807859025240e+00
-8.364821796540663004e-03 5.126297916523910203e+00 -1.409839827514379751e+00
-3.375139119176765595e-02 5.130530449728700759e+00 -1.366972933718477945e+00
-5.514478040956037608e-02 5.134386295348952522e+00 -1.321957463921429543e+00
-5.682773961437099369e-02 5.139224838638252635e+00 -1.272233553884574153e+00
-5.543170826404982682e-02 5.144050657638584489e+00 -1.223607858105017154e+00
-5.203556900224828863e-02 5.148498922282554346e+00 -1.177565140542341515e+00
-4.848135819106774713e-02 5.152234859811807510e+00 -1.129478071464263156e+00
1.912276176529434379e-02 5.119776032617630257e+00 -1.469690179755728909e+00
2.153402098552295238e-02 5.122529232179664049e+00 -1.442371123700842306e+00
-1.010795708035101999e-02 5.126919241505985880e+00 -1.403909829090188577e+00
-3.844217847055288878e-02 5.130866963606813158e+00 -1.362918714728060587e+00
-5.388770560675670840e-01 5.083563524212269868e+00 -1.365452662556460917e+00
-5.658677748378526662e-01 5.083129010419641602e+00 -1.323379226257312080e+00
-5.928281793120423471e-01 5.082636841193639121e+00 -1.281297140591630246e+00
-6.196600254682265163e-01 5.081434458083324834e+00 -1.239138614112142323e+00
-6.503294928337844949e-01 5.078907093840479448e+00 -1.196513779796510191e+00
-6.472260681262703708e-01 5.083400056055691785e+00 -1.157491976370506048e+00
-6.439744810857600532e-01 5.087401041816614011e+00 -1.117771319713380951e+00
-6.405383086977441964e-01 5.091175276507706293e+00 -1.076995732128361194e+00
-6.631640348352051406e-01 5.090187343126994612e+00 -1.032417666779829268e+00
-5.255103992842101723e-01 5.086479188285425224e+00 -1.359466959332541025e+00
-5.226228536375198130e-01 5.091959008584689528e+00 -1.309890589860226218e+00
-4.623883151290710258e-01 5.109206704053980808e+00 -1.233802659117614109e+00
-4.745179063206763082e-01 5.109172032125496088e+00 -1.216687237953761436e+00
-4.824714512345866790e-01 5.109150417358779173e+00 -1.205452185695450096e+00
-4.880809978189231124e-01 5.109135222321302017e+00 -1.197527686902055910e+00
-4.925510860035374194e-01 5.108974139181755802e+00 -1.191183293383148767e+00
-4.959170976078286497e-01 5.108780995078219256e+00 -1.186365199352928723e+00
-4.976105455743740080e-01 5.108683876404886526e+00 -1.183940608115370052e+00
-2.201952501630506376e-01 5.135346820711248483e+00 -1.235345151035791567e+00
-2.462267538219393703e-01 5.137260264728435111e+00 -1.192706265216214812e+00
-2.726204815885406862e-01 5.138630138914265899e+00 -1.150318471778328355e+00
-2.992599422274084264e-01 5.139664554098121840e+00 -1.108014799149601215e+00
-3.233182241435367255e-01 5.141061114649419395e+00 -1.064204987924860957e+00
-3.302940345016139867e-01 5.144075395086748159e+00 -1.014804234490648494e+00
-3.247549448894108126e-01 5.148133747901411539e+00 -9.652852807963021586e-01
-3.380759506300245465e-01 5.150141334571194385e+00 -9.171382186900262079e-01
-3.639637637367994505e-01 5.150333286009992406e+00 -8.743853844407512010e-01
-2.179939862921806415e-01 5.135237354906757368e+00 -1.238397338246433055e+00
-2.257509427975188387e-01 5.139260832102094945e+00 -1.189176381544861938e+00
-2.148643019312847791e-01 5.144731435894920324e+00 -1.140700591132835395e+00
-1.924551388504162353e-01 5.149436869674387296e+00 -1.096287372317466646e+00
-1.639019372407609920e-01 5.153956763501430061e+00 -1.055538919876173320e+00
-6.333581624282907940e-01 5.007698367212814361e+00 -1.839248925230563936e+00
-6.561569921468198840e-01 5.008733540302374720e+00 -1.798372536249803089e+00
-6.780984301623522725e-01 5.009752104543909290e+00 -1.755317226608581027e+00
-6.997077262432765954e-01 5.010450976710745685e+00 -1.711204571138415398e+00
-6.330812752311076874e-01 5.008849382566989306e+00 -1.831186288869145695e+00
-6.473531168515428424e-01 5.012102362570357350e+00 -1.786772473482202139e+00
-6.506725285712127160e-01 5.017911739509547608e+00 -1.739302549597011138e+00
-7.444032954960096982e-01 5.014074910057425782e+00 -1.598978984216012478e+00
-7.462078918377261783e-01 5.015376002783769493e+00 -1.584209559066320105e+00
-1.319006273221935421e+00 4.800370575104170534e+00 -1.671432213473848849e+00
-1.360837062863830438e+00 4.783790906060430004e+00 -1.649674623091184955e+00
-1.402191539126073305e+00 4.766265877026145681e+00 -1.627782191172581383e+00
-1.442979527153646746e+00 4.747708778186814804e+00 -1.605745889197195186e+00
-1.483747415267549608e+00 4.729069756695135851e+00 -1.583689207507617214e+00
-1.524434268952390870e+00 4.710303326613458630e+00 -1.561609099609462259e+00
-1.564163950394972913e+00 4.689838067516931552e+00 -1.539280512208812679e+00
-1.603784013325995739e+00 4.669204428374345461e+00 -1.516916573542416602e+00
-1.643405988897232106e+00 4.648570547022432109e+00 -1.494545893741633158e+00
-1.311954570004105758e+00 4.805332327680518212e+00 -1.659240008737974392e+00
-1.335836698515566967e+00 4.800111263092960101e+00 -1.615649302072455162e+00
-1.346674160143342514e+00 4.801606962051021554e+00 -1.566882884172830170e+00
-1.351373560538909002e+00 4.805451225357312950e+00 -1.517270433411231689e+00
-1.349235843540890434e+00 4.812540013577122799e+00 -1.467830923687249767e+00
-1.343380238332644749e+00 4.821232651461627938e+00 -1.418989695807540752e+00
-1.305459936260181308e+00 4.844626360832332779e+00 -1.374992572534967428e+00
-1.301986271812742402e+00 4.851926837328377040e+00 -1.326528745980490642e+00
-1.298069800391055129e+00 4.858475346097788972e+00 -1.277217823652690321e+00
-1.389437194290180422e+00 4.707039814553303891e+00 -2.045037287520456992e+00
-1.419363425930407985e+00 4.686005118555478965e+00 -2.079065643179817346e+00
-1.398164889206742201e+00 4.689176203176440794e+00 -2.120872943721178849e+00
-1.400415983252479402e+00 4.680703932116202282e+00 -2.162151163502101792e+00
-1.402514231157983460e+00 4.671283459698277518e+00 -2.205675309058346745e+00
-1.403889101886820701e+00 4.664079066334581469e+00 -2.237360076012524956e+00
-1.446430970634082547e+00 4.639235019226652490e+00 -2.245321648767637068e+00
-1.490293283447012174e+00 4.616185201723657094e+00 -2.239535442353342010e+00
-1.532919578267146310e+00 4.594284711605785887e+00 -2.225672738134475193e+00
-1.397940612854266407e+00 4.704923527881193834e+00 -2.032954848466471454e+00
-1.441412078104149730e+00 4.681278996548104310e+00 -2.039355397398640246e+00
-1.484825717485839247e+00 4.658495375045761833e+00 -2.030033591270621329e+00
-1.542846832445007310e+00 4.627221039217211285e+00 -2.021536901747210013e+00
-1.554440268580207896e+00 4.625878107343162959e+00 -1.992195679404440201e+00
-1.566700918751052107e+00 4.624463173124279791e+00 -1.960824486444278536e+00
-1.579598401050338108e+00 4.622204924260993941e+00 -1.926962331581398402e+00
-1.593398434744271785e+00 4.619785116411677883e+00 -1.890750902354394247e+00
-1.629976315762759143e+00 4.601742563133382369e+00 -1.861859779747814470e+00
-1.006405495564155261e+00 4.961120976696977714e+00 -1.397526957320263330e+00
-1.000600310281604788e+00 4.968092796463034588e+00 -1.348369102496904004e+00
-9.948074584517727637e-01 4.975057565358541822e+00 -1.299204573147607400e+00
-9.890154108160994495e-01 4.981995465128650658e+00 -1.250033900213045834e+00
-9.387708756727942694e-01 5.001350186525681529e+00 -1.219921811896792718e+00
-9.221139512450606812e-01 5.011108321215671957e+00 -1.174716752298667011e+00
-9.074021601861305131e-01 5.018557461763109906e+00 -1.135494764828874015e+00
-9.313993368272021067e-01 5.015174193703973771e+00 -1.091788430531781762e+00
-9.672527325252591179e-01 5.006646014406165079e+00 -1.058147237273095786e+00
-1.020582737798205963e+00 4.956463861275469007e+00 -1.397432835094251979e+00
-1.043935204756710089e+00 4.952808680417057907e+00 -1.353379465171936413e+00
-1.078630253641956749e+00 4.943888357627181485e+00 -1.318525485565325894e+00
-1.116912611491047924e+00 4.932373025253094845e+00 -1.288545418594607694e+00
-1.158965021411483276e+00 4.918758581920790185e+00 -1.265181369919573529e+00
-1.192484999246358424e+00 4.909362741891638571e+00 -1.229344248112759441e+00
-1.209891337661336497e+00 4.906263199597981739e+00 -1.182654180458246884e+00
-1.213704437620810372e+00 4.909385068250784023e+00 -1.132983053000749862e+00
-1.209282122543505755e+00 4.915825849974743811e+00 -1.083663131709032168e+00
-8.291807311290377847e-01 5.005292438822232626e+00 -1.488593921249798724e+00
-8.123902728344770674e-01 5.014753058748633308e+00 -1.442516128331094993e+00
-7.565472092002064608e-01 5.037423065215670626e+00 -1.370572027290516193e+00
-7.439267477677068419e-01 5.045537815214142796e+00 -1.322954690785922205e+00
-7.483445310764397229e-01 5.049346681423578787e+00 -1.273483628299317161e+00
-7.713686206769168052e-01 5.048182628304023645e+00 -1.229487962005674673e+00
-8.071476766741354503e-01 5.041349966374641056e+00 -1.195572490194310999e+00
-8.165322359369685534e-01 5.007672684523817530e+00 -1.496111644915103955e+00
-7.178425415894317263e-01 5.040448175792991314e+00 -1.430762501603783710e+00
-7.078299038281069544e-01 5.040904230537347708e+00 -1.446207408616797974e+00
6.317173403899729589e-01 5.130146942799544973e+00 -4.122566830562290896e-01
6.343416681606693919e-01 5.130854762681305914e+00 -3.794799872285132825e-01
6.375191828405213368e-01 5.131429537053389112e+00 -3.389025233519084579e-01
6.409198652684758857e-01 5.131457055019531310e+00 -2.939322714455747665e-01
6.291706659776177268e-01 5.134830177469875245e+00 -2.454463694983980149e-01
6.206249271909396459e-01 5.137520461874847122e+00 -1.962582525975657410e-01
6.138321191737394766e-01 5.139488972771497188e+00 -1.467685622006368873e-01
5.941803312873384924e-01 5.143243481641595949e+00 -1.009514752123828463e-01
5.656319050486280364e-01 5.148697539135336676e+00 -6.027105196672715576e-02
6.327272972735874523e-01 5.130417923748400888e+00 -3.996812916012151828e-01
6.356644761550119815e-01 5.131209767933403221e+00 -3.630068932306691476e-01
6.387160394585058576e-01 5.131439803757883666e+00 -3.230412212142913519e-01
6.420145022306515958e-01 5.131466115635908487e+00 -2.794449842834657582e-01
6.280382465954867932e-01 5.135311411987426133e+00 -2.315964076696132856e-01
6.170418422209812404e-01 5.138524263710920081e+00 -1.829341853363952719e-01
6.058782423263362471e-01 5.141008535327161511e+00 -1.342718449475346909e-01
5.907605101882071885e-01 5.143896885678038267e+00 -8.670835646707243660e-02
5.770524262088279066e-01 5.146515944750571947e+00 -3.869956483151238552e-02
2.604533405788378997e-01 5.167962404702647561e+00 -7.510586886008003837e-01
2.111815477079004022e-01 5.171986360626831036e+00 -7.443140606482460120e-01
1.618305171317114266e-01 5.175423352640280861e+00 -7.375322342200717474e-01
1.124325952433454789e-01 5.177735701791633005e+00 -7.306791052674078690e-01
6.302324280707594095e-02 5.179327942821958963e+00 -7.237903301136194845e-01
1.358660208942643471e-02 5.180706438016959403e+00 -7.168903260464830618e-01
-2.968702528403704272e-02 5.181791806082198804e+00 -6.920174454262384423e-01
-1.382053655447538706e-02 5.185656015909666294e+00 -6.156476590331181331e-01
-4.436321386281760065e-02 5.187264912710212172e+00 -5.772965496447653999e-01
2.647063587464122958e-01 5.168516080938890589e+00 -7.367611294081013451e-01
2.293557303195911667e-01 5.172898966951865241e+00 -7.018608913865665988e-01
2.064874087828648397e-01 5.176482731363931222e+00 -6.576777796714976532e-01
1.896050641515931168e-01 5.179833728556330286e+00 -6.107890566712997904e-01
2.394777072597901457e-01 5.178860535776866669e+00 -5.665076856693334051e-01
2.435030258111910706e-01 5.180830956114391483e+00 -5.174920719349405118e-01
2.475033163932249813e-01 5.181882497561216105e+00 -4.679719375467568665e-01
2.043878027704565115e-01 5.186845398470743440e+00 -4.120812784454946920e-01
2.110723827186425372e-01 5.188112904004934300e+00 -3.629341636798086856e-01
1.302034644836780775e+00 4.920355326168907695e+00 -2.526430174987929211e-01
1.293181733740311312e+00 4.924056173296681216e+00 -2.638219232128716785e-01
1.309813935795828055e+00 4.915493775940702470e+00 -3.095479354266023608e-01
1.311803951910428978e+00 4.912637375097554937e+00 -3.682344790547940061e-01
1.338666492236739503e+00 4.899871474514591263e+00 -4.009578117739271974e-01
1.357306774916704928e+00 4.890293611715957667e+00 -4.241517578096599128e-01
1.367383544485887503e+00 4.884866007275677546e+00 -4.366769431549915592e-01
1.371000864762150995e+00 4.882918288802355455e+00 -4.411537462757925687e-01
1.370116055299102742e+00 4.883395485042697715e+00 -4.400358856531445539e-01
1.365869889970242834e+00 4.885683072738209454e+00 -4.347434716139134125e-01
2.566214602085569729e-01 5.148141009249401101e+00 -1.051771877567400537e+00
2.251017965856285385e-01 5.153622006775380626e+00 -1.013827267724019654e+00
1.934912622174443930e-01 5.159036870157979848e+00 -9.757510433868901156e-01
1.641086495444028237e-01 5.163053254967271855e+00 -9.356621170762480233e-01
1.521260730376038373e-01 5.166817143607304708e+00 -8.874089878379813889e-01
1.311382702040874704e-01 5.170658320988639645e+00 -8.426879989474241883e-01
2.690833577015679379e-01 5.147626044679875612e+00 -1.044095400084807501e+00
2.662740175901818773e-01 5.151461237148430961e+00 -9.947718435653003510e-01
2.789573565508535746e-01 5.153877936984952335e+00 -9.467608967896120609e-01
3.108566427094029971e-01 5.154454153424182117e+00 -9.013378685253345957e-01
2.618336405169074066e+00 3.832662629867148230e+00 -2.905034700842590856e-01
2.642178319009644838e+00 3.798999887702735556e+00 -2.626122610373455291e-01
2.667049109362367165e+00 3.763730178757707101e+00 -2.376279073355482829e-01
2.691123716709914682e+00 3.727014590494751811e+00 -2.139364663876786865e-01
2.708236879841074973e+00 3.701159339884441568e+00 -1.749734557772845700e-01
2.716835286770415969e+00 3.688728184965226031e+00 -1.274723062205140867e-01
2.718943537286762080e+00 3.685795556124916050e+00 -7.769701108894878916e-02
2.717090838786343276e+00 3.688606078352142603e+00 -2.787615455990521268e-02
2.623752830715370354e+00 3.824749591745731703e+00 -2.907604439788683548e-01
2.650036404495904829e+00 3.787168627518727959e+00 -2.714234111590070331e-01
2.677907129667076003e+00 3.746685849370676280e+00 -2.633741819119267968e-01
2.704140845595282450e+00 3.704741416752406646e+00 -2.693264478534717066e-01
-1.053858038777637923e-01 5.163654961077043914e+00 -9.661878823337830546e-01
-1.468741944174516145e-01 5.163505452847060084e+00 -9.383772028659786990e-01
-1.883720983541357918e-01 5.163244716389760569e+00 -9.105579816934725734e-01
-9.532678482280330934e-02 5.164684318305052813e+00 -9.551883518018766672e-01
-1.129370100859695553e-01 5.167472344636635739e+00 -9.085231990304653005e-01
-1.152815484939524321e-01 5.170684683014216354e+00 -8.587015934414017337e-01
-1.110427131157443320e-01 5.173504651339838389e+00 -8.089801415519796146e-01
-2.612122041428350805e+00 3.359646459354196146e+00 -2.586737139540058017e+00
-2.634611355095696883e+00 3.331748486574996893e+00 -2.551941070479996743e+00
-2.656355656974412671e+00 3.303346151718272061e+00 -2.516912978204332685e+00
-2.678069142157275095e+00 3.274997261097155388e+00 -2.481904251310600440e+00
-2.699506077497912493e+00 3.246590921231117921e+00 -2.446868046621612169e+00
-2.715697945796548662e+00 3.230924035868012023e+00 -2.402300612221139886e+00
-2.723956596624073079e+00 3.243241425895254881e+00 -2.332079314620893573e+00
-2.738595974837105818e+00 3.221142566835096588e+00 -2.311272029771133774e+00
-2.750947370515039569e+00 3.201446723639947756e+00 -2.292841441780476774e+00
-2.614042634797700160e+00 3.350595783538783401e+00 -2.598455355884214502e+00
-2.638254178285287743e+00 3.307648937118935262e+00 -2.590449842494794819e+00
-2.658552807545503605e+00 3.262603527413337368e+00 -2.597496888570161477e+00
-2.718413602018388886e+00 3.127556032736631408e+00 -2.599657278782216530e+00
-2.725456197819051241e+00 3.134672368995275793e+00 -2.553463366819103353e+00
-2.732261952646181769e+00 3.141851396548816400e+00 -2.505893354947954066e+00
-2.750073453941468848e+00 3.120392379204794953e+00 -2.464462303750063032e+00
-2.770578336367536032e+00 3.085433190580334273e+00 -2.435270744632382911e+00
-2.789680958660587962e+00 3.043790003167218039e+00 -2.415572076897553266e+00
-2.808547185129948609e+00 3.006945328468464851e+00 -2.388250848532849968e+00
-2.825398725387304744e+00 2.982214899935808461e+00 -2.349093665056916080e+00
-2.836823933107699869e+00 2.974586216542555839e+00 -2.301694428415773430e+00
-2.717011337984058361e+00 3.126207658151644697e+00 -2.607907708354290754e+00
-2.721238645760189812e+00 3.130223932395149067e+00 -2.582941787773345599e+00
-2.725953699050132517e+00 3.135196555928078332e+00 -2.549987234574011996e+00
-2.731137072238165153e+00 3.140664171968227780e+00 -2.513757240950350802e+00
-2.751918331080847935e+00 3.106510605230417887e+00 -2.483902536261552996e+00
-2.771641912214702241e+00 3.062834943068113880e+00 -2.470017542638907493e+00
-2.788436628234731707e+00 3.016045157875904881e+00 -2.472251870688389808e+00
-2.801586322965717191e+00 2.970879673642375707e+00 -2.488586637851108563e+00
-2.811225286922221400e+00 2.927192836639722184e+00 -2.510542571806740231e+00
-1.172795095365217533e+00 4.699655703922782202e+00 -2.596607210596494575e+00
-1.161307731927776254e+00 4.700824772820168640e+00 -2.612449637575858574e+00
-1.074420575522341492e+00 4.741902978668787405e+00 -2.587846714470593668e+00
-1.057127101078538134e+00 4.743501963441659974e+00 -2.612581753311070010e+00
-1.039192088326655439e+00 4.744955401774308079e+00 -2.638268264432669596e+00
-1.019460386842116373e+00 4.745651865856067353e+00 -2.665725333571204558e+00
-9.980796476551170304e-01 4.746410478859886872e+00 -2.695459646681584331e+00
-8.930954285076945220e-01 4.777227660221195826e+00 -2.720335195916428805e+00
-8.950117146521225919e-01 4.770905402964080722e+00 -2.744073389510413907e+00
-1.166730893637142330e+00 4.700273700343730710e+00 -2.604966691551345193e+00
-1.156374060750339661e+00 4.701327308876762423e+00 -2.619251800172612388e+00
-1.072016415975228787e+00 4.742124387073991088e+00 -2.591289400765846462e+00
-1.053464409702401516e+00 4.743840255895068303e+00 -2.617822192991977825e+00
-1.031675345127275323e+00 4.745216137333546413e+00 -2.648748210162096495e+00
-1.008053494722850774e+00 4.746048568101460141e+00 -2.681624435469584622e+00
-8.921109512707496858e-01 4.780266379015845501e+00 -2.709015640989017371e+00
-8.911918443506638976e-01 4.782965318123008736e+00 -2.699025184945055944e+00
-8.890638625722138144e-01 4.789156412695206200e+00 -2.673729400887447039e+00
-2.101543137974108966e+00 4.104111931278930037e+00 -2.440725982016170637e+00
-2.114809485518791554e+00 4.090856973862544876e+00 -2.442138633340765530e+00
-2.088197255742034741e+00 4.117446288628785922e+00 -2.439305107135391282e+00
-2.078773266238733264e+00 4.138583032736633527e+00 -2.394992516722219467e+00
-2.067616265535201503e+00 4.161105592389310104e+00 -2.351772795357458978e+00
-2.055041147620964903e+00 4.183287617871580544e+00 -2.308819376748679986e+00
-2.042100014281670539e+00 4.205589124097162568e+00 -2.266044356241881275e+00
-2.028950089813158719e+00 4.228115081960975630e+00 -2.223397987448179514e+00
-2.030395430805476575e+00 4.238448939734467125e+00 -2.174523922921391073e+00
-2.042791744555909172e+00 4.238250164765618777e+00 -2.126107617559612528e+00
-2.061261661675136025e+00 4.230782176823127294e+00 -2.080280355138863335e+00
-1.837940397507361601e+00 4.376639925782701113e+00 -2.279745936088886094e+00
-1.802110419537671371e+00 4.404689296045465774e+00 -2.272695357724122456e+00
-1.768002171475502537e+00 4.434533270899659207e+00 -2.251650589470703956e+00
-1.732328785581685571e+00 4.463978143962013867e+00 -2.232812315087106647e+00
-1.644819099864377243e+00 4.526448542483319848e+00 -2.220710539563317543e+00
-1.645319251244687919e+00 4.532453462682710210e+00 -2.188748911300557154e+00
-1.645839558272248260e+00 4.540519789936491968e+00 -2.145034484837128108e+00
-1.642846062243722427e+00 4.551658371071218845e+00 -2.096747585572559025e+00
-1.656028744884901149e+00 4.552451110002688317e+00 -2.049163352464957288e+00
-1.845226818658234347e+00 4.370530023333176750e+00 -2.281165747082058548e+00
-1.828804900320972315e+00 4.383791794194873859e+00 -2.277947456703719897e+00
-1.803751120928139606e+00 4.403404578175870832e+00 -2.273019584171811491e+00
-1.780759441740488613e+00 4.421403097780149061e+00 -2.268497291182304032e+00
-1.763665242172195891e+00 4.443166595796083307e+00 -2.226905433289316782e+00
-1.748777081142816048e+00 4.462541974656394572e+00 -2.183432880424100109e+00
-1.742136135969824418e+00 4.476672123583496976e+00 -2.136028594493990962e+00
-1.738828242131821522e+00 4.488679234553478281e+00 -2.087663776696483175e+00
-1.751818189935590464e+00 4.489300638370727015e+00 -2.039424106395397729e+00
-2.336313323696794786e+00 3.819551271537453552e+00 -2.504871294171071128e+00
-2.331031074984544205e+00 3.840091853814296741e+00 -2.459720864686234076e+00
-2.326550059052418185e+00 3.860056893720120730e+00 -2.414015538193910793e+00
-2.322958467192097309e+00 3.879072798083998741e+00 -2.367932828456796202e+00
-2.319047497772083410e+00 3.897312240334719124e+00 -2.321584749529745473e+00
-2.314957321458742001e+00 3.915096597770933773e+00 -2.275062942574753944e+00
-2.286756656208702498e+00 3.960409453502750310e+00 -2.231698219828960994e+00
-2.290638522571320390e+00 3.969504987282346686e+00 -2.182768250306413638e+00
-2.293881264574728185e+00 3.977859713675047537e+00 -2.135162679617289783e+00
-2.336463556200575553e+00 3.820225116452110381e+00 -2.502060561140194039e+00
-2.337738463880657314e+00 3.833378961965405729e+00 -2.454006039510991499e+00
-2.347242805650905595e+00 3.836663856801469041e+00 -2.405160321101613263e+00
-2.365560735136052362e+00 3.827572142227182006e+00 -2.359643723405789650e+00
-2.389524811673354954e+00 3.807287958513179582e+00 -2.320811466402319834e+00
-2.445425747677232309e+00 3.747942403896386665e+00 -2.271040972753159082e+00
-2.444417651319519269e+00 3.753379298156335864e+00 -2.256496586075380950e+00
-2.443675430602997078e+00 3.757365085822628625e+00 -2.245849837558636430e+00
-2.443080411872653901e+00 3.760560775310304749e+00 -2.237313224051565630e+00
-2.153809645549428886e+00 4.023461073053351100e+00 -2.537042673195465170e+00
-2.155839783500015816e+00 4.020014634357576000e+00 -2.541566403631060567e+00
-2.158977943255990350e+00 4.014686987418830455e+00 -2.548559758829152866e+00
-2.164941106182457720e+00 4.004561858940440366e+00 -2.561853575593156851e+00
-2.169936330904894017e+00 3.996082196744585868e+00 -2.572982961235235067e+00
-2.179045859651054684e+00 3.980007403433271307e+00 -2.593832691948262159e+00
-2.186761950818177702e+00 3.965371493836704619e+00 -2.612187526192528697e+00
-2.220340659534632444e+00 3.931779174223722695e+00 -2.597076391516469407e+00
-2.253372725629978923e+00 3.899997595168427367e+00 -2.577334917240067913e+00
-2.158280401243068969e+00 4.015879100663375390e+00 -2.546978756908270469e+00
-2.165249991356509085e+00 4.004047030458480982e+00 -2.562509782835670435e+00
-2.172199349936237311e+00 3.992249319624179282e+00 -2.577995681544044348e+00
-2.181401011000413614e+00 3.975536651278564815e+00 -2.599446009420117054e+00
-2.191669514931299023e+00 3.956064497899601129e+00 -2.623856215832965688e+00
-2.224787580700678724e+00 3.918829882408170651e+00 -2.622458103700419318e+00
-1.113388420691363789e+00 4.656908479924816824e+00 -2.883211378189110441e+00
-1.098889243081922817e+00 4.672906686187754843e+00 -2.840930586199676089e+00
-1.093989623869306760e+00 4.686421976517138432e+00 -2.793050587473643542e+00
-1.086656957428608239e+00 4.700716650268858210e+00 -2.745714764565045485e+00
-1.112091017273987736e+00 4.658341576145378582e+00 -2.879421589421554906e+00
-1.096948785860134556e+00 4.675049914095471770e+00 -2.835263137505441566e+00
-1.086455739578461088e+00 4.690436245006015525e+00 -2.788887953898083971e+00
-2.262072655075711758e+00 2.987763033484259090e+00 -4.213299909695740197e+00
-2.235867858708077804e+00 3.021040344917496068e+00 -4.239558440476473677e+00
-2.208298677117395581e+00 3.053750730993656681e+00 -4.265280047171455813e+00
-2.180714674913589057e+00 3.086458129695358377e+00 -4.291037955054295416e+00
-2.152447579311166148e+00 3.118804332013836778e+00 -4.316432175644543179e+00
-2.124122613067705778e+00 3.153346382652829849e+00 -4.338005731016216338e+00
-2.096654148110166815e+00 3.191628642651389125e+00 -4.351425427407349389e+00
-2.073266871454054971e+00 3.233589092204054438e+00 -4.348935198329576757e+00
-2.262260293546473733e+00 2.976724338379964419e+00 -4.223316783254836615e+00
-2.239430573116481860e+00 2.985012069919653399e+00 -4.266871609889428818e+00
-2.221167745692448126e+00 2.978586198731376644e+00 -4.312918556462331132e+00
-2.205315866039648576e+00 2.966729373081321786e+00 -4.358803160901747020e+00
-2.192933567407428619e+00 2.947788260085069556e+00 -4.403355000963025567e+00
-2.179636569796244761e+00 2.930521982629165301e+00 -4.448319574895473139e+00
-2.158291760170425455e+00 2.930044735489494290e+00 -4.493347228461711751e+00
-2.131310500295360733e+00 2.947830495460570965e+00 -4.531246603846762255e+00
-2.103384898197819819e+00 2.980623507390403493e+00 -4.557062583488917795e+00
-2.970914545406899698e+00 2.329942320702321545e+00 -2.363400924270491199e+00
-2.980382420995829396e+00 2.296979786447028271e+00 -2.327142125471379774e+00
-2.987051995202278931e+00 2.295842079925154433e+00 -2.291443762137897355e+00
-2.993611653111860171e+00 2.298553785584514841e+00 -2.254571929462384716e+00
-3.000553857313310591e+00 2.301426555037408672e+00 -2.215580661325322609e+00
-3.006829965434110630e+00 2.304342875553755388e+00 -2.174292616541016798e+00
-3.016312666301725010e+00 2.283420772038637470e+00 -2.129875288201052541e+00
-3.025485981484297149e+00 2.264417100305837760e+00 -2.084538558566988886e+00
-3.034279086915888435e+00 2.246636068616767012e+00 -2.038653601721734709e+00
-2.970309765371557997e+00 2.332040947325355162e+00 -2.365720213697108498e+00
-2.978976971644623717e+00 2.301886535702551750e+00 -2.332518244822063824e+00
-2.988286541957421605e+00 2.296396470180866345e+00 -2.284484121212200236e+00
-2.996847370571185554e+00 2.299932002903376738e+00 -2.236365291265331567e+00
-3.004761484965183360e+00 2.303370378202694191e+00 -2.187921199202750522e+00
-3.012014566264914261e+00 2.306739732941761378e+00 -2.140161826634078945e+00
-3.018633038430916127e+00 2.316649042497206601e+00 -2.091717395686582659e+00
-3.023812216008229026e+00 2.335783549386767355e+00 -2.045890773327857737e+00
-3.027374102654116328e+00 2.363282778969895137e+00 -2.004391252035371274e+00
-2.825224927129655672e+00 2.794420191899924966e+00 -2.634747231843072690e+00
-2.978275756485247783e+00 1.971384847503402593e+00 -2.415675736279767616e+00
-2.980889441422689856e+00 1.924558906369944422e+00 -2.398440112492049359e+00
-2.983459100440988720e+00 1.877741673205466366e+00 -2.381201438642525758e+00
-2.983641247061309620e+00 1.831032913909492965e+00 -2.363515560401400428e+00
-2.983708339395052977e+00 1.784351737790395021e+00 -2.345796711637305965e+00
-2.983775616148470977e+00 1.737646690963903673e+00 -2.328067986077995144e+00
-2.982490672090364558e+00 1.691082703226995942e+00 -2.310087651487933158e+00
-2.980000803855683777e+00 1.644680703369994168e+00 -2.291868169936923216e+00
-2.972068738300578161e+00 1.544900330567472668e+00 -2.265895121596599449e+00
-2.980788863419771229e+00 1.978638405486403906e+00 -2.402873718036414363e+00
-2.988117154656011465e+00 1.950847956197231170e+00 -2.362011105247522558e+00
-2.996619095978537484e+00 1.937186923760288115e+00 -2.314737546864557238e+00
-3.004949203343762143e+00 1.930319962189471328e+00 -2.265960050910391210e+00
-3.013537901033418898e+00 1.931272331889819949e+00 -2.216743531763848640e+00
-3.022179265294121731e+00 1.936372451440371067e+00 -2.167763535195158742e+00
-3.030786909944652496e+00 1.944590537044198930e+00 -2.119214167956218642e+00
-3.038892636041842010e+00 1.956000303149204589e+00 -2.071224748033650975e+00
-3.046313453083539180e+00 1.947126158781650407e+00 -2.022591922175053902e+00
-2.895511801287221854e+00 1.732145834803098916e+00 -2.758906327259172286e+00
-2.888758950411536297e+00 1.683727763548797940e+00 -2.769116709312413160e+00
-2.881384722982224478e+00 1.635386218379887735e+00 -2.779185280797140667e+00
-2.872022373372383974e+00 1.587284663409613605e+00 -2.788819538736598602e+00
-2.867056684681310141e+00 1.538793021421955398e+00 -2.778621678437358966e+00
-2.867508713077263405e+00 1.503098089353630318e+00 -2.752989053974438161e+00
-2.875154978177548948e+00 1.504493740139367208e+00 -2.720169501886637420e+00
-2.884018472477143824e+00 1.506213373833821256e+00 -2.681063656846002008e+00
-2.893397218419016426e+00 1.508149924905501704e+00 -2.638045341884930561e+00
-2.892938805416492620e+00 1.737689384424877304e+00 -2.772519413599010552e+00
-2.881762270988330599e+00 1.705353135447049029e+00 -2.808892494725995892e+00
-2.870238672862848173e+00 1.686131880880654688e+00 -2.853579069808721780e+00
-2.807963379467348641e+00 1.405109395545667939e+00 -2.928029212352579069e+00
-2.805484610235794651e+00 1.404884243898264051e+00 -2.937741225910885490e+00
-2.802977222840883353e+00 1.404600906924255987e+00 -2.947138435293254588e+00
-2.800251380101396848e+00 1.404296191066995769e+00 -2.957357316802529557e+00
-2.797086352053174796e+00 1.403945824119166241e+00 -2.969225720969879134e+00
-2.793302984214409257e+00 1.403529657618028281e+00 -2.983415170177925457e+00
-2.788752562789326817e+00 1.403031036990401770e+00 -3.000483149049089526e+00
-2.774068851449055906e+00 1.358217348686594050e+00 -3.017105213054791957e+00
-2.758665480372169743e+00 1.315809465849916204e+00 -3.038638097861328546e+00
-2.811409335552392808e+00 1.405600494530481193e+00 -2.913637821755548973e+00
-2.816080862581570976e+00 1.406198992773629364e+00 -2.894070411252854580e+00
-2.823739593006001858e+00 1.407323741322145327e+00 -2.862113671762575695e+00
-2.827872115545384535e+00 1.380409477336089763e+00 -2.820329996529004735e+00
-2.832974032644421936e+00 1.357891101298547731e+00 -2.776092372052045842e+00
-2.832368608545464017e+00 1.323257241185380018e+00 -2.740214993679805922e+00
-2.834032889363838681e+00 1.293857043803224638e+00 -2.699962899703600705e+00
-2.839499682610747033e+00 1.275452998411125805e+00 -2.653996209205085943e+00
-2.848416779081570649e+00 1.268721983602316916e+00 -2.605452019759489257e+00
-2.798037934166746510e+00 1.603410483939458064e+00 -3.106113791488711584e+00
-2.786945087816666611e+00 1.592823503000007301e+00 -3.142620735008226251e+00
-2.801206527153638604e+00 1.606673633026474590e+00 -3.094984814556151598e+00
-2.797528673742586403e+00 1.602883641870656684e+00 -3.107901276439054783e+00
-2.791974553267620784e+00 1.597391555754047010e+00 -3.126945238181090492e+00
-2.788151062230178390e+00 1.593932399657828292e+00 -3.138870078699911303e+00
-2.783750114645986873e+00 1.589939607749961681e+00 -3.152589265963692711e+00
-2.779325359363151282e+00 1.585921949421034594e+00 -3.166380732056419234e+00
-6.908468598041801467e-01 5.087335917342104885e+00 -9.908925766160534554e-01
-7.182759079938281221e-01 5.083627056591360827e+00 -9.492772270155341863e-01
-8.293491861953474764e-01 5.059568882724180483e+00 -9.030111954786104178e-01
-8.277465846382529024e-01 5.062493403454186414e+00 -8.609642983747574085e-01
-8.531410653730960858e-01 5.058332427390898722e+00 -8.181317821876820107e-01
-8.664980120938521324e-01 5.057599893142226577e+00 -7.699829301117098179e-01
-8.714417710007290596e-01 5.058984407808240213e+00 -7.202716376720817992e-01
-8.710237240886362642e-01 5.061761444723310355e+00 -6.703692503763682975e-01
-8.671320099300918738e-01 5.065130870149896936e+00 -6.206490622118258083e-01
-6.777823674828827860e-01 5.090941471288786602e+00 -9.846131108461754211e-01
-6.761168034125877302e-01 5.094605187923449741e+00 -9.347926160916456562e-01
-6.593894312908764599e-01 5.100990594251690879e+00 -8.881259678090754894e-01
-6.373177372881276836e-01 5.108307203989363998e+00 -8.438799924320057322e-01
-6.128295597585871057e-01 5.115953740142530570e+00 -8.009614184776024937e-01
-5.869743854404086969e-01 5.123818981687997542e+00 -7.587918269634363888e-01
-5.854825539812179569e-01 5.126796359837007877e+00 -7.158462199004314019e-01
-5.837700285186215865e-01 5.129330666364817048e+00 -6.694384456922477522e-01
-5.821321910554524415e-01 5.131432857141001946e+00 -6.269130082491589651e-01
-5.041036797829171467e-01 5.108309237030974614e+00 -1.174669764476697464e+00
-5.181985891708615899e-01 5.107495688426495484e+00 -1.154548621025627497e+00
-5.105273709995550302e-01 5.113220778993533777e+00 -1.105461848796021496e+00
-5.072507829530712442e-01 5.117674420721852080e+00 -1.055769422962189230e+00
-5.044754533677463515e-01 5.121893685269556684e+00 -1.006034028776029432e+00
-4.882879822115867019e-01 5.127546915070767319e+00 -9.590887890680953598e-01
-4.884137463817178060e-01 5.130894297301000329e+00 -9.092076224646681304e-01
-5.081016415761261396e-01 5.130943977723106286e+00 -8.632534550907509097e-01
-4.941033064700155464e-01 5.108887162842128404e+00 -1.188937684199802947e+00
-4.904177527431857198e-01 5.109099860046290686e+00 -1.194199330955603600e+00
-4.861758243222323861e-01 5.109137771674067352e+00 -1.200247596353122059e+00
-4.821980229485914315e-01 5.109149214354715696e+00 -1.205859671056986437e+00
-4.771470712095663425e-01 5.109163885212137046e+00 -1.212984257715091330e+00
-4.717496871487854571e-01 5.109179440838063968e+00 -1.220598828250905266e+00
-4.637147402423532627e-01 5.109203088528579961e+00 -1.231929089764863150e+00
-4.581901603829089953e-01 5.109219074754197898e+00 -1.239722407933684822e+00
-3.661320228975078472e-01 5.125013528260705442e+00 -1.199928123638807520e+00
-4.021655122889241096e-01 5.147855929652781271e+00 -8.422433594650681199e-01
-4.138687386787048839e-01 5.149331107582226785e+00 -7.942204587424035456e-01
-4.386897889011082685e-01 5.148799586328381750e+00 -7.525841422909049783e-01
-4.639794278788156867e-01 5.146962689683993730e+00 -7.098340829274177866e-01
-4.669914397616798385e-01 5.149122030957633989e+00 -6.598940391790582005e-01
-4.652006390606338582e-01 5.151927089806022764e+00 -6.124741677475513679e-01
-4.636760958686629852e-01 5.154006329606776404e+00 -5.714607932633591902e-01
-4.621856260986906828e-01 5.155476364523054578e+00 -5.346861408312276742e-01
-3.528578325500221213e-01 5.172348417581795310e+00 -4.638799630877208924e-01
-3.910472468454310735e-01 5.149701750235608166e+00 -8.323775749682726932e-01
-4.156375876834736416e-01 5.149303857206297685e+00 -7.912377300738299146e-01
-4.403879171918604341e-01 5.148675969071096148e+00 -7.497187782145262602e-01
-4.651571539543556955e-01 5.146876318492150659e+00 -7.078588452912020212e-01
-4.670618954089823527e-01 5.149040890984893259e+00 -6.612086340579317323e-01
-4.653235967127241079e-01 5.151766856440377573e+00 -6.151197034495312632e-01
-4.636072476297464218e-01 5.154067355390504090e+00 -5.699608408283294292e-01
-4.617647846728313299e-01 5.155892240363261436e+00 -5.242793979778128666e-01
-4.744911271326347491e-01 5.155879790130817319e+00 -4.759549806806235295e-01
-1.679487499487652746e+00 4.629618001836141694e+00 -1.465675367758208392e+00
-1.715001591786547319e+00 4.609766313378332647e+00 -1.436678255305970708e+00
-1.793308640306503721e+00 4.562278895765302877e+00 -1.400088436452334717e+00
-1.791858446994738729e+00 4.565712386543982149e+00 -1.379113002347579719e+00
-1.790349914011714727e+00 4.569202378701093359e+00 -1.357991454694585043e+00
-1.796697103335720191e+00 4.570101599727379948e+00 -1.313657065695251980e+00
-1.813348602405256305e+00 4.563579056074438256e+00 -1.273266179440405876e+00
-1.830034037431712113e+00 4.556367611117874361e+00 -1.231714122649182341e+00
-1.846854944289197498e+00 4.548566974713159183e+00 -1.189208064764567974e+00
-1.684356616936045992e+00 4.624658057960798097e+00 -1.478898244239079673e+00
-1.725880212288794402e+00 4.596933008455228453e+00 -1.479620975336165323e+00
-1.798681168008091857e+00 4.546175221093935015e+00 -1.489390737825170064e+00
-1.829581401984513800e+00 4.519631567188840293e+00 -1.518085086631601577e+00
-1.856315598071000883e+00 4.495261585359880740e+00 -1.552448623794515870e+00
-1.880572426721915491e+00 4.472192762613768302e+00 -1.589504740173131925e+00
-1.902528647857648192e+00 4.448851940143955908e+00 -1.627776633254695016e+00
-1.923587726346970062e+00 4.425950808993955654e+00 -1.666857100216993182e+00
-1.979409029355794880e+00 4.373629804734183502e+00 -1.714172855527918093e+00
-1.312860533269802232e+00 4.856682325623296492e+00 -1.229509519505863180e+00
-1.327592661605009772e+00 4.854917375198225749e+00 -1.181776426546538250e+00
-1.342031983366517078e+00 4.852560851120958141e+00 -1.133980481216069869e+00
-1.369289242376119597e+00 4.842820899346913066e+00 -1.093228937426124814e+00
-1.403259124865758878e+00 4.829115171780075322e+00 -1.059213680766855958e+00
-1.441617750703984679e+00 4.812014616614596285e+00 -1.032115932385973878e+00
-1.482100053387418237e+00 4.793292611368849876e+00 -1.009558840371309607e+00
-1.523056905813924278e+00 4.772632666654650357e+00 -9.897807325758721797e-01
-1.564221988222782134e+00 4.750821450215130248e+00 -9.717514652719781987e-01
-1.299389574254834701e+00 4.862779219796497188e+00 -1.227435535717767312e+00
-1.661425789740689885e+00 4.587629256989799842e+00 -1.825693008085937485e+00
-1.733114757546186269e+00 4.547290387502394893e+00 -1.786760761231582562e+00
-1.734105960732170493e+00 4.552125831929260791e+00 -1.755065115831381695e+00
-1.734846445933884374e+00 4.556500475266305195e+00 -1.723268755313740908e+00
-1.735484610014642382e+00 4.560960969411563148e+00 -1.689964832216206192e+00
-1.764183556052667745e+00 4.547080121184977841e+00 -1.651483292537709646e+00
-1.714502114364165442e+00 4.543327334979458065e+00 -1.884685350918753999e+00
-1.736503392191834250e+00 4.532994516633157112e+00 -1.854926810948684279e+00
-1.775879112582856356e+00 4.503638076608757146e+00 -1.863877326298019943e+00
-1.812187577677474959e+00 4.474808193457542771e+00 -1.882479896790937968e+00
-1.845887078184126118e+00 4.445999634049447202e+00 -1.905439987123839440e+00
-1.884310521714041675e+00 4.414783614102866238e+00 -1.911525053338666069e+00
-1.923682671121614396e+00 4.384637325647512185e+00 -1.906178229489044362e+00
-1.959475008392312034e+00 4.353270157897099146e+00 -1.920849159026667419e+00
-1.987390068303123369e+00 4.323843752633655946e+00 -1.949821081628937636e+00
-1.011784012928231169e+00 4.993017907433606517e+00 -1.040215219977642880e+00
-1.056304755231135539e+00 4.979110878812116781e+00 -1.022320809563074251e+00
-1.100718335784195423e+00 4.964899374469010418e+00 -1.004395516602453853e+00
-1.138677625768440782e+00 4.952488263879893715e+00 -9.744459357154275914e-01
-1.163854279599204178e+00 4.945600026199787891e+00 -9.319182379720494236e-01
-1.235392742038737390e+00 4.917837304365805018e+00 -9.211253179205809438e-01
-1.258913390579729175e+00 4.910727066406643360e+00 -8.799335006507197354e-01
-1.282184413805183221e+00 4.902973723233928993e+00 -8.388000734100030664e-01
-1.259168709939859632e+00 4.917876113031251606e+00 -7.682005513951520870e-01
-1.005099000374852780e+00 4.996325536478455120e+00 -1.027280344770055809e+00
-1.031942314714284326e+00 4.990346914677650680e+00 -9.855953033234083893e-01
-1.045519832295464635e+00 4.989357115507061735e+00 -9.375253389848835495e-01
-1.052793535274667125e+00 4.990303956383614903e+00 -8.881055282730075939e-01
-1.047503287495101798e+00 4.995386869175574063e+00 -8.386717874526473659e-01
-1.032077823171313913e+00 5.003814495769445259e+00 -7.918797351467177226e-01
-1.035709217065927445e+00 5.005705685362200619e+00 -7.420762750261948870e-01
-1.056790374643201247e+00 5.000792816571301813e+00 -6.970411776042207963e-01
-1.151029775940836108e+00 4.969005872401988988e+00 -6.532429667015664521e-01
-7.534995908506994522e-02 5.187791489085729957e+00 -5.384660684754574156e-01
-6.291210184705130215e-02 5.191769719360901369e+00 -4.490258114993253558e-01
-9.900274372192367778e-02 5.191595040308482290e+00 -4.172176212237239112e-01
-1.231916397499975141e-01 5.191901274011217815e+00 -3.734903553440032109e-01
-1.456574618310030322e-01 5.192324883107646727e+00 -3.288451775996266702e-01
-1.507655912290573608e-01 5.193111827107457223e+00 -2.791359635184029186e-01
-1.432550247879502414e-01 5.194195725600138758e+00 -2.296873443632372891e-01
-1.278298288038933195e-01 5.195623674188909469e+00 -1.821432021639906307e-01
-1.076335919611021708e-01 5.197126008396636188e+00 -1.364701070999632115e-01
-7.303583606227355418e-02 5.187751823160468234e+00 -5.413739214879167427e-01
-1.735475699695436247e-01 5.183081790977322356e+00 -5.652308156712364529e-01
-1.983971745517996987e-01 5.183331588456284500e+00 -5.344451441808172332e-01
-2.221212835533927232e-01 5.182432692545352992e+00 -5.050504248004374919e-01
2.171168514061178889e-01 5.188484014481318241e+00 -3.181834896741256857e-01
2.388367946818231724e-01 5.187588376538773360e+00 -2.731517374315265423e-01
2.586073830823903963e-01 5.186925738827101284e+00 -2.272215980353452514e-01
2.774731160247715378e-01 5.186386768969817318e+00 -1.809225923170726114e-01
2.957583741224463214e-01 5.185094660104862641e+00 -1.344157666590830025e-01
3.137337885414991923e-01 5.183699122759888311e+00 -8.779110132881243200e-02
3.117324593298106405e-01 5.184082567329157065e+00 -3.786090911236725948e-02
2.176939906868102514e-01 5.188519519414070302e+00 -3.139069355520058280e-01
2.302601644936498326e-01 5.188431513686275309e+00 -2.655124564988739500e-01
2.305306893947503266e-01 5.189438340668496075e+00 -2.155387823909442890e-01
2.155540669778011342e-01 5.190955157117941532e+00 -1.678886351251172304e-01
1.878437534757133598e-01 5.192798386503538310e+00 -1.263335503036350782e-01
1.625554915232936548e-01 5.194604864987017123e+00 -1.005348333956084389e-01
1.501338078412548516e-01 5.195214943521707873e+00 -1.086917025233553741e-01
1.350540100905878727e-01 5.195955426301079427e+00 -1.186050538348699945e-01
1.176823900974290488e-01 5.196808464097387059e+00 -1.300237773955552067e-01
1.361066735577900921e+00 4.888270982782150220e+00 -4.287495198934239693e-01
1.356404307205655080e+00 4.890782295139974423e+00 -4.229539436893648974e-01
1.349944940716996111e+00 4.894261509990553094e+00 -4.149240555007577824e-01
1.339441438898939740e+00 4.899501156110643407e+00 -4.019619058593171812e-01
1.330265716975211454e+00 4.903861125789427788e+00 -3.908023298992525096e-01
1.313140753013646966e+00 4.911997538908821070e+00 -3.699968439518889207e-01
1.268323990852233463e+00 4.931071205889955955e+00 -3.809089056988945177e-01
1.223605775592878642e+00 4.950110655923976033e+00 -3.923721265226163268e-01
1.178551286063844517e+00 4.968198899628141874e+00 -4.040071975022513917e-01
1.354433778618882700e+00 4.891842988788612345e+00 -4.205246778396958263e-01
1.343142128554019044e+00 4.897743473499762246e+00 -4.064406060316465563e-01
1.332776878073579141e+00 4.902669023376076574e+00 -3.938237329610985715e-01
1.322516626257654426e+00 4.907544138623146424e+00 -3.813505515806969726e-01
1.310768691060462343e+00 4.913125883105334601e+00 -3.670758090156643338e-01
1.266385272304930920e+00 4.931956351716597631e+00 -3.796129341843819671e-01
1.221396201031591078e+00 4.951173323897375411e+00 -3.889623816689669611e-01
1.175311658173359142e+00 4.969826827838534911e+00 -3.914883341776719261e-01
1.130682152899519011e+00 4.986959086738985469e+00 -3.774434875821756630e-01
-2.759904911042966535e+00 3.186191713822224880e+00 -2.278681432764015025e+00
-2.773377236369995114e+00 3.163239115644968180e+00 -2.257402988014280965e+00
-2.786543964821725616e+00 3.153313045533910675e+00 -2.210164049037506739e+00
-2.800890928324796914e+00 3.139305213107736581e+00 -2.164372521742409461e+00
-2.815075174308946160e+00 3.123070280551959677e+00 -2.119274294857537377e+00
-2.829581812291419141e+00 3.105817183083870781e+00 -2.074645784340769961e+00
-2.844229971820355196e+00 3.088040429077880678e+00 -2.030311204343032028e+00
-2.855085502243317919e+00 3.079311408203686984e+00 -1.982320758127812610e+00
-2.863643860801465824e+00 3.077433852376866064e+00 -1.933110581236900938e+00
-2.754297813528803207e+00 3.195744219967791455e+00 -2.287537856944913184e+00
-2.759586475436177633e+00 3.186734508255871567e+00 -2.279183782912992395e+00
-2.764277548455076783e+00 3.178743164604169724e+00 -2.271772992024875037e+00
-2.773628972365086653e+00 3.162811537177133925e+00 -2.257002641872484450e+00
-2.778418907790785042e+00 3.174019783297925112e+00 -2.208482861819682341e+00
-2.775554887127390291e+00 3.198885051639474675e+00 -2.165244973697744157e+00
-2.768416421228133029e+00 3.230166878656876683e+00 -2.126948160477994065e+00
-2.758379553344170620e+00 3.265956139842266293e+00 -2.093523008617720560e+00
-2.746782101432382994e+00 3.303530749152296941e+00 -2.062707586608456989e+00
-2.841905343027077979e+00 2.985408226769859397e+00 -2.253593663034516137e+00
-2.847074977078688285e+00 2.996270632831239400e+00 -2.205289966896668563e+00
-2.852265798776987715e+00 3.007146619563340284e+00 -2.156912804605502831e+00
-2.863771725864073581e+00 2.998554626610907992e+00 -2.109197663293280289e+00
-2.878987566221062888e+00 2.972501609648382725e+00 -2.069497655908957512e+00
-2.917730324416239807e+00 2.867505255561916488e+00 -2.040989640301646979e+00
-2.920202301788149768e+00 2.868302797038677632e+00 -2.023140006799004631e+00
-2.921637472030192750e+00 2.868819744778060343e+00 -2.012667570674441908e+00
-2.922402631529196437e+00 2.869100284743143714e+00 -2.007074201773850319e+00
-2.846714780562399127e+00 2.971670932626586215e+00 -2.253229185688266245e+00
-2.861169581700758524e+00 2.953094642800537351e+00 -2.209586692990637147e+00
-2.877846754310452226e+00 2.921900207642380565e+00 -2.174792919530459390e+00
-2.901571174059013103e+00 2.862053690524313243e+00 -2.144315582711062707e+00
-2.903643979584074497e+00 2.862762742281936390e+00 -2.131553325826990974e+00
-2.915904571857867555e+00 2.815396851345559170e+00 -2.138247360104065464e+00
-2.925169543654518201e+00 2.770638534791158403e+00 -2.157397427528628508e+00
-2.931731215759476150e+00 2.728256893379507275e+00 -2.182503129891215199e+00
-2.936175530063745320e+00 2.687338217744836832e+00 -2.210615754147741363e+00
-2.087588809509339338e+00 4.214518489056154671e+00 -2.041045225131743024e+00
-2.113900895460854912e+00 4.198300418009677237e+00 -2.001767313634343903e+00
-2.139668829596073962e+00 4.181541206037664438e+00 -1.962374098597729155e+00
-2.165055482197154380e+00 4.164392758170285980e+00 -1.922896261278914665e+00
-2.190450153721939408e+00 4.147238107722068357e+00 -1.883410038263738429e+00
-2.215545514180544018e+00 4.129789513310003990e+00 -1.843865480289670788e+00
-2.240003633201047784e+00 4.111725430821766558e+00 -1.804201477056161185e+00
-2.264370380636319791e+00 4.093606559415482238e+00 -1.764505770494603887e+00
-2.281934943448679753e+00 4.083914060896413289e+00 -1.718733442705784764e+00
-2.078727904446422414e+00 4.224193774400271550e+00 -2.033923373985496497e+00
-2.085213152188856167e+00 4.228487912245619817e+00 -1.984548544315188456e+00
-2.080185377974455907e+00 4.243173447724568170e+00 -1.937031518598617552e+00
-2.070660554343212389e+00 4.261592805035336440e+00 -1.891543904319295200e+00
-2.070445030907612338e+00 4.271422133621441297e+00 -1.842542833497421206e+00
-2.078587116822025127e+00 4.272953105478206837e+00 -1.793261834196439919e+00
-2.100229750000897511e+00 4.260416145116080244e+00 -1.750013536924445390e+00
-2.130280684269274083e+00 4.238142932262276119e+00 -1.716897496149099478e+00
-2.150143883603019557e+00 4.227321960767284281e+00 -1.672357776566956389e+00
-1.771502453050807668e+00 4.484527114430248318e+00 -1.993757864706546812e+00
-1.781267188019560965e+00 4.476110855428507840e+00 -2.001294168157519149e+00
-2.295910305266246620e+00 3.983698437855966112e+00 -2.100063883775084683e+00
-2.315988646720500643e+00 3.970759892451747319e+00 -2.056155547190905875e+00
-2.334269303796074890e+00 3.960252698096428770e+00 -2.010824038737755615e+00
-2.351582646377093688e+00 3.950757303562360434e+00 -1.964912611115767316e+00
-2.367764608070304533e+00 3.941247298540698552e+00 -1.918585884351300397e+00
-2.428061060675117844e+00 3.878777080955574164e+00 -1.867739270667203577e+00
-2.429777115331033244e+00 3.883458675458321352e+00 -1.834879923681574487e+00
-2.430801059035804457e+00 3.886215227813571982e+00 -1.815448918647978083e+00
-2.431242395256892674e+00 3.887396886429427934e+00 -1.807104608988709060e+00
-2.296408783136616449e+00 3.985133613350685167e+00 -2.091437815515297505e+00
-2.310833151267298380e+00 3.979565250286184241e+00 -2.043903951723327950e+00
-2.318012762225176271e+00 3.982896892604129935e+00 -1.994539733143664728e+00
-2.315947076159567075e+00 3.996734670982649895e+00 -1.946539592863431478e+00
-2.304981526779148027e+00 4.019662148037728144e+00 -1.903483472226831230e+00
-2.286462912153222060e+00 4.047681121346603739e+00 -1.866492752575094727e+00
-2.442699254418404298e+00 3.762598003648362166e+00 -2.231880277690589942e+00
-2.441654142051577381e+00 3.768218774572644314e+00 -2.216858439424111094e+00
-2.463739856685166707e+00 3.749141264588213840e+00 -2.176218493879623406e+00
-2.484152587052082861e+00 3.732935801459948522e+00 -2.133532111893766015e+00
-2.503483534852749326e+00 3.717680908671658457e+00 -2.090023346215029942e+00
-2.549685453022310533e+00 3.662325497556034204e+00 -2.039918745055464999e+00
-2.552398295413708329e+00 3.670144925049056539e+00 -2.000587351714387285e+00
-2.554437385263740534e+00 3.676830903003466489e+00 -1.965766820219495781e+00
-2.555445548375910647e+00 3.680793025169128985e+00 -1.944221525659503902e+00
-2.442054640834241397e+00 3.766070121461887688e+00 -2.222595979375846742e+00
-2.469493211166958080e+00 3.736563703364232492e+00 -2.192955681709800597e+00
-2.498584922947058917e+00 3.698457300574387929e+00 -2.178878165736004124e+00
-2.526526510773299705e+00 3.657124628150191459e+00 -2.176540750701075666e+00
-2.552891829234305909e+00 3.614933993006607338e+00 -2.181196206158949380e+00
-2.577277965159142870e+00 3.572384908795541048e+00 -2.190475857738597654e+00
-2.597582217218654677e+00 3.531401037120191599e+00 -2.210487896619353521e+00
-2.615425900070649234e+00 3.492624450932375169e+00 -2.236423148376501580e+00
-2.630747180663261187e+00 3.454998375691439527e+00 -2.265451974588373218e+00
-2.076305481969078937e+00 3.018005988842026532e+00 -4.575728951907586328e+00
-2.080095764505038414e+00 3.024256614944269117e+00 -4.562740594151752482e+00
-3.042484058469009600e+00 2.222832805016646152e+00 -1.995517940594109030e+00
-3.050698866923049923e+00 2.199113746584666629e+00 -1.952289862583512114e+00
-3.058227665951624097e+00 2.175431772420485466e+00 -1.908985779452139653e+00
-3.065524037955252634e+00 2.151848625124491932e+00 -1.865602321593810675e+00
-3.068231805361556930e+00 2.073016309634715171e+00 -1.871813133466421419e+00
-3.073360411380208657e+00 2.044475282947660233e+00 -1.840583428163822699e+00
-3.076879323014822365e+00 2.019691454836501698e+00 -1.813327558680669860e+00
-3.080084834864416088e+00 1.997089800426349537e+00 -1.788497590449075192e+00
-3.089316471758891680e+00 2.046205538853296257e+00 -1.719382584181305074e+00
-3.042502245328020383e+00 2.236834204213000277e+00 -1.990348576039040029e+00
-3.049246118186763610e+00 2.244095210720404410e+00 -1.941390807282718844e+00
-3.053704064550471386e+00 2.266166199677196680e+00 -1.896818506183155728e+00
-3.057311707059310990e+00 2.293514789624800709e+00 -1.855131272873848713e+00
-3.059541410481911416e+00 2.327114040577119791e+00 -1.818182332719517014e+00
-3.059660318033995630e+00 2.363514208666417371e+00 -1.783939961310782474e+00
-3.052610985674510946e+00 2.445810504151369358e+00 -1.758747907953697176e+00
-3.056360205728307466e+00 2.458799674021919124e+00 -1.712928553243790342e+00
-3.067596443501578563e+00 2.432494333387758445e+00 -1.656967557952792713e+00
-3.027267627537343131e+00 2.403152010433434516e+00 -1.974384662278074520e+00
-3.025663591763479765e+00 2.442869146473797937e+00 -1.944145376101887424e+00
-3.023940962965305790e+00 2.483221320520588193e+00 -1.913715431473401285e+00
-3.021761582562326076e+00 2.524526762726391205e+00 -1.885351745489474817e+00
-3.014821285865660450e+00 2.572448623991790750e+00 -1.874268075994232507e+00
-3.004754452629311512e+00 2.621320991546000734e+00 -1.875645100285277644e+00
-2.993591838707208463e+00 2.669088855653115822e+00 -1.884552631165436587e+00
-2.982082868875967741e+00 2.717301127916964543e+00 -1.882403220431964952e+00
-2.973647481803367132e+00 2.762190912546182542e+00 -1.863105746162791343e+00
-3.030422555117459282e+00 2.392710150086323928e+00 -1.964187865038055980e+00
-3.035163442630866459e+00 2.407919169417362504e+00 -1.916888670882874957e+00
-2.971798986893367189e+00 1.544632903544785441e+00 -2.267289500112338096e+00
-2.971025845699553969e+00 1.544102382704925835e+00 -2.271480069865729146e+00
-2.968225160675538987e+00 1.542410371839426642e+00 -2.285893951278222591e+00
-2.962068766968097400e+00 1.538910806471489146e+00 -2.314434097601479667e+00
-2.953966003096951010e+00 1.534303645714635733e+00 -2.351996309394608797e+00
-2.941553165727918362e+00 1.505895981715549281e+00 -2.391216855719059620e+00
-2.929325781232908987e+00 1.481222309010738591e+00 -2.432942278832892047e+00
-2.917626092447195507e+00 1.458525612422705509e+00 -2.475925398414995371e+00
-2.904292538782605515e+00 1.421685448618825509e+00 -2.506976275159244594e+00
-2.975281067082597097e+00 1.547041757584707966e+00 -2.248432007500499097e+00
-2.980897627884953938e+00 1.550910901471072245e+00 -2.218001638745536130e+00
-2.984683980279210669e+00 1.526014962904144179e+00 -2.174861379781103388e+00
-2.989164812171315244e+00 1.505191564811149574e+00 -2.129663546021320908e+00
-2.993317509367655394e+00 1.486449226818945535e+00 -2.083526023719048048e+00
-2.997473153717033600e+00 1.468807151168247449e+00 -2.036946893976251172e+00
-3.004205740787504020e+00 1.465440482701158675e+00 -1.991448938709329930e+00
-3.012112572159443502e+00 1.468320803849323397e+00 -1.946137124827126197e+00
-3.019553118301148587e+00 1.471597213379407743e+00 -1.897131287190478188e+00
-3.055280938776271604e+00 1.947696397386828648e+00 -1.963026619210123780e+00
-3.060498848287890539e+00 1.920223028219868677e+00 -1.925719898580273481e+00
-3.064609290570883715e+00 1.892754612864707031e+00 -1.888244413531879440e+00
-3.055484033929591892e+00 1.946720729016720330e+00 -1.961696017731081154e+00
-3.060938780194723208e+00 1.917284904012655389e+00 -1.921709589617172753e+00
-3.065341287536550663e+00 1.887863887321086231e+00 -1.881571010752043360e+00
-2.896351120900934717e+00 1.478573268057335799e+00 -2.597913346530121181e+00
-2.900162494660811774e+00 1.491480144910446004e+00 -2.591437651205018788e+00
-2.743114881159795626e+00 1.274158973610489465e+00 -3.061463641653962231e+00
-2.725139161406539667e+00 1.233162620431823120e+00 -3.083599505529785123e+00
-2.707016962616862088e+00 1.192309836685985669e+00 -3.105690421967893577e+00
-2.687684669600248988e+00 1.144383215420837319e+00 -3.124218788786745638e+00
-2.745241709889862936e+00 1.268553436399192380e+00 -3.047782644549243081e+00
-2.732998171811184207e+00 1.220822918013038327e+00 -3.039740568944816257e+00
-2.674734654115077603e+00 1.160505460723192828e+00 -3.008649687611264945e+00
-2.694553883771782843e+00 1.125891100925613619e+00 -2.980733804935065123e+00
-2.712710509589519869e+00 1.095487598795166440e+00 -2.946739772572481986e+00
-2.861456165482140879e+00 1.280336623102203752e+00 -2.558791066865803820e+00
-2.874507106934062417e+00 1.291914033409425233e+00 -2.512035500672775701e+00
-2.886563350850805953e+00 1.303719698786361958e+00 -2.465050599059178005e+00
-2.894716368901917747e+00 1.297437394634899821e+00 -2.416222419829432422e+00
-2.899943893969119557e+00 1.280241889776664976e+00 -2.369617990560366927e+00
-2.908292721227707212e+00 1.276555548797067008e+00 -2.320516858674695371e+00
-2.919250988388490065e+00 1.287437033874499592e+00 -2.273016422263120173e+00
-2.947646921034871248e+00 1.380580744932317527e+00 -2.235735015769726886e+00
-2.956524306125766888e+00 1.383251615094074127e+00 -2.186720668927068623e+00
-2.858372625459105976e+00 1.265915717935022666e+00 -2.556740443872646207e+00
-2.863205439333596836e+00 1.246779369392535086e+00 -2.511024642890173908e+00
-2.862229811275748048e+00 1.215110187425558319e+00 -2.472515951253210442e+00
-8.539917346658438824e-01 5.070828205820284929e+00 -5.727525236305229805e-01
-8.408437414011765698e-01 5.076260591722960847e+00 -5.248381887299494730e-01
-8.276433086359717972e-01 5.081508508665171675e+00 -4.769043385069131058e-01
-8.144315076365488126e-01 5.086718299039244329e+00 -4.289674527054233577e-01
-7.863688685593926975e-01 5.095889411678693470e+00 -3.828469112148731313e-01
-7.811932431592178983e-01 5.098895237827623994e+00 -3.340727042160811511e-01
-7.758801688315685174e-01 5.101220538447746478e+00 -2.853060333444184526e-01
-7.618775906812810250e-01 5.105422274973616226e+00 -2.374794600907790543e-01
-7.627462946802401333e-01 5.106152125796638686e+00 -1.874885236964914381e-01
-8.683190575311546811e-01 5.067148445081084418e+00 -5.707123637856987841e-01
-8.857133460963066973e-01 5.064004759562442892e+00 -5.239618672615024009e-01
-9.159082371218769669e-01 5.056664079520987620e+00 -4.848511799870459105e-01
-9.503272007351268869e-01 5.047244989456816988e+00 -4.498839179310444858e-01
-9.891570839072217902e-01 5.035322081477088041e+00 -4.209651889791448665e-01
-1.032413076731948154e+00 5.021330486609171473e+00 -4.109268231090958956e-01
-1.077122820610349363e+00 5.006780696603907899e+00 -4.035386354588844093e-01
-1.114856573670672590e+00 4.992661537647680170e+00 -3.971285261084593898e-01
-1.144353824037046996e+00 4.981346635070265982e+00 -3.921214350063639276e-01
-3.508999967303585432e-01 5.125069369523770568e+00 -1.221352619453244470e+00
-3.297882723340949118e-01 5.124922449884902420e+00 -1.251221893272925989e+00
-3.588429449920171321e-01 5.125043216753375042e+00 -1.210148009866226060e+00
-3.510384620042470982e-01 5.125069183056364608e+00 -1.221154342145211125e+00
-3.434944655392521140e-01 5.125094360134491822e+00 -1.231792472517399206e+00
-3.303969675419390351e-01 5.124952745405785492e+00 -1.250380898518233419e+00
-3.181610078433193545e-01 5.124324121089882667e+00 -1.267493002838682825e+00
-3.549064538169187655e-01 5.172207764001809593e+00 -4.597033020286273031e-01
-3.607833607200406356e-01 5.171796990565672658e+00 -4.479596610604443807e-01
-3.730584452204861456e-01 5.170938838716336861e+00 -4.234363033400931897e-01
-3.605438139537923692e-01 5.174054718385435514e+00 -3.751612655781008665e-01
-3.527443430766038501e-01 5.176341631802653609e+00 -3.258433775827168088e-01
-3.471375087235258339e-01 5.178002109772982919e+00 -2.761865627805695778e-01
-3.435767886489272671e-01 5.178872876630213007e+00 -2.263215647777928607e-01
-3.576065936052298944e-01 5.177772927701558281e+00 -1.783635420322693121e-01
-3.843449327331761034e-01 5.175239819194680457e+00 -1.362126865343657178e-01
-3.599604836281964371e-01 5.171854585350838640e+00 -4.496014139847126501e-01
-3.675677518561069612e-01 5.171322865898265064e+00 -4.344000567898336773e-01
-3.739093955711030315e-01 5.170879723080177293e+00 -4.217240205362398631e-01
-3.405256830582131800e-01 5.175894084530597183e+00 -3.850754037160063481e-01
-2.354935090585570934e-01 5.185831058616937383e+00 -3.869617131312871883e-01
-4.935006412321366054e-01 5.154827869328991952e+00 -4.297492116978178789e-01
-5.122937686360211629e-01 5.152861185344892903e+00 -3.834720587621262000e-01
-5.310407611313439080e-01 5.150904107248947206e+00 -3.371785595793382884e-01
-5.497752161829968509e-01 5.148832857892442938e+00 -2.908730838400514496e-01
-5.722410314913681795e-01 5.145460653855975508e+00 -2.463350969841145155e-01
-5.751949732972819751e-01 5.146401931000935015e+00 -1.390032946872050146e-01
-5.842097570867207379e-01 5.144909487547558946e+00 -1.389342526767368968e-01
-5.806001192353636986e-01 5.145507086505671346e+00 -1.389615361091407486e-01
-5.720179944235624925e-01 5.146927922356359986e+00 -1.390257210620371442e-01
-4.791536864004749541e-01 5.156954965724827034e+00 -4.262011065168835322e-01
-4.665104422764704828e-01 5.159826354258759018e+00 -3.779247555053703023e-01
-1.879618551471086141e+00 4.527590967059937910e+00 -1.157823705926376068e+00
-1.962282991813405486e+00 4.464040874049392649e+00 -1.161968850614090831e+00
-1.980146354461423286e+00 4.453450512880330336e+00 -1.124117800315338034e+00
-2.015226962108441988e+00 4.427067898108202115e+00 -1.100204334167656617e+00
-2.050492769282323824e+00 4.399972544986244571e+00 -1.077421519438183317e+00
-2.085673242097031643e+00 4.372278469245956423e+00 -1.055272563577304812e+00
-2.120013024706790095e+00 4.343304084320203096e+00 -1.033410260453819118e+00
-2.196883812792640445e+00 4.271762145317589798e+00 -1.035951975884651155e+00
-2.208056491909063723e+00 4.264084812532601632e+00 -1.002719333328093709e+00
-1.871317797445976927e+00 4.534926136174493472e+00 -1.147807484184952820e+00
-1.884577664975921829e+00 4.530020825893966929e+00 -1.099875953884881907e+00
-1.895099002574358149e+00 4.526826796361880234e+00 -1.051119774658425099e+00
-1.904612317348596484e+00 4.524366428023782305e+00 -1.002103692878983709e+00
-1.910984768609873985e+00 4.524197056644597481e+00 -9.525250907968119130e-01
-1.910235161576268048e+00 4.528979363002346936e+00 -9.027701684950447669e-01
-1.905410937523980275e+00 4.536737990265559795e+00 -8.536176545785356673e-01
-1.896336557751109986e+00 4.547675619779381506e+00 -8.056855220240403126e-01
-1.884211995274320151e+00 4.559832974582141318e+00 -7.587390191924774374e-01
-1.971411482135002391e+00 4.374061166148957014e+00 -1.751986816413163117e+00
-1.962198883282935791e+00 4.374120129571957172e+00 -1.794910288740011017e+00
-1.973685774124732673e+00 4.373944399515037773e+00 -1.741198956459354186e+00
-1.970868781610827458e+00 4.374092220372355122e+00 -1.754542368333740443e+00
-1.601433986702342605e+00 4.731709192948740927e+00 -9.444814400748985372e-01
-1.638531025347177872e+00 4.712405065930497905e+00 -9.171948220338959068e-01
-1.674807148576896720e+00 4.691720654292230286e+00 -8.897793964091672558e-01
-1.711121329001833002e+00 4.670624194610796032e+00 -8.623096113856445477e-01
-1.747288766321928533e+00 4.649617670158296967e+00 -8.348603661266787990e-01
-1.780445875412793866e+00 4.630152567494144833e+00 -8.032630335686162804e-01
-1.606360561889338845e+00 4.727829151619251213e+00 -9.580283452105857744e-01
-1.648942524809599464e+00 4.702032969991022604e+00 -9.610599480875636758e-01
-1.687558273869309344e+00 4.676251577643103730e+00 -9.792497696941526719e-01
-1.723865286520100293e+00 4.651431277418463850e+00 -1.002868486428989625e+00
-1.755726609679187700e+00 4.627709083349883734e+00 -1.033122380154567477e+00
-1.781839005830624600e+00 4.606171697692823308e+00 -1.069664014421667364e+00
-1.282537985746219356e+00 4.910506202758848637e+00 -7.253326003067516181e-01
-1.305639860154057086e+00 4.902101679524150768e+00 -6.821787941403132383e-01
-1.325687514953940438e+00 4.895239887666087419e+00 -6.369029994250620108e-01
-1.346225437904678301e+00 4.887868654301946059e+00 -5.919445715489498605e-01
-1.366899441380600599e+00 4.879979878418054362e+00 -5.471269727527002802e-01
-1.387902948249866153e+00 4.872116677539602314e+00 -5.024152956175915730e-01
-1.420676732495726791e+00 4.857891030958144896e+00 -4.674649993829158579e-01
-1.460120917877721691e+00 4.838848811740690259e+00 -4.434268483454170684e-01
-1.502369698036221779e+00 4.817419143553353322e+00 -4.276166953263131343e-01
-1.280476032658909302e+00 4.911255588993439503e+00 -7.291980269727502684e-01
-1.300418853288294097e+00 4.904002389068192969e+00 -6.919080669575234932e-01
-1.290567986583670113e+00 4.911269728431829407e+00 -6.435062995162040833e-01
-1.268799055085172212e+00 4.922649710646624932e+00 -6.000486540793679158e-01
-1.241145265633063266e+00 4.935983393687777721e+00 -5.606437263201987653e-01
-1.208768114151402173e+00 4.951001817705918739e+00 -5.256859100408369789e-01
-1.185804065686430375e+00 4.962481770321843122e+00 -4.828523877630969685e-01
-1.147962676635692070e+00 4.972139974570884746e+00 -6.121861076586556649e-01
-1.147475592064167937e+00 4.972607046978525958e+00 -6.057887670789143808e-01
-1.116817915504815240e-01 5.196903977512033812e+00 -8.672543779978650336e-02
-1.158031049627241682e-01 5.196679521115886935e+00 -3.684548186952610327e-02
-9.678895311516641509e-02 5.197342963095740842e+00 -8.775692060543828499e-02
-6.933082814907270963e-02 5.198061331117596495e+00 -4.583383132769078966e-02
-3.055965047274431662e-02 5.199132873796929566e+00 -1.418589658567865307e-02
1.033163262039306779e-01 5.197513925950654645e+00 -1.394659367421414164e-01
7.823246124266480805e-02 5.197616442953941096e+00 -1.559789963350770581e-01
4.562509603727006591e-02 5.197437920951041512e+00 -1.773447118136599610e-01
-4.166647936046331477e-03 5.197395889806511349e+00 -1.820104056297300321e-01
9.242386986239729818e-02 5.197694306481661641e+00 -1.466599370388593782e-01
6.478790730136355092e-02 5.197542773766059554e+00 -1.647959056256270982e-01
3.323959573383229033e-02 5.197370036603921051e+00 -1.854693059547920519e-01
-1.667952272531646879e-02 5.197349024200790701e+00 -1.875851100110191849e-01
1.079137964496730939e+00 5.006411390647388160e+00 -3.742631637113683629e-01
-2.873194575536801132e+00 3.072796771943319794e+00 -1.884250245601784002e+00
-2.882523691721122550e+00 3.068124868749688261e+00 -1.835360890877660633e+00
-2.891332231577090628e+00 3.063270359812650057e+00 -1.786388876974046358e+00
-2.900149061070345535e+00 3.058420044300943719e+00 -1.737409278192443729e+00
-2.908965454779637749e+00 3.053569041635626924e+00 -1.688434357653107121e+00
-2.917378299542293441e+00 3.048578265307383628e+00 -1.639409566154566456e+00
-2.925488102570453108e+00 3.043484404804969401e+00 -1.590340052834098961e+00
-2.933420487533015208e+00 3.038283697525697935e+00 -1.541245986221117859e+00
-2.941329727186994258e+00 3.033098471643073779e+00 -1.492150478566364624e+00
-2.868018716984643390e+00 3.086814552253977162e+00 -1.884192967861639811e+00
-2.865869209151886476e+00 3.110881151640558340e+00 -1.840440246549873260e+00
-2.856763555447230374e+00 3.145584508997764761e+00 -1.805661791435296593e+00
-2.832868139065093605e+00 3.234716797932653876e+00 -1.715321969986199679e+00
-2.825769560766822952e+00 3.246654373050679165e+00 -1.726821416598633974e+00
-2.808706860072970990e+00 3.289814968850693688e+00 -1.707608108819703485e+00
-2.790768500319957379e+00 3.333854337550884672e+00 -1.692015994009015811e+00
-2.771259712181270096e+00 3.377700295865143865e+00 -1.678484052627833067e+00
-2.750675513025122143e+00 3.421446685509838215e+00 -1.666232197818571903e+00
-2.729984524466525286e+00 3.344906378376403477e+00 -2.040363608548558361e+00
-2.713182537296908947e+00 3.386358392377257776e+00 -2.018043171704549721e+00
-2.696141166023716007e+00 3.427650913862016591e+00 -1.995684228514212677e+00
-2.677661970878481235e+00 3.468198461787234788e+00 -1.973071495402601183e+00
-2.650192788254626119e+00 3.533630698612006515e+00 -1.922259484553284770e+00
-2.649607982749242474e+00 3.534441732375438683e+00 -1.923117606684565661e+00
-2.657570007078076113e+00 3.523542268402164890e+00 -1.910957177616981584e+00
-2.672864239547551701e+00 3.502600835011330904e+00 -1.887613902552971012e+00
-2.687153751988882622e+00 3.490345014378178679e+00 -1.841342800439759397e+00
-2.735522585384702943e+00 3.337996225551933982e+00 -2.028350610376271401e+00
-2.731300917960459707e+00 3.361791842925333285e+00 -1.984638877097142817e+00
-2.734302943814020281e+00 3.372859002657063066e+00 -1.935981817568046548e+00
-2.739966831688365190e+00 3.377889313544199190e+00 -1.886563293187724533e+00
-2.749209629316812453e+00 3.374853709378365707e+00 -1.837525565962311536e+00
-2.764972074476510056e+00 3.356412312699430522e+00 -1.793822172422508521e+00
-2.937796448080616241e+00 2.824048178046252300e+00 -1.991951937871278000e+00
-2.952369634708404966e+00 2.778824043192359650e+00 -1.976779575589262539e+00
-2.922449771145130715e+00 2.869143997259473888e+00 -2.006675993786559697e+00
-2.937083057858298041e+00 2.821902847438387596e+00 -1.999750026356901911e+00
-2.948706475087612411e+00 2.773887006427162571e+00 -2.006982807681734648e+00
-2.956599314658059807e+00 2.730203444009525082e+00 -2.029873832622211438e+00
-2.962221391689607408e+00 2.688613059503014213e+00 -2.056934888091813018e+00
-2.966774574165489398e+00 2.647340577616382973e+00 -2.084679409002492267e+00
-2.975132872456780486e+00 2.599503575170531988e+00 -2.096138694571973105e+00
-2.984945669429925452e+00 2.550710086606747140e+00 -2.092783420184009646e+00
-2.993727857055207497e+00 2.501784136418466531e+00 -2.089736884631319569e+00
-2.940057399541018412e+00 2.609252947124919508e+00 -2.288402762479990304e+00
-2.939930677281036520e+00 2.609593659309200842e+00 -2.288756326568186505e+00
-2.939804267786922054e+00 2.609921108048467442e+00 -2.289121712616830173e+00
-2.939661572441059967e+00 2.610296142240632111e+00 -2.289528655705400428e+00
-2.939488729915553655e+00 2.610755051028061491e+00 -2.290016830524897351e+00
-2.939271926704190019e+00 2.611334286328842680e+00 -2.290625480607721531e+00
-2.938995602133648966e+00 2.612075221722685470e+00 -2.291398495161892868e+00
-2.938640948930600683e+00 2.613028131051812863e+00 -2.292388646606584590e+00
-2.938184443981492588e+00 2.614256102457699349e+00 -2.293661726890564356e+00
-2.943747683421312100e+00 2.599315667128447416e+00 -2.278122333044268810e+00
-2.950644222982330867e+00 2.580748499971179388e+00 -2.258905806588976883e+00
-2.973349245749070224e+00 2.467284199547627122e+00 -2.248207327848854131e+00
-2.973943920927710760e+00 2.467832806823490266e+00 -2.244047521709134241e+00
-2.974295017383743911e+00 2.468211545895830028e+00 -2.241535383443533203e+00
-2.974109813857247264e+00 2.468034508993640852e+00 -2.242837230992382747e+00
-2.973680135233749855e+00 2.467601976614651083e+00 -2.245879898256034402e+00
-2.973658764206515759e+00 2.467587059265994753e+00 -2.246024474621839850e+00
-2.973990391352366203e+00 2.467934638339285502e+00 -2.243662048794916153e+00
-2.303193397247166985e+00 4.067893174016179003e+00 -1.676431720169617945e+00
-2.324410761222211796e+00 4.051923804385490158e+00 -1.634093440152224463e+00
-2.345622851200364067e+00 4.035962442786183324e+00 -1.591742432519347883e+00
-2.366275227966074812e+00 4.019516154114475270e+00 -1.549303997857869541e+00
-2.386615079756678526e+00 4.002815957727181129e+00 -1.506815998135657697e+00
-2.406915814488221006e+00 3.986075108457654004e+00 -1.464313902122500011e+00
-2.426741641909925917e+00 3.968962463983499944e+00 -1.421741830571734866e+00
-2.446174807966102982e+00 3.951581346589480681e+00 -1.379103048222710903e+00
-2.465624351334052111e+00 3.934178367735568838e+00 -1.336468125240594995e+00
-2.309800181497440263e+00 4.058503589590553240e+00 -1.685945591707090907e+00
-2.341765831318841418e+00 4.025498718036214285e+00 -1.666344494807599608e+00
-2.374700825560684514e+00 3.988265410915474707e+00 -1.661747700516234882e+00
-2.406112999745808612e+00 3.949479295718221650e+00 -1.663655334597645252e+00
-2.435575431020237769e+00 3.910324234641079144e+00 -1.673235634908459168e+00
-2.466512387709876908e+00 3.872654121791549109e+00 -1.662628360366154023e+00
-2.494709202725358566e+00 3.839654157100156340e+00 -1.638069788896613366e+00
-2.520263992230048267e+00 3.811009407045339525e+00 -1.606234348465606976e+00
-2.544201187276835974e+00 3.785445808424720671e+00 -1.570654544895419225e+00
-2.163656517221015374e+00 4.221909374070407672e+00 -1.624582093706906205e+00
-2.177040159215524184e+00 4.216487021802880264e+00 -1.576754396981052242e+00
-2.190640250258826249e+00 4.211273350110634972e+00 -1.528903500999071907e+00
-2.204265185748204292e+00 4.206065622610859478e+00 -1.481086619196386733e+00
-2.217495620124757760e+00 4.200434655884801138e+00 -1.433230441301207803e+00
-2.245748077207061044e+00 4.178917165192213012e+00 -1.382517390630821241e+00
-2.245215710513234875e+00 4.187153041626342720e+00 -1.333286923226719711e+00
-2.244088748763962471e+00 4.194574071361296674e+00 -1.285058107580151265e+00
-2.274611536686336866e+00 4.169959815802291025e+00 -1.230628438408362335e+00
-2.153256041977295698e+00 4.232463650650695186e+00 -1.622765122113180469e+00
-2.144860455263088106e+00 4.248327366885233047e+00 -1.576144910581722236e+00
-2.126098581845115465e+00 4.273069912681498828e+00 -1.537023497586276655e+00
-2.102221876450708571e+00 4.299737358038860258e+00 -1.502193901517598462e+00
-2.074019208377920975e+00 4.329180700822464090e+00 -1.473339448571442167e+00
-2.043867599213914588e+00 4.359856091188330396e+00 -1.447926231962332944e+00
-2.011867060522398276e+00 4.390761765874078293e+00 -1.425241755066890770e+00
-1.989609109258675623e+00 4.413891966351549456e+00 -1.387012148284916258e+00
-1.920760008469139635e+00 4.474500706169155961e+00 -1.352942352238842849e+00
-2.555585208206982983e+00 3.681335140360172176e+00 -1.941263386869126029e+00
-2.555993920173994294e+00 3.682938914058377922e+00 -1.932538606456765784e+00
-2.581546877341184931e+00 3.651775429496010084e+00 -1.902958024691296712e+00
-2.605877947615440782e+00 3.621774845513524799e+00 -1.871232715340847896e+00
-2.627613286784257429e+00 3.595577992301707049e+00 -1.834640917262206905e+00
-2.642209605285008589e+00 3.583281199262024153e+00 -1.788472419742457964e+00
-2.647919334213097553e+00 3.586265012262838781e+00 -1.738934660692055933e+00
-2.648084309835087247e+00 3.598365559671404590e+00 -1.690516305817920673e+00
-2.648934759706538244e+00 3.622565521377933084e+00 -1.590186802227526508e+00
-2.555955035267687858e+00 3.682810635742466143e+00 -1.933273281537693400e+00
-2.582939634386530070e+00 3.647350976394475364e+00 -1.910734993840341289e+00
-2.637186425900843290e+00 3.427407101264848599e+00 -2.306288427810857300e+00
-2.643617024043692254e+00 3.399781503652762993e+00 -2.347255354352763224e+00
-2.650147646213911301e+00 3.372178993700130523e+00 -2.388293114644330029e+00
-2.644070386373991610e+00 3.418555878897622247e+00 -2.296517416567017911e+00
-2.663326960612302674e+00 3.376249788804555063e+00 -2.314242039229956305e+00
-3.093954249807449042e+00 2.030919194974226016e+00 -1.687266020121918286e+00
-3.098928152378023881e+00 2.012900176234425409e+00 -1.649319558065416524e+00
-3.103535959725014060e+00 1.993316644786977232e+00 -1.608014038214318209e+00
-3.109390919201232784e+00 2.003574078938911818e+00 -1.561218831728155232e+00
-3.115174426813033914e+00 2.009653336415706537e+00 -1.514338437385743141e+00
-3.120154159825593077e+00 2.015721161700867903e+00 -1.467341905191184015e+00
-3.125440255111898491e+00 2.007650415665305665e+00 -1.418288186432894893e+00
-3.130528337375400927e+00 2.000099975849788603e+00 -1.369131909948790637e+00
-3.135312205950835374e+00 1.992873619580221689e+00 -1.319893643676637751e+00
-3.095077579239458920e+00 2.027212062663218184e+00 -1.679488082577351937e+00
-3.100222148723858595e+00 2.007412848136085337e+00 -1.637721840421472841e+00
-3.105027369502963541e+00 1.986981287996368639e+00 -1.594645199601052221e+00
-3.110783312416548263e+00 2.005039043253986186e+00 -1.549932486877264814e+00
-3.116514996929381720e+00 2.011198863276310700e+00 -1.502346458886717473e+00
-3.121546025206787256e+00 2.017450903947504148e+00 -1.453953741185598281e+00
-3.126883801673498553e+00 2.016539688656021401e+00 -1.404249055958494363e+00
-3.131993778309751342e+00 2.022926051039353634e+00 -1.354929872567628868e+00
-3.136036589005075648e+00 2.040809956487151577e+00 -1.308465779391687844e+00
-3.071483743797381205e+00 2.443214206728671289e+00 -1.615178625006433721e+00
-3.074867579570865761e+00 2.454647735921216434e+00 -1.570199868157615031e+00
-3.075919520538067609e+00 2.479042659089020884e+00 -1.526611624700445979e+00
-3.077421070330702779e+00 2.501292490203881336e+00 -1.481883828635675915e+00
-3.078840605556464993e+00 2.522333797765968111e+00 -1.436564082101703166e+00
-3.080279380180763749e+00 2.542771720757464493e+00 -1.390949281373983881e+00
-3.081637172868737284e+00 2.562786548788206442e+00 -1.345143339001275695e+00
-3.082872139857418148e+00 2.582526022068961868e+00 -1.299212776701911043e+00
-3.083623431344766352e+00 2.601990917789960722e+00 -1.253181829034935912e+00
-3.071878450115888004e+00 2.444553335119540538e+00 -1.609924325585142979e+00
-3.075455508647097158e+00 2.456634712494667916e+00 -1.562384344894609534e+00
-3.077879969448637620e+00 2.474851582186655463e+00 -1.515916640881990407e+00
-3.081916903360166327e+00 2.484698209559045079e+00 -1.467072815308066991e+00
-3.087856980198874446e+00 2.481334270354564886e+00 -1.417537231570777267e+00
-3.095548536613003776e+00 2.464370933955025045e+00 -1.371141577098066611e+00
-3.103657433717977199e+00 2.435982786394507382e+00 -1.330832808834390812e+00
-3.111414036684076123e+00 2.402723707110993256e+00 -1.294354840394273509e+00
-3.119076287810105708e+00 2.364536876712547642e+00 -1.263031930404694636e+00
-2.972363776339054020e+00 2.791009743295213674e+00 -1.822684168620672285e+00
-2.970716824526490552e+00 2.819778737111822586e+00 -1.782023120985431142e+00
-2.968007515884808711e+00 2.848139904290237112e+00 -1.741150272006014799e+00
-2.965279599734652383e+00 2.876483872808294429e+00 -1.700249756062391260e+00
-2.967694707373293994e+00 2.889872143185578501e+00 -1.652384964484886920e+00
-2.975527296604689731e+00 2.883702235231982769e+00 -1.603615805963660490e+00
-2.987266950405988108e+00 2.860796687543051942e+00 -1.560942367997242508e+00
-3.001011391467469647e+00 2.826266520231985879e+00 -1.527658421264195709e+00
-3.014880582013393262e+00 2.784292882091208732e+00 -1.504268478772210038e+00
-2.968357215051769860e+00 2.801094996135926163e+00 -1.832674520871328205e+00
-2.957888684684698344e+00 2.846578345600706328e+00 -1.815729566800009298e+00
-2.944074796677552897e+00 2.893754104244764314e+00 -1.814050391242757021e+00
-2.929225534990402391e+00 2.940742844223047658e+00 -1.818517133907345373e+00
-3.019017674572729959e+00 1.429603416923140191e+00 -1.847518809357139968e+00
-3.026121752229659290e+00 1.428561081308381331e+00 -1.798598449566397139e+00
-3.032326555888928965e+00 1.427653700994270913e+00 -1.750224188885416865e+00
-3.037076049650022203e+00 1.418894157457510241e+00 -1.699871841201282985e+00
-3.038005042732518035e+00 1.394599661519517753e+00 -1.658513294949431893e+00
-3.038268405428000030e+00 1.370340183808460788e+00 -1.616880793627839763e+00
-3.037761746964283471e+00 1.347337124722710611e+00 -1.577065824380210479e+00
-3.048405365169445602e+00 1.374564438025335233e+00 -1.539214180574145052e+00
-3.058203443250090192e+00 1.396358361686775629e+00 -1.495462695759312677e+00
-3.018571422981870533e+00 1.429665269979532916e+00 -1.850586855104569883e+00
-3.025162708516694998e+00 1.428701724323507838e+00 -1.805202554120780345e+00
-3.030780669778825320e+00 1.427860278265952410e+00 -1.762922934725694279e+00
-3.034761183068593215e+00 1.427283100329855170e+00 -1.730161685863218723e+00
-3.036816873326162458e+00 1.425516734773201399e+00 -1.711193667226494908e+00
-3.047188642900630295e+00 1.467823286848934483e+00 -1.686962864071709811e+00
-3.057483106880420021e+00 1.511911611988890680e+00 -1.665965968509342421e+00
-3.067346017068086184e+00 1.556625736991252840e+00 -1.646121506234538456e+00
-3.075427060200474294e+00 1.601875778419586283e+00 -1.626612251637510553e+00
-2.963748821662787414e+00 1.385569682971055316e+00 -2.145280620172238972e+00
-2.962882591765930052e+00 1.342622032317257963e+00 -2.097212863217904122e+00
-2.970834504452322999e+00 1.343116095173371383e+00 -2.051673413080608022e+00
-2.976449877534356414e+00 1.343728683717607009e+00 -2.014931046687484795e+00
-2.980564907403326913e+00 1.344184978312538137e+00 -1.988015776665703171e+00
-2.990175558742968143e+00 1.343707953147224687e+00 -1.923046366856289158e+00
-2.988839585411597444e+00 1.316361126046157404e+00 -1.894605220796950817e+00
-2.986878022864380533e+00 1.292668566579921796e+00 -1.869561691348917254e+00
-2.984484605429444937e+00 1.270057289216289798e+00 -1.845583873002777153e+00
-2.964777057398539473e+00 1.385901305014630269e+00 -2.139384637736386985e+00
-2.964350900438495362e+00 1.342724393081081047e+00 -2.088849885647997340e+00
-2.972605029326545356e+00 1.343306820393422640e+00 -2.040085246644372852e+00
-2.980108909985853316e+00 1.344132004439752670e+00 -1.990995034153390852e+00
-2.990519138379380326e+00 1.350776547464903610e+00 -1.930409478768898124e+00
-2.989515677349925404e+00 1.330268117185372745e+00 -1.909090840940857126e+00
-2.988489553886221728e+00 1.309305772783250665e+00 -1.887303386768349744e+00
-2.985933610353735723e+00 1.283673094208187315e+00 -1.859970054904408920e+00
-2.983004364410652975e+00 1.255985541353015211e+00 -1.830599035682075826e+00
-7.807559805330466229e-01 5.102321271174817596e+00 -1.410551474559368634e-01
-7.985221214211514207e-01 5.097933910958574621e+00 -9.458802162641057054e-02
-8.163394859965038552e-01 5.093533954908506800e+00 -4.808751457909626881e-02
-8.341497033300576680e-01 5.089135750652387102e+00 -1.581019770064704625e-03
-7.666354868141015411e-01 5.105786738780479617e+00 -1.376715795917030083e-01
-7.537149011386162778e-01 5.108933571639679094e+00 -8.949193677186674523e-02
-7.270220403559123357e-01 5.115465604808917099e+00 -4.770559184996178703e-02
-6.955438052677284100e-01 5.123174684764999931e+00 -9.653506629793275756e-03
-1.150451561796385525e+00 4.980637470135846456e+00 -3.457904529932895321e-01
-1.158287500522712232e+00 4.979302857884277955e+00 -2.980163061565920812e-01
-1.165962714492581265e+00 4.977197838779786387e+00 -2.494567961857030725e-01
-1.173539587703296139e+00 4.974648503192078408e+00 -2.004917620455874960e-01
-1.185008867921201858e+00 4.970581638520824797e+00 -1.519913636017285186e-01
-1.195604631317594313e+00 4.967085858461889991e+00 -1.032529995358438812e-01
-1.205431526472075188e+00 4.963441010298158318e+00 -5.436702917165939231e-02
-1.214719159993582043e+00 4.959427260872439902e+00 -5.404549417062016678e-03
-1.150961771357262631e+00 4.980551092834547333e+00 -3.426653208370820658e-01
-1.159034101338946243e+00 4.979176701649145720e+00 -2.934365186815401927e-01
-1.166772622192000286e+00 4.976925546234094000e+00 -2.441967906688624346e-01
-1.175941370792159990e+00 4.973757778966737320e+00 -1.951517232456269624e-01
-1.186906293787795441e+00 4.969888061121806366e+00 -1.465278301590909327e-01
-1.198666008369307923e+00 4.965966346798141196e+00 -9.809501088623130693e-02
-1.212417781965849040e+00 4.960502132488460170e+00 -5.036977208001961609e-02
-1.233310128831597519e+00 4.951633777898091004e+00 -5.846895904046435326e-03
-4.231237604948766551e-01 5.171039272551589683e+00 -1.049305862434650599e-01
-4.617680229531307412e-01 5.165667358066675874e+00 -7.366478842266935279e-02
-5.003444413647955002e-01 5.160135166955467589e+00 -4.237438127354313522e-02
-4.122388060404832966e-01 5.172513369966442731e+00 -9.480697171955852764e-02
-4.255207266880695616e-01 5.170590001275956027e+00 -4.667071628885331031e-02
-5.603735884759679653e-01 5.148855666489111194e+00 -1.391182858708951697e-01
-5.820652409757560708e-01 5.145264508527171543e+00 -1.389517353448607162e-01
-5.976532655956258155e-01 5.142683772217131022e+00 -1.388366475815939749e-01
-6.268988891198842284e-01 5.136838488960146165e+00 -1.386070988434617846e-01
-6.648990248343616960e-01 5.128427504428328731e+00 -1.383053965498587667e-01
-2.242756236254555890e+00 4.230560333170202192e+00 -9.897332102519920127e-01
-2.277410501175525681e+00 4.196990590243935948e+00 -9.767730197750749133e-01
-2.311433438489937320e+00 4.162825601924458496e+00 -9.637433812247683251e-01
-2.344377706714404042e+00 4.127641483405008138e+00 -9.505987304658563009e-01
-2.404086442417185943e+00 4.061510962741576414e+00 -9.489402484635481860e-01
-2.409564051648689365e+00 4.057483329307806308e+00 -9.251053867543094222e-01
-2.415058346338168072e+00 4.053283357360922601e+00 -9.010227893655364806e-01
-2.446443149975460862e+00 4.016692072013599457e+00 -8.873635135877613322e-01
-2.477605361035228881e+00 3.980392479124792438e+00 -8.729880748778414690e-01
-2.239251037788390075e+00 4.235550664820884492e+00 -9.760963064155168123e-01
-2.263194651351013054e+00 4.215204152662178849e+00 -9.372875466891287255e-01
-2.277843591531701684e+00 4.204566866511145307e+00 -8.907273210335550084e-01
-2.288556829509682089e+00 4.198074345511050076e+00 -8.423471417393014748e-01
-2.293658392129869217e+00 4.197141255075432120e+00 -7.926372676250323934e-01
-2.295565302426953114e+00 4.198986709507351200e+00 -7.427232153071527954e-01
-2.343081765114531922e+00 4.153576731255205878e+00 -6.906716273775456161e-01
-2.343605193803540043e+00 4.156305613118838060e+00 -6.414339115520339973e-01
-2.343936281556784795e+00 4.158835899665398905e+00 -5.928710620384748387e-01
-1.864702860086058456e+00 4.576513878838787797e+00 -7.158659166122649520e-01
-1.845153568301887370e+00 4.593084589369336612e+00 -6.729350308208272846e-01
-1.825598085335354837e+00 4.609624839482938441e+00 -6.299967168069717793e-01
-1.805975270447573999e+00 4.626025916298858398e+00 -5.870517990306580725e-01
-1.785683527828869632e+00 4.641448265862691436e+00 -5.440513441041002762e-01
-1.765383239313537800e+00 4.656858272296740431e+00 -5.010446950801201726e-01
-1.703406558714837704e+00 4.700567256444944775e+00 -4.299147996764469681e-01
-1.720611415752713702e+00 4.691156410290381551e+00 -3.948463710187045117e-01
-1.740854825188657973e+00 4.679054073503211342e+00 -3.526730993880294318e-01
-1.876072558074230567e+00 4.568648275407461767e+00 -7.102242779480100188e-01
-1.880842395865386374e+00 4.568091293425315058e+00 -6.604716916883757172e-01
-1.897811175009647799e+00 4.558529424768969385e+00 -6.144376666102040474e-01
-1.919123208304048811e+00 4.545334221222478099e+00 -5.711991778194174252e-01
-1.945009369809328925e+00 4.527337619329490970e+00 -5.324278449727911644e-01
-1.973005470707845266e+00 4.506943685855369530e+00 -4.963989783630664010e-01
-2.002592171061223780e+00 4.484741159848258718e+00 -4.628097382758369349e-01
-2.064929227660158073e+00 4.435139443963074690e+00 -4.350115888729142455e-01
-2.067514939280020503e+00 4.434468873402348521e+00 -4.022944515542175026e-01
-1.593989228299908412e+00 4.765837307779579923e+00 -4.509946005154545912e-01
-1.601729716710744045e+00 4.761821414294463928e+00 -4.325538548344378675e-01
-1.609253257780407731e+00 4.757916419844576694e+00 -4.146768492765262049e-01
-1.543646073972877897e+00 4.795334814728620998e+00 -4.101489217137994636e-01
-1.612118087590183935e+00 4.756429925436713724e+00 -4.078566548646065382e-01
-2.946221534836461764e+00 3.034782183065181549e+00 -1.442428801121764748e+00
-2.962067842906718429e+00 3.003247879348171168e+00 -1.401105023391416182e+00
-2.951009215085014681e+00 3.020824525094064406e+00 -1.444679587755558270e+00
-2.961830140641846132e+00 3.003522430317145275e+00 -1.402393660257664765e+00
-2.731207554263390236e+00 3.463518554747389011e+00 -1.647628359596664316e+00
-2.711130435635575875e+00 3.505261953781070083e+00 -1.628977858444488502e+00
-2.727841685282936357e+00 3.465679497007979393e+00 -1.662011916187960070e+00
-2.703557738089147122e+00 3.507319421279511573e+00 -1.675040406536610238e+00
-2.702548795810484794e+00 3.474846670635418633e+00 -1.796502464091598528e+00
-2.696292617941951519e+00 3.487731304350123018e+00 -1.792371628215217783e+00
-2.997574131875044401e+00 2.457431695199273403e+00 -2.111743913196250766e+00
-3.000693112095937032e+00 2.412841109118160521e+00 -2.133633504505672907e+00
-3.000594546389926620e+00 2.453281173850721419e+00 -2.097789419686658441e+00
-2.973348953623581536e+00 2.467287054711688299e+00 -2.248206169943895105e+00
-2.971848465900146952e+00 2.465740527508549995e+00 -2.258868477086274584e+00
-2.967566011574486406e+00 2.461958933021115126e+00 -2.284314049735635788e+00
-2.975392010112207331e+00 2.469393827784979845e+00 -2.233687371783789288e+00
-2.978633726173444796e+00 2.472738633773127415e+00 -2.210648366868868564e+00
-2.481127202197894288e+00 3.922185833688247136e+00 -1.290479420051575232e+00
-2.495743337613214763e+00 3.909601293771543418e+00 -1.244367221607341811e+00
-2.510321601341444886e+00 3.897008854160868729e+00 -1.198245319745383286e+00
-2.524902845754903424e+00 3.884412859762546688e+00 -1.152116786283664096e+00
-2.539268519638344657e+00 3.871669348309354497e+00 -1.105973137627698888e+00
-2.553517932767415122e+00 3.857695238414774241e+00 -1.060149312351743811e+00
-2.576910080693241678e+00 3.829797442591683865e+00 -1.025918250437410251e+00
-2.605215281466263910e+00 3.793313831273595671e+00 -1.006825972976008510e+00
-2.632685972907095717e+00 3.752225963742580106e+00 -9.996582602979207088e-01
-2.488254591710814978e+00 3.911504489629970660e+00 -1.298098422520303608e+00
-2.515210637117598846e+00 3.879082663224351801e+00 -1.271301540252643747e+00
-2.544738149227061985e+00 3.840765919761493397e+00 -1.258718339687830090e+00
-2.574375264954277931e+00 3.800950403039358161e+00 -1.253085616386937273e+00
-2.602469890621297299e+00 3.759703074529179290e+00 -1.255108807841548879e+00
-2.629042595490183487e+00 3.717827474386374842e+00 -1.261099690587151878e+00
-2.655075513667034759e+00 3.676199718326637278e+00 -1.270300816477150541e+00
-2.679985609064748253e+00 3.634734681184366600e+00 -1.282731355124383299e+00
-2.703654986407857397e+00 3.591915756291172102e+00 -1.292697527316417183e+00
-2.572789517559351591e+00 3.747311993899969718e+00 -1.555918148787641453e+00
-2.600282076594347291e+00 3.708378904130285036e+00 -1.541026775426737494e+00
-2.570383840617616489e+00 3.753554584669840377e+00 -1.542583818562124121e+00
-2.605128651193347800e+00 3.708895725010905142e+00 -1.505295212521321258e+00
-2.612179932675112060e+00 3.708273945807819327e+00 -1.459471562437625547e+00
-2.618751138507751985e+00 3.707143283694061431e+00 -1.411813163773029123e+00
-2.625141117172759664e+00 3.705787436332236062e+00 -1.363211197849236278e+00
-2.273429909330675347e+00 4.178195299557147635e+00 -1.181694689885898653e+00
-2.271738448366190433e+00 4.185765190279582271e+00 -1.132568034753263397e+00
-2.271431902474334574e+00 4.191531215714946690e+00 -1.082981042878726763e+00
-2.273445470701907833e+00 4.178057009780952846e+00 -1.182549046429633988e+00
-2.271833105009961606e+00 4.185448820972778705e+00 -1.134575956287969811e+00
-2.269886744331496509e+00 4.192662944169602390e+00 -1.086847440222699523e+00
-1.917467811655127141e+00 4.482589897212685415e+00 -1.304059589277891895e+00
-1.916153299763515339e+00 4.489003888597847158e+00 -1.256859100709666333e+00
-1.917600343402998231e+00 4.482268927430374639e+00 -1.305986817629636532e+00
-1.918714369019963284e+00 4.487671549480693578e+00 -1.251760674708045196e+00
-2.649016303506096737e+00 3.622428055157735027e+00 -1.590170097882677824e+00
-2.649259979109545693e+00 3.622014048691724053e+00 -1.590133389972044453e+00
-2.650152301500597218e+00 3.620497986947624369e+00 -1.589998968613521413e+00
-2.653425772424057527e+00 3.614936331406008119e+00 -1.589505872300541967e+00
-2.663443300476749709e+00 3.597916405705543497e+00 -1.587997131124982531e+00
-2.654179921642773277e+00 3.613656593133736550e+00 -1.589385838323539524e+00
-2.662219967764911210e+00 3.599996442669139540e+00 -1.588174906641896866e+00
-2.668843889091718768e+00 3.588742424151544430e+00 -1.587176784381208794e+00
-3.085455043635996208e+00 2.614303185934019780e+00 -1.204774954601209203e+00
-3.087077084751663314e+00 2.626514988956348162e+00 -1.156326376094274799e+00
-3.088707670039577469e+00 2.638692152775223398e+00 -1.107863917185189395e+00
-3.090065330278205735e+00 2.650791885986944152e+00 -1.059392751591239357e+00
-3.091168533384449635e+00 2.662813916476108655e+00 -1.010891734604149717e+00
-3.102120952248629937e+00 2.632345825330731248e+00 -9.571080069819670744e-01
-3.104543777230601265e+00 2.639019045231004945e+00 -9.077414678123356673e-01
-3.106379836500932967e+00 2.645584798742008026e+00 -8.582661447216833883e-01
-3.107829232577349554e+00 2.652087841409367819e+00 -8.087324326307527844e-01
-3.082098929358756845e+00 2.627735135600930416e+00 -1.210362926580919707e+00
-3.076942235565013561e+00 2.665474933481803088e+00 -1.177980158614261308e+00
-3.068974658174278058e+00 2.710920543548678285e+00 -1.158770650313242889e+00
-3.058560635190975763e+00 2.758063058454386152e+00 -1.145975457246947826e+00
-3.046238093208845310e+00 2.806192508252485229e+00 -1.140778812805395503e+00
-3.025165172762679155e+00 2.884911564156718011e+00 -1.138543574199265329e+00
-3.024734058034739270e+00 2.884947836985821024e+00 -1.143047578390216312e+00
-3.024070095573960337e+00 2.885034478574425520e+00 -1.149880773065143247e+00
-3.023301063144706369e+00 2.885129876841608265e+00 -1.157811951005035755e+00
-3.126560822491381231e+00 2.320067435096467623e+00 -1.241453971378815746e+00
-3.132280841532262716e+00 2.275454453528892529e+00 -1.219766899097146640e+00
-3.137581775843992560e+00 2.230913973088084923e+00 -1.198033328273661269e+00
-3.142851784059625952e+00 2.186246755532906594e+00 -1.176290060761830292e+00
-3.147793822967506649e+00 2.147766607559717489e+00 -1.144901067962169616e+00
-3.152087337057982719e+00 2.123057761320062298e+00 -1.101744691809893428e+00
-3.156417370165737868e+00 2.109590450696275266e+00 -1.053839850518235810e+00
-3.160269687827520269e+00 2.103479693745508250e+00 -1.004398161850354354e+00
-3.163928690895211115e+00 2.102829624120164276e+00 -9.543785746774529066e-01
-3.126714630769822367e+00 2.328566359572784794e+00 -1.229168315941044698e+00
-3.133258825646439760e+00 2.305205966585623933e+00 -1.185473454608448662e+00
-3.137815477717071033e+00 2.296400398059356363e+00 -1.136505558921389047e+00
-3.141974215768092105e+00 2.294496052911983774e+00 -1.086744444917667529e+00
-3.145529668945528989e+00 2.300386469310748527e+00 -1.037236160319947365e+00
-3.148446107502328672e+00 2.310287125635425820e+00 -9.883377365319406804e-01
-3.149016008443647152e+00 2.335570190707337179e+00 -9.452542975599291797e-01
-3.146964080503625638e+00 2.371269832904829844e+00 -9.103607048349805497e-01
-3.145335851525925097e+00 2.403097348789669407e+00 -8.719070104933074328e-01
-3.028332238968706847e+00 2.737220400178368873e+00 -1.493924341122363719e+00
-3.041123701410030300e+00 2.690057401716729135e+00 -1.483530483993408033e+00
-3.052276755251731810e+00 2.642748769704984735e+00 -1.472941750118643034e+00
-3.028512722359451903e+00 2.742699135383730447e+00 -1.480056415343800280e+00
-3.040701318391801689e+00 2.711470259471196353e+00 -1.442980371914850624e+00
-3.049793555274906254e+00 2.692971415358905052e+00 -1.397474576015988346e+00
-3.051260551135475119e+00 2.710239445205090192e+00 -1.347776006519406211e+00
-3.056784919095155928e+00 2.708359761794663090e+00 -1.298210409770063967e+00
-3.066737984576657805e+00 1.418466070646682287e+00 -1.451559687629259132e+00
-3.075387290570754217e+00 1.441520027437251938e+00 -1.408090629986058273e+00
-3.084021372203575861e+00 1.464419706651988617e+00 -1.364518625430795273e+00
-3.092293084912622891e+00 1.487291110345391854e+00 -1.320875570948520039e+00
-3.100545171872648442e+00 1.510192047073977140e+00 -1.277199123434029637e+00
-3.108635135608843747e+00 1.533083200553374992e+00 -1.233500276383041383e+00
-3.116140363531876289e+00 1.556039740493847301e+00 -1.189740653018789951e+00
-3.122844871461307292e+00 1.579083463260431142e+00 -1.145909727924441235e+00
-3.129411214678404107e+00 1.602136074165323665e+00 -1.102047142880495434e+00
-3.066280730944849875e+00 1.417285369198598932e+00 -1.453917805265091845e+00
-3.074240305869971213e+00 1.437911457125681469e+00 -1.412984763135615829e+00
-3.084063184658125234e+00 1.476327393327532933e+00 -1.382927553646037033e+00
-3.093364326878539128e+00 1.523289966963440545e+00 -1.369543591963315432e+00
-3.101397733950348012e+00 1.572289694509369617e+00 -1.365826105866461360e+00
-3.106941004790722438e+00 1.621720819212468800e+00 -1.369756199699364352e+00
-3.111797378313682749e+00 1.670549653937770884e+00 -1.378671760728147122e+00
-3.115106138306441785e+00 1.718303683894180089e+00 -1.392763375443871965e+00
-3.116743643241843831e+00 1.765253619672483065e+00 -1.409665463464882418e+00
-3.082601424505930332e+00 1.649866672109165933e+00 -1.614331985341451281e+00
-3.089759923956493459e+00 1.697824398087391939e+00 -1.602146100375553495e+00
-3.094949943987528318e+00 1.745875527488618628e+00 -1.589786886894422047e+00
-3.100007391243926325e+00 1.793973313626352484e+00 -1.577362051640794682e+00
-3.102875908625931434e+00 1.843301187073825176e+00 -1.584246272849026083e+00
-3.083635270720346266e+00 1.643898879549370307e+00 -1.600690840783348889e+00
-3.092117562688880827e+00 1.674976246068707209e+00 -1.562524864444821748e+00
-3.099565817388433953e+00 1.692649152750384856e+00 -1.516484436533803271e+00
-2.951438464230699665e+00 1.136209569891168947e+00 -1.831195155240138428e+00
-2.951983676119671163e+00 1.136286011829301223e+00 -1.827296273646383362e+00
-2.952916271550996008e+00 1.136588557638220864e+00 -1.820976668836304491e+00
-2.954493974946653001e+00 1.137108619102509932e+00 -1.810302331476516757e+00
-2.957056205544078331e+00 1.137967320094448009e+00 -1.792995637543849385e+00
-2.960438057174222148e+00 1.139094712741393511e+00 -1.770140583106993626e+00
-2.948875023600832534e+00 1.135538230296518902e+00 -1.845858131157880111e+00
-2.944095826731530252e+00 1.134434711177619626e+00 -1.872882223101014709e+00
-2.937545891976748980e+00 1.132865484723233562e+00 -1.909810725912358897e+00
-2.945052165408525990e+00 1.162784397779528911e+00 -1.921053263607764849e+00
-2.945073017411929950e+00 1.178417229894259011e+00 -1.950702944780848824e+00
-2.945087990094330976e+00 1.197115439160822969e+00 -1.986227257816431946e+00
-2.944236028385436743e+00 1.218215357118155540e+00 -2.025796289068509726e+00
-2.943389219418084402e+00 1.233874584074738268e+00 -2.054987285574699118e+00
-2.929452803350139245e+00 1.204829525318342975e+00 -2.093170090177028708e+00
-2.508196595229148507e+00 3.941777179329731151e+00 -8.653568866655234615e-01
-2.566609376433810485e+00 3.865911916076561372e+00 -8.535255375936547928e-01
-2.566570290928094966e+00 3.866211691222276592e+00 -8.506776085531081444e-01
-2.566535404822069655e+00 3.866512370431799628e+00 -8.477521826035957497e-01
-2.566495229708610548e+00 3.866849496144897369e+00 -8.444890782142348007e-01
-2.566447186028566918e+00 3.867245450661700890e+00 -8.406702525665180614e-01
-2.566388766048261161e+00 3.867721560105781720e+00 -8.360887482884848954e-01
-2.566317285000847104e+00 3.868300222385034015e+00 -8.305280210264721630e-01
-2.566229719285405331e+00 3.869006302798616570e+00 -8.237483590671542677e-01
-2.506204828143208552e+00 3.945883535821717913e+00 -8.511293284043426333e-01
-2.566041484638506898e+00 3.870444206848176361e+00 -8.101000369389407263e-01
-2.622238410718676693e+00 3.795930471824280783e+00 -7.619243963583909318e-01
-2.622523988562623032e+00 3.799747408201178622e+00 -7.254371683672901083e-01
-2.622177123934457565e+00 3.803097573326336800e+00 -6.896299978796354146e-01
-2.621704131785423719e+00 3.806471975966738697e+00 -6.526741927368093776e-01
-2.638911457217398837e+00 3.784338066999864303e+00 -6.112908912940758777e-01
-2.655395158309723946e+00 3.763360549994779092e+00 -5.690129736775099145e-01
-2.671030088809970504e+00 3.742821927322000253e+00 -5.262178220995099576e-01
-2.340304895643979588e+00 4.165583292817382599e+00 -5.434726095663099388e-01
-2.336681684841487527e+00 4.172204747252280299e+00 -4.940609609354202347e-01
-2.332851062786342577e+00 4.178567768975578467e+00 -4.446538096300895471e-01
-2.378060047558077983e+00 4.133077939084230934e+00 -3.797308354677905173e-01
-2.371926019213176584e+00 4.141669794424798212e+00 -3.315412375836978565e-01
-2.372633114265245702e+00 4.142459384031250025e+00 -2.815454463466752211e-01
-2.374329706106744098e+00 4.142182054278271686e+00 -2.315819315241752774e-01
-2.376055816693011025e+00 4.140714153418331378e+00 -1.816490204777799766e-01
-2.378013371574027701e+00 4.138719327718413332e+00 -1.317395576770512555e-01
-2.330387023904153310e+00 4.175752857330091494e+00 -5.478872103327327991e-01
-2.307717415994086974e+00 4.201614040541032935e+00 -5.118947825619254433e-01
-2.252742049975656968e+00 4.260414922080498101e+00 -4.724145856947204458e-01
-2.163482018694174336e+00 4.347054215611323436e+00 -4.630888337676200561e-01
-2.162939010692439545e+00 4.348234555501654164e+00 -4.433248450456481193e-01
-2.162149391898520179e+00 4.349899372753498916e+00 -4.160495915989230742e-01
-2.185569382573814501e+00 4.329810632598356968e+00 -3.745413922995785017e-01
-2.182651603684684360e+00 4.334659850141094672e+00 -3.291991826526575737e-01
-2.179409190632622728e+00 4.338646508126025481e+00 -2.825555650084149995e-01
-1.767692381625422859e+00 4.662382547170983216e+00 -3.139545348108889189e-01
-1.794299102928051060e+00 4.645442618706799642e+00 -2.752013656562263821e-01
-1.820607019081751599e+00 4.628064544333057917e+00 -2.364118380004535946e-01
-1.846986641174045873e+00 4.610790805695098804e+00 -1.976213169229667777e-01
-1.872747386928807600e+00 4.592679579613319518e+00 -1.588274356880281235e-01
-1.899480475137124591e+00 4.573548425680624696e+00 -1.158008829391303091e-01
-1.913169342821817498e+00 4.563495847022076113e+00 -1.213332157240388370e-01
-1.927369624623677558e+00 4.553067663022340561e+00 -1.270750008832142453e-01
-1.942471094608710924e+00 4.541977692729247451e+00 -1.331802380133772223e-01
-1.757157885323472613e+00 4.669757613118639128e+00 -3.063637968569777881e-01
-1.760671421045257423e+00 4.669080660950417183e+00 -2.565365225192065002e-01
-1.750616035732698750e+00 4.676075103948218015e+00 -2.081153005090413954e-01
-1.735639255682262183e+00 4.686188098128482693e+00 -1.615368912821058545e-01
-1.714668520585399092e+00 4.700323582479370543e+00 -1.184226293460451801e-01
-1.690520893743163056e+00 4.716014113360039062e+00 -7.759191921170735529e-02
-1.663434213354963997e+00 4.732607541629286096e+00 -3.898866144408102280e-02
-1.634027573518880283e+00 4.750642100679450586e+00 -2.826482461737180128e-03
-2.070287784677458998e+00 4.433471292997171354e+00 -3.654811706047371156e-01
-2.073187355864969383e+00 4.431997373169370036e+00 -3.225742508671245456e-01
-2.090664764463691316e+00 4.418478423969741442e+00 -2.777261902433544871e-01
-2.093544407756235959e+00 4.417392349577200505e+00 -2.278318043975850749e-01
-2.084380676763776030e+00 4.426021334075737279e+00 -1.794552347032990491e-01
-2.068924979954652077e+00 4.440242134007861274e+00 -1.340970172653185577e-01
-2.068004288423968884e+00 4.440891796840283234e+00 -8.412959563908374572e-02
-2.079558916314999006e+00 4.430835056907844738e+00 -3.656394784032584305e-02
-2.069501987696556800e+00 4.433872227802866384e+00 -3.770401465801591079e-01
-2.070394062545649394e+00 4.433416081020238764e+00 -3.639633218075834509e-01
-2.071463649291328313e+00 4.432872480289220540e+00 -3.481315299875600289e-01
-2.106477169902448932e+00 4.402790364010717994e+00 -3.290049825850921428e-01
-2.660117150952332477e+00 3.711029703893989673e+00 -9.930171454119194330e-01
-2.687504127560138567e+00 3.669836154071895340e+00 -9.864028368922493906e-01
-2.713481964472366226e+00 3.627737006607739012e+00 -9.796607710281552972e-01
-2.738918650491342976e+00 3.585304837679491374e+00 -9.728543268815090794e-01
-2.763915567392490225e+00 3.542637509235148308e+00 -9.660173385088371978e-01
-2.821612734892301244e+00 3.435782170519873446e+00 -9.635990233214007938e-01
-2.822405412164415761e+00 3.435571136492671318e+00 -9.541610057084723984e-01
-2.823214521509594288e+00 3.435321532657444887e+00 -9.447540488131593861e-01
-2.824049659262636514e+00 3.435067230598211285e+00 -9.350223912215087640e-01
-2.659033719908736604e+00 3.710611196590213545e+00 -1.007898019377463594e+00
-2.681092273157237749e+00 3.673369037612410182e+00 -1.032754597250082673e+00
-2.696187018590467499e+00 3.643231050513825675e+00 -1.069563484116694996e+00
-2.708342260832095505e+00 3.616746111863124558e+00 -1.110108899060543886e+00
-2.716606871576244142e+00 3.595894413495520414e+00 -1.154742835762058384e+00
-2.731804414693535410e+00 3.563411739813120871e+00 -1.189387768551935620e+00
-2.752828130897314374e+00 3.521692531732463216e+00 -1.206780190032762157e+00
-2.776388967360814863e+00 3.477820367935577472e+00 -1.209410503180254892e+00
-2.800217982646495685e+00 3.434062990636202350e+00 -1.203580320353963229e+00
-3.110838199736773113e+00 2.651733641020562970e+00 -7.588309169693009393e-01
-3.113848166984450661e+00 2.651373983649071508e+00 -7.089332140727125919e-01
-3.116442540230002223e+00 2.650908949029940676e+00 -6.590122587115750941e-01
-3.118937750203046200e+00 2.650440942838069969e+00 -6.090810773932331390e-01
-3.121433491057595599e+00 2.649970749699254391e+00 -5.591491570388892329e-01
-3.123545552545214488e+00 2.649418326548938385e+00 -5.092034374371241512e-01
-3.125208500911226928e+00 2.648788910089771242e+00 -4.592425441499850547e-01
-3.126864987024232878e+00 2.648190714284889502e+00 -4.092886768170079792e-01
-3.128408964368414313e+00 2.647601318321798125e+00 -3.593448152132911466e-01
-3.107488716515870664e+00 2.666160454589669992e+00 -7.607687235259708025e-01
-3.103245728906723233e+00 2.695098845505353058e+00 -7.202560712810240906e-01
-3.084317370986043194e+00 2.783818791860130482e+00 -6.849293611152255101e-01
-3.085762697668609889e+00 2.782096664261872743e+00 -6.671958371057017390e-01
-3.086617736814570634e+00 2.781090968073936409e+00 -6.566390723030651744e-01
-3.087125781670489566e+00 2.780494515955070689e+00 -6.503609053293364362e-01
-3.087436227410264244e+00 2.780130650705890716e+00 -6.465215420993849493e-01
-3.087638099674154368e+00 2.779894297222803790e+00 -6.440236504666227990e-01
-3.087783991233097769e+00 2.779723457944005549e+00 -6.422185858079443310e-01
-3.007954856568916036e+00 2.927926596760421774e+00 -1.178630056792696612e+00
-2.992607452806987922e+00 2.970740470826158663e+00 -1.199403349793412232e+00
-2.977199863477863584e+00 3.013519263024099892e+00 -1.220170930572179291e+00
-2.959971274894783289e+00 3.055637032352696014e+00 -1.240764398205756791e+00
-2.933663878032022332e+00 3.129157468430995959e+00 -1.234882442483194787e+00
-2.933407184788663358e+00 3.129483498257945584e+00 -1.236356585575393741e+00
-2.934737119686448015e+00 3.127802249021859549e+00 -1.228687356072601489e+00
-2.937260611767432472e+00 3.124615332228457554e+00 -1.214122632974611760e+00
-2.925935230990546643e+00 3.161614054424548570e+00 -1.182505647952821759e+00
-3.007902447001636226e+00 2.932157038604911392e+00 -1.164972995678382750e+00
-2.994144369354831081e+00 2.979099528086501358e+00 -1.154815420739604193e+00
-2.982869192216622167e+00 3.020948333768170180e+00 -1.130032037047979943e+00
-2.971600177909267337e+00 3.059246877780290585e+00 -1.100043559080033484e+00
-2.962642992886455495e+00 3.092329380522425897e+00 -1.063693387431995818e+00
-2.958847740415322392e+00 3.112234817067546455e+00 -1.018030971255981409e+00
-2.938696416207320361e+00 3.177268134761624729e+00 -9.641562322202532620e-01
-2.943285209738582431e+00 3.174498750930323965e+00 -9.160011682102140451e-01
-2.947553707758743258e+00 3.171517252825689859e+00 -8.673713683833750299e-01
-3.167067112218511671e+00 2.112297777102133178e+00 -9.051231452851991044e-01
-3.169851975375799213e+00 2.121197983237162354e+00 -8.560238226355699753e-01
-3.171779516951957145e+00 2.199630701359474472e+00 -7.701196527296799710e-01
-3.174582912069115359e+00 2.182623433911638600e+00 -7.379435725842838911e-01
-3.176853073399034333e+00 2.165982949359211762e+00 -7.064983565609231908e-01
-3.177767044901222526e+00 2.199383743792849177e+00 -6.487860836402949971e-01
-3.181210840947280349e+00 2.179782166720361403e+00 -6.085991928242205917e-01
-3.183880981489629836e+00 2.158724635476588105e+00 -5.654698779531587283e-01
-3.185802325455580952e+00 2.149020515647356078e+00 -5.164944457207001349e-01
-3.167590349630930113e+00 2.096708449649709038e+00 -9.048975166311459262e-01
-3.171344669498118218e+00 2.073548463176915657e+00 -8.607658621334030036e-01
-3.174599736980901810e+00 2.037964633605530818e+00 -8.258466142506760699e-01
-3.175967777696324656e+00 1.998380239903962963e+00 -7.953739215040230848e-01
-3.177198812594796085e+00 1.957136545290495411e+00 -7.671569128071712429e-01
-3.178356381139344933e+00 1.915094800280213505e+00 -7.401624480434516595e-01
-3.178302726377867149e+00 1.872662686741871862e+00 -7.138105488273863708e-01
-3.177266347102951638e+00 1.830000413247924396e+00 -6.878126765866972026e-01
-3.175991300602766465e+00 1.785689444293862227e+00 -6.647686954644774771e-01
-3.145061511005635690e+00 2.424112655866707655e+00 -8.266268960924699760e-01
-3.144823679811109329e+00 2.445053218996739997e+00 -7.812884974874398925e-01
-3.144586828766169351e+00 2.465996518939379101e+00 -7.359265542878087318e-01
-3.144349189846077586e+00 2.486951386067022707e+00 -6.905510054797068253e-01
-3.146966313936431003e+00 2.488339877793656729e+00 -6.406611447757645239e-01
-3.151330995468828888e+00 2.471255293431401601e+00 -5.938954437000529829e-01
-3.168221979852748671e+00 2.359311802118171375e+00 -5.578164008537587204e-01
-3.169870430382104143e+00 2.357650551938672123e+00 -5.092649458558059505e-01
-3.170712195812317002e+00 2.361429312118187518e+00 -4.594680062584969860e-01
-3.147219633206186362e+00 2.409945701653322558e+00 -8.225013426792442406e-01
-3.151413181334155489e+00 2.399617554601316538e+00 -7.738406857468481670e-01
-3.157094793811153544e+00 2.374838474644438424e+00 -7.308604983546876932e-01
-3.163246900945846374e+00 2.345072309747989525e+00 -6.912337355834550223e-01
-3.168752157510409617e+00 2.306867401602326950e+00 -6.596286745186162870e-01
-3.136301961125197213e+00 1.640256989156068101e+00 -1.070492655194306364e+00
-3.143054367708064234e+00 1.678425484488539121e+00 -1.038936472241512865e+00
-3.149806688093351514e+00 1.716593997783452785e+00 -1.007381408117234312e+00
-3.154904525322759223e+00 1.754890170101688129e+00 -9.757089486529612055e-01
-3.159505071300048762e+00 1.793195648469093184e+00 -9.439836009336842748e-01
-3.163962480281202083e+00 1.835654241206538417e+00 -9.181810875626902346e-01
-3.167633987863437195e+00 1.882835504025839768e+00 -9.027556976540946909e-01
-3.168261624323956305e+00 1.932353084688097411e+00 -9.053167933572955350e-01
-3.167377842157157453e+00 1.975905666832604268e+00 -9.272520530648536985e-01
-3.135848843962601329e+00 1.629158194751057609e+00 -1.060510368219332866e+00
-3.140985095938102489e+00 1.641579087588246999e+00 -1.012381969381021873e+00
-3.144425259071977230e+00 1.638486001537526660e+00 -9.626190591965455567e-01
-3.146952686192193926e+00 1.629322970138959104e+00 -9.135301471229637649e-01
-3.148154040722308977e+00 1.612549779661210270e+00 -8.664380193597172042e-01
-3.148444347275921817e+00 1.592021537412133814e+00 -8.208859029126543971e-01
-3.147386760978166276e+00 1.568617290365706518e+00 -7.767630838209927946e-01
-3.143493783543474862e+00 1.530818086337996320e+00 -7.443761972257961768e-01
-3.137898169435161311e+00 1.485786719343079598e+00 -7.232724644627978039e-01
-3.115482821044733175e+00 1.800390939703918614e+00 -1.444886644878487614e+00
-3.114112244347913894e+00 1.835489649354338448e+00 -1.480164651367839257e+00
-3.117439658088744014e+00 1.809130711646262490e+00 -1.433035498232666960e+00
-3.119986846106292067e+00 1.857908100967422094e+00 -1.441091798518927103e+00
-3.121824428165241638e+00 1.906779003578010778e+00 -1.433260661367100841e+00
-2.914246944189982536e+00 1.169713323141338135e+00 -2.125269498254472200e+00
-2.898874358141678709e+00 1.134651030958207851e+00 -2.157349736467960355e+00
-2.882464324710015902e+00 1.102454640719206846e+00 -2.191822104997946941e+00
-2.868118714695369498e+00 1.082204848089877158e+00 -2.235123026473635033e+00
-2.854200990719010012e+00 1.064800265158408532e+00 -2.279739192521186286e+00
-2.915775637866442782e+00 1.181002500375347708e+00 -2.134896450565830772e+00
-2.904843153116026588e+00 1.171783698756978520e+00 -2.182754972669681326e+00
-2.897818313955415892e+00 1.177584148246956453e+00 -2.231844698539451333e+00
-2.722891418064290470e+00 3.664660183052913300e+00 -4.726603616748260572e-01
-2.722359915223631521e+00 3.668712144836590472e+00 -4.334248138250175186e-01
-2.721099250511022305e+00 3.672140275266027931e+00 -3.959978132279954322e-01
-2.719822998330357233e+00 3.675607202116272454e+00 -3.582063732716150861e-01
-2.734560165625881556e+00 3.653047988703002957e+00 -3.160798656870930090e-01
-2.748808696684664987e+00 3.631444316298423125e+00 -2.732881948730737642e-01
-2.762442712087947339e+00 3.610246002124523734e+00 -2.301250163425065387e-01
-2.775135046801351368e+00 3.588924123633304042e+00 -1.867211375392291151e-01
-2.787710337119635451e+00 3.567817390979553860e+00 -1.431683927310613003e-01
-2.722996553850231649e+00 3.663744314695992710e+00 -4.813326577069529932e-01
-2.722735684724297833e+00 3.666196904850075100e+00 -4.577164187117745420e-01
-2.722166236513178461e+00 3.669244019993975314e+00 -4.275323174545824223e-01
-2.720948266866157539e+00 3.672554858352424567e+00 -3.914054812781083692e-01
-2.735298793995460276e+00 3.650642858754754361e+00 -3.488683055323863469e-01
-2.755166356181921739e+00 3.619379674305999828e+00 -3.153670102057081759e-01
-2.778148681145375942e+00 3.580957839792582753e+00 -2.932790990781198315e-01
-2.801467142931443277e+00 3.538451024433562520e+00 -2.812713855986544997e-01
-2.825272643097926029e+00 3.494559151256611873e+00 -2.801669885936421411e-01
-2.375610165866841150e+00 4.142361237488054293e+00 -8.184470271650352846e-02
-2.373228091304449894e+00 4.145988946951616683e+00 -3.200072692836011812e-02
-2.385560595054069033e+00 4.131253972143578146e+00 -8.279284618273119456e-02
-2.402837157861434481e+00 4.112577851401971074e+00 -3.975667371885839574e-02
-2.427012977349483513e+00 4.083981050550624659e+00 -6.655389866835504688e-03
-2.183910572048580523e+00 4.335571334503539376e+00 -2.345591975005884566e-01
-2.188446182159781372e+00 4.332481619362433811e+00 -1.857822340881681855e-01
-2.192862723732918351e+00 4.329263886564341135e+00 -1.366026139955310859e-01
-2.197989234625199462e+00 4.324324665323614703e+00 -8.740407888137287362e-02
-2.216657503283566921e+00 4.306473847842598346e+00 -4.495248993581645036e-02
-2.243304973843676553e+00 4.281020116662604735e+00 -1.150168191324652325e-02
-2.194041840991713066e+00 4.326121817288113292e+00 -2.384857016753478276e-01
-2.217806326851032406e+00 4.303907460452845335e+00 -2.027365280043329221e-01
-2.248208425034137203e+00 4.274096753680118432e+00 -1.789997969330924810e-01
-2.280669659047328768e+00 4.241831726758597654e+00 -1.608251831030350354e-01
-1.950928017622894028e+00 4.535540623075632993e+00 -1.366594407657608368e-01
-1.968821719107842316e+00 4.521012051707563373e+00 -1.441579309841759526e-01
-1.938052434739155006e+00 4.545222334033190315e+00 -1.314109085934173915e-01
-1.930436173431650859e+00 4.550815430782623849e+00 -1.283323551759045777e-01
-1.926800456863799971e+00 4.553485357326857219e+00 -1.268632509369551631e-01
-1.922049030604337849e+00 4.556974622228561422e+00 -1.249429731560130208e-01
-1.915562928778220098e+00 4.561737772702002758e+00 -1.223212082997482547e-01
-1.912194923973192573e+00 4.564211102854645041e+00 -1.209602443074054845e-01
-1.906922272237312477e+00 4.568083135854668519e+00 -1.188293057967850369e-01
-1.913827979587530148e+00 4.563813544133187960e+00 -6.940493814413493945e-02
-1.922212714220748353e+00 4.557414507032540030e+00 -2.051827539446920978e-02
