3.000000000000000076e-05 1.129999999999999893e+00 0.000000000000000000e+00
3.122758531203375992e-04 1.128133347056188285e+00 -1.874431340617988828e-01
1.163556563060633760e-03 1.126292498818233678e+00 -3.749841084461910112e-01
1.860999878047139237e-03 1.124605591336274246e+00 -5.624942158093756417e-01
-4.187191700498640867e-02 1.121508861980868188e+00 -7.553923766975274567e-01
-1.912632564098881022e-02 1.121568936093903179e+00 -9.400813547757964628e-01
3.372870934500032947e-03 1.115800024381698563e+00 -1.124610511251390443e+00
3.243955535929357505e-03 1.110944814104344536e+00 -1.311976678111957062e+00
1.312973035665820631e-01 1.099636279451832399e+00 -1.464720581844865865e+00
2.640651247855695938e-01 1.089270974020980276e+00 -1.618524684020081983e+00
-1.251152094903728584e-01 1.104935929153262331e+00 -1.464658443024787760e+00
-3.286563960398704021e-01 1.087564422267640385e+00 -1.630524084140624552e+00
3.546051614541956276e-01 1.082131225701922883e+00 -1.697775813003848056e+00
4.417377219003552069e-01 1.068474345623869004e+00 -1.776331280294648929e+00
5.310460438924117232e-01 1.052479053935099662e+00 -1.854595524842457266e+00
6.203220059406155951e-01 1.036318908110713144e+00 -1.933085101110771253e+00
3.279959810358887284e-01 1.083172057563628776e+00 -1.721003549276189482e+00
3.602291289467013380e-01 1.077014652832057662e+00 -1.836094369220525158e+00
2.960428974808261837e-01 1.079406734683788116e+00 -1.948131830463708303e+00
2.818599179244432040e-01 1.077109720992959652e+00 -2.067092450297174366e+00
-3.127919867206592763e-01 1.087255911277677844e+00 -1.718809865314535168e+00
-2.952543294775614724e-01 1.083974556264773570e+00 -1.818620018404187633e+00
-2.764522806289597123e-01 1.080453767057812930e+00 -1.925679580788182799e+00
-2.943934119374788660e-01 1.072039799824206829e+00 -2.043652229564328238e+00
-3.180454876405216513e-01 1.087663433342674235e+00 -1.692566419281076984e+00
-3.122031896238980364e-01 1.087149917373533281e+00 -1.722082817515453668e+00
-3.051451367183612984e-01 1.085829525303037668e+00 -1.762247925018179950e+00
-2.946445937218435396e-01 1.083863814381330615e+00 -1.822027660363505053e+00
6.949646716680784042e-01 1.014280015183733896e+00 -2.024075380751571007e+00
7.686347582104530174e-01 9.924895595724705366e-01 -2.114846577396623850e+00
8.408318594296428916e-01 9.652300791474475172e-01 -2.205060454374053069e+00
7.172425020578241384e-01 1.009851414208777776e+00 -1.997594480922905369e+00
8.274754949950239302e-01 9.813112449425634987e-01 -2.031961062453909950e+00
9.421756821597530029e-01 9.501723973990169325e-01 -2.036080411009090874e+00
1.053883505032778389e+00 9.104915341622830116e-01 -2.023954373705375787e+00
2.683320346327335293e-01 1.072138340975224091e+00 -2.179406958866632937e+00
2.249013220178637806e-01 1.070947084551907125e+00 -2.291111888798533336e+00
1.845623508791955636e-01 1.067981078791524263e+00 -2.403986119407955702e+00
1.458249594970885965e-01 1.063841667511564726e+00 -2.517401945181349188e+00
2.676465162846067836e-01 1.071835818971240251e+00 -2.185940468367553180e+00
2.507691044026352234e-01 1.066925266906240122e+00 -2.304568297905893903e+00
2.630757130091656015e-01 1.058162266692164177e+00 -2.423477872038308778e+00
3.040643066829324392e-01 1.048655464265376036e+00 -2.535624146579338767e+00
-2.879449377007425870e-01 1.067152578852771816e+00 -2.163378573739019650e+00
-2.814607812054996661e-01 1.063480760727947949e+00 -2.283183200603705831e+00
-2.451184664375564981e-01 1.051874537980293178e+00 -2.575861650965733940e+00
-2.913795950759707210e-01 1.047186323259550855e+00 -2.583753030915042270e+00
-3.230158079210056488e-01 1.063282559013713602e+00 -2.159640743213729230e+00
-3.815064823668095073e-01 1.052787644116228272e+00 -2.263105472081761160e+00
-4.663411306903447739e-01 1.039955949205729979e+00 -2.348280815730815707e+00
-5.568119041683083914e-01 1.022080297797511861e+00 -2.423624154232965733e+00
1.163463142161746067e+00 8.682143125543376749e-01 -2.014320675069902755e+00
1.268315715460413218e+00 8.160542393766481162e-01 -2.003181611808948048e+00
1.373620930460637268e+00 7.628473994362394706e-01 -1.992104648485202967e+00
1.472671091376807517e+00 7.020274067004972363e-01 -1.980426399582186248e+00
1.156864918779241247e+00 8.734974624294514767e-01 -1.979790177940030205e+00
1.241072778353121020e+00 8.350110048464749468e-01 -1.906896707066508601e+00
1.305644934225098641e+00 8.056184222490271329e-01 -1.812648137756404321e+00
9.147437538584739236e-02 1.059282451232804512e+00 -2.624219026999718984e+00
3.647129082995894528e-02 1.054689033366775996e+00 -2.731881490184476124e+00
-1.801937760189246951e-02 1.050121797687756819e+00 -2.838894467581707381e+00
-4.448281139015702185e-02 1.043002612388528760e+00 -2.955240750893298962e+00
1.251434170729343598e-01 1.056462672629610688e+00 -2.635227747319351721e+00
1.349035473543987729e-01 1.046070758509172194e+00 -2.754662413102241469e+00
1.739826443235824027e-01 1.034177426410937350e+00 -2.868349110662317347e+00
3.963554990939651135e-01 1.000594997979752598e+00 -3.180523520950952587e+00
3.845938813226555952e-01 1.035346777283542741e+00 -2.624400750624314327e+00
4.649084465486468809e-01 1.022073936017606099e+00 -2.712932138214946942e+00
5.440581659240830703e-01 1.004317578406764389e+00 -2.800971886556915535e+00
6.221011779387329854e-01 9.813889322525585213e-01 -2.888862366558724748e+00
3.549874468903121971e-01 1.038230843124201774e+00 -2.644434611110988431e+00
3.748462461349283403e-01 1.027760019032369687e+00 -2.762302528877373486e+00
3.648076198165464690e-01 1.020663934571910403e+00 -2.881944673120000910e+00
3.665128406741369749e-01 1.015956193252729012e+00 -3.002048894196836848e+00
-3.634820323309901902e-01 1.033917122849063563e+00 -2.680603551995328626e+00
-4.341277522241369646e-01 1.022594039162933122e+00 -2.777177443393423317e+00
-5.036970140014658259e-01 1.007693079700217043e+00 -2.873398444055362599e+00
-5.718129980521747813e-01 9.872359549280086410e-01 -2.969419253940601244e+00
-3.323966509789469392e-01 1.035501116090504103e+00 -2.696907990696485236e+00
-3.385850312145411989e-01 1.028030128597359649e+00 -2.816465856348383312e+00
-3.147369719274833444e-01 1.023128055606155495e+00 -2.933929203900999649e+00
-2.757964951601383774e-01 1.020085858326923001e+00 -3.047380061745260882e+00
-6.456794794545765992e-01 9.963038219508104643e-01 -2.498388761214801690e+00
-7.350802125238399265e-01 9.720090249110380221e-01 -2.573328280822205549e+00
-9.562844694912026045e-01 8.986848425384375005e-01 -2.757728665189392192e+00
-9.714618209929847259e-01 8.941134145143013745e-01 -2.737128949552044332e+00
-6.636770389709591988e-01 9.939945274435115774e-01 -2.467697671926009750e+00
-7.804097912775673773e-01 9.658484310233101944e-01 -2.480662005001469161e+00
-8.954958122790895869e-01 9.403528956791479265e-01 -2.463498362295289734e+00
-1.003946811222981905e+00 9.052367467943733814e-01 -2.433510206579827972e+00
1.563910378381905275e+00 6.311614402257792467e-01 -1.985163815544654931e+00
1.655591935122515013e+00 5.599777362989066809e-01 -1.989560815495730939e+00
1.728332468981616188e+00 4.717794652076159334e-01 -1.992174932327864356e+00
1.796026759898754710e+00 3.797413777889361852e-01 -1.995545057983832526e+00
1.562358054601548307e+00 6.348150190251301561e-01 -1.950573195074609023e+00
1.641901052253871729e+00 5.760174778637275894e-01 -1.890097740232983270e+00
1.702521594230066437e+00 5.278495400356665312e-01 -1.804847119473200978e+00
1.746499911198685195e+00 4.777894991973998806e-01 -1.710850420807908945e+00
-6.951616225429940732e-02 1.034621993052410094e+00 -3.071519233802854298e+00
-9.604556423095544915e-02 1.026245339362365616e+00 -3.188293767369362985e+00
-9.523629203224739936e-02 1.016876838902367908e+00 -3.307755989963012677e+00
-7.965897605700400508e-02 1.007699408668465413e+00 -3.425983044102769881e+00
-3.397351681786345279e-02 1.033411868850167892e+00 -3.073998967313587460e+00
3.760667331585791032e-03 1.023609725683807259e+00 -3.185509964093507840e+00
1.456760100786741452e-01 1.005456654544551576e+00 -3.376989875128610485e+00
1.640013988799464972e-01 1.005918023164104946e+00 -3.363269696383711871e+00
3.801721984475738836e-01 1.002571637535351279e+00 -3.192915087888074765e+00
3.408851639035866965e-01 1.007245816680800043e+00 -3.224363505952651199e+00
2.829417440006423146e-01 1.009154369411681129e+00 -3.270561770948007485e+00
4.079461348700325618e-01 9.992666901043651961e-01 -3.170688591413808766e+00
4.425938969184812222e-01 9.951441609732667448e-01 -3.142957193171790120e+00
4.972242468232767609e-01 9.886428441989761895e-01 -3.099245076618943884e+00
6.156465825843473461e-01 9.653084267533373897e-01 -3.106018245805767020e+00
7.297783196610493350e-01 9.541374479051660806e-01 -2.932647747933130766e+00
8.366428486035739631e-01 9.270133991893226844e-01 -2.977485306677603916e+00
9.329694065804935432e-01 8.879768955842158862e-01 -3.021565119945301081e+00
1.027478542144613538e+00 8.467529970521456839e-01 -3.052083896557553189e+00
7.124737682323326604e-01 9.563807162381120497e-01 -2.963369301184889615e+00
7.797978392928359703e-01 9.354134992911388169e-01 -3.060181591514406385e+00
8.216949364612788909e-01 9.195005048867317399e-01 -3.171062865981113532e+00
8.388288115160821290e-01 9.049678190219596630e-01 -3.288130425874097096e+00
-6.243309555119501697e-01 9.699252777912428236e-01 -3.075217644215005208e+00
-6.778589677835951122e-01 9.524175855904776222e-01 -3.181071269988855033e+00
-7.295644893838155731e-01 9.311394085143207544e-01 -3.286451884378479349e+00
-7.788852054127303193e-01 9.049699785062135238e-01 -3.392072712591314598e+00
-6.522956666899192291e-01 9.650873200721254985e-01 -3.053962138883017818e+00
-7.128099664643445799e-01 9.506089417932932495e-01 -3.079204216934568805e+00
-7.319357586854742248e-01 9.478460159569783716e-01 -3.054967669626020399e+00
-7.600635958457387931e-01 9.438119399408203547e-01 -3.018803103736715343e+00
-2.520067618434796985e-01 1.015697362333728648e+00 -3.164987274829948571e+00
-2.282153641106638153e-01 1.011309599375604051e+00 -3.282583412067832995e+00
-2.402466537884915820e-01 1.000019113056938913e+00 -3.401507628409324635e+00
-2.864078890739840122e-01 9.874175862513954183e-01 -3.511408906165526478e+00
-2.883553921155601607e-01 1.012641795440347048e+00 -3.166457771677270383e+00
-3.319129707835850596e-01 9.995013188800969672e-01 -3.277538725609314696e+00
-4.020557123828258916e-01 9.815651130706541938e-01 -3.373044839633934977e+00
-4.925456946378605205e-01 9.641675842691920240e-01 -3.450057966248582186e+00
-1.118267502517485967e+00 8.334268816093043375e-01 -2.742230047004356575e+00
-1.239340044305473176e+00 7.840508294226987696e-01 -2.749909941219891962e+00
-1.334678596449684784e+00 7.336599564682252383e-01 -2.757754191131905230e+00
-1.417145049648099064e+00 6.724078860178742678e-01 -2.764888677056334565e+00
-1.111959083603645926e+00 8.332523152483110040e-01 -2.776536425474291025e+00
-1.216177328050945805e+00 7.881979934345612060e-01 -2.847805503617530487e+00
-1.277477943981122577e+00 7.478524794845146095e-01 -2.938669527498950718e+00
-1.321609575512518564e+00 7.074449725688913837e-01 -3.043186670096967639e+00
-1.107796747092530731e+00 8.646987209039820321e-01 -2.393524756934897635e+00
-1.213559288957702265e+00 8.233785979194035987e-01 -2.353297587987270845e+00
-1.315400475831733917e+00 7.778250685308844004e-01 -2.312730665531459895e+00
-1.412253611883554694e+00 7.206899819238857807e-01 -2.270779796406128259e+00
-1.093104900702418725e+00 8.730573062121500527e-01 -2.362629544338773258e+00
-1.163499587809118552e+00 8.503593304625991500e-01 -2.268430131073797984e+00
-1.209443071868375297e+00 8.375878992064593742e-01 -2.158877117883775565e+00
-1.239821340836724017e+00 8.317715467200855750e-01 -2.043402748375272804e+00
1.859196074925693720e+00 2.887232175434782389e-01 -2.015321048157792561e+00
1.888188816615775645e+00 1.693886638224682828e-01 -2.032798355962946779e+00
1.912225005093177499e+00 6.787392404524855705e-02 -2.051218517945060604e+00
1.925050624199404981e+00 -2.202315311356504990e-02 -2.068270718268815589e+00
1.862416003893227812e+00 2.884224891766085097e-01 -1.980697458926204302e+00
1.772087329534312916e+00 4.510349386933896199e-01 -1.601137234578798196e+00
1.795975493216213748e+00 4.235069210790863847e-01 -1.488737978895740888e+00
1.825394600747017426e+00 3.939871832998830814e-01 -1.375862290596667981e+00
1.849254545208572020e+00 3.732080670669655209e-01 -1.263179688001573542e+00
1.788799860384535423e+00 4.253333863094133638e-01 -1.616444347174049279e+00
1.839451203496955900e+00 3.526745514758219402e-01 -1.542761964546449427e+00
1.896604425521936310e+00 2.692186156515066209e-01 -1.493337744928959321e+00
1.931292582911709577e+00 1.714158844192934239e-01 -1.458963874179203035e+00
-3.979831071276601628e-02 9.993750490079751359e-01 -3.537208484622219817e+00
-1.100584088487083917e-03 9.896269570503297697e-01 -3.647660289962212588e+00
4.215137529871047090e-02 9.794160937840038494e-01 -3.759420001439090164e+00
8.486556770047994080e-02 9.695789412284658848e-01 -3.871492866951743661e+00
-7.296527758878786074e-02 9.986057842984955579e-01 -3.544693189354189755e+00
-9.933408241278982032e-02 9.869981671254230982e-01 -3.661264018271961351e+00
-1.536172995747974723e-01 9.759406165361598218e-01 -3.768265854758474642e+00
-2.219239466091281199e-01 9.664318294061620129e-01 -3.867075412244914467e+00
1.874126536265964815e-01 1.006555707122463783e+00 -3.345011720028069568e+00
1.134642394519620234e+00 8.013385247141328049e-01 -3.086795806676944753e+00
1.240935761669306858e+00 7.562808162565454184e-01 -3.121398344926757940e+00
1.333035397504365394e+00 6.957562123147487121e-01 -3.153921755817395756e+00
1.424781057862516187e+00 6.305277194870484436e-01 -3.186563344044555990e+00
1.137733935649997363e+00 8.025924062040260543e-01 -3.051330162537230883e+00
1.242768923257391078e+00 7.629322034688396093e-01 -3.016343489252754750e+00
1.331032971128513820e+00 7.183652209251254472e-01 -2.951782864679317608e+00
1.409069793272235138e+00 6.718604403553699589e-01 -2.875987408133131584e+00
8.580815595151576325e-01 8.889096545729824328e-01 -3.405213350381070647e+00
8.773792689898916031e-01 8.728296934587214118e-01 -3.522398846657469829e+00
8.968960520696072081e-01 8.574537912010913310e-01 -3.639741499214334652e+00
9.145635917577527030e-01 8.394650914499290906e-01 -3.756917157702525767e+00
8.241203864125423717e-01 8.981191775421834000e-01 -3.406660205850868817e+00
7.797035483463348182e-01 9.001827988327556485e-01 -3.517142914410970711e+00
6.450792680787805766e-01 9.305148870568027419e-01 -3.586435350202073380e+00
6.033290514068386790e-01 9.328574085293537266e-01 -3.688239773267123045e+00
-8.423776220896660449e-01 8.787351029497020294e-01 -3.488568328427803067e+00
-1.016057009726918370e+00 8.160727235962433879e-01 -3.605975266397885903e+00
-1.002584403144617164e+00 8.156127324057016459e-01 -3.682543330757488853e+00
-9.875306524594670288e-01 8.141862381776650004e-01 -3.758224526937832266e+00
-8.123790916215768432e-01 8.872643065856778977e-01 -3.505228339617045830e+00
-1.005061732356498538e+00 8.161796769745536251e-01 -3.660697109946062788e+00
-9.845453044408576382e-01 8.135842376173352264e-01 -3.772525132807251769e+00
-9.607738184473789689e-01 8.088372846099796121e-01 -3.885961920868530761e+00
-8.068358077915180893e-01 9.371028575498797641e-01 -2.958685584228514909e+00
-8.614974894584106480e-01 9.273018168653585080e-01 -2.885547565887867538e+00
-7.880560813496831907e-01 9.397944451571205171e-01 -2.982862861192691728e+00
-7.958157654089337285e-01 9.386752011281883634e-01 -2.972998989805824888e+00
-7.832890009324622316e-01 9.404756726940317613e-01 -2.989035780628672256e+00
-7.718351023322199689e-01 9.421212691792353322e-01 -3.003711028219138157e+00
-3.650221216830705773e-01 9.720321227372427098e-01 -3.600731288699191790e+00
-4.433497221119098164e-01 9.549612904907041067e-01 -3.689896857034137945e+00
-5.185979156331560480e-01 9.352461391193407358e-01 -3.781175105274917403e+00
-6.139237505016333918e-01 9.141055832830472516e-01 -3.851508137630089479e+00
-3.351193321144406712e-01 9.747861086276545795e-01 -3.620329584880253471e+00
-3.526473346584588775e-01 9.652884788565356811e-01 -3.738594484744824253e+00
-5.873013459675818781e-01 9.463134290120672754e-01 -3.521156783203331919e+00
-6.798162484348726498e-01 9.203807099086585009e-01 -3.591652315848425481e+00
-6.042275297283677959e-01 9.462911792521874199e-01 -3.489567514030318840e+00
-1.634118855469904208e+00 5.085463182425973283e-01 -2.762745872816165793e+00
-1.634882319036289777e+00 5.115068632080543853e-01 -2.743127923715527938e+00
-1.638189409149384712e+00 5.111358499384925924e-01 -2.723586640318436558e+00
-1.629662407723045936e+00 5.073560581105565070e-01 -2.797460735833698919e+00
-1.621528693333656790e+00 5.088574878152968273e-01 -2.842601456794134673e+00
-1.689909203245275826e+00 4.049457499174146657e-01 -2.915823112747324863e+00
-1.737208250164119061e+00 3.294342812439149393e-01 -2.997749024214868552e+00
-1.368824768458088981e+00 6.652848970535110151e-01 -3.146133715854545265e+00
-1.417603956666274367e+00 6.262948968191880406e-01 -3.251263444059357077e+00
-1.461756591878244693e+00 5.877014648704446120e-01 -3.354129738411125938e+00
-1.502765591592139849e+00 5.392898784310131699e-01 -3.457484635193629252e+00
-1.341336728853348648e+00 6.811103747058843139e-01 -3.158452872070183215e+00
-1.329295738611788291e+00 6.791459642367542182e-01 -3.275379454687578296e+00
-1.295022909370959319e+00 6.956412461607598408e-01 -3.388746786371005015e+00
-1.248124483946344787e+00 7.143433068482294424e-01 -3.496957286977669721e+00
-1.506925940504433292e+00 6.638590855007449054e-01 -2.246962696883892718e+00
-1.592211764905021587e+00 5.937944621315941474e-01 -2.220858295880713928e+00
-1.675867812487035424e+00 5.200923977109632723e-01 -2.193972899705712631e+00
-1.748944856086904753e+00 4.369704067630362232e-01 -2.165851269082279540e+00
-1.497691500071323789e+00 6.716625201663531941e-01 -2.213758251411608313e+00
-1.577178865447225631e+00 6.152941861921606970e-01 -2.121815531634843932e+00
-1.560459347014753639e+00 6.356611549601017819e-01 -2.056264034247850425e+00
-1.270210626744035398e+00 8.251715675608832790e-01 -1.928585755142617320e+00
-1.298466806841832799e+00 8.144451641579120160e-01 -1.813020024346470915e+00
-1.326753695191513982e+00 8.032939563756158474e-01 -1.697466688154936287e+00
-1.359242642376950139e+00 7.874122160543087778e-01 -1.582371984230601880e+00
-1.238132671246634953e+00 8.392327489307653821e-01 -1.924360490015028624e+00
-1.206436192468446356e+00 8.583393238707581752e-01 -1.810733388239669228e+00
-1.149119509446632437e+00 8.865209061993506445e-01 -1.709570840837387973e+00
-1.079041066468046761e+00 9.193647243360466570e-01 -1.618210754359052705e+00
1.917123897685194533e+00 -1.166794032501922151e-01 -2.068932248052421041e+00
1.900274236402111683e+00 -2.961945888135126825e-01 -2.069079558845047462e+00
1.887324220796329000e+00 -3.645313123380388709e-01 -2.071099186450266583e+00
1.886788715318819643e+00 -3.657272762896828233e-01 -2.074662462952218789e+00
1.914911247919391712e+00 -1.111693751085404691e-01 -2.100275669482440044e+00
1.902461453574096462e+00 -1.861680575716945785e-01 -2.162465823551328103e+00
1.877489851555333544e+00 -3.674179327566355902e-01 -2.233676426004734594e+00
1.870610851319331136e+00 -3.737919153264327443e-01 -2.322352024828219896e+00
1.860262335479836660e+00 3.648101279865870739e-01 -1.145306353977439962e+00
1.886740962978438407e+00 3.308056049540575305e-01 -1.032698025788467033e+00
1.909206370563375721e+00 2.958709465579457687e-01 -8.448854283115612152e-01
1.902800902060979071e+00 3.120040533620999090e-01 -8.368263454176231297e-01
1.889101751683759822e+00 3.135214361099323277e-01 -1.159953827358339185e+00
1.933120529440817803e+00 2.413126690472696401e-01 -1.071769378687442265e+00
1.958613793618029897e+00 1.575647995407598589e-01 -1.004448069295279078e+00
1.976724581969865779e+00 6.718184962861117882e-02 -9.500452089508103493e-01
1.952298710653727509e+00 6.714877504905555905e-02 -1.423957669237824186e+00
1.964873102418239093e+00 -2.542648551124870177e-02 -1.388394880792398922e+00
1.960623941572602336e+00 -1.238843858138071463e-01 -1.349710098520253254e+00
1.955931626268202272e+00 -2.271316014753738122e-01 -1.309423683435259722e+00
1.951857136596599540e+00 6.142529334507677158e-02 -1.455658416659156407e+00
1.432878312088803618e-01 9.606266228110664773e-01 -3.975955314006141439e+00
2.015157257783136702e-01 9.486202316577078131e-01 -4.080150342087320858e+00
2.596920505766620035e-01 9.366126769528491103e-01 -4.184363579524525534e+00
3.171783557192194847e-01 9.205831270171089820e-01 -4.288253172649101330e+00
1.098075004681166450e-01 9.598002507432493724e-01 -3.988441929954026133e+00
1.017936836002040629e-01 9.472218133033616372e-01 -4.107386546545091832e+00
5.271586676402480187e-02 9.358653153861075102e-01 -4.220708719931122843e+00
-6.269006486186510900e-03 9.251789526809411912e-01 -4.329159111865027221e+00
-3.131490682322376484e-01 9.523315994304309973e-01 -3.942771300718719285e+00
-4.058018058362197200e-01 9.307992151808756054e-01 -4.018290104520867878e+00
-4.978981581987843574e-01 9.093470035459028100e-01 -4.093755829043339567e+00
-5.661588651028288677e-01 8.885438348357038718e-01 -4.190659789311244054e+00
-2.868398651246897857e-01 9.538864224724296070e-01 -3.966812515448482568e+00
-3.210843427393895166e-01 9.373952750751571861e-01 -4.079848229682970562e+00
-3.256513015205150241e-01 9.248036818475086074e-01 -4.198597649071003524e+00
-3.176518564645577358e-01 9.135429102896657216e-01 -4.317535414208221844e+00
1.518051074925170774e+00 5.658248227143024556e-01 -3.201818385286736568e+00
1.591648617361832052e+00 4.807352916296619427e-01 -3.214285371099694810e+00
1.661747613164171078e+00 3.958157933176527088e-01 -3.227175525720816562e+00
1.728662636851755918e+00 3.097341826654618768e-01 -3.239707369595093311e+00
1.508409816591655739e+00 5.686804907506747275e-01 -3.235693438276188605e+00
1.561346074140903317e+00 5.007652536071882654e-01 -3.310232163242758485e+00
1.594939751910573245e+00 4.464171748131163242e-01 -3.404851694359886327e+00
1.619125689775824384e+00 4.001010705909141540e-01 -3.507839620938342673e+00
1.499380870230256457e+00 6.137321625500089528e-01 -2.804719318853623022e+00
1.583902069715251271e+00 5.597230017769073696e-01 -2.732986387201298051e+00
1.643829229687445714e+00 5.016223377519009041e-01 -2.658606348740591763e+00
1.480993154898048170e+00 6.284794093071122134e-01 -2.781881060699083807e+00
1.529234774134820229e+00 6.057873772516422228e-01 -2.674422570458292903e+00
1.497674946986366162e+00 6.433891781642927521e-01 -2.549810518722930297e+00
1.514891812632261248e+00 6.449055291636455189e-01 -2.433964310250134933e+00
9.155211406907449723e-01 8.266018952554826660e-01 -3.876047068323901890e+00
9.172502408521686634e-01 8.148630362212659906e-01 -3.995209762545983700e+00
9.187848663864061072e-01 7.981758053268049879e-01 -4.113366636928305731e+00
9.222614823017153407e-01 7.825329638986197045e-01 -4.232058709801418850e+00
9.479915932417620761e-01 8.137618727262451168e-01 -3.869254172962539595e+00
1.009041212259199849e+00 7.796466900113214749e-01 -3.966689110119924422e+00
1.090398873212873987e+00 7.368579078839138097e-01 -4.044166938548086065e+00
1.176610389268017975e+00 6.781763991277359738e-01 -4.103552135250907895e+00
5.600846573112295834e-01 9.291663419250454359e-01 -3.789940613543040904e+00
5.150220599389428999e-01 9.254088901902294273e-01 -3.894999035718389013e+00
4.446708215620401305e-01 9.260752365872297887e-01 -3.991457351691731770e+00
3.975066294085174423e-01 9.239343856578621228e-01 -4.100465177498444191e+00
5.671323960175999046e-01 9.297966230104706131e-01 -3.773068825903062251e+00
5.391598785902771418e-01 9.274225874388593027e-01 -3.838713905126338144e+00
4.264761312025288076e-01 9.397165354366667778e-01 -3.877109509226960959e+00
3.104693288434280385e-01 9.537985838812131911e-01 -3.901894518396569200e+00
-9.409134153390477096e-01 8.023855549568211787e-01 -4.003930640933151430e+00
-9.217749213063330949e-01 7.957066610480839630e-01 -4.121919344080898107e+00
-9.035301071931077788e-01 7.894741690312508942e-01 -4.240076625147485068e+00
-9.055751750509162257e-01 7.719362906624617215e-01 -4.358066327673182805e+00
-9.744197795297342424e-01 7.919620591499177964e-01 -4.003738337627305910e+00
-1.016214188530669693e+00 7.626223043298702153e-01 -4.111648830314472036e+00
-1.078735485859419141e+00 7.179948275036225347e-01 -4.203150652182120695e+00
-1.157974563957721692e+00 6.640939347879889487e-01 -4.287214315149996402e+00
-7.018616992609008065e-01 8.848936474573313449e-01 -3.925613204575395976e+00
-7.839915043786945814e-01 8.518265159294579059e-01 -3.999007447898998535e+00
-6.769426106093474615e-01 8.901576299389286628e-01 -3.950055805024052624e+00
-7.090444201354357823e-01 8.686093498093437892e-01 -4.062304499908313105e+00
-7.124140704539827507e-01 8.557127875788210769e-01 -4.180620129484649006e+00
-6.536240315008720048e-01 8.630731761926649925e-01 -4.292464466181544758e+00
-1.761124394879349131e+00 2.843313425757371671e-01 -3.093247981595336871e+00
-1.751927277311321918e+00 2.778852719245005765e-01 -3.186052381132721045e+00
-1.739778449633933022e+00 2.806527474621338669e-01 -3.284133165751906169e+00
-1.768503195634367531e+00 2.665867262752398825e-01 -3.068571480969350951e+00
-1.791018565075478408e+00 1.595993243932686545e-01 -3.108061429959525945e+00
-1.815034483008581168e+00 4.901423711095356101e-02 -3.142509613532747714e+00
-1.819189346128690099e+00 -5.811261678069458425e-02 -3.161762383987729130e+00
-1.553157252041334591e+00 4.851664585042456679e-01 -3.549144823285443451e+00
-1.591428309832152888e+00 4.215929258467600582e-01 -3.637496705217564852e+00
-1.632130955657771665e+00 3.466948714792593700e-01 -3.728713504390378297e+00
-1.667288833346661336e+00 2.765003985329797520e-01 -3.819761046022525086e+00
-1.528582557042965195e+00 5.022139537986837210e-01 -3.567704117726375745e+00
-1.526194551356821361e+00 4.834930249555052795e-01 -3.683921150729304372e+00
-1.498340789558320063e+00 4.818567107583043296e-01 -3.800264053835088252e+00
-1.463190504627413180e+00 4.891167756166266423e-01 -3.914679296801572672e+00
-1.200147138889250842e+00 7.256574016114338832e-01 -3.604664276106885445e+00
-1.229770252492122573e+00 7.090057346209980293e-01 -3.613802354825268459e+00
-1.240197368979818027e+00 6.873444104510022523e-01 -3.729290397409835034e+00
-1.268828741253657411e+00 6.561429387574962968e-01 -3.845471313648392453e+00
-1.290619821631512565e+00 6.299392238106066300e-01 -3.963021984954882004e+00
-1.812824251845555956e+00 3.414740235959424219e-01 -2.152861872536292687e+00
-1.862378673745486379e+00 2.588869761609710052e-01 -2.139124986561184105e+00
-1.890004671899324196e+00 1.458084341739248058e-01 -2.121165520031015994e+00
-1.917707545559091065e+00 3.165969467648420410e-02 -2.102433476375193955e+00
-1.809602720208469462e+00 3.497959459008491145e-01 -2.120076586499799909e+00
-1.856167116618306467e+00 2.869426432428612839e-01 -2.046147639442066790e+00
-1.881464108455142004e+00 2.489010121327878966e-01 -1.951599287620502832e+00
-1.893407689390406379e+00 2.179742582318742739e-01 -1.847523072811477762e+00
-1.378357105337812305e+00 7.825638930845230101e-01 -1.462969311406209449e+00
-1.409317095960887167e+00 7.728472411958183796e-01 -1.347074583312346752e+00
-1.430268925013351788e+00 7.680659371076191677e-01 -1.229090912235198729e+00
-1.447915422573933020e+00 7.590605634142399971e-01 -1.111065728967385979e+00
-1.406815109698952071e+00 7.683793420910961514e-01 -1.472237506186877321e+00
-1.407174873569927875e+00 7.730424661231810601e-01 -1.365610669442088199e+00
-1.422874883899923226e+00 7.694545450886396409e-01 -1.277313531076891051e+00
-1.434757571874004212e+00 7.666769940687058194e-01 -1.211851819777198802e+00
-1.009081380917213444e+00 9.452895742164642012e-01 -1.525500766618083981e+00
-9.387380217807164140e-01 9.696217581308129718e-01 -1.432016538369868197e+00
-8.674180252993339835e-01 9.947082470369501550e-01 -1.338561879971021495e+00
-7.963630348960565319e-01 1.019719718531252983e+00 -1.245032899653691461e+00
-9.859158295788074122e-01 9.512240618836241834e-01 -1.551884815216042934e+00
-8.785505517052850655e-01 9.838506059095696310e-01 -1.513969932445265121e+00
-7.648963546645353162e-01 1.017739073807670591e+00 -1.506102891392343324e+00
-6.499585700237466845e-01 1.043049198784935960e+00 -1.513204568257969562e+00
1.884959303253263885e+00 -3.669646363239494335e-01 -2.101339111668736326e+00
1.886962192072799471e+00 -3.665296950952079968e-01 -2.067449441236744789e+00
1.902745527145366822e+00 -2.945420206583805878e-01 -2.042480452991850104e+00
1.907685157847053947e+00 -2.945775990493154084e-01 -1.985718039241400668e+00
1.914600008444963253e+00 -2.944741498613074326e-01 -1.906422988141674990e+00
1.859509631904585181e+00 -3.736827173097962418e-01 -2.412677522311744038e+00
1.847066771717085221e+00 -3.733723071962269380e-01 -2.514115802558236190e+00
1.828129907084463657e+00 -4.175162549534291445e-01 -2.621872295136914666e+00
1.809677515021488992e+00 -4.547863470912626438e-01 -2.732874854429787614e+00
1.857453590181577185e+00 -3.736098603582874156e-01 -2.429461584391459983e+00
1.843722166373386928e+00 -3.732852020103674673e-01 -2.541385955885057779e+00
1.826348067469290015e+00 -3.989788844415086966e-01 -2.655723099517505847e+00
1.812868240261481301e+00 -4.073407356869305773e-01 -2.774669828517780878e+00
1.890054523853409219e+00 3.437203047286293556e-01 -8.251492346185470561e-01
1.857935103247028152e+00 3.932291629941149780e-01 -8.043083074819594724e-01
1.822020253206086737e+00 4.478120169812362383e-01 -6.923163947446314692e-01
1.786957782973360054e+00 4.990885916655758980e-01 -5.870661644484854724e-01
1.902573516040425128e+00 3.125947785523131572e-01 -8.363374358378792284e-01
1.901357058096004193e+00 3.156205173682956056e-01 -8.352356287105262567e-01
1.895093216928859681e+00 3.311967155970062526e-01 -8.296080196833848230e-01
1.895016042750192753e+00 3.313869111467023232e-01 -8.295579565581832071e-01
1.937475455731262342e+00 -3.361997217561419893e-01 -1.284129314143017009e+00
1.913733006874141607e+00 -4.483329357624818989e-01 -1.258712201449258661e+00
1.889735433241821250e+00 -5.615937032710982546e-01 -1.232748649021925269e+00
1.853265864723707468e+00 -6.686757763538005994e-01 -1.205981869668687478e+00
1.941306914610227086e+00 -3.242771517926456570e-01 -1.251983216021755219e+00
1.927151187342198702e+00 -4.025943616419984661e-01 -1.169529689884908796e+00
1.918862915552677073e+00 -4.573694327346985444e-01 -1.068635176196352621e+00
1.892528567395941552e+00 -5.947542498384165155e-01 -9.590149206092107859e-01
3.889468739227948668e-01 8.999990749902723186e-01 -4.381790430501363964e+00
4.594623810126128305e-01 8.738169539764994997e-01 -4.474559949572287643e+00
5.309120216422610339e-01 8.495583778418208665e-01 -4.569547366633631924e+00
6.019103414926181284e-01 8.256797498898601484e-01 -4.662665954212946495e+00
3.580538345385399501e-01 9.036605608440808624e-01 -4.399516506748826217e+00
3.668969480729961652e-01 8.892915339029656696e-01 -4.518143599544991673e+00
3.471696165151760827e-01 8.812663788128372033e-01 -4.635640972554949002e+00
3.105166767944715911e-01 8.694875290053456496e-01 -4.748829472062003454e+00
-5.573408924482677745e-02 9.189578749394716750e-01 -4.438254710437442796e+00
-1.050043603092356698e-01 9.090199608135656195e-01 -4.546968018525504363e+00
-1.533197215083439147e-01 8.928707386813147240e-01 -4.654628628664255530e+00
-3.698910597982182358e-01 8.667160241147339184e-01 -4.751627730350568513e+00
-9.107063210931823360e-02 9.210117339212370302e-01 -4.419910619086242498e+00
-1.906732925088645558e-01 9.106809282978530762e-01 -4.485218359014249145e+00
-3.566992429386453001e-01 8.893561009509358684e-01 -4.519581821741470051e+00
-3.611647896912930089e-01 8.825407593350896862e-01 -4.588900653349756276e+00
1.755299450250682902e+00 2.041404066696207165e-01 -3.263178145814076281e+00
1.785733374122624451e+00 8.393804376069760598e-02 -3.287668684010424780e+00
1.805558600616276488e+00 2.206108383337609512e-03 -3.311239901854649226e+00
1.797694703441060415e+00 -6.704983714695798847e-02 -3.332050575974530027e+00
1.759441490818452802e+00 2.029063100348789117e-01 -3.232456082795578833e+00
1.794830612226853805e+00 9.392049848960888625e-02 -3.192725129665367145e+00
1.820608811255695070e+00 3.193839056930633524e-02 -3.124492018160778706e+00
1.837471689100828476e+00 -8.019293537618312970e-03 -3.041640108872517345e+00
1.493507533691106781e+00 5.408655645990548821e-01 -3.554673810289903813e+00
1.460136196957806387e+00 5.549813204979620052e-01 -3.662598392873820607e+00
1.421047865374328145e+00 5.690919121114939028e-01 -3.773226609015011057e+00
1.380227059544297363e+00 5.844011365951763404e-01 -3.883311328791883454e+00
1.499656538809438278e+00 5.368538127861655074e-01 -3.534874485231848773e+00
1.528817043854268309e+00 6.420762403750492897e-01 -2.317977171812305670e+00
1.527579021287782002e+00 6.480697112605702248e-01 -2.199064887136213731e+00
1.527518127044416252e+00 6.425803080486423013e-01 -2.329471403524423057e+00
1.481971407648299044e+00 6.816673021806954891e-01 -2.228132278962444701e+00
1.414034611136952835e+00 7.316624551828236900e-01 -2.147612374638651733e+00
9.112586477830157961e-01 7.749142989354681488e-01 -4.350274003509505327e+00
8.906085237036545088e-01 7.667751151183231917e-01 -4.470506973066527223e+00
8.706291195666910898e-01 7.549439229918439853e-01 -4.589421615174961389e+00
8.869554226119862328e-01 7.338780470515642307e-01 -4.707476788814813240e+00
9.419260922328609453e-01 7.646143895552872660e-01 -4.347459441938821278e+00
9.860330475450305165e-01 7.255133537902931362e-01 -4.450393928455592452e+00
1.058053531043640527e+00 6.764054775903719507e-01 -4.535884987681228608e+00
1.137767472834708471e+00 6.267188638481081542e-01 -4.614309676409352967e+00
1.263567249230847622e+00 6.205768961920176130e-01 -4.165340202386709656e+00
1.341309375823398486e+00 5.589460780708016552e-01 -4.224624038026570716e+00
1.412014925659597742e+00 4.762638831425951569e-01 -4.281347823299496369e+00
1.479546982607053973e+00 3.965436439178053885e-01 -4.338885174766949682e+00
1.277171302097317440e+00 6.169859049139406748e-01 -4.132568944146647105e+00
1.371653666911341496e+00 5.508205567422012061e-01 -4.126269322892779812e+00
1.443019626587881188e+00 4.832428915313348172e-01 -4.088116329100339286e+00
1.501122161781007547e+00 4.293469178782445272e-01 -4.034743549557026299e+00
-1.084888958120841185e+00 6.773512939224481944e-01 -4.529491155163957394e+00
-1.054506089933358037e+00 6.785901470902838684e-01 -4.638490464631233934e+00
-1.020101118762168468e+00 6.757467536532778540e-01 -4.740608160818637451e+00
-1.037503860807626799e+00 6.467356737572031999e-01 -4.854275711647497715e+00
-1.090784239119028554e+00 6.761335555898687621e-01 -4.511239468033945599e+00
-1.074176613610257514e+00 6.778213051753181340e-01 -4.578070123879440345e+00
-1.050106834884512841e+00 6.774071472381131276e-01 -4.655996891985333619e+00
-1.019284089329068221e+00 6.753253482664982599e-01 -4.744954551387086994e+00
-1.256156371354129053e+00 6.046054661718992529e-01 -4.331581858254393680e+00
-1.336522963279000997e+00 5.341832099201877515e-01 -4.370948828723903112e+00
-1.398023952425668126e+00 4.666394703543295108e-01 -4.403435066214150595e+00
-1.517777498688802851e+00 3.354928775996308121e-01 -4.464413185836002107e+00
-1.239311359750359109e+00 6.103046214229039812e-01 -4.362277119662490321e+00
-1.289539258092149421e+00 5.596210329528761296e-01 -4.453123112543969420e+00
-1.307172727259816369e+00 5.202888139227982434e-01 -4.549582415414801240e+00
-1.347019346786722860e+00 4.581838783914351509e-01 -4.670461720841408315e+00
-6.513120462359918150e-01 8.523979088605071475e-01 -4.406491894722353031e+00
-6.487791017345178046e-01 8.373379920631048856e-01 -4.521876830317295592e+00
-6.453419797719629480e-01 8.210591507113965681e-01 -4.638536488672975189e+00
-6.906821168618879625e-01 7.949492604224062120e-01 -4.746813044598027886e+00
-6.517799664499732692e-01 8.537716462277555873e-01 -4.391280884607347446e+00
-6.502254771564406344e-01 8.442544936451327198e-01 -4.472332520556534519e+00
-6.484703224162140511e-01 8.358253150024541611e-01 -4.532700738228276904e+00
-6.460892444505829113e-01 8.245701198317980651e-01 -4.613366466744890815e+00
-1.806868435322749322e+00 -1.450978061375026162e-01 -3.189511556914212953e+00
-1.792575771259673489e+00 -2.463250560792432653e-01 -3.218735589632778726e+00
-1.777761133858722475e+00 -3.509701212317538066e-01 -3.249348547874180149e+00
-1.743726033389563446e+00 -4.529050501233528592e-01 -3.278432051802944169e+00
-1.809553772241806024e+00 -1.479777412478719412e-01 -3.158778023125320189e+00
-1.802582414462781113e+00 -2.422483319196118423e-01 -3.121280014875551068e+00
-1.799945553054869141e+00 -3.235471650862601911e-01 -3.054485077580379571e+00
-1.799091273840184080e+00 -4.001641033427871808e-01 -2.974889148818557150e+00
-1.673802834993931787e+00 2.060551986721648188e-01 -3.897063626844053275e+00
-1.688137701058135764e+00 1.009753867199213867e-01 -3.979932331918182520e+00
-1.696573739679436921e+00 2.046999948541931152e-02 -4.060522119032183852e+00
-1.683201143635115971e+00 -4.801995552648945925e-02 -4.137156142688881211e+00
-1.666513267809443866e+00 2.210068718960994660e-01 -3.916518381558914186e+00
-1.652066494765154880e+00 2.011454088806990670e-01 -4.024593161022152366e+00
-1.611636018682639726e+00 2.809152306568205026e-01 -4.118011892702913457e+00
-1.583884176615996342e+00 3.052473734689016283e-01 -4.229119317643118769e+00
-1.413491742447512189e+00 5.261566259344722107e-01 -4.017131431090346538e+00
-1.360598932810423101e+00 5.605695763763667294e-01 -4.119223710532962102e+00
-1.329575389598004920e+00 5.685313742650132118e-01 -4.235819426704360069e+00
-1.434768143993362166e+00 5.007882509871561805e-01 -4.030251061732233353e+00
-1.426043078892827998e+00 4.874592485960216326e-01 -4.148817933295224414e+00
-1.267819323000522802e+00 6.289321328342314388e-01 -4.079643630107120167e+00
-1.917980305606260760e+00 -7.750292716184899178e-02 -2.099161090066874014e+00
-1.893245221380357446e+00 -3.288478585542914945e-01 -2.110829962050537745e+00
-1.894236347903612172e+00 -3.324359007466604066e-01 -2.095262883801241482e+00
-1.895516701440483898e+00 -3.334634856285794702e-01 -2.079148111393617437e+00
-1.920654682393648116e+00 -7.191728517242461372e-02 -2.065467645542661934e+00
-1.899995437007218957e+00 -3.399159251277596439e-01 -2.019612992532958007e+00
-1.906109490426529662e+00 1.801680350611037096e-01 -1.742127103995336768e+00
-1.952847521127296204e+00 2.466598072791848471e-03 -1.658022694293266319e+00
-1.958101887580210976e+00 -1.137130959418537757e-02 -1.548126865022068310e+00
-1.962041610046685536e+00 -3.000058517826524607e-02 -1.438597855734129904e+00
-1.899281908489889981e+00 2.084023338047204799e-01 -1.733381597701432186e+00
-1.897738032586844925e+00 2.296111165161370815e-01 -1.618048904640994268e+00
-1.900564154040522702e+00 2.576681582210892385e-01 -1.503231255573351577e+00
-1.909897848927311070e+00 2.593075244506914401e-01 -1.391318522444909611e+00
-1.464420317964122864e+00 7.480563596710488872e-01 -9.945118255884812797e-01
-1.466533624621600307e+00 7.470409177495530573e-01 -8.756028458505483725e-01
-1.470192259893257969e+00 7.483219485709432517e-01 -7.565363518423202649e-01
-1.478745678646166573e+00 7.481101598573264289e-01 -6.367239588117582505e-01
-1.464523270451402182e+00 7.479866614050484364e-01 -9.940641912357622845e-01
-1.491307969803365996e+00 7.298410912302987219e-01 -8.809016960164898213e-01
-1.547045576114594034e+00 6.951972241631527716e-01 -7.804007922347927506e-01
-1.621725289993325436e+00 6.475417630273102576e-01 -6.995077103395834772e-01
-7.386821881893990138e-01 1.033286798553121999e+00 -1.141351773781116519e+00
-6.827257094763186096e-01 1.044936179909478291e+00 -1.037798416685468350e+00
-4.237655358004253081e-01 1.095195157169053246e+00 -9.390476850267802655e-01
-4.198767075804596405e-01 1.096835595979562594e+00 -8.217267457945878206e-01
-7.114752823024719230e-01 1.038271621537014466e+00 -1.163745610148323006e+00
-4.276341839838843084e-01 1.090672264766970434e+00 -1.113707143385085363e+00
-4.279225384928388998e-01 1.091426184032316948e+00 -1.089187791500464186e+00
-4.281987806494496618e-01 1.091035014295099526e+00 -1.100866705863330131e+00
-5.400460279374971195e-01 1.060312092923118010e+00 -1.553238344113682112e+00
-5.343906813263696876e-01 1.062777699724464897e+00 -1.518854217489535197e+00
-4.243127802023536899e-01 1.080905612193401977e+00 -1.491915933802291372e+00
-3.151258581044479312e-01 1.090560709299583708e+00 -1.458109838875246922e+00
1.921113171059867675e+00 -2.928038686432187787e-01 -1.824227242110967762e+00
1.926091756070451577e+00 -2.923516834630391914e-01 -1.727455204290801127e+00
1.919889019226529658e+00 -3.470041905711482855e-01 -1.621009603115401321e+00
1.915343889466609717e+00 -3.946714101690167453e-01 -1.511029399971828946e+00
1.922229713956218333e+00 -2.927476349559304802e-01 -1.802334651955175504e+00
1.927906629183852028e+00 -2.922368750635327417e-01 -1.691968346228488018e+00
1.926508183976483934e+00 -3.261651291531219021e-01 -1.577286937486612528e+00
1.929319163844551710e+00 -3.411806637459616764e-01 -1.458556283914465235e+00
1.803857648382777290e+00 -4.108323801222581451e-01 -2.894308236328410722e+00
1.789898362677357913e+00 -4.108225127228587459e-01 -3.013038108334148646e+00
1.772303210097495585e+00 -4.092483586053164979e-01 -3.131219326322125074e+00
1.760987682135752186e+00 -4.087311019063825102e-01 -3.250675611791161490e+00
1.808839734720829817e+00 -3.778677533848961434e-01 -2.889916043303846216e+00
1.810661857734244373e+00 -3.140558706703899250e-01 -2.991303006932152009e+00
1.814575649246053413e+00 -2.275462508005721418e-01 -3.073398710289636959e+00
1.817491490757822792e+00 -1.138860040642061533e-01 -3.141020993103033287e+00
1.759476846201488032e+00 5.235189888074246456e-01 -4.802030687055265368e-01
1.725541648881301127e+00 5.529025451842245475e-01 -3.684087063859137756e-01
1.698737661337589744e+00 5.843026966777584708e-01 -2.595044921556577955e-01
1.670862751990964012e+00 6.167589917318312409e-01 -1.480969900202938894e-01
1.740375085808362199e+00 5.416512214270505776e-01 -5.003784948470550997e-01
1.658015093728632205e+00 6.160812849807075775e-01 -4.359578045477119357e-01
1.581657390596719504e+00 6.861704636616061670e-01 -3.964860167474182351e-01
1.497529236306029965e+00 7.391525479266415344e-01 -3.692696568309472016e-01
1.810649225664010098e+00 -7.705935202837927989e-01 -1.195224224160077897e+00
1.766339873503170788e+00 -8.765442970579516713e-01 -1.184210293391701363e+00
1.711965600562509016e+00 -9.779545144838289739e-01 -1.172479743698440213e+00
1.649031278026510172e+00 -1.075454284771818481e+00 -1.160556850883950997e+00
1.814676473893506170e+00 -7.639987254092093227e-01 -1.161837810304414909e+00
1.782472113738367669e+00 -8.466078185883478824e-01 -1.089320907500513913e+00
1.758871935855867541e+00 -9.097551418088134501e-01 -9.952161410591343627e-01
1.735304636785710564e+00 -9.595715479038533502e-01 -8.921402313903286085e-01
6.853760582284622593e-01 7.984701489397938445e-01 -4.741999608509578579e+00
7.703571568893334831e-01 7.654367684633032187e-01 -4.819830857138986069e+00
8.207061135263303830e-01 7.299212878397464133e-01 -4.920656414876172668e+00
8.467213676756143448e-01 7.026345602709489491e-01 -5.031417148025203012e+00
6.573958050948973675e-01 8.021611080950410422e-01 -4.763954302373113237e+00
6.829939962161408751e-01 7.822558915903088383e-01 -4.879332509783455230e+00
6.797110066735074785e-01 7.684857898261360232e-01 -4.998314579941267155e+00
6.505402509920935605e-01 7.609971893366501705e-01 -5.114045352740324901e+00
2.759181723780419482e-01 8.571434260727462950e-01 -4.862735046641894598e+00
2.415776341044551523e-01 8.452377310807333011e-01 -4.976932240573071375e+00
2.087507728221121017e-01 8.332768684726395980e-01 -5.091540724526899986e+00
1.762431304498597584e-01 8.212828161327396792e-01 -5.206268259346564342e+00
2.438724732570387022e-01 8.610346456700055384e-01 -4.847778822749826411e+00
1.517953311748122536e-01 8.567768275939495748e-01 -4.925260830800435308e+00
4.393170716843016604e-02 8.567288592899706678e-01 -4.977963101276754898e+00
-6.907969731499268018e-02 8.586712747169551463e-01 -5.016738933308496406e+00
-3.774302424107723875e-01 8.484914377725865098e-01 -4.857615825520608333e+00
-3.829271849365489810e-01 8.296168531958417747e-01 -4.968369118776370108e+00
-4.267288970811893845e-01 8.052982292552246513e-01 -5.083969710189993663e+00
-4.633173370588333229e-01 7.832403306802037113e-01 -5.200431340046637985e+00
-3.777999415761097435e-01 8.467433611156914841e-01 -4.867976156788483166e+00
-3.836567890045056162e-01 8.267642558560983623e-01 -4.985182403237681470e+00
-4.055391116208878488e-01 8.041696219152648650e-01 -5.106472086780366126e+00
-4.027952794405312842e-01 7.883890154751285184e-01 -5.229692670585479597e+00
-3.625721118628584816e-01 8.803957536943123330e-01 -4.610714092237415684e+00
1.784396779175705827e+00 -1.640081949999294408e-01 -3.370434902580420111e+00
1.760809594762183794e+00 -2.627055985941040839e-01 -3.408321916417582642e+00
1.735973032842001995e+00 -3.563931162869050095e-01 -3.456560636938110331e+00
1.709160100080076461e+00 -4.327856109251076444e-01 -3.531836050151125228e+00
1.787703979545025579e+00 -1.707554572718162911e-01 -3.339276281724751883e+00
1.776915592819220402e+00 -2.708642651601732565e-01 -3.312448644079633464e+00
1.842122191145481480e+00 -5.494041671863440085e-02 -2.956308513281359573e+00
1.846990269330955226e+00 -1.016827475786067081e-01 -2.869031022976819667e+00
1.849868180536917706e+00 -1.452604811201920199e-01 -2.776408663370736107e+00
1.856129327064363732e+00 -1.547384809978979980e-01 -2.669586752483745773e+00
1.846016538742827562e+00 -2.976595341968438918e-02 -2.940421047021108958e+00
1.857505729905092551e+00 -2.470970238586255377e-02 -2.833887544539913428e+00
1.869893348201148386e+00 3.750293615492929656e-03 -2.726101798526942233e+00
1.870814719544807270e+00 4.112468917745843583e-02 -2.618557684075305758e+00
1.369338921883858973e+00 5.791666071908255775e-01 -4.001213507339779873e+00
1.341799814783247058e+00 5.981419518033459504e-01 -3.993314518474315733e+00
9.458966630443534918e-01 6.968218135535849678e-01 -4.805749761407097864e+00
1.004535697238335468e+00 6.589349382225850871e-01 -4.903517439262348176e+00
1.077819965668584290e+00 6.085110438815695133e-01 -4.982573820351601235e+00
1.155481468513100074e+00 5.419523906813631386e-01 -5.040328474072215847e+00
9.158022840015130894e-01 7.070297599922096277e-01 -4.820995428869133903e+00
1.217413963590260328e+00 5.745167646275125550e-01 -4.684786615705968771e+00
1.284530016869009250e+00 5.075164942602057305e-01 -4.753862965818767883e+00
1.346285891924619227e+00 4.349464050947590144e-01 -4.823718142492055883e+00
1.415246673196821625e+00 3.466972614244240858e-01 -4.862162874459796669e+00
1.233906462582214925e+00 5.697609205786059450e-01 -4.653527719075969848e+00
1.317477135827478607e+00 4.902818723504945853e-01 -4.657858815526131124e+00
1.414343276634564273e+00 3.976704295047440163e-01 -4.645638028819496945e+00
1.505737752819934494e+00 3.111613063204606289e-01 -4.604864986351270950e+00
1.536181178633332811e+00 3.256175627085679536e-01 -4.411815354547242052e+00
1.554177248705967740e+00 2.383389196960878365e-01 -4.478581982995587296e+00
1.591253599090181048e+00 1.040991843603974454e-01 -4.512037622001341397e+00
1.612922378390020173e+00 2.404743734692191270e-02 -4.529974098169026853e+00
1.547957802668894489e+00 3.164933262643889744e-01 -4.380752843834278210e+00
1.580508187867651237e+00 2.124893574653251016e-01 -4.382710282862250395e+00
1.615529333923141575e+00 1.159141842287025048e-01 -4.353462762599372482e+00
1.661360387458402865e+00 -1.347909240995857167e-03 -4.295836071935955403e+00
1.589692187805006096e+00 3.350177671420407344e-01 -4.027874568868847760e+00
1.634266720201811518e+00 2.593496665239802823e-01 -4.015562307955457655e+00
1.662504710081726955e+00 1.749084614606181420e-01 -3.999986684557353289e+00
1.705975670105615460e+00 2.822284602321408625e-02 -3.981693750660875164e+00
1.589843163504947254e+00 3.403309060179616763e-01 -3.994361703928244633e+00
1.642579407392863233e+00 2.901329789381460467e-01 -3.922858622318153188e+00
1.667660468232323501e+00 2.564883893287968064e-01 -3.829627948525647252e+00
1.687276335097493085e+00 2.353895741972332478e-01 -3.724786796818686074e+00
-1.075540243403018348e+00 6.103007086133422909e-01 -4.962128982661096366e+00
-1.109375147537225770e+00 5.751084007160721656e-01 -5.066564153311884589e+00
-1.034802517902106755e+00 6.035300545045387821e-01 -5.153389093147308309e+00
-1.011702707213423036e+00 6.005067909071446497e-01 -5.255849980444682323e+00
-1.046220912647569889e+00 6.232103059199799455e-01 -4.969220963378729650e+00
-1.048198134769234846e+00 6.055259064495307486e-01 -5.092190268886601423e+00
-1.022084887213971394e+00 6.019400257596274617e-01 -5.209252578056579708e+00
-9.935973129884962951e-01 5.954797348425096004e-01 -5.325444935253502265e+00
-1.383471890579716979e+00 4.091033855113959117e-01 -4.786097032206439117e+00
-1.405120615574696474e+00 3.634712070666767381e-01 -4.897758422604741924e+00
-1.405495146539419427e+00 3.094291369284523086e-01 -5.006152896680182707e+00
-1.384113774573773714e+00 3.154358556841246886e-01 -5.101278593392645888e+00
-1.360312048199713075e+00 4.277585058576727217e-01 -4.787384941863889409e+00
-1.347388914208934363e+00 4.128470716946874286e-01 -4.903175484837309028e+00
-1.289563872251689336e+00 4.395650145990901425e-01 -5.003933993760568022e+00
-1.221887731152188739e+00 4.766983984675529085e-01 -5.090282797771420675e+00
-7.455998096192902880e-01 7.674094582011776744e-01 -4.850021018724371302e+00
-7.994641799362018908e-01 7.381404215483772235e-01 -4.952641856861491831e+00
-8.489855604737098771e-01 7.003430265689208900e-01 -5.053195964869683365e+00
-7.736520440032641499e-01 7.642689391863251025e-01 -4.828010617390058989e+00
-8.695904861567547162e-01 7.198401009400841044e-01 -4.880405226322499956e+00
-1.705685545338423870e+00 -5.509848412546894947e-01 -3.324821090055079420e+00
-1.668339651815803126e+00 -6.484011766065110871e-01 -3.371920820129596041e+00
-1.629623974440843837e+00 -7.447856364642707616e-01 -3.418474571090684311e+00
-1.569930945793821753e+00 -8.334685257406710956e-01 -3.462984750318776506e+00
-1.705642304327896319e+00 -5.603150817687493346e-01 -3.292656986980674994e+00
-1.659151874469440902e+00 -7.022019474911735948e-01 -3.279224587901473420e+00
-1.620567471369050105e+00 -8.140862280299950848e-01 -3.238978007119719393e+00
-1.587891807834477031e+00 -8.837075871872051014e-01 -3.173697279151918682e+00
-1.788642666123971825e+00 -4.766604304243457491e-01 -2.892398278214959984e+00
-1.771650656246976707e+00 -5.531376127147245025e-01 -2.807372691154478517e+00
-1.713861239492617594e+00 -7.618477868744241155e-01 -2.678881093404634761e+00
-1.724044456669766801e+00 -7.524029561663801990e-01 -2.622409986833522222e+00
-1.798703692553042632e+00 -4.511812419597264756e-01 -2.872397144809571312e+00
-1.801880597921539096e+00 -4.715374031382545961e-01 -2.759360602125976225e+00
-1.813773136348566739e+00 -4.648580917919773459e-01 -2.645580197222137553e+00
-1.829485840099746463e+00 -4.462657186455079583e-01 -2.531709253260923997e+00
-1.660235755065945673e+00 -1.047278657536925978e-01 -4.226031119620677678e+00
-1.635510975946471435e+00 -1.699519369771690658e-01 -4.318642783725858081e+00
-1.610432520404631695e+00 -2.358177614826357238e-01 -4.412793688720864971e+00
-1.578826242758248233e+00 -3.004400126223336076e-01 -4.505488904120833915e+00
-1.661410035031203547e+00 -1.281517658465076426e-01 -4.202102044587181062e+00
-1.641200016742563328e+00 -2.327677164059011317e-01 -4.240024037648113975e+00
-1.625086493022186218e+00 -3.450140361968307423e-01 -4.249024802167829407e+00
-1.605972320287769595e+00 -4.580777765863428552e-01 -4.245013565275923995e+00
-1.964556933395761096e+00 -1.523890731620324845e-01 -1.211705039147531471e+00
-1.962453442939339876e+00 -1.767891693711081957e-01 -1.221393296198147072e+00
-1.960357495758838775e+00 -2.011003044294704944e-01 -1.231048885233548829e+00
-1.958063335792576298e+00 -2.277147014755037113e-01 -1.241611676927966368e+00
-1.965484748332282816e+00 2.338570654841439986e-02 -1.311696793501050173e+00
-1.974517173423899319e+00 5.900112704096417346e-03 -1.193727345272088014e+00
-1.979347567994422352e+00 -1.007209611189397065e-02 -1.079281138937134399e+00
-1.959170548964428660e+00 1.610463613462647658e-01 -9.902750441854152319e-01
-1.919238275809134864e+00 2.524970525407145283e-01 -1.304141506123552174e+00
-1.927779246533408930e+00 2.402123230587157321e-01 -1.205973904334395108e+00
-1.913885763240032345e+00 2.728021313030628003e-01 -1.093776585991978800e+00
-1.886961549238997948e+00 3.329659133759458323e-01 -9.981706917500854370e-01
-1.921391289200736541e+00 2.507879819385048781e-01 -1.284455615450128318e+00
-1.929565312304813762e+00 2.371678102560961787e-01 -1.173777305375675706e+00
-1.472744349287323118e+00 7.579380233362698061e-01 -5.173552909181353687e-01
-1.464327249747696458e+00 7.608522528500610838e-01 -3.983972652840302442e-01
-1.460062403504632345e+00 7.662955430744360363e-01 -2.793025328131860663e-01
-1.451255845671004296e+00 7.735352179457988253e-01 -1.589352740228007488e-01
-1.501992528274038952e+00 7.377870978448793915e-01 -5.194516228875108999e-01
-1.549898604250519396e+00 7.092926931258899392e-01 -4.129474341207570176e-01
-1.611235341540313781e+00 6.582931061927215222e-01 -3.232655500410673843e-01
-1.686167269463279661e+00 5.978518822931508936e-01 -2.512029491611152410e-01
-1.705218914009324127e+00 5.762349970338482841e-01 -6.551539618558549494e-01
-1.791079878892230193e+00 4.909797347667823053e-01 -6.018147311920802878e-01
-1.802627411977627547e+00 4.782392242340337551e-01 -6.241935062025948389e-01
-1.814699260622238963e+00 4.648446882517818235e-01 -6.492668323341101999e-01
-1.693145658697963185e+00 5.894881766116432109e-01 -6.240601937808771815e-01
-1.742472162806674607e+00 5.437608930400542606e-01 -5.264607494226848372e-01
-1.773521812020752098e+00 5.172585871434322025e-01 -4.143280241920005991e-01
-1.790519346537882805e+00 4.956467966186782204e-01 -2.986792892117760001e-01
-4.123837932518586991e-01 1.099175817836950175e+00 -7.024921104638740532e-01
-4.049120832848869256e-01 1.101513445805977431e+00 -5.830704422471892912e-01
-3.975789412733027883e-01 1.104426831089441841e+00 -4.635441766930656349e-01
-3.899299572744029385e-01 1.105372070596655876e+00 -3.439488712961146222e-01
-4.473051906449866943e-01 1.092515334995244114e+00 -7.054147585163130785e-01
-5.048149144551692391e-01 1.082386075483656063e+00 -6.009500133388357979e-01
-5.864805596104236685e-01 1.069481867042576084e+00 -5.141838632136405129e-01
-6.797683830019913831e-01 1.054545547775974201e+00 -4.395060621416068125e-01
-4.287539509799804804e-01 1.090046867854363777e+00 -1.130718543439052759e+00
-3.318256996321687358e-01 1.095566794993472426e+00 -1.193742563027968329e+00
-2.337641903767457841e-01 1.101087886168251151e+00 -1.259505144224609019e+00
-1.211281807093213536e-01 1.108617379423577187e+00 -1.292503357394831021e+00
-4.294732463375549036e-01 1.088981832206404654e+00 -1.162597052266244990e+00
-3.499481291965761409e-01 1.092439140384899421e+00 -1.248150664673540744e+00
1.900732428563267185e+00 -4.776478591418168440e-01 -1.426635780644682994e+00
1.907932973171459601e+00 -4.487726313127960998e-01 -1.405566003109830930e+00
1.735438790980513790e+00 -4.587139791892045348e-01 -3.356997862389805132e+00
1.649085991701859211e+00 6.291000827425452524e-01 -3.139554288991242004e-02
1.622492339154750329e+00 6.481958274271845122e-01 -4.392520133660004350e-02
1.411975826607108742e+00 7.875314694862366460e-01 -3.419046341677120515e-01
1.314244949011190933e+00 8.426993648467479003e-01 -3.132611762526852917e-01
1.212770269881378704e+00 8.921919985970810929e-01 -2.842216890843735633e-01
1.106751071855622381e+00 9.348951266892103762e-01 -2.547690092102458670e-01
1.408443391710822556e+00 7.882071167864416195e-01 -3.763723196240517099e-01
1.312938396099635474e+00 8.396166555261600495e-01 -4.157553563783579764e-01
1.228576992724453421e+00 8.843549577633048608e-01 -4.826799823877557793e-01
1.148100256706975131e+00 9.189693352100933854e-01 -5.601059593104261713e-01
1.557751233911828681e+00 -1.210191597927409601e+00 -1.124802992601567242e+00
1.558073323050290115e+00 -1.210106029824631557e+00 -1.111684674073359469e+00
1.559630331311705920e+00 -1.208245462154767580e+00 -1.097424540652786051e+00
1.486204415073797191e+00 -1.301592725661466332e+00 -1.060191681963754240e+00
1.554672065740067222e+00 -1.213681285929912645e+00 -1.159452160903477580e+00
1.549071896540371585e+00 -1.220366143444606921e+00 -1.210984817897558630e+00
1.542705389635607549e+00 -1.227482210019571029e+00 -1.285996823370173958e+00
1.533649022751022217e+00 -1.230680105358068266e+00 -1.375704283246563353e+00
1.707559013298590278e+00 -1.004452398138745872e+00 -7.891747292905233468e-01
1.679700714797456973e+00 -1.049550787586944312e+00 -6.850142489021174841e-01
1.652642209894748637e+00 -1.095043392747274469e+00 -5.803332722457111847e-01
1.624948275253057961e+00 -1.143358579948918097e+00 -4.740640115789123143e-01
1.726503713287439012e+00 -9.775228840979773848e-01 -7.776713811287234712e-01
1.736138098898530435e+00 -9.688457511906640729e-01 -6.613240771193038547e-01
1.761049033725312851e+00 -9.355756267829212769e-01 -5.510015958678210479e-01
1.784155057429775981e+00 -8.869724696179895895e-01 -4.454918450969096999e-01
8.739641447902548599e-01 6.728189314026141732e-01 -5.138932436872953424e+00
1.033823956971260172e+00 5.883892604287258576e-01 -5.238423699988373983e+00
8.436299441625217943e-01 6.838204134963491443e-01 -5.147966234717445744e+00
8.114646768837739943e-01 6.769700758266535834e-01 -5.264573895368267920e+00
7.751468866996956697e-01 6.746073244439990679e-01 -5.380222241995417320e+00
7.505139939579172914e-01 6.669707538553226733e-01 -5.497356431643292574e+00
6.147085989802253403e-01 7.513879206825605506e-01 -5.227689653014130577e+00
5.787926303292363350e-01 7.399182041388548958e-01 -5.341256403066394043e+00
5.119105013288373085e-01 7.378092457061754539e-01 -5.440706022239415240e+00
4.230408455662340028e-01 7.428202366449349059e-01 -5.520880801169476548e+00
5.837879545785473745e-01 7.608717204246474575e-01 -5.212797100278470097e+00
4.923644327192360226e-01 7.681128121219323868e-01 -5.289817728878831282e+00
3.857602560773936151e-01 7.829903450474177129e-01 -5.342181488171281245e+00
2.704451326622765994e-01 7.943646316702968058e-01 -5.367374612186377902e+00
1.280842390392232799e-01 8.069587785241650879e-01 -5.313512666214315061e+00
8.158230472554262036e-02 7.917230602838825071e-01 -5.420925396394028262e+00
1.041319945566260459e-02 7.805298381042210520e-01 -5.518009709200383917e+00
-6.888887747129293637e-02 7.700248419921915666e-01 -5.607557257895887659e+00
-1.799109806411118562e-01 8.400942142881970831e-01 -5.054456475491358347e+00
-1.868004130907034155e-01 8.449792177263559800e-01 -5.019657943347295870e+00
-5.322746881462335766e-01 7.612847817159500430e-01 -5.295668408530217697e+00
-6.009979869760488924e-01 7.340774938639935687e-01 -5.387593865263062831e+00
-6.670498573101112383e-01 6.955471826007398883e-01 -5.476308506077321780e+00
-7.316173257768118221e-01 6.568236569984032824e-01 -5.569480677310662209e+00
-5.009186588884697588e-01 7.639056676189753814e-01 -5.312669897090055215e+00
-5.038960859525357661e-01 7.446663511772649846e-01 -5.428700658448078364e+00
-5.571729380951591093e-01 7.191135716446175330e-01 -5.530525077814125723e+00
-5.729384698604623738e-01 7.006238627862404478e-01 -5.628356496730599012e+00
-3.517056501943903735e-01 7.829251730818070909e-01 -5.339428001366282039e+00
-3.005160090380478710e-01 7.763259234911715767e-01 -5.448156168868185212e+00
-2.272473163311929112e-01 7.734324626681846615e-01 -5.543239557184469923e+00
1.687035451666200281e+00 -4.838851789971593265e-01 -3.632665268340105058e+00
1.662921653637503328e+00 -5.338984515221132376e-01 -3.734237841678372138e+00
1.614687578443299465e+00 -6.034497970026796443e-01 -3.842357082788014466e+00
1.572276088213651946e+00 -6.629907493251536721e-01 -3.948886422643312688e+00
1.684891076874988736e+00 -5.104929236824446992e-01 -3.611536944376730229e+00
1.648910304922195591e+00 -6.035249968476616989e-01 -3.663130536632889456e+00
1.603864177643119726e+00 -7.039000700101423202e-01 -3.686412316032587011e+00
1.555316429752627183e+00 -8.014740873878973826e-01 -3.687678930160150692e+00
1.870499439252495177e+00 -1.448400226853577000e-01 -2.562506698305662134e+00
1.883622739877828689e+00 -1.285357743483469817e-01 -2.450536436654993100e+00
1.893723640522919638e+00 -1.256262419854404511e-01 -2.333243917706183446e+00
1.874373408896559567e+00 -1.138228781733269107e-01 -2.563437998295067466e+00
1.890426946378450213e+00 -4.482393990480699336e-02 -2.464646515713197594e+00
1.893668105696182602e+00 3.149879685598052509e-02 -2.378695997788930150e+00
1.879202082153503151e+00 1.090625807257863816e-01 -2.309345772588585533e+00
1.866883082224616741e+00 8.674107266233423152e-02 -2.526102617212286905e+00
1.858096795830468828e+00 1.512770200496310058e-01 -2.429595248946360808e+00
1.841830534120795004e+00 2.368719931302133985e-01 -2.356674793042848215e+00
1.813320102521259081e+00 3.302549418087080135e-01 -2.304172872538267747e+00
1.872739571257341140e+00 6.927700530099040188e-02 -2.510680541500408314e+00
1.247290303638906472e+00 4.707493315421280577e-01 -5.069169238540578881e+00
1.233710325854593393e+00 4.743802986458627857e-01 -5.101284318445700627e+00
1.281303256363685028e+00 4.067215452277553323e-01 -5.182577749860485916e+00
1.319802780497335126e+00 3.418258480904615704e-01 -5.272454586374994534e+00
1.352898433020027769e+00 2.735716825879846992e-01 -5.363310356997944339e+00
1.461813247213245903e+00 2.687665511427589360e-01 -4.841150800224154338e+00
1.489926929047986182e+00 2.300226381085471450e-01 -4.812974565366161528e+00
1.507036104981806179e+00 2.042406661315674943e-01 -4.770248302267009244e+00
1.556730351628858644e+00 6.280139139259997838e-02 -4.749082117899384947e+00
1.450813515818737631e+00 2.700635689225158176e-01 -4.869173343034253421e+00
1.515606538137784121e+00 5.236130019380261236e-02 -4.963769286294114735e+00
1.516111504056606218e+00 7.411663196864320610e-03 -5.030850868404800558e+00
1.501360823198322869e+00 4.410599761737137199e-03 -5.102005779296680643e+00
1.618018279089065814e+00 -3.571336477743380922e-02 -4.518841414860089500e+00
1.610571901082310520e+00 -1.009071548879740265e-01 -4.504981698946297186e+00
1.601570837305335226e+00 -1.716085799038804816e-01 -4.490190811527638104e+00
1.587202008127115871e+00 -2.896135046152268355e-01 -4.462433138174892733e+00
1.611473608101966937e+00 -3.648583678138127284e-02 -4.552708927076736245e+00
1.594213338880560160e+00 -8.424703869142539936e-02 -4.604171934085733220e+00
1.577189059907731394e+00 -1.274025664327034513e-01 -4.675057787596630376e+00
1.547423422273644045e+00 -2.377546174429991943e-01 -4.759304386253559116e+00
1.668405263244753467e+00 -5.195251372734289996e-02 -4.221092136011501239e+00
1.681647620775017726e+00 -6.120044467199540345e-02 -4.139427859678498578e+00
1.671994057628035435e+00 -4.430546708183807914e-02 -4.205916504691537661e+00
1.689486848603273028e+00 -4.642744195895531084e-02 -4.104955895292766499e+00
1.714028475425178888e+00 -4.443166645977204843e-02 -3.943471413528479630e+00
1.717916379528886095e+00 -6.622439044015591969e-02 -3.900328291588065710e+00
1.715733327236054206e+00 -1.565832138414683383e-01 -3.844363586689595991e+00
1.709644363494044139e+00 -2.487819476432560351e-01 -3.784469277938961262e+00
1.719238491966225357e+00 -3.648190282910723087e-02 -3.914696471091573926e+00
1.724788472422699170e+00 -9.541035798271235713e-02 -3.831365831556332591e+00
1.708198796303724620e+00 2.106464996805304246e-01 -3.617827845393220443e+00
1.730110518299703415e+00 1.837259346139037408e-01 -3.508001323109200875e+00
1.751258448788921340e+00 1.589546859138671886e-01 -3.396143652095880761e+00
1.714777248785268160e+00 1.810204440573270901e-01 -3.631674379506851569e+00
1.746644497537226393e+00 1.017956267467693965e-01 -3.559035447681522690e+00
1.779865158647266909e+00 4.715963841230452584e-03 -3.511009545719610880e+00
-9.521767012483492998e-01 5.956944386583411521e-01 -5.437941147411976317e+00
-9.100560763151179788e-01 5.948025184707919077e-01 -5.549998566335555772e+00
-8.971729562199012298e-01 5.724640684099744359e-01 -5.666268085759267770e+00
-9.090432130865997440e-01 5.371156810436543694e-01 -5.779541955556311450e+00
-9.782495719298034409e-01 5.764433149339867057e-01 -5.442862767976678562e+00
-9.889671376143424064e-01 5.403193821771360428e-01 -5.556074169925951267e+00
-1.022617441928531212e+00 4.920631024540074727e-01 -5.658734522964789626e+00
-1.110045580124854103e+00 4.082787766947045816e-01 -5.756889368858471023e+00
-1.362307175276055826e+00 3.254954521489058505e-01 -5.190845172974844601e+00
-1.331368773462882515e+00 3.356816193726547826e-01 -5.288019016882114620e+00
-1.294929789831137601e+00 3.427113624586604068e-01 -5.391014447104589991e+00
-1.268354228778734827e+00 3.203070963107323976e-01 -5.503315931308281783e+00
-1.369085122322438286e+00 3.206022558445156823e-01 -5.166352164856782281e+00
-1.360711675231628393e+00 3.245024427838837378e-01 -5.200673641780976908e+00
-1.343714951454533013e+00 3.307563982314757900e-01 -5.256557614805770662e+00
-1.335138176192218085e+00 3.328465021272702384e-01 -5.280211826429590083e+00
-1.475846819572442126e+00 -9.756808637933916950e-01 -3.525013305522882501e+00
-1.407151684674768255e+00 -1.075992157314385356e+00 -3.582057497472538987e+00
-1.352572076670488288e+00 -1.123892457354822794e+00 -3.634864033228046853e+00
-1.324207618580027113e+00 -1.141977965926169514e+00 -3.689237712008987202e+00
-1.474950405749570370e+00 -9.867183639461893918e-01 -3.493312402987135634e+00
-1.406210577359571001e+00 -1.097787298937426659e+00 -3.488894007726845548e+00
-1.363077686533638477e+00 -1.148737147657627133e+00 -3.451132905635049486e+00
-1.317099253038884088e+00 -1.204630886300518178e+00 -3.397766419469644195e+00
-1.578144501917591480e+00 -9.211801421316615501e-01 -3.081590800343615655e+00
-1.552935425634884403e+00 -9.835131961020322500e-01 -2.986743961735043751e+00
-1.528944116536103293e+00 -1.044639095707571075e+00 -2.889092451650438598e+00
-1.500443751547246407e+00 -1.101044875085699815e+00 -2.789056153049433995e+00
-1.568277880209297148e+00 -9.306361593492916695e-01 -3.105644044360705180e+00
-1.498384347402987649e+00 -1.047166599911457219e+00 -3.073165202422916131e+00
-1.441458585951194804e+00 -1.132462496049386980e+00 -3.068976159804827741e+00
-1.382874322406968615e+00 -1.197858233835246811e+00 -3.075214593617564329e+00
-1.731218700664834964e+00 -7.420646551149967518e-01 -2.582914913589240413e+00
-1.742973188016086139e+00 -7.251017567172470812e-01 -2.518281236513419064e+00
-1.730756184392961750e+00 -7.757968428874723044e-01 -2.411533663325345689e+00
-1.719214242469290443e+00 -8.166875351031173125e-01 -2.300182377770972675e+00
-1.736627883077611401e+00 -7.342450173988589457e-01 -2.553214511355680560e+00
-1.750947929035412631e+00 -7.137020872179037356e-01 -2.474090701646904034e+00
-1.747300180703347694e+00 -7.523564166856209212e-01 -2.361627259903706033e+00
-1.748349896783991664e+00 -7.701189516511578459e-01 -2.243790260281706139e+00
-1.842879598794655127e+00 -4.386188172927293349e-01 -2.414559571619224521e+00
-1.854117379416617473e+00 -4.302750135901174389e-01 -2.296716501639811003e+00
-1.852105239145052540e+00 -4.062317245801398413e-01 -2.423558665837649340e+00
-1.873522272084951146e+00 -3.380066194122579581e-01 -2.331394478588006525e+00
-1.888333413583466402e+00 -2.468141180341346108e-01 -2.259131347409787161e+00
-1.903433086841305411e+00 -1.240173197403875022e-01 -2.218492462372855023e+00
-1.477522678230794417e+00 -5.982919111605070617e-01 -4.644643387034069093e+00
-1.473382580878391801e+00 -5.838848302987567074e-01 -4.696869588898229253e+00
-1.469471041713357851e+00 -5.703338038641181384e-01 -4.746086512765177012e+00
-1.465507302306652937e+00 -5.565995846192071106e-01 -4.795965130948149024e+00
-1.475448491338879675e+00 -5.911128086321898456e-01 -4.670728016268029137e+00
-1.468598390922446040e+00 -5.672977889145445207e-01 -4.757093283495150260e+00
-1.460520984776473741e+00 -5.401183691240272200e-01 -4.851728344285050731e+00
-1.445346976854799514e+00 -5.091148130252847182e-01 -4.953104501646008906e+00
-1.565920496396466799e+00 -5.664266349956602609e-01 -4.236540161188681708e+00
-1.527017748408769915e+00 -6.723794821430156832e-01 -4.226879479864721567e+00
-1.481792259711120163e+00 -7.745800583025322927e-01 -4.215772123736108767e+00
-1.422620252197255519e+00 -8.724747418205263116e-01 -4.202149633412873619e+00
-1.573928931749367433e+00 -5.616057892693737674e-01 -4.204419337090810060e+00
-1.529946005207208914e+00 -7.132729300165334685e-01 -4.129498908739321017e+00
-1.544499468388131458e+00 -7.129759453306228068e-01 -4.054135088024457545e+00
-1.561739309701866141e+00 -7.116558953557280409e-01 -3.966803927393205864e+00
-1.956812193790793852e+00 -2.422266760781453254e-01 -1.247375662873194013e+00
-1.951895524215056854e+00 -2.828445015852846800e-01 -1.264484170366399818e+00
-1.934745628169130649e+00 -3.457725704366164665e-01 -1.289718333295348573e+00
-1.912980010166403178e+00 -4.256641313189364340e-01 -1.320930370273452503e+00
-1.959904942489763213e+00 1.804707099735696763e-01 -8.808358469524357748e-01
-1.944558407603996342e+00 2.283496166202093336e-01 -7.731275465935435465e-01
-1.930604256122996798e+00 2.734832174024746099e-01 -6.634634282270183148e-01
-1.927228452648956258e+00 2.864487975440913603e-01 -5.450730791196976011e-01
-1.959527649710044006e+00 1.817518697917820947e-01 -8.734370835597170535e-01
-1.952488293910236594e+00 2.051890853801935644e-01 -7.566721894499829348e-01
-1.955149154583051274e+00 2.009903990716018218e-01 -6.376172259711231360e-01
-1.970288925249527923e+00 1.716337115322655316e-01 -5.227267357977322115e-01
-1.855830313155268918e+00 3.975630215732840478e-01 -9.067332229761855267e-01
-1.855659685063791198e+00 3.998172517469901766e-01 -7.618219793221323588e-01
-1.840233936359717770e+00 4.149723829983900658e-01 -9.327741567025632508e-01
-1.455462425082824751e+00 7.663256581189006322e-01 -3.901490997487427198e-02
-1.426560548693380559e+00 7.868349369068097232e-01 -4.213462275437013932e-02
-1.755879512144814303e+00 5.356120925742609007e-01 -1.765613361127148229e-01
-1.812576318712606493e+00 4.639091783935085367e-01 -1.017945312579220246e-01
-1.861279186290486720e+00 4.016370794696979551e-01 -1.321358145106334842e-02
-1.818749351274704829e+00 4.597210728667215363e-01 -6.646014217618378961e-01
-4.332315711514337364e-01 1.101581806232024174e+00 -2.323402010980757104e-01
-4.763704129748413951e-01 1.095664885217792150e+00 -1.207439244232339920e-01
-5.192109301336635951e-01 1.088380954931929656e+00 -9.340690690399295476e-03
-3.996354451634148708e-01 1.104036757529090362e+00 -2.243485595148422829e-01
-3.763355677185683534e-01 1.104961286462464720e+00 -1.067542390457185686e-01
-7.713965871602954660e-01 1.039940187855366460e+00 -3.635650369869801724e-01
-8.602405379500549509e-01 1.015168414048823298e+00 -2.878448859623262135e-01
-9.487585935969874429e-01 9.895253848808147623e-01 -2.116686969662154305e-01
-1.035318678162477912e+00 9.622675959415356584e-01 -1.354718441824196984e-01
-7.893325186314326114e-01 1.035933286099626649e+00 -3.943056263048320131e-01
-9.021418636291808069e-01 1.000741327556306182e+00 -3.810928916443206416e-01
-1.016547767362358634e+00 9.645561323274509657e-01 -3.816981782507214982e-01
-1.126342192741929482e+00 9.298246333202927483e-01 -3.984901968728531974e-01
9.983250678472154194e-01 9.728365449087401640e-01 -2.421966412471238672e-01
8.884951667439564549e-01 1.008486806155478366e+00 -2.299815897639266860e-01
7.760973301353053522e-01 1.037269497110536287e+00 -2.179712680778873868e-01
6.612157708355388408e-01 1.061329005700682560e+00 -2.059262673134141242e-01
1.006017360752755163e+00 9.711895804541872401e-01 -2.077078091538865912e-01
9.206311049650479639e-01 1.000456870079244220e+00 -1.336987269981584903e-01
8.544447639083585511e-01 1.016618324351474145e+00 -3.983194537911831368e-02
1.088947559217931849e+00 9.378816759363468591e-01 -6.599849578673313566e-01
1.038085501767099128e+00 9.541256271127457333e-01 -7.597690403812560334e-01
9.893530702502072449e-01 9.694493296282098438e-01 -8.608726475885503104e-01
9.425167204960019918e-01 9.813403378400084032e-01 -9.629526455841546095e-01
1.063799228320985613e+00 9.460046858509547629e-01 -6.375899728474092587e-01
9.638522950952399526e-01 9.781105347376666259e-01 -6.879372421565100870e-01
8.545353075704806844e-01 1.013267483938762314e+00 -7.106673115191732837e-01
7.408326082534999468e-01 1.040381341454541531e+00 -7.214022117788088106e-01
1.410824113558310611e+00 -1.379448799785892188e+00 -1.005690722187775332e+00
1.337603767963267964e+00 -1.450020650039191894e+00 -9.543610701430865761e-01
1.257304892197589341e+00 -1.523019510353501138e+00 -9.006917581142691587e-01
1.179552563003700039e+00 -1.593733242775480452e+00 -8.472702036796707636e-01
1.401594889197778748e+00 -1.385885244274387196e+00 -1.038877876438603298e+00
1.313850898316393012e+00 -1.469247627935530209e+00 -1.053546227912565358e+00
1.233195562985796245e+00 -1.540604666566603553e+00 -1.095220663429110841e+00
1.157584957272715265e+00 -1.598277141505377141e+00 -1.154808329136365552e+00
1.520959069477286096e+00 -1.235939481623812064e+00 -1.466615136579491940e+00
1.469230492518314612e+00 -1.284816660221077322e+00 -1.561252545110384693e+00
1.420197017832939723e+00 -1.330271430650626474e+00 -1.659767869578536281e+00
1.372935325449229360e+00 -1.374638835610465515e+00 -1.760132270299420432e+00
1.518561229253148515e+00 -1.236930640821552574e+00 -1.483819723560277914e+00
1.481939385861294811e+00 -1.267391799996708368e+00 -1.592475589937264013e+00
1.510321124786369484e+00 -1.228863650850650080e+00 -1.658327750056246996e+00
1.543183222590341686e+00 -1.184057456264788977e+00 -1.736546226883407540e+00
1.606456944519023544e+00 -1.177422895392978175e+00 -3.607892599613899964e-01
1.586998589272779814e+00 -1.209558154361103366e+00 -2.477472120773809017e-01
1.561150612557562711e+00 -1.234268748757094247e+00 -1.340323989043265551e-01
1.535513777254768897e+00 -1.258705158009725711e+00 -1.984796599473098375e-02
1.588551415331180383e+00 -1.203320548636238385e+00 -3.772280668836573425e-01
1.532777964931959724e+00 -1.276581974185985624e+00 -3.028743006412278893e-01
1.459531365029464345e+00 -1.355091224742052347e+00 -2.537118744378652480e-01
1.380706171813824490e+00 -1.434722858615637087e+00 -2.175108876500243815e-01
1.805074255049236687e+00 -8.432898661393303241e-01 -3.381853018020748447e-01
1.850143908327568809e+00 -7.416693371956242231e-01 -2.428329312908671378e-01
1.861384110480321041e+00 -7.212135310718338355e-01 -1.306179239291798411e-01
1.872612097754628335e+00 -7.007829542100179054e-01 -1.847059142070778259e-02
1.815243609606277841e+00 -8.180943275647146740e-01 -3.576718905809057047e-01
1.855374819424826960e+00 -7.263601649579296549e-01 -2.953568867481484173e-01
1.896628846512755651e+00 -6.222266281787405262e-01 -2.668789003412974647e-01
1.926463126408342941e+00 -5.108832897780550830e-01 -2.484190835273054065e-01
7.337660073327934018e-01 6.557100955795666097e-01 -5.615912286763525607e+00
7.091593049166766694e-01 6.405923097972414659e-01 -5.731067199975041326e+00
6.765135100591231909e-01 6.277325361062340292e-01 -5.843520738778217094e+00
6.516669950597624439e-01 6.100261468542059751e-01 -5.959358900404546411e+00
7.089137721013427651e-01 6.647793808651634162e-01 -5.608957459495242048e+00
6.449857016980040658e-01 6.620511831493186561e-01 -5.704585451259498008e+00
5.673464692457973468e-01 6.659787812553985553e-01 -5.780707647462188348e+00
2.224757572554594831e-01 7.170271931899819817e-01 -5.887450719969764101e+00
3.153298072051685108e-01 7.566554763062125488e-01 -5.571667405833252928e+00
1.625039446422238409e-01 7.617512047877140757e-01 -5.632638441321227596e+00
1.755613359614732194e-01 7.543322900285801547e-01 -5.686390578165150700e+00
1.808667384347677487e-01 7.513942717581358899e-01 -5.707653150269373477e+00
1.644136172826013986e-01 7.601621897777217640e-01 -5.644310971714745051e+00
1.825220494551437200e-01 7.500191042894976956e-01 -5.717754331798214018e+00
-1.388366786288995347e-01 7.545325799774400544e-01 -5.703676361807143991e+00
-2.074889032444759140e-01 7.345246990619422878e-01 -5.799063029867433272e+00
-2.747974880632915728e-01 7.075390798483948140e-01 -5.893686230203021736e+00
-3.382150855659384336e-01 6.796978289337454182e-01 -5.990055027079957739e+00
-1.643574455850163873e-01 7.585345543824376646e-01 -5.678996090765005889e+00
-2.733869283119125804e-01 7.364488782976801318e-01 -5.720049532199059428e+00
-7.816848500970777769e-01 6.197589514866395088e-01 -5.670343480326818231e+00
-5.882737799323740635e-01 6.824870295048317548e-01 -5.724457904541575992e+00
-6.020604847849279073e-01 6.547469955252431806e-01 -5.826700919112030697e+00
-6.161408757178472584e-01 6.226202556664851562e-01 -5.932985323832206781e+00
-6.235695637032075966e-01 5.912060159374982193e-01 -6.048301755952795844e+00
-5.842441435058113308e-01 6.869986658927004219e-01 -5.700779944781884545e+00
-5.913227821412131435e-01 6.785872891994974010e-01 -5.745384674651378809e+00
-6.007760238833665944e-01 6.587269014100080033e-01 -5.812708129901072773e+00
-6.061636728166375221e-01 6.463609703466347556e-01 -5.853675724941197700e+00
1.541522985179635041e+00 -6.987259593693211368e-01 -4.059843173160619045e+00
1.511664201490112491e+00 -7.327937523436696132e-01 -4.169323443472772617e+00
1.473998134495964507e+00 -7.621254494468839846e-01 -4.276148850139469992e+00
1.341308572626243922e+00 -9.582940178258153585e-01 -4.355028983855200764e+00
1.533120370803432886e+00 -7.282427661593603441e-01 -4.042111184561057335e+00
1.484332792269698720e+00 -8.087584717232864095e-01 -4.108536139204669091e+00
1.417078563789888834e+00 -8.961575205747148720e-01 -4.145869026896164655e+00
1.349572842257444005e+00 -9.884439460126316357e-01 -4.172737242831837001e+00
1.509462857239444622e+00 -8.948055728966468614e-01 -3.682875934941267637e+00
1.455885660635283685e+00 -9.747339949829987304e-01 -3.675661945798600616e+00
1.457012441567144378e+00 -9.795771215221152906e-01 -3.654246505041760518e+00
1.458418771995393604e+00 -9.851396441962463335e-01 -3.629121342647591675e+00
1.512981901272301810e+00 -8.940344595253630899e-01 -3.650537033922369723e+00
1.461115800135023290e+00 -9.936445083364574549e-01 -3.588128984998599336e+00
1.466622722519117072e+00 -1.013508787301422576e+00 -3.496119982058315312e+00
1.467635056845107977e+00 -1.034010831263768804e+00 -3.395853249684724684e+00
1.864267656039624077e+00 1.909319275640255775e-01 -2.235511290254827976e+00
1.849774947420914195e+00 2.744358815469849500e-01 -2.159442131683606991e+00
1.749108678233408876e+00 4.125108816112885712e-01 -2.271135954009867675e+00
1.684587929334744105e+00 4.908919452301933051e-01 -2.236986833016356702e+00
1.760349587009244043e+00 4.052201184209660578e-01 -2.242242476720126998e+00
1.727136467463083358e+00 4.579338558235440670e-01 -2.156970461937831818e+00
1.363253909425378829e+00 1.891996142552769267e-01 -5.436566458713349981e+00
1.349682158339858828e+00 2.074417549200351374e-01 -5.452669948253201504e+00
1.343839603093626600e+00 1.026976627901204364e-01 -5.568090279088126593e+00
1.330576016027958053e+00 5.574390860260879793e-02 -5.676436535112054038e+00
1.307432526995493616e+00 4.638069446149057501e-02 -5.770127905806074153e+00
1.569251419404813719e+00 -8.767887909105934879e-03 -4.781327706819062939e+00
1.575912014156873875e+00 -9.834017574184505950e-03 -4.748632130600106471e+00
1.475134669169453350e+00 1.873623928187706511e-02 -5.191305450019848777e+00
1.445661820167863931e+00 3.677295557615698623e-02 -5.289255701955958955e+00
1.483458156406024075e+00 7.918392226086487865e-03 -5.170746038357100893e+00
1.473569916681764846e+00 9.064983090122592096e-03 -5.209694968379668722e+00
1.459219012023207585e+00 1.477975708219171798e-02 -5.261195470815440700e+00
1.454288058922270199e+00 1.396213211119814480e-02 -5.282342154801589196e+00
1.569478147503893251e+00 -4.042990192823422424e-01 -4.453094188137146858e+00
1.552473669094361464e+00 -5.122334723470620688e-01 -4.445824919000551212e+00
1.512512752163885477e+00 -6.111589790915398224e-01 -4.436057424901530766e+00
1.461883555223365772e+00 -6.976190013498271281e-01 -4.453866483678623034e+00
1.577625583122734154e+00 -3.976091521009342822e-01 -4.420262751127680190e+00
1.577606164082794971e+00 -4.819156046969183538e-01 -4.352357877792711882e+00
1.571255255413476437e+00 -5.379486318032561387e-01 -4.261297751115187715e+00
1.567526954226565072e+00 -5.894958127633848077e-01 -4.158765031088890396e+00
1.521391722772933219e+00 -3.053284349714916468e-01 -4.862432065521526958e+00
1.489528966000955190e+00 -3.564795147120198848e-01 -4.962773317988888877e+00
1.456908777070670791e+00 -3.851584428270182769e-01 -5.061966263119611398e+00
1.417340726994565703e+00 -4.307898436008839593e-01 -5.162644787064930796e+00
1.520607288596687479e+00 -3.296898481850982221e-01 -4.843712636467152777e+00
1.483750154566329860e+00 -4.088752808517296944e-01 -4.895950396280612793e+00
1.456480163145657869e+00 -4.684006589264912424e-01 -4.914129966116655091e+00
1.416445392363537170e+00 -5.694346207931773041e-01 -4.920473259438781000e+00
1.705151899915618108e+00 -3.201238419720104922e-01 -3.715841992145141770e+00
1.699957321365004548e+00 -3.356846994716816135e-01 -3.741027900493209213e+00
-9.632166334038002597e-01 4.816678894972659664e-01 -5.890185939157540851e+00
-9.992585437405697713e-01 4.336793022139366904e-01 -5.990210438606706767e+00
-1.009367721808030138e+00 3.725112067569517071e-01 -6.079213966229498389e+00
-1.006568276590027233e+00 3.190774911811627979e-01 -6.177402289956485326e+00
-9.521042474938621325e-01 4.862325709765457638e-01 -5.902013020227510509e+00
-9.539175789186254972e-01 4.534210766309085816e-01 -6.021540002564116811e+00
-9.289670296794323434e-01 4.367332529534299068e-01 -6.138945886280911424e+00
-8.880738612262009113e-01 4.302184216016219920e-01 -6.250916360993904242e+00
-1.140634350126652263e+00 3.390114876876445527e-01 -5.827038285978396459e+00
-1.154352028458645041e+00 2.650565426426250148e-01 -5.895261656871432443e+00
-1.262254170708407175e+00 -8.720938357723150708e-03 -5.993547208973279972e+00
-1.158029318271986075e+00 3.319689263586796391e-01 -5.797576051475370029e+00
-1.201291819197148891e+00 2.560343633347806902e-01 -5.802412120266724926e+00
-1.245939506242565997e+00 1.786597034904143788e-01 -5.780140048686847720e+00
-1.333117526693886168e+00 -1.850225856128849718e-03 -5.754424362643191238e+00
-1.260992022745070384e+00 2.641537405125877758e-01 -5.601887638143930204e+00
-1.244840219172802964e+00 2.928419408053176132e-01 -5.613001677545505608e+00
-1.309059839322405994e+00 -1.149408350259014444e+00 -3.730474199148370751e+00
-1.230691964272539796e+00 -1.216156024641192879e+00 -3.788832928704096936e+00
-1.153554463812096254e+00 -1.280830304552283527e+00 -3.851889957100800288e+00
-1.074408054491590825e+00 -1.341253377567948712e+00 -3.916134315015453282e+00
-1.311081465625285603e+00 -1.141845307792159758e+00 -3.760950066668110825e+00
-1.351127164479131393e+00 -1.068529526732389323e+00 -3.905219383281373080e+00
-1.248970251156478195e+00 -1.282031518366642864e+00 -3.346615970698255005e+00
-1.179728194899260396e+00 -1.360698074625728005e+00 -3.294622666957825796e+00
-1.107743194007840604e+00 -1.436797881206040461e+00 -3.241563841590306527e+00
-1.024992268311661681e+00 -1.495912239631530749e+00 -3.184588074673460945e+00
-1.265773051157692786e+00 -1.270826021056947974e+00 -3.318613605023473578e+00
-1.234041038769734477e+00 -1.321417190312024204e+00 -3.219097582832906923e+00
-1.222567475342336563e+00 -1.353422098109729133e+00 -3.107092952880258885e+00
-1.221000103499546796e+00 -1.376224208225539369e+00 -2.991894890089637382e+00
-1.443732669557399761e+00 -1.178968858698804967e+00 -2.720197316530162279e+00
-1.387199629840782933e+00 -1.256905963776858481e+00 -2.650261942832731421e+00
-1.328432258697333834e+00 -1.333503177833679887e+00 -2.579803303528757752e+00
-1.259612656975195311e+00 -1.398169273235873034e+00 -2.508584229546169997e+00
-1.462400892756299253e+00 -1.162786847581070759e+00 -2.695375110647905803e+00
-1.443857160512003635e+00 -1.202775623631586299e+00 -2.585086632510404492e+00
-1.442113032450942800e+00 -1.219652804892484621e+00 -2.467309446785256988e+00
-1.449558567157884781e+00 -1.224420132805025263e+00 -2.349117298912362095e+00
-1.326351661474326704e+00 -1.248962879904947254e+00 -3.117239264032824142e+00
-1.324791205561222762e+00 -1.256694029345934105e+00 -3.083694294649710788e+00
-1.767717497805527005e+00 -7.513589498646305875e-01 -2.127726543920497537e+00
-1.784783145419575057e+00 -7.322823544843055643e-01 -2.011197700174501612e+00
-1.790278469362626357e+00 -7.394276291625868636e-01 -1.897602382016993161e+00
-1.793451085063465733e+00 -7.543751833077119162e-01 -1.784143690082942824e+00
-1.751677151593359572e+00 -7.827809886165996156e-01 -2.125139486833399705e+00
-1.739857478757569353e+00 -8.230324877492458668e-01 -2.013355595279628929e+00
-1.714695283889646982e+00 -8.869498720151879345e-01 -1.915301543612621282e+00
-1.678944841480601635e+00 -9.676975073900372371e-01 -1.834994781064211100e+00
-1.912419219117598379e+00 -2.326437107018967596e-02 -2.226406132687085204e+00
-1.898166835077769843e+00 6.775682307013668193e-02 -2.232563023232831512e+00
-1.874669878624057429e+00 1.547082897975579907e-01 -2.269586640232000629e+00
-1.851192330955172549e+00 2.320013255988712109e-01 -2.333181910761378930e+00
-1.428729120802580077e+00 -4.754826800572425904e-01 -5.063647600922992709e+00
-1.429258976353961819e+00 -3.243192662029976692e-01 -5.226533625786609960e+00
-1.407319669623693814e+00 -3.534448775785590802e-01 -5.323003673909690647e+00
-1.373129599778563303e+00 -3.769810339823360112e-01 -5.413536461461642801e+00
-1.430321874691058648e+00 -4.788166628697870797e-01 -5.052887795178966357e+00
-1.428999552848899901e+00 -3.246988707556310860e-01 -5.227641932918360546e+00
-1.401825890284886356e+00 -3.567903452826928778e-01 -5.338473337307574340e+00
-1.360710933961382318e+00 -3.858282501685145749e-01 -5.445872371999403327e+00
-1.280359130552284341e+00 -1.100460134620876440e+00 -4.119239170562787322e+00
-1.269086928901222766e+00 -1.103250998715691766e+00 -4.153490945645174293e+00
-1.245953592716389169e+00 -1.111449626375998312e+00 -4.212903499598376733e+00
-1.148950416725508683e+00 -1.197251622272975213e+00 -4.235609445517351190e+00
-1.268480983578486709e+00 -1.104412691991899731e+00 -4.150877660921778123e+00
-1.260267855805841108e+00 -1.106182143898521986e+00 -4.176996640033327601e+00
-1.242129110399598169e+00 -1.112625114192238751e+00 -4.223518075112960624e+00
-1.150458267919319155e+00 -1.189704586418376175e+00 -4.262614501081654517e+00
-1.882157925871629223e+00 -5.404470012689699399e-01 -1.315496161434449363e+00
-1.851229036429022257e+00 -6.556320771293437932e-01 -1.309908938281394208e+00
-1.814766500352238188e+00 -7.662460887970794499e-01 -1.303510404496978747e+00
-1.762939907113222793e+00 -8.654341521500023005e-01 -1.296834762107585304e+00
-1.902811648039451908e+00 -5.387096439887503196e-01 -1.048076917784501738e+00
-1.873190715858783939e+00 -6.312120804979661770e-01 -1.048056231608942124e+00
-1.850218308465400252e+00 -7.063446334635710144e-01 -9.594493452323157312e-01
-1.828041430142196333e+00 -7.610744236246611560e-01 -8.564411964864310223e-01
-1.908573633995574781e+00 3.294267946347154141e-01 -4.398474787835114919e-01
-1.893535824076598706e+00 3.571657362874397501e-01 -3.275674628908104569e-01
-1.905951594905416657e+00 3.372783471390752852e-01 -2.113899728271317613e-01
-1.929255110390859507e+00 2.860548769756475762e-01 -1.079719334087517746e-01
-1.941474246681991422e+00 2.560904512952119072e-01 -4.307745924348169719e-01
-1.965529266462491931e+00 2.015736507899216490e-01 -3.279942270289383788e-01
-1.983993947486964560e+00 1.255973069333761460e-01 -2.401633123548765347e-01
-1.987329771649360977e+00 1.021505506748023318e-01 -4.278886410162375253e-01
-1.995614000213302486e+00 3.368160591763571382e-02 -3.323157208207986324e-01
-1.996621868492697072e+00 -6.008253387361132958e-02 -2.618459454981578172e-01
-1.991992411668973562e+00 -1.614627073104611954e-01 -2.076876178468745615e-01
-1.115514800360688064e+00 9.273521852414241540e-01 -5.734966753754384278e-02
-1.090527425140055628e+00 9.369665403503369960e-01 -3.537048661587968018e-02
-1.219577323165453198e+00 8.873219467664247295e-01 -4.141801622692179996e-01
-1.316388680850596682e+00 8.375687140707437361e-01 -4.296780032633131241e-01
-1.229161702865550376e+00 8.823972671411449697e-01 -4.157878646834508030e-01
-1.331699004787743723e+00 8.297014917636932330e-01 -4.322127986231212304e-01
5.491865561229262171e-01 1.082139661182657031e+00 -1.756441522098810826e-01
4.372846253559653507e-01 1.100824752945893437e+00 -1.455999112106758642e-01
3.231998332268938845e-01 1.108470238509414285e+00 -1.153980101331080477e-01
2.191705393726361140e-01 1.115341872686606672e+00 -6.449950911399802977e-02
5.451586614692006671e-01 1.082477772079385225e+00 -2.107413871886856804e-01
4.588571927304200271e-01 1.097751559649073894e+00 -2.542646020980254828e-01
4.370724254046032264e-01 1.100751743125485849e+00 -3.407194816343465105e-01
4.140251792984972479e-01 1.103417900773361104e+00 -4.413613572085757220e-01
8.709019116826602902e-01 1.001031147958302947e+00 -1.056230367696932682e+00
7.992055170905522088e-01 1.020741706526845816e+00 -1.149726068037340898e+00
7.261715009883156213e-01 1.034195585177589471e+00 -1.243225984944603679e+00
6.526458611025901524e-01 1.044730579149020455e+00 -1.336740783009380484e+00
9.002970182565585011e-01 9.916000536135916033e-01 -1.074083954136130004e+00
8.876832634100197961e-01 9.907092177747711670e-01 -1.192782327280049071e+00
9.041292792947336343e-01 9.822878123457605692e-01 -1.311056914005157115e+00
8.031946387884305594e-01 1.009602405616601084e+00 -1.474355723617124303e+00
6.270790459495972913e-01 1.061216189664079046e+00 -6.987555827765298266e-01
5.137807515744845510e-01 1.081972090237036221e+00 -6.759254072385459944e-01
3.999297787625831768e-01 1.102462446188748002e+00 -6.529640664184429566e-01
2.832559708933768960e-01 1.110143129131652806e+00 -6.656940897909595645e-01
6.254585129544666389e-01 1.060942300832236507e+00 -7.336896891681594646e-01
5.193269679063627908e-01 1.079318957297469073e+00 -7.781784301556173844e-01
4.275443988523862648e-01 1.094698262077130613e+00 -8.492582984662764289e-01
3.434255008240554852e-01 1.102613839073135704e+00 -9.312971150513567054e-01
1.104578432731383453e+00 -1.648968900311452268e+00 -7.786351185152701193e-01
1.023587011451315698e+00 -1.696660826157641910e+00 -7.090108801411374451e-01
9.402847748927093408e-01 -1.745716666260039851e+00 -6.384041252553087631e-01
8.582003343977676613e-01 -1.794051596400377369e+00 -5.676443985738960363e-01
1.090864986451051344e+00 -1.656878511080371652e+00 -8.105438951370523837e-01
9.906407256026239505e-01 -1.713899229049631101e+00 -8.062137284369775836e-01
8.619643285416185297e-01 -1.786619361938452055e+00 -8.242071402343000841e-01
8.489141003536061492e-01 -1.792639361599193570e+00 -8.914534975234145175e-01
1.072315018470812786e+00 -1.645247916620580009e+00 -1.213535080648785458e+00
8.024319702347871841e-01 -1.800706688068530958e+00 -1.273979964738273019e+00
1.090298624537935357e+00 -1.633074397080001905e+00 -1.240238925462012975e+00
1.045785414822893555e+00 -1.654906199406141365e+00 -1.344202437210520351e+00
7.986978746397613849e-01 -1.793645415335388682e+00 -1.453079839057002332e+00
7.938760054555993317e-01 -1.787928425417158573e+00 -1.565459819965916211e+00
1.337081466056766255e+00 -1.405411412926685477e+00 -1.869996511941986128e+00
1.295323734149583128e+00 -1.429173517138836891e+00 -1.979653154789065450e+00
1.252128953840225822e+00 -1.449688929660042369e+00 -2.088789195192484627e+00
1.209784332030292564e+00 -1.469233845084452206e+00 -2.197669183001154991e+00
1.314439595257109517e+00 -1.425074590139473241e+00 -1.850836301490000890e+00
1.234264546715172273e+00 -1.483153251953037266e+00 -1.916927161963617898e+00
1.143738708025791695e+00 -1.547716006226986796e+00 -1.955224835998712329e+00
1.050799366041435201e+00 -1.615412464741783127e+00 -1.979887634057258428e+00
1.579202443347734297e+00 -1.129903554593478354e+00 -1.831113859082245554e+00
1.608560132349395211e+00 -1.068316785995779838e+00 -1.925507431763627819e+00
1.630531161716618049e+00 -1.019220059457950134e+00 -2.032097612227549366e+00
1.653308062766924769e+00 -9.677866090992850445e-01 -2.137511418377194605e+00
1.576090608676029126e+00 -1.136498484713034163e+00 -1.820308300690578029e+00
1.598294790134304311e+00 -1.089733769544729558e+00 -1.893909259517732036e+00
1.570981167808134460e+00 -1.116722855093948086e+00 -2.004840891953475701e+00
1.533665842349138275e+00 -1.145304765026136540e+00 -2.113044630057037132e+00
1.302251560272005060e+00 -1.513681525686373375e+00 -1.802565709856515652e-01
1.211213227173189244e+00 -1.577733536168804962e+00 -1.428768877253372704e-01
1.117338364545835683e+00 -1.643777559844224578e+00 -1.042027948654204728e-01
1.025042824929592422e+00 -1.708711140710488685e+00 -6.620263954126141825e-02
1.296371883294774152e+00 -1.518096151753406842e+00 -2.147696527649565201e-01
1.205240116521544502e+00 -1.584898418936912634e+00 -2.446124607238431836e-01
1.123283543751194768e+00 -1.643811783410651595e+00 -3.018398971876008474e-01
1.041169745938924640e+00 -1.690042287251146469e+00 -3.700611546387032047e-01
1.956323839861392244e+00 -4.007790103898120626e-01 -2.173653443108664596e-01
1.975297282234454777e+00 -2.890138997295935153e-01 -1.859899345620810163e-01
1.996555050016179278e+00 -1.040209187189728435e-01 -1.780933120598286734e-01
1.998860996444579374e+00 8.380611121027675345e-03 -1.488797772331078295e-01
1.957109309746779102e+00 -3.971235917505352986e-01 -2.524159911300012382e-01
1.974851020130094614e+00 -2.872267124102360625e-01 -2.890569372641885737e-01
1.987570463467089432e+00 -1.915700520879387858e-01 -3.540219202019308509e-01
1.991675543218485833e+00 -1.067622123307080811e-01 -4.346354671686085691e-01
6.113146100679367478e-01 6.010475762963898294e-01 -6.071935920183913815e+00
5.718713547329064006e-01 5.925560503561604353e-01 -6.184704932071070083e+00
5.306136462702656376e-01 5.793127852327548677e-01 -6.296390889322383444e+00
4.881951575300397805e-01 5.665194837713887210e-01 -6.408262299122151617e+00
6.418072859549153186e-01 5.845111895329020424e-01 -6.075953552543955638e+00
6.613522759129926154e-01 5.477115356640192001e-01 -6.188104531151187082e+00
7.059500267274825269e-01 5.027227168804202506e-01 -6.288386765316596794e+00
7.714778164549250805e-01 4.502477835317935106e-01 -6.376158548066221954e+00
2.281924167221151267e-01 7.101236434703371847e-01 -5.915256923350957763e+00
2.410802699851065933e-01 6.962913015402919514e-01 -5.969972872501522865e+00
1.705504175945037892e-01 6.854612752653295171e-01 -6.068942602367941141e+00
1.085318924872221286e-01 6.723936445839114873e-01 -6.172289225697922710e+00
2.353942612496877362e-01 7.023679471789193718e-01 -5.945952675936399423e+00
2.458732590086497860e-01 6.910547512790975455e-01 -5.990746727557068496e+00
1.674236665283202197e-01 6.827358501057534390e-01 -6.083668304427063411e+00
1.005690203230068108e-01 6.710609982072672786e-01 -6.183969128772388579e+00
-3.730224195098305051e-01 6.524960458996799106e-01 -6.109440502182335031e+00
-4.044536539406041742e-01 6.250976574362255844e-01 -6.223959077310711407e+00
-4.302369576576915988e-01 5.984534646284568327e-01 -6.337528762405093552e+00
-4.292493900779817406e-01 5.662991006076837364e-01 -6.451819466138645431e+00
-4.035681569270002100e-01 6.495784328613435354e-01 -6.095706737098444350e+00
-6.726039204436868868e-01 5.457367082774998712e-01 -6.146436021706691122e+00
-7.215154387565045901e-01 5.029183673594486148e-01 -6.244000143001931846e+00
-8.148725442369167959e-01 4.343622496697094881e-01 -6.377609745902073968e+00
-7.900156008949050790e-01 4.215290932018641024e-01 -6.487067944398924979e+00
-6.414254072860885447e-01 5.559387404258526733e-01 -6.160665940731331780e+00
-6.295730882205027301e-01 5.351928455514138872e-01 -6.276837679428533434e+00
-5.886170768436455036e-01 5.266370963273852013e-01 -6.390093563561446643e+00
-7.453612481962754721e-01 4.216312784214052978e-01 -6.557462923754486361e+00
1.315668331656481671e+00 -9.636895409900372300e-01 -4.469108947545026744e+00
1.281973283369667760e+00 -9.645214475159081813e-01 -4.582262849460665421e+00
1.240271844831495773e+00 -9.754078716828126216e-01 -4.695450962491034552e+00
1.199791207422261641e+00 -9.846227693029595551e-01 -4.809010979965266941e+00
1.318509794128303048e+00 -9.637742029306640701e-01 -4.459145057825213421e+00
1.291928752240131484e+00 -9.636551394926685665e-01 -4.550521079143365455e+00
1.270461032014602587e+00 -9.638993616699815803e-01 -4.623392057574267966e+00
1.200755512288867566e+00 -1.023062101956615066e+00 -4.700988899118950570e+00
1.283360271105453476e+00 -1.080192577396399622e+00 -4.180800447931134478e+00
1.206151540429628355e+00 -1.163510859008285880e+00 -4.186181481014753736e+00
1.124374314844816203e+00 -1.239454347833192971e+00 -4.190865588903505135e+00
1.034259049190713098e+00 -1.309874919549793626e+00 -4.194115835372972612e+00
1.289187059115654232e+00 -1.082581709204112119e+00 -4.146739402463702540e+00
1.231456643915914029e+00 -1.162669192511552430e+00 -4.088605068484291394e+00
1.181546325802624198e+00 -1.223487143447093528e+00 -4.005679538043993126e+00
1.138531211330466419e+00 -1.275277530260184200e+00 -3.911088853248820385e+00
1.468190520710549896e+00 -1.053529442217605805e+00 -3.283017578751213250e+00
1.501922049824342187e+00 -1.037964531143220404e+00 -3.070418884982368812e+00
1.468001334449902551e+00 -1.101412797091216200e+00 -3.019947428148565649e+00
1.433764074118712539e+00 -1.162594193795709385e+00 -2.971098175806861086e+00
1.468113546642316303e+00 -1.051335641853515801e+00 -3.295828537693112903e+00
1.496299966222352396e+00 -1.048029504302418813e+00 -3.064547557532255162e+00
1.450859542921074441e+00 -1.132906804037237647e+00 -2.997590459402358132e+00
1.398594529009524967e+00 -1.203022049016448491e+00 -2.929100930080239529e+00
1.291973761659135356e+00 4.647435977831415772e-03 -5.888345444291949171e+00
1.259471270114836061e+00 -2.367087746146215657e-02 -5.997979877204019594e+00
1.223753799507564688e+00 -2.341318369437673727e-02 -6.100795373009726852e+00
1.189412735683945010e+00 -8.201149089004686893e-03 -6.203062084644321850e+00
1.295957360801641256e+00 -2.496964043453440626e-02 -5.872949061326464992e+00
1.270110040731803558e+00 -7.116988964482968971e-02 -5.944378949038388704e+00
1.245299524124741097e+00 -1.689442075963868417e-01 -5.987693036427664595e+00
1.220856216987849407e+00 -2.623344456259188995e-01 -6.018614459472845013e+00
1.372286982886399720e+00 -5.007195325034754507e-01 -5.233786959469417965e+00
1.322756709079996984e+00 -5.573982964185145716e-01 -5.304190747598457101e+00
1.265786584736827924e+00 -6.331422514957903980e-01 -5.381235520198503153e+00
1.212533773670888548e+00 -7.085005861924860149e-01 -5.458750310064878875e+00
1.376002747237544455e+00 -4.776395703014946759e-01 -5.256595514406351199e+00
1.339156128047479966e+00 -4.921082246794001303e-01 -5.367399121756124103e+00
1.316758769383073790e+00 -4.906455236611242388e-01 -5.482839939568078691e+00
1.287388743321074447e+00 -4.619502619926763032e-01 -5.590082289585143194e+00
1.373759535426282152e+00 -6.707049253947694467e-01 -4.936859934027864938e+00
1.327100218314431812e+00 -7.703373059598122019e-01 -4.952732607411402199e+00
1.256591147231996386e+00 -8.571204595168502305e-01 -4.962711325273208907e+00
1.188197048867475569e+00 -9.292054092376175189e-01 -5.004215195979291764e+00
1.381163416168615932e+00 -6.735308796035377465e-01 -4.903613262773860448e+00
1.348481175878695648e+00 -7.652178587317921554e-01 -4.854266250609661881e+00
1.323181121839540841e+00 -8.411045285908428371e-01 -4.777328383798733036e+00
-1.005046034607744554e+00 2.581704671030919940e-01 -6.274516452098722219e+00
-1.108268938951187499e+00 1.853610021716825887e-02 -6.401732441275049368e+00
-9.830242887249928119e-01 2.830442614573179250e-01 -6.284195038514064358e+00
-1.002326970362928504e+00 -1.384560774863683896e+00 -3.994655501220019556e+00
-9.252012126111902601e-01 -1.417177278100517190e+00 -4.072729647620819016e+00
-8.462168267149768885e-01 -1.446981989244320754e+00 -4.151845758449024260e+00
-6.228182633025901582e-01 -1.553299648441347713e+00 -4.222439614895593607e+00
-9.860413998925576795e-01 -1.398969102637755757e+00 -3.965039906327593844e+00
-8.915119459535900681e-01 -1.451853920477494064e+00 -3.981609554651917460e+00
-9.337519443458829338e-01 -1.557750955606593157e+00 -3.142376118454697664e+00
-8.433913827976194932e-01 -1.619017686815088508e+00 -3.100421373245140888e+00
-7.505151797252047619e-01 -1.672669056025507306e+00 -3.057877600591197176e+00
-6.519075282682984529e-01 -1.717258243627848735e+00 -3.013680022040415629e+00
-9.506388145987596516e-01 -1.552459222178346199e+00 -3.112221801752822259e+00
-8.585860517283709914e-01 -1.624175458589117493e+00 -3.012086850073891764e+00
-8.757078887423923597e-01 -1.629674569199054179e+00 -2.914478870365153629e+00
-8.949758023778415783e-01 -1.633634462392297149e+00 -2.810214486619621255e+00
-1.183769514095788900e+00 -1.421133899798082689e+00 -2.890582774652525444e+00
-1.143339645867795129e+00 -1.461739469883249098e+00 -2.786926794360794712e+00
-1.105312102905153138e+00 -1.504300755275378654e+00 -2.682739152470706934e+00
-1.041482592886294301e+00 -1.561936533212955558e+00 -2.600106452878515828e+00
-1.211216945886009810e+00 -1.403104882762592487e+00 -2.877925212211200456e+00
-1.224306255873972349e+00 -1.408127025804951860e+00 -2.761446887381867832e+00
-1.176881787507097821e+00 -1.473681498180305249e+00 -2.451045787231092898e+00
-1.099952052627408028e+00 -1.545079438943349093e+00 -2.394519087322744877e+00
-1.038387838398655560e+00 -1.596426795152209310e+00 -2.313204263917553405e+00
-9.853382191127625367e-01 -1.633068703397041910e+00 -2.218816240663184391e+00
-1.193966170737523091e+00 -1.462305109126417646e+00 -2.421275139874034643e+00
-1.153960033204912250e+00 -1.508528081426479206e+00 -2.316484551244986978e+00
-1.138346920798226192e+00 -1.536038940995886337e+00 -2.201668667998933238e+00
-1.143003940016957376e+00 -1.546752939655127168e+00 -2.082863504431730739e+00
-1.392816698958819321e+00 -1.306682477469491399e+00 -2.268264919377622757e+00
-1.391373901669027191e+00 -1.310077048562512392e+00 -2.255414988627205908e+00
-1.380811165150861219e+00 -1.336031576587528136e+00 -2.141853205558754247e+00
-1.365809040760919801e+00 -1.359075496982200537e+00 -2.027008366966276398e+00
-1.361169210768335525e+00 -1.373349386599466593e+00 -1.908128631733180258e+00
-1.794118239707531703e+00 -7.669035447969371200e-01 -1.675554544276271152e+00
-1.793377683537415779e+00 -7.805246661410324416e-01 -1.562887784578181227e+00
-1.809490809990767834e+00 -7.618940712841193452e-01 -1.440456198549774802e+00
-1.794192783107009026e+00 -7.677623369165242906e-01 -1.666230870475805537e+00
-1.793393071776508751e+00 -7.820934688751013386e-01 -1.548067670977145704e+00
-1.800682678281061655e+00 -7.810035325003377160e-01 -1.424671830898569747e+00
-1.637264876915322631e+00 -1.049016409565489694e+00 -1.759277326523122520e+00
-1.585597954779806473e+00 -1.122601718006328353e+00 -1.682364456287530174e+00
-1.532774659501990433e+00 -1.197703728100487197e+00 -1.605261130756874488e+00
-1.481473682298358741e+00 -1.273494788401122069e+00 -1.527719116610302574e+00
-1.624765537657019365e+00 -1.062635574649934300e+00 -1.789840031860255198e+00
-1.553784490254159767e+00 -1.155952729171511040e+00 -1.775583777561698273e+00
-1.482360101662016705e+00 -1.246413442424483042e+00 -1.791166659707271736e+00
-1.820983525818883342e+00 3.019582285779510711e-01 -2.406602116103002675e+00
-1.770253541349441795e+00 3.620954273400479595e-01 -2.483670482456547646e+00
-1.655069859349577621e+00 5.097573702123908701e-01 -2.559407877940304221e+00
-1.831473502928568919e+00 2.806260782219178740e-01 -2.428064281864545482e+00
-1.810838273684084898e+00 2.980989893528977475e-01 -2.535577205977092685e+00
-1.805096097491372564e+00 2.911670874427021993e-01 -2.645816760512149646e+00
-1.797466116417277826e+00 2.862796409741780179e-01 -2.757412068180377318e+00
-1.314276131703943529e+00 -4.342989192365032114e-01 -5.545890938301901940e+00
-1.267972101716089650e+00 -4.824422773341372483e-01 -5.645886810779226828e+00
-1.220370395134238395e+00 -5.292956344908983368e-01 -5.745028680122373110e+00
-1.171450067010879836e+00 -5.752931852458939010e-01 -5.843875346663938153e+00
-1.324260859797907086e+00 -3.984618719420431887e-01 -5.558879989027597723e+00
-1.298394948948572880e+00 -3.815090904087138912e-01 -5.674252065437588755e+00
-1.283681699366019391e+00 -3.396024110527700590e-01 -5.783670814885605971e+00
-1.255598911020133324e+00 -2.832791487366627114e-01 -5.882507221796219099e+00
-1.070530430741214234e+00 -1.252579407335729922e+00 -4.315725002526261456e+00
-9.918223483432130338e-01 -1.309440409273077810e+00 -4.370183310743249727e+00
-9.116767495871872518e-01 -1.356328614673961930e+00 -4.424889448444299767e+00
-8.396266259035459756e-01 -1.379897447802097776e+00 -4.504240609840712395e+00
-1.080825781704634947e+00 -1.236682608006650863e+00 -4.341682936567528905e+00
-1.028415214138610478e+00 -1.258728924199427723e+00 -4.439800194800372246e+00
-9.934378969648179902e-01 -1.262679674656510542e+00 -4.547369302969641147e+00
-9.766551633988354020e-01 -1.249197946443209251e+00 -4.659119414848496454e+00
-1.710394468424154546e+00 -9.549411870699567872e-01 -1.270667828023658075e+00
-1.648909483368775630e+00 -1.059806411317351316e+00 -1.248925595099357411e+00
-1.590727947816831245e+00 -1.158962842269896987e+00 -1.223270905626856697e+00
-1.534865403822255558e+00 -1.243361825488705108e+00 -1.168851887825322899e+00
-1.704198889007548123e+00 -9.660874212667774907e-01 -1.307926447794132141e+00
-1.648446522133933057e+00 -1.062038565438732762e+00 -1.346978533841223902e+00
-1.592244636184029005e+00 -1.141059211833620690e+00 -1.411923434907276897e+00
-1.805500358329451993e+00 -8.214516475013375896e-01 -7.563557659510428133e-01
-1.784926261765262367e+00 -8.787249693289022057e-01 -6.541430590992529659e-01
-1.758073335863317599e+00 -9.334328661188037168e-01 -5.515365047633562501e-01
-1.726664756295863024e+00 -9.855216566222093633e-01 -4.485175219589201401e-01
-1.819883268138810184e+00 -7.888779357990968188e-01 -7.407811084769292398e-01
-1.825103556098674362e+00 -7.868008385622293765e-01 -6.215090104629934498e-01
-1.835516264094467553e+00 -7.569990458671942424e-01 -5.078310975241102643e-01
-1.854246107925588749e+00 -7.148918274712690035e-01 -3.995599629703364686e-01
-1.964497843241062469e+00 1.988343980772457331e-01 -4.033281467336668341e-02
-1.954721587271182948e+00 2.211864482023913892e-01 -1.506741448578946020e-02
-1.981778926470246116e+00 -2.594908912275442070e-01 -1.465995211806392640e-01
-1.966387387465702963e+00 -3.571256781282932669e-01 -8.557867169894649295e-02
-1.944107952874103207e+00 -4.540646600832964341e-01 -2.431837500130792917e-02
-1.980256688022655087e+00 -2.729167655716078222e-01 -1.789625515750671580e-01
-1.958323716062871478e+00 -3.864836791388576165e-01 -1.827807517831889772e-01
-1.932462487880811652e+00 -5.072511607464252892e-01 -2.126734872280555411e-01
-1.926222041778681282e+00 -5.307465740972377999e-01 -2.929166822115672475e-01
5.955879212293104796e-01 1.051398778624158981e+00 -1.441392322550682836e+00
5.383878159623639581e-01 1.058082785749464794e+00 -1.546323649605719774e+00
4.872495175020244984e-01 1.064994027951443822e+00 -1.654007919519920877e+00
5.676494640476056341e-01 1.057591153165333697e+00 -1.420056728655761935e+00
4.638519931269955987e-01 1.074007487732862920e+00 -1.477822909151167874e+00
3.503464888240123143e-01 1.087585085962543996e+00 -1.507626547402997064e+00
8.405448279388464394e-01 9.975416569021515745e-01 -1.587443369133578974e+00
8.771021167542241148e-01 9.839716663875593960e-01 -1.700597965405934220e+00
9.133961704024146089e-01 9.678469333217980530e-01 -1.813615343616912678e+00
8.398549042585354840e-01 9.978074454338166088e-01 -1.584339666103829591e+00
8.745645809634924328e-01 9.850788066073781213e-01 -1.693361764087697230e+00
9.083011337027032672e-01 9.700709597872401169e-01 -1.799051964948801485e+00
9.890548220186515804e-01 9.394072658099771322e-01 -1.879057013794309006e+00
1.775831161135063840e-01 1.115752157259245925e+00 -7.182017803398118572e-01
1.671864145537498847e-01 1.117067705063434113e+00 -6.848486566799637520e-01
5.446174798305483677e-02 1.123544512421488006e+00 -6.713177597953616793e-01
2.954259353231855068e-01 1.103670029645654305e+00 -1.038466910526922415e+00
2.470536110083218495e-01 1.104667492211340640e+00 -1.146521047892127276e+00
2.044636470209600376e-01 1.103631596531579495e+00 -1.257621985806265164e+00
2.658645951007108654e-01 1.105485524608022185e+00 -1.019460547845659759e+00
1.668854566123614824e-01 1.109784197500741865e+00 -1.083257423094822425e+00
7.859567972943350966e-01 -1.833172019752726811e+00 -4.832787928774514574e-01
7.080878096794387400e-01 -1.859430534135682711e+00 -3.981730910763591202e-01
6.300347328725259821e-01 -1.885502106195194427e+00 -3.122140478098442418e-01
5.525971277962526962e-01 -1.911431470344950645e+00 -2.254661692753871516e-01
7.658122596778943469e-01 -1.838502229446674185e+00 -5.121038348723722100e-01
6.564560534898579158e-01 -1.870829450040253361e+00 -4.874309447797787187e-01
5.456382168885635098e-01 -1.904237893672769522e+00 -4.921591672877010937e-01
4.346355414818238727e-01 -1.937980520508456150e+00 -5.096487476344361278e-01
8.327617216230295272e-01 -1.800005786978655209e+00 -9.787679103871547159e-01
8.162913145912159552e-01 -1.803081419133377716e+00 -1.077273815917165090e+00
8.376944197227812472e-01 -1.797753175622940347e+00 -9.522488641982708168e-01
8.320008942870465996e-01 -1.800389318254306925e+00 -9.811162778589394007e-01
7.751867119403106354e-01 -1.789076572269118204e+00 -1.684650165776505393e+00
7.605647512336567440e-01 -1.788104974063722707e+00 -1.803284565698167086e+00
7.492841991006018443e-01 -1.782251933992115234e+00 -1.920874182516931983e+00
7.116580829360332761e-01 -1.780178777998965289e+00 -2.029926745128741938e+00
7.533941625975639766e-01 -1.799034854827978647e+00 -1.675667094521300138e+00
6.933395541332973977e-01 -1.814002550516168988e+00 -1.767046434298030322e+00
6.193389800176071214e-01 -1.833354393514390557e+00 -1.834278529651133027e+00
5.448483229354808000e-01 -1.851695515986036433e+00 -1.890644351032931381e+00
1.152637856491744994e+00 -1.500977874228528464e+00 -2.298147095192403011e+00
1.095748164789576151e+00 -1.534634342601985058e+00 -2.399588655715766627e+00
1.041104623729627310e+00 -1.571168712106510545e+00 -2.501033114170662319e+00
9.473210643646475804e-01 -1.610080070321543655e+00 -2.644981142968320320e+00
1.183326657212862676e+00 -1.475777945584928696e+00 -2.314827552800025501e+00
1.181821251517151561e+00 -1.464232145825527187e+00 -2.436952812242493938e+00
1.204942062555554916e+00 -1.438351467041941278e+00 -2.553884962523405466e+00
1.234471065579158422e+00 -1.404376107723394940e+00 -2.664597406562621007e+00
9.520871885568720216e-01 -1.676627851409804970e+00 -1.970209479767083494e+00
9.521846071078184925e-01 -1.674423623911899250e+00 -2.006081556442506741e+00
8.590399241307460354e-01 -1.720088885610433938e+00 -2.062390907678167462e+00
1.680792348460383057e+00 -9.002714266990758940e-01 -2.232386832432380341e+00
1.708859675802206546e+00 -8.314598004015313348e-01 -2.328475145255053391e+00
1.736667159227893942e+00 -7.634263780281987932e-01 -2.423917201454594217e+00
1.753777550651530293e+00 -6.924509631129956988e-01 -2.516521394298641745e+00
1.665138488805567807e+00 -9.273885120902165546e-01 -2.249514644280488085e+00
1.662654084940563992e+00 -9.133696105996277348e-01 -2.369891203699645565e+00
1.623277463792563768e+00 -9.695906837364577369e-01 -2.492436328067451079e+00
1.621579005971089282e+00 -9.558903000738219191e-01 -2.601304538869496419e+00
1.481158689132797912e+00 -1.198266570247424001e+00 -2.203562238160710063e+00
1.426798811746055051e+00 -1.254162850052910283e+00 -2.295728617776592095e+00
1.372962767966926734e+00 -1.309474643299177288e+00 -2.387430594172027742e+00
1.331893735068422790e+00 -1.342578232344347144e+00 -2.492661889855244173e+00
1.498883454325786291e+00 -1.174781126128840114e+00 -2.222123404772142319e+00
1.483448815753158012e+00 -1.180376781406643483e+00 -2.338793728659381621e+00
1.482188330630920481e+00 -1.162018875254849704e+00 -2.456501095362804588e+00
9.381245077986395398e-01 -1.764393948162705117e+00 -1.260533613670686282e-02
9.282572306271673623e-01 -1.768919474407363968e+00 -4.644382015311879913e-02
8.213884538793246870e-01 -1.810966962821552118e+00 -6.074162465175916154e-02
7.153502640538781376e-01 -1.852803397126881801e+00 -8.077934830860192261e-02
6.124617413638722141e-01 -1.892927769399305404e+00 -7.649274774051174897e-02
9.546757452604275329e-01 -1.739177978457377538e+00 -4.314924710997350976e-01
9.728597683493543924e-01 -1.727192094191058347e+00 -4.579051254273138194e-01
1.988576161496409922e+00 1.079184434914405022e-01 -1.050938742442604212e-01
1.960629510222916538e+00 2.107660080631111321e-01 -5.932866145180014372e-02
1.922309380288194536e+00 2.991013593541490545e-01 -1.271466560175728809e-02
1.988254161954440269e+00 1.161198587440486762e-01 -1.386252967638006151e-01
1.962105707302152835e+00 2.098568269197644831e-01 -1.580158349717590560e-01
1.930054627634352871e+00 2.866453510099055690e-01 -2.073763262336203728e-01
1.888981940481301969e+00 3.539845088816775398e-01 -2.778120343836262274e-01
1.992740587086639037e+00 -5.317684700590428332e-02 -5.389770682790939738e-01
1.992569363350236378e+00 -5.800236915749842556e-03 -6.441352496325747357e-01
1.985750963377825640e+00 4.015016262508804695e-02 -7.501171550245632202e-01
1.994699104531696854e+00 5.021852620709766832e-03 -5.166996629878711778e-01
1.984657725219562519e+00 9.812334527602671608e-02 -5.796354013697277985e-01
1.962700965224496441e+00 1.907478417701154727e-01 -6.189991644170829144e-01
1.926047171297729399e+00 2.826805271184898438e-01 -6.417289610064063066e-01
4.623194528955144045e-01 5.456436259330126326e-01 -6.523493548715540769e+00
4.358037081100666899e-01 5.209712250728519845e-01 -6.637503584606795570e+00
4.085431805057558319e-01 4.940749560778575078e-01 -6.750967779252696310e+00
4.409621197082016497e-01 4.176570363411602482e-01 -6.941833679604552998e+00
4.312739460779659861e-01 5.551527684079275993e-01 -6.512466730782321633e+00
3.477811983020462905e-01 5.475982066854541142e-01 -6.597306194019675551e+00
2.432795923723382325e-01 5.452625790619124446e-01 -6.663465485105420250e+00
1.306016195741194763e-01 5.494246950496511905e-01 -6.709277115037032502e+00
8.323540697399385291e-01 3.995421982202234101e-01 -6.466248961944434548e+00
8.525977211465330940e-01 3.338006624474886830e-01 -6.539550694460205094e+00
8.480149010023955158e-01 2.889317512489229522e-01 -6.612270073225960054e+00
8.310584224473173132e-01 2.608213577950476703e-01 -6.687218634027242814e+00
8.547563611530616390e-01 3.944261855105991588e-01 -6.440195384422986891e+00
9.083305057328303622e-01 3.325083093885197183e-01 -6.446635500029218591e+00
1.057463757149943673e+00 1.651049538287637231e-01 -6.381830516966005895e+00
1.091241943886588128e+00 7.046585837481281200e-02 -6.408708747637106740e+00
2.284460228765821180e-02 6.594156716267772778e-01 -6.274112863254642569e+00
-4.781130848835892649e-02 6.340432894260327190e-01 -6.362166281356619990e+00
-1.105576725101048846e-01 6.098640695409563994e-01 -6.448522130353510740e+00
-2.715137057245086138e-01 5.455555387914593490e-01 -6.673292893177930729e+00
5.120122936794959528e-02 6.550248133336559198e-01 -6.292525565182551794e+00
3.432368349991898882e-02 6.297449995256146904e-01 -6.408014296967820655e+00
3.906728402292745927e-02 6.027670499331343468e-01 -6.526469944867741013e+00
-3.917574782774952968e-01 5.494799707135843425e-01 -6.556334715452599049e+00
-4.089739195025198226e-01 5.481014699885695673e-01 -6.539664946121753530e+00
-3.755557996398509735e-01 5.501852249417998886e-01 -6.574059285466334224e+00
-7.165490321536556184e-01 3.984043037331675974e-01 -6.664761408240036822e+00
-6.866152688487219269e-01 3.618299668568295546e-01 -6.772678978594272259e+00
-6.548325623188741007e-01 3.268032198228643659e-01 -6.881721975659747415e+00
-6.208568787283107460e-01 2.917358102762855343e-01 -6.988934363749542023e+00
-7.153862019688755902e-01 3.954341778013839015e-01 -6.671208604899954153e+00
-6.704980960829276526e-01 3.760064198117611389e-01 -6.781490613525498645e+00
-6.140770885985376015e-01 3.743108565675952737e-01 -6.887034095347468465e+00
-5.373717533206404662e-01 3.756321090379046157e-01 -6.973001441239002673e+00
1.148193123850815844e+00 -1.011665296344463227e+00 -4.914743309255450221e+00
1.092572719198298126e+00 -1.044413423856928702e+00 -5.021530168318626863e+00
1.025989773728553267e+00 -1.093008269714938141e+00 -5.111918150414688888e+00
9.515725553506936274e-01 -1.126875825672033482e+00 -5.189009244644402941e+00
1.124130003243029474e+00 -1.101103240190455468e+00 -4.750859969362114299e+00
1.039881404331473025e+00 -1.164904239906186412e+00 -4.797111403604125357e+00
9.535148013100860354e-01 -1.221655174278327927e+00 -4.816554275672065621e+00
8.496934614880586878e-01 -1.295512931545713897e+00 -4.819630345513305159e+00
1.131198722319876504e+00 -1.081804711334897418e+00 -4.779220824175717475e+00
1.074661374039074246e+00 -1.118084573556456629e+00 -4.877733441141243631e+00
8.714395996727306581e-01 -1.430628417685167575e+00 -4.203432504380699264e+00
8.651962297966020454e-01 -1.443372951279691341e+00 -4.164797130138025771e+00
8.605775611562307414e-01 -1.455407743260525910e+00 -4.124022014558260452e+00
8.752427360120947908e-01 -1.420969425316278567e+00 -4.235834743522105761e+00
8.762325708979978867e-01 -1.415210183206589090e+00 -4.259448846480606399e+00
7.960298612274812058e-01 -1.446702589879270695e+00 -4.335701160300409640e+00
7.205578528279260597e-01 -1.465234583093562915e+00 -4.419424090741700617e+00
1.095987182120016223e+00 -1.328337674361997678e+00 -3.816647106113940868e+00
1.051438773155035644e+00 -1.383762014474915203e+00 -3.720444283331497015e+00
1.007798177592161393e+00 -1.438698688174221196e+00 -3.624171299580458694e+00
9.629134960265691712e-01 -1.489253049396173312e+00 -3.527788217194039344e+00
1.121644029452726343e+00 -1.311073730209456834e+00 -3.800945982046925575e+00
1.127993212395929756e+00 -1.330671846605613773e+00 -3.684159171277579858e+00
1.157604846695405865e+00 -1.331308500252678106e+00 -3.569757551112745286e+00
1.200377672434056242e+00 -1.320545947235201467e+00 -3.459888084667596342e+00
1.337989780528987316e+00 -1.271244235377561482e+00 -2.864524770143082488e+00
1.195323961557362757e+00 -1.398930058889374273e+00 -2.917813773034827474e+00
1.135450260423123581e+00 -1.464523238898571167e+00 -2.848444748211743427e+00
1.088398090745474889e+00 -1.514734229431122570e+00 -2.782942110812601566e+00
1.336361580761940893e+00 -1.272996935355137360e+00 -2.863222559207405205e+00
1.194531466492042782e+00 -1.399734351005630373e+00 -2.917473092521146061e+00
1.134260905280295884e+00 -1.465864595101804335e+00 -2.846719887478892375e+00
1.077897846379378466e+00 -1.521801387100433889e+00 -2.772892370684286956e+00
1.148132915071298887e+00 -1.485771164111167331e-02 -6.315545982893308263e+00
1.146518155290181973e+00 -4.702701721608536223e-02 -6.306582071954968782e+00
1.107604513338843022e+00 -1.065929619102768122e-01 -6.390299201302698684e+00
1.063313772417722625e+00 -1.646026971489029100e-01 -6.468450651997020628e+00
1.015250010895962340e+00 -2.196125737610539475e-01 -6.543830247936837985e+00
1.193812867919219478e+00 -3.559034894490128997e-01 -6.023849277312338657e+00
1.154911231542729677e+00 -4.488275309052319750e-01 -6.024391298340828982e+00
1.110619917949389190e+00 -5.521327055124740646e-01 -6.028268172064278119e+00
1.063910922459437192e+00 -6.532168241375417850e-01 -6.030339854809166233e+00
1.186767150038262386e+00 -3.477272352463391947e-01 -6.056642862904835667e+00
1.148681796434189550e+00 -3.898321451739130139e-01 -6.121069454969248369e+00
1.127603600567228526e+00 -3.793014389364497974e-01 -6.200962979861902369e+00
1.103331829845552337e+00 -3.671483757117574021e-01 -6.292996332903429746e+00
1.147947149586441506e+00 -7.859473659065605577e-01 -5.517691683265242730e+00
1.077366402402426315e+00 -8.625950488262084104e-01 -5.575307861469965154e+00
1.003190262206116179e+00 -9.289741225558431070e-01 -5.629533293080176470e+00
9.177761757646966112e-01 -9.860260937990286134e-01 -5.679113018898232390e+00
1.153142067605673171e+00 -7.622310493268127374e-01 -5.543666979229366021e+00
1.096964435282330230e+00 -7.902236590514409853e-01 -5.644715469876325997e+00
1.061008195226641027e+00 -7.942758413335184731e-01 -5.758154167416343228e+00
1.032567497611645901e+00 -7.764665244989862325e-01 -5.871168955558941249e+00
1.265903222974204878e+00 -4.402306272176957358e-01 -5.704933421133883797e+00
1.243264086325440498e+00 -4.107765070779864081e-01 -5.816795912604272090e+00
1.274364828532797311e+00 -4.095024215813655721e-01 -5.696030860145955721e+00
1.273348587853594838e+00 -3.294870442872399607e-01 -5.784624521713290335e+00
-6.157115876755551165e-01 -1.544850592128734990e+00 -4.290069417199329216e+00
-6.023072992156134342e-01 -1.534964197170200162e+00 -4.375249927992155285e+00
-5.882688083651802513e-01 -1.518572482674473534e+00 -4.472087895905535682e+00
-5.733215804364001356e-01 -1.500731214944680980e+00 -4.576809678412330662e+00
-6.127761022724622642e-01 -1.541871691177208570e+00 -4.314765430454018613e+00
-5.962590054276381002e-01 -1.528258783230697970e+00 -4.415487968252346462e+00
-5.809658434352602541e-01 -1.510219954438492218e+00 -4.521737975419816813e+00
-5.954716935235221387e-01 -1.457155352881866817e+00 -4.712741779525620345e+00
-4.813586233464308139e-01 -1.786567355442943317e+00 -2.897013687420928019e+00
-4.357053305518731601e-01 -1.791221297965484460e+00 -2.934209793674849465e+00
-3.887796936188416264e-01 -1.796094357394853791e+00 -2.971485944012211000e+00
-1.356381040013669159e-01 -1.846439432975482298e+00 -2.915687968367173699e+00
-5.051695276835271864e-01 -1.784168088510452721e+00 -2.877313710853049766e+00
-5.070948872688085807e-01 -1.783853641472776808e+00 -2.877009327134904648e+00
-9.115046767302930064e-01 -1.633121626384544722e+00 -2.693994531045519558e+00
-9.205379997887324084e-01 -1.636476879584071176e+00 -2.576172361042720738e+00
-8.999084308191128700e-01 -1.654515718219024212e+00 -2.461330467139155154e+00
-8.553280289636968625e-01 -1.686955399565495783e+00 -2.357973297658210399e+00
-9.102322458593550270e-01 -1.633184327866985308e+00 -2.702594528538118546e+00
-9.245926373825248401e-01 -1.632673507099722254e+00 -2.602596797760651892e+00
-8.810511195935059048e-01 -1.661108032971291060e+00 -2.504188998717715275e+00
-8.095083473842176192e-01 -1.702896521058816059e+00 -2.423658722783460728e+00
-1.016079988512318844e+00 -1.594227611094458208e+00 -2.491205987210892925e+00
-9.523393825690745773e-01 -1.659343082050032780e+00 -2.108757911785017924e+00
-9.079633015953483266e-01 -1.692240505256391581e+00 -1.996674231052642190e+00
-8.682141423195491869e-01 -1.725878298688939605e+00 -1.884219174805033425e+00
-8.316511938853815566e-01 -1.752973319980090317e+00 -1.773810096566452499e+00
-9.130161625645600854e-01 -1.680663665726941369e+00 -2.124920467857676964e+00
-8.295703905071862838e-01 -1.733097734581733107e+00 -2.053175800481476188e+00
-7.381120101294657010e-01 -1.782525726338195504e+00 -2.007708955469665213e+00
-6.316223417264853479e-01 -1.811527567721952225e+00 -1.986061576414893892e+00
-1.177895764930487532e+00 -1.529290138436445012e+00 -1.969822889596492210e+00
-1.209675644309290865e+00 -1.507826763945837367e+00 -1.856743801733285792e+00
-1.214496511627151554e+00 -1.506603402081624798e+00 -1.738135226493602747e+00
-1.197544010928485392e+00 -1.523750029251203397e+00 -1.618000476222299699e+00
-1.151408517864960235e+00 -1.552284755045940656e+00 -1.963847811195770676e+00
-1.129836626299631108e+00 -1.572217778203540028e+00 -1.848216361333350433e+00
-1.086070180606980129e+00 -1.609742999934857588e+00 -1.743980699348783192e+00
-1.025550458602104031e+00 -1.660387852177563017e+00 -1.655482486523337071e+00
-1.364175015094869936e+00 -1.380956093645838489e+00 -1.788562276287809727e+00
-1.365843959307987410e+00 -1.386446397436188915e+00 -1.669080454716522777e+00
-1.386682463143952271e+00 -1.376436597578057697e+00 -1.551787357114730259e+00
-1.378011486014054654e+00 -1.387879229941497039e+00 -1.433324295455659314e+00
-1.390522621416157234e+00 -1.357384905250571538e+00 -1.793141061147958348e+00
-1.435823277853970792e+00 -1.316236559176964471e+00 -1.690728928172641865e+00
-1.790950458910763432e+00 2.701787405154868482e-01 -2.863410167676750273e+00
-1.798985297471120237e+00 2.424849437458906076e-01 -2.851313015713533794e+00
-1.807535546874700971e+00 1.753890108461516606e-01 -2.926148656455636488e+00
-1.823047698123566374e+00 8.047810312348714634e-02 -2.999024052826290365e+00
-1.835288640148369677e+00 -2.558626632117399699e-02 -3.041109481982112062e+00
-1.121960512417749412e+00 -6.014469411236114116e-01 -5.930188793399120861e+00
-1.079555215404879753e+00 -6.117368100877831338e-01 -6.022132283340630998e+00
-1.042419606257249720e+00 -6.085684687396279990e-01 -6.116887223039569221e+00
-1.011588985358176096e+00 -5.982520697662623288e-01 -6.222162076674588427e+00
-1.129191613499133551e+00 -5.797840438023302845e-01 -5.948773312303936578e+00
-1.097687994838542958e+00 -5.614409736834204967e-01 -6.061805619605556750e+00
-1.075802969900119477e+00 -5.287145981704648445e-01 -6.176764837156229149e+00
-1.053798568044866713e+00 -4.840434262436170698e-01 -6.280928342846893386e+00
-1.224704853368290047e+00 -2.323950523326165363e-01 -5.984490978508901549e+00
-7.956170011427288191e-01 -1.383083714933232899e+00 -4.608652745648307736e+00
-7.550977589137529700e-01 -1.378528078465893314e+00 -4.713540881742518174e+00
-7.425147693792663040e-01 -1.358727468974322505e+00 -4.827771586492461964e+00
-7.511862234805009031e-01 -1.331337969425105294e+00 -4.941950978518115711e+00
-7.750519079989049986e-01 -1.397811401426849010e+00 -4.591375872738716168e+00
-7.015392723712714496e-01 -1.419566552768774415e+00 -4.652329192387325563e+00
-9.881035822612366237e-01 -1.207806904060520159e+00 -4.764660952079907474e+00
-9.997700615125156842e-01 -1.166627635942591112e+00 -4.871073522190245697e+00
-1.016925650883936827e+00 -1.121301757689924239e+00 -4.981609861393938132e+00
-1.052962398869060179e+00 -1.060926135598782460e+00 -5.080038478629020027e+00
-9.621409062524203248e-01 -1.229979126187947580e+00 -4.771650631686862987e+00
-9.261442599651913410e-01 -1.234823083681835687e+00 -4.881769733992241456e+00
-8.633273318890049008e-01 -1.253934521290050341e+00 -4.980456313714285876e+00
-8.331742226081392255e-01 -1.242254248376568171e+00 -5.091586348387561856e+00
-1.488735318502538485e+00 -1.297076042898683390e+00 -1.075293107687796512e+00
-1.442626653494606170e+00 -1.352326147271338375e+00 -9.813861436661257542e-01
-1.394166611167579672e+00 -1.407722631076911979e+00 -8.900184309877190447e-01
-1.344715589754959861e+00 -1.462772199119570127e+00 -7.981066559646965430e-01
-1.470508555650869464e+00 -1.311888392326854502e+00 -1.101019171398116558e+00
-1.394588723610503456e+00 -1.390575848440383400e+00 -1.062381696437415979e+00
-1.311772046663904900e+00 -1.472374812676057187e+00 -1.054875052615623643e+00
-1.198189840137274809e+00 -1.572987296376144206e+00 -1.056393551445115486e+00
-1.688584035512979975e+00 -1.050515805219720988e+00 -3.558220368468663075e-01
-1.650402997757954182e+00 -1.115679368525206216e+00 -2.629126513500840701e-01
-1.607853126917967668e+00 -1.176428930766821646e+00 -1.702988041158688404e-01
-1.559226241446320493e+00 -1.231596748496244453e+00 -7.741372990095560236e-02
-1.705638736551859269e+00 -1.024955064018652662e+00 -3.376756332177914266e-01
-1.701742715658955296e+00 -1.038101496182496142e+00 -2.189234063019081244e-01
-1.711487542681510821e+00 -1.024917523300722833e+00 -1.009089486738154323e-01
-1.917583796608310243e+00 -5.482502042557949595e-01 -3.581693127388344555e-01
-1.905405436715838841e+00 -5.737415175275972778e-01 -4.408708003130460407e-01
-1.883168753616803137e+00 -6.294991602682610266e-01 -5.993450016783595791e-01
-1.868711852403659890e+00 -6.749385178458731094e-01 -6.996007222891491573e-01
-1.914818307515162799e+00 -5.539417966323327835e-01 -3.780565983092591398e-01
-1.894768043677763858e+00 -5.968901368957637565e-01 -5.918095797761475652e-01
-1.879030445739590549e+00 -6.455182942314374728e-01 -6.851001306397053181e-01
-1.870190398791189201e+00 -6.668206348439712494e-01 -7.810218000255739756e-01
4.883990663366488683e-01 -1.934055694716724894e+00 -1.274443217873324485e-01
4.230753211299101424e-01 -1.948051861595240242e+00 -2.965263361823487070e-02
4.631003847280065755e-01 -1.940245469553135704e+00 -1.518990601060267454e-01
3.561005365678879819e-01 -1.958644935730324610e+00 -1.069637379795936039e-01
2.408933784923711352e-01 -1.972574762634037526e+00 -9.142193928869400688e-02
1.245652784578428346e-01 -1.986994731189386298e+00 -8.800068251238313266e-02
3.211912328541635664e-01 -1.965187052322578731e+00 -5.261952239208599336e-01
2.059030728131532872e-01 -1.978207869316815026e+00 -5.417413110844709889e-01
8.375774836209930185e-02 -1.981888447319159363e+00 -5.577667228205478445e-01
-3.414557799690914885e-02 -1.984949613298176985e+00 -5.748864527320100004e-01
3.310655128784285028e-01 -1.962184557287779407e+00 -5.600487461862149186e-01
2.440278820888642231e-01 -1.968513411129497959e+00 -6.370611189037341804e-01
1.755840093916573308e-01 -1.971438786409037025e+00 -7.358671627865754905e-01
1.207310814604723587e-01 -1.975868304341520609e+00 -8.417986617525260451e-01
6.698700508753228089e-01 -1.780077628295607894e+00 -2.135675064050763794e+00
5.998584199850915954e-01 -1.793389326447196286e+00 -2.249267941749657940e+00
5.381371983777073487e-01 -1.811958690634124514e+00 -2.361176082744254057e+00
4.838807432328205982e-01 -1.819508190449387275e+00 -2.467942190297459870e+00
6.136816369794264592e-01 -1.803358400649334836e+00 -2.114398937267805589e+00
5.076765974458375963e-01 -1.832450929839431142e+00 -2.177776214164766522e+00
4.007398853912195191e-01 -1.869672068772339379e+00 -2.216795755923600009e+00
2.892546694595191092e-01 -1.885425436655788323e+00 -2.225307702015131728e+00
4.425601572080360424e-01 -1.878121196649703339e+00 -1.952018984065972518e+00
3.447019183001960863e-01 -1.896565879712056368e+00 -2.011951971795890692e+00
2.336526175592389398e-01 -1.906704855786737429e+00 -2.036440486266392735e+00
1.214861323592163617e-01 -1.912220395429239383e+00 -2.026862788797715531e+00
4.337204398205478650e-01 -1.883389161949979185e+00 -1.918763499116535876e+00
3.189327952638040253e-01 -1.905742429399070792e+00 -1.912269472544129156e+00
2.112849795651566831e-01 -1.921167425703169229e+00 -1.875114979738103260e+00
1.158911527030533767e-01 -1.936632314085476647e+00 -1.812460846498346045e+00
9.664997507252187647e-01 -1.596601944330736877e+00 -2.667581282981668966e+00
8.700755012174427039e-01 -1.640122458711702480e+00 -2.734482725955810878e+00
7.956681842089889933e-01 -1.672155558776781570e+00 -2.824413851114241147e+00
7.219971876274363654e-01 -1.700377226979099765e+00 -2.912689285851542742e+00
6.416691643513224852e-01 -1.714616302596420727e+00 -2.998493449286234291e+00
1.752941263234035985e+00 -6.543753009629831308e-01 -2.629250406035505971e+00
1.752742642871753409e+00 -6.163522165384569540e-01 -2.742524506244258919e+00
1.744145267402655186e+00 -6.136902384827980228e-01 -2.861574504406151132e+00
1.664605208572133233e+00 -7.845220713782143918e-01 -2.962401716367740079e+00
1.767454240207391836e+00 -6.260719831516392553e-01 -2.614052175130861411e+00
1.619549913568705923e+00 -9.434919426448455937e-01 -2.692156467811972487e+00
1.613670478814277942e+00 -9.282710279761432481e-01 -2.793547880519073434e+00
1.607222820947083353e+00 -9.122926630831844630e-01 -2.901767895405191311e+00
1.618519604941983658e+00 -9.406853061076502209e-01 -2.710504238950451228e+00
1.611954669234935578e+00 -9.238269718537774899e-01 -2.823145921939437919e+00
1.317260413458936075e+00 -1.338446850643487229e+00 -2.605616771583452174e+00
1.849743463500881369e+00 4.227080305473250865e-01 -3.354074145541787177e-01
1.862922155619494813e+00 4.024536528629173437e-01 -3.572615858022497592e-01
1.840056725785066405e+00 4.321184766916865705e-01 -4.592669637550776396e-01
1.878090562369459038e+00 3.738604686636110563e-01 -6.142871085812846577e-01
3.840219837475438713e-01 4.234042458961085886e-01 -6.992714536564742289e+00
3.169583341425948886e-01 4.269180171981845073e-01 -7.050527571989753106e+00
2.370270947354651825e-01 4.133429005172542525e-01 -7.105325760639441768e+00
1.480771751987292884e-01 4.001754800100928988e-01 -7.160715912892467117e+00
3.657874513347146306e-01 4.255971238573398319e-01 -7.007949559033613163e+00
2.854328688961164096e-01 4.213338843820225721e-01 -7.072803454517086585e+00
1.953825545316615619e-01 4.068850754867614494e-01 -7.132103283764200441e+00
1.286806902031344957e-01 3.778981505682409980e-01 -7.228738927124731539e+00
2.112546986477236571e-02 5.482265880731090890e-01 -6.754980501564445738e+00
-8.159260275430629816e-02 5.300633046142815274e-01 -6.794114127954057558e+00
-2.057318587949284461e-01 4.559732939007057340e-01 -7.000530025674702728e+00
-2.610463323836220151e-01 4.460796562534680154e-01 -6.985828306703620427e+00
1.232836939625270647e-02 5.558176603914848357e-01 -6.721582542132227722e+00
-9.907478427256724562e-02 5.535751155859552908e-01 -6.696055360188088557e+00
8.148675069587042463e-01 2.111422816028468707e-01 -6.790070482165974752e+00
8.851463134829011814e-01 -1.542923640499847468e-02 -6.927130849238792187e+00
9.391348769204795888e-01 -2.181237111119534514e-02 -6.805875683391683140e+00
1.085722217294057712e+00 3.670412557031704076e-02 -6.458583143980378694e+00
1.070610934055558738e+00 1.108181132057569837e-02 -6.513600432632741466e+00
1.047542792479484008e+00 -5.597872268388972769e-03 -6.576772504992097090e+00
1.011636929680110653e+00 -1.258316085473047165e-02 -6.651854347730271400e+00
1.096747358802931060e+00 2.760767687973310347e-02 -6.437080813321878203e+00
-2.161912230608828978e-01 5.368206681946462444e-01 -6.725106826859126308e+00
-2.385070418025790340e-01 5.401097859226900999e-01 -6.705128674320893545e+00
-2.297493055842173559e-01 5.387516310751664372e-01 -6.713234142605953636e+00
-2.451219200498001016e-01 5.410503238280713889e-01 -6.699342241435719991e+00
-2.572524246297823725e-01 5.428596195012355130e-01 -6.688398268389365242e+00
-5.723544449980184634e-01 2.654146451417923602e-01 -7.092544804328777097e+00
-5.201512157650252099e-01 2.363069222639334610e-01 -7.194572369376010634e+00
-4.661923098472972038e-01 2.091824289641208146e-01 -7.296436257255533242e+00
-4.078101706197715948e-01 1.801832901722443259e-01 -7.385699681875035338e+00
-5.930272307426641687e-01 2.434417601266362363e-01 -7.092255010367714441e+00
-6.769620169246700625e-01 -3.157848433836656088e-02 -7.245977768627123616e+00
-4.518346285724597622e-01 3.713635740729389623e-01 -7.051241718817930604e+00
-3.670341717849425756e-01 3.661234412417112005e-01 -7.131677271634622173e+00
-3.075271378282303791e-01 3.473988738490574879e-01 -7.230935940257555927e+00
-2.298047414585796255e-01 3.274905303876126106e-01 -7.304181834233395954e+00
-4.355852718325050055e-01 3.843403438764353419e-01 -7.026874675596322284e+00
8.262673578982067113e-01 -1.203501630732532801e+00 -5.244595691438668439e+00
8.124810764969078170e-01 -1.197329462831196123e+00 -5.311498034107773769e+00
7.980763405863441351e-01 -1.190633543940573080e+00 -5.382429259223228790e+00
7.826299100308661272e-01 -1.179999470103243464e+00 -5.458778048010894501e+00
8.213695272830179306e-01 -1.201215813625812645e+00 -5.268751283221656756e+00
8.001572075147130869e-01 -1.191637435642281195e+00 -5.372030305614076795e+00
7.827048288523857922e-01 -1.179092283731268953e+00 -5.461553214728082750e+00
7.586606812704240754e-01 -1.161797857082494945e+00 -5.553716167153828209e+00
7.657781306487483342e-01 -1.365795935531896488e+00 -4.784003402220620593e+00
6.688858926225621504e-01 -1.423314171869177303e+00 -4.744136458406839729e+00
5.757239902886236438e-01 -1.473680971360511904e+00 -4.703869554999521085e+00
4.792615993938397212e-01 -1.512718123928409986e+00 -4.696600032408090541e+00
7.571091926584244680e-01 -1.362688368945375927e+00 -4.817651187981186744e+00
6.659515207192741038e-01 -1.403817253077741745e+00 -4.845187092355988767e+00
5.797769894112880795e-01 -1.425199176966080561e+00 -4.901213938041591334e+00
4.858892956068265878e-01 -1.439817707778200839e+00 -4.968448817617730384e+00
6.329604360286630316e-01 -1.489895998224980644e+00 -4.494220920045489898e+00
5.489914013170018592e-01 -1.512626589298434965e+00 -4.570309708804251692e+00
6.635500561427840616e-01 -1.471631308269448102e+00 -4.517781133879934963e+00
9.276820384376484041e-01 -1.527097289107840483e+00 -3.421159923673293690e+00
9.144714914969933606e-01 -1.554056858560912691e+00 -3.277899601122446160e+00
8.501642701240559319e-01 -1.606409544921393318e+00 -3.218533954398092423e+00
7.885867347782726799e-01 -1.638387796623996806e+00 -3.164897816961929955e+00
9.027501384949266905e-01 -1.542087133259786302e+00 -3.441069278647386209e+00
8.962117173003881776e-01 -1.568597731666794282e+00 -3.263667200575760319e+00
8.224813416070371197e-01 -1.622441958843367615e+00 -3.192718959737194773e+00
7.391444910227179532e-01 -1.661843940339434056e+00 -3.123053042216460629e+00
1.236452150679806516e+00 -1.305034095625025925e+00 -3.347427287037560095e+00
1.271843612270087354e+00 -1.289180889676421859e+00 -3.234665000138627455e+00
1.255867014381348623e+00 -1.280112643352501633e+00 -3.363377407528882479e+00
1.324243148975756013e+00 -1.219123994816291745e+00 -3.288577505367062503e+00
9.591481628077788146e-01 -3.530364549064051172e-01 -6.600574808906567448e+00
9.086157129881935468e-01 -4.551864042826376799e-01 -6.654225915823432480e+00
8.554581033954715696e-01 -4.953854108218847530e-01 -6.699677015629266208e+00
8.185437224920426580e-01 -5.059948317446030241e-01 -6.748129187234271242e+00
9.518825737605924875e-01 -3.332099718610808115e-01 -6.624672157356942037e+00
8.925274697884607589e-01 -3.988231634415675964e-01 -6.721152646279875853e+00
8.280655283908877617e-01 -4.259436195760396560e-01 -6.822718239682384223e+00
7.425514301970027597e-01 -4.601262947058826769e-01 -6.929054583355066299e+00
9.907612889242906062e-01 -7.367576921948116864e-01 -6.041259003829716256e+00
9.110494328114541185e-01 -8.166151407705392051e-01 -6.050896662166803885e+00
8.305652689054328075e-01 -8.899434354453942264e-01 -6.079176562482961010e+00
7.464784879108556925e-01 -9.519045776730684638e-01 -6.117201459717157341e+00
9.998134300375624006e-01 -7.403058376513147465e-01 -6.008118564259084415e+00
9.470460965430679279e-01 -8.202303728147083417e-01 -5.951290376856477771e+00
9.199328791713079490e-01 -8.916840211636335445e-01 -5.871994818276403905e+00
8.767354998281923217e-01 -9.721830811443911147e-01 -5.806286516556313337e+00
1.080349663860577625e+00 -3.633957021160080791e-01 -6.343202481635548118e+00
1.050717283971394522e+00 -3.487710297495926204e-01 -6.411585037552026023e+00
9.857655752704238550e-01 -4.310892552408799872e-01 -6.496264457423781558e+00
1.070044362163258711e+00 -3.593011591848772057e-01 -6.366536459320953689e+00
1.033038630800270141e+00 -3.409227501337795396e-01 -6.451986256220042293e+00
8.270338238233956307e-01 -1.050742115768134255e+00 -5.714032521938585241e+00
7.353471111461155063e-01 -1.111505481814577312e+00 -5.749896807048700431e+00
6.355379489055710263e-01 -1.147312892142696272e+00 -5.789571199155865600e+00
5.421667900440932941e-01 -1.166076898645984183e+00 -5.845578051764070082e+00
-5.301393253264992111e-01 -1.472963087454658648e+00 -4.780493582429439670e+00
-4.566734266698883049e-01 -1.487006847624560590e+00 -4.852088772016337259e+00
-3.748315311496298596e-01 -1.486916344791343381e+00 -4.924044044053311531e+00
-2.890476668786680636e-01 -1.487159883442589203e+00 -4.997858742763561679e+00
-5.180177739172788787e-01 -1.476141498872218127e+00 -4.792043262329594100e+00
-4.368313688404003026e-01 -1.486861763935268144e+00 -4.870118418829202156e+00
-3.499611833052574950e-01 -1.486880803185223643e+00 -4.945948178453075883e+00
-1.022491815677613880e-01 -1.503421813329762768e+00 -5.059193200524869205e+00
-1.349377410386152776e-01 -1.846412465893826127e+00 -2.916430791737685269e+00
-1.343638189567699648e-01 -1.846161670473399408e+00 -2.920176571421022160e+00
-1.313527111449341034e-01 -1.844860240265888018e+00 -2.939631731031551176e+00
-1.215591743204725433e-01 -1.839791061205182654e+00 -2.987530290952940870e+00
-1.413341295753771931e-01 -1.849153627119999976e+00 -2.875424152764169072e+00
-1.516978512359047071e-01 -1.853580651587120265e+00 -2.809179891362446391e+00
-1.007944803506965054e-01 -1.863010800078627183e+00 -2.706929215000841715e+00
-4.394866853807601059e-02 -1.873014195388400971e+00 -2.604304700833561359e+00
-7.663282641773030424e-01 -1.739882438729750680e+00 -2.286907109319275655e+00
-6.847241740983707192e-01 -1.785786111096004047e+00 -2.217420699007520035e+00
-5.840723488937734631e-01 -1.813485200912489104e+00 -2.178671894932295849e+00
-4.735955457027987148e-01 -1.842035923212570259e+00 -2.173448083139126297e+00
-7.881513737376779627e-01 -1.731639426585247055e+00 -2.261506286744979555e+00
-7.538538368702552006e-01 -1.761271456953326542e+00 -2.150584195833417755e+00
-8.012315812932068182e-01 -1.770880645721042423e+00 -1.660054442911848449e+00
-7.662656178486796366e-01 -1.790872707247151308e+00 -1.546023993818617548e+00
-7.334521226882849687e-01 -1.814036178512389075e+00 -1.431134154479751563e+00
-7.020205599187168133e-01 -1.837209494993512049e+00 -1.316789469066957707e+00
-7.721048270895528587e-01 -1.783620880026671074e+00 -1.675707059021467549e+00
-6.885552852964721415e-01 -1.824452776026733059e+00 -1.599404059617112628e+00
-5.911280328346689705e-01 -1.864685925864982163e+00 -1.548262146668251127e+00
-4.824874668570159897e-01 -1.893358390393021784e+00 -1.513768581345410258e+00
-5.236645138645888986e-01 -1.842204704909195412e+00 -1.962385262929615015e+00
-4.131522938009304924e-01 -1.873730551000962086e+00 -1.936601078991492697e+00
-3.000570570773516965e-01 -1.905936965954661444e+00 -1.910923327536078409e+00
-1.936175697887260183e-01 -1.927025957443734727e+00 -1.865814561267029159e+00
-5.205201178028284748e-01 -1.840299645741288570e+00 -1.996950120212936053e+00
-4.143120201394001056e-01 -1.865384383636802701e+00 -2.037843432025703283e+00
-3.208446009211847749e-01 -1.884935898536354681e+00 -2.105627719373189599e+00
-2.149201501297662298e-01 -1.908761108540987461e+00 -2.150971945881979153e+00
-1.189331222770432683e+00 -1.544218588421843119e+00 -1.497947978551429360e+00
-1.140519063108916153e+00 -1.597685610468064121e+00 -1.368831851458371496e+00
-1.163283935081001808e+00 -1.592529358869051004e+00 -1.259523587370314335e+00
-1.162163283477752662e+00 -1.564432218544788311e+00 -1.507892961711077451e+00
-1.129359075416556335e+00 -1.600274788852643182e+00 -1.421891309792086000e+00
-1.138925057466588342e+00 -1.598131476088576086e+00 -1.375758667880426112e+00
-1.143791109638616188e+00 -1.597026040144155168e+00 -1.352421789942125141e+00
-9.360958148303500925e-01 -1.711425651735187348e+00 -1.600711617007644305e+00
-9.553363692945745500e-01 -1.704007420250299054e+00 -1.571632363031715718e+00
-9.068470556374772507e-01 -1.733859633680545853e+00 -1.468641120518697329e+00
-8.608157003092862247e-01 -1.762976440579873350e+00 -1.361188220270278970e+00
-8.457453872189262256e-01 -1.776812339215821268e+00 -1.243170924980007586e+00
-1.825144012021547413e+00 -1.216837635622755598e-01 -3.031931651200827638e+00
-9.628290889942020536e-01 -6.133313874398297338e-01 -6.331179450909618645e+00
-9.103442075299139624e-01 -6.257379901937910605e-01 -6.437431100940632867e+00
-8.528479651710393350e-01 -6.325702901325880312e-01 -6.541013983455409075e+00
-8.190354015170521196e-01 -6.092129318540558947e-01 -6.635103290652947017e+00
-9.487160402586443109e-01 -6.418721183307195544e-01 -6.314957906461198256e+00
-8.753963746204799223e-01 -7.047845956420443203e-01 -6.383666153013723310e+00
-7.876951125174703749e-01 -7.747217437916492644e-01 -6.421771177011718734e+00
-7.056153276606040858e-01 -8.433459536414873448e-01 -6.446982514618743387e+00
-1.047987922217199719e+00 -4.170770442178760584e-01 -6.372809505357444948e+00
-1.032179225139996603e+00 -3.469297352466726991e-01 -6.463660695620493613e+00
-1.013985421767607420e+00 -2.756554011859089215e-01 -6.556696434776783988e+00
-9.790866740359833731e-01 -2.162315510315023226e-01 -6.653780976150341253e+00
-1.031693909396984576e+00 -4.364910863626029758e-01 -6.386688534840187614e+00
-9.969309904847908355e-01 -4.093066080836429976e-01 -6.497012137423614497e+00
-9.541010386548613997e-01 -3.990315143873781611e-01 -6.602363852277995271e+00
-7.981885080349193640e-01 -5.587649415772747430e-01 -6.749613304938390179e+00
-1.108231448222182447e+00 -9.874484652686810193e-01 -5.154246299344406701e+00
-1.151469601482969507e+00 -9.020019883553560547e-01 -5.224195206745094744e+00
-1.194501955152664996e+00 -8.164477827076822569e-01 -5.294582341133041936e+00
-1.236364797146488836e+00 -7.303608795753836480e-01 -5.365375185854039941e+00
-1.087168358862065753e+00 -1.002352153435823956e+00 -5.178326490264599791e+00
-1.089519919199753550e+00 -9.548175193036363417e-01 -5.286687931452915379e+00
-1.070800012692129544e+00 -9.285546146656006306e-01 -5.400441508420337655e+00
-1.043809705517493303e+00 -9.162444698715790370e-01 -5.516021083027465188e+00
-8.325073160906705239e-01 -1.208758050439709519e+00 -5.203705110547000245e+00
-8.298235839550397452e-01 -1.176249545286170095e+00 -5.315841645906749235e+00
-8.302899251621624899e-01 -1.140321346816310477e+00 -5.429360361540772395e+00
-7.948697878491391977e-01 -1.130877922230439481e+00 -5.541310451421605165e+00
-8.049587127889684668e-01 -1.228637994646997855e+00 -5.204438947329545151e+00
-7.523500728472513055e-01 -1.234552949030393032e+00 -5.308861323077604943e+00
-6.828416960360605970e-01 -1.254108553852561592e+00 -5.398075226519206460e+00
-5.969659631750197093e-01 -1.265609747292892662e+00 -5.474700523430087173e+00
-1.279562077680447496e+00 -1.521739840064672000e+00 -7.177120471268302326e-01
-1.213967922482844575e+00 -1.575260090413934666e+00 -6.353934915089503033e-01
-1.145378199342232950e+00 -1.625952871695958590e+00 -5.528117196120614363e-01
-1.074213446131148553e+00 -1.678032932886598161e+00 -4.702471473948443004e-01
-1.305615444841576878e+00 -1.503067753228451098e+00 -6.940620953106821922e-01
-1.288280262544842403e+00 -1.521515100526930953e+00 -5.785353043562120323e-01
-1.293118799802590591e+00 -1.519687630025542857e+00 -4.600503642683222982e-01
-1.306874113461827802e+00 -1.508696961468855680e+00 -3.422087318447976645e-01
-1.188483985374916951e+00 -1.579044150009559333e+00 -1.114751210157304051e+00
-1.193756298329521792e+00 -1.575754779155579932e+00 -1.083017564376952624e+00
-1.187978749151961999e+00 -1.579358823209317420e+00 -1.117815536107971353e+00
9.122263124033700224e-03 -1.996332962288566826e+00 -7.244078385983737656e-02
-1.059970564886063976e-01 -1.988402605619380870e+00 -5.718473835426636509e-02
-2.204638247503584170e-01 -1.973685709224371587e+00 -4.219472713303637490e-02
-3.365540563689004006e-01 -1.958756729867577651e+00 -2.687460193541632222e-02
1.003142271627669758e-02 -1.994628563883319661e+00 -1.078872524291321633e-01
-9.393233790023119978e-02 -1.992845305868603534e+00 -1.600255444285083317e-01
-1.563243795912036271e-01 -1.987494674769800573e+00 -2.453944522874829670e-01
-1.907060381163397655e-01 -1.986153872631926998e+00 -3.487389782108362146e-01
-2.630254961361510602e-01 -1.972891761383531950e+00 -5.684868389477756301e-01
-3.693897019388153735e-01 -1.953642056108646718e+00 -6.051401471773025786e-01
-4.704673026806517888e-01 -1.932047248653272042e+00 -6.581673628958756295e-01
-5.639877539404621887e-01 -1.901358532068643470e+00 -7.195830317064332293e-01
-2.533307396480583562e-01 -1.975473393638340847e+00 -5.386402204648231828e-01
-2.543020980740490766e-01 -1.975511806470564125e+00 -5.359158907568392083e-01
-2.432336673697035323e-01 -1.978445400869362159e+00 -5.021063849142189950e-01
1.030027501587345157e-01 -1.979157194596362190e+00 -9.586768689945001087e-01
8.491729944395727536e-02 -1.972640934334902507e+00 -1.075847500523874789e+00
6.705466574074650521e-02 -1.968013781924767835e+00 -1.193782577868455430e+00
5.146321463690933101e-02 -1.964472668961287694e+00 -1.312348522010363228e+00
6.379433750004183390e-02 -1.980407312042346879e+00 -9.481205789435417364e-01
-1.498239293744382979e-02 -1.973569215657441367e+00 -1.035941114233666527e+00
-1.158758963254164220e-01 -1.967921947754410095e+00 -1.099400243062250704e+00
-2.187926080464381862e-01 -1.963203812595058606e+00 -1.152991816529567837e+00
4.016287601696715837e-01 -1.825386255065508223e+00 -2.557714566480157270e+00
3.180142933084414980e-01 -1.831678254446219789e+00 -2.646584166119039683e+00
2.347653601485702735e-01 -1.845261067630117324e+00 -2.738899604586911618e+00
1.888109578011876177e-01 -1.842171001105814332e+00 -2.845012765986265624e+00
4.474856882821172666e-01 -1.812396992824849784e+00 -2.580984161778800523e+00
4.422669463683876478e-01 -1.799015489299836013e+00 -2.702217085407756958e+00
4.668204016974628057e-01 -1.787236034173772969e+00 -2.820550739891685588e+00
4.664058975418783337e-01 -1.780831687171841926e+00 -2.946983309372482207e+00
1.760487405721501419e-01 -1.890856159553692128e+00 -2.200592908853080232e+00
4.750132700177162048e-02 -1.896719290306003280e+00 -2.180928288287478978e+00
-7.411084429483714986e-02 -1.901250762872025879e+00 -2.190419362292570948e+00
1.744634758143976672e-01 -1.889686410108156300e+00 -2.234718522510173333e+00
5.637805942393663006e-02 -1.892716469308147742e+00 -2.281842795835337334e+00
-3.875925056877534830e-02 -1.893925813769377076e+00 -2.353895463108922392e+00
-1.232111224384956349e-01 -1.885287700003295708e+00 -2.440642998535345942e+00
1.720664893747680599e-02 -1.922191581592211707e+00 -1.980806204817489924e+00
-8.837990275046911370e-02 -1.928371689685368651e+00 -1.934019904118874589e+00
7.625904671557729754e-03 -1.918242285600660679e+00 -2.013895306951253961e+00
-1.077811611601728198e-01 -1.920214510693175392e+00 -2.032442551497261718e+00
2.456930785018496960e-02 -1.945096750380737927e+00 -1.742743002269297570e+00
-6.817517300717644557e-02 -1.944062686985679633e+00 -1.671150870769170238e+00
-1.541198623993576544e-01 -1.943996468595732274e+00 -1.588343020480291301e+00
-2.186746665981878779e-01 -1.946324247065631674e+00 -1.489475830946998203e+00
4.917090887544227351e-02 -1.947362180705959123e+00 -1.717856173485190041e+00
8.689049767219295811e-03 -1.950474524284062205e+00 -1.608075728967135687e+00
-4.446813611155182866e-04 -1.955507248708163504e+00 -1.491559028422493771e+00
5.014223472560982442e-01 -1.750457032670774682e+00 -3.077556670950423623e+00
4.170360941913015540e-01 -1.770884811574858775e+00 -3.175732395677275388e+00
3.654606617196163310e-01 -1.769809550246873586e+00 -3.273665390597374270e+00
3.792908359388507678e-01 -1.739295841887677385e+00 -3.463669251676123828e+00
5.187261978411503716e-01 -1.740613821521564297e+00 -3.102729161780941602e+00
4.517280859463710940e-01 -1.755056431694282715e+00 -3.221579737184960823e+00
4.420511610272319092e-01 -1.742284512077930225e+00 -3.341986356739967245e+00
4.527746815216062704e-01 -1.722573532562278853e+00 -3.461846344769345052e+00
1.652136867618615002e+00 -7.912125874967012029e-01 -3.081041700741567801e+00
1.635044716117326713e+00 -7.948345609913436416e-01 -3.198251251634989689e+00
1.611863698535273004e+00 -7.970029528384422468e-01 -3.314968152608351648e+00
1.606569021412266318e+00 -7.652394191009367352e-01 -3.429656099485702381e+00
1.652562744060908750e+00 -7.909721147111835604e-01 -3.077050519349115554e+00
1.637134506110372145e+00 -7.943414252089947558e-01 -3.188541364271648693e+00
1.616970460977595447e+00 -7.952153005589288615e-01 -3.292830162314598574e+00
1.627602270356888869e+00 -7.385108773160531381e-01 -3.391322229848844572e+00
5.478155619617797872e-02 3.514673506257476321e-01 -7.319416024046950575e+00
-1.683748914927233470e-02 3.090001645619944171e-01 -7.401103925580702736e+00
-6.799211267031304851e-02 2.412042981152247578e-01 -7.461780041164403521e+00
-8.423200518533115189e-02 1.748991623451697230e-01 -7.528781875371844734e+00
8.575791205934817085e-02 3.438913877406836184e-01 -7.335186270154006039e+00
7.639236606884451664e-02 2.952504191166675507e-01 -7.437608171520297518e+00
9.581200665661381011e-02 2.164902312950991170e-01 -7.502646654079641486e+00
-2.725124907005749830e-01 4.440510252595396556e-01 -6.982716520692722639e+00
-3.129387420044250079e-01 4.366385228050376766e-01 -6.972497503996429202e+00
-2.926626236640178513e-01 4.403738589315130958e-01 -6.977572236124008676e+00
-3.245725819017881708e-01 4.345446630001754684e-01 -6.969443035028370481e+00
-3.535061972729127144e-01 1.393547153813363415e-01 -7.465914615180439640e+00
-3.315438268809168254e-01 1.639024901509442134e-01 -7.463990680922536924e+00
-2.492312047565119482e-01 1.900968469544535994e-02 -7.655050678486518656e+00
-1.535445703296918207e-01 3.074149647914025119e-01 -7.368457419139780029e+00
-1.415485572040759421e-01 3.210652106327079314e-01 -7.341628233563718631e+00
3.783288597259141239e-01 -1.529893507328975444e+00 -4.727791516925536008e+00
2.724219997158693896e-01 -1.548254728034209160e+00 -4.756499315507666914e+00
1.655901427700164352e-01 -1.554881920348361257e+00 -4.782335932501148967e+00
-7.811903547741279319e-02 -1.562636704068442128e+00 -4.800470145809039302e+00
3.774316160155047895e-01 -1.536402983723719862e+00 -4.694437306111422181e+00
2.060062232053437858e-01 -1.578176667181211634e+00 -4.666820546106740686e+00
1.983656609368177337e-01 -1.593746356299488909e+00 -4.599746576370858264e+00
3.982827152439945562e-01 -1.452464008254535477e+00 -5.041289603023617616e+00
3.154759756123262093e-01 -1.462843958879678219e+00 -5.113482167129435041e+00
2.296092836594904318e-01 -1.457472844134496848e+00 -5.183481622210369899e+00
1.390948932484200040e-01 -1.452045962598574880e+00 -5.256413217032538832e+00
4.194006261732459162e-01 -1.440273159255580193e+00 -5.063956776149832528e+00
3.829904892859230525e-01 -1.429037062104386857e+00 -5.172291433761151858e+00
3.708500910788149474e-01 -1.406639791523381922e+00 -5.285907133129757796e+00
3.827624988333723777e-01 -1.374116926933076410e+00 -5.397500818451447913e+00
6.985450655506442175e-01 -4.317895769324494593e-01 -7.036125997834241197e+00
6.525379601935378249e-01 -4.049570810202900994e-01 -7.139599692408948428e+00
5.889475415776923573e-01 -3.666346450754735531e-01 -7.228871709984050042e+00
5.235443255126174256e-01 -2.855569483553379584e-01 -7.339006380133199059e+00
6.990620942844374408e-01 -4.335170809094802125e-01 -7.033061178321801776e+00
6.571065703876695085e-01 -4.073247120002909116e-01 -7.133355548775915267e+00
5.998537322915988845e-01 -3.744364886828707162e-01 -7.213020474441472984e+00
5.506556803865089167e-01 -3.447224210896978058e-01 -7.282116259995942364e+00
6.484282109413785911e-01 -1.004226405189789340e+00 -6.174917533557698235e+00
5.509977669183396820e-01 -1.042734612308617193e+00 -6.229617081447338833e+00
4.644505343733490998e-01 -1.057027947110999788e+00 -6.279586002036747772e+00
3.980345725783848154e-01 -1.060852949479463181e+00 -6.332239084777316229e+00
6.453305076311174338e-01 -1.021051022361025629e+00 -6.145382698860520243e+00
5.452227396410778137e-01 -1.072098165322366459e+00 -6.136248456712380062e+00
4.728245215855072514e-01 -1.111495099067455472e+00 -6.100124482733508380e+00
3.619399820012782487e-01 -1.168907873062923430e+00 -6.054899101428675934e+00
3.866613377554418696e-01 -1.207198147335513561e+00 -5.911138676996564811e+00
2.756092751150153175e-01 -1.245191112749464146e+00 -5.933734285656820262e+00
1.899407111515561131e-01 -1.266174492536012108e+00 -5.919152639296243024e+00
1.054693005509225456e-01 -1.283023760396549084e+00 -5.884937875208385627e+00
3.987504035656262991e-01 -1.192604697385048151e+00 -5.938043218096308529e+00
-7.733719192339770857e-03 -1.493750975267648551e+00 -5.126030150391778228e+00
-3.085027983422246670e-02 -1.487342363652166988e+00 -5.151035171894357667e+00
1.302083891613727527e-02 -1.464694922863204241e+00 -5.258546239147180223e+00
2.404766248318827848e-02 -1.436898553276414692e+00 -5.373568257225685763e+00
1.540532965573381680e-02 -1.407105103313919692e+00 -5.488476573135549152e+00
-1.127922800565803879e-01 -1.832377375754652649e+00 -3.044564205451435246e+00
-1.007903332423690790e-01 -1.822145596477410034e+00 -3.123205713157468200e+00
-1.342624895880650641e-02 -1.817296701553358096e+00 -3.205681744369066166e+00
5.909231802954204721e-02 -1.804964889667076466e+00 -3.296223222112989681e+00
-1.086663088412440914e-01 -1.828792828778170287e+00 -3.072056734630575825e+00
-2.669157315978441108e-02 -1.821605822158930410e+00 -3.159235106290656070e+00
6.013442982724364477e-02 -1.809972387693319584e+00 -3.233191460438688658e+00
1.466826328255042555e-01 -1.798186121833314166e+00 -3.280360369602622672e+00
-8.919198790665433876e-03 -1.884818618460972539e+00 -2.493002138991337713e+00
2.326628464475231223e-02 -1.884628102770564473e+00 -2.508369532841230765e+00
1.157439584540578825e-01 -1.884858587834109311e+00 -2.433431350762522261e+00
2.105383737297732982e-01 -1.883711819022754197e+00 -2.360027491877727090e+00
-6.568466990639528769e-01 -1.853634361311933043e+00 -1.210736975756832035e+00
-6.170149103566101578e-01 -1.866142885557097397e+00 -1.102079442780110607e+00
-5.851113221729006275e-01 -1.883640934460058425e+00 -9.934554701956148648e-01
-5.242714782704782639e-01 -1.908312499161766373e+00 -8.921604643382406996e-01
-6.884207622308571306e-01 -1.845299320534128817e+00 -1.199437423503794342e+00
-7.060843560907968941e-01 -1.843997285788365970e+00 -1.080306350658778669e+00
-7.490278303532863502e-01 -1.834448907734806733e+00 -9.690404908100556103e-01
-8.121760012176941768e-01 -1.810140103724765526e+00 -8.692265410873670772e-01
-3.641158747432400311e-01 -1.919647225852112005e+00 -1.511033514207310358e+00
-3.701703022301420232e-01 -1.919887604750280419e+00 -1.476253311443343597e+00
-1.099423267873142068e-01 -1.935476648987054071e+00 -1.797407032730513610e+00
-8.717438877722565316e-01 -1.764865672229127380e+00 -1.127284495690387800e+00
-9.003026039581580875e-01 -1.757120939299354090e+00 -1.011435210289046482e+00
-1.083436684696616137e+00 -1.665143127634191256e+00 -8.601259673455423638e-01
-1.059668711309682987e+00 -1.683660494640538463e+00 -7.689088417257213814e-01
-8.411925270741987815e-01 -1.782194458483880473e+00 -1.123817497905744700e+00
-6.906019276338879465e-01 -8.372894068323536443e-01 -6.487284609247358169e+00
-7.021252884613892187e-01 -8.420674989943414124e-01 -6.456033639532412494e+00
-6.890922740362135368e-01 -8.368249536503900021e-01 -6.490982542058145732e+00
-6.719727518042545311e-01 -8.299164940069730934e-01 -6.536943929459419600e+00
-9.331348814458165775e-01 -1.927506087816868163e-01 -6.754795533496378290e+00
-8.874818636999513011e-01 -1.254839115806589134e-01 -6.864649469007553684e+00
-8.393589068448034096e-01 -7.046555019183622925e-02 -6.971314479420548160e+00
-7.929898024364010478e-01 -1.782368672411673710e-02 -7.072235685847702236e+00
-9.519948348235047764e-01 -1.103591446902552620e-01 -6.750005607244355943e+00
-9.285690045386895131e-01 -1.614738871513534194e-02 -6.834140050386110055e+00
-8.928922656586972817e-01 1.665963978256427419e-02 -6.892061336571854824e+00
-8.743205080954519204e-01 2.122797245495587626e-02 -6.925483054145217032e+00
-7.743226442362650674e-01 -5.216144890331950723e-01 -6.825213072927787117e+00
-7.424414469620954637e-01 -4.711211893785979821e-01 -6.903409712436809897e+00
-6.695430434379520124e-01 -4.891961468574837490e-01 -7.008568028753769497e+00
-6.042139569633916407e-01 -4.876659513477355490e-01 -7.112584670398788056e+00
-7.684720497144167384e-01 -5.144428069160768002e-01 -6.838408013817170783e+00
-7.335264000659732497e-01 -4.586082677029107990e-01 -6.924390002372504682e+00
-6.630533622365318847e-01 -4.696944964881935580e-01 -7.029572325300837754e+00
-6.022690303382491894e-01 -4.569900563783026448e-01 -7.132574211561165889e+00
-1.268155392436483897e+00 -6.354921076395220192e-01 -5.420195358923703743e+00
-1.295081490009439396e+00 -5.360927837586834110e-01 -5.473455381252014362e+00
-1.255239978818071478e+00 -6.509675350239421121e-01 -5.446368271553579277e+00
-1.254918058523373681e+00 -5.906701301938935833e-01 -5.544482108917254237e+00
-9.994376299431588784e-01 -9.316392727807012442e-01 -5.625805444113002096e+00
-9.492346249208498676e-01 -9.390917025653882089e-01 -5.732743067384897806e+00
-8.970553378056633775e-01 -9.412007495919347821e-01 -5.839006870428386620e+00
-8.476178224928992977e-01 -9.420131025850334572e-01 -5.945907203900935301e+00
-1.019160765947461300e+00 -9.025161714875443719e-01 -5.632081471946411177e+00
-1.014479277540951463e+00 -8.632247997372404225e-01 -5.744803825622934568e+00
-1.023110081940383775e+00 -7.994676027389747697e-01 -5.844995833926522444e+00
-1.043760742681091758e+00 -7.190311733940134564e-01 -5.930031802308164401e+00
-7.255421685696813450e-01 -1.150932737277066131e+00 -5.637508224653234201e+00
-6.576191128631239113e-01 -1.168905891725601887e+00 -5.734011417332708582e+00
-5.875556123980588685e-01 -1.167031170692716335e+00 -5.826444466947408252e+00
-5.277045191419496017e-01 -1.160236972941027123e+00 -5.920251203865064760e+00
-7.485944496669263426e-01 -1.130061981668359472e+00 -5.650820697426684802e+00
-7.248934779506281956e-01 -1.106664863963782830e+00 -5.763622593986295506e+00
-7.251697650694671760e-01 -1.066778607329233131e+00 -5.872537936078474630e+00
-5.070764966599744517e-01 -1.280932408354641172e+00 -5.543287517676357190e+00
-4.159436111787819801e-01 -1.294879390191308266e+00 -5.611917706442115517e+00
-3.869869829114234716e-01 -1.268237889945184493e+00 -5.736496423313613313e+00
-3.207239957163105504e-01 -1.268281759676084919e+00 -5.817829539617143553e+00
-4.936165874938333031e-01 -1.294362759440127242e+00 -5.514154566194910068e+00
-3.861433224596055314e-01 -1.332684932722221882e+00 -5.522305190781458428e+00
-2.799078729026193146e-01 -1.374158903843234247e+00 -5.499750673456721195e+00
-1.727755134189034036e-01 -1.396403894614338670e+00 -5.459336602161600993e+00
-9.925903249870343670e-01 -1.729378463431655799e+00 -4.010425864361789605e-01
-9.118039026716653339e-01 -1.768688785094945093e+00 -3.305382497257746688e-01
-8.254136246602534754e-01 -1.810606651789437915e+00 -2.596479327786420099e-01
-7.388986394733578766e-01 -1.848697264043397626e+00 -1.891409006693802741e-01
-1.014115138760669721e+00 -1.720078406640484392e+00 -3.754930992799622169e-01
-9.756300373503339340e-01 -1.740838879085567781e+00 -2.650909936639936904e-01
-9.639612840864931753e-01 -1.749350710520230390e+00 -1.478736745304772837e-01
-9.711940510062395671e-01 -1.745896443217881178e+00 -3.090563862638113710e-02
-1.318858456355817665e+00 -1.498989767694322461e+00 -2.240056594087208031e-01
-1.330840717378175997e+00 -1.489281480924233847e+00 -1.054949519774840277e-01
-1.343212322350548549e+00 -1.476291144793929089e+00 -2.339808468488830673e-01
-1.398002350272998351e+00 -1.423224552322419623e+00 -1.426111283131327734e-01
-1.459189988561356843e+00 -1.349903478150888292e+00 -7.374277935875950263e-02
-4.528613865061978938e-01 -1.944327843967131875e+00 -3.001658569242741589e-02
-5.630611031554405566e-01 -1.911953089705572095e+00 -3.485664680932219761e-02
-6.710957717284430357e-01 -1.869913069035850528e+00 -3.988604020673991446e-02
-7.720237004816445925e-01 -1.829370281134830023e+00 -8.735923319908784832e-03
-6.680381276880588137e-01 -1.865983310407874907e+00 -7.701316102860801260e-01
-6.490782432614483621e-01 -1.871242311742702613e+00 -7.984187328743864720e-01
-3.152007269257711686e-01 -1.943869750645575101e+00 -1.209810308966930092e+00
-4.118159095653634583e-01 -1.918329837233041957e+00 -1.268366768572541270e+00
-5.223459690655022358e-01 -1.889128811390001106e+00 -1.289574331000197471e+00
-3.252066446856592408e-01 -1.941239544427073138e+00 -1.176504186800861884e+00
-4.315739285859453989e-01 -1.913149390149452067e+00 -1.167425004273742628e+00
1.784948446608008166e-01 -1.826944933882022282e+00 -2.955806880780567969e+00
1.746109268058020914e-01 -1.813841200564759726e+00 -3.064055326754256292e+00
2.111118448532736114e-01 -1.824698943257398787e+00 -2.959228934131024058e+00
2.632286015073311836e-01 -1.807283878555314027e+00 -3.065735176929629269e+00
-2.352400997342712630e-01 -1.876641716710241603e+00 -2.486374760612125367e+00
-3.343653580286067295e-01 -1.852873255570987476e+00 -2.533012513902178409e+00
-4.177468058932286010e-01 -1.829124322447437612e+00 -2.583703473296867337e+00
-5.277475907689982426e-01 -1.801413540382528655e+00 -2.600494137341444301e+00
-2.177084430155452610e-01 -1.874703855802264618e+00 -2.514294145857911111e+00
-2.830190118895337670e-01 -1.859548098087393520e+00 -2.609703599759343629e+00
-3.195345904094101797e-01 -1.839931274533908923e+00 -2.716144123099513141e+00
-2.634235961839678231e-01 -1.947740882825696129e+00 -1.382439245892350232e+00
-2.362203113134661303e-01 -1.951621145036025906e+00 -1.371754738588837785e+00
2.980304100619655672e-01 -1.747768335087259928e+00 -3.535375475923364874e+00
2.147347187908912602e-01 -1.755088507522867047e+00 -3.609568592033733481e+00
1.277222807852357866e-01 -1.744266345774769578e+00 -3.682268419364377099e+00
3.757562079874467165e-02 -1.733390141867197531e+00 -3.754772566574755555e+00
2.905992159574132261e-01 -1.748571244325439977e+00 -3.541737447356182233e+00
2.033789113002263671e-01 -1.753621335812977966e+00 -3.619515758932237759e+00
1.136039946584754268e-01 -1.742500663094475932e+00 -3.694145889712150410e+00
2.179197160773370390e-02 -1.731430577962351558e+00 -3.767930424771830378e+00
4.748412096796117976e-01 -1.700808271340465527e+00 -3.577953443907464948e+00
4.957830471474256040e-01 -1.679353804319791310e+00 -3.693813899485884900e+00
5.167867270562904736e-01 -1.657871365909367567e+00 -3.809769782765719537e+00
5.399413870709746099e-01 -1.634743491270184812e+00 -3.925039456558574003e+00
5.057105381359595642e-01 -1.695571796705607426e+00 -3.564748464695217223e+00
5.799533771625343670e-01 -1.662782685818362749e+00 -3.644799702166337863e+00
6.711011408611530227e-01 -1.612239738383481447e+00 -3.701299648157564182e+00
7.673387517661272028e-01 -1.560931805238823689e+00 -3.746670364307844281e+00
1.595622788071086262e+00 -7.475254854109986136e-01 -3.548147736088385962e+00
1.611014817508949593e+00 -7.181195776823742216e-01 -3.539917470499836849e+00
-7.675989463826260462e-02 -1.565185423410894394e+00 -4.785692607352451944e+00
-7.274278187485171132e-02 -1.573084004763685151e+00 -4.739891194782820172e+00
-2.082079338999503482e-01 -1.577109892594335427e+00 -4.657175516017685091e+00
-2.073959559801678842e-01 -1.595535470536402212e+00 -4.576276203959851685e+00
-8.029861420715339593e-02 -1.558244713112686641e+00 -4.825939388378484018e+00
-8.516040306685364325e-02 -1.548756601796709376e+00 -4.880957015078555727e+00
3.912926929851645586e-01 -1.342059669615414785e+00 -5.511009823484441128e+00
3.964342462317849147e-01 -1.305792735542173899e+00 -5.622913262405559998e+00
3.994553229162466912e-01 -1.265231850402550817e+00 -5.733289264444095146e+00
4.230814804244989458e-01 -1.338162058278369759e+00 -5.501001278206427259e+00
4.857046011694804433e-01 -1.283182108478797767e+00 -5.582481351768506350e+00
5.670788896488506703e-01 -1.226840159240660144e+00 -5.641730736387560619e+00
4.522933736737009269e-01 -2.624262338532142858e-01 -7.430323660192257762e+00
3.813578310332779164e-01 -2.686507449135668302e-01 -7.500596194735122957e+00
3.376502834004349030e-01 -2.655680192056223965e-01 -7.533194640047681467e+00
2.976043780937219774e-01 -2.701731830128814016e-01 -7.537533363494761218e+00
4.677381303124094614e-01 -2.408760189725177303e-01 -7.422208588851114897e+00
4.365154390324019751e-01 -2.146307326484384326e-01 -7.465561989419952305e+00
4.064889868275655127e-01 -2.089309384903481892e-01 -7.492257004788232422e+00
3.984686398252883510e-01 -2.037113589842218242e-01 -7.500190297552530083e+00
3.023526728442141320e-01 -1.079142071555263538e+00 -6.373322667940574782e+00
2.704488839935471067e-01 -1.065365851093212690e+00 -6.441100129697337806e+00
2.350934158765705106e-01 -1.049982353229065080e+00 -6.516528333894724412e+00
2.018313637799258597e-01 -1.019034507302384984e+00 -6.592019371564071584e+00
2.925651708979780108e-01 -1.074883824749605532e+00 -6.394202504644009188e+00
2.481619480820471402e-01 -1.055754719829928634e+00 -6.488413266597508944e+00
2.195614449101889187e-01 -1.031342849521267535e+00 -6.565176498863496413e+00
1.958597036904522193e-01 -1.008284028294681889e+00 -6.615657465631188394e+00
-1.872050752175492133e-02 -1.290447063998751309e+00 -5.855498585128772859e+00
-2.386518963345831135e-01 -1.261304625557019277e+00 -5.922880475212226159e+00
-7.935935998950552350e-03 -1.300907796600406119e+00 -5.827434256212480790e+00
-7.994115540800578179e-02 -1.328024293922219989e+00 -5.747464569084967501e+00
-1.230571973830517779e-01 -1.346712989901929003e+00 -5.665250263431261146e+00
-1.548003711197170063e-01 -1.363660218906755484e+00 -5.589928703126441967e+00
-1.574457589477561495e-02 -1.376299232719356835e+00 -5.598838312184675203e+00
9.490697751356795553e-03 -1.377572134641165347e+00 -5.603389268302232828e+00
1.146584167451830394e-01 -1.788677749943113682e+00 -3.396505744165634333e+00
9.019965570366229868e-02 -1.789749869267864835e+00 -3.408491143807740542e+00
-4.297720652746311876e-01 -1.939144701237733637e+00 -8.259695793010084497e-01
-3.331235514732125980e-01 -1.955525422205058650e+00 -7.592819274403816987e-01
-2.207337799555794677e-01 -1.969244231260830924e+00 -7.250947955519199128e-01
-1.004002576201406399e-01 -1.982034551497766639e+00 -7.250052327876002067e-01
-4.530569334626039502e-01 -1.933872967203020599e+00 -7.997090744997121803e-01
-8.646739052164297279e-01 -1.786505657749301479e+00 -7.674287104973867013e-01
-9.103516758508114481e-01 -1.765928337703577045e+00 -6.660392211642187643e-01
-9.407408681930473637e-01 -1.753848313507398116e+00 -5.496315226507826335e-01
-8.867629516987030058e-01 -1.773986866522504924e+00 -7.902328646201333129e-01
-1.032206971727324119e+00 -1.701399333989022766e+00 -6.731627779487256991e-01
-1.028296556127135553e+00 -1.703901582193747544e+00 -6.602262891765774411e-01
-7.477978874621099559e-01 4.406320906949097449e-03 -7.146939331980872723e+00
-5.418986293025576106e-01 -4.360818584400317777e-01 -7.235525701616015049e+00
-4.713137734996155626e-01 -4.032103874452637182e-01 -7.326637019530564565e+00
-4.223415863864907194e-01 -3.325627520703919870e-01 -7.426043780068116718e+00
-3.624118571014888213e-01 -2.788850566956606047e-01 -7.516315241131292346e+00
-5.550604717668363719e-01 -4.170004321532969627e-01 -7.228085289252113910e+00
-5.153378021493157934e-01 -3.649949118305179097e-01 -7.305635306261144102e+00
-5.151646112156484936e-01 -2.498604045384013317e-01 -7.363739676893715114e+00
-5.533550990310419637e-01 -1.206769227000487228e-02 -7.411736935005618143e+00
-8.561550265405950544e-01 -9.144043492028428588e-01 -6.003112924675852113e+00
-8.560914611532410845e-01 -8.851397957498878810e-01 -6.083866820893261362e+00
-8.516677464549650134e-01 -8.482998722030065109e-01 -6.174931925832501278e+00
-8.433581534667929924e-01 -8.038001961138725449e-01 -6.268426028177644049e+00
-8.561444263448254599e-01 -9.051602729921855994e-01 -6.028600509843139221e+00
-8.560609015092153218e-01 -8.705867295140967688e-01 -6.124022871912225163e+00
-8.473959067225171893e-01 -8.268822643374035275e-01 -6.220430797498212705e+00
-1.006587363596587736e-01 -1.420489782828298964e+00 -5.391220229765858463e+00
-2.558856123898147206e-01 -1.682627651997565810e+00 -4.008855879835921066e+00
-1.673986843143078773e-01 -1.676131032852234526e+00 -4.086652928520775774e+00
5.693312925629031573e-01 -1.553459799132155261e+00 -4.313874742690652297e+00
4.580537100767839709e-01 -1.589780893956025176e+00 -4.313272825176816205e+00
-3.958982289667496435e-01 -1.617724674108990124e+00 -4.238289016493439476e+00
1.466410086631996651e-02 -1.299292314903527645e-01 -7.630342556596477976e+00
-9.476714997140528451e-02 -9.066099704334429354e-01 -6.824738239701036768e+00
-1.553721810160049732e-01 -9.473547116253329126e-01 -6.739263594613421837e+00
-3.472833526705920160e-01 -1.399997263621597154e+00 -5.338778590951425151e+00
8.094168432395984492e-02 -2.100014826568348536e-01 -7.600047946546475863e+00
-3.800343918579615066e-01 -7.782222912385539093e-01 -6.941017822821605066e+00
-4.614865467937827037e-01 -9.370619624181485419e-01 -6.545321571179911757e+00
-4.853436752652184327e-01 -8.786678317141154437e-01 -6.640273532672473777e+00
9.696386428140064961e-02 -3.719621344537247798e-01 -7.520713555581383325e+00
-4.940932295388691387e-01 -1.032800186752247384e+00 -6.321023715950530253e+00
-4.975275605202812979e-01 -1.051734211985974055e+00 -6.279729633989998838e+00
-6.798122800821534417e-01 -6.636870695197454317e-01 -6.774922336385972521e+00
1.646499795783534503e-01 -5.625806026674536886e-01 -7.340039117353374998e+00
-5.491859917917000233e-01 -7.020186243220645217e-01 -6.910014239880934994e+00
-5.855586031027437688e-01 -6.339023984224149144e-01 -6.949330083488953314e+00
1.843163043816368474e-01 -7.720417646869525141e-01 -7.068399472495937808e+00
2.838709403425229705e-01 -7.428770098488850504e-01 -7.076068673718691748e+00
-4.848074661754401271e-01 -6.010393840471507376e-01 -7.097446672315523841e+00
5.965044506942066560e-01 -6.424561044145959965e-01 -6.926325675774653412e+00
5.780912783141963773e-01 -7.094217001257450139e-01 -6.861354376190385018e+00
-1.973696159247597670e-01 -6.766158006389815238e-01 -7.206814385650341492e+00
5.948654233962483717e-01 -8.756947311169069881e-01 -6.555710631443493419e+00
6.011794571234818640e-01 -8.776690573878902502e-01 -6.539408563548507303e+00
2.811123905138438947e-02 -6.760422751490755555e-01 -7.219263894243368895e+00
