<VTKFile type="UnstructuredGrid" version="0.1" byte_order="BigEndian"><UnstructuredGrid><Piece NumberOfPoints="2259" NumberOfCells="2258"><Points><DataArray type="Float32" NumberOfComponents="3" Format="ascii">3e-05 1.13 0.0
0.0003122758531203376 1.1281333470561883 -0.18744313406179888
0.0011635565630606338 1.1262924988182337 -0.374984108446191
0.0018609998780471392 1.1246055913362742 -0.5624942158093756
-0.04187191700498641 1.1215088619808682 -0.7553923766975275
-0.01912632564098881 1.1215689360939032 -0.9400813547757965
0.003372870934500033 1.1158000243816986 -1.1246105112513904
0.0032439555359293575 1.1109448141043445 -1.311976678111957
0.13129730356658206 1.0996362794518324 -1.4647205818448659
0.2640651247855696 1.0892709740209803 -1.618524684020082
-0.12511520949037286 1.1049359291532623 -1.4646584430247878
-0.3286563960398704 1.0875644222676404 -1.6305240841406246
0.3546051614541956 1.0821312257019229 -1.697775813003848
0.4417377219003552 1.068474345623869 -1.776331280294649
0.5310460438924117 1.0524790539350997 -1.8545955248424573
0.6203220059406156 1.0363189081107131 -1.9330851011107713
0.32799598103588873 1.0831720575636288 -1.7210035492761895
0.36022912894670134 1.0770146528320577 -1.8360943692205252
0.2960428974808262 1.0794067346837881 -1.9481318304637083
0.2818599179244432 1.0771097209929597 -2.0670924502971744
-0.3127919867206593 1.0872559112776778 -1.7188098653145352
-0.2952543294775615 1.0839745562647736 -1.8186200184041876
-0.2764522806289597 1.080453767057813 -1.9256795807881828
-0.29439341193747887 1.0720397998242068 -2.0436522295643282
-0.31804548764052165 1.0876634333426742 -1.692566419281077
-0.31220318962389804 1.0871499173735333 -1.7220828175154537
-0.3051451367183613 1.0858295253030377 -1.76224792501818
-0.29464459372184354 1.0838638143813306 -1.822027660363505
0.6949646716680784 1.014280015183734 -2.024075380751571
0.768634758210453 0.9924895595724705 -2.114846577396624
0.8408318594296429 0.9652300791474475 -2.205060454374053
0.7172425020578241 1.0098514142087778 -1.9975944809229054
0.8274754949950239 0.9813112449425635 -2.03196106245391
0.942175682159753 0.9501723973990169 -2.036080411009091
1.0538835050327784 0.910491534162283 -2.023954373705376
0.26833203463273353 1.072138340975224 -2.179406958866633
0.22490132201786378 1.0709470845519071 -2.2911118887985333
0.18456235087919556 1.0679810787915243 -2.4039861194079557
0.1458249594970886 1.0638416675115647 -2.517401945181349
0.2676465162846068 1.0718358189712403 -2.185940468367553
0.2507691044026352 1.0669252669062401 -2.304568297905894
0.2630757130091656 1.0581622666921642 -2.423477872038309
0.30406430668293244 1.048655464265376 -2.5356241465793388
-0.2879449377007426 1.0671525788527718 -2.1633785737390197
-0.28146078120549967 1.063480760727948 -2.283183200603706
-0.2451184664375565 1.0518745379802932 -2.575861650965734
-0.2913795950759707 1.0471863232595509 -2.5837530309150423
-0.32301580792100565 1.0632825590137136 -2.1596407432137292
-0.3815064823668095 1.0527876441162283 -2.263105472081761
-0.4663411306903448 1.03995594920573 -2.3482808157308157
-0.5568119041683084 1.0220802977975119 -2.4236241542329657
1.163463142161746 0.8682143125543377 -2.0143206750699028
1.2683157154604132 0.8160542393766481 -2.003181611808948
1.3736209304606373 0.7628473994362395 -1.992104648485203
1.4726710913768075 0.7020274067004972 -1.9804263995821862
1.1568649187792412 0.8734974624294515 -1.9797901779400302
1.241072778353121 0.835011004846475 -1.9068967070665086
1.3056449342250986 0.8056184222490271 -1.8126481377564043
0.09147437538584739 1.0592824512328045 -2.624219026999719
0.036471290829958945 1.054689033366776 -2.731881490184476
-0.01801937760189247 1.0501217976877568 -2.8388944675817074
-0.04448281139015702 1.0430026123885288 -2.955240750893299
0.12514341707293436 1.0564626726296107 -2.6352277473193517
0.13490354735439877 1.0460707585091722 -2.7546624131022415
0.1739826443235824 1.0341774264109374 -2.8683491106623173
0.3963554990939651 1.0005949979797526 -3.1805235209509526
0.3845938813226556 1.0353467772835427 -2.6244007506243143
0.4649084465486469 1.022073936017606 -2.712932138214947
0.5440581659240831 1.0043175784067644 -2.8009718865569155
0.622101177938733 0.9813889322525585 -2.8888623665587247
0.3549874468903122 1.0382308431242018 -2.6444346111109884
0.37484624613492834 1.0277600190323697 -2.7623025288773735
0.36480761981654647 1.0206639345719104 -2.881944673120001
0.366512840674137 1.015956193252729 -3.002048894196837
-0.3634820323309902 1.0339171228490636 -2.6806035519953286
-0.43412775222413696 1.0225940391629331 -2.7771774433934233
-0.5036970140014658 1.007693079700217 -2.8733984440553626
-0.5718129980521748 0.9872359549280086 -2.9694192539406012
-0.33239665097894694 1.035501116090504 -2.6969079906964852
-0.3385850312145412 1.0280301285973596 -2.8164658563483833
-0.31473697192748334 1.0231280556061555 -2.9339292039009996
-0.2757964951601384 1.020085858326923 -3.047380061745261
-0.6456794794545766 0.9963038219508105 -2.4983887612148017
-0.7350802125238399 0.972009024911038 -2.5733282808222055
-0.9562844694912026 0.8986848425384375 -2.757728665189392
-0.9714618209929847 0.8941134145143014 -2.7371289495520443
-0.6636770389709592 0.9939945274435116 -2.4676976719260098
-0.7804097912775674 0.9658484310233102 -2.480662005001469
-0.8954958122790896 0.9403528956791479 -2.4634983622952897
-1.003946811222982 0.9052367467943734 -2.433510206579828
1.5639103783819053 0.6311614402257792 -1.985163815544655
1.655591935122515 0.5599777362989067 -1.989560815495731
1.7283324689816162 0.47177946520761593 -1.9921749323278644
1.7960267598987547 0.3797413777889362 -1.9955450579838325
1.5623580546015483 0.6348150190251302 -1.950573195074609
1.6419010522538717 0.5760174778637276 -1.8900977402329833
1.7025215942300664 0.5278495400356665 -1.804847119473201
1.7464999111986852 0.4777894991973999 -1.710850420807909
-0.06951616225429941 1.03462199305241 -3.0715192338028543
-0.09604556423095545 1.0262453393623656 -3.188293767369363
-0.0952362920322474 1.016876838902368 -3.3077559899630127
-0.079658976057004 1.0076994086684654 -3.42598304410277
-0.03397351681786345 1.033411868850168 -3.0739989673135875
0.003760667331585791 1.0236097256838073 -3.185509964093508
0.14567601007867415 1.0054566545445516 -3.3769898751286105
0.1640013988799465 1.005918023164105 -3.363269696383712
0.3801721984475739 1.0025716375353513 -3.1929150878880748
0.3408851639035867 1.0072458166808 -3.224363505952651
0.2829417440006423 1.0091543694116811 -3.2705617709480075
0.40794613487003256 0.9992666901043652 -3.1706885914138088
0.4425938969184812 0.9951441609732667 -3.14295719317179
0.49722424682327676 0.9886428441989762 -3.099245076618944
0.6156465825843473 0.9653084267533374 -3.106018245805767
0.7297783196610493 0.9541374479051661 -2.9326477479331308
0.836642848603574 0.9270133991893227 -2.977485306677604
0.9329694065804935 0.8879768955842159 -3.021565119945301
1.0274785421446135 0.8467529970521457 -3.052083896557553
0.7124737682323327 0.956380716238112 -2.9633693011848896
0.779797839292836 0.9354134992911388 -3.0601815915144064
0.8216949364612789 0.9195005048867317 -3.1710628659811135
0.8388288115160821 0.9049678190219597 -3.288130425874097
-0.6243309555119502 0.9699252777912428 -3.075217644215005
-0.6778589677835951 0.9524175855904776 -3.181071269988855
-0.7295644893838156 0.9311394085143208 -3.2864518843784793
-0.7788852054127303 0.9049699785062135 -3.3920727125913146
-0.6522956666899192 0.9650873200721255 -3.053962138883018
-0.7128099664643446 0.9506089417932932 -3.079204216934569
-0.7319357586854742 0.9478460159569784 -3.0549676696260204
-0.7600635958457388 0.9438119399408204 -3.0188031037367153
-0.2520067618434797 1.0156973623337286 -3.1649872748299486
-0.22821536411066382 1.011309599375604 -3.282583412067833
-0.24024665378849158 1.000019113056939 -3.4015076284093246
-0.286407889073984 0.9874175862513954 -3.5114089061655265
-0.28835539211556016 1.012641795440347 -3.1664577716772704
-0.33191297078358506 0.999501318880097 -3.2775387256093147
-0.4020557123828259 0.9815651130706542 -3.373044839633935
-0.4925456946378605 0.964167584269192 -3.450057966248582
-1.118267502517486 0.8334268816093043 -2.7422300470043566
-1.2393400443054732 0.7840508294226988 -2.749909941219892
-1.3346785964496848 0.7336599564682252 -2.7577541911319052
-1.417145049648099 0.6724078860178743 -2.7648886770563346
-1.111959083603646 0.833252315248311 -2.776536425474291
-1.2161773280509458 0.7881979934345612 -2.8478055036175305
-1.2774779439811226 0.7478524794845146 -2.9386695274989507
-1.3216095755125186 0.7074449725688914 -3.0431866700969676
-1.1077967470925307 0.864698720903982 -2.3935247569348976
-1.2135592889577023 0.8233785979194036 -2.353297587987271
-1.315400475831734 0.7778250685308844 -2.31273066553146
-1.4122536118835547 0.7206899819238858 -2.2707797964061283
-1.0931049007024187 0.87305730621215 -2.3626295443387733
-1.1634995878091186 0.8503593304625992 -2.268430131073798
-1.2094430718683753 0.8375878992064594 -2.1588771178837756
-1.239821340836724 0.8317715467200856 -2.043402748375273
1.8591960749256937 0.28872321754347824 -2.0153210481577926
1.8881888166157756 0.16938866382246828 -2.032798355962947
1.9122250050931775 0.06787392404524856 -2.0512185179450606
1.925050624199405 -0.02202315311356505 -2.0682707182688156
1.8624160038932278 0.2884224891766085 -1.9806974589262043
1.772087329534313 0.4510349386933896 -1.6011372345787982
1.7959754932162137 0.4235069210790864 -1.4887379788957409
1.8253946007470174 0.3939871832998831 -1.375862290596668
1.849254545208572 0.3732080670669655 -1.2631796880015735
1.7887998603845354 0.42533338630941336 -1.6164443471740493
1.839451203496956 0.35267455147582194 -1.5427619645464494
1.8966044255219363 0.2692186156515066 -1.4933377449289593
1.9312925829117096 0.17141588441929342 -1.458963874179203
-0.039798310712766016 0.9993750490079751 -3.53720848462222
-0.001100584088487084 0.9896269570503298 -3.6476602899622126
0.04215137529871047 0.9794160937840038 -3.75942000143909
0.08486556770047994 0.9695789412284659 -3.8714928669517437
-0.07296527758878786 0.9986057842984956 -3.5446931893541898
-0.09933408241278982 0.9869981671254231 -3.6612640182719614
-0.15361729957479747 0.9759406165361598 -3.7682658547584746
-0.22192394660912812 0.966431829406162 -3.8670754122449145
0.18741265362659648 1.0065557071224638 -3.3450117200280696
1.1346423945196202 0.8013385247141328 -3.0867958066769448
1.2409357616693069 0.7562808162565454 -3.121398344926758
1.3330353975043654 0.6957562123147487 -3.1539217558173958
1.4247810578625162 0.6305277194870484 -3.186563344044556
1.1377339356499974 0.802592406204026 -3.051330162537231
1.242768923257391 0.7629322034688396 -3.0163434892527548
1.3310329711285138 0.7183652209251254 -2.9517828646793176
1.4090697932722351 0.67186044035537 -2.8759874081331316
0.8580815595151576 0.8889096545729824 -3.4052133503810706
0.8773792689898916 0.8728296934587214 -3.52239884665747
0.8968960520696072 0.8574537912010913 -3.6397414992143347
0.9145635917577527 0.8394650914499291 -3.7569171577025258
0.8241203864125424 0.8981191775421834 -3.406660205850869
0.7797035483463348 0.9001827988327556 -3.5171429144109707
0.6450792680787806 0.9305148870568027 -3.5864353502020734
0.6033290514068387 0.9328574085293537 -3.688239773267123
-0.842377622089666 0.878735102949702 -3.488568328427803
-1.0160570097269184 0.8160727235962434 -3.605975266397886
-1.0025844031446172 0.8156127324057016 -3.682543330757489
-0.987530652459467 0.814186238177665 -3.7582245269378323
-0.8123790916215768 0.8872643065856779 -3.505228339617046
-1.0050617323564985 0.8161796769745536 -3.660697109946063
-0.9845453044408576 0.8135842376173352 -3.7725251328072518
-0.960773818447379 0.8088372846099796 -3.8859619208685308
-0.8068358077915181 0.9371028575498798 -2.958685584228515
-0.8614974894584106 0.9273018168653585 -2.8855475658878675
-0.7880560813496832 0.9397944451571205 -2.9828628611926917
-0.7958157654089337 0.9386752011281884 -2.972998989805825
-0.7832890009324622 0.9404756726940318 -2.9890357806286723
-0.77183510233222 0.9421212691792353 -3.003711028219138
-0.3650221216830706 0.9720321227372427 -3.600731288699192
-0.4433497221119098 0.9549612904907041 -3.689896857034138
-0.518597915633156 0.9352461391193407 -3.7811751052749174
-0.6139237505016334 0.9141055832830473 -3.8515081376300895
-0.33511933211444067 0.9747861086276546 -3.6203295848802535
-0.3526473346584589 0.9652884788565357 -3.7385944847448243
-0.5873013459675819 0.9463134290120673 -3.521156783203332
-0.6798162484348726 0.9203807099086585 -3.5916523158484255
-0.6042275297283678 0.9462911792521874 -3.489567514030319
-1.6341188554699042 0.5085463182425973 -2.762745872816166
-1.6348823190362898 0.5115068632080544 -2.743127923715528
-1.6381894091493847 0.5111358499384926 -2.7235866403184366
-1.629662407723046 0.5073560581105565 -2.797460735833699
-1.6215286933336568 0.5088574878152968 -2.8426014567941347
-1.6899092032452758 0.40494574991741467 -2.915823112747325
-1.737208250164119 0.32943428124391494 -2.9977490242148686
-1.368824768458089 0.665284897053511 -3.1461337158545453
-1.4176039566662744 0.626294896819188 -3.251263444059357
-1.4617565918782447 0.5877014648704446 -3.354129738411126
-1.5027655915921398 0.5392898784310132 -3.4574846351936293
-1.3413367288533486 0.6811103747058843 -3.158452872070183
-1.3292957386117883 0.6791459642367542 -3.2753794546875783
-1.2950229093709593 0.6956412461607598 -3.388746786371005
-1.2481244839463448 0.7143433068482294 -3.4969572869776697
-1.5069259405044333 0.6638590855007449 -2.2469626968838927
-1.5922117649050216 0.5937944621315941 -2.220858295880714
-1.6758678124870354 0.5200923977109633 -2.1939728997057126
-1.7489448560869048 0.4369704067630362 -2.1658512690822795
-1.4976915000713238 0.6716625201663532 -2.2137582514116083
-1.5771788654472256 0.6152941861921607 -2.121815531634844
-1.5604593470147536 0.6356611549601018 -2.0562640342478504
-1.2702106267440354 0.8251715675608833 -1.9285857551426173
-1.2984668068418328 0.814445164157912 -1.813020024346471
-1.326753695191514 0.8032939563756158 -1.6974666881549363
-1.3592426423769501 0.7874122160543088 -1.5823719842306019
-1.238132671246635 0.8392327489307654 -1.9243604900150286
-1.2064361924684464 0.8583393238707582 -1.8107333882396692
-1.1491195094466324 0.8865209061993506 -1.709570840837388
-1.0790410664680468 0.9193647243360467 -1.6182107543590527
1.9171238976851945 -0.11667940325019222 -2.068932248052421
1.9002742364021117 -0.2961945888135127 -2.0690795588450475
1.887324220796329 -0.36453131233803887 -2.0710991864502666
1.8867887153188196 -0.3657272762896828 -2.074662462952219
1.9149112479193917 -0.11116937510854047 -2.10027566948244
1.9024614535740965 -0.18616805757169458 -2.162465823551328
1.8774898515553335 -0.3674179327566356 -2.2336764260047346
1.8706108513193311 -0.37379191532643274 -2.32235202482822
1.8602623354798367 0.3648101279865871 -1.14530635397744
1.8867409629784384 0.33080560495405753 -1.032698025788467
1.9092063705633757 0.29587094655794577 -0.8448854283115612
1.902800902060979 0.3120040533620999 -0.8368263454176231
1.8891017516837598 0.3135214361099323 -1.1599538273583392
1.9331205294408178 0.24131266904726964 -1.0717693786874423
1.95861379361803 0.15756479954075986 -1.004448069295279
1.9767245819698658 0.06718184962861118 -0.9500452089508103
1.9522987106537275 0.06714877504905556 -1.4239576692378242
1.964873102418239 -0.025426485511248702 -1.388394880792399
1.9606239415726023 -0.12388438581380715 -1.3497100985202533
1.9559316262682023 -0.2271316014753738 -1.3094236834352597
1.9518571365965995 0.06142529334507677 -1.4556584166591564
0.14328783120888036 0.9606266228110665 -3.9759553140061414
0.20151572577831367 0.9486202316577078 -4.080150342087321
0.259692050576662 0.9366126769528491 -4.1843635795245255
0.3171783557192195 0.920583127017109 -4.288253172649101
0.10980750046811664 0.9598002507432494 -3.988441929954026
0.10179368360020406 0.9472218133033616 -4.107386546545092
0.0527158667640248 0.9358653153861075 -4.220708719931123
-0.006269006486186511 0.9251789526809412 -4.329159111865027
-0.31314906823223765 0.952331599430431 -3.9427713007187193
-0.4058018058362197 0.9307992151808756 -4.018290104520868
-0.49789815819878436 0.9093470035459028 -4.09375582904334
-0.5661588651028289 0.8885438348357039 -4.190659789311244
-0.2868398651246898 0.9538864224724296 -3.9668125154484826
-0.3210843427393895 0.9373952750751572 -4.079848229682971
-0.325651301520515 0.9248036818475086 -4.1985976490710035
-0.31765185646455774 0.9135429102896657 -4.317535414208222
1.5180510749251708 0.5658248227143025 -3.2018183852867366
1.591648617361832 0.48073529162966194 -3.214285371099695
1.661747613164171 0.3958157933176527 -3.2271755257208166
1.728662636851756 0.3097341826654619 -3.2397073695950933
1.5084098165916557 0.5686804907506747 -3.2356934382761886
1.5613460741409033 0.5007652536071883 -3.3102321632427585
1.5949397519105732 0.4464171748131163 -3.4048516943598863
1.6191256897758244 0.40010107059091415 -3.5078396209383427
1.4993808702302565 0.613732162550009 -2.804719318853623
1.5839020697152513 0.5597230017769074 -2.732986387201298
1.6438292296874457 0.5016223377519009 -2.6586063487405918
1.4809931548980482 0.6284794093071122 -2.781881060699084
1.5292347741348202 0.6057873772516422 -2.674422570458293
1.4976749469863662 0.6433891781642928 -2.5498105187229303
1.5148918126322612 0.6449055291636455 -2.433964310250135
0.915521140690745 0.8266018952554827 -3.876047068323902
0.9172502408521687 0.814863036221266 -3.9952097625459837
0.9187848663864061 0.798175805326805 -4.113366636928306
0.9222614823017153 0.7825329638986197 -4.232058709801419
0.9479915932417621 0.8137618727262451 -3.8692541729625396
1.0090412122591998 0.7796466900113215 -3.9666891101199244
1.090398873212874 0.7368579078839138 -4.044166938548086
1.176610389268018 0.678176399127736 -4.103552135250908
0.5600846573112296 0.9291663419250454 -3.789940613543041
0.5150220599389429 0.9254088901902294 -3.894999035718389
0.44467082156204013 0.9260752365872298 -3.9914573516917318
0.39750662940851744 0.9239343856578621 -4.100465177498444
0.5671323960175999 0.9297966230104706 -3.7730688259030623
0.5391598785902771 0.9274225874388593 -3.838713905126338
0.4264761312025288 0.9397165354366668 -3.877109509226961
0.31046932884342804 0.9537985838812132 -3.901894518396569
-0.9409134153390477 0.8023855549568212 -4.003930640933151
-0.9217749213063331 0.795706661048084 -4.121919344080898
-0.9035301071931078 0.7894741690312509 -4.240076625147485
-0.9055751750509162 0.7719362906624617 -4.358066327673183
-0.9744197795297342 0.7919620591499178 -4.003738337627306
-1.0162141885306697 0.7626223043298702 -4.111648830314472
-1.0787354858594191 0.7179948275036225 -4.203150652182121
-1.1579745639577217 0.664093934787989 -4.287214315149996
-0.7018616992609008 0.8848936474573313 -3.925613204575396
-0.7839915043786946 0.8518265159294579 -3.9990074478989985
-0.6769426106093475 0.8901576299389287 -3.9500558050240526
-0.7090444201354358 0.8686093498093438 -4.062304499908313
-0.7124140704539828 0.8557127875788211 -4.180620129484649
-0.653624031500872 0.863073176192665 -4.292464466181545
-1.7611243948793491 0.28433134257573717 -3.093247981595337
-1.751927277311322 0.2778852719245006 -3.186052381132721
-1.739778449633933 0.28065274746213387 -3.284133165751906
-1.7685031956343675 0.2665867262752399 -3.068571480969351
-1.7910185650754784 0.15959932439326865 -3.108061429959526
-1.8150344830085812 0.04901423711095356 -3.1425096135327477
-1.81918934612869 -0.058112616780694584 -3.161762383987729
-1.5531572520413346 0.48516645850424567 -3.5491448232854435
-1.5914283098321529 0.42159292584676006 -3.637496705217565
-1.6321309556577717 0.34669487147925937 -3.7287135043903783
-1.6672888333466613 0.27650039853297975 -3.819761046022525
-1.5285825570429652 0.5022139537986837 -3.5677041177263757
-1.5261945513568214 0.4834930249555053 -3.6839211507293044
-1.49834078955832 0.48185671075830433 -3.8002640538350883
-1.4631905046274132 0.48911677561662664 -3.9146792968015727
-1.2001471388892508 0.7256574016114339 -3.6046642761068854
-1.2297702524921226 0.709005734620998 -3.6138023548252685
-1.240197368979818 0.6873444104510023 -3.729290397409835
-1.2688287412536574 0.6561429387574963 -3.8454713136483925
-1.2906198216315126 0.6299392238106066 -3.963021984954882
-1.812824251845556 0.3414740235959424 -2.1528618725362927
-1.8623786737454864 0.258886976160971 -2.139124986561184
-1.8900046718993242 0.1458084341739248 -2.121165520031016
-1.917707545559091 0.031659694676484204 -2.102433476375194
-1.8096027202084695 0.3497959459008491 -2.1200765864998
-1.8561671166183065 0.2869426432428613 -2.046147639442067
-1.881464108455142 0.2489010121327879 -1.9515992876205028
-1.8934076893904064 0.21797425823187427 -1.8475230728114778
-1.3783571053378123 0.782563893084523 -1.4629693114062094
-1.4093170959608872 0.7728472411958184 -1.3470745833123468
-1.4302689250133518 0.7680659371076192 -1.2290909122351987
-1.447915422573933 0.75906056341424 -1.111065728967386
-1.406815109698952 0.7683793420910962 -1.4722375061868773
-1.4071748735699279 0.7730424661231811 -1.3656106694420882
-1.4228748838999232 0.7694545450886396 -1.277313531076891
-1.4347575718740042 0.7666769940687058 -1.2118518197771988
-1.0090813809172134 0.9452895742164642 -1.525500766618084
-0.9387380217807164 0.969621758130813 -1.4320165383698682
-0.867418025299334 0.9947082470369502 -1.3385618799710215
-0.7963630348960565 1.019719718531253 -1.2450328996536915
-0.9859158295788074 0.9512240618836242 -1.551884815216043
-0.8785505517052851 0.9838506059095696 -1.5139699324452651
-0.7648963546645353 1.0177390738076706 -1.5061028913923433
-0.6499585700237467 1.043049198784936 -1.5132045682579696
1.8849593032532639 -0.36696463632394943 -2.1013391116687363
1.8869621920727995 -0.366529695095208 -2.067449441236745
1.9027455271453668 -0.2945420206583806 -2.04248045299185
1.907685157847054 -0.2945775990493154 -1.9857180392414007
1.9146000084449633 -0.29447414986130743 -1.906422988141675
1.8595096319045852 -0.37368271730979624 -2.412677522311744
1.8470667717170852 -0.37337230719622694 -2.514115802558236
1.8281299070844637 -0.41751625495342914 -2.6218722951369147
1.809677515021489 -0.45478634709126264 -2.7328748544297876
1.8574535901815772 -0.3736098603582874 -2.42946158439146
1.843722166373387 -0.37328520201036747 -2.541385955885058
1.82634806746929 -0.3989788844415087 -2.655723099517506
1.8128682402614813 -0.4073407356869306 -2.774669828517781
1.8900545238534092 0.34372030472862936 -0.8251492346185471
1.8579351032470282 0.393229162994115 -0.8043083074819595
1.8220202532060867 0.44781201698123624 -0.6923163947446315
1.78695778297336 0.4990885916655759 -0.5870661644484855
1.9025735160404251 0.31259477855231316 -0.8363374358378792
1.9013570580960042 0.3156205173682956 -0.8352356287105263
1.8950932169288597 0.33119671559700625 -0.8296080196833848
1.8950160427501928 0.3313869111467023 -0.8295579565581832
1.9374754557312623 -0.336199721756142 -1.284129314143017
1.9137330068741416 -0.4483329357624819 -1.2587122014492587
1.8897354332418212 -0.5615937032710983 -1.2327486490219253
1.8532658647237075 -0.6686757763538006 -1.2059818696686875
1.941306914610227 -0.32427715179264566 -1.2519832160217552
1.9271511873421987 -0.40259436164199847 -1.1695296898849088
1.918862915552677 -0.45736943273469854 -1.0686351761963526
1.8925285673959416 -0.5947542498384165 -0.9590149206092108
0.38894687392279487 0.8999990749902723 -4.381790430501364
0.45946238101261283 0.8738169539764995 -4.474559949572288
0.530912021642261 0.8495583778418209 -4.569547366633632
0.6019103414926181 0.8256797498898601 -4.6626659542129465
0.35805383453853995 0.9036605608440809 -4.399516506748826
0.36689694807299617 0.8892915339029657 -4.518143599544992
0.3471696165151761 0.8812663788128372 -4.635640972554949
0.3105166767944716 0.8694875290053456 -4.7488294720620035
-0.05573408924482678 0.9189578749394717 -4.438254710437443
-0.10500436030923567 0.9090199608135656 -4.546968018525504
-0.15331972150834391 0.8928707386813147 -4.6546286286642555
-0.36989105979821824 0.8667160241147339 -4.7516277303505685
-0.09107063210931823 0.921011733921237 -4.4199106190862425
-0.19067329250886456 0.9106809282978531 -4.485218359014249
-0.3566992429386453 0.8893561009509359 -4.51958182174147
-0.361164789691293 0.8825407593350897 -4.588900653349756
1.755299450250683 0.20414040666962072 -3.2631781458140763
1.7857333741226245 0.0839380437606976 -3.287668684010425
1.8055586006162765 0.0022061083833376095 -3.3112399018546492
1.7976947034410604 -0.06704983714695799 -3.33205057597453
1.7594414908184528 0.2029063100348789 -3.232456082795579
1.7948306122268538 0.09392049848960889 -3.192725129665367
1.820608811255695 0.031938390569306335 -3.1244920181607787
1.8374716891008285 -0.008019293537618313 -3.0416401088725173
1.4935075336911068 0.5408655645990549 -3.554673810289904
1.4601361969578064 0.554981320497962 -3.6625983928738206
1.4210478653743281 0.5690919121114939 -3.773226609015011
1.3802270595442974 0.5844011365951763 -3.8833113287918835
1.4996565388094383 0.5368538127861655 -3.5348744852318488
1.5288170438542683 0.6420762403750493 -2.3179771718123057
1.527579021287782 0.6480697112605702 -2.1990648871362137
1.5275181270444163 0.6425803080486423 -2.329471403524423
1.481971407648299 0.6816673021806955 -2.2281322789624447
1.4140346111369528 0.7316624551828237 -2.1476123746386517
0.9112586477830158 0.7749142989354681 -4.350274003509505
0.8906085237036545 0.7667751151183232 -4.470506973066527
0.8706291195666911 0.754943922991844 -4.589421615174961
0.8869554226119862 0.7338780470515642 -4.707476788814813
0.941926092232861 0.7646143895552873 -4.347459441938821
0.9860330475450305 0.7255133537902931 -4.4503939284555925
1.0580535310436405 0.676405477590372 -4.535884987681229
1.1377674728347085 0.6267188638481082 -4.614309676409353
1.2635672492308476 0.6205768961920176 -4.16534020238671
1.3413093758233985 0.5589460780708017 -4.224624038026571
1.4120149256595977 0.47626388314259516 -4.281347823299496
1.479546982607054 0.3965436439178054 -4.33888517476695
1.2771713020973174 0.6169859049139407 -4.132568944146647
1.3716536669113415 0.5508205567422012 -4.12626932289278
1.4430196265878812 0.4832428915313348 -4.088116329100339
1.5011221617810075 0.4293469178782445 -4.034743549557026
-1.0848889581208412 0.6773512939224482 -4.529491155163957
-1.054506089933358 0.6785901470902839 -4.638490464631234
-1.0201011187621685 0.6757467536532779 -4.7406081608186375
-1.0375038608076268 0.6467356737572032 -4.854275711647498
-1.0907842391190286 0.6761335555898688 -4.511239468033946
-1.0741766136102575 0.6778213051753181 -4.57807012387944
-1.0501068348845128 0.6774071472381131 -4.655996891985334
-1.0192840893290682 0.6753253482664983 -4.744954551387087
-1.256156371354129 0.6046054661718993 -4.331581858254394
-1.336522963279001 0.5341832099201878 -4.370948828723903
-1.3980239524256681 0.4666394703543295 -4.403435066214151
-1.5177774986888029 0.3354928775996308 -4.464413185836002
-1.239311359750359 0.610304621422904 -4.36227711966249
-1.2895392580921494 0.5596210329528761 -4.453123112543969
-1.3071727272598164 0.5202888139227982 -4.549582415414801
-1.3470193467867229 0.45818387839143515 -4.670461720841408
-0.6513120462359918 0.8523979088605071 -4.406491894722353
-0.6487791017345178 0.8373379920631049 -4.521876830317296
-0.645341979771963 0.8210591507113966 -4.638536488672975
-0.690682116861888 0.7949492604224062 -4.746813044598028
-0.6517799664499733 0.8537716462277556 -4.3912808846073474
-0.6502254771564406 0.8442544936451327 -4.4723325205565345
-0.648470322416214 0.8358253150024542 -4.532700738228277
-0.6460892444505829 0.8245701198317981 -4.613366466744891
-1.8068684353227493 -0.14509780613750262 -3.189511556914213
-1.7925757712596735 -0.24632505607924327 -3.2187355896327787
-1.7777611338587225 -0.3509701212317538 -3.24934854787418
-1.7437260333895634 -0.45290505012335286 -3.278432051802944
-1.809553772241806 -0.14797774124787194 -3.15877802312532
-1.8025824144627811 -0.24224833191961184 -3.121280014875551
-1.7999455530548691 -0.3235471650862602 -3.0544850775803796
-1.799091273840184 -0.4001641033427872 -2.974889148818557
-1.6738028349939318 0.20605519867216482 -3.8970636268440533
-1.6881377010581358 0.10097538671992139 -3.9799323319181825
-1.696573739679437 0.02046999948541931 -4.060522119032184
-1.683201143635116 -0.04801995552648946 -4.137156142688881
-1.6665132678094439 0.22100687189609947 -3.916518381558914
-1.6520664947651549 0.20114540888069907 -4.024593161022152
-1.6116360186826397 0.2809152306568205 -4.1180118927029135
-1.5838841766159963 0.30524737346890163 -4.229119317643119
-1.4134917424475122 0.5261566259344722 -4.0171314310903465
-1.360598932810423 0.5605695763763667 -4.119223710532962
-1.329575389598005 0.5685313742650132 -4.23581942670436
-1.4347681439933622 0.5007882509871562 -4.030251061732233
-1.426043078892828 0.48745924859602163 -4.148817933295224
-1.2678193230005228 0.6289321328342314 -4.07964363010712
-1.9179803056062608 -0.07750292716184899 -2.099161090066874
-1.8932452213803574 -0.3288478585542915 -2.1108299620505377
-1.8942363479036122 -0.3324359007466604 -2.0952628838012415
-1.895516701440484 -0.33346348562857947 -2.0791481113936174
-1.9206546823936481 -0.07191728517242461 -2.065467645542662
-1.899995437007219 -0.33991592512775964 -2.019612992532958
-1.9061094904265297 0.1801680350611037 -1.7421271039953368
-1.9528475211272962 0.0024665980727918485 -1.6580226942932663
-1.958101887580211 -0.011371309594185378 -1.5481268650220683
-1.9620416100466855 -0.030000585178265246 -1.43859785573413
-1.89928190848989 0.20840233380472048 -1.7333815977014322
-1.897738032586845 0.22961111651613708 -1.6180489046409943
-1.9005641540405227 0.25766815822108924 -1.5032312555733516
-1.909897848927311 0.25930752445069144 -1.3913185224449096
-1.4644203179641229 0.7480563596710489 -0.9945118255884813
-1.4665336246216003 0.7470409177495531 -0.8756028458505484
-1.470192259893258 0.7483219485709433 -0.7565363518423203
-1.4787456786461666 0.7481101598573264 -0.6367239588117583
-1.4645232704514022 0.7479866614050484 -0.9940641912357623
-1.491307969803366 0.7298410912302987 -0.8809016960164898
-1.547045576114594 0.6951972241631528 -0.7804007922347928
-1.6217252899933254 0.6475417630273103 -0.6995077103395835
-0.738682188189399 1.033286798553122 -1.1413517737811165
-0.6827257094763186 1.0449361799094783 -1.0377984166854684
-0.4237655358004253 1.0951951571690532 -0.9390476850267803
-0.41987670758045964 1.0968355959795626 -0.8217267457945878
-0.7114752823024719 1.0382716215370145 -1.163745610148323
-0.4276341839838843 1.0906722647669704 -1.1137071433850854
-0.4279225384928389 1.091426184032317 -1.0891877915004642
-0.42819878064944966 1.0910350142950995 -1.1008667058633301
-0.5400460279374971 1.060312092923118 -1.5532383441136821
-0.5343906813263697 1.062777699724465 -1.5188542174895352
-0.4243127802023537 1.080905612193402 -1.4919159338022914
-0.31512585810444793 1.0905607092995837 -1.458109838875247
1.9211131710598677 -0.2928038686432188 -1.8242272421109678
1.9260917560704516 -0.2923516834630392 -1.7274552042908011
1.9198890192265297 -0.3470041905711483 -1.6210096031154013
1.9153438894666097 -0.39467141016901675 -1.511029399971829
1.9222297139562183 -0.2927476349559305 -1.8023346519551755
1.927906629183852 -0.29223687506353274 -1.691968346228488
1.926508183976484 -0.3261651291531219 -1.5772869374866125
1.9293191638445517 -0.3411806637459617 -1.4585562839144652
1.8038576483827773 -0.41083238012225815 -2.8943082363284107
1.789898362677358 -0.41082251272285875 -3.0130381083341486
1.7723032100974956 -0.4092483586053165 -3.131219326322125
1.7609876821357522 -0.4087311019063825 -3.2506756117911615
1.8088397347208298 -0.37786775338489614 -2.889916043303846
1.8106618577342444 -0.3140558706703899 -2.991303006932152
1.8145756492460534 -0.22754625080057214 -3.073398710289637
1.8174914907578228 -0.11388600406420615 -3.1410209931030333
1.759476846201488 0.5235189888074246 -0.48020306870552654
1.7255416488813011 0.5529025451842245 -0.3684087063859138
1.6987376613375897 0.5843026966777585 -0.2595044921556578
1.670862751990964 0.6167589917318312 -0.1480969900202939
1.7403750858083622 0.5416512214270506 -0.5003784948470551
1.6580150937286322 0.6160812849807076 -0.43595780454771194
1.5816573905967195 0.6861704636616062 -0.39648601674741824
1.49752923630603 0.7391525479266415 -0.3692696568309472
1.81064922566401 -0.7705935202837928 -1.195224224160078
1.7663398735031708 -0.8765442970579517 -1.1842102933917014
1.711965600562509 -0.977954514483829 -1.1724797436984402
1.6490312780265102 -1.0754542847718185 -1.160556850883951
1.8146764738935062 -0.7639987254092093 -1.161837810304415
1.7824721137383677 -0.8466078185883479 -1.089320907500514
1.7588719358558675 -0.9097551418088135 -0.9952161410591344
1.7353046367857106 -0.9595715479038534 -0.8921402313903286
0.6853760582284623 0.7984701489397938 -4.741999608509579
0.7703571568893335 0.7654367684633032 -4.819830857138986
0.8207061135263304 0.7299212878397464 -4.920656414876173
0.8467213676756143 0.702634560270949 -5.031417148025203
0.6573958050948974 0.802161108095041 -4.763954302373113
0.6829939962161409 0.7822558915903088 -4.879332509783455
0.6797110066735075 0.768485789826136 -4.998314579941267
0.6505402509920936 0.7609971893366502 -5.114045352740325
0.27591817237804195 0.8571434260727463 -4.862735046641895
0.24157763410445515 0.8452377310807333 -4.976932240573071
0.2087507728221121 0.8332768684726396 -5.0915407245269
0.17624313044985976 0.8212828161327397 -5.206268259346564
0.2438724732570387 0.8610346456700055 -4.847778822749826
0.15179533117481225 0.8567768275939496 -4.925260830800435
0.043931707168430166 0.8567288592899707 -4.977963101276755
-0.06907969731499268 0.8586712747169551 -5.016738933308496
-0.3774302424107724 0.8484914377725865 -4.857615825520608
-0.382927184936549 0.8296168531958418 -4.96836911877637
-0.4267288970811894 0.8052982292552247 -5.083969710189994
-0.4633173370588333 0.7832403306802037 -5.200431340046638
-0.37779994157610974 0.8467433611156915 -4.867976156788483
-0.3836567890045056 0.8267642558560984 -4.9851824032376815
-0.40553911162088785 0.8041696219152649 -5.106472086780366
-0.4027952794405313 0.7883890154751285 -5.22969267058548
-0.3625721118628585 0.8803957536943123 -4.610714092237416
1.7843967791757058 -0.16400819499992944 -3.37043490258042
1.7608095947621838 -0.2627055985941041 -3.4083219164175826
1.735973032842002 -0.356393116286905 -3.4565606369381103
1.7091601000800765 -0.43278561092510764 -3.5318360501511252
1.7877039795450256 -0.1707554572718163 -3.339276281724752
1.7769155928192204 -0.27086426516017326 -3.3124486440796335
1.8421221911454815 -0.0549404167186344 -2.9563085132813596
1.8469902693309552 -0.10168274757860671 -2.8690310229768197
1.8498681805369177 -0.14526048112019202 -2.776408663370736
1.8561293270643637 -0.154738480997898 -2.6695867524837458
1.8460165387428276 -0.02976595341968439 -2.940421047021109
1.8575057299050926 -0.024709702385862554 -2.8338875445399134
1.8698933482011484 0.0037502936154929297 -2.7261017985269422
1.8708147195448073 0.041124689177458436 -2.6185576840753058
1.369338921883859 0.5791666071908256 -4.00121350733978
1.341799814783247 0.598141951803346 -3.9933145184743157
0.9458966630443535 0.696821813553585 -4.805749761407098
1.0045356972383355 0.6589349382225851 -4.903517439262348
1.0778199656685843 0.6085110438815695 -4.982573820351601
1.1554814685131 0.5419523906813631 -5.040328474072216
0.9158022840015131 0.7070297599922096 -4.820995428869134
1.2174139635902603 0.5745167646275126 -4.684786615705969
1.2845300168690093 0.5075164942602057 -4.753862965818768
1.3462858919246192 0.434946405094759 -4.823718142492056
1.4152466731968216 0.3466972614244241 -4.862162874459797
1.233906462582215 0.569760920578606 -4.65352771907597
1.3174771358274786 0.4902818723504946 -4.657858815526131
1.4143432766345643 0.397670429504744 -4.645638028819497
1.5057377528199345 0.31116130632046063 -4.604864986351271
1.5361811786333328 0.32561756270856795 -4.411815354547242
1.5541772487059677 0.23833891969608784 -4.478581982995587
1.591253599090181 0.10409918436039745 -4.512037622001341
1.6129223783900202 0.024047437346921913 -4.529974098169027
1.5479578026688945 0.316493326264389 -4.380752843834278
1.5805081878676512 0.2124893574653251 -4.38271028286225
1.6155293339231416 0.1159141842287025 -4.3534627625993725
1.6613603874584029 -0.0013479092409958572 -4.295836071935955
1.589692187805006 0.33501776714204073 -4.027874568868848
1.6342667202018115 0.2593496665239803 -4.015562307955458
1.662504710081727 0.17490846146061814 -3.9999866845573533
1.7059756701056155 0.028222846023214086 -3.981693750660875
1.5898431635049473 0.3403309060179617 -3.9943617039282446
1.6425794073928632 0.29013297893814605 -3.922858622318153
1.6676604682323235 0.2564883893287968 -3.8296279485256473
1.687276335097493 0.23538957419723325 -3.724786796818686
-1.0755402434030183 0.6103007086133423 -4.962128982661096
-1.1093751475372258 0.5751084007160722 -5.066564153311885
-1.0348025179021068 0.6035300545045388 -5.153389093147308
-1.011702707213423 0.6005067909071446 -5.255849980444682
-1.04622091264757 0.62321030591998 -4.96922096337873
-1.0481981347692348 0.6055259064495307 -5.092190268886601
-1.0220848872139714 0.6019400257596275 -5.20925257805658
-0.9935973129884963 0.5954797348425096 -5.325444935253502
-1.383471890579717 0.4091033855113959 -4.786097032206439
-1.4051206155746965 0.36347120706667674 -4.897758422604742
-1.4054951465394194 0.3094291369284523 -5.006152896680183
-1.3841137745737737 0.3154358556841247 -5.101278593392646
-1.360312048199713 0.4277585058576727 -4.787384941863889
-1.3473889142089344 0.41284707169468743 -4.903175484837309
-1.2895638722516893 0.43956501459909014 -5.003933993760568
-1.2218877311521887 0.4766983984675529 -5.090282797771421
-0.7455998096192903 0.7674094582011777 -4.850021018724371
-0.7994641799362019 0.7381404215483772 -4.952641856861492
-0.8489855604737099 0.7003430265689209 -5.053195964869683
-0.7736520440032641 0.7642689391863251 -4.828010617390059
-0.8695904861567547 0.7198401009400841 -4.8804052263225
-1.7056855453384239 -0.5509848412546895 -3.3248210900550794
-1.6683396518158031 -0.6484011766065111 -3.371920820129596
-1.6296239744408438 -0.7447856364642708 -3.4184745710906843
-1.5699309457938218 -0.8334685257406711 -3.4629847503187765
-1.7056423043278963 -0.5603150817687493 -3.292656986980675
-1.659151874469441 -0.7022019474911736 -3.2792245879014734
-1.62056747136905 -0.8140862280299951 -3.2389780071197194
-1.587891807834477 -0.8837075871872051 -3.1736972791519187
-1.7886426661239718 -0.47666043042434575 -2.89239827821496
-1.7716506562469767 -0.5531376127147245 -2.8073726911544785
-1.7138612394926176 -0.7618477868744241 -2.6788810934046348
-1.7240444566697668 -0.7524029561663802 -2.622409986833522
-1.7987036925530426 -0.4511812419597265 -2.8723971448095713
-1.801880597921539 -0.4715374031382546 -2.7593606021259762
-1.8137731363485667 -0.46485809179197735 -2.6455801972221376
-1.8294858400997465 -0.44626571864550796 -2.531709253260924
-1.6602357550659457 -0.1047278657536926 -4.226031119620678
-1.6355109759464714 -0.16995193697716907 -4.318642783725858
-1.6104325204046317 -0.23581776148263572 -4.412793688720865
-1.5788262427582482 -0.3004400126223336 -4.505488904120834
-1.6614100350312035 -0.12815176584650764 -4.202102044587181
-1.6412000167425633 -0.23276771640590113 -4.240024037648114
-1.6250864930221862 -0.34501403619683074 -4.249024802167829
-1.6059723202877696 -0.45807777658634286 -4.245013565275924
-1.964556933395761 -0.15238907316203248 -1.2117050391475315
-1.9624534429393399 -0.1767891693711082 -1.221393296198147
-1.9603574957588388 -0.2011003044294705 -1.2310488852335488
-1.9580633357925763 -0.2277147014755037 -1.2416116769279664
-1.9654847483322828 0.0233857065484144 -1.3116967935010502
-1.9745171734238993 0.005900112704096417 -1.193727345272088
-1.9793475679944224 -0.01007209611189397 -1.0792811389371344
-1.9591705489644287 0.16104636134626477 -0.9902750441854152
-1.9192382758091349 0.25249705254071453 -1.3041415061235522
-1.927779246533409 0.24021232305871573 -1.205973904334395
-1.9138857632400323 0.2728021313030628 -1.0937765859919788
-1.886961549238998 0.33296591337594583 -0.9981706917500854
-1.9213912892007365 0.2507879819385049 -1.2844556154501283
-1.9295653123048138 0.23716781025609618 -1.1737773053756757
-1.4727443492873231 0.7579380233362698 -0.5173552909181354
-1.4643272497476965 0.7608522528500611 -0.39839726528403024
-1.4600624035046323 0.766295543074436 -0.27930253281318607
-1.4512558456710043 0.7735352179457988 -0.15893527402280075
-1.501992528274039 0.7377870978448794 -0.5194516228875109
-1.5498986042505194 0.7092926931258899 -0.412947434120757
-1.6112353415403138 0.6582931061927215 -0.3232655500410674
-1.6861672694632797 0.5978518822931509 -0.25120294916111524
-1.7052189140093241 0.5762349970338483 -0.655153961855855
-1.7910798788922302 0.4909797347667823 -0.6018147311920803
-1.8026274119776275 0.47823922423403376 -0.6241935062025948
-1.814699260622239 0.4648446882517818 -0.6492668323341102
-1.6931456586979632 0.5894881766116432 -0.6240601937808772
-1.7424721628066746 0.5437608930400543 -0.5264607494226848
-1.773521812020752 0.5172585871434322 -0.4143280241920006
-1.7905193465378828 0.4956467966186782 -0.298679289211776
-0.4123837932518587 1.0991758178369502 -0.702492110463874
-0.4049120832848869 1.1015134458059774 -0.5830704422471893
-0.3975789412733028 1.1044268310894418 -0.46354417669306563
-0.38992995727440294 1.1053720705966559 -0.3439488712961146
-0.4473051906449867 1.0925153349952441 -0.7054147585163131
-0.5048149144551692 1.082386075483656 -0.6009500133388358
-0.5864805596104237 1.069481867042576 -0.5141838632136405
-0.6797683830019914 1.0545455477759742 -0.4395060621416068
-0.4287539509799805 1.0900468678543638 -1.1307185434390528
-0.33182569963216874 1.0955667949934724 -1.1937425630279683
-0.23376419037674578 1.1010878861682512 -1.259505144224609
-0.12112818070932135 1.1086173794235772 -1.292503357394831
-0.4294732463375549 1.0889818322064047 -1.162597052266245
-0.34994812919657614 1.0924391403848994 -1.2481506646735407
1.9007324285632672 -0.47764785914181684 -1.426635780644683
1.9079329731714596 -0.4487726313127961 -1.405566003109831
1.7354387909805138 -0.45871397918920453 -3.356997862389805
1.6490859917018592 0.6291000827425453 -0.03139554288991242
1.6224923391547503 0.6481958274271845 -0.043925201336600044
1.4119758266071087 0.7875314694862366 -0.34190463416771205
1.314244949011191 0.8426993648467479 -0.3132611762526853
1.2127702698813787 0.8921919985970811 -0.28422168908437356
1.1067510718556224 0.9348951266892104 -0.25476900921024587
1.4084433917108226 0.7882071167864416 -0.3763723196240517
1.3129383960996355 0.83961665552616 -0.415755356378358
1.2285769927244534 0.8843549577633049 -0.4826799823877558
1.1481002567069751 0.9189693352100934 -0.5601059593104262
1.5577512339118287 -1.2101915979274096 -1.1248029926015672
1.5580733230502901 -1.2101060298246316 -1.1116846740733595
1.559630331311706 -1.2082454621547676 -1.097424540652786
1.4862044150737972 -1.3015927256614663 -1.0601916819637542
1.5546720657400672 -1.2136812859299126 -1.1594521609034776
1.5490718965403716 -1.220366143444607 -1.2109848178975586
1.5427053896356075 -1.227482210019571 -1.285996823370174
1.5336490227510222 -1.2306801053580683 -1.3757042832465634
1.7075590132985903 -1.0044523981387459 -0.7891747292905233
1.679700714797457 -1.0495507875869443 -0.6850142489021175
1.6526422098947486 -1.0950433927472745 -0.5803332722457112
1.624948275253058 -1.143358579948918 -0.4740640115789123
1.726503713287439 -0.9775228840979774 -0.7776713811287235
1.7361380988985304 -0.9688457511906641 -0.6613240771193039
1.7610490337253129 -0.9355756267829213 -0.551001595867821
1.784155057429776 -0.8869724696179896 -0.4454918450969097
0.8739641447902549 0.6728189314026142 -5.138932436872953
1.0338239569712602 0.5883892604287259 -5.238423699988374
0.8436299441625218 0.6838204134963491 -5.147966234717446
0.811464676883774 0.6769700758266536 -5.264573895368268
0.7751468866996957 0.6746073244439991 -5.380222241995417
0.7505139939579173 0.6669707538553227 -5.497356431643293
0.6147085989802253 0.7513879206825606 -5.227689653014131
0.5787926303292363 0.7399182041388549 -5.341256403066394
0.5119105013288373 0.7378092457061755 -5.440706022239415
0.423040845566234 0.7428202366449349 -5.5208808011694765
0.5837879545785474 0.7608717204246475 -5.21279710027847
0.492364432719236 0.7681128121219324 -5.289817728878831
0.3857602560773936 0.7829903450474177 -5.342181488171281
0.2704451326622766 0.7943646316702968 -5.367374612186378
0.12808423903922328 0.8069587785241651 -5.313512666214315
0.08158230472554262 0.7917230602838825 -5.420925396394028
0.010413199455662605 0.780529838104221 -5.518009709200384
-0.06888887747129294 0.7700248419921916 -5.607557257895888
-0.17991098064111186 0.8400942142881971 -5.054456475491358
-0.18680041309070342 0.844979217726356 -5.019657943347296
-0.5322746881462336 0.76128478171595 -5.295668408530218
-0.6009979869760489 0.7340774938639936 -5.387593865263063
-0.6670498573101112 0.6955471826007399 -5.476308506077322
-0.7316173257768118 0.6568236569984033 -5.569480677310662
-0.5009186588884698 0.7639056676189754 -5.312669897090055
-0.5038960859525358 0.744666351177265 -5.428700658448078
-0.5571729380951591 0.7191135716446175 -5.530525077814126
-0.5729384698604624 0.7006238627862404 -5.628356496730599
-0.3517056501943904 0.7829251730818071 -5.339428001366282
-0.30051600903804787 0.7763259234911716 -5.448156168868185
-0.2272473163311929 0.7734324626681847 -5.54323955718447
1.6870354516662003 -0.4838851789971593 -3.632665268340105
1.6629216536375033 -0.5338984515221132 -3.734237841678372
1.6146875784432995 -0.6034497970026796 -3.8423570827880145
1.572276088213652 -0.6629907493251537 -3.9488864226433127
1.6848910768749887 -0.5104929236824447 -3.6115369443767302
1.6489103049221956 -0.6035249968476617 -3.6631305366328895
1.6038641776431197 -0.7039000700101423 -3.686412316032587
1.5553164297526272 -0.8014740873878974 -3.6876789301601507
1.8704994392524952 -0.1448400226853577 -2.562506698305662
1.8836227398778287 -0.12853577434834698 -2.450536436654993
1.8937236405229196 -0.12562624198544045 -2.3332439177061834
1.8743734088965596 -0.11382287817332691 -2.5634379982950675
1.8904269463784502 -0.04482393990480699 -2.4646465157131976
1.8936681056961826 0.031498796855980525 -2.37869599778893
1.8792020821535032 0.10906258072578638 -2.3093457725885855
1.8668830822246167 0.08674107266233423 -2.526102617212287
1.8580967958304688 0.151277020049631 -2.429595248946361
1.841830534120795 0.2368719931302134 -2.356674793042848
1.813320102521259 0.330254941808708 -2.3041728725382677
1.8727395712573411 0.0692770053009904 -2.5106805415004083
1.2472903036389065 0.47074933154212806 -5.069169238540579
1.2337103258545934 0.4743802986458628 -5.101284318445701
1.281303256363685 0.40672154522775533 -5.182577749860486
1.3198027804973351 0.34182584809046157 -5.2724545863749945
1.3528984330200278 0.2735716825879847 -5.363310356997944
1.461813247213246 0.26876655114275894 -4.841150800224154
1.4899269290479862 0.23002263810854714 -4.8129745653661615
1.5070361049818062 0.2042406661315675 -4.770248302267009
1.5567303516288586 0.06280139139259998 -4.749082117899385
1.4508135158187376 0.2700635689225158 -4.869173343034253
1.5156065381377841 0.05236130019380261 -4.963769286294115
1.5161115040566062 0.007411663196864321 -5.030850868404801
1.5013608231983229 0.004410599761737137 -5.102005779296681
1.6180182790890658 -0.03571336477743381 -4.5188414148600895
1.6105719010823105 -0.10090715488797403 -4.504981698946297
1.6015708373053352 -0.17160857990388048 -4.490190811527638
1.5872020081271159 -0.28961350461522684 -4.462433138174893
1.611473608101967 -0.03648583678138127 -4.552708927076736
1.5942133388805602 -0.0842470386914254 -4.604171934085733
1.5771890599077314 -0.12740256643270345 -4.67505778759663
1.547423422273644 -0.2377546174429992 -4.759304386253559
1.6684052632447535 -0.0519525137273429 -4.221092136011501
1.6816476207750177 -0.0612004446719954 -4.139427859678499
1.6719940576280354 -0.04430546708183808 -4.205916504691538
1.689486848603273 -0.04642744195895531 -4.1049558952927665
1.7140284754251789 -0.04443166645977205 -3.9434714135284796
1.717916379528886 -0.06622439044015592 -3.9003282915880657
1.7157333272360542 -0.15658321384146834 -3.844363586689596
1.7096443634940441 -0.24878194764325604 -3.7844692779389613
1.7192384919662254 -0.03648190282910723 -3.914696471091574
1.7247884724226992 -0.09541035798271236 -3.8313658315563326
1.7081987963037246 0.21064649968053042 -3.6178278453932204
1.7301105182997034 0.18372593461390374 -3.508001323109201
1.7512584487889213 0.1589546859138672 -3.3961436520958808
1.7147772487852682 0.1810204440573271 -3.6316743795068516
1.7466444975372264 0.1017956267467694 -3.5590354476815227
1.779865158647267 0.004715963841230453 -3.511009545719611
-0.9521767012483493 0.5956944386583412 -5.437941147411976
-0.910056076315118 0.5948025184707919 -5.549998566335556
-0.8971729562199012 0.5724640684099744 -5.666268085759268
-0.9090432130865997 0.5371156810436544 -5.7795419555563114
-0.9782495719298034 0.5764433149339867 -5.442862767976679
-0.9889671376143424 0.540319382177136 -5.556074169925951
-1.0226174419285312 0.4920631024540075 -5.65873452296479
-1.110045580124854 0.4082787766947046 -5.756889368858471
-1.3623071752760558 0.32549545214890585 -5.190845172974845
-1.3313687734628825 0.3356816193726548 -5.288019016882115
-1.2949297898311376 0.3427113624586604 -5.39101444710459
-1.2683542287787348 0.3203070963107324 -5.503315931308282
-1.3690851223224383 0.3206022558445157 -5.166352164856782
-1.3607116752316284 0.32450244278388374 -5.200673641780977
-1.343714951454533 0.3307563982314758 -5.256557614805771
-1.335138176192218 0.33284650212727024 -5.28021182642959
-1.4758468195724421 -0.9756808637933917 -3.5250133055228825
-1.4071516846747683 -1.0759921573143854 -3.582057497472539
-1.3525720766704883 -1.1238924573548228 -3.634864033228047
-1.3242076185800271 -1.1419779659261695 -3.689237712008987
-1.4749504057495704 -0.9867183639461894 -3.4933124029871356
-1.406210577359571 -1.0977872989374267 -3.4888940077268455
-1.3630776865336385 -1.1487371476576271 -3.4511329056350495
-1.317099253038884 -1.2046308863005182 -3.397766419469644
-1.5781445019175915 -0.9211801421316616 -3.0815908003436157
-1.5529354256348844 -0.9835131961020322 -2.9867439617350438
-1.5289441165361033 -1.044639095707571 -2.8890924516504386
-1.5004437515472464 -1.1010448750856998 -2.789056153049434
-1.5682778802092971 -0.9306361593492917 -3.105644044360705
-1.4983843474029876 -1.0471665999114572 -3.073165202422916
-1.4414585859511948 -1.132462496049387 -3.0689761598048277
-1.3828743224069686 -1.1978582338352468 -3.0752145936175643
-1.731218700664835 -0.7420646551149968 -2.5829149135892404
-1.7429731880160861 -0.7251017567172471 -2.518281236513419
-1.7307561843929617 -0.7757968428874723 -2.4115336633253457
-1.7192142424692904 -0.8166875351031173 -2.3001823777709727
-1.7366278830776114 -0.734245017398859 -2.5532145113556806
-1.7509479290354126 -0.7137020872179037 -2.474090701646904
-1.7473001807033477 -0.7523564166856209 -2.361627259903706
-1.7483498967839917 -0.7701189516511578 -2.243790260281706
-1.8428795987946551 -0.43861881729272933 -2.4145595716192245
-1.8541173794166175 -0.43027501359011744 -2.296716501639811
-1.8521052391450525 -0.40623172458013984 -2.4235586658376493
-1.8735222720849511 -0.33800661941225796 -2.3313944785880065
-1.8883334135834664 -0.2468141180341346 -2.259131347409787
-1.9034330868413054 -0.1240173197403875 -2.218492462372855
-1.4775226782307944 -0.5982919111605071 -4.644643387034069
-1.4733825808783918 -0.5838848302987567 -4.696869588898229
-1.4694710417133579 -0.5703338038641181 -4.746086512765177
-1.465507302306653 -0.5565995846192071 -4.795965130948149
-1.4754484913388797 -0.5911128086321898 -4.670728016268029
-1.468598390922446 -0.5672977889145445 -4.75709328349515
-1.4605209847764737 -0.5401183691240272 -4.851728344285051
-1.4453469768547995 -0.5091148130252847 -4.953104501646009
-1.5659204963964668 -0.5664266349956603 -4.236540161188682
-1.52701774840877 -0.6723794821430157 -4.226879479864722
-1.4817922597111202 -0.7745800583025323 -4.215772123736109
-1.4226202521972555 -0.8724747418205263 -4.202149633412874
-1.5739289317493674 -0.5616057892693738 -4.20441933709081
-1.529946005207209 -0.7132729300165335 -4.129498908739321
-1.5444994683881315 -0.7129759453306228 -4.0541350880244575
-1.5617393097018661 -0.711655895355728 -3.966803927393206
-1.9568121937907939 -0.24222667607814533 -1.247375662873194
-1.9518955242150569 -0.2828445015852847 -1.2644841703663998
-1.9347456281691306 -0.34577257043661647 -1.2897183332953486
-1.9129800101664032 -0.42566413131893643 -1.3209303702734525
-1.9599049424897632 0.18047070997356968 -0.8808358469524358
-1.9445584076039963 0.22834961662020933 -0.7731275465935435
-1.9306042561229968 0.2734832174024746 -0.6634634282270183
-1.9272284526489563 0.28644879754409136 -0.5450730791196976
-1.959527649710044 0.1817518697917821 -0.873437083559717
-1.9524882939102366 0.20518908538019356 -0.7566721894499829
-1.9551491545830513 0.20099039907160182 -0.6376172259711231
-1.970288925249528 0.17163371153226553 -0.5227267357977322
-1.855830313155269 0.39756302157328405 -0.9067332229761855
-1.8556596850637912 0.3998172517469902 -0.7618219793221324
-1.8402339363597178 0.41497238299839007 -0.9327741567025633
-1.4554624250828248 0.7663256581189006 -0.03901490997487427
-1.4265605486933806 0.7868349369068097 -0.04213462275437014
-1.7558795121448143 0.5356120925742609 -0.17656133611271482
-1.8125763187126065 0.46390917839350854 -0.10179453125792202
-1.8612791862904867 0.40163707946969796 -0.013213581451063348
-1.8187493512747048 0.45972107286672154 -0.6646014217618379
-0.43323157115143374 1.1015818062320242 -0.2323402010980757
-0.4763704129748414 1.0956648852177922 -0.12074392442323399
-0.5192109301336636 1.0883809549319297 -0.009340690690399295
-0.39963544516341487 1.1040367575290904 -0.22434855951484228
-0.37633556771856835 1.1049612864624647 -0.10675423904571857
-0.7713965871602955 1.0399401878553665 -0.3635650369869802
-0.860240537950055 1.0151684140488233 -0.2878448859623262
-0.9487585935969874 0.9895253848808148 -0.21166869696621543
-1.035318678162478 0.9622675959415357 -0.1354718441824197
-0.7893325186314326 1.0359332860996266 -0.394305626304832
-0.9021418636291808 1.0007413275563062 -0.38109289164432064
-1.0165477673623586 0.964556132327451 -0.3816981782507215
-1.1263421927419295 0.9298246333202927 -0.3984901968728532
0.9983250678472154 0.9728365449087402 -0.24219664124712387
0.8884951667439565 1.0084868061554784 -0.22998158976392669
0.7760973301353054 1.0372694971105363 -0.2179712680778874
0.6612157708355388 1.0613290057006826 -0.20592626731341412
1.0060173607527552 0.9711895804541872 -0.2077078091538866
0.920631104965048 1.0004568700792442 -0.1336987269981585
0.8544447639083586 1.0166183243514741 -0.039831945379118314
1.0889475592179318 0.9378816759363469 -0.6599849578673314
1.0380855017670991 0.9541256271127457 -0.759769040381256
0.9893530702502072 0.9694493296282098 -0.8608726475885503
0.942516720496002 0.9813403378400084 -0.9629526455841546
1.0637992283209856 0.9460046858509548 -0.6375899728474093
0.96385229509524 0.9781105347376666 -0.6879372421565101
0.8545353075704807 1.0132674839387623 -0.7106673115191733
0.7408326082535 1.0403813414545415 -0.7214022117788088
1.4108241135583106 -1.3794487997858922 -1.0056907221877753
1.337603767963268 -1.450020650039192 -0.9543610701430866
1.2573048921975893 -1.5230195103535011 -0.9006917581142692
1.1795525630037 -1.5937332427754805 -0.8472702036796708
1.4015948891977787 -1.3858852442743872 -1.0388778764386033
1.313850898316393 -1.4692476279355302 -1.0535462279125654
1.2331955629857962 -1.5406046665666036 -1.0952206634291108
1.1575849572727153 -1.5982771415053771 -1.1548083291363656
1.520959069477286 -1.235939481623812 -1.466615136579492
1.4692304925183146 -1.2848166602210773 -1.5612525451103847
1.4201970178329397 -1.3302714306506265 -1.6597678695785363
1.3729353254492294 -1.3746388356104655 -1.7601322702994204
1.5185612292531485 -1.2369306408215526 -1.483819723560278
1.4819393858612948 -1.2673917999967084 -1.592475589937264
1.5103211247863695 -1.22886365085065 -1.658327750056247
1.5431832225903417 -1.184057456264789 -1.7365462268834075
1.6064569445190235 -1.1774228953929782 -0.36078925996139
1.5869985892727798 -1.2095581543611034 -0.2477472120773809
1.5611506125575627 -1.2342687487570942 -0.13403239890432656
1.535513777254769 -1.2587051580097257 -0.019847965994730984
1.5885514153311804 -1.2033205486362384 -0.37722806688365734
1.5327779649319597 -1.2765819741859856 -0.3028743006412279
1.4595313650294643 -1.3550912247420523 -0.25371187443786525
1.3807061718138245 -1.434722858615637 -0.21751088765002438
1.8050742550492367 -0.8432898661393303 -0.33818530180207484
1.8501439083275688 -0.7416693371956242 -0.24283293129086714
1.861384110480321 -0.7212135310718338 -0.13061792392917984
1.8726120977546283 -0.7007829542100179 -0.018470591420707783
1.8152436096062778 -0.8180943275647147 -0.3576718905809057
1.855374819424827 -0.7263601649579297 -0.2953568867481484
1.8966288465127557 -0.6222266281787405 -0.26687890034129746
1.926463126408343 -0.5108832897780551 -0.2484190835273054
0.7337660073327934 0.6557100955795666 -5.615912286763526
0.7091593049166767 0.6405923097972415 -5.731067199975041
0.6765135100591232 0.627732536106234 -5.843520738778217
0.6516669950597624 0.610026146854206 -5.959358900404546
0.7089137721013428 0.6647793808651634 -5.608957459495242
0.6449857016980041 0.6620511831493187 -5.704585451259498
0.5673464692457973 0.6659787812553986 -5.780707647462188
0.22247575725545948 0.717027193189982 -5.887450719969764
0.3153298072051685 0.7566554763062125 -5.571667405833253
0.16250394464222384 0.7617512047877141 -5.632638441321228
0.17556133596147322 0.7543322900285802 -5.686390578165151
0.18086673843476775 0.7513942717581359 -5.7076531502693735
0.1644136172826014 0.7601621897777218 -5.644310971714745
0.18252204945514372 0.7500191042894977 -5.717754331798214
-0.13883667862889953 0.75453257997744 -5.703676361807144
-0.20748890324447591 0.7345246990619423 -5.799063029867433
-0.2747974880632916 0.7075390798483948 -5.893686230203022
-0.33821508556593843 0.6796978289337454 -5.990055027079958
-0.1643574455850164 0.7585345543824377 -5.678996090765006
-0.2733869283119126 0.7364488782976801 -5.720049532199059
-0.7816848500970778 0.6197589514866395 -5.670343480326818
-0.5882737799323741 0.6824870295048318 -5.724457904541576
-0.6020604847849279 0.6547469955252432 -5.826700919112031
-0.6161408757178473 0.6226202556664852 -5.932985323832207
-0.6235695637032076 0.5912060159374982 -6.048301755952796
-0.5842441435058113 0.6869986658927004 -5.7007799447818845
-0.5913227821412131 0.6785872891994974 -5.745384674651379
-0.6007760238833666 0.658726901410008 -5.812708129901073
-0.6061636728166375 0.6463609703466348 -5.853675724941198
1.541522985179635 -0.6987259593693211 -4.059843173160619
1.5116642014901125 -0.7327937523436696 -4.169323443472773
1.4739981344959645 -0.762125449446884 -4.27614885013947
1.341308572626244 -0.9582940178258154 -4.355028983855201
1.5331203708034329 -0.7282427661593603 -4.042111184561057
1.4843327922696987 -0.8087584717232864 -4.108536139204669
1.4170785637898888 -0.8961575205747149 -4.145869026896165
1.349572842257444 -0.9884439460126316 -4.172737242831837
1.5094628572394446 -0.8948055728966469 -3.6828759349412676
1.4558856606352837 -0.9747339949829987 -3.6756619457986006
1.4570124415671444 -0.9795771215221153 -3.6542465050417605
1.4584187719953936 -0.9851396441962463 -3.6291213426475917
1.5129819012723018 -0.8940344595253631 -3.6505370339223697
1.4611158001350233 -0.9936445083364575 -3.5881289849985993
1.466622722519117 -1.0135087873014226 -3.4961199820583153
1.467635056845108 -1.0340108312637688 -3.3958532496847247
1.864267656039624 0.19093192756402558 -2.235511290254828
1.8497749474209142 0.27443588154698495 -2.159442131683607
1.7491086782334089 0.41251088161128857 -2.2711359540098677
1.684587929334744 0.4908919452301933 -2.2369868330163567
1.760349587009244 0.40522011842096606 -2.242242476720127
1.7271364674630834 0.45793385582354407 -2.156970461937832
1.3632539094253788 0.18919961425527693 -5.43656645871335
1.3496821583398588 0.20744175492003514 -5.4526699482532015
1.3438396030936266 0.10269766279012044 -5.568090279088127
1.330576016027958 0.0557439086026088 -5.676436535112054
1.3074325269954936 0.046380694461490575 -5.770127905806074
1.5692514194048137 -0.008767887909105935 -4.781327706819063
1.5759120141568739 -0.009834017574184506 -4.7486321306001065
1.4751346691694533 0.018736239281877065 -5.191305450019849
1.445661820167864 0.036772955576156986 -5.289255701955959
1.483458156406024 0.007918392226086488 -5.170746038357101
1.4735699166817648 0.009064983090122592 -5.209694968379669
1.4592190120232076 0.014779757082191718 -5.261195470815441
1.4542880589222702 0.013962132111198145 -5.282342154801589
1.5694781475038933 -0.40429901928234224 -4.453094188137147
1.5524736690943615 -0.5122334723470621 -4.445824919000551
1.5125127521638855 -0.6111589790915398 -4.436057424901531
1.4618835552233658 -0.6976190013498271 -4.453866483678623
1.5776255831227342 -0.3976091521009343 -4.42026275112768
1.577606164082795 -0.48191560469691835 -4.352357877792712
1.5712552554134764 -0.5379486318032561 -4.261297751115188
1.567526954226565 -0.5894958127633848 -4.15876503108889
1.5213917227729332 -0.30532843497149165 -4.862432065521527
1.4895289660009552 -0.3564795147120199 -4.962773317988889
1.4569087770706708 -0.3851584428270183 -5.061966263119611
1.4173407269945657 -0.43078984360088396 -5.162644787064931
1.5206072885966875 -0.3296898481850982 -4.843712636467153
1.4837501545663299 -0.4088752808517297 -4.895950396280613
1.4564801631456579 -0.46840065892649124 -4.914129966116655
1.4164453923635372 -0.5694346207931773 -4.920473259438781
1.705151899915618 -0.3201238419720105 -3.7158419921451418
1.6999573213650045 -0.3356846994716816 -3.741027900493209
-0.9632166334038003 0.48166788949726597 -5.890185939157541
-0.9992585437405698 0.4336793022139367 -5.990210438606707
-1.0093677218080301 0.3725112067569517 -6.079213966229498
-1.0065682765900272 0.3190774911811628 -6.177402289956485
-0.9521042474938621 0.48623257097654576 -5.9020130202275105
-0.9539175789186255 0.4534210766309086 -6.021540002564117
-0.9289670296794323 0.4367332529534299 -6.138945886280911
-0.8880738612262009 0.430218421601622 -6.250916360993904
-1.1406343501266523 0.33901148768764455 -5.8270382859783965
-1.154352028458645 0.265056542642625 -5.895261656871432
-1.2622541707084072 -0.00872093835772315 -5.99354720897328
-1.158029318271986 0.33196892635867964 -5.79757605147537
-1.201291819197149 0.2560343633347807 -5.802412120266725
-1.245939506242566 0.17865970349041438 -5.780140048686848
-1.3331175266938862 -0.0018502258561288497 -5.754424362643191
-1.2609920227450704 0.2641537405125878 -5.60188763814393
-1.244840219172803 0.2928419408053176 -5.613001677545506
-1.309059839322406 -1.1494083502590144 -3.7304741991483708
-1.2306919642725398 -1.2161560246411929 -3.788832928704097
-1.1535544638120963 -1.2808303045522835 -3.8518899571008003
-1.0744080544915908 -1.3412533775679487 -3.9161343150154533
-1.3110814656252856 -1.1418453077921598 -3.760950066668111
-1.3511271644791314 -1.0685295267323893 -3.905219383281373
-1.2489702511564782 -1.2820315183666429 -3.346615970698255
-1.1797281948992604 -1.360698074625728 -3.294622666957826
-1.1077431940078406 -1.4367978812060405 -3.2415638415903065
-1.0249922683116617 -1.4959122396315307 -3.184588074673461
-1.2657730511576928 -1.270826021056948 -3.3186136050234736
-1.2340410387697345 -1.3214171903120242 -3.219097582832907
-1.2225674753423366 -1.3534220981097291 -3.107092952880259
-1.2210001034995468 -1.3762242082255394 -2.9918948900896374
-1.4437326695573998 -1.178968858698805 -2.7201973165301623
-1.387199629840783 -1.2569059637768585 -2.6502619428327314
-1.3284322586973338 -1.3335031778336799 -2.5798033035287578
-1.2596126569751953 -1.398169273235873 -2.50858422954617
-1.4624008927562993 -1.1627868475810708 -2.695375110647906
-1.4438571605120036 -1.2027756236315863 -2.5850866325104045
-1.4421130324509428 -1.2196528048924846 -2.467309446785257
-1.4495585671578848 -1.2244201328050253 -2.349117298912362
-1.3263516614743267 -1.2489628799049473 -3.117239264032824
-1.3247912055612228 -1.256694029345934 -3.083694294649711
-1.767717497805527 -0.7513589498646306 -2.1277265439204975
-1.784783145419575 -0.7322823544843056 -2.0111977001745016
-1.7902784693626264 -0.7394276291625869 -1.8976023820169932
-1.7934510850634657 -0.7543751833077119 -1.7841436900829428
-1.7516771515933596 -0.7827809886165996 -2.1251394868333997
-1.7398574787575694 -0.8230324877492459 -2.013355595279629
-1.714695283889647 -0.8869498720151879 -1.9153015436126213
-1.6789448414806016 -0.9676975073900372 -1.834994781064211
-1.9124192191175984 -0.023264371070189676 -2.226406132687085
-1.8981668350777698 0.06775682307013668 -2.2325630232328315
-1.8746698786240574 0.154708289797558 -2.2695866402320006
-1.8511923309551725 0.2320013255988712 -2.333181910761379
-1.42872912080258 -0.4754826800572426 -5.063647600922993
-1.4292589763539618 -0.32431926620299767 -5.22653362578661
-1.4073196696236938 -0.3534448775785591 -5.323003673909691
-1.3731295997785633 -0.376981033982336 -5.413536461461643
-1.4303218746910586 -0.4788166628697871 -5.052887795178966
-1.4289995528489 -0.3246988707556311 -5.2276419329183605
-1.4018258902848864 -0.3567903452826929 -5.338473337307574
-1.3607109339613823 -0.3858282501685146 -5.445872371999403
-1.2803591305522843 -1.1004601346208764 -4.119239170562787
-1.2690869289012228 -1.1032509987156918 -4.153490945645174
-1.2459535927163892 -1.1114496263759983 -4.212903499598377
-1.1489504167255087 -1.1972516222729752 -4.235609445517351
-1.2684809835784867 -1.1044126919918997 -4.150877660921778
-1.260267855805841 -1.106182143898522 -4.176996640033328
-1.2421291103995982 -1.1126251141922388 -4.223518075112961
-1.1504582679193192 -1.1897045864183762 -4.2626145010816545
-1.8821579258716292 -0.5404470012689699 -1.3154961614344494
-1.8512290364290223 -0.6556320771293438 -1.3099089382813942
-1.8147665003522382 -0.7662460887970794 -1.3035104044969787
-1.7629399071132228 -0.8654341521500023 -1.2968347621075853
-1.902811648039452 -0.5387096439887503 -1.0480769177845017
-1.873190715858784 -0.6312120804979662 -1.0480562316089421
-1.8502183084654003 -0.706344633463571 -0.9594493452323157
-1.8280414301421963 -0.7610744236246612 -0.856441196486431
-1.9085736339955748 0.3294267946347154 -0.4398474787835115
-1.8935358240765987 0.35716573628743975 -0.32756746289081046
-1.9059515949054167 0.3372783471390753 -0.21138997282713176
-1.9292551103908595 0.2860548769756476 -0.10797193340875177
-1.9414742466819914 0.2560904512952119 -0.43077459243481697
-1.965529266462492 0.20157365078992165 -0.3279942270289384
-1.9839939474869646 0.12559730693337615 -0.24016331235487653
-1.987329771649361 0.10215055067480233 -0.4278886410162375
-1.9956140002133025 0.033681605917635714 -0.33231572082079863
-1.996621868492697 -0.06008253387361133 -0.2618459454981578
-1.9919924116689736 -0.1614627073104612 -0.20768761784687456
-1.115514800360688 0.9273521852414242 -0.05734966753754384
-1.0905274251400556 0.936966540350337 -0.03537048661587968
-1.2195773231654532 0.8873219467664247 -0.414180162269218
-1.3163886808505967 0.8375687140707437 -0.4296780032633131
-1.2291617028655504 0.882397267141145 -0.4157878646834508
-1.3316990047877437 0.8297014917636932 -0.43221279862312123
0.5491865561229262 1.082139661182657 -0.17564415220988108
0.43728462535596535 1.1008247529458934 -0.14559991121067586
0.3231998332268939 1.1084702385094143 -0.11539801013310805
0.21917053937263611 1.1153418726866067 -0.06449950911399803
0.5451586614692007 1.0824777720793852 -0.21074138718868568
0.45885719273042 1.097751559649074 -0.2542646020980255
0.4370724254046032 1.1007517431254858 -0.3407194816343465
0.41402517929849725 1.103417900773361 -0.4413613572085757
0.8709019116826603 1.001031147958303 -1.0562303676969327
0.7992055170905522 1.0207417065268458 -1.149726068037341
0.7261715009883156 1.0341955851775895 -1.2432259849446037
0.6526458611025902 1.0447305791490205 -1.3367407830093805
0.9002970182565585 0.9916000536135916 -1.07408395413613
0.8876832634100198 0.9907092177747712 -1.192782327280049
0.9041292792947336 0.9822878123457606 -1.3110569140051571
0.8031946387884306 1.009602405616601 -1.4743557236171243
0.6270790459495973 1.061216189664079 -0.6987555827765298
0.5137807515744846 1.0819720902370362 -0.675925407238546
0.3999297787625832 1.102462446188748 -0.652964066418443
0.2832559708933769 1.1101431291316528 -0.6656940897909596
0.6254585129544666 1.0609423008322365 -0.7336896891681595
0.5193269679063628 1.079318957297469 -0.7781784301556174
0.42754439885238626 1.0946982620771306 -0.8492582984662764
0.3434255008240555 1.1026138390731357 -0.9312971150513567
1.1045784327313835 -1.6489689003114523 -0.7786351185152701
1.0235870114513157 -1.696660826157642 -0.7090108801411374
0.9402847748927093 -1.7457166662600399 -0.6384041252553088
0.8582003343977677 -1.7940515964003774 -0.567644398573896
1.0908649864510513 -1.6568785110803717 -0.8105438951370524
0.990640725602624 -1.713899229049631 -0.8062137284369776
0.8619643285416185 -1.786619361938452 -0.8242071402343001
0.8489141003536061 -1.7926393615991936 -0.8914534975234145
1.0723150184708128 -1.64524791662058 -1.2135350806487855
0.8024319702347872 -1.800706688068531 -1.273979964738273
1.0902986245379354 -1.633074397080002 -1.240238925462013
1.0457854148228936 -1.6549061994061414 -1.3442024372105204
0.7986978746397614 -1.7936454153353887 -1.4530798390570023
0.7938760054555993 -1.7879284254171586 -1.5654598199659162
1.3370814660567663 -1.4054114129266855 -1.8699965119419861
1.2953237341495831 -1.429173517138837 -1.9796531547890655
1.2521289538402258 -1.4496889296600424 -2.0887891951924846
1.2097843320302926 -1.4692338450844522 -2.197669183001155
1.3144395952571095 -1.4250745901394732 -1.850836301490001
1.2342645467151723 -1.4831532519530373 -1.916927161963618
1.1437387080257917 -1.5477160062269868 -1.9552248359987123
1.0507993660414352 -1.6154124647417831 -1.9798876340572584
1.5792024433477343 -1.1299035545934784 -1.8311138590822456
1.6085601323493952 -1.0683167859957798 -1.9255074317636278
1.630531161716618 -1.0192200594579501 -2.0320976122275494
1.6533080627669248 -0.967786609099285 -2.1375114183771946
1.5760906086760291 -1.1364984847130342 -1.820308300690578
1.5982947901343043 -1.0897337695447296 -1.893909259517732
1.5709811678081345 -1.116722855093948 -2.0048408919534757
1.5336658423491383 -1.1453047650261365 -2.113044630057037
1.302251560272005 -1.5136815256863734 -0.18025657098565157
1.2112132271731892 -1.577733536168805 -0.14287688772533727
1.1173383645458357 -1.6437775598442246 -0.10420279486542047
1.0250428249295924 -1.7087111407104887 -0.06620263954126142
1.2963718832947742 -1.5180961517534068 -0.21476965276495652
1.2052401165215445 -1.5848984189369126 -0.24461246072384318
1.1232835437511948 -1.6438117834106516 -0.30183989718760085
1.0411697459389246 -1.6900422872511465 -0.3700611546387032
1.9563238398613922 -0.40077901038981206 -0.21736534431086646
1.9752972822344548 -0.2890138997295935 -0.18598993456208102
1.9965550500161793 -0.10402091871897284 -0.17809331205982867
1.9988609964445794 0.008380611121027675 -0.14887977723310783
1.957109309746779 -0.3971235917505353 -0.25241599113000124
1.9748510201300946 -0.28722671241023606 -0.2890569372641886
1.9875704634670894 -0.19157005208793879 -0.35402192020193085
1.9916755432184858 -0.10676221233070808 -0.43463546716860857
0.6113146100679367 0.6010475762963898 -6.071935920183914
0.5718713547329064 0.5925560503561604 -6.18470493207107
0.5306136462702656 0.5793127852327549 -6.296390889322383
0.4881951575300398 0.5665194837713887 -6.408262299122152
0.6418072859549153 0.584511189532902 -6.075953552543956
0.6613522759129926 0.5477115356640192 -6.188104531151187
0.7059500267274825 0.5027227168804203 -6.288386765316597
0.7714778164549251 0.4502477835317935 -6.376158548066222
0.22819241672211513 0.7101236434703372 -5.915256923350958
0.2410802699851066 0.696291301540292 -5.969972872501523
0.1705504175945038 0.6854612752653295 -6.068942602367941
0.10853189248722213 0.6723936445839115 -6.172289225697923
0.23539426124968774 0.7023679471789194 -5.945952675936399
0.24587325900864979 0.6910547512790975 -5.9907467275570685
0.16742366652832022 0.6827358501057534 -6.083668304427063
0.10056902032300681 0.6710609982072673 -6.183969128772389
-0.3730224195098305 0.6524960458996799 -6.109440502182335
-0.4044536539406042 0.6250976574362256 -6.223959077310711
-0.4302369576576916 0.5984534646284568 -6.3375287624050936
-0.42924939007798174 0.5662991006076837 -6.451819466138645
-0.4035681569270002 0.6495784328613435 -6.095706737098444
-0.6726039204436869 0.5457367082774999 -6.146436021706691
-0.7215154387565046 0.5029183673594486 -6.244000143001932
-0.8148725442369168 0.4343622496697095 -6.377609745902074
-0.7900156008949051 0.4215290932018641 -6.487067944398925
-0.6414254072860885 0.5559387404258527 -6.160665940731332
-0.6295730882205027 0.5351928455514139 -6.276837679428533
-0.5886170768436455 0.5266370963273852 -6.390093563561447
-0.7453612481962755 0.4216312784214053 -6.557462923754486
1.3156683316564817 -0.9636895409900372 -4.469108947545027
1.2819732833696678 -0.9645214475159082 -4.582262849460665
1.2402718448314958 -0.9754078716828126 -4.6954509624910346
1.1997912074222616 -0.9846227693029596 -4.809010979965267
1.318509794128303 -0.9637742029306641 -4.459145057825213
1.2919287522401315 -0.9636551394926686 -4.5505210791433655
1.2704610320146026 -0.9638993616699816 -4.623392057574268
1.2007555122888676 -1.023062101956615 -4.700988899118951
1.2833602711054535 -1.0801925773963996 -4.1808004479311345
1.2061515404296284 -1.1635108590082859 -4.186181481014754
1.1243743148448162 -1.239454347833193 -4.190865588903505
1.034259049190713 -1.3098749195497936 -4.194115835372973
1.2891870591156542 -1.0825817092041121 -4.1467394024637025
1.231456643915914 -1.1626691925115524 -4.088605068484291
1.1815463258026242 -1.2234871434470935 -4.005679538043993
1.1385312113304664 -1.2752775302601842 -3.9110888532488204
1.46819052071055 -1.0535294422176058 -3.2830175787512133
1.5019220498243422 -1.0379645311432204 -3.070418884982369
1.4680013344499026 -1.1014127970912162 -3.0199474281485656
1.4337640741187125 -1.1625941937957094 -2.971098175806861
1.4681135466423163 -1.0513356418535158 -3.295828537693113
1.4962999662223524 -1.0480295043024188 -3.064547557532255
1.4508595429210744 -1.1329068040372376 -2.997590459402358
1.398594529009525 -1.2030220490164485 -2.9291009300802395
1.2919737616591354 0.004647435977831416 -5.888345444291949
1.259471270114836 -0.023670877461462157 -5.99797987720402
1.2237537995075647 -0.023413183694376737 -6.100795373009727
1.189412735683945 -0.008201149089004687 -6.203062084644322
1.2959573608016413 -0.024969640434534406 -5.872949061326465
1.2701100407318036 -0.07116988964482969 -5.944378949038389
1.245299524124741 -0.16894420759638684 -5.987693036427665
1.2208562169878494 -0.2623344456259189 -6.018614459472845
1.3722869828863997 -0.5007195325034755 -5.233786959469418
1.322756709079997 -0.5573982964185146 -5.304190747598457
1.265786584736828 -0.6331422514957904 -5.381235520198503
1.2125337736708885 -0.708500586192486 -5.458750310064879
1.3760027472375445 -0.4776395703014947 -5.256595514406351
1.33915612804748 -0.49210822467940013 -5.367399121756124
1.3167587693830738 -0.49064552366112424 -5.482839939568079
1.2873887433210744 -0.4619502619926763 -5.590082289585143
1.3737595354262822 -0.6707049253947694 -4.936859934027865
1.3271002183144318 -0.7703373059598122 -4.952732607411402
1.2565911472319964 -0.8571204595168502 -4.962711325273209
1.1881970488674756 -0.9292054092376175 -5.004215195979292
1.381163416168616 -0.6735308796035377 -4.9036132627738604
1.3484811758786956 -0.7652178587317922 -4.854266250609662
1.3231811218395408 -0.8411045285908428 -4.777328383798733
-1.0050460346077446 0.258170467103092 -6.274516452098722
-1.1082689389511875 0.01853610021716826 -6.401732441275049
-0.9830242887249928 0.2830442614573179 -6.284195038514064
-1.0023269703629285 -1.384560774863684 -3.9946555012200196
-0.9252012126111903 -1.4171772781005172 -4.072729647620819
-0.8462168267149769 -1.4469819892443208 -4.151845758449024
-0.6228182633025902 -1.5532996484413477 -4.222439614895594
-0.9860413998925577 -1.3989691026377558 -3.965039906327594
-0.8915119459535901 -1.451853920477494 -3.9816095546519175
-0.9337519443458829 -1.5577509556065932 -3.1423761184546977
-0.8433913827976195 -1.6190176868150885 -3.100421373245141
-0.7505151797252048 -1.6726690560255073 -3.057877600591197
-0.6519075282682985 -1.7172582436278487 -3.0136800220404156
-0.9506388145987597 -1.5524592221783462 -3.1122218017528223
-0.858586051728371 -1.6241754585891175 -3.0120868500738918
-0.8757078887423924 -1.6296745691990542 -2.9144788703651536
-0.8949758023778416 -1.6336344623922971 -2.8102144866196213
-1.183769514095789 -1.4211338997980827 -2.8905827746525254
-1.1433396458677951 -1.461739469883249 -2.7869267943607947
-1.1053121029051531 -1.5043007552753787 -2.682739152470707
-1.0414825928862943 -1.5619365332129556 -2.600106452878516
-1.2112169458860098 -1.4031048827625925 -2.8779252122112005
-1.2243062558739723 -1.4081270258049519 -2.761446887381868
-1.1768817875070978 -1.4736814981803052 -2.451045787231093
-1.099952052627408 -1.545079438943349 -2.394519087322745
-1.0383878383986556 -1.5964267951522093 -2.3132042639175534
-0.9853382191127625 -1.633068703397042 -2.2188162406631844
-1.193966170737523 -1.4623051091264176 -2.4212751398740346
-1.1539600332049122 -1.5085280814264792 -2.316484551244987
-1.1383469207982262 -1.5360389409958863 -2.2016686679989332
-1.1430039400169574 -1.5467529396551272 -2.0828635044317307
-1.3928166989588193 -1.3066824774694914 -2.2682649193776228
-1.3913739016690272 -1.3100770485625124 -2.255414988627206
-1.3808111651508612 -1.3360315765875281 -2.1418532055587542
-1.3658090407609198 -1.3590754969822005 -2.0270083669662764
-1.3611692107683355 -1.3733493865994666 -1.9081286317331803
-1.7941182397075317 -0.7669035447969371 -1.6755545442762712
-1.7933776835374158 -0.7805246661410324 -1.5628877845781812
-1.8094908099907678 -0.7618940712841193 -1.4404561985497748
-1.794192783107009 -0.7677623369165243 -1.6662308704758055
-1.7933930717765088 -0.7820934688751013 -1.5480676709771457
-1.8006826782810617 -0.7810035325003377 -1.4246718308985697
-1.6372648769153226 -1.0490164095654897 -1.7592773265231225
-1.5855979547798065 -1.1226017180063284 -1.6823644562875302
-1.5327746595019904 -1.1977037281004872 -1.6052611307568745
-1.4814736822983587 -1.273494788401122 -1.5277191166103026
-1.6247655376570194 -1.0626355746499343 -1.7898400318602552
-1.5537844902541598 -1.155952729171511 -1.7755837775616983
-1.4823601016620167 -1.246413442424483 -1.7911666597072717
-1.8209835258188833 0.30195822857795107 -2.4066021161030027
-1.7702535413494418 0.36209542734004796 -2.4836704824565476
-1.6550698593495776 0.5097573702123909 -2.559407877940304
-1.831473502928569 0.2806260782219179 -2.4280642818645455
-1.810838273684085 0.29809898935289775 -2.5355772059770927
-1.8050960974913726 0.2911670874427022 -2.6458167605121496
-1.7974661164172778 0.286279640974178 -2.7574120681803773
-1.3142761317039435 -0.4342989192365032 -5.545890938301902
-1.2679721017160897 -0.48244227733413725 -5.645886810779227
-1.2203703951342384 -0.5292956344908983 -5.745028680122373
-1.1714500670108798 -0.5752931852458939 -5.843875346663938
-1.324260859797907 -0.3984618719420432 -5.558879989027598
-1.2983949489485729 -0.3815090904087139 -5.674252065437589
-1.2836816993660194 -0.33960241105277006 -5.783670814885606
-1.2555989110201333 -0.2832791487366627 -5.882507221796219
-1.0705304307412142 -1.25257940733573 -4.3157250025262615
-0.991822348343213 -1.3094404092730778 -4.37018331074325
-0.9116767495871873 -1.356328614673962 -4.4248894484443
-0.839626625903546 -1.3798974478020978 -4.504240609840712
-1.080825781704635 -1.2366826080066509 -4.341682936567529
-1.0284152141386105 -1.2587289241994277 -4.439800194800372
-0.993437896964818 -1.2626796746565105 -4.547369302969641
-0.9766551633988354 -1.2491979464432093 -4.6591194148484965
-1.7103944684241545 -0.9549411870699568 -1.270667828023658
-1.6489094833687756 -1.0598064113173513 -1.2489255950993574
-1.5907279478168312 -1.158962842269897 -1.2232709056268567
-1.5348654038222556 -1.243361825488705 -1.168851887825323
-1.7041988890075481 -0.9660874212667775 -1.3079264477941321
-1.648446522133933 -1.0620385654387328 -1.346978533841224
-1.592244636184029 -1.1410592118336207 -1.411923434907277
-1.805500358329452 -0.8214516475013376 -0.7563557659510428
-1.7849262617652624 -0.8787249693289022 -0.654143059099253
-1.7580733358633176 -0.9334328661188037 -0.5515365047633563
-1.726664756295863 -0.9855216566222094 -0.44851752195892014
-1.8198832681388102 -0.7888779357990968 -0.7407811084769292
-1.8251035560986744 -0.7868008385622294 -0.6215090104629934
-1.8355162640944676 -0.7569990458671942 -0.5078310975241103
-1.8542461079255887 -0.714891827471269 -0.39955996297033647
-1.9644978432410625 0.19883439807724573 -0.04033281467336668
-1.954721587271183 0.2211864482023914 -0.01506741448578946
-1.9817789264702461 -0.2594908912275442 -0.14659952118063926
-1.966387387465703 -0.35712567812829327 -0.08557867169894649
-1.9441079528741032 -0.45406466008329643 -0.02431837500130793
-1.980256688022655 -0.2729167655716078 -0.17896255157506716
-1.9583237160628715 -0.3864836791388576 -0.18278075178318898
-1.9324624878808117 -0.5072511607464253 -0.21267348722805554
-1.9262220417786813 -0.5307465740972378 -0.29291668221156725
0.5955879212293105 1.051398778624159 -1.4413923225506828
0.538387815962364 1.0580827857494648 -1.5463236496057198
0.4872495175020245 1.0649940279514438 -1.6540079195199209
0.5676494640476056 1.0575911531653337 -1.420056728655762
0.4638519931269956 1.074007487732863 -1.4778229091511679
0.3503464888240123 1.087585085962544 -1.507626547402997
0.8405448279388464 0.9975416569021516 -1.587443369133579
0.8771021167542241 0.9839716663875594 -1.7005979654059342
0.9133961704024146 0.967846933321798 -1.8136153436169127
0.8398549042585355 0.9978074454338166 -1.5843396661038296
0.8745645809634924 0.9850788066073781 -1.6933617640876972
0.9083011337027033 0.9700709597872401 -1.7990519649488015
0.9890548220186516 0.9394072658099771 -1.879057013794309
0.17758311611350638 1.115752157259246 -0.7182017803398119
0.16718641455374988 1.1170677050634341 -0.6848486566799638
0.05446174798305484 1.123544512421488 -0.6713177597953617
0.2954259353231855 1.1036700296456543 -1.0384669105269224
0.24705361100832185 1.1046674922113406 -1.1465210478921273
0.20446364702096004 1.1036315965315795 -1.2576219858062652
0.26586459510071087 1.1054855246080222 -1.0194605478456598
0.16688545661236148 1.1097841975007419 -1.0832574230948224
0.7859567972943351 -1.8331720197527268 -0.48327879287745146
0.7080878096794387 -1.8594305341356827 -0.3981730910763591
0.630034732872526 -1.8855021061951944 -0.31221404780984424
0.5525971277962527 -1.9114314703449506 -0.22546616927538715
0.7658122596778943 -1.8385022294466742 -0.5121038348723722
0.6564560534898579 -1.8708294500402534 -0.4874309447797787
0.5456382168885635 -1.9042378936727695 -0.4921591672877011
0.4346355414818239 -1.9379805205084562 -0.5096487476344361
0.8327617216230295 -1.8000057869786552 -0.9787679103871547
0.816291314591216 -1.8030814191333777 -1.077273815917165
0.8376944197227812 -1.7977531756229403 -0.9522488641982708
0.8320008942870466 -1.800389318254307 -0.9811162778589394
0.7751867119403106 -1.7890765722691182 -1.6846501657765054
0.7605647512336567 -1.7881049740637227 -1.803284565698167
0.7492841991006018 -1.7822519339921152 -1.920874182516932
0.7116580829360333 -1.7801787779989653 -2.029926745128742
0.753394162597564 -1.7990348548279786 -1.6756670945213001
0.6933395541332974 -1.814002550516169 -1.7670464342980303
0.6193389800176071 -1.8333543935143906 -1.834278529651133
0.5448483229354808 -1.8516955159860364 -1.8906443510329314
1.152637856491745 -1.5009778742285285 -2.298147095192403
1.0957481647895762 -1.534634342601985 -2.3995886557157666
1.0411046237296273 -1.5711687121065105 -2.5010331141706623
0.9473210643646476 -1.6100800703215437 -2.6449811429683203
1.1833266572128627 -1.4757779455849287 -2.3148275528000255
1.1818212515171516 -1.4642321458255272 -2.436952812242494
1.204942062555555 -1.4383514670419413 -2.5538849625234055
1.2344710655791584 -1.404376107723395 -2.664597406562621
0.952087188556872 -1.676627851409805 -1.9702094797670835
0.9521846071078185 -1.6744236239118993 -2.0060815564425067
0.859039924130746 -1.720088885610434 -2.0623909076781675
1.680792348460383 -0.9002714266990759 -2.2323868324323803
1.7088596758022065 -0.8314598004015313 -2.3284751452550534
1.736667159227894 -0.7634263780281988 -2.423917201454594
1.7537775506515303 -0.6924509631129957 -2.5165213942986417
1.6651384888055678 -0.9273885120902166 -2.249514644280488
1.662654084940564 -0.9133696105996277 -2.3698912036996456
1.6232774637925638 -0.9695906837364577 -2.492436328067451
1.6215790059710893 -0.9558903000738219 -2.6013045388694964
1.481158689132798 -1.198266570247424 -2.20356223816071
1.426798811746055 -1.2541628500529103 -2.295728617776592
1.3729627679669267 -1.3094746432991773 -2.3874305941720277
1.3318937350684228 -1.3425782323443471 -2.492661889855244
1.4988834543257863 -1.1747811261288401 -2.2221234047721423
1.483448815753158 -1.1803767814066435 -2.3387937286593816
1.4821883306309205 -1.1620188752548497 -2.4565010953628046
0.9381245077986395 -1.7643939481627051 -0.012605336136706863
0.9282572306271674 -1.768919474407364 -0.0464438201531188
0.8213884538793247 -1.8109669628215521 -0.06074162465175916
0.7153502640538781 -1.8528033971268818 -0.08077934830860192
0.6124617413638722 -1.8929277693993054 -0.07649274774051175
0.9546757452604275 -1.7391779784573775 -0.4314924710997351
0.9728597683493544 -1.7271920941910583 -0.4579051254273138
1.98857616149641 0.1079184434914405 -0.10509387424426042
1.9606295102229165 0.21076600806311113 -0.059328661451800144
1.9223093802881945 0.29910135935414905 -0.012714665601757288
1.9882541619544403 0.11611985874404868 -0.13862529676380062
1.9621057073021528 0.20985682691976448 -0.15801583497175906
1.9300546276343529 0.28664535100990557 -0.20737632623362037
1.888981940481302 0.35398450888167754 -0.2778120343836262
1.992740587086639 -0.05317684700590428 -0.538977068279094
1.9925693633502364 -0.0058002369157498426 -0.6441352496325747
1.9857509633778256 0.04015016262508805 -0.7501171550245632
1.9946991045316969 0.005021852620709767 -0.5166996629878712
1.9846577252195625 0.09812334527602672 -0.5796354013697278
1.9627009652244964 0.19074784177011547 -0.6189991644170829
1.9260471712977294 0.28268052711848984 -0.6417289610064063
0.4623194528955144 0.5456436259330126 -6.523493548715541
0.4358037081100667 0.520971225072852 -6.637503584606796
0.40854318050575583 0.4940749560778575 -6.750967779252696
0.44096211970820165 0.41765703634116025 -6.941833679604553
0.431273946077966 0.5551527684079276 -6.512466730782322
0.3477811983020463 0.5475982066854541 -6.5973061940196756
0.24327959237233823 0.5452625790619124 -6.66346548510542
0.13060161957411948 0.5494246950496512 -6.7092771150370325
0.8323540697399385 0.3995421982202234 -6.4662489619444345
0.8525977211465331 0.3338006624474887 -6.539550694460205
0.8480149010023955 0.28893175124892295 -6.61227007322596
0.8310584224473173 0.26082135779504767 -6.687218634027243
0.8547563611530616 0.39442618551059916 -6.440195384422987
0.9083305057328304 0.3325083093885197 -6.446635500029219
1.0574637571499437 0.16510495382876372 -6.381830516966006
1.0912419438865881 0.07046585837481281 -6.408708747637107
0.022844602287658212 0.6594156716267773 -6.274112863254643
-0.047811308488358926 0.6340432894260327 -6.36216628135662
-0.11055767251010488 0.6098640695409564 -6.448522130353511
-0.2715137057245086 0.5455555387914593 -6.673292893177931
0.051201229367949595 0.6550248133336559 -6.292525565182552
0.03432368349991899 0.6297449995256147 -6.408014296967821
0.03906728402292746 0.6027670499331343 -6.526469944867741
-0.3917574782774953 0.5494799707135843 -6.556334715452599
-0.4089739195025198 0.5481014699885696 -6.5396649461217535
-0.375555799639851 0.5501852249417999 -6.574059285466334
-0.7165490321536556 0.3984043037331676 -6.664761408240037
-0.6866152688487219 0.36182996685682955 -6.772678978594272
-0.6548325623188741 0.32680321982286437 -6.881721975659747
-0.6208568787283107 0.29173581027628553 -6.988934363749542
-0.7153862019688756 0.3954341778013839 -6.671208604899954
-0.6704980960829277 0.37600641981176114 -6.781490613525499
-0.6140770885985376 0.3743108565675953 -6.8870340953474685
-0.5373717533206405 0.3756321090379046 -6.973001441239003
1.1481931238508158 -1.0116652963444632 -4.91474330925545
1.0925727191982981 -1.0444134238569287 -5.021530168318627
1.0259897737285533 -1.0930082697149381 -5.111918150414689
0.9515725553506936 -1.1268758256720335 -5.189009244644403
1.1241300032430295 -1.1011032401904555 -4.750859969362114
1.039881404331473 -1.1649042399061864 -4.797111403604125
0.953514801310086 -1.221655174278328 -4.816554275672066
0.8496934614880587 -1.295512931545714 -4.819630345513305
1.1311987223198765 -1.0818047113348974 -4.7792208241757175
1.0746613740390742 -1.1180845735564566 -4.877733441141244
0.8714395996727307 -1.4306284176851676 -4.203432504380699
0.865196229796602 -1.4433729512796913 -4.164797130138026
0.8605775611562307 -1.455407743260526 -4.1240220145582605
0.8752427360120948 -1.4209694253162786 -4.235834743522106
0.8762325708979979 -1.415210183206589 -4.259448846480606
0.7960298612274812 -1.4467025898792707 -4.33570116030041
0.7205578528279261 -1.465234583093563 -4.419424090741701
1.0959871821200162 -1.3283376743619977 -3.816647106113941
1.0514387731550356 -1.3837620144749152 -3.720444283331497
1.0077981775921614 -1.4386986881742212 -3.6241712995804587
0.9629134960265692 -1.4892530493961733 -3.5277882171940393
1.1216440294527263 -1.3110737302094568 -3.8009459820469256
1.1279932123959298 -1.3306718466056138 -3.68415917127758
1.1576048466954059 -1.331308500252678 -3.5697575511127453
1.2003776724340562 -1.3205459472352015 -3.4598880846675963
1.3379897805289873 -1.2712442353775615 -2.8645247701430825
1.1953239615573628 -1.3989300588893743 -2.9178137730348275
1.1354502604231236 -1.4645232388985712 -2.8484447482117434
1.0883980907454749 -1.5147342294311226 -2.7829421108126016
1.336361580761941 -1.2729969353551374 -2.863222559207405
1.1945314664920428 -1.3997343510056304 -2.917473092521146
1.1342609052802959 -1.4658645951018043 -2.8467198874788924
1.0778978463793785 -1.5218013871004339 -2.772892370684287
1.1481329150712989 -0.014857711641111673 -6.315545982893308
1.146518155290182 -0.04702701721608536 -6.306582071954969
1.107604513338843 -0.10659296191027681 -6.390299201302699
1.0633137724177226 -0.1646026971489029 -6.468450651997021
1.0152500108959623 -0.21961257376105395 -6.543830247936838
1.1938128679192195 -0.3559034894490129 -6.023849277312339
1.1549112315427297 -0.448827530905232 -6.024391298340829
1.1106199179493892 -0.5521327055124741 -6.028268172064278
1.0639109224594372 -0.6532168241375418 -6.030339854809166
1.1867671500382624 -0.3477272352463392 -6.056642862904836
1.1486817964341896 -0.389832145173913 -6.121069454969248
1.1276036005672285 -0.3793014389364498 -6.200962979861902
1.1033318298455523 -0.3671483757117574 -6.29299633290343
1.1479471495864415 -0.7859473659065606 -5.517691683265243
1.0773664024024263 -0.8625950488262084 -5.575307861469965
1.0031902622061162 -0.9289741225558431 -5.6295332930801765
0.9177761757646966 -0.9860260937990286 -5.679113018898232
1.1531420676056732 -0.7622310493268127 -5.543666979229366
1.0969644352823302 -0.790223659051441 -5.644715469876326
1.061008195226641 -0.7942758413335185 -5.758154167416343
1.032567497611646 -0.7764665244989862 -5.871168955558941
1.2659032229742049 -0.44023062721769574 -5.704933421133884
1.2432640863254405 -0.4107765070779864 -5.816795912604272
1.2743648285327973 -0.40950242158136557 -5.696030860145956
1.2733485878535948 -0.32948704428723996 -5.78462452171329
-0.6157115876755551 -1.544850592128735 -4.290069417199329
-0.6023072992156134 -1.5349641971702002 -4.375249927992155
-0.5882688083651803 -1.5185724826744735 -4.472087895905536
-0.5733215804364001 -1.500731214944681 -4.576809678412331
-0.6127761022724623 -1.5418716911772086 -4.314765430454019
-0.5962590054276381 -1.528258783230698 -4.4154879682523465
-0.5809658434352603 -1.5102199544384922 -4.521737975419817
-0.5954716935235221 -1.4571553528818668 -4.71274177952562
-0.4813586233464308 -1.7865673554429433 -2.897013687420928
-0.43570533055187316 -1.7912212979654845 -2.9342097936748495
-0.3887796936188416 -1.7960943573948538 -2.971485944012211
-0.13563810400136692 -1.8464394329754823 -2.9156879683671737
-0.5051695276835272 -1.7841680885104527 -2.8773137108530498
-0.5070948872688086 -1.7838536414727768 -2.8770093271349046
-0.911504676730293 -1.6331216263845447 -2.6939945310455196
-0.9205379997887324 -1.6364768795840712 -2.5761723610427207
-0.8999084308191129 -1.6545157182190242 -2.461330467139155
-0.8553280289636969 -1.6869553995654958 -2.3579732976582104
-0.910232245859355 -1.6331843278669853 -2.7025945285381185
-0.9245926373825248 -1.6326735070997223 -2.602596797760652
-0.8810511195935059 -1.661108032971291 -2.5041889987177153
-0.8095083473842176 -1.702896521058816 -2.4236587227834607
-1.0160799885123188 -1.5942276110944582 -2.491205987210893
-0.9523393825690746 -1.6593430820500328 -2.108757911785018
-0.9079633015953483 -1.6922405052563916 -1.9966742310526422
-0.8682141423195492 -1.7258782986889396 -1.8842191748050334
-0.8316511938853816 -1.7529733199800903 -1.7738100965664525
-0.9130161625645601 -1.6806636657269414 -2.124920467857677
-0.8295703905071863 -1.733097734581733 -2.053175800481476
-0.7381120101294657 -1.7825257263381955 -2.007708955469665
-0.6316223417264853 -1.8115275677219522 -1.986061576414894
-1.1778957649304875 -1.529290138436445 -1.9698228895964922
-1.2096756443092909 -1.5078267639458374 -1.8567438017332858
-1.2144965116271516 -1.5066034020816248 -1.7381352264936027
-1.1975440109284854 -1.5237500292512034 -1.6180004762222997
-1.1514085178649602 -1.5522847550459407 -1.9638478111957707
-1.129836626299631 -1.57221777820354 -1.8482163613333504
-1.0860701806069801 -1.6097429999348576 -1.7439806993487832
-1.025550458602104 -1.660387852177563 -1.655482486523337
-1.36417501509487 -1.3809560936458385 -1.7885622762878097
-1.3658439593079874 -1.386446397436189 -1.6690804547165228
-1.3866824631439523 -1.3764365975780577 -1.5517873571147303
-1.3780114860140547 -1.387879229941497 -1.4333242954556593
-1.3905226214161572 -1.3573849052505715 -1.7931410611479583
-1.4358232778539708 -1.3162365591769645 -1.6907289281726419
-1.7909504589107634 0.27017874051548685 -2.8634101676767503
-1.7989852974711202 0.2424849437458906 -2.851313015713534
-1.807535546874701 0.17538901084615166 -2.9261486564556365
-1.8230476981235664 0.08047810312348715 -2.9990240528262904
-1.8352886401483697 -0.025586266321173997 -3.041109481982112
-1.1219605124177494 -0.6014469411236114 -5.930188793399121
-1.0795552154048798 -0.6117368100877831 -6.022132283340631
-1.0424196062572497 -0.608568468739628 -6.116887223039569
-1.011588985358176 -0.5982520697662623 -6.222162076674588
-1.1291916134991336 -0.5797840438023303 -5.948773312303937
-1.097687994838543 -0.5614409736834205 -6.061805619605557
-1.0758029699001195 -0.5287145981704648 -6.176764837156229
-1.0537985680448667 -0.48404342624361707 -6.280928342846893
-1.22470485336829 -0.23239505233261654 -5.9844909785089015
-0.7956170011427288 -1.383083714933233 -4.608652745648308
-0.755097758913753 -1.3785280784658933 -4.713540881742518
-0.7425147693792663 -1.3587274689743225 -4.827771586492462
-0.7511862234805009 -1.3313379694251053 -4.941950978518116
-0.775051907998905 -1.397811401426849 -4.591375872738716
-0.7015392723712714 -1.4195665527687744 -4.652329192387326
-0.9881035822612366 -1.2078069040605202 -4.7646609520799075
-0.9997700615125157 -1.1666276359425911 -4.871073522190246
-1.0169256508839368 -1.1213017576899242 -4.981609861393938
-1.0529623988690602 -1.0609261355987825 -5.08003847862902
-0.9621409062524203 -1.2299791261879476 -4.771650631686863
-0.9261442599651913 -1.2348230836818357 -4.8817697339922415
-0.8633273318890049 -1.2539345212900503 -4.980456313714286
-0.8331742226081392 -1.2422542483765682 -5.091586348387562
-1.4887353185025385 -1.2970760428986834 -1.0752931076877965
-1.4426266534946062 -1.3523261472713384 -0.9813861436661258
-1.3941666111675797 -1.407722631076912 -0.890018430987719
-1.3447155897549599 -1.4627721991195701 -0.7981066559646965
-1.4705085556508695 -1.3118883923268545 -1.1010191713981166
-1.3945887236105035 -1.3905758484403834 -1.062381696437416
-1.311772046663905 -1.4723748126760572 -1.0548750526156236
-1.1981898401372748 -1.5729872963761442 -1.0563935514451155
-1.68858403551298 -1.050515805219721 -0.3558220368468663
-1.6504029977579542 -1.1156793685252062 -0.26291265135008407
-1.6078531269179677 -1.1764289307668216 -0.17029880411586884
-1.5592262414463205 -1.2315967484962445 -0.0774137299009556
-1.7056387365518593 -1.0249550640186527 -0.3376756332177914
-1.7017427156589553 -1.0381014961824961 -0.21892340630190812
-1.7114875426815108 -1.0249175233007228 -0.10090894867381543
-1.9175837966083102 -0.548250204255795 -0.35816931273883446
-1.9054054367158388 -0.5737415175275973 -0.44087080031304604
-1.8831687536168031 -0.629499160268261 -0.5993450016783596
-1.86871185240366 -0.6749385178458731 -0.6996007222891492
-1.9148183075151628 -0.5539417966323328 -0.37805659830925914
-1.8947680436777639 -0.5968901368957638 -0.5918095797761476
-1.8790304457395905 -0.6455182942314375 -0.6851001306397053
-1.8701903987911892 -0.6668206348439712 -0.781021800025574
0.48839906633664887 -1.934055694716725 -0.12744432178733245
0.42307532112991014 -1.9480518615952402 -0.02965263361823487
0.4631003847280066 -1.9402454695531357 -0.15189906010602675
0.356100536567888 -1.9586449357303246 -0.1069637379795936
0.24089337849237114 -1.9725747626340375 -0.091421939288694
0.12456527845784283 -1.9869947311893863 -0.08800068251238313
0.32119123285416357 -1.9651870523225787 -0.5261952239208599
0.2059030728131533 -1.978207869316815 -0.541741311084471
0.0837577483620993 -1.9818884473191594 -0.5577667228205478
-0.03414557799690915 -1.984949613298177 -0.57488645273201
0.3310655128784285 -1.9621845572877794 -0.5600487461862149
0.24402788208886422 -1.968513411129498 -0.6370611189037342
0.17558400939165733 -1.971438786409037 -0.7358671627865755
0.12073108146047236 -1.9758683043415206 -0.841798661752526
0.6698700508753228 -1.780077628295608 -2.135675064050764
0.5998584199850916 -1.7933893264471963 -2.249267941749658
0.5381371983777073 -1.8119586906341245 -2.361176082744254
0.4838807432328206 -1.8195081904493873 -2.46794219029746
0.6136816369794265 -1.8033584006493348 -2.1143989372678056
0.5076765974458376 -1.8324509298394311 -2.1777762141647665
0.4007398853912195 -1.8696720687723394 -2.2167957559236
0.2892546694595191 -1.8854254366557883 -2.2253077020151317
0.44256015720803604 -1.8781211966497033 -1.9520189840659725
0.3447019183001961 -1.8965658797120564 -2.0119519717958907
0.23365261755923894 -1.9067048557867374 -2.0364404862663927
0.12148613235921636 -1.9122203954292394 -2.0268627887977155
0.43372043982054787 -1.8833891619499792 -1.9187634991165359
0.318932795263804 -1.9057424293990708 -1.9122694725441292
0.21128497956515668 -1.9211674257031692 -1.8751149797381033
0.11589115270305338 -1.9366323140854766 -1.812460846498346
0.9664997507252188 -1.5966019443307369 -2.667581282981669
0.8700755012174427 -1.6401224587117025 -2.734482725955811
0.795668184208989 -1.6721555587767816 -2.824413851114241
0.7219971876274364 -1.7003772269790998 -2.9126892858515427
0.6416691643513225 -1.7146163025964207 -2.9984934492862343
1.752941263234036 -0.6543753009629831 -2.629250406035506
1.7527426428717534 -0.616352216538457 -2.742524506244259
1.7441452674026552 -0.613690238482798 -2.861574504406151
1.6646052085721332 -0.7845220713782144 -2.96240171636774
1.7674542402073918 -0.6260719831516393 -2.6140521751308614
1.619549913568706 -0.9434919426448456 -2.6921564678119725
1.613670478814278 -0.9282710279761432 -2.7935478805190734
1.6072228209470834 -0.9122926630831845 -2.9017678954051913
1.6185196049419837 -0.9406853061076502 -2.7105042389504512
1.6119546692349356 -0.9238269718537775 -2.823145921939438
1.317260413458936 -1.3384468506434872 -2.605616771583452
1.8497434635008814 0.4227080305473251 -0.3354074145541787
1.8629221556194948 0.40245365286291734 -0.35726158580224976
1.8400567257850664 0.43211847669168657 -0.45926696375507764
1.878090562369459 0.37386046866361106 -0.6142871085812847
0.38402198374754387 0.4234042458961086 -6.992714536564742
0.3169583341425949 0.4269180171981845 -7.050527571989753
0.23702709473546518 0.41334290051725425 -7.105325760639442
0.1480771751987293 0.4001754800100929 -7.160715912892467
0.36578745133471463 0.42559712385733983 -7.007949559033613
0.2854328688961164 0.42133388438202257 -7.072803454517087
0.19538255453166156 0.40688507548676145 -7.1321032837642
0.1286806902031345 0.377898150568241 -7.2287389271247315
0.021125469864772366 0.5482265880731091 -6.754980501564446
-0.0815926027543063 0.5300633046142815 -6.794114127954058
-0.20573185879492845 0.45597329390070573 -7.000530025674703
-0.261046332383622 0.446079656253468 -6.98582830670362
0.012328369396252706 0.5558176603914848 -6.721582542132228
-0.09907478427256725 0.5535751155859553 -6.696055360188089
0.8148675069587042 0.21114228160284687 -6.790070482165975
0.8851463134829012 -0.015429236404998475 -6.927130849238792
0.9391348769204796 -0.021812371111195345 -6.805875683391683
1.0857222172940577 0.03670412557031704 -6.458583143980379
1.0706109340555587 0.011081811320575698 -6.5136004326327415
1.047542792479484 -0.005597872268388973 -6.576772504992097
1.0116369296801107 -0.012583160854730472 -6.651854347730271
1.096747358802931 0.027607676879733103 -6.437080813321878
-0.2161912230608829 0.5368206681946462 -6.725106826859126
-0.23850704180257903 0.5401097859226901 -6.7051286743208935
-0.22974930558421736 0.5387516310751664 -6.713234142605954
-0.2451219200498001 0.5410503238280714 -6.69934224143572
-0.2572524246297824 0.5428596195012355 -6.688398268389365
-0.5723544449980185 0.26541464514179236 -7.092544804328777
-0.5201512157650252 0.23630692226393346 -7.194572369376011
-0.4661923098472972 0.20918242896412081 -7.296436257255533
-0.4078101706197716 0.18018329017224433 -7.385699681875035
-0.5930272307426642 0.24344176012663624 -7.092255010367714
-0.6769620169246701 -0.03157848433836656 -7.245977768627124
-0.45183462857245976 0.37136357407293896 -7.051241718817931
-0.3670341717849426 0.3661234412417112 -7.131677271634622
-0.3075271378282304 0.3473988738490575 -7.230935940257556
-0.22980474145857963 0.3274905303876126 -7.304181834233396
-0.435585271832505 0.38434034387643534 -7.026874675596322
0.8262673578982067 -1.2035016307325328 -5.244595691438668
0.8124810764969078 -1.1973294628311961 -5.311498034107774
0.7980763405863441 -1.190633543940573 -5.382429259223229
0.7826299100308661 -1.1799994701032435 -5.4587780480108945
0.8213695272830179 -1.2012158136258126 -5.268751283221657
0.8001572075147131 -1.1916374356422812 -5.372030305614077
0.7827048288523858 -1.179092283731269 -5.461553214728083
0.7586606812704241 -1.161797857082495 -5.553716167153828
0.7657781306487483 -1.3657959355318965 -4.784003402220621
0.6688858926225622 -1.4233141718691773 -4.74413645840684
0.5757239902886236 -1.473680971360512 -4.703869554999521
0.4792615993938397 -1.51271812392841 -4.6966000324080905
0.7571091926584245 -1.362688368945376 -4.817651187981187
0.6659515207192741 -1.4038172530777417 -4.845187092355989
0.5797769894112881 -1.4251991769660806 -4.901213938041591
0.4858892956068266 -1.4398177077782008 -4.96844881761773
0.632960436028663 -1.4898959982249806 -4.49422092004549
0.5489914013170019 -1.512626589298435 -4.570309708804252
0.6635500561427841 -1.471631308269448 -4.517781133879935
0.9276820384376484 -1.5270972891078405 -3.4211599236732937
0.9144714914969934 -1.5540568585609127 -3.277899601122446
0.8501642701240559 -1.6064095449213933 -3.2185339543980924
0.7885867347782727 -1.6383877966239968 -3.16489781696193
0.9027501384949267 -1.5420871332597863 -3.441069278647386
0.8962117173003882 -1.5685977316667943 -3.2636672005757603
0.8224813416070371 -1.6224419588433676 -3.1927189597371948
0.739144491022718 -1.661843940339434 -3.1230530422164606
1.2364521506798065 -1.305034095625026 -3.34742728703756
1.2718436122700874 -1.2891808896764219 -3.2346650001386275
1.2558670143813486 -1.2801126433525016 -3.3633774075288825
1.324243148975756 -1.2191239948162917 -3.2885775053670625
0.9591481628077788 -0.3530364549064051 -6.6005748089065674
0.9086157129881935 -0.4551864042826377 -6.6542259158234325
0.8554581033954716 -0.49538541082188475 -6.699677015629266
0.8185437224920427 -0.505994831744603 -6.748129187234271
0.9518825737605925 -0.3332099718610808 -6.624672157356942
0.8925274697884608 -0.3988231634415676 -6.721152646279876
0.8280655283908878 -0.42594361957603966 -6.822718239682384
0.7425514301970028 -0.4601262947058827 -6.929054583355066
0.9907612889242906 -0.7367576921948117 -6.041259003829716
0.9110494328114541 -0.8166151407705392 -6.050896662166804
0.8305652689054328 -0.8899434354453942 -6.079176562482961
0.7464784879108557 -0.9519045776730685 -6.117201459717157
0.9998134300375624 -0.7403058376513147 -6.008118564259084
0.9470460965430679 -0.8202303728147083 -5.951290376856478
0.919932879171308 -0.8916840211636335 -5.871994818276404
0.8767354998281923 -0.9721830811443911 -5.806286516556313
1.0803496638605776 -0.3633957021160081 -6.343202481635548
1.0507172839713945 -0.3487710297495926 -6.411585037552026
0.9857655752704239 -0.43108925524088 -6.496264457423782
1.0700443621632587 -0.3593011591848772 -6.366536459320954
1.0330386308002701 -0.34092275013377954 -6.451986256220042
0.8270338238233956 -1.0507421157681343 -5.714032521938585
0.7353471111461155 -1.1115054818145773 -5.7498968070487
0.635537948905571 -1.1473128921426963 -5.789571199155866
0.5421667900440933 -1.1660768986459842 -5.84557805176407
-0.5301393253264992 -1.4729630874546586 -4.78049358242944
-0.4566734266698883 -1.4870068476245606 -4.852088772016337
-0.37483153114962986 -1.4869163447913434 -4.9240440440533115
-0.28904766687866806 -1.4871598834425892 -4.997858742763562
-0.5180177739172789 -1.4761414988722181 -4.792043262329594
-0.4368313688404003 -1.4868617639352681 -4.870118418829202
-0.3499611833052575 -1.4868808031852236 -4.945948178453076
-0.10224918156776139 -1.5034218133297628 -5.059193200524869
-0.13493774103861528 -1.8464124658938261 -2.9164307917376853
-0.13436381895676996 -1.8461616704733994 -2.920176571421022
-0.1313527111449341 -1.844860240265888 -2.939631731031551
-0.12155917432047254 -1.8397910612051827 -2.987530290952941
-0.1413341295753772 -1.84915362712 -2.875424152764169
-0.1516978512359047 -1.8535806515871203 -2.8091798913624464
-0.1007944803506965 -1.8630108000786272 -2.7069292150008417
-0.04394866853807601 -1.873014195388401 -2.6043047008335614
-0.766328264177303 -1.7398824387297507 -2.2869071093192757
-0.6847241740983707 -1.785786111096004 -2.21742069900752
-0.5840723488937735 -1.813485200912489 -2.178671894932296
-0.4735955457027987 -1.8420359232125703 -2.1734480831391263
-0.788151373737678 -1.731639426585247 -2.2615062867449796
-0.7538538368702552 -1.7612714569533265 -2.1505841958334178
-0.8012315812932068 -1.7708806457210424 -1.6600544429118484
-0.7662656178486796 -1.7908727072471513 -1.5460239938186175
-0.733452122688285 -1.814036178512389 -1.4311341544797516
-0.7020205599187168 -1.837209494993512 -1.3167894690669577
-0.7721048270895529 -1.783620880026671 -1.6757070590214675
-0.6885552852964721 -1.824452776026733 -1.5994040596171126
-0.591128032834669 -1.8646859258649822 -1.5482621466682511
-0.482487466857016 -1.8933583903930218 -1.5137685813454103
-0.5236645138645889 -1.8422047049091954 -1.962385262929615
-0.4131522938009305 -1.873730551000962 -1.9366010789914927
-0.3000570570773517 -1.9059369659546614 -1.9109233275360784
-0.19361756978872602 -1.9270259574437347 -1.8658145612670292
-0.5205201178028285 -1.8402996457412886 -1.996950120212936
-0.4143120201394001 -1.8653843836368027 -2.0378434320257033
-0.3208446009211848 -1.8849358985363547 -2.1056277193731896
-0.21492015012976623 -1.9087611085409875 -2.150971945881979
-1.1893312227704327 -1.5442185884218431 -1.4979479785514294
-1.1405190631089162 -1.5976856104680641 -1.3688318514583715
-1.1632839350810018 -1.592529358869051 -1.2595235873703143
-1.1621632834777527 -1.5644322185447883 -1.5078929617110775
-1.1293590754165563 -1.6002747888526432 -1.421891309792086
-1.1389250574665883 -1.598131476088576 -1.3757586678804261
-1.1437911096386162 -1.5970260401441552 -1.3524217899421251
-0.9360958148303501 -1.7114256517351873 -1.6007116170076443
-0.9553363692945746 -1.704007420250299 -1.5716323630317157
-0.9068470556374773 -1.7338596336805459 -1.4686411205186973
-0.8608157003092862 -1.7629764405798733 -1.361188220270279
-0.8457453872189262 -1.7768123392158213 -1.2431709249800076
-1.8251440120215474 -0.12168376356227556 -3.0319316512008276
-0.962829088994202 -0.6133313874398297 -6.331179450909619
-0.910344207529914 -0.6257379901937911 -6.437431100940633
-0.8528479651710393 -0.632570290132588 -6.541013983455409
-0.8190354015170521 -0.6092129318540559 -6.635103290652947
-0.9487160402586443 -0.6418721183307196 -6.314957906461198
-0.8753963746204799 -0.7047845956420443 -6.383666153013723
-0.7876951125174704 -0.7747217437916493 -6.421771177011719
-0.7056153276606041 -0.8433459536414873 -6.446982514618743
-1.0479879222171997 -0.41707704421787606 -6.372809505357445
-1.0321792251399966 -0.3469297352466727 -6.463660695620494
-1.0139854217676074 -0.2756554011859089 -6.556696434776784
-0.9790866740359834 -0.21623155103150232 -6.653780976150341
-1.0316939093969846 -0.436491086362603 -6.386688534840188
-0.9969309904847908 -0.409306608083643 -6.4970121374236145
-0.9541010386548614 -0.39903151438737816 -6.602363852277995
-0.7981885080349194 -0.5587649415772747 -6.74961330493839
-1.1082314482221824 -0.987448465268681 -5.154246299344407
-1.1514696014829695 -0.902001988355356 -5.224195206745095
-1.194501955152665 -0.8164477827076823 -5.294582341133042
-1.2363647971464888 -0.7303608795753836 -5.36537518585404
-1.0871683588620658 -1.002352153435824 -5.1783264902646
-1.0895199191997536 -0.9548175193036363 -5.286687931452915
-1.0708000126921295 -0.9285546146656006 -5.400441508420338
-1.0438097055174933 -0.916244469871579 -5.516021083027465
-0.8325073160906705 -1.2087580504397095 -5.203705110547
-0.8298235839550397 -1.17624954528617 -5.315841645906749
-0.8302899251621625 -1.1403213468163105 -5.429360361540772
-0.7948697878491392 -1.1308779222304395 -5.541310451421605
-0.8049587127889685 -1.2286379946469979 -5.204438947329545
-0.7523500728472513 -1.234552949030393 -5.308861323077605
-0.6828416960360606 -1.2541085538525616 -5.3980752265192065
-0.5969659631750197 -1.2656097472928927 -5.474700523430087
-1.2795620776804475 -1.521739840064672 -0.7177120471268302
-1.2139679224828446 -1.5752600904139347 -0.6353934915089503
-1.145378199342233 -1.6259528716959586 -0.5528117196120614
-1.0742134461311486 -1.6780329328865982 -0.4702471473948443
-1.3056154448415769 -1.503067753228451 -0.6940620953106822
-1.2882802625448424 -1.521515100526931 -0.578535304356212
-1.2931187998025906 -1.5196876300255429 -0.4600503642683223
-1.3068741134618278 -1.5086969614688557 -0.34220873184479766
-1.188483985374917 -1.5790441500095593 -1.114751210157304
-1.1937562983295218 -1.57575477915558 -1.0830175643769526
-1.187978749151962 -1.5793588232093174 -1.1178155361079714
0.0091222631240337 -1.9963329622885668 -0.07244078385983738
-0.1059970564886064 -1.9884026056193809 -0.057184738354266365
-0.22046382475035842 -1.9736857092243716 -0.042194727133036375
-0.3365540563689004 -1.9587567298675777 -0.026874601935416322
0.010031422716276698 -1.9946285638833197 -0.10788725242913216
-0.0939323379002312 -1.9928453058686035 -0.16002554442850833
-0.15632437959120363 -1.9874946747698006 -0.24539445228748297
-0.19070603811633977 -1.986153872631927 -0.3487389782108362
-0.26302549613615106 -1.972891761383532 -0.5684868389477756
-0.3693897019388154 -1.9536420561086467 -0.6051401471773026
-0.4704673026806518 -1.932047248653272 -0.6581673628958756
-0.5639877539404622 -1.9013585320686435 -0.7195830317064332
-0.25333073964805836 -1.9754733936383408 -0.5386402204648232
-0.2543020980740491 -1.9755118064705641 -0.5359158907568392
-0.24323366736970353 -1.9784454008693622 -0.502106384914219
0.10300275015873452 -1.9791571945963622 -0.9586768689945001
0.08491729944395728 -1.9726409343349025 -1.0758475005238748
0.0670546657407465 -1.9680137819247678 -1.1937825778684554
0.05146321463690933 -1.9644726689612877 -1.3123485220103632
0.06379433750004183 -1.9804073120423469 -0.9481205789435417
-0.01498239293744383 -1.9735692156574414 -1.0359411142336665
-0.11587589632541642 -1.96792194775441 -1.0994002430622507
-0.2187926080464382 -1.9632038125950586 -1.1529918165295678
0.4016287601696716 -1.8253862550655082 -2.5577145664801573
0.3180142933084415 -1.8316782544462198 -2.6465841661190397
0.23476536014857027 -1.8452610676301173 -2.7388996045869116
0.18881095780118762 -1.8421710011058143 -2.8450127659862656
0.44748568828211727 -1.8123969928248498 -2.5809841617788005
0.44226694636838765 -1.799015489299836 -2.702217085407757
0.4668204016974628 -1.787236034173773 -2.8205507398916856
0.46640589754187833 -1.780831687171842 -2.946983309372482
0.17604874057215014 -1.8908561595536921 -2.2005929088530802
0.04750132700177162 -1.8967192903060033 -2.180928288287479
-0.07411084429483715 -1.9012507628720259 -2.190419362292571
0.17446347581439767 -1.8896864101081563 -2.2347185225101733
0.05637805942393663 -1.8927164693081477 -2.2818427958353373
-0.03875925056877535 -1.893925813769377 -2.3538954631089224
-0.12321112243849563 -1.8852877000032957 -2.440642998535346
0.017206648937476806 -1.9221915815922117 -1.98080620481749
-0.08837990275046911 -1.9283716896853687 -1.9340199041188746
0.00762590467155773 -1.9182422856006607 -2.013895306951254
-0.10778116116017282 -1.9202145106931754 -2.0324425514972617
0.02456930785018497 -1.945096750380738 -1.7427430022692976
-0.06817517300717645 -1.9440626869856796 -1.6711508707691702
-0.15411986239935765 -1.9439964685957323 -1.5883430204802913
-0.21867466659818788 -1.9463242470656317 -1.4894758309469982
0.049170908875442274 -1.9473621807059591 -1.71785617348519
0.008689049767219296 -1.9504745242840622 -1.6080757289671357
-0.0004446813611155183 -1.9555072487081635 -1.4915590284224938
0.5014223472560982 -1.7504570326707747 -3.0775566709504236
0.41703609419130155 -1.7708848115748588 -3.1757323956772754
0.36546066171961633 -1.7698095502468736 -3.2736653905973743
0.37929083593885077 -1.7392958418876774 -3.463669251676124
0.5187261978411504 -1.7406138215215643 -3.1027291617809416
0.4517280859463711 -1.7550564316942827 -3.221579737184961
0.4420511610272319 -1.7422845120779302 -3.3419863567399672
0.45277468152160627 -1.7225735325622789 -3.461846344769345
1.652136867618615 -0.7912125874967012 -3.081041700741568
1.6350447161173267 -0.7948345609913436 -3.1982512516349897
1.611863698535273 -0.7970029528384422 -3.3149681526083516
1.6065690214122663 -0.7652394191009367 -3.4296560994857024
1.6525627440609088 -0.7909721147111836 -3.0770505193491156
1.6371345061103721 -0.7943414252089948 -3.1885413642716487
1.6169704609775954 -0.7952153005589289 -3.2928301623145986
1.6276022703568889 -0.7385108773160531 -3.3913222298488446
0.05478155619617798 0.35146735062574763 -7.319416024046951
-0.016837489149272335 0.3090001645619944 -7.401103925580703
-0.06799211267031305 0.24120429811522476 -7.4617800411644035
-0.08423200518533115 0.17489916234516972 -7.528781875371845
0.08575791205934817 0.3438913877406836 -7.335186270154006
0.07639236606884452 0.29525041911666755 -7.4376081715202975
0.09581200665661381 0.21649023129509912 -7.5026466540796415
-0.272512490700575 0.44405102525953966 -6.982716520692723
-0.312938742004425 0.4366385228050377 -6.972497503996429
-0.29266262366401785 0.4403738589315131 -6.977572236124009
-0.32457258190178817 0.43454466300017547 -6.9694430350283705
-0.3535061972729127 0.13935471538133634 -7.46591461518044
-0.3315438268809168 0.1639024901509442 -7.463990680922537
-0.24923120475651195 0.01900968469544536 -7.655050678486519
-0.15354457032969182 0.3074149647914025 -7.36845741913978
-0.14154855720407594 0.32106521063270793 -7.341628233563719
0.3783288597259141 -1.5298935073289754 -4.727791516925536
0.2724219997158694 -1.5482547280342092 -4.756499315507667
0.16559014277001644 -1.5548819203483613 -4.782335932501149
-0.0781190354774128 -1.5626367040684421 -4.800470145809039
0.3774316160155048 -1.5364029837237199 -4.694437306111422
0.20600622320534379 -1.5781766671812116 -4.666820546106741
0.19836566093681773 -1.593746356299489 -4.599746576370858
0.39828271524399456 -1.4524640082545355 -5.041289603023618
0.3154759756123262 -1.4628439588796782 -5.113482167129435
0.22960928365949043 -1.4574728441344968 -5.18348162221037
0.13909489324842 -1.4520459625985749 -5.256413217032539
0.4194006261732459 -1.4402731592555802 -5.0639567761498325
0.38299048928592305 -1.4290370621043869 -5.172291433761152
0.37085009107881495 -1.406639791523382 -5.285907133129758
0.3827624988333724 -1.3741169269330764 -5.397500818451448
0.6985450655506442 -0.43178957693244946 -7.036125997834241
0.6525379601935378 -0.4049570810202901 -7.139599692408948
0.5889475415776924 -0.36663464507547355 -7.22887170998405
0.5235443255126174 -0.28555694835533796 -7.339006380133199
0.6990620942844374 -0.4335170809094802 -7.033061178321802
0.6571065703876695 -0.4073247120002909 -7.133355548775915
0.5998537322915989 -0.3744364886828707 -7.213020474441473
0.5506556803865089 -0.3447224210896978 -7.282116259995942
0.6484282109413786 -1.0042264051897893 -6.174917533557698
0.5509977669183397 -1.0427346123086172 -6.229617081447339
0.4644505343733491 -1.0570279471109998 -6.279586002036748
0.3980345725783848 -1.0608529494794632 -6.332239084777316
0.6453305076311174 -1.0210510223610256 -6.14538269886052
0.5452227396410778 -1.0720981653223665 -6.13624845671238
0.47282452158550725 -1.1114950990674555 -6.100124482733508
0.36193998200127825 -1.1689078730629234 -6.054899101428676
0.38666133775544187 -1.2071981473355136 -5.911138676996565
0.2756092751150153 -1.2451911127494641 -5.93373428565682
0.1899407111515561 -1.266174492536012 -5.919152639296243
0.10546930055092255 -1.283023760396549 -5.884937875208386
0.3987504035656263 -1.1926046973850482 -5.9380432180963085
-0.007733719192339771 -1.4937509752676486 -5.126030150391778
-0.030850279834222467 -1.487342363652167 -5.151035171894358
0.013020838916137275 -1.4646949228632042 -5.25854623914718
0.02404766248318828 -1.4368985532764147 -5.373568257225686
0.015405329655733817 -1.4071051033139197 -5.488476573135549
-0.11279228005658039 -1.8323773757546526 -3.0445642054514352
-0.10079033324236908 -1.82214559647741 -3.123205713157468
-0.013426248958806506 -1.817296701553358 -3.205681744369066
0.05909231802954205 -1.8049648896670765 -3.2962232221129897
-0.10866630884124409 -1.8287928287781703 -3.072056734630576
-0.02669157315978441 -1.8216058221589304 -3.159235106290656
0.060134429827243645 -1.8099723876933196 -3.2331914604386887
0.14668263282550426 -1.7981861218333142 -3.2803603696026227
-0.008919198790665434 -1.8848186184609725 -2.4930021389913377
0.023266284644752312 -1.8846281027705645 -2.5083695328412308
0.11574395845405788 -1.8848585878341093 -2.4334313507625223
0.2105383737297733 -1.8837118190227542 -2.360027491877727
-0.6568466990639529 -1.853634361311933 -1.210736975756832
-0.6170149103566102 -1.8661428855570974 -1.1020794427801106
-0.5851113221729006 -1.8836409344600584 -0.9934554701956149
-0.5242714782704783 -1.9083124991617664 -0.8921604643382407
-0.6884207622308571 -1.8452993205341288 -1.1994374235037943
-0.7060843560907969 -1.843997285788366 -1.0803063506587787
-0.7490278303532864 -1.8344489077348067 -0.9690404908100556
-0.8121760012176942 -1.8101401037247655 -0.8692265410873671
-0.36411587474324003 -1.919647225852112 -1.5110335142073104
-0.370170302230142 -1.9198876047502804 -1.4762533114433436
-0.1099423267873142 -1.935476648987054 -1.7974070327305136
-0.8717438877722565 -1.7648656722291274 -1.1272844956903878
-0.9003026039581581 -1.757120939299354 -1.0114352102890465
-1.0834366846966161 -1.6651431276341913 -0.8601259673455424
-1.059668711309683 -1.6836604946405385 -0.7689088417257214
-0.8411925270741988 -1.7821944584838805 -1.1238174979057447
-0.690601927633888 -0.8372894068323536 -6.487284609247358
-0.7021252884613892 -0.8420674989943414 -6.4560336395324125
-0.6890922740362135 -0.83682495365039 -6.490982542058146
-0.6719727518042545 -0.8299164940069731 -6.53694392945942
-0.9331348814458166 -0.19275060878168682 -6.754795533496378
-0.8874818636999513 -0.1254839115806589 -6.864649469007554
-0.8393589068448034 -0.07046555019183623 -6.971314479420548
-0.792989802436401 -0.017823686724116737 -7.072235685847702
-0.9519948348235048 -0.11035914469025526 -6.750005607244356
-0.9285690045386895 -0.016147388715135342 -6.83414005038611
-0.8928922656586973 0.016659639782564274 -6.892061336571855
-0.8743205080954519 0.021227972454955876 -6.925483054145217
-0.7743226442362651 -0.5216144890331951 -6.825213072927787
-0.7424414469620955 -0.471121189378598 -6.90340971243681
-0.669543043437952 -0.48919614685748375 -7.0085680287537695
-0.6042139569633916 -0.48766595134773555 -7.112584670398788
-0.7684720497144167 -0.5144428069160768 -6.838408013817171
-0.7335264000659732 -0.4586082677029108 -6.924390002372505
-0.6630533622365319 -0.46969449648819356 -7.029572325300838
-0.6022690303382492 -0.45699005637830264 -7.132574211561166
-1.268155392436484 -0.635492107639522 -5.420195358923704
-1.2950814900094394 -0.5360927837586834 -5.473455381252014
-1.2552399788180715 -0.6509675350239421 -5.446368271553579
-1.2549180585233737 -0.5906701301938936 -5.544482108917254
-0.9994376299431589 -0.9316392727807012 -5.625805444113002
-0.9492346249208499 -0.9390917025653882 -5.732743067384898
-0.8970553378056634 -0.9412007495919348 -5.839006870428387
-0.8476178224928993 -0.9420131025850335 -5.945907203900935
-1.0191607659474613 -0.9025161714875444 -5.632081471946411
-1.0144792775409515 -0.8632247997372404 -5.744803825622935
-1.0231100819403838 -0.7994676027389748 -5.844995833926522
-1.0437607426810918 -0.7190311733940135 -5.930031802308164
-0.7255421685696813 -1.1509327372770661 -5.637508224653234
-0.6576191128631239 -1.1689058917256019 -5.734011417332709
-0.5875556123980589 -1.1670311706927163 -5.826444466947408
-0.5277045191419496 -1.1602369729410271 -5.920251203865065
-0.7485944496669263 -1.1300619816683595 -5.650820697426685
-0.7248934779506282 -1.1066648639637828 -5.7636225939862955
-0.7251697650694672 -1.0667786073292331 -5.872537936078475
-0.5070764966599745 -1.2809324083546412 -5.543287517676357
-0.415943611178782 -1.2948793901913083 -5.6119177064421155
-0.38698698291142347 -1.2682378899451845 -5.736496423313613
-0.32072399571631055 -1.268281759676085 -5.8178295396171436
-0.4936165874938333 -1.2943627594401272 -5.51415456619491
-0.38614332245960553 -1.3326849327222219 -5.522305190781458
-0.2799078729026193 -1.3741589038432342 -5.499750673456721
-0.1727755134189034 -1.3964038946143387 -5.459336602161601
-0.9925903249870344 -1.7293784634316558 -0.40104258643617896
-0.9118039026716653 -1.768688785094945 -0.33053824972577467
-0.8254136246602535 -1.810606651789438 -0.259647932778642
-0.7388986394733579 -1.8486972640433976 -0.18914090066938027
-1.0141151387606697 -1.7200784066404844 -0.3754930992799622
-0.9756300373503339 -1.7408388790855678 -0.2650909936639937
-0.9639612840864932 -1.7493507105202304 -0.14787367453047728
-0.9711940510062396 -1.7458964432178812 -0.030905638626381137
-1.3188584563558177 -1.4989897676943225 -0.2240056594087208
-1.330840717378176 -1.4892814809242338 -0.10549495197748403
-1.3432123223505485 -1.476291144793929 -0.23398084684888307
-1.3980023502729984 -1.4232245523224196 -0.14261112831313277
-1.4591899885613568 -1.3499034781508883 -0.0737427793587595
-0.4528613865061979 -1.9443278439671319 -0.030016585692427416
-0.5630611031554406 -1.911953089705572 -0.0348566468093222
-0.671095771728443 -1.8699130690358505 -0.039886040206739914
-0.7720237004816446 -1.82937028113483 -0.008735923319908785
-0.6680381276880588 -1.865983310407875 -0.7701316102860801
-0.6490782432614484 -1.8712423117427026 -0.7984187328743865
-0.31520072692577117 -1.943869750645575 -1.20981030896693
-0.41181590956536346 -1.918329837233042 -1.2683667685725413
-0.5223459690655022 -1.889128811390001 -1.2895743310001975
-0.32520664468565924 -1.9412395444270731 -1.1765041868008619
-0.4315739285859454 -1.913149390149452 -1.1674250042737426
0.17849484466080082 -1.8269449338820223 -2.955806880780568
0.1746109268058021 -1.8138412005647597 -3.0640553267542563
0.2111118448532736 -1.8246989432573988 -2.959228934131024
0.2632286015073312 -1.807283878555314 -3.0657351769296293
-0.23524009973427126 -1.8766417167102416 -2.4863747606121254
-0.33436535802860673 -1.8528732555709875 -2.5330125139021784
-0.4177468058932286 -1.8291243224474376 -2.5837034732968673
-0.5277475907689982 -1.8014135403825287 -2.6004941373414443
-0.21770844301554526 -1.8747038558022646 -2.514294145857911
-0.28301901188953377 -1.8595480980873935 -2.6097035997593436
-0.3195345904094102 -1.839931274533909 -2.716144123099513
-0.2634235961839678 -1.9477408828256961 -1.3824392458923502
-0.23622031131346613 -1.951621145036026 -1.3717547385888378
0.29803041006196557 -1.74776833508726 -3.535375475923365
0.21473471879089126 -1.755088507522867 -3.6095685920337335
0.1277222807852358 -1.7442663457747696 -3.682268419364377
0.03757562079874467 -1.7333901418671975 -3.7547725665747556
0.2905992159574132 -1.74857124432544 -3.5417374473561822
0.20337891130022637 -1.753621335812978 -3.6195157589322378
0.11360399465847543 -1.742500663094476 -3.6941458897121504
0.021791971607733704 -1.7314305779623516 -3.7679304247718304
0.4748412096796118 -1.7008082713404655 -3.577953443907465
0.4957830471474256 -1.6793538043197913 -3.693813899485885
0.5167867270562905 -1.6578713659093676 -3.8097697827657195
0.5399413870709746 -1.6347434912701848 -3.925039456558574
0.5057105381359596 -1.6955717967056074 -3.5647484646952172
0.5799533771625344 -1.6627826858183627 -3.644799702166338
0.671101140861153 -1.6122397383834814 -3.701299648157564
0.7673387517661272 -1.5609318052388237 -3.7466703643078443
1.5956227880710863 -0.7475254854109986 -3.548147736088386
1.6110148175089496 -0.7181195776823742 -3.539917470499837
-0.0767598946382626 -1.5651854234108944 -4.785692607352452
-0.07274278187485171 -1.5730840047636852 -4.73989119478282
-0.20820793389995035 -1.5771098925943354 -4.657175516017685
-0.20739595598016788 -1.5955354705364022 -4.576276203959852
-0.0802986142071534 -1.5582447131126866 -4.825939388378484
-0.08516040306685364 -1.5487566017967094 -4.880957015078556
0.39129269298516456 -1.3420596696154148 -5.511009823484441
0.3964342462317849 -1.305792735542174 -5.62291326240556
0.3994553229162467 -1.2652318504025508 -5.733289264444095
0.42308148042449895 -1.3381620582783698 -5.501001278206427
0.48570460116948044 -1.2831821084787978 -5.582481351768506
0.5670788896488507 -1.2268401592406601 -5.641730736387561
0.4522933736737009 -0.2624262338532143 -7.430323660192258
0.3813578310332779 -0.26865074491356683 -7.500596194735123
0.3376502834004349 -0.2655680192056224 -7.5331946400476815
0.297604378093722 -0.2701731830128814 -7.537533363494761
0.46773813031240946 -0.24087601897251773 -7.422208588851115
0.436515439032402 -0.21463073264843843 -7.465561989419952
0.4064889868275655 -0.2089309384903482 -7.492257004788232
0.39846863982528835 -0.20371135898422182 -7.50019029755253
0.30235267284421413 -1.0791420715552635 -6.373322667940575
0.2704488839935471 -1.0653658510932127 -6.441100129697338
0.2350934158765705 -1.049982353229065 -6.516528333894724
0.20183136377992586 -1.019034507302385 -6.592019371564072
0.292565170897978 -1.0748838247496055 -6.394202504644009
0.24816194808204714 -1.0557547198299286 -6.488413266597509
0.21956144491018892 -1.0313428495212675 -6.565176498863496
0.19585970369045222 -1.0082840282946819 -6.615657465631188
-0.01872050752175492 -1.2904470639987513 -5.855498585128773
-0.2386518963345831 -1.2613046255570193 -5.922880475212226
-0.007935935998950552 -1.3009077966004061 -5.827434256212481
-0.07994115540800578 -1.32802429392222 -5.7474645690849675
-0.12305719738305178 -1.346712989901929 -5.665250263431261
-0.154800371119717 -1.3636602189067555 -5.589928703126442
-0.015744575894775615 -1.3762992327193568 -5.598838312184675
0.009490697751356796 -1.3775721346411653 -5.603389268302233
0.11465841674518304 -1.7886777499431137 -3.3965057441656343
0.0901996557036623 -1.7897498692678648 -3.4084911438077405
-0.4297720652746312 -1.9391447012377336 -0.8259695793010084
-0.3331235514732126 -1.9555254222050586 -0.7592819274403817
-0.22073377995557947 -1.969244231260831 -0.7250947955519199
-0.10040025762014064 -1.9820345514977666 -0.7250052327876002
-0.45305693346260395 -1.9338729672030206 -0.7997090744997122
-0.8646739052164297 -1.7865056577493015 -0.7674287104973867
-0.9103516758508114 -1.765928337703577 -0.6660392211642188
-0.9407408681930474 -1.7538483135073981 -0.5496315226507826
-0.886762951698703 -1.773986866522505 -0.7902328646201333
-1.0322069717273241 -1.7013993339890228 -0.6731627779487257
-1.0282965561271356 -1.7039015821937475 -0.6602262891765774
-0.74779788746211 0.0044063209069490974 -7.146939331980873
-0.5418986293025576 -0.4360818584400318 -7.235525701616015
-0.47131377349961556 -0.4032103874452637 -7.326637019530565
-0.4223415863864907 -0.332562752070392 -7.426043780068117
-0.3624118571014888 -0.2788850566956606 -7.516315241131292
-0.5550604717668364 -0.41700043215329696 -7.228085289252114
-0.5153378021493158 -0.3649949118305179 -7.305635306261144
-0.5151646112156485 -0.24986040453840133 -7.363739676893715
-0.553355099031042 -0.012067692270004872 -7.411736935005618
-0.856155026540595 -0.9144043492028429 -6.003112924675852
-0.8560914611532411 -0.8851397957498879 -6.083866820893261
-0.851667746454965 -0.8482998722030065 -6.174931925832501
-0.843358153466793 -0.8038001961138725 -6.268426028177644
-0.8561444263448255 -0.9051602729921856 -6.028600509843139
-0.8560609015092153 -0.8705867295140968 -6.124022871912225
-0.8473959067225172 -0.8268822643374035 -6.220430797498213
-0.10065873635965877 -1.420489782828299 -5.3912202297658585
-0.2558856123898147 -1.6826276519975658 -4.008855879835921
-0.16739868431430788 -1.6761310328522345 -4.086652928520776
0.5693312925629032 -1.5534597991321553 -4.313874742690652
0.45805371007678397 -1.5897808939560252 -4.313272825176816
-0.39589822896674964 -1.6177246741089901 -4.2382890164934395
0.014664100866319967 -0.12992923149035276 -7.630342556596478
-0.09476714997140528 -0.9066099704334429 -6.824738239701037
-0.15537218101600497 -0.9473547116253329 -6.739263594613422
-0.347283352670592 -1.3999972636215972 -5.338778590951425
0.08094168432395984 -0.21000148265683485 -7.600047946546476
-0.3800343918579615 -0.7782222912385539 -6.941017822821605
-0.4614865467937827 -0.9370619624181485 -6.545321571179912
-0.48534367526521843 -0.8786678317141154 -6.640273532672474
0.09696386428140065 -0.3719621344537248 -7.520713555581383
-0.49409322953886914 -1.0328001867522474 -6.32102371595053
-0.4975275605202813 -1.051734211985974 -6.279729633989999
-0.6798122800821534 -0.6636870695197454 -6.7749223363859725
0.16464997957835345 -0.5625806026674537 -7.340039117353375
-0.5491859917917 -0.7020186243220645 -6.910014239880935
-0.5855586031027438 -0.6339023984224149 -6.949330083488953
0.18431630438163685 -0.7720417646869525 -7.068399472495938
0.28387094034252297 -0.742877009848885 -7.076068673718692
-0.4848074661754401 -0.6010393840471507 -7.097446672315524
0.5965044506942067 -0.642456104414596 -6.926325675774653
0.5780912783141964 -0.709421700125745 -6.861354376190385
-0.19736961592475977 -0.6766158006389815 -7.2068143856503415
0.5948654233962484 -0.875694731116907 -6.555710631443493
0.6011794571234819 -0.8776690573878903 -6.539408563548507
0.02811123905138439 -0.6760422751490756 -7.219263894243369</DataArray></Points><Cells><DataArray type="Int32" Name="connectivity" Format="ascii">0 1
1 2
2 3
3 4
4 5
5 6
6 7
7 8
8 9
7 10
10 11
9 12
12 13
13 14
14 15
9 16
16 17
17 18
18 19
11 20
20 21
21 22
22 23
11 24
24 25
25 26
26 27
15 28
28 29
29 30
15 31
31 32
32 33
33 34
19 35
35 36
36 37
37 38
19 39
39 40
40 41
41 42
23 43
43 44
44 45
45 46
23 47
47 48
48 49
49 50
34 51
51 52
52 53
53 54
34 55
55 56
56 57
38 58
58 59
59 60
60 61
38 62
62 63
63 64
64 65
42 66
66 67
67 68
68 69
42 70
70 71
71 72
72 73
46 74
74 75
75 76
76 77
46 78
78 79
79 80
80 81
50 82
82 83
83 84
84 85
50 86
86 87
87 88
88 89
54 90
90 91
91 92
92 93
54 94
94 95
95 96
96 97
61 98
98 99
99 100
100 101
61 102
102 103
103 104
104 105
65 106
106 107
107 108
65 109
109 110
110 111
111 112
69 113
113 114
114 115
115 116
69 117
117 118
118 119
119 120
77 121
121 122
122 123
123 124
77 125
125 126
126 127
127 128
81 129
129 130
130 131
131 132
81 133
133 134
134 135
135 136
85 137
137 138
138 139
139 140
85 141
141 142
142 143
143 144
89 145
145 146
146 147
147 148
89 149
149 150
150 151
151 152
93 153
153 154
154 155
155 156
93 157
97 158
158 159
159 160
160 161
97 162
162 163
163 164
164 165
101 166
166 167
167 168
168 169
101 170
170 171
171 172
172 173
105 174
116 175
175 176
176 177
177 178
116 179
179 180
180 181
181 182
120 183
183 184
184 185
185 186
120 187
187 188
188 189
189 190
124 191
191 192
192 193
193 194
124 195
195 196
196 197
197 198
128 199
199 200
128 201
201 202
202 203
203 204
132 205
205 206
206 207
207 208
132 209
209 210
136 211
211 212
136 213
140 214
214 215
215 216
140 217
217 218
218 219
219 220
144 221
221 222
222 223
223 224
144 225
225 226
226 227
227 228
148 229
229 230
230 231
231 232
148 233
233 234
234 235
152 236
236 237
237 238
238 239
152 240
240 241
241 242
242 243
156 244
244 245
245 246
246 247
156 248
248 249
249 250
250 251
161 252
252 253
253 254
254 255
161 256
256 257
257 258
258 259
165 260
260 261
261 262
262 263
165 264
169 265
265 266
266 267
267 268
169 269
269 270
270 271
271 272
173 273
273 274
274 275
275 276
173 277
277 278
278 279
279 280
178 281
281 282
282 283
283 284
178 285
285 286
286 287
287 288
182 289
289 290
290 291
182 292
292 293
293 294
294 295
186 296
296 297
297 298
298 299
186 300
300 301
301 302
302 303
190 304
304 305
305 306
306 307
190 308
308 309
309 310
310 311
198 312
312 313
313 314
314 315
198 316
316 317
317 318
318 319
208 320
320 321
208 322
322 323
323 324
324 325
220 326
326 327
327 328
220 329
329 330
330 331
331 332
224 333
333 334
334 335
335 336
224 337
337 338
338 339
339 340
228 341
228 342
342 343
343 344
344 345
232 346
346 347
347 348
348 349
232 350
350 351
351 352
352 353
239 354
354 355
355 356
356 357
239 358
358 359
359 360
360 361
243 362
362 363
363 364
364 365
243 366
366 367
367 368
368 369
247 370
247 371
371 372
372 373
373 374
251 375
375 376
376 377
377 378
251 379
379 380
380 381
381 382
255 383
383 384
384 385
385 386
255 387
387 388
388 389
389 390
263 391
391 392
392 393
393 394
263 395
395 396
396 397
397 398
268 399
399 400
400 401
401 402
268 403
403 404
404 405
405 406
272 407
407 408
408 409
409 410
272 411
411 412
412 413
413 414
284 415
415 416
416 417
417 418
284 419
419 420
420 421
421 422
288 423
423 424
424 425
425 426
288 427
295 428
428 429
295 430
430 431
431 432
299 433
433 434
434 435
435 436
299 437
437 438
438 439
439 440
303 441
441 442
442 443
443 444
303 445
445 446
446 447
447 448
315 449
449 450
450 451
451 452
315 453
453 454
454 455
455 456
319 457
457 458
458 459
459 460
319 461
461 462
462 463
463 464
325 465
465 466
466 467
467 468
325 469
469 470
470 471
471 472
332 473
473 474
474 475
475 476
332 477
477 478
478 479
479 480
336 481
481 482
482 483
483 484
336 485
485 486
486 487
487 488
340 489
489 490
490 491
340 492
492 493
345 494
349 495
495 496
496 497
497 498
349 499
499 500
353 501
501 502
502 503
503 504
353 505
505 506
506 507
507 508
357 509
509 510
510 511
511 512
357 513
513 514
514 515
515 516
365 517
517 518
518 519
519 520
365 521
521 522
522 523
523 524
369 525
369 526
526 527
527 528
374 529
529 530
530 531
531 532
374 533
533 534
534 535
535 536
382 537
537 538
538 539
539 540
382 541
541 542
542 543
543 544
386 545
545 546
546 547
547 548
386 549
549 550
550 551
551 552
394 553
553 554
554 555
555 556
394 557
557 558
558 559
559 560
402 561
561 562
562 563
563 564
402 565
565 566
566 567
567 568
406 569
569 570
570 571
571 572
406 573
573 574
574 575
575 576
410 577
577 578
578 579
579 580
410 581
581 582
582 583
583 584
414 585
418 586
586 587
587 588
588 589
418 590
590 591
422 592
592 593
593 594
594 595
422 596
596 597
597 598
598 599
426 600
426 601
436 602
602 603
603 604
604 605
436 606
440 607
607 608
608 609
609 610
440 611
611 612
612 613
613 614
444 615
615 616
616 617
617 618
444 619
619 620
620 621
621 622
448 623
623 624
624 625
625 626
448 627
627 628
628 629
629 630
452 631
631 632
632 633
633 634
452 635
635 636
636 637
637 638
464 639
639 640
640 641
641 642
464 643
643 644
644 645
645 646
468 647
647 648
648 649
468 650
650 651
476 652
652 653
653 654
654 655
476 656
656 657
657 658
658 659
480 660
660 661
661 662
662 663
480 664
664 665
665 666
666 667
484 668
668 669
669 670
670 671
484 672
672 673
673 674
674 675
504 676
676 677
677 678
678 679
504 680
680 681
681 682
682 683
508 684
684 685
685 686
686 687
508 688
688 689
512 690
690 691
691 692
692 693
512 694
694 695
695 696
696 697
516 698
698 699
699 700
700 701
516 702
702 703
703 704
704 705
520 706
706 707
707 708
708 709
520 710
710 711
711 712
712 713
524 714
714 715
715 716
716 717
524 718
718 719
532 720
532 721
540 722
548 723
548 724
552 725
725 726
726 727
727 728
552 729
729 730
730 731
731 732
556 733
733 734
734 735
735 736
556 737
737 738
738 739
739 740
560 741
741 742
742 743
743 744
560 745
745 746
746 747
747 748
564 749
749 750
564 751
751 752
752 753
753 754
568 755
755 756
756 757
757 758
568 759
759 760
760 761
761 762
572 763
763 764
764 765
765 766
576 767
576 768
580 769
769 770
770 771
771 772
580 773
773 774
774 775
775 776
584 777
777 778
778 779
589 780
780 781
781 782
782 783
589 784
784 785
785 786
786 787
595 788
788 789
789 790
595 791
791 792
792 793
793 794
599 795
795 796
796 797
797 798
599 799
605 800
605 801
801 802
802 803
803 804
610 805
805 806
806 807
807 808
610 809
809 810
810 811
811 812
618 813
813 814
814 815
815 816
618 817
817 818
818 819
819 820
622 821
821 822
622 823
823 824
626 825
825 826
826 827
827 828
626 829
829 830
630 831
831 832
832 833
630 834
834 835
835 836
638 837
837 838
838 839
839 840
638 841
841 842
842 843
843 844
642 845
845 846
846 847
847 848
642 849
849 850
850 851
851 852
655 853
853 854
854 855
855 856
655 857
857 858
858 859
859 860
659 861
861 862
862 863
863 864
659 865
865 866
866 867
867 868
663 869
869 870
870 871
871 872
663 873
873 874
874 875
875 876
667 877
877 878
667 879
879 880
880 881
881 882
671 883
883 884
884 885
885 886
671 887
887 888
888 889
889 890
675 891
891 892
892 893
893 894
675 895
895 896
896 897
897 898
679 899
899 900
900 901
901 902
683 903
903 904
904 905
905 906
683 907
907 908
908 909
909 910
687 911
911 912
687 913
693 914
693 915
697 916
916 917
917 918
701 919
709 920
920 921
921 922
709 923
923 924
713 925
925 926
926 927
927 928
713 929
929 930
930 931
931 932
728 933
933 934
934 935
935 936
728 937
937 938
938 939
732 940
940 941
941 942
942 943
732 944
944 945
945 946
946 947
736 948
948 949
949 950
950 951
736 952
952 953
953 954
954 955
740 956
956 957
957 958
958 959
740 960
960 961
961 962
962 963
744 964
964 965
965 966
966 967
744 968
968 969
969 970
970 971
748 972
972 973
973 974
974 975
748 976
976 977
977 978
978 979
754 980
980 981
981 982
982 983
754 984
984 985
985 986
986 987
758 988
988 989
989 990
990 991
758 992
992 993
766 994
994 995
995 996
996 997
766 998
998 999
772 1000
776 1001
1001 1002
1002 1003
1003 1004
776 1005
1005 1006
1006 1007
1007 1008
783 1009
1009 1010
1010 1011
1011 1012
783 1013
1013 1014
1014 1015
1015 1016
787 1017
1017 1018
1018 1019
1019 1020
787 1021
1021 1022
1022 1023
1023 1024
794 1025
1025 1026
798 1027
1027 1028
798 1029
1029 1030
804 1031
804 1032
1032 1033
1033 1034
1034 1035
808 1036
808 1037
812 1038
1038 1039
812 1040
1040 1041
1041 1042
1042 1043
816 1044
1044 1045
1045 1046
1046 1047
816 1048
1048 1049
1049 1050
1050 1051
820 1052
1052 1053
1053 1054
1054 1055
820 1056
1056 1057
1057 1058
1058 1059
828 1060
828 1061
840 1062
1062 1063
1063 1064
1064 1065
840 1066
1066 1067
1067 1068
1068 1069
844 1070
1070 1071
1071 1072
844 1073
1073 1074
1074 1075
1075 1076
848 1077
848 1078
856 1079
1079 1080
1080 1081
1081 1082
856 1083
1083 1084
860 1085
1085 1086
1086 1087
1087 1088
860 1089
1089 1090
1090 1091
1091 1092
864 1093
1093 1094
1094 1095
1095 1096
864 1097
1097 1098
1098 1099
1099 1100
868 1101
868 1102
876 1103
1103 1104
1104 1105
1105 1106
876 1107
1107 1108
1108 1109
1109 1110
882 1111
1111 1112
1112 1113
1113 1114
890 1115
1115 1116
1116 1117
1117 1118
890 1119
1119 1120
1120 1121
1121 1122
894 1123
1123 1124
1124 1125
1125 1126
894 1127
1127 1128
1128 1129
1129 1130
902 1131
1131 1132
1132 1133
1133 1134
902 1135
1135 1136
1136 1137
1137 1138
906 1139
1139 1140
1140 1141
1141 1142
906 1143
1143 1144
1144 1145
910 1146
1146 1147
1147 1148
1148 1149
928 1150
928 1151
932 1152
1152 1153
932 1154
1154 1155
936 1156
1156 1157
1157 1158
1158 1159
936 1160
1160 1161
1161 1162
1162 1163
943 1164
1164 1165
1165 1166
1166 1167
943 1168
1168 1169
1169 1170
1170 1171
947 1172
1172 1173
1173 1174
1174 1175
947 1176
1176 1177
1177 1178
1178 1179
951 1180
1180 1181
1181 1182
1182 1183
951 1184
1184 1185
1185 1186
1186 1187
955 1188
1188 1189
955 1190
1190 1191
1191 1192
1192 1193
959 1194
1194 1195
1195 1196
1196 1197
959 1198
1198 1199
1199 1200
1200 1201
963 1202
1202 1203
1203 1204
1204 1205
963 1206
1206 1207
1207 1208
1208 1209
971 1210
1210 1211
1211 1212
1212 1213
971 1214
1214 1215
1215 1216
1216 1217
979 1218
1218 1219
1219 1220
1220 1221
979 1222
1222 1223
1223 1224
1224 1225
983 1226
1226 1227
1227 1228
1228 1229
983 1230
1230 1231
1231 1232
1232 1233
987 1234
1234 1235
1235 1236
1236 1237
987 1238
1238 1239
1239 1240
1240 1241
997 1242
1242 1243
1243 1244
1244 1245
997 1246
1004 1247
1247 1248
1248 1249
1249 1250
1004 1251
1251 1252
1252 1253
1253 1254
1012 1255
1255 1256
1256 1257
1257 1258
1012 1259
1259 1260
1260 1261
1261 1262
1016 1263
1263 1264
1264 1265
1265 1266
1016 1267
1267 1268
1268 1269
1269 1270
1024 1271
1271 1272
1272 1273
1273 1274
1024 1275
1275 1276
1276 1277
1277 1278
1035 1279
1279 1280
1280 1281
1281 1282
1035 1283
1283 1284
1284 1285
1285 1286
1055 1287
1287 1288
1288 1289
1289 1290
1055 1291
1291 1292
1292 1293
1293 1294
1059 1295
1295 1296
1296 1297
1297 1298
1059 1299
1299 1300
1300 1301
1065 1302
1302 1303
1065 1304
1082 1305
1305 1306
1306 1307
1307 1308
1082 1309
1309 1310
1088 1311
1311 1312
1312 1313
1313 1314
1088 1315
1315 1316
1316 1317
1317 1318
1092 1319
1319 1320
1320 1321
1321 1322
1092 1323
1323 1324
1096 1325
1325 1326
1326 1327
1327 1328
1096 1329
1329 1330
1330 1331
1331 1332
1100 1333
1100 1334
1334 1335
1335 1336
1336 1337
1106 1338
1338 1339
1339 1340
1106 1341
1341 1342
1342 1343
1110 1344
1344 1345
1345 1346
1346 1347
1110 1348
1348 1349
1349 1350
1114 1351
1351 1352
1352 1353
1114 1354
1354 1355
1355 1356
1356 1357
1122 1358
1358 1359
1359 1360
1360 1361
1122 1362
1362 1363
1363 1364
1364 1365
1130 1366
1366 1367
1367 1368
1368 1369
1130 1370
1370 1371
1371 1372
1372 1373
1134 1374
1374 1375
1375 1376
1376 1377
1134 1378
1378 1379
1379 1380
1138 1381
1381 1382
1382 1383
1383 1384
1138 1385
1385 1386
1386 1387
1387 1388
1142 1389
1142 1390
1149 1391
1391 1392
1392 1393
1149 1394
1394 1395
1395 1396
1396 1397
1167 1398
1398 1399
1399 1400
1167 1401
1401 1402
1402 1403
1171 1404
1404 1405
1405 1406
1171 1407
1407 1408
1408 1409
1409 1410
1175 1411
1175 1412
1412 1413
1179 1414
1414 1415
1415 1416
1179 1417
1417 1418
1183 1419
1419 1420
1420 1421
1421 1422
1183 1423
1423 1424
1424 1425
1425 1426
1187 1427
1427 1428
1187 1429
1429 1430
1193 1431
1431 1432
1432 1433
1433 1434
1193 1435
1435 1436
1436 1437
1437 1438
1197 1439
1439 1440
1440 1441
1441 1442
1197 1443
1443 1444
1444 1445
1445 1446
1201 1447
1201 1448
1448 1449
1205 1450
1450 1451
1451 1452
1452 1453
1205 1454
1454 1455
1455 1456
1456 1457
1209 1458
1458 1459
1459 1460
1460 1461
1209 1462
1462 1463
1463 1464
1213 1465
1213 1466
1466 1467
1467 1468
1468 1469
1217 1470
1217 1471
1221 1472
1472 1473
1473 1474
1221 1475
1475 1476
1476 1477
1477 1478
1225 1479
1479 1480
1480 1481
1225 1482
1482 1483
1483 1484
1484 1485
1229 1486
1486 1487
1487 1488
1488 1489
1229 1490
1490 1491
1491 1492
1492 1493
1233 1494
1494 1495
1495 1496
1496 1497
1233 1498
1498 1499
1499 1500
1500 1501
1241 1502
1502 1503
1503 1504
1504 1505
1241 1506
1506 1507
1507 1508
1245 1509
1245 1510
1510 1511
1254 1512
1512 1513
1513 1514
1514 1515
1254 1516
1516 1517
1517 1518
1518 1519
1258 1520
1520 1521
1521 1522
1522 1523
1262 1524
1524 1525
1525 1526
1526 1527
1262 1528
1528 1529
1266 1530
1530 1531
1531 1532
1266 1533
1533 1534
1534 1535
1535 1536
1270 1537
1537 1538
1538 1539
1539 1540
1270 1541
1541 1542
1542 1543
1543 1544
1278 1545
1545 1546
1546 1547
1547 1548
1278 1549
1549 1550
1550 1551
1551 1552
1282 1553
1282 1554
1554 1555
1555 1556
1556 1557
1286 1558
1558 1559
1559 1560
1560 1561
1286 1562
1562 1563
1563 1564
1564 1565
1290 1566
1566 1567
1567 1568
1568 1569
1290 1570
1570 1571
1571 1572
1572 1573
1294 1574
1574 1575
1294 1576
1576 1577
1308 1578
1578 1579
1579 1580
1580 1581
1308 1582
1582 1583
1583 1584
1584 1585
1314 1586
1586 1587
1587 1588
1588 1589
1314 1590
1590 1591
1318 1592
1592 1593
1593 1594
1594 1595
1318 1596
1596 1597
1597 1598
1598 1599
1322 1600
1328 1601
1601 1602
1602 1603
1603 1604
1328 1605
1605 1606
1606 1607
1607 1608
1332 1609
1609 1610
1610 1611
1611 1612
1332 1613
1613 1614
1614 1615
1615 1616
1337 1617
1617 1618
1618 1619
1619 1620
1337 1621
1621 1622
1357 1623
1357 1624
1624 1625
1625 1626
1626 1627
1361 1628
1628 1629
1629 1630
1630 1631
1361 1632
1632 1633
1633 1634
1634 1635
1365 1636
1369 1637
1637 1638
1638 1639
1639 1640
1369 1641
1641 1642
1373 1643
1643 1644
1644 1645
1645 1646
1373 1647
1647 1648
1648 1649
1649 1650
1377 1651
1651 1652
1652 1653
1653 1654
1377 1655
1655 1656
1656 1657
1657 1658
1384 1659
1659 1660
1660 1661
1661 1662
1384 1663
1663 1664
1664 1665
1397 1666
1666 1667
1667 1668
1668 1669
1397 1670
1670 1671
1671 1672
1672 1673
1422 1674
1674 1675
1422 1676
1676 1677
1677 1678
1678 1679
1426 1680
1680 1681
1681 1682
1682 1683
1426 1684
1684 1685
1685 1686
1686 1687
1434 1688
1688 1689
1689 1690
1690 1691
1434 1692
1692 1693
1693 1694
1694 1695
1438 1696
1696 1697
1697 1698
1698 1699
1438 1700
1700 1701
1701 1702
1702 1703
1442 1704
1442 1705
1705 1706
1706 1707
1707 1708
1453 1709
1709 1710
1710 1711
1711 1712
1453 1713
1457 1714
1714 1715
1715 1716
1457 1717
1717 1718
1461 1719
1478 1720
1478 1721
1721 1722
1485 1723
1489 1724
1724 1725
1725 1726
1726 1727
1489 1728
1728 1729
1729 1730
1730 1731
1493 1732
1732 1733
1733 1734
1734 1735
1493 1736
1736 1737
1497 1738
1738 1739
1497 1740
1501 1741
1741 1742
1742 1743
1743 1744
1501 1745
1505 1746
1505 1747
1747 1748
1748 1749
1749 1750
1515 1751
1751 1752
1752 1753
1753 1754
1515 1755
1755 1756
1519 1757
1757 1758
1758 1759
1759 1760
1519 1761
1523 1762
1762 1763
1763 1764
1764 1765
1523 1766
1766 1767
1767 1768
1768 1769
1527 1770
1770 1771
1771 1772
1772 1773
1527 1774
1774 1775
1775 1776
1776 1777
1536 1778
1778 1779
1536 1780
1540 1781
1781 1782
1782 1783
1783 1784
1540 1785
1785 1786
1786 1787
1787 1788
1544 1789
1789 1790
1544 1791
1791 1792
1557 1793
1793 1794
1794 1795
1795 1796
1557 1797
1797 1798
1798 1799
1799 1800
1561 1801
1801 1802
1802 1803
1803 1804
1561 1805
1805 1806
1806 1807
1807 1808
1565 1809
1809 1810
1810 1811
1565 1812
1812 1813
1569 1814
1814 1815
1815 1816
1816 1817
1585 1818
1818 1819
1819 1820
1820 1821
1585 1822
1822 1823
1823 1824
1824 1825
1589 1826
1826 1827
1827 1828
1828 1829
1589 1830
1830 1831
1831 1832
1832 1833
1595 1834
1834 1835
1835 1836
1836 1837
1595 1838
1838 1839
1604 1840
1840 1841
1841 1842
1842 1843
1604 1844
1844 1845
1845 1846
1846 1847
1608 1848
1848 1849
1849 1850
1850 1851
1608 1852
1852 1853
1853 1854
1854 1855
1612 1856
1856 1857
1857 1858
1612 1859
1859 1860
1860 1861
1861 1862
1616 1863
1616 1864
1864 1865
1865 1866
1866 1867
1627 1868
1631 1869
1869 1870
1870 1871
1871 1872
1631 1873
1873 1874
1874 1875
1875 1876
1635 1877
1877 1878
1878 1879
1879 1880
1635 1881
1881 1882
1882 1883
1883 1884
1646 1885
1885 1886
1886 1887
1887 1888
1646 1889
1889 1890
1890 1891
1891 1892
1650 1893
1893 1894
1894 1895
1895 1896
1650 1897
1897 1898
1898 1899
1899 1900
1654 1901
1901 1902
1902 1903
1903 1904
1654 1905
1905 1906
1906 1907
1907 1908
1658 1909
1658 1910
1910 1911
1679 1912
1912 1913
1913 1914
1914 1915
1679 1916
1916 1917
1917 1918
1918 1919
1683 1920
1920 1921
1921 1922
1922 1923
1683 1924
1924 1925
1925 1926
1687 1927
1927 1928
1928 1929
1929 1930
1687 1931
1931 1932
1932 1933
1933 1934
1691 1935
1935 1936
1936 1937
1937 1938
1691 1939
1939 1940
1940 1941
1941 1942
1695 1943
1943 1944
1944 1945
1695 1946
1946 1947
1947 1948
1948 1949
1699 1950
1950 1951
1699 1952
1952 1953
1703 1954
1954 1955
1955 1956
1956 1957
1703 1958
1958 1959
1959 1960
1708 1961
1961 1962
1962 1963
1963 1964
1708 1965
1965 1966
1966 1967
1967 1968
1712 1969
1969 1970
1970 1971
1971 1972
1712 1973
1973 1974
1974 1975
1975 1976
1731 1977
1977 1978
1978 1979
1979 1980
1731 1981
1981 1982
1982 1983
1735 1984
1984 1985
1735 1986
1986 1987
1754 1988
1754 1989
1989 1990
1760 1991
1760 1992
1773 1993
1993 1994
1994 1995
1995 1996
1773 1997
1997 1998
1998 1999
1777 2000
2000 2001
2001 2002
2002 2003
1777 2004
2004 2005
2005 2006
2006 2007
1800 2008
2008 2009
2009 2010
2010 2011
1800 2012
2012 2013
2013 2014
2014 2015
1804 2016
2016 2017
2017 2018
2018 2019
1804 2020
2020 2021
2021 2022
2022 2023
1817 2024
2024 2025
2025 2026
2026 2027
1817 2028
1825 2029
1825 2030
2030 2031
2031 2032
2032 2033
1829 2034
2034 2035
2035 2036
2036 2037
1829 2038
2038 2039
2039 2040
2040 2041
1833 2042
1833 2043
2043 2044
2044 2045
1843 2046
2046 2047
2047 2048
2048 2049
1843 2050
2050 2051
2051 2052
2052 2053
1847 2054
1847 2055
1851 2056
1867 2057
2057 2058
2058 2059
2059 2060
1867 2061
1876 2062
1876 2063
2063 2064
2064 2065
1880 2066
2066 2067
2067 2068
2068 2069
1880 2070
2070 2071
2071 2072
2072 2073
1884 2074
2074 2075
2075 2076
2076 2077
1884 2078
2078 2079
2079 2080
2080 2081
1888 2082
2082 2083
1888 2084
2084 2085
1892 2086
2086 2087
2087 2088
2088 2089
1892 2090
2090 2091
2091 2092
2092 2093
1896 2094
2094 2095
2095 2096
2096 2097
1896 2098
2098 2099
2099 2100
1900 2101
2101 2102
2102 2103
2103 2104
1900 2105
2105 2106
2106 2107
2107 2108
1904 2109
2109 2110
2110 2111
2111 2112
1904 2113
2113 2114
2114 2115
2115 2116
1908 2117
2117 2118
1908 2119
2119 2120
2120 2121
1915 2122
2122 2123
2123 2124
2124 2125
1923 2126
1923 2127
1934 2128
2128 2129
2129 2130
1934 2131
2131 2132
1938 2133
2133 2134
1938 2135
2135 2136
1949 2137
2137 2138
2138 2139
2139 2140
1949 2141
2141 2142
2142 2143
1957 2144
1957 2145
1964 2146
2146 2147
2147 2148
2148 2149
1964 2150
2150 2151
2151 2152
2152 2153
1968 2154
2154 2155
2155 2156
2156 2157
1968 2158
2158 2159
2159 2160
2160 2161
1972 2162
1972 2163
1996 2164
2164 2165
2165 2166
2166 2167
1996 2168
2168 2169
2007 2170
2170 2171
2171 2172
2007 2173
2173 2174
2174 2175
2011 2176
2176 2177
2177 2178
2178 2179
2011 2180
2180 2181
2181 2182
2182 2183
2019 2184
2184 2185
2185 2186
2186 2187
2019 2188
2188 2189
2189 2190
2190 2191
2027 2192
2192 2193
2027 2194
2194 2195
2195 2196
2196 2197
2033 2198
2033 2199
2037 2200
2037 2201
2049 2202
2202 2203
2203 2204
2204 2205
2049 2206
2053 2207
2207 2208
2208 2209
2053 2210
2060 2211
2060 2212
2069 2213
2081 2214
2214 2215
2215 2216
2216 2217
2081 2218
2218 2219
2219 2220
2220 2221
2089 2222
2222 2223
2223 2224
2224 2225
2089 2226
2226 2227
2227 2228
2108 2229
2149 2230
2149 2231
2157 2232
2157 2233
2167 2234
2179 2235
2187 2236
2187 2237
2197 2238
2235 2239
2236 2240
2237 2241
2237 2242
2239 2243
2241 2244
2241 2245
2242 2246
2243 2247
2246 2248
2246 2249
2247 2250
2247 2251
2248 2252
2251 2253
2251 2254
2252 2255
2254 2256
2254 2257
2255 2258</DataArray><DataArray Name="types" Format="ascii" type="Int32">3
3
3
3
3
3
3
3
3
3
3
3
3
3
3
3
3
3
3
3
3
3
3
3
3
3
3
3
3
3
3
3
3
3
3
3
3
3
3
3
3
3
3
3
3
3
3
3
3
3
3
3
3
3
3
3
3
3
3
3
3
3
3
3
3
3
3
3
3
3
3
3
3
3
3
3
3
3
3
3
3
3
3
3
3
3
3
3
3
3
3
3
3
3
3
3
3
3
3
3
3
3
3
3
3
3
3
3
3
3
3
3
3
3
3
3
3
3
3
3
3
3
3
3
3
3
3
3
3
3
3
3
3
3
3
3
3
3
3
3
3
3
3
3
3
3
3
3
3
3
3
3
3
3
3
3
3
3
3
3
3
3
3
3
3
3
3
3
3
3
3
3
3
3
3
3
3
3
3
3
3
3
3
3
3
3
3
3
3
3
3
3
3
3
3
3
3
3
3
3
3
3
3
3
3
3
3
3
3
3
3
3
3
3
3
3
3
3
3
3
3
3
3
3
3
3
3
3
3
3
3
3
3
3
3
3
3
3
3
3
3
3
3
3
3
3
3
3
3
3
3
3
3
3
3
3
3
3
3
3
3
3
3
3
3
3
3
3
3
3
3
3
3
3
3
3
3
3
3
3
3
3
3
3
3
3
3
3
3
3
3
3
3
3
3
3
3
3
3
3
3
3
3
3
3
3
3
3
3
3
3
3
3
3
3
3
3
3
3
3
3
3
3
3
3
3
3
3
3
3
3
3
3
3
3
3
3
3
3
3
3
3
3
3
3
3
3
3
3
3
3
3
3
3
3
3
3
3
3
3
3
3
3
3
3
3
3
3
3
3
3
3
3
3
3
3
3
3
3
3
3
3
3
3
3
3
3
3
3
3
3
3
3
3
3
3
3
3
3
3
3
3
3
3
3
3
3
3
3
3
3
3
3
3
3
3
3
3
3
3
3
3
3
3
3
3
3
3
3
3
3
3
3
3
3
3
3
3
3
3
3
3
3
3
3
3
3
3
3
3
3
3
3
3
3
3
3
3
3
3
3
3
3
3
3
3
3
3
3
3
3
3
3
3
3
3
3
3
3
3
3
3
3
3
3
3
3
3
3
3
3
3
3
3
3
3
3
3
3
3
3
3
3
3
3
3
3
3
3
3
3
3
3
3
3
3
3
3
3
3
3
3
3
3
3
3
3
3
3
3
3
3
3
3
3
3
3
3
3
3
3
3
3
3
3
3
3
3
3
3
3
3
3
3
3
3
3
3
3
3
3
3
3
3
3
3
3
3
3
3
3
3
3
3
3
3
3
3
3
3
3
3
3
3
3
3
3
3
3
3
3
3
3
3
3
3
3
3
3
3
3
3
3
3
3
3
3
3
3
3
3
3
3
3
3
3
3
3
3
3
3
3
3
3
3
3
3
3
3
3
3
3
3
3
3
3
3
3
3
3
3
3
3
3
3
3
3
3
3
3
3
3
3
3
3
3
3
3
3
3
3
3
3
3
3
3
3
3
3
3
3
3
3
3
3
3
3
3
3
3
3
3
3
3
3
3
3
3
3
3
3
3
3
3
3
3
3
3
3
3
3
3
3
3
3
3
3
3
3
3
3
3
3
3
3
3
3
3
3
3
3
3
3
3
3
3
3
3
3
3
3
3
3
3
3
3
3
3
3
3
3
3
3
3
3
3
3
3
3
3
3
3
3
3
3
3
3
3
3
3
3
3
3
3
3
3
3
3
3
3
3
3
3
3
3
3
3
3
3
3
3
3
3
3
3
3
3
3
3
3
3
3
3
3
3
3
3
3
3
3
3
3
3
3
3
3
3
3
3
3
3
3
3
3
3
3
3
3
3
3
3
3
3
3
3
3
3
3
3
3
3
3
3
3
3
3
3
3
3
3
3
3
3
3
3
3
3
3
3
3
3
3
3
3
3
3
3
3
3
3
3
3
3
3
3
3
3
3
3
3
3
3
3
3
3
3
3
3
3
3
3
3
3
3
3
3
3
3
3
3
3
3
3
3
3
3
3
3
3
3
3
3
3
3
3
3
3
3
3
3
3
3
3
3
3
3
3
3
3
3
3
3
3
3
3
3
3
3
3
3
3
3
3
3
3
3
3
3
3
3
3
3
3
3
3
3
3
3
3
3
3
3
3
3
3
3
3
3
3
3
3
3
3
3
3
3
3
3
3
3
3
3
3
3
3
3
3
3
3
3
3
3
3
3
3
3
3
3
3
3
3
3
3
3
3
3
3
3
3
3
3
3
3
3
3
3
3
3
3
3
3
3
3
3
3
3
3
3
3
3
3
3
3
3
3
3
3
3
3
3
3
3
3
3
3
3
3
3
3
3
3
3
3
3
3
3
3
3
3
3
3
3
3
3
3
3
3
3
3
3
3
3
3
3
3
3
3
3
3
3
3
3
3
3
3
3
3
3
3
3
3
3
3
3
3
3
3
3
3
3
3
3
3
3
3
3
3
3
3
3
3
3
3
3
3
3
3
3
3
3
3
3
3
3
3
3
3
3
3
3
3
3
3
3
3
3
3
3
3
3
3
3
3
3
3
3
3
3
3
3
3
3
3
3
3
3
3
3
3
3
3
3
3
3
3
3
3
3
3
3
3
3
3
3
3
3
3
3
3
3
3
3
3
3
3
3
3
3
3
3
3
3
3
3
3
3
3
3
3
3
3
3
3
3
3
3
3
3
3
3
3
3
3
3
3
3
3
3
3
3
3
3
3
3
3
3
3
3
3
3
3
3
3
3
3
3
3
3
3
3
3
3
3
3
3
3
3
3
3
3
3
3
3
3
3
3
3
3
3
3
3
3
3
3
3
3
3
3
3
3
3
3
3
3
3
3
3
3
3
3
3
3
3
3
3
3
3
3
3
3
3
3
3
3
3
3
3
3
3
3
3
3
3
3
3
3
3
3
3
3
3
3
3
3
3
3
3
3
3
3
3
3
3
3
3
3
3
3
3
3
3
3
3
3
3
3
3
3
3
3
3
3
3
3
3
3
3
3
3
3
3
3
3
3
3
3
3
3
3
3
3
3
3
3
3
3
3
3
3
3
3
3
3
3
3
3
3
3
3
3
3
3
3
3
3
3
3
3
3
3
3
3
3
3
3
3
3
3
3
3
3
3
3
3
3
3
3
3
3
3
3
3
3
3
3
3
3
3
3
3
3
3
3
3
3
3
3
3
3
3
3
3
3
3
3
3
3
3
3
3
3
3
3
3
3
3
3
3
3
3
3
3
3
3
3
3
3
3
3
3
3
3
3
3
3
3
3
3
3
3
3
3
3
3
3
3
3
3
3
3
3
3
3
3
3
3
3
3
3
3
3
3
3
3
3
3
3
3
3
3
3
3
3
3
3
3
3
3
3
3
3
3
3
3
3
3
3
3
3
3
3
3
3
3
3
3
3
3
3
3
3
3
3
3
3
3
3
3
3
3
3
3
3
3
3
3
3
3
3
3
3
3
3
3
3
3
3
3
3
3
3
3
3
3
3
3
3
3
3
3
3
3
3
3
3
3
3
3
3
3
3
3
3
3
3
3
3
3
3
3
3
3
3
3
3
3
3
3
3
3
3
3
3
3
3
3
3
3
3
3
3
3
3
3
3
3
3
3
3
3
3
3
3
3
3
3
3
3
3
3
3
3
3
3
3
3
3
3
3
3
3
3
3
3
3
3
3
3
3
3
3
3
3
3
3
3
3
3
3
3
3
3
3
3
3
3
3
3
3
3
3
3
3
3
3
3
3
3
3
3
3
3
3
3
3
3
3
3
3
3
3
3
3
3
3
3
3
3
3
3
3
3
3
3
3
3
3
3
3
3
3
3
3
3
3
3
3
3
3
3
3
3
3
3
3
3
3
3
3
3
3
3
3
3
3
3
3
3
3
3
3
3
3
3
3
3
3
3
3
3
3
3
3
3
3
3
3
3
3
3
3
3
3
3
3
3
3
3
3
3
3
3
3
3
3
3
3
3
3
3
3
3
3
3
3
3
3
3
3
3
3
3
3
3
3
3
3
3
3
3
3
3
3
3
3
3
3
3
3
3
3
3
3
3
3
3
3
3
3
3
3
3
3
3
3
3
3
3
3
3
3
3
3
3
3
3
3
3
3
3
3
3
3
3
3
3
3
3
3
3
3
3
3
3
3
3
3
3
3
3
3
3
3
3
3
3
3
3
3
3
3
3
3
3
3
3
3
3
3
3
3
3
3
3
3
3
3
3
3
3
3
3
3
3
3
3
3
3
3
3
3
3
3
3
3
3
3
3
3
3
3
3
3
3
3
3
3
3
3
3
3
3
3
3
3
3
3
3
3
3
3
3
3
3
3
3
3
3
3
3
3
3
3
3
3
3
3
3
3
3
3
3
3
3
3
3
3
3
3
3
3
3
3
3
3
3
3
3
3
3
3
3
3
3
3
3
3
3
3
3
3
3
3
3
3
3
3
3
3
3
3
3
3
3
3
3
3
3
3
3
3
3
3
3
3
3
3
3
3
3
3
3
3
3
3
3
3
3
3
3
3
3
3
3
3
3
3
3
3
3
3
3
3
3
3
3
3
3
3
3
3
3
3
3
3
3
3
3
3
3
3
3
3
3
3
3
3
3
3
3
3
3
3
3
3
3
3
3
3
3
3
3
3
3
3
3
3
3
3
3
3
3
3
3
3
3
3
3
3
3
3
3
3
3
3
3
3
3
3
3
3
3
3
3
3
3
3
3
3
3
3
3
3
3
3
3
3
3
3
3
3
3
3
3
3
3
3
3
3
3
3
3
3
3
3
3
3
3
3
3
3
3
3
3
3
3
3
3
3
3
3
3
3
3
3
3
3
3
3
3
3
3
3
3
3
3
3
3
3
3
3
3
3
3
3
3
3
3
3
3
3
3
3
3
3
3
3
3
3
3
3
3
3
3
3
3
3
3
3
3
3
3
3
3
3
3
3
3
3
3
3
3
3
3
3
3
3
3
3
3
3
3
3
3
3
3
3
3
3
3
3
3
3
3
3
3
3
3
3
3
3
3
3
3
3
3
3
3
3
3
3
3
3
3
3
3
3
3
3
3
3
3
3
3
3
3
3
3</DataArray><DataArray Name="offsets" type="Int32" Format="ascii">2
4
6
8
10
12
14
16
18
20
22
24
26
28
30
32
34
36
38
40
42
44
46
48
50
52
54
56
58
60
62
64
66
68
70
72
74
76
78
80
82
84
86
88
90
92
94
96
98
100
102
104
106
108
110
112
114
116
118
120
122
124
126
128
130
132
134
136
138
140
142
144
146
148
150
152
154
156
158
160
162
164
166
168
170
172
174
176
178
180
182
184
186
188
190
192
194
196
198
200
202
204
206
208
210
212
214
216
218
220
222
224
226
228
230
232
234
236
238
240
242
244
246
248
250
252
254
256
258
260
262
264
266
268
270
272
274
276
278
280
282
284
286
288
290
292
294
296
298
300
302
304
306
308
310
312
314
316
318
320
322
324
326
328
330
332
334
336
338
340
342
344
346
348
350
352
354
356
358
360
362
364
366
368
370
372
374
376
378
380
382
384
386
388
390
392
394
396
398
400
402
404
406
408
410
412
414
416
418
420
422
424
426
428
430
432
434
436
438
440
442
444
446
448
450
452
454
456
458
460
462
464
466
468
470
472
474
476
478
480
482
484
486
488
490
492
494
496
498
500
502
504
506
508
510
512
514
516
518
520
522
524
526
528
530
532
534
536
538
540
542
544
546
548
550
552
554
556
558
560
562
564
566
568
570
572
574
576
578
580
582
584
586
588
590
592
594
596
598
600
602
604
606
608
610
612
614
616
618
620
622
624
626
628
630
632
634
636
638
640
642
644
646
648
650
652
654
656
658
660
662
664
666
668
670
672
674
676
678
680
682
684
686
688
690
692
694
696
698
700
702
704
706
708
710
712
714
716
718
720
722
724
726
728
730
732
734
736
738
740
742
744
746
748
750
752
754
756
758
760
762
764
766
768
770
772
774
776
778
780
782
784
786
788
790
792
794
796
798
800
802
804
806
808
810
812
814
816
818
820
822
824
826
828
830
832
834
836
838
840
842
844
846
848
850
852
854
856
858
860
862
864
866
868
870
872
874
876
878
880
882
884
886
888
890
892
894
896
898
900
902
904
906
908
910
912
914
916
918
920
922
924
926
928
930
932
934
936
938
940
942
944
946
948
950
952
954
956
958
960
962
964
966
968
970
972
974
976
978
980
982
984
986
988
990
992
994
996
998
1000
1002
1004
1006
1008
1010
1012
1014
1016
1018
1020
1022
1024
1026
1028
1030
1032
1034
1036
1038
1040
1042
1044
1046
1048
1050
1052
1054
1056
1058
1060
1062
1064
1066
1068
1070
1072
1074
1076
1078
1080
1082
1084
1086
1088
1090
1092
1094
1096
1098
1100
1102
1104
1106
1108
1110
1112
1114
1116
1118
1120
1122
1124
1126
1128
1130
1132
1134
1136
1138
1140
1142
1144
1146
1148
1150
1152
1154
1156
1158
1160
1162
1164
1166
1168
1170
1172
1174
1176
1178
1180
1182
1184
1186
1188
1190
1192
1194
1196
1198
1200
1202
1204
1206
1208
1210
1212
1214
1216
1218
1220
1222
1224
1226
1228
1230
1232
1234
1236
1238
1240
1242
1244
1246
1248
1250
1252
1254
1256
1258
1260
1262
1264
1266
1268
1270
1272
1274
1276
1278
1280
1282
1284
1286
1288
1290
1292
1294
1296
1298
1300
1302
1304
1306
1308
1310
1312
1314
1316
1318
1320
1322
1324
1326
1328
1330
1332
1334
1336
1338
1340
1342
1344
1346
1348
1350
1352
1354
1356
1358
1360
1362
1364
1366
1368
1370
1372
1374
1376
1378
1380
1382
1384
1386
1388
1390
1392
1394
1396
1398
1400
1402
1404
1406
1408
1410
1412
1414
1416
1418
1420
1422
1424
1426
1428
1430
1432
1434
1436
1438
1440
1442
1444
1446
1448
1450
1452
1454
1456
1458
1460
1462
1464
1466
1468
1470
1472
1474
1476
1478
1480
1482
1484
1486
1488
1490
1492
1494
1496
1498
1500
1502
1504
1506
1508
1510
1512
1514
1516
1518
1520
1522
1524
1526
1528
1530
1532
1534
1536
1538
1540
1542
1544
1546
1548
1550
1552
1554
1556
1558
1560
1562
1564
1566
1568
1570
1572
1574
1576
1578
1580
1582
1584
1586
1588
1590
1592
1594
1596
1598
1600
1602
1604
1606
1608
1610
1612
1614
1616
1618
1620
1622
1624
1626
1628
1630
1632
1634
1636
1638
1640
1642
1644
1646
1648
1650
1652
1654
1656
1658
1660
1662
1664
1666
1668
1670
1672
1674
1676
1678
1680
1682
1684
1686
1688
1690
1692
1694
1696
1698
1700
1702
1704
1706
1708
1710
1712
1714
1716
1718
1720
1722
1724
1726
1728
1730
1732
1734
1736
1738
1740
1742
1744
1746
1748
1750
1752
1754
1756
1758
1760
1762
1764
1766
1768
1770
1772
1774
1776
1778
1780
1782
1784
1786
1788
1790
1792
1794
1796
1798
1800
1802
1804
1806
1808
1810
1812
1814
1816
1818
1820
1822
1824
1826
1828
1830
1832
1834
1836
1838
1840
1842
1844
1846
1848
1850
1852
1854
1856
1858
1860
1862
1864
1866
1868
1870
1872
1874
1876
1878
1880
1882
1884
1886
1888
1890
1892
1894
1896
1898
1900
1902
1904
1906
1908
1910
1912
1914
1916
1918
1920
1922
1924
1926
1928
1930
1932
1934
1936
1938
1940
1942
1944
1946
1948
1950
1952
1954
1956
1958
1960
1962
1964
1966
1968
1970
1972
1974
1976
1978
1980
1982
1984
1986
1988
1990
1992
1994
1996
1998
2000
2002
2004
2006
2008
2010
2012
2014
2016
2018
2020
2022
2024
2026
2028
2030
2032
2034
2036
2038
2040
2042
2044
2046
2048
2050
2052
2054
2056
2058
2060
2062
2064
2066
2068
2070
2072
2074
2076
2078
2080
2082
2084
2086
2088
2090
2092
2094
2096
2098
2100
2102
2104
2106
2108
2110
2112
2114
2116
2118
2120
2122
2124
2126
2128
2130
2132
2134
2136
2138
2140
2142
2144
2146
2148
2150
2152
2154
2156
2158
2160
2162
2164
2166
2168
2170
2172
2174
2176
2178
2180
2182
2184
2186
2188
2190
2192
2194
2196
2198
2200
2202
2204
2206
2208
2210
2212
2214
2216
2218
2220
2222
2224
2226
2228
2230
2232
2234
2236
2238
2240
2242
2244
2246
2248
2250
2252
2254
2256
2258
2260
2262
2264
2266
2268
2270
2272
2274
2276
2278
2280
2282
2284
2286
2288
2290
2292
2294
2296
2298
2300
2302
2304
2306
2308
2310
2312
2314
2316
2318
2320
2322
2324
2326
2328
2330
2332
2334
2336
2338
2340
2342
2344
2346
2348
2350
2352
2354
2356
2358
2360
2362
2364
2366
2368
2370
2372
2374
2376
2378
2380
2382
2384
2386
2388
2390
2392
2394
2396
2398
2400
2402
2404
2406
2408
2410
2412
2414
2416
2418
2420
2422
2424
2426
2428
2430
2432
2434
2436
2438
2440
2442
2444
2446
2448
2450
2452
2454
2456
2458
2460
2462
2464
2466
2468
2470
2472
2474
2476
2478
2480
2482
2484
2486
2488
2490
2492
2494
2496
2498
2500
2502
2504
2506
2508
2510
2512
2514
2516
2518
2520
2522
2524
2526
2528
2530
2532
2534
2536
2538
2540
2542
2544
2546
2548
2550
2552
2554
2556
2558
2560
2562
2564
2566
2568
2570
2572
2574
2576
2578
2580
2582
2584
2586
2588
2590
2592
2594
2596
2598
2600
2602
2604
2606
2608
2610
2612
2614
2616
2618
2620
2622
2624
2626
2628
2630
2632
2634
2636
2638
2640
2642
2644
2646
2648
2650
2652
2654
2656
2658
2660
2662
2664
2666
2668
2670
2672
2674
2676
2678
2680
2682
2684
2686
2688
2690
2692
2694
2696
2698
2700
2702
2704
2706
2708
2710
2712
2714
2716
2718
2720
2722
2724
2726
2728
2730
2732
2734
2736
2738
2740
2742
2744
2746
2748
2750
2752
2754
2756
2758
2760
2762
2764
2766
2768
2770
2772
2774
2776
2778
2780
2782
2784
2786
2788
2790
2792
2794
2796
2798
2800
2802
2804
2806
2808
2810
2812
2814
2816
2818
2820
2822
2824
2826
2828
2830
2832
2834
2836
2838
2840
2842
2844
2846
2848
2850
2852
2854
2856
2858
2860
2862
2864
2866
2868
2870
2872
2874
2876
2878
2880
2882
2884
2886
2888
2890
2892
2894
2896
2898
2900
2902
2904
2906
2908
2910
2912
2914
2916
2918
2920
2922
2924
2926
2928
2930
2932
2934
2936
2938
2940
2942
2944
2946
2948
2950
2952
2954
2956
2958
2960
2962
2964
2966
2968
2970
2972
2974
2976
2978
2980
2982
2984
2986
2988
2990
2992
2994
2996
2998
3000
3002
3004
3006
3008
3010
3012
3014
3016
3018
3020
3022
3024
3026
3028
3030
3032
3034
3036
3038
3040
3042
3044
3046
3048
3050
3052
3054
3056
3058
3060
3062
3064
3066
3068
3070
3072
3074
3076
3078
3080
3082
3084
3086
3088
3090
3092
3094
3096
3098
3100
3102
3104
3106
3108
3110
3112
3114
3116
3118
3120
3122
3124
3126
3128
3130
3132
3134
3136
3138
3140
3142
3144
3146
3148
3150
3152
3154
3156
3158
3160
3162
3164
3166
3168
3170
3172
3174
3176
3178
3180
3182
3184
3186
3188
3190
3192
3194
3196
3198
3200
3202
3204
3206
3208
3210
3212
3214
3216
3218
3220
3222
3224
3226
3228
3230
3232
3234
3236
3238
3240
3242
3244
3246
3248
3250
3252
3254
3256
3258
3260
3262
3264
3266
3268
3270
3272
3274
3276
3278
3280
3282
3284
3286
3288
3290
3292
3294
3296
3298
3300
3302
3304
3306
3308
3310
3312
3314
3316
3318
3320
3322
3324
3326
3328
3330
3332
3334
3336
3338
3340
3342
3344
3346
3348
3350
3352
3354
3356
3358
3360
3362
3364
3366
3368
3370
3372
3374
3376
3378
3380
3382
3384
3386
3388
3390
3392
3394
3396
3398
3400
3402
3404
3406
3408
3410
3412
3414
3416
3418
3420
3422
3424
3426
3428
3430
3432
3434
3436
3438
3440
3442
3444
3446
3448
3450
3452
3454
3456
3458
3460
3462
3464
3466
3468
3470
3472
3474
3476
3478
3480
3482
3484
3486
3488
3490
3492
3494
3496
3498
3500
3502
3504
3506
3508
3510
3512
3514
3516
3518
3520
3522
3524
3526
3528
3530
3532
3534
3536
3538
3540
3542
3544
3546
3548
3550
3552
3554
3556
3558
3560
3562
3564
3566
3568
3570
3572
3574
3576
3578
3580
3582
3584
3586
3588
3590
3592
3594
3596
3598
3600
3602
3604
3606
3608
3610
3612
3614
3616
3618
3620
3622
3624
3626
3628
3630
3632
3634
3636
3638
3640
3642
3644
3646
3648
3650
3652
3654
3656
3658
3660
3662
3664
3666
3668
3670
3672
3674
3676
3678
3680
3682
3684
3686
3688
3690
3692
3694
3696
3698
3700
3702
3704
3706
3708
3710
3712
3714
3716
3718
3720
3722
3724
3726
3728
3730
3732
3734
3736
3738
3740
3742
3744
3746
3748
3750
3752
3754
3756
3758
3760
3762
3764
3766
3768
3770
3772
3774
3776
3778
3780
3782
3784
3786
3788
3790
3792
3794
3796
3798
3800
3802
3804
3806
3808
3810
3812
3814
3816
3818
3820
3822
3824
3826
3828
3830
3832
3834
3836
3838
3840
3842
3844
3846
3848
3850
3852
3854
3856
3858
3860
3862
3864
3866
3868
3870
3872
3874
3876
3878
3880
3882
3884
3886
3888
3890
3892
3894
3896
3898
3900
3902
3904
3906
3908
3910
3912
3914
3916
3918
3920
3922
3924
3926
3928
3930
3932
3934
3936
3938
3940
3942
3944
3946
3948
3950
3952
3954
3956
3958
3960
3962
3964
3966
3968
3970
3972
3974
3976
3978
3980
3982
3984
3986
3988
3990
3992
3994
3996
3998
4000
4002
4004
4006
4008
4010
4012
4014
4016
4018
4020
4022
4024
4026
4028
4030
4032
4034
4036
4038
4040
4042
4044
4046
4048
4050
4052
4054
4056
4058
4060
4062
4064
4066
4068
4070
4072
4074
4076
4078
4080
4082
4084
4086
4088
4090
4092
4094
4096
4098
4100
4102
4104
4106
4108
4110
4112
4114
4116
4118
4120
4122
4124
4126
4128
4130
4132
4134
4136
4138
4140
4142
4144
4146
4148
4150
4152
4154
4156
4158
4160
4162
4164
4166
4168
4170
4172
4174
4176
4178
4180
4182
4184
4186
4188
4190
4192
4194
4196
4198
4200
4202
4204
4206
4208
4210
4212
4214
4216
4218
4220
4222
4224
4226
4228
4230
4232
4234
4236
4238
4240
4242
4244
4246
4248
4250
4252
4254
4256
4258
4260
4262
4264
4266
4268
4270
4272
4274
4276
4278
4280
4282
4284
4286
4288
4290
4292
4294
4296
4298
4300
4302
4304
4306
4308
4310
4312
4314
4316
4318
4320
4322
4324
4326
4328
4330
4332
4334
4336
4338
4340
4342
4344
4346
4348
4350
4352
4354
4356
4358
4360
4362
4364
4366
4368
4370
4372
4374
4376
4378
4380
4382
4384
4386
4388
4390
4392
4394
4396
4398
4400
4402
4404
4406
4408
4410
4412
4414
4416
4418
4420
4422
4424
4426
4428
4430
4432
4434
4436
4438
4440
4442
4444
4446
4448
4450
4452
4454
4456
4458
4460
4462
4464
4466
4468
4470
4472
4474
4476
4478
4480
4482
4484
4486
4488
4490
4492
4494
4496
4498
4500
4502
4504
4506
4508
4510
4512
4514
4516</DataArray></Cells></Piece></UnstructuredGrid></VTKFile>