0.000000000000000000e+00 3.129999999999999893e+00 0.000000000000000000e+00
1.145172016173477345e-03 3.122607167355654578e+00 -2.247564423555993285e-01
6.270238112182833362e-03 3.115742629835799526e+00 -4.516342714928566759e-01
6.154349449570799789e-03 3.114586405777710620e+00 -6.767133764813797470e-01
6.233567648543172912e-03 3.109939320689501407e+00 -9.014926674331206202e-01
6.225975448725892293e-03 3.094856542066088956e+00 -1.125484384444809915e+00
6.096319123272892979e-03 3.081962810965829913e+00 -1.349911190563714669e+00
6.607358104854053199e-03 3.071747859570490125e+00 -1.574055114987742421e+00
1.871319953536496328e-01 3.030532873443351871e+00 -1.993077624502277878e+00
-1.841393576894950757e-01 3.045348192194099912e+00 -1.801149184736812625e+00
2.158740094626874495e-01 3.030169723575330654e+00 -1.995205315724897899e+00
2.513729149618094127e-01 3.025709826642671629e+00 -1.997271438837432189e+00
2.920639892910184554e-01 3.019751766434482398e+00 -1.999384929236422748e+00
3.361478083640883630e-01 3.013297559602346798e+00 -2.001667116792045675e+00
3.823403512021879558e-01 3.006534290958350120e+00 -2.004062424984298652e+00
4.319877972878041761e-01 2.998094144633805858e+00 -2.020726304618059466e+00
4.815753778249724504e-01 2.989874882865630301e+00 -2.034834932726030665e+00
5.307523581881486985e-01 2.981857377610166893e+00 -2.047218122273915863e+00
5.793408711195876526e-01 2.974024138369431913e+00 -2.058390422679015952e+00
2.260182434945950114e-01 3.029426132886486212e+00 -1.995908442111367531e+00
2.677052488217608328e-01 3.023317476034966589e+00 -1.998131059737028759e+00
3.107700567208034892e-01 3.017011848117421735e+00 -2.000367858173139890e+00
3.547517729175815315e-01 3.010571765460870353e+00 -2.002654679592653419e+00
3.998085023205816269e-01 3.003974383077117061e+00 -2.004996066094630880e+00
4.482132978360096054e-01 2.995561533719269143e+00 -2.023456148300425195e+00
4.967451329895805623e-01 2.987342889716060768e+00 -2.039362411546749243e+00
5.447148316895402687e-01 2.979274362468839144e+00 -2.054423638223523252e+00
5.910835993789752552e-01 2.970598859770985367e+00 -2.070483812694834835e+00
-2.213613860088808893e-01 3.040833597196728633e+00 -1.833883668586215210e+00
-2.586192382985875726e-01 3.036316336396083226e+00 -1.866623830227238878e+00
-2.954847867140853457e-01 3.028675042423170982e+00 -1.899033731951714987e+00
-3.323481227130030691e-01 3.020579559191659325e+00 -1.931487764058636314e+00
-3.692097737571473082e-01 3.012479292239424566e+00 -1.963990180085446013e+00
-4.066982618736610378e-01 3.004337186892124478e+00 -1.996662487264308172e+00
-4.441896252333967232e-01 2.996774965865293350e+00 -2.029371548113569901e+00
-4.815626264248744626e-01 2.989229955516659931e+00 -2.062057020922070993e+00
-5.188071982997577436e-01 2.981703687344326337e+00 -2.094716090377227058e+00
-2.099768578794246054e-01 3.040940504087956686e+00 -1.843464850578608427e+00
-2.244408922816719110e-01 3.036930524147857913e+00 -1.890878141364439546e+00
-2.264067935528314424e-01 3.033283461810709625e+00 -1.940412205230940712e+00
-2.200583711348678417e-01 3.029016774375729248e+00 -1.989597144107394078e+00
-2.075003491876777073e-01 3.025951438879648236e+00 -2.037723897317916144e+00
-1.896102411152718048e-01 3.021456261277588595e+00 -2.084076083235497201e+00
-1.676866121903881068e-01 3.017424974190219267e+00 -2.128688584872944656e+00
-1.433435625033482874e-01 3.013702769963825023e+00 -2.172003202172712033e+00
-1.164138822676822754e-01 3.010260318341269503e+00 -2.214348506892330981e+00
-5.499547434210132479e-01 2.971417461945335070e+00 -2.132206576962967226e+00
-5.810565191335944624e-01 2.960740788791849543e+00 -2.169668218426654249e+00
-6.124766387424347425e-01 2.949996586490620132e+00 -2.207172728797315298e+00
-6.438781469882685071e-01 2.939254284040166088e+00 -2.244691439187332271e+00
-6.752495505643154594e-01 2.928517264280359189e+00 -2.282215095179441544e+00
-7.066316427898987618e-01 2.918028682002345775e+00 -2.319826334400165724e+00
-7.379243272949354004e-01 2.907866622956732261e+00 -2.357407883706132523e+00
-7.683637511219991723e-01 2.894294176557957066e+00 -2.394577826155948497e+00
-7.987999855564116292e-01 2.880726857720611989e+00 -2.431717482570912026e+00
-5.597411060412615935e-01 2.970883740982993348e+00 -2.120944631258258717e+00
-6.059956036393111534e-01 2.959999498601862289e+00 -2.135921184202760781e+00
-6.547923807700264387e-01 2.950125757310543939e+00 -2.138598614757386773e+00
-7.027368039320274207e-01 2.938792632946992001e+00 -2.132823372171730014e+00
-7.496161167470547504e-01 2.927488300257016451e+00 -2.120653791140729716e+00
-7.954658208651607110e-01 2.916898979156797189e+00 -2.103165781883641561e+00
-8.396402277002845693e-01 2.907094340455667059e+00 -2.081556518456539440e+00
-8.825357558813848868e-01 2.897834301317240513e+00 -2.057452315085688710e+00
-9.244626639183587402e-01 2.888963188563864470e+00 -2.031740313516562146e+00
-8.199584193949691069e-02 3.007977579570778381e+00 -2.251001138946931768e+00
-4.773398184415113266e-02 3.005688940915929308e+00 -2.287621603505595846e+00
-1.366007639048544796e-02 3.003390093786867610e+00 -2.324229003516292913e+00
2.023390151597358189e-02 3.000257821830968563e+00 -2.360740159670728033e+00
5.405970628076616630e-02 2.994257109236549308e+00 -2.396952102390239148e+00
8.787923382314941079e-02 2.988235704709683471e+00 -2.433194173683888462e+00
1.216792082825410987e-01 2.982213635999221513e+00 -2.469456547405273650e+00
1.556767227615047933e-01 2.976160039783996236e+00 -2.505894350695023753e+00
1.896372590961196425e-01 2.970114396108372468e+00 -2.542278905171708736e+00
-9.421393965870403231e-02 3.006218462794705282e+00 -2.259191250383484562e+00
-8.397378296947424769e-02 3.000962669070305733e+00 -2.307859389865098976e+00
-8.616676867039384236e-02 2.995136432507306434e+00 -2.357475026970199838e+00
-9.647458116436852249e-02 2.989654889650308789e+00 -2.405921117751899985e+00
-1.126597196266166251e-01 2.983990742504715854e+00 -2.452537783357700008e+00
-1.360483270434308112e-01 2.978074614606614823e+00 -2.497194206831938601e+00
-1.629290403068628379e-01 2.972169880799055086e+00 -2.539563766320466875e+00
-1.918086238852234060e-01 2.966306674737456461e+00 -2.580273991103176900e+00
-2.219841892856148080e-01 2.960055188927347647e+00 -2.619603597417486274e+00
-8.349308916118965973e-01 2.866348490996531329e+00 -2.463502818472801614e+00
-8.710055447205695689e-01 2.851989676458659861e+00 -2.495258850225501313e+00
-9.069947290388011840e-01 2.837655563657514701e+00 -2.527006006684354045e+00
-9.428787908256903716e-01 2.823349602459493290e+00 -2.558758132209905334e+00
-9.780307053737745671e-01 2.807242326018616119e+00 -2.590282344434055251e+00
-1.012458830034941304e+00 2.789247063846707508e+00 -2.621608746055218653e+00
-1.046816364172496572e+00 2.771277609442906353e+00 -2.652959643673498569e+00
-1.081092274672219800e+00 2.753339391266567127e+00 -2.684327706149321813e+00
-1.115664403987773445e+00 2.735269657313021963e+00 -2.715778752780283689e+00
-8.238313656914432181e-01 2.868024881460965680e+00 -2.473258277068025812e+00
-8.379020166020308968e-01 2.857585730204724950e+00 -2.520106472546349341e+00
-8.400633503090564336e-01 2.850073736667527058e+00 -2.569384607497647188e+00
-8.343439503854370720e-01 2.844927270459981727e+00 -2.618716537561429192e+00
-8.228482759780408884e-01 2.842025175926601310e+00 -2.667104134458194054e+00
-8.657898819925708978e-01 2.826313882138173028e+00 -2.700048785225082071e+00
-8.729721779088164269e-01 2.819636223340280079e+00 -2.738152728661214397e+00
-8.798579061202502771e-01 2.813184362191202048e+00 -2.775085171255402994e+00
-8.864182543692400440e-01 2.807036725536917299e+00 -2.810277657450999111e+00
-9.680911049157712167e-01 2.877738503582945029e+00 -2.010520813909959958e+00
-1.010490936247335325e+00 2.862947712694978719e+00 -1.988891528464015623e+00
-1.052855039336264120e+00 2.848402448543768450e+00 -1.967177550968176147e+00
-1.095092799175757525e+00 2.833918239212999790e+00 -1.945368234246050099e+00
-1.300378200655603944e+00 2.749577454947183419e+00 -1.947701014927664787e+00
-1.304018811411445933e+00 2.749751569679860008e+00 -1.922671700557661012e+00
-1.307587936877215640e+00 2.749863139013681401e+00 -1.898919310818410144e+00
-1.311082047971202202e+00 2.749974492780568713e+00 -1.875637851634235354e+00
-1.314589993133338908e+00 2.750088184313802309e+00 -1.852239016244734415e+00
-9.607121634330084703e-01 2.881826763227112398e+00 -1.998211292386669502e+00
-9.874064174492460655e-01 2.875746930826151182e+00 -1.956584261863194341e+00
-1.003809741629903218e+00 2.874117706840098041e+00 -1.909594017366430974e+00
-1.012251626948782457e+00 2.874865528437951845e+00 -1.860455084557164795e+00
-1.014643034784914466e+00 2.877656529315424372e+00 -1.810678805606276809e+00
-1.011464092830997030e+00 2.882274695872260484e+00 -1.761064809682892474e+00
-1.004212807723736889e+00 2.888195929214747437e+00 -1.712024453105781552e+00
-9.944605772771375474e-01 2.894921664122995786e+00 -1.663472359941118306e+00
-9.833235346634829899e-01 2.902777207194355391e+00 -1.615405487036380539e+00
2.286448669836842473e-01 2.964271295976614873e+00 -2.573113424796120707e+00
2.674289504178802290e-01 2.957290626109368326e+00 -2.603690028837209791e+00
3.059762395373081811e-01 2.948055505087884054e+00 -2.633997683840126669e+00
3.444917273045965400e-01 2.938822106895544017e+00 -2.664322955371049684e+00
3.829920781829905807e-01 2.929796915778800415e+00 -2.694783995580402713e+00
4.216857790550961882e-01 2.921059092165875448e+00 -2.725215944399803192e+00
4.603818641973688175e-01 2.912320402612018189e+00 -2.755652481309923019e+00
4.990791668131214220e-01 2.903581238260322550e+00 -2.786091631257070045e+00
5.372390115987866199e-01 2.892416738864103554e+00 -2.816101970589888648e+00
2.177044569722504375e-01 2.964018978603878640e+00 -2.583285749301365009e+00
2.346457441694541624e-01 2.957957679084692870e+00 -2.629866673025720747e+00
2.391578546998233690e-01 2.950567594451466213e+00 -2.679019691679533466e+00
2.354416351361241222e-01 2.945033673171863597e+00 -2.728521614575657672e+00
2.253287166571412425e-01 2.938966215325853781e+00 -2.777025715721249899e+00
2.097958123116940299e-01 2.932664199323671284e+00 -2.824050180248583342e+00
1.901828095988086498e-01 2.926859288468480091e+00 -2.869546283100583128e+00
1.675092283308741714e-01 2.921425847708930768e+00 -2.913905084320604910e+00
1.431325221677668957e-01 2.916235269509874772e+00 -2.957397892837076103e+00
-2.589106768590048735e-01 2.950560628032035115e+00 -2.651818243396274699e+00
-2.959266909233184695e-01 2.941470837584133413e+00 -2.684093253724421313e+00
-3.330328650944592295e-01 2.932954537617511459e+00 -2.716420605962786894e+00
-3.121253865265636862e-01 2.930633695284760698e+00 -2.762102510324990767e+00
-3.208550341404832751e-01 2.924933938618279772e+00 -2.802881580445252041e+00
-3.299354940398157021e-01 2.919005159188607923e+00 -2.845299146873270235e+00
-3.393089534288794562e-01 2.912885089545885542e+00 -2.889085277498788518e+00
-3.489156906679651837e-01 2.906612719901317643e+00 -2.933961021595448582e+00
-3.584825532248128721e-01 2.898491885489632214e+00 -2.979371450581419278e+00
-2.475240715616656983e-01 2.950707206285064110e+00 -2.661456162869434650e+00
-2.619350605742361560e-01 2.943237101032252667e+00 -2.708645840246137748e+00
-2.640872784732092304e-01 2.937439011530984523e+00 -2.758125870019076942e+00
-2.511380946000756342e-01 2.932780564500554021e+00 -2.806219730244852606e+00
-3.260872651026713309e-01 2.921517060091233020e+00 -2.827328923590124887e+00
-3.331010870700391591e-01 2.916938114592616316e+00 -2.860088180518690848e+00
-3.411527249653875105e-01 2.911681119062297540e+00 -2.897699366296268231e+00
-3.499415297438308037e-01 2.905942819566757152e+00 -2.938754042829155200e+00
-3.588431567089580554e-01 2.898147237969403989e+00 -2.981116834367965929e+00
-1.145203891639921423e+00 2.718586490797890498e+00 -2.752603587670261920e+00
-1.174694781251248044e+00 2.701924964292659936e+00 -2.789414301103745331e+00
-1.203961980784653996e+00 2.684930375096107991e+00 -2.826135642827155348e+00
-1.231972925915332029e+00 2.665270674151070107e+00 -2.862507775161678314e+00
-1.259972519343318664e+00 2.645770040290437386e+00 -2.898932130855789602e+00
-1.287899065022288791e+00 2.626302483552735545e+00 -2.935380539304707881e+00
-1.374455558108493847e+00 2.575338785205176340e+00 -2.985626611452289580e+00
-1.367660073211655947e+00 2.574673221078140894e+00 -3.012905210046011639e+00
-1.360902436690375916e+00 2.574011386139116286e+00 -3.040031727992571930e+00
-1.154444028070542361e+00 2.716245230797741605e+00 -2.741100577467116217e+00
-1.198268923068991132e+00 2.696581003142357158e+00 -2.755032291315653303e+00
-1.243641716769383621e+00 2.676019961280930559e+00 -2.756331970632309503e+00
-1.288138462590207922e+00 2.654816336882146910e+00 -2.749152024230002933e+00
-1.331896601188290008e+00 2.634972762107566702e+00 -2.735698478041679760e+00
-1.374253025495029590e+00 2.616360043096986221e+00 -2.717188660495776897e+00
-1.414338297588325633e+00 2.597371483436189621e+00 -2.694382138261034676e+00
-1.454324107591171922e+00 2.578734617519749861e+00 -2.669311274180164784e+00
-1.493235639584362229e+00 2.560898382712528676e+00 -2.642628509629988631e+00
-8.916877909008420477e-01 2.802091698643679241e+00 -2.838601995772113806e+00
-8.982659604096563388e-01 2.795298071142746199e+00 -2.874164354086572004e+00
-9.051347389913698693e-01 2.786181009830886346e+00 -2.914397505076693484e+00
-9.125541495016612492e-01 2.776356895514925149e+00 -2.957712570355292669e+00
-9.202999006290392137e-01 2.766100457654701028e+00 -3.002934116923438701e+00
-9.152770501307739837e-01 2.759677605548089385e+00 -3.052319556039566617e+00
-9.125614378704273166e-01 2.752431765956790066e+00 -3.101736896448918035e+00
-9.114332383824896855e-01 2.745003458111154870e+00 -3.151264596494333770e+00
-9.113568235843657606e-01 2.737464606141589485e+00 -3.200771120976956485e+00
-8.936418766858632567e-01 2.800277753015058657e+00 -2.848946041814867325e+00
-9.010317509779417477e-01 2.791614139518571847e+00 -2.890442014307683660e+00
-9.084351439806663819e-01 2.781799220561388175e+00 -2.933735895271230465e+00
-9.160897689780672648e-01 2.771664151225207817e+00 -2.978421181191062139e+00
-9.090359333182674861e-01 2.765984567419926599e+00 -3.027665235350996742e+00
-8.976161512575701051e-01 2.761955291959710568e+00 -3.076289120917572451e+00
-8.791331372940216493e-01 2.760766051343004790e+00 -3.122885231166900866e+00
-8.532180712721284532e-01 2.763289005218862560e+00 -3.165732632498607924e+00
-8.203908238549229015e-01 2.767099566354098705e+00 -3.203158161082678479e+00
-1.319100824932914584e+00 2.750238289824937343e+00 -1.822098735209716436e+00
-1.354236583540628480e+00 2.736216288179563083e+00 -1.789136172578302153e+00
-1.387476483481571599e+00 2.723252500172292478e+00 -1.753945457571187916e+00
-1.419759946488313496e+00 2.710812341004044779e+00 -1.717766522901843507e+00
-1.451500251468259783e+00 2.698734500561992711e+00 -1.681045296501716635e+00
-1.482039031460664402e+00 2.685255959437128581e+00 -1.643910460109652805e+00
-1.511850915621596236e+00 2.671040978293307333e+00 -1.606459805304104149e+00
-1.541340007241555732e+00 2.656692228572350878e+00 -1.568822575648183504e+00
-1.571302108896923011e+00 2.642091226938259041e+00 -1.530805022398951110e+00
-1.317173159875207666e+00 2.750170889904421934e+00 -1.835022146771827289e+00
-1.319343476552529593e+00 2.750245435456332377e+00 -1.820489737431251420e+00
-1.364064339117365687e+00 2.730029405582456103e+00 -1.810002993658364590e+00
-1.408693114033938709e+00 2.707883292508973749e+00 -1.811892959470813524e+00
-1.451041506005620541e+00 2.683803242859256866e+00 -1.822579597023598730e+00
-1.491731129493549801e+00 2.659969550597381271e+00 -1.838942016918011957e+00
-1.530900881917089951e+00 2.636520620943578308e+00 -1.859114103430618226e+00
-1.567177612993275071e+00 2.612253807008082962e+00 -1.883240304047274494e+00
-1.602135019980750252e+00 2.588496147987027651e+00 -1.909800814676887004e+00
-9.642474036250101577e-01 2.912977349199119104e+00 -1.570378711782718151e+00
-9.452113631965183282e-01 2.923163716360017705e+00 -1.525358761212312952e+00
-1.057277614270264454e+00 2.897817083029550655e+00 -1.363332166571806781e+00
-1.030305401871471460e+00 2.910789367279970730e+00 -1.329196019098992210e+00
-1.004691118822325091e+00 2.923112225857547042e+00 -1.296716958401291198e+00
-9.792651503397646895e-01 2.933290186658076504e+00 -1.265168141757764264e+00
-9.538514425102707639e-01 2.941972399177586794e+00 -1.233994706310585387e+00
-9.284116136580395917e-01 2.950657574607119749e+00 -1.202892461700341586e+00
-9.027630488055571334e-01 2.959414037406343567e+00 -1.171534591810222015e+00
-9.781207668792675225e-01 2.908793382194725829e+00 -1.566061361097496496e+00
-9.853573710622007820e-01 2.910730201384165383e+00 -1.516603317071844703e+00
-1.084302765012107539e+00 2.884804559495622645e+00 -1.397782997437775121e+00
-1.078730184992717778e+00 2.887486227327693555e+00 -1.390704577788437479e+00
-1.081915380273504201e+00 2.885953874241215189e+00 -1.394743041064610667e+00
-1.093075912718982412e+00 2.880585263390493811e+00 -1.408883835873109502e+00
-1.110546668467577547e+00 2.872181295036397408e+00 -1.431018517219799557e+00
-1.206249487054340763e+00 2.841613554646931661e+00 -1.298098461502128265e+00
-1.246812446888785564e+00 2.824108373157442120e+00 -1.314060076979990832e+00
5.705850892516608486e-01 2.881074461210984872e+00 -2.851688848230594875e+00
6.038753698014291960e-01 2.869741761372725186e+00 -2.887278494115429250e+00
6.370923061972130208e-01 2.858422230122093843e+00 -2.922867942535102959e+00
6.700031871512261983e-01 2.846081223414075101e+00 -2.958312552090923031e+00
7.024442439244497072e-01 2.831902945629761081e+00 -2.993484201701606118e+00
7.347946814055661413e-01 2.817438686856549079e+00 -3.028642363268915005e+00
7.671116392045865817e-01 2.802981367354381081e+00 -3.063816767822290732e+00
7.993875054817383141e-01 2.788534161115106880e+00 -3.099000646062893161e+00
8.317867177357971542e-01 2.774050694063184608e+00 -3.134194778366472534e+00
5.795091324706101998e-01 2.881269906525997460e+00 -2.839796565148851482e+00
6.265884007866810990e-01 2.870558681223175146e+00 -2.852032503622041304e+00
6.750349982910983648e-01 2.859012223045902967e+00 -2.851468679246907723e+00
7.230779590314401206e-01 2.848604657715292809e+00 -2.843029702128057945e+00
7.694973994468600198e-01 2.838432967807423601e+00 -2.828108970079443729e+00
8.142127640829045498e-01 2.828910541664011014e+00 -2.808171287351385548e+00
8.570486801499586083e-01 2.820112007208221527e+00 -2.784149352702791180e+00
8.979685679328311965e-01 2.810105906042340784e+00 -2.757420756604351375e+00
9.378945889899651389e-01 2.800627143073356695e+00 -2.729197976779020873e+00
1.107642514898412311e-01 2.912385412927565032e+00 -2.995530146022753915e+00
7.847753039152166599e-02 2.909123237618602253e+00 -3.033812787203488792e+00
4.641619785143671906e-02 2.905707205776767665e+00 -3.071949276111229032e+00
1.429766936893238187e-02 2.899187749001082448e+00 -3.109600982756871801e+00
-1.785278227413198554e-02 2.892674479772688212e+00 -3.147217499328381241e+00
-5.159775081381871159e-02 2.886131389007246195e+00 -3.185018880148779985e+00
-8.497383887441189998e-02 2.879597527027347947e+00 -3.222764138962329383e+00
-1.179383117310607854e-01 2.873068273344810297e+00 -3.260479388648538812e+00
-1.390114534148484127e-01 2.865267944420367474e+00 -3.305376992261925384e+00
1.234433982063936619e-01 2.910430837904538492e+00 -3.003215713793768504e+00
1.160312399611188455e-01 2.904169148206923179e+00 -3.052373979944263294e+00
1.211798927606361764e-01 2.897090338874567017e+00 -3.101612304031001965e+00
1.348403002446475485e-01 2.889682757107501665e+00 -3.149263617099840040e+00
1.545000250123363672e-01 2.882191792902423000e+00 -3.194713985157526803e+00
1.790718504812108258e-01 2.874727283551933965e+00 -3.237671115762412288e+00
2.073815534690927609e-01 2.867350361455226260e+00 -3.278238826335126532e+00
2.375796824340787872e-01 2.857065293972163467e+00 -3.316669517038806969e+00
2.691168917446966624e-01 2.847225754634346906e+00 -3.354065542182964155e+00
-1.352640653963025796e+00 2.573202182761789025e+00 -3.073196554831641336e+00
-1.342873426705362139e+00 2.572125411814840223e+00 -3.112046355694981337e+00
-1.331575598484953549e+00 2.569759333210170915e+00 -3.154424798433480337e+00
-1.319682060603136531e+00 2.567248982674127156e+00 -3.199137460970922664e+00
-1.307409188996067728e+00 2.564659710073815990e+00 -3.245270352495037702e+00
-1.304526674135108255e+00 2.556535553578851871e+00 -3.294505473283919628e+00
-1.299761942856680674e+00 2.549410796422302283e+00 -3.343744158324094329e+00
-1.294088346337929796e+00 2.543525323829093132e+00 -3.393025598346293581e+00
-1.287608848561748509e+00 2.538077966023025489e+00 -3.442218963083546690e+00
-1.355614821982037865e+00 2.573493523550772988e+00 -3.061257280449688700e+00
-1.351920946446930616e+00 2.573131662436912936e+00 -3.076085827104769965e+00
-1.347297350586963427e+00 2.572678752626162968e+00 -3.094646412008917213e+00
-1.343519548055284174e+00 2.572262219790287574e+00 -3.109615113988442925e+00
-1.340447043550689443e+00 2.571622985770834813e+00 -3.121118526951398131e+00
-1.334682219990285690e+00 2.570406843401574992e+00 -3.142787632714679980e+00
-1.332278643485830916e+00 2.569902780951720089e+00 -3.151807018909361879e+00
-1.330901360656607135e+00 2.569612941567048114e+00 -3.156980385344194229e+00
-1.328538285782316253e+00 2.569114959030429191e+00 -3.165860122186421766e+00
-1.533791490942869373e+00 2.541577528681977505e+00 -2.620387735677906615e+00
-1.573463990755223030e+00 2.521541852112117787e+00 -2.597982054789206963e+00
-1.611322975705094418e+00 2.498778165185889133e+00 -2.575107382236692999e+00
-1.649268564510529611e+00 2.475953561252556057e+00 -2.552209569998085570e+00
-1.687265365162984310e+00 2.453110786539900001e+00 -2.529290343072777336e+00
-1.825952091911547503e+00 2.360715133612532934e+00 -2.487060839170293303e+00
-1.824911526465662348e+00 2.363366495289223046e+00 -2.472468974578555745e+00
-1.823955235253260865e+00 2.365903924665296199e+00 -2.458263170689042987e+00
-1.822992299753950052e+00 2.368452224869913803e+00 -2.444012023071455264e+00
-1.527023639076953154e+00 2.546875295778807669e+00 -2.608298420474466806e+00
-1.552819733172400962e+00 2.538421794885681759e+00 -2.566252188757115249e+00
-1.568401096808431650e+00 2.535234089594161855e+00 -2.518937288033695321e+00
-1.576431524736327860e+00 2.536099938012536192e+00 -2.469689719886071444e+00
-1.579244718399053449e+00 2.540214829055814416e+00 -2.420103829485453772e+00
-1.577081827314320117e+00 2.547368028791023420e+00 -2.370708966361432690e+00
-1.570481335043248938e+00 2.557178228774051210e+00 -2.321929986878194185e+00
-1.561874643329515644e+00 2.568631447937735679e+00 -2.273951762489621942e+00
-1.551887374322653557e+00 2.581224686668296631e+00 -2.226519443079999494e+00
-9.054283244605881853e-01 2.732003203192419072e+00 -3.250166232678684874e+00
-8.993768522098540830e-01 2.725828102630411198e+00 -3.299371682697094688e+00
-8.930588190922715830e-01 2.718681328505469175e+00 -3.348407294384722288e+00
-8.868974366809182497e-01 2.711806240241677823e+00 -3.397540899168397743e+00
-8.808910473384953255e-01 2.705294453583396486e+00 -3.446740245360331745e+00
-8.749096431440344102e-01 2.698774947990975726e+00 -3.495941356121262000e+00
-8.686019563826339329e-01 2.691835164773987099e+00 -3.545097170641224871e+00
-8.620820174029086846e-01 2.684272046675432399e+00 -3.594119920434103221e+00
-8.558020170531084325e-01 2.676670127043147662e+00 -3.643145939270223010e+00
-9.195372391465476136e-01 2.727203379578122977e+00 -3.249068933926728242e+00
-9.395539560147083691e-01 2.713470272265685157e+00 -3.292815834053714141e+00
-9.695897642931607940e-01 2.697305031747315063e+00 -3.329394828100296078e+00
-1.004172587486662271e+00 2.678066066475230489e+00 -3.359836074941307427e+00
-1.042287322125130533e+00 2.658023001777842342e+00 -3.384979026394686841e+00
-1.084003670837931699e+00 2.637359386336449951e+00 -3.405586210103486611e+00
-1.127109519603615162e+00 2.616873471552545904e+00 -3.421981437804031856e+00
-1.167831094016427596e+00 2.596499355068082160e+00 -3.442299610863090553e+00
-7.778104673872344721e-01 2.775240492335447229e+00 -3.227895405102514825e+00
-7.349434861997261592e-01 2.782403304720940440e+00 -3.252459783009581162e+00
-7.033139383940270051e-01 2.768160036796888157e+00 -3.386958159429776849e+00
-6.567464759944573460e-01 2.779169042465878370e+00 -3.393935547261306862e+00
-6.086316856232274475e-01 2.787572971440753111e+00 -3.400528401977616522e+00
-5.602471465180013377e-01 2.796022870637106195e+00 -3.407164674733765164e+00
-5.125965904388389838e-01 2.802899041524596235e+00 -3.421849543344608779e+00
-4.657281141613320297e-01 2.809356576020920038e+00 -3.438244710158186557e+00
-4.241216724471447153e-01 2.811607052886924585e+00 -3.465434709679105385e+00
-7.861697857868222838e-01 2.770637600163156300e+00 -3.239354059740260805e+00
-7.702683126889596776e-01 2.750120761466646080e+00 -3.376504005757789528e+00
-7.531274852858397262e-01 2.754733211693363604e+00 -3.379211521377685212e+00
-7.500648030540646438e-01 2.755559007235073743e+00 -3.379686313252451058e+00
-7.609945352583802336e-01 2.752613113312877058e+00 -3.377985927938039534e+00
-7.837592467093447146e-01 2.746477101857806247e+00 -3.374445584475406879e+00
-1.605298742976484005e+00 2.624489320685935656e+00 -1.498130113261328722e+00
-1.639088135787987843e+00 2.607000973728010873e+00 -1.465591108059300485e+00
-1.671650415464491557e+00 2.587985533908476299e+00 -1.433027568556749731e+00
-1.703596434172965912e+00 2.568016424530565445e+00 -1.400374528527207563e+00
-1.735826760980837991e+00 2.548408508912674009e+00 -1.367752091350561860e+00
-1.768061200869198268e+00 2.528798279987379161e+00 -1.335144086396544472e+00
-1.800442550531212715e+00 2.509093965786723945e+00 -1.302441877030472650e+00
-1.831720639566102760e+00 2.490173721810413632e+00 -1.269551921388923477e+00
-1.860533016340628620e+00 2.471700803613757547e+00 -1.236697662365362493e+00
-1.596090268739459805e+00 2.631093412193285630e+00 -1.488415098422088523e+00
-1.611602240518213547e+00 2.626276132772494609e+00 -1.441011802895385774e+00
-1.616395857293642546e+00 2.627551160455636303e+00 -1.391307853044831733e+00
-1.613335514690800387e+00 2.632706354277723815e+00 -1.341692181401722195e+00
-1.604887290861457982e+00 2.640800636141540814e+00 -1.293111260898396786e+00
-1.591517109954115661e+00 2.651456406812081390e+00 -1.246213511278775554e+00
-1.574818330231282815e+00 2.663810279048136387e+00 -1.200929689583695614e+00
-1.556216708708594076e+00 2.677117928632045007e+00 -1.156804668422779736e+00
-1.534864180580421511e+00 2.691848588347902638e+00 -1.113740351482798374e+00
-1.631657643242022004e+00 2.566755879514705629e+00 -1.943643544872264872e+00
-1.659917097548567977e+00 2.543193056798349616e+00 -1.977304311626865818e+00
-1.688072664107489906e+00 2.519705706217377994e+00 -2.010932099471564261e+00
-1.716864310747888700e+00 2.496224448479327673e+00 -2.044771109583446211e+00
-1.745620210975183495e+00 2.472826635523184269e+00 -2.078599050125528258e+00
-1.774305689394682028e+00 2.449479590680674779e+00 -2.112405654405382194e+00
-1.808495528316775180e+00 2.422130181574136287e+00 -2.136300979775862530e+00
-1.845812062842426382e+00 2.391502174616746856e+00 -2.148706515365320868e+00
-1.885388651125431858e+00 2.361338845445254631e+00 -2.146149940294612257e+00
-1.639250538744641661e+00 2.563047963972961529e+00 -1.931334569042739924e+00
-1.679034417996959405e+00 2.534546856317666297e+00 -1.940699555977726254e+00
-1.720109091963348380e+00 2.506703424309674411e+00 -1.937486834192400531e+00
-1.760914056122255600e+00 2.480014982801503454e+00 -1.926381304629949387e+00
-1.800495607630099526e+00 2.454925079806018928e+00 -1.909109615799783777e+00
-1.836804159877009290e+00 2.429429072145707913e+00 -1.886578336874307427e+00
-1.871450700411291690e+00 2.405259656661672185e+00 -1.860117956468644529e+00
-1.905057128747900563e+00 2.382107569608031383e+00 -1.831304862865674954e+00
-1.937850380899794445e+00 2.359719007833978033e+00 -1.800995819657619457e+00
-8.795784703172057073e-01 2.967330442865620199e+00 -1.143169239955961203e+00
-8.534512667321858537e-01 2.976249422685556922e+00 -1.111241618647502705e+00
-9.879524643464876466e-01 2.942759435884622299e+00 -1.025399107655112330e+00
-9.771707791182429048e-01 2.949033254885992328e+00 -9.775507936900462713e-01
-9.667635388300702681e-01 2.955122196199322815e+00 -9.306702261186978742e-01
-9.565186336860148630e-01 2.961115054476187947e+00 -8.845441672068876660e-01
-9.460054488938364203e-01 2.966114983906223745e+00 -8.387607046320946225e-01
-9.351679718695413701e-01 2.969871466751130118e+00 -7.930504296078373372e-01
-9.243459868822269110e-01 2.973622963125868157e+00 -7.472415061781132462e-01
-8.745429666051112161e-01 2.969047202442810285e+00 -1.137053886000416902e+00
-8.455349145023349777e-01 2.978950429217657625e+00 -1.101591669553267261e+00
-9.857008844970169825e-01 2.944083007448447642e+00 -1.015125328091232015e+00
-9.748521319643359551e-01 2.950386922844052684e+00 -9.671671154984223806e-01
-9.641347568390911116e-01 2.956654193166302846e+00 -9.189551253545407139e-01
-9.533937137954220375e-01 2.962935584729380345e+00 -8.706307618701734086e-01
-9.420468529353750453e-01 2.967486701854788578e+00 -8.222392428574234469e-01
-9.305903649138466127e-01 2.971457960743068671e+00 -7.738262883878521681e-01
-9.191647590169613746e-01 2.975418645619874347e+00 -7.254878344633601817e-01
-1.288566092075818625e+00 2.806081762814923941e+00 -1.330595169628937979e+00
-1.330090231633385134e+00 2.786697902492656365e+00 -1.347287405418360118e+00
-1.370298027578398026e+00 2.763704230183759769e+00 -1.363828133508560247e+00
-1.410804542151178564e+00 2.740544987535260102e+00 -1.380407124571459532e+00
-1.451471102847266659e+00 2.717293852998272197e+00 -1.397057848383637779e+00
-1.493690607131764381e+00 2.693188882723774658e+00 -1.413796247977136211e+00
-1.283514408100887128e+00 2.808263497091154193e+00 -1.328584473654839115e+00
-1.317876834179255718e+00 2.793429647686144879e+00 -1.342169064972757342e+00
-1.344520557026141816e+00 2.778441533516877282e+00 -1.353289502817422552e+00
-1.375872999250921991e+00 2.760515777678758109e+00 -1.366126205049657427e+00
-1.409677185361756235e+00 2.741188175630349999e+00 -1.379967726256119853e+00
-1.442930468921673759e+00 2.722174247500764199e+00 -1.393604685562266576e+00
-1.484321442021210302e+00 2.700852902884420814e+00 -1.372828517546314853e+00
-1.521922710244478116e+00 2.682331710360148058e+00 -1.344386454092601602e+00
8.585028946946959838e-01 2.760433344776109355e+00 -3.174189609705994730e+00
8.847452667508250990e-01 2.745645891666774752e+00 -3.214007680943204992e+00
9.103539189170712920e-01 2.729475651472073938e+00 -3.253530084532361144e+00
9.354570863228495181e-01 2.712667717042446469e+00 -3.293053234855945366e+00
9.605220944819780060e-01 2.696601080986918308e+00 -3.332706766687517419e+00
9.853530633587154197e-01 2.680618076804395233e+00 -3.372389014329017609e+00
1.011429894784134254e+00 2.664156586717758124e+00 -3.412118452578527084e+00
1.016983563095534615e+00 2.655937035508536326e+00 -3.448908108190186006e+00
1.010435006642561584e+00 2.652527787963906647e+00 -3.484263823773336100e+00
8.691519918726033911e-01 2.759022168288430610e+00 -3.163805787839238715e+00
9.118756237258693886e-01 2.741279741871128994e+00 -3.182373541089714486e+00
9.579501611774757786e-01 2.723834078802127134e+00 -3.188855425705131807e+00
1.004879422326407257e+00 2.706977584848875740e+00 -3.186974741707468084e+00
1.051516962320838910e+00 2.691166615961868569e+00 -3.178778774650947714e+00
1.097395843679834559e+00 2.676594086807251749e+00 -3.165583345617222655e+00
1.140645969797368542e+00 2.659724325644300169e+00 -3.147659057563658269e+00
1.183038992827964098e+00 2.643686154071213767e+00 -3.127081894243750160e+00
1.225721256357894973e+00 2.628051616493620735e+00 -3.104948991216066378e+00
9.804462181107307384e-01 2.789685094208732785e+00 -2.705451461019460879e+00
1.022999543995897653e+00 2.778740411331452886e+00 -2.681720566507272974e+00
1.065130167779638759e+00 2.766687379662823965e+00 -2.657817853009701636e+00
1.105969576791543840e+00 2.751670510264801806e+00 -2.633535432598606008e+00
1.146764860808551001e+00 2.736946597662775815e+00 -2.609202348127618531e+00
1.187426291810595336e+00 2.722339340909918359e+00 -2.584855477193670037e+00
1.230022525789558063e+00 2.706857985015211021e+00 -2.560589432510304686e+00
1.272169270752422587e+00 2.691579667969384193e+00 -2.536304817226225694e+00
1.313386570402478082e+00 2.676359234524570141e+00 -2.512204728227937611e+00
9.723550141650560974e-01 2.793928541072955518e+00 -2.693661677625680539e+00
9.978371573576131359e-01 2.791176651023535626e+00 -2.650787383749467985e+00
1.012519382542466762e+00 2.792458499764133517e+00 -2.603055321392937937e+00
1.018925509514366112e+00 2.795531745717068528e+00 -2.553678030242799046e+00
1.019263426516546112e+00 2.800541282830672607e+00 -2.504089991226352563e+00
1.014177742104050317e+00 2.807422358998748813e+00 -2.455058078904061691e+00
1.004571734548017847e+00 2.815836937282871766e+00 -2.406744295061392869e+00
9.924053050417028787e-01 2.825089445025482426e+00 -2.359133890609450557e+00
9.787259736542823774e-01 2.836018421116225152e+00 -2.312070564009571783e+00
-1.422922527553219518e-01 2.857655982274383888e+00 -3.354802157833095322e+00
-1.453406589993838371e-01 2.848704976791428312e+00 -3.403891328252068416e+00
-1.484202948937262401e-01 2.839643736093549364e+00 -3.452964563944181275e+00
-2.492799733597669543e-01 2.825562418487464367e+00 -3.500150055681233496e+00
-2.498115465861982243e-01 2.817532272910408864e+00 -3.548161970985084679e+00
-2.502974407831429215e-01 2.810034867456647323e+00 -3.592995565091652743e+00
-2.506909836611501130e-01 2.802276030484823099e+00 -3.634915868479598799e+00
-2.509673593524449076e-01 2.794026211916332159e+00 -3.675062264840751602e+00
-2.512224058414085914e-01 2.785902272216874476e+00 -3.714603433164301194e+00
-1.566650632427181999e-01 2.857825155398159289e+00 -3.351605654632625164e+00
-1.857541768969359075e-01 2.849527091193770012e+00 -3.391276604770801839e+00
-2.239336196803389800e-01 2.841296341662898239e+00 -3.422206905168654334e+00
-2.660802417840434919e-01 2.832490663716151325e+00 -3.447272879694493142e+00
-3.141932966622059120e-01 2.825266121885548820e+00 -3.458856357357103839e+00
2.963596159691133658e-01 2.837420086034006417e+00 -3.394688433819719187e+00
3.237183056099491307e-01 2.827592875331399025e+00 -3.435355585463436778e+00
3.510557338136497951e-01 2.817764896455166035e+00 -3.476044674312303240e+00
3.783818590054914832e-01 2.807936446590628687e+00 -3.516745824258253883e+00
4.053725018916751188e-01 2.797018599088506807e+00 -3.557177144362555055e+00
4.318650819472080737e-01 2.784203646349688199e+00 -3.597264708416472612e+00
4.581863480846390946e-01 2.772096115192362209e+00 -3.637612676357369068e+00
4.842758237329611304e-01 2.760041487072061539e+00 -3.677997250968144449e+00
5.112399133043099564e-01 2.719905055370788638e+00 -3.873500057982736333e+00
3.073017368359754475e-01 2.837631307754250098e+00 -3.384571342632001212e+00
3.518603459342063977e-01 2.828870869667279742e+00 -3.404655092489662582e+00
4.013048666153588573e-01 2.821360970308045335e+00 -3.412856232655328004e+00
4.512331836285939368e-01 2.815100006330857774e+00 -3.412713878424024738e+00
5.001363029117862347e-01 2.808146659492055441e+00 -3.405865452118002956e+00
5.479698360009676028e-01 2.801387207172878036e+00 -3.393515243366474365e+00
5.943124375270435467e-01 2.794074331441896764e+00 -3.376756462205269482e+00
6.394822012649413745e-01 2.786051170191267357e+00 -3.357202398265501042e+00
6.859775519637285601e-01 2.776982971263938893e+00 -3.342134958983278281e+00
-1.320276093094203684e+00 2.512324249728594694e+00 -3.490265772590949389e+00
-1.318133311626270565e+00 2.504719597212703874e+00 -3.538818829110585096e+00
-1.315893621581263773e+00 2.497038483319860003e+00 -3.586875744129353727e+00
-1.312837224059231644e+00 2.487871147824001650e+00 -3.634520937308083344e+00
-1.309758449601676089e+00 2.478692490091219280e+00 -3.682269521006343194e+00
-1.306669669457950045e+00 2.469481160282656074e+00 -3.730185786000902226e+00
-1.225925537620916828e+00 2.503787566266914233e+00 -3.766321106269564734e+00
-1.216762730997830166e+00 2.498731652459225572e+00 -3.813407099284981783e+00
-1.207443039489880521e+00 2.493612788326275975e+00 -3.861180592135082801e+00
-1.320339449428165057e+00 2.512579655937121625e+00 -3.488660192113739900e+00
-1.318238305726479931e+00 2.505137000180126972e+00 -3.536190640766283089e+00
-1.316110178648870921e+00 2.497711059776648757e+00 -3.583398569348498430e+00
-1.313146451199010523e+00 2.488794487789676158e+00 -3.629718766474509195e+00
-1.310226501931354148e+00 2.480067772076183896e+00 -3.675098971655708535e+00
-1.307440062706802353e+00 2.471732434665673495e+00 -3.718437833015765470e+00
-1.228879764948181075e+00 2.505355790507695080e+00 -3.751450888231036895e+00
-1.221644233569443960e+00 2.501347842074550520e+00 -3.788710767564487103e+00
-1.214255082414617881e+00 2.497292613841313624e+00 -3.826571659581393003e+00
-1.821366452353980536e+00 2.372746185964753618e+00 -2.420018353102947106e+00
-1.850764969705419816e+00 2.354951156811262880e+00 -2.381420490940886481e+00
-1.878081209837912491e+00 2.338971011262655608e+00 -2.341179394109518697e+00
-1.904341989212834152e+00 2.323978396418683978e+00 -2.300154477657559760e+00
-1.935662431063340350e+00 2.304952291459650304e+00 -2.265312234266515734e+00
-1.970879063256821384e+00 2.278269679950859050e+00 -2.242434666544115718e+00
-2.007421578152535080e+00 2.247143063435514065e+00 -2.230608961392414713e+00
-2.043442733419688739e+00 2.213676253513719328e+00 -2.226369357533001025e+00
-2.181801517832461901e+00 2.075401323803208964e+00 -2.255820867384021877e+00
-1.822271604488333585e+00 2.370374209155358791e+00 -2.433229552569482923e+00
-1.821408608705240795e+00 2.372637471428223233e+00 -2.420619775543998653e+00
-1.860904202412910324e+00 2.344617781314683569e+00 -2.401232817449285850e+00
-1.901493088520816332e+00 2.314190710685395835e+00 -2.394190527059951279e+00
-1.939636885834223667e+00 2.282098620256496346e+00 -2.396839177600418314e+00
-1.975803706670835824e+00 2.249362989947957026e+00 -2.405392989774381540e+00
-2.010388433069395298e+00 2.216628168111232977e+00 -2.418681529780061901e+00
-2.041640287080938698e+00 2.166202167925350253e+00 -2.558473723364992569e+00
-2.073076774521205312e+00 2.136815195533945388e+00 -2.553851075304983897e+00
-1.541240649912625438e+00 2.594190359726697981e+00 -2.179329576227488907e+00
-1.530948460732436400e+00 2.606965121517102801e+00 -2.131940887090777448e+00
-1.519900942063405314e+00 2.618066342332936003e+00 -2.084548492067880954e+00
-1.508662611598688308e+00 2.628760315894390409e+00 -2.037093279205282936e+00
-1.485835952660644610e+00 2.645208379105334462e+00 -1.995866344119012092e+00
-1.453331325075522651e+00 2.666323135006855694e+00 -1.964644887513951721e+00
-1.529490864468818101e+00 2.600511844567443553e+00 -2.185959814416468028e+00
-1.498319439527906027e+00 2.623041212202111172e+00 -2.153337203544554601e+00
-1.459904380405852686e+00 2.645990836381013622e+00 -2.130936982451591799e+00
-1.419023189749837988e+00 2.669511026547519261e+00 -2.116375867177904269e+00
-1.276571067635653645e+00 2.744234728719304073e+00 -2.093520803035315403e+00
-1.274293248224759756e+00 2.743745945024504529e+00 -2.105559371892328002e+00
-1.270214313319677490e+00 2.742537658633407816e+00 -2.129685284604003748e+00
-1.231529980858286688e+00 2.757078864463692991e+00 -2.157975665590449843e+00
-1.196839303436272095e+00 2.768996958197779801e+00 -2.191997782928790883e+00
-8.434602302920917172e-01 2.672021537685915327e+00 -3.691370837441640518e+00
-8.307724007456619431e-01 2.665967363015753655e+00 -3.739270229547753566e+00
-8.180673384136256665e-01 2.659501572194976404e+00 -3.787013546056009705e+00
-8.045065289197261826e-01 2.653272763902017051e+00 -3.834869710353381311e+00
-7.909465308518138782e-01 2.647044003763543429e+00 -3.882724508636767435e+00
-7.774967538778806420e-01 2.641195715121610554e+00 -3.930769395985038717e+00
-7.641318464163654456e-01 2.635518988921750960e+00 -3.978825405341379184e+00
-7.513798815522186869e-01 2.629658401230985820e+00 -4.026867015284171458e+00
-7.385236317935617301e-01 2.622919595025119843e+00 -4.074590574446995461e+00
-8.574685282511891327e-01 2.666875549488206154e+00 -3.692143330555222480e+00
-8.713916264863571515e-01 2.653260523243774482e+00 -3.738184042389529171e+00
-9.654413852010385044e-01 2.610099900477408141e+00 -3.789233702392156289e+00
-9.595598467143540145e-01 2.606616206250573775e+00 -3.818970956585962195e+00
-9.546850645485296383e-01 2.603792552671422289e+00 -3.843278596901601674e+00
-9.506515543330880114e-01 2.601456849242962388e+00 -3.863387828753655828e+00
-9.474322065030017503e-01 2.599592676175639827e+00 -3.879437649803769705e+00
-9.445565071748397434e-01 2.597793702510739600e+00 -3.893246196241869850e+00
-9.420606695022245569e-01 2.595983460075954152e+00 -3.904683393260275359e+00
-1.882763992647281004e+00 2.456273247259709080e+00 -1.198394739778082752e+00
-1.902891122712820682e+00 2.442579195107409618e+00 -1.159374706130515964e+00
-1.921115131091086115e+00 2.430573752396303355e+00 -1.119555589240627924e+00
-1.937516303416707331e+00 2.420109080115124822e+00 -1.078995836477095960e+00
-1.961475616069850325e+00 2.403608346815822472e+00 -1.038084794024476620e+00
-1.984124835241610540e+00 2.386226858218424063e+00 -9.965647963889698868e-01
-2.005041198260523849e+00 2.369111867608832522e+00 -9.548915937044080149e-01
-2.025687054661221342e+00 2.352240195814647716e+00 -9.130340978051108003e-01
-2.046114246706230322e+00 2.335564656023048080e+00 -8.710458968544622094e-01
-1.889565063215925989e+00 2.450112583438710523e+00 -1.209552102119819228e+00
-1.920182685938632838e+00 2.426548649821118175e+00 -1.193571421593597526e+00
-1.959466380641927241e+00 2.395308173968820231e+00 -1.189053201488389444e+00
-1.998624558036306897e+00 2.363832366272439867e+00 -1.189869978243736526e+00
-2.037039774773785616e+00 2.332539903847576923e+00 -1.197241280958643239e+00
-2.072138879468715889e+00 2.299275907505538452e+00 -1.208079498513852323e+00
-2.105357406587831548e+00 2.266191472371670290e+00 -1.221032147302218318e+00
-2.137462537524376760e+00 2.234086152626788557e+00 -1.235378728605608378e+00
-2.170518465911923212e+00 2.200857208097282580e+00 -1.252584419048677455e+00
-1.517651590736623257e+00 2.704487388756217747e+00 -1.068388217289023556e+00
-1.500627777394036411e+00 2.717022236230711485e+00 -1.023051004068625813e+00
-1.483769349313869501e+00 2.729465120190337046e+00 -9.777392703455786149e-01
-1.466521793070751700e+00 2.740233155757948680e+00 -9.324631548838779871e-01
-1.449615132725881717e+00 2.750328969111744737e+00 -8.873351479574085321e-01
-1.433268349346019654e+00 2.760054722892217871e+00 -8.423330965496824696e-01
-1.417534319480789007e+00 2.769478027959290767e+00 -7.974472725225142389e-01
-1.401688650473717601e+00 2.778477282999375131e+00 -7.531942299241508598e-01
-1.376611451063999958e+00 2.792075016009437416e+00 -7.090143476737379435e-01
-1.506519558468292219e+00 2.709965193506939762e+00 -1.076587212069552546e+00
-1.471162872451196035e+00 2.731241534855465503e+00 -1.048645494946614853e+00
-1.430520969122475838e+00 2.753135218054407307e+00 -1.032015281559582220e+00
-1.388009696159448136e+00 2.774292386633942176e+00 -1.023468933534671832e+00
-1.342696819913170136e+00 2.796512401432236228e+00 -1.021417667277745744e+00
-1.297528142477940793e+00 2.818427246633449457e+00 -1.024365547513771402e+00
-1.252932307965393788e+00 2.839855013876801948e+00 -1.031729665882076930e+00
-1.208196410194416925e+00 2.859350992448256967e+00 -1.041726235877916684e+00
-1.164014798127769756e+00 2.875979934884053346e+00 -1.056810998096588516e+00
-1.923537006903173419e+00 2.330679277456986664e+00 -2.137693739408454086e+00
-1.961320485243308598e+00 2.299456595835012607e+00 -2.129175208057421997e+00
-1.999411911002016540e+00 2.267971148819060812e+00 -2.120659256052452868e+00
-2.034641441761762426e+00 2.240508863729087530e+00 -2.098386057148660555e+00
-2.064826915420439946e+00 2.218579541803411992e+00 -2.065396333291556363e+00
-2.090085298969386773e+00 2.200469639515695519e+00 -2.026505457803490451e+00
-2.111464572403017215e+00 2.184426707170949111e+00 -1.984429361259877789e+00
-2.131034691943980430e+00 2.170529565008458839e+00 -1.940675425291419787e+00
-2.152229131945463170e+00 2.154775731220871737e+00 -1.897963541445736979e+00
-1.920722712427261225e+00 2.334697674270367340e+00 -2.123625501581853481e+00
-1.950592490798035428e+00 2.313062022965141740e+00 -2.090422125698021549e+00
-1.974070114971196332e+00 2.297813213865355308e+00 -2.049065549870400016e+00
-1.992809004953086660e+00 2.287651896538612117e+00 -2.003735713695253828e+00
-2.004180643096562520e+00 2.284550767724280895e+00 -1.955108262724096324e+00
-2.005803076128811924e+00 2.289884067662411926e+00 -1.905491322952538313e+00
-2.016648295513319589e+00 2.287226252044015418e+00 -1.856899949353729928e+00
-2.036300776104936983e+00 2.273270188898167898e+00 -1.813399073243184612e+00
-2.062556332297301065e+00 2.252175092090918707e+00 -1.776803966061907269e+00
-1.970030566848196774e+00 2.337895255874873790e+00 -1.769675713091334091e+00
-1.961777102306986098e+00 2.345168900477332397e+00 -1.759625648545500187e+00
-1.977451882204791067e+00 2.337626949993858450e+00 -1.712819306637656247e+00
-1.990121115488500125e+00 2.330649513244265947e+00 -1.665013092714275666e+00
-2.001963072924962006e+00 2.324409678419910197e+00 -1.616904448947298567e+00
-2.013618246875104489e+00 2.318348621601979076e+00 -1.568578881891145693e+00
-2.025012884258306389e+00 2.312519353073737349e+00 -1.520164225822183912e+00
-2.036285064375538578e+00 2.306862848540798261e+00 -1.471640654742649268e+00
-2.046867687121811663e+00 2.302491396081384423e+00 -1.422865802253698408e+00
-2.055671573477623859e+00 2.299686506543174858e+00 -1.373669725905923400e+00
1.002907752028034949e+00 2.648616028628270058e+00 -3.524861418165884608e+00
9.947788560377092137e-01 2.644390036608956773e+00 -3.568713360742287843e+00
9.859106558315858804e-01 2.638993566872742225e+00 -3.614348209079049745e+00
9.763691735993137444e-01 2.632369702335487727e+00 -3.660999755502320152e+00
9.666577145525599990e-01 2.625645223130448791e+00 -3.708402897087719197e+00
9.568555569012834328e-01 2.618856026772633516e+00 -3.756257506713033933e+00
9.527126620728337825e-01 2.609699758131663216e+00 -3.805222761037267531e+00
9.474114393594585959e-01 2.600984088719090703e+00 -3.854161323989186094e+00
9.414959613035407404e-01 2.592994513355157071e+00 -3.903203432343041790e+00
1.004744796462239798e+00 2.649567733334401431e+00 -3.514971324475673509e+00
1.000953517385173130e+00 2.647591167749578922e+00 -3.535457216142364523e+00
9.954536368252465683e-01 2.644732721234594575e+00 -3.565121977762340855e+00
9.906502962828876990e-01 2.642231847302269898e+00 -3.591056484008285477e+00
9.852620119077611927e-01 2.638529131909931102e+00 -3.617584265877120675e+00
9.792008442831818815e-01 2.634328181921838929e+00 -3.647188200025025306e+00
9.754607074071255379e-01 2.631727751743236254e+00 -3.665493108606587391e+00
9.706427911569879274e-01 2.628390328283852106e+00 -3.689016355104002276e+00
9.670940872238499297e-01 2.625927580509611392e+00 -3.706363403014055535e+00
1.269861957240278061e+00 2.610964808577404206e+00 -3.087854513920894384e+00
1.313124704939579113e+00 2.593127619662969341e+00 -3.070701313810883626e+00
1.355614678604314838e+00 2.573858432975635768e+00 -3.053231551669218113e+00
1.397611127761346550e+00 2.553736609628172616e+00 -3.035549005463047401e+00
1.493092279940477551e+00 2.504000709130500546e+00 -3.004270240784647772e+00
1.492357435274940247e+00 2.505730319449152255e+00 -2.997382844942683366e+00
1.491564541441006142e+00 2.507490162056854821e+00 -2.990514493968844167e+00
1.490747079933941510e+00 2.509310507027421977e+00 -2.983401711130987621e+00
1.489881981857293480e+00 2.511242079178559905e+00 -2.975847189457831110e+00
1.264215951624731993e+00 2.615789477974009625e+00 -3.074967253512625120e+00
1.294481264182309799e+00 2.607717003028446889e+00 -3.036256431004596745e+00
1.314844711368369667e+00 2.603854968076353860e+00 -2.991003206007787796e+00
1.309018143126380318e+00 2.628272868940978224e+00 -2.848567975705877942e+00
1.326074065623053855e+00 2.620430397453787030e+00 -2.843023213612266620e+00
1.338151764847910874e+00 2.614868984543817110e+00 -2.839144896889555625e+00
1.346556408561784712e+00 2.610998543390522730e+00 -2.836448209836817558e+00
1.343222725622327696e+00 2.620825591908801044e+00 -2.787547005269426670e+00
1.335423264626555362e+00 2.632781194980034822e+00 -2.739644712423150885e+00
1.355802532694061258e+00 2.656817169202674744e+00 -2.494399851371720267e+00
1.398177258580935778e+00 2.637298916334563259e+00 -2.476569309801731400e+00
1.440165862326890478e+00 2.617338758921064379e+00 -2.458589882061964715e+00
1.481159020524066783e+00 2.595825936163495218e+00 -2.440342139668319366e+00
1.522140795520125156e+00 2.574323010712754822e+00 -2.422074007362962078e+00
1.563086613396819757e+00 2.552844842453263485e+00 -2.403783682712858916e+00
1.603465419536049374e+00 2.530158012890091790e+00 -2.385162542333247426e+00
1.643258671017386874e+00 2.506468299296309876e+00 -2.366392887380061705e+00
1.683142322123998724e+00 2.482691108483713105e+00 -2.347854047152510670e+00
1.349854063816386729e+00 2.661277222114586838e+00 -2.481546845564853943e+00
1.378832821467322667e+00 2.650970011885442457e+00 -2.442207794836197099e+00
1.399063802430595249e+00 2.645785085661649827e+00 -2.396792466164420876e+00
1.412198523071209078e+00 2.644500176413827841e+00 -2.348726409741248133e+00
1.420069858023271792e+00 2.645997105745647282e+00 -2.299683891281205206e+00
1.422975387023957206e+00 2.650764190890836147e+00 -2.250306932012576144e+00
1.422465866713285676e+00 2.657459468251226475e+00 -2.201246633731073654e+00
1.419895391341010171e+00 2.665157350365480404e+00 -2.152549724147485133e+00
1.413458393615802500e+00 2.674828147198002881e+00 -2.103833641709090152e+00
9.565688200296431631e-01 2.849516344857353278e+00 -2.269072525315863231e+00
9.344988513396828012e-01 2.862980123473446437e+00 -2.226095144265353820e+00
9.124943940360430439e-01 2.875410280743046609e+00 -2.183137089815791576e+00
8.899261052381493009e-01 2.885716197388541904e+00 -2.139980009841143005e+00
8.675405075874803584e-01 2.895966755112548530e+00 -2.096862665074049392e+00
8.453440591894931799e-01 2.906160238539423180e+00 -2.053783795509193322e+00
8.368342705871010256e-01 2.912959597351892249e+00 -2.005373091105768779e+00
8.422866500460061134e-01 2.916346363336005609e+00 -1.955789369174100178e+00
8.584547638063639852e-01 2.916802830552729375e+00 -1.908304287971869906e+00
9.698300751246922147e-01 2.845420220140368883e+00 -2.263619914669030120e+00
9.733791341966828714e-01 2.850478450939304409e+00 -2.213964549570973883e+00
9.885587929255157391e-01 2.851079407351127415e+00 -2.166299566181944414e+00
1.010674819288291282e+00 2.848808645159070618e+00 -2.121493146372577687e+00
1.037967460744036785e+00 2.844265608952192714e+00 -2.079831136049955287e+00
1.068913089729098598e+00 2.836813262289400228e+00 -2.041423755994693057e+00
1.101865611604295969e+00 2.825819917386300784e+00 -2.005775155199316373e+00
1.136410443057742858e+00 2.814162563423340924e+00 -1.972040391940917292e+00
1.175300797884492487e+00 2.800453580255486852e+00 -1.944756411389206852e+00
-2.514453234617258226e-01 2.778732745719250108e+00 -3.749500171921898772e+00
-2.230587480290532609e-01 2.772849717959388283e+00 -3.790391073756389950e+00
-1.971163199173803782e-01 2.766449021566804944e+00 -3.832760050317955081e+00
-1.723849123544835271e-01 2.759808020222000557e+00 -3.875782369494966240e+00
-1.483705368366157185e-01 2.753290069613582691e+00 -3.919224872228893375e+00
-1.248396910622950190e-01 2.745925496103289731e+00 -3.962661524284438297e+00
-1.014907077528162810e-01 2.737080334898493117e+00 -4.005920178630673512e+00
-7.803835463235901659e-02 2.728217123133483302e+00 -4.049275948952856474e+00
-5.472058749195011368e-02 2.719335723525479587e+00 -4.092691711393895204e+00
-2.515105675899523274e-01 2.776966631690866105e+00 -3.758092070413045160e+00
-2.328205719359358328e-01 2.769223498074953937e+00 -3.803901870138627572e+00
-2.234009354285579341e-01 2.760158750869213140e+00 -3.852185188444612329e+00
-2.252464325941137269e-01 2.750050940303798264e+00 -3.901126317639591612e+00
-2.380745483327294243e-01 2.739681839829922083e+00 -3.948248251204467429e+00
-2.611980154421811862e-01 2.729165145964439709e+00 -3.991486323159273653e+00
-2.889692822937665051e-01 2.718817333066533060e+00 -4.031769543566711356e+00
-3.214609007370429761e-01 2.707063639967030699e+00 -4.067763920596120464e+00
-3.565599528480450364e-01 2.694562307702426551e+00 -4.100827857014015088e+00
5.300417245467908822e-01 2.716785562700926082e+00 -3.872890437847334777e+00
5.587171755806757956e-01 2.709832357621772214e+00 -3.871546384047402700e+00
5.946865997305887941e-01 2.701107093459249597e+00 -3.869876563428571004e+00
6.354780056651758713e-01 2.691212258491843201e+00 -3.867982330448649364e+00
6.801744548248183087e-01 2.676089238946989468e+00 -3.887090470460837999e+00
7.259970120536994864e-01 2.661431388037061030e+00 -3.902805271364457873e+00
7.709802012921280756e-01 2.646736713479921121e+00 -3.919784700201456307e+00
8.113227441873379631e-01 2.630218511627091527e+00 -3.943945626239909519e+00
8.427628168305904000e-01 2.612358658779782683e+00 -3.978071582218351221e+00
5.421069739475142812e-01 2.713861791694375469e+00 -3.872316434196114709e+00
5.746455000121272194e-01 2.705971822523919990e+00 -3.870791539911567547e+00
6.090061355897967710e-01 2.697637123570826301e+00 -3.869194925157318110e+00
6.471738128185203776e-01 2.688378499114660869e+00 -3.867423620380773475e+00
6.898893343365707365e-01 2.673069739110335075e+00 -3.889974092974238573e+00
7.334904836042934750e-01 2.658052935736653133e+00 -3.910365410793782637e+00
7.753155804867050138e-01 2.642939129511404861e+00 -3.933529654019810806e+00
8.117204160367454957e-01 2.625673159979304394e+00 -3.962803053992614899e+00
8.415920041607276580e-01 2.607921551031742169e+00 -3.998565562474381885e+00
7.338107383235864534e-01 2.765581332754674104e+00 -3.339588669421225120e+00
7.818968314146235166e-01 2.754119107368485864e+00 -3.337030813372648730e+00
8.299636643345981168e-01 2.742293697669656805e+00 -3.334373096529611669e+00
7.314691537103596986e-01 2.768444361526416486e+00 -3.325306164117876495e+00
7.714538870292698691e-01 2.763119809621414458e+00 -3.296885246707964789e+00
-2.184450385811191886e+00 2.074303481511734049e+00 -2.242569996832440182e+00
-2.189371017268557651e+00 2.072289904842605779e+00 -2.217750076516404434e+00
-2.196002077303500055e+00 2.069576460901418891e+00 -2.184302198282037644e+00
-2.223605732053460127e+00 2.044956784597220079e+00 -2.150687887429778122e+00
-2.249264158116651036e+00 2.022759431080590087e+00 -2.113993505420660224e+00
-2.273766773949083220e+00 2.001968479660192646e+00 -2.075729709452915461e+00
-2.297396215121333185e+00 1.981918460637378754e+00 -2.036549629995240362e+00
-2.321781444763594937e+00 1.956747589586010472e+00 -2.000989400112163530e+00
-2.349870055901405852e+00 1.924980067585074561e+00 -1.974707386252513519e+00
-2.180802947765303923e+00 2.075796114437056250e+00 -2.260967379636670493e+00
-2.178350863562481088e+00 2.076800245395213906e+00 -2.273330182969171442e+00
-2.173593218654154224e+00 2.078748903681917781e+00 -2.297313900218343807e+00
-2.166307830257947487e+00 2.080667542811707182e+00 -2.329842355304650336e+00
-2.157513889345798574e+00 2.082748646024421113e+00 -2.368417742485723565e+00
-2.147825416912055196e+00 2.085041340825261713e+00 -2.410917618305976173e+00
-2.149692187231479590e+00 2.058984368770585771e+00 -2.541728786897734516e+00
-2.162576949928071812e+00 2.037981532084307990e+00 -2.585288669808970319e+00
-2.181201635748813317e+00 2.012014182417346309e+00 -2.623798511392543276e+00
-1.160702685895110164e+00 2.781852201046547624e+00 -2.224041636568774738e+00
-1.124276963085786951e+00 2.793727173012104714e+00 -2.256002974292501406e+00
-1.087005564080353981e+00 2.803198197513562029e+00 -2.287703101249000337e+00
-1.049687654137206883e+00 2.812340248443083279e+00 -2.319474868161166992e+00
-1.012461751674751831e+00 2.821443171553484675e+00 -2.351334490890527817e+00
-9.740306037196432287e-01 2.831125478024371755e+00 -2.381373696022604847e+00
-9.335137564578770419e-01 2.841831332263949239e+00 -2.408053103055488364e+00
-1.170350694407822578e+00 2.776044124315089068e+00 -2.233809430691010345e+00
-1.153549343359843382e+00 2.777855672562397515e+00 -2.280831537433090972e+00
-1.148086688785633580e+00 2.774816343618212944e+00 -2.330401484308465943e+00
-1.150114499901180753e+00 2.766892400765321280e+00 -2.379691055775000841e+00
-1.157991281319601606e+00 2.756721387861098993e+00 -2.427973624575694434e+00
-1.171572738864279595e+00 2.744463024031909004e+00 -2.474549527900349766e+00
-1.189999695790260992e+00 2.730531824814867115e+00 -2.518980080201606686e+00
-1.220044725445735390e+00 2.713051235864159416e+00 -2.555059958814653420e+00
-1.259168924015924285e+00 2.693617573957423073e+00 -2.579464649468793169e+00
-7.186837365034903780e-01 2.617442594467297212e+00 -4.119943568129494693e+00
-6.991420681989110042e-01 2.612024151826198182e+00 -4.165461217092949475e+00
-6.799145043525747223e-01 2.606950666410526196e+00 -4.211106972647829849e+00
-6.734091905099355291e-01 2.598514804729160854e+00 -4.257458438355444130e+00
-6.685935049860907142e-01 2.589579977077573592e+00 -4.304144718452548091e+00
-6.637442419361989643e-01 2.580582263316506086e+00 -4.351159223649305297e+00
-6.587501108793187843e-01 2.571101696954960936e+00 -4.398370686161835685e+00
-6.533262572613510732e-01 2.559917386030863717e+00 -4.445456422725682089e+00
-6.479121251170367746e-01 2.548662421167142700e+00 -4.492797031975366728e+00
-7.325461607657824947e-01 2.613194310501024020e+00 -4.123191749144424989e+00
-7.394395732557152989e-01 2.600622566708031602e+00 -4.171152495521673664e+00
-7.581367657248111458e-01 2.586300457701194322e+00 -4.215339142392905636e+00
-7.832770090519831641e-01 2.568921077541131748e+00 -4.254791067680796957e+00
-8.163248326897039053e-01 2.550598356806797806e+00 -4.287431613010080689e+00
-8.543911695955206387e-01 2.532206154737928205e+00 -4.314176204534865278e+00
-8.950105176715483779e-01 2.512992099555022563e+00 -4.335646990391463618e+00
-9.374525798813322375e-01 2.493371130768220034e+00 -4.352866836608552781e+00
-9.806966262134466650e-01 2.472145306194857284e+00 -4.365785546104456571e+00
-9.378475401454839933e-01 2.592921486518174667e+00 -3.924015920289369852e+00
-9.314911579042756129e-01 2.588316591815271739e+00 -3.953121421123420465e+00
-9.235970319404599449e-01 2.582597248836981496e+00 -3.989269945097046133e+00
-9.146871861166345763e-01 2.576141331934732825e+00 -4.030072460116031152e+00
-9.244702968129787646e-01 2.561362031872077338e+00 -4.076781853258801824e+00
-9.308676566551049580e-01 2.547622943186705236e+00 -4.124377116080182759e+00
-9.505621501821924779e-01 2.530243428081361490e+00 -4.167065878276309476e+00
-9.819920532524178958e-01 2.510987421961783372e+00 -4.200985260064239668e+00
-1.022519306051049792e+00 2.491130043818886808e+00 -4.222565902838775642e+00
-9.407709803607373633e-01 2.595039971061165129e+00 -3.910627181831706878e+00
-9.392449139042008399e-01 2.593933250877538566e+00 -3.917619796687831002e+00
-9.379468718875894062e-01 2.592992567097136103e+00 -3.923564770769806476e+00
-9.367628196889683512e-01 2.592134127480484995e+00 -3.928989198248316050e+00
-9.340607065386179464e-01 2.590175906805683326e+00 -3.941364815289405410e+00
-9.323048422807475033e-01 2.588902861482663020e+00 -3.949409023157295362e+00
-9.317455445700359995e-01 2.588497036287963571e+00 -3.951972695959362625e+00
-9.315617102815338946e-01 2.588363728677708142e+00 -3.952814999962237064e+00
-9.314783516232447713e-01 2.588303294397179766e+00 -3.953196882347810082e+00
-2.072698825253656452e+00 2.313334914923305341e+00 -8.337685692583566288e-01
-2.099835199270304376e+00 2.291739001945336085e+00 -7.962712055948747425e-01
-2.126936137586945108e+00 2.270348157784128684e+00 -7.589697126091075052e-01
-2.153871145395336306e+00 2.249093081708553488e+00 -7.218223041060393141e-01
-2.179317486021200345e+00 2.227175316475026978e+00 -6.849652865460206241e-01
-2.202986777601494861e+00 2.203394192253044448e+00 -6.480655411631486285e-01
-2.226723295620987919e+00 2.179543889530470402e+00 -6.112171902925882527e-01
-2.250433880141573084e+00 2.155721362454302348e+00 -5.742449292884018730e-01
-2.274167180577744585e+00 2.131875521017688513e+00 -5.372841896858485677e-01
-2.063529911673652961e+00 2.321752805577776968e+00 -8.252156912711026138e-01
-2.073170328956527531e+00 2.316471191949804886e+00 -7.759072277480227875e-01
-2.073488909000769542e+00 2.319420397758813479e+00 -7.259110437408082817e-01
-2.067606249510705041e+00 2.327734131575196486e+00 -6.771748796220312672e-01
-2.055851664797127221e+00 2.341086037003230924e+00 -6.302740086990585855e-01
-2.040140894134306215e+00 2.357762259205458566e+00 -5.856955384870462522e-01
-2.021508644178335867e+00 2.376862569807375092e+00 -5.433086758085220458e-01
-1.999805337767385671e+00 2.395332929466280625e+00 -5.025679348234006749e-01
-1.975983426034487511e+00 2.413236250751647827e+00 -4.628993257180752385e-01
-2.199847645403034235e+00 2.170556607947648153e+00 -1.279370781908633292e+00
-2.228310119763210029e+00 2.139536295009800249e+00 -1.306000676251528159e+00
-2.255961894528613509e+00 2.107734240628125644e+00 -1.332484649735777849e+00
-2.283594564568119711e+00 2.075964967018743668e+00 -1.358850205429184221e+00
-2.310477273632389306e+00 2.043450641993326045e+00 -1.385464731447578091e+00
-2.336878974398996611e+00 2.010457573421773780e+00 -1.412050303429781106e+00
-2.363246947851887825e+00 1.977490537855015607e+00 -1.438602951423460841e+00
-2.387746237348332912e+00 1.942997039912814028e+00 -1.465003884835235803e+00
-2.412196028851417928e+00 1.908565632490209163e+00 -1.491412355114656529e+00
-2.204672414039982264e+00 2.166852242356227087e+00 -1.265745260309071085e+00
-2.239993921585040848e+00 2.131643357475459410e+00 -1.265832457082788798e+00
-2.273574049384429419e+00 2.097192017944815134e+00 -1.253401089427482296e+00
-2.303886477837845614e+00 2.063374992199373370e+00 -1.233353767885972507e+00
-2.332535883627023132e+00 2.032347124493149249e+00 -1.207317344003335347e+00
-2.360017257432347915e+00 2.003353425641712704e+00 -1.177172525811014614e+00
-2.385495312597879725e+00 1.977071840291270366e+00 -1.143138246852651863e+00
-2.409174412803176235e+00 1.952499038864482284e+00 -1.107192145024465058e+00
-2.430297033977307120e+00 1.927716731681782480e+00 -1.069789231494910453e+00
-1.358294445568201336e+00 2.802195895530051217e+00 -6.621983243268112496e-01
-1.339253182633727279e+00 2.812688652192265604e+00 -6.157123218357235528e-01
-1.319731342848052380e+00 2.823427132750096824e+00 -5.695249094963807934e-01
-1.299931073120201619e+00 2.834449121941094774e+00 -5.231801330403711425e-01
-1.280559545046591419e+00 2.846220948312239596e+00 -4.771142554734162933e-01
-1.262166078452238827e+00 2.856572083344031565e+00 -4.316822117363348088e-01
-1.242610256362212784e+00 2.864515332014827997e+00 -3.863013218293265827e-01
-1.222699476861846657e+00 2.872608422905610581e+00 -3.410643039010643474e-01
-1.202542767541761926e+00 2.880805372740623316e+00 -2.959341041802743821e-01
-1.346892857941522914e+00 2.808039672577347101e+00 -6.682013215614284185e-01
-1.310637838024107493e+00 2.827302443757083061e+00 -6.348422914511896442e-01
-1.270041994591919243e+00 2.848540945055843654e+00 -6.111287899902404508e-01
-1.227093996250301577e+00 2.869931106324209669e+00 -5.981408053210088838e-01
-1.182126603035210666e+00 2.887177388617733875e+00 -5.913386849570094750e-01
-1.136314142945477057e+00 2.902605626229863400e+00 -5.911411694329152811e-01
-1.090796186838324466e+00 2.917925570090153187e+00 -5.948434032812860428e-01
-1.045779631779768071e+00 2.933099812155913977e+00 -5.886432195442460324e-01
-1.004354846127980760e+00 2.947096605067723196e+00 -5.687065657159994236e-01
-1.126824272914212388e+00 2.888370429332971057e+00 -1.086246198043390843e+00
-1.089319199872752719e+00 2.900867918550832592e+00 -1.115884117555824950e+00
-1.120386012407614373e+00 2.891366268413422702e+00 -1.073453505436219979e+00
-1.074214313436711032e+00 2.908285707231647255e+00 -1.077688184832398033e+00
-2.176396769511930618e+00 2.135408499317130726e+00 -1.858587024191134418e+00
-2.200473739939831752e+00 2.116130231211673429e+00 -1.819249863677706802e+00
-2.223983892567307219e+00 2.096469307902286694e+00 -1.779915081835177215e+00
-2.246395157801874376e+00 2.075796238026077045e+00 -1.740435709918039420e+00
-2.268952371064302032e+00 2.055220342189743032e+00 -1.700959501096212856e+00
-2.291530611067186918e+00 2.034634657652158118e+00 -1.661378907050533371e+00
-2.314705501297841472e+00 2.013242729003880793e+00 -1.622639746487787971e+00
-2.338916371504633496e+00 1.990436251343371987e+00 -1.585466992219242366e+00
-2.182705077311792863e+00 2.127190097560361703e+00 -1.869330760722456075e+00
-2.216257701165449401e+00 2.094748833104307373e+00 -1.851569449580432458e+00
-2.250171550012333377e+00 2.058697906996349580e+00 -1.845956231066298470e+00
-2.282606769435695959e+00 2.020920766173928573e+00 -1.848545419696781655e+00
-2.390201721181608008e+00 1.890064635220302547e+00 -1.874463201020700964e+00
-2.391970566975592405e+00 1.889622812909670158e+00 -1.863701497322969081e+00
-2.395514293147090523e+00 1.888646104368769230e+00 -1.842676290747979451e+00
-2.400398872620131741e+00 1.887305105238932024e+00 -1.813664903941392570e+00
-2.406285809457754610e+00 1.885692796381306824e+00 -1.778677495208876858e+00
-2.089098789285728230e+00 2.231366562846356150e+00 -1.740170311219457089e+00
-2.116610665577964845e+00 2.209968062611475492e+00 -1.703300085340966996e+00
-2.143895365162819200e+00 2.188773356928256142e+00 -1.666516653883691745e+00
-2.170423062917977930e+00 2.167583810199889438e+00 -1.629917738118528803e+00
-2.187263358242174771e+00 2.153908517877283213e+00 -1.585080078891112354e+00
-2.195821411572267845e+00 2.149279904848624856e+00 -1.536188344544614282e+00
-2.196907472852967391e+00 2.152933680242330450e+00 -1.486365473805655091e+00
-2.191615430661726815e+00 2.163700527073401325e+00 -1.437941368105825513e+00
-2.177094403319522087e+00 2.183568897762760752e+00 -1.394689673985242129e+00
-2.095154591731471339e+00 2.224207454656188077e+00 -1.751724890185071937e+00
-2.131409314810384092e+00 2.191679132106401529e+00 -1.737914614493780041e+00
-2.055200663971173736e+00 2.304902893551578735e+00 -1.323802507401199202e+00
-2.066357929531843052e+00 2.295216033162992719e+00 -1.324998826166883914e+00
9.421787160231395175e-01 2.582841012975853001e+00 -3.952182898633823882e+00
9.413238281260273288e-01 2.573209965180916825e+00 -4.001431683663188466e+00
9.465111326057037422e-01 2.561507959968104764e+00 -4.049711111326158353e+00
9.516314762240416503e-01 2.549962223922630944e+00 -4.097341523076604375e+00
9.559348586061784392e-01 2.537055507208451299e+00 -4.143179668726513221e+00
9.599269492204604015e-01 2.523856854189096222e+00 -4.187999461063188988e+00
9.638839591514957172e-01 2.510766104109323216e+00 -4.232456572887925539e+00
9.848804254456777763e-01 2.491768668172203327e+00 -4.273664762949352713e+00
1.005889082286379077e+00 2.472768395326584656e+00 -4.314865270265115349e+00
1.489230490255451844e+00 2.512665575624910996e+00 -2.970322807260202147e+00
1.487738761531608445e+00 2.516018522633364896e+00 -2.957178449592782421e+00
1.484973892528016481e+00 2.522231001830132158e+00 -2.932826914171717370e+00
1.481247222580903689e+00 2.530604759029119410e+00 -2.900003410718163810e+00
1.476434400367103050e+00 2.539729008775529984e+00 -2.861348140058957323e+00
1.470598884618103952e+00 2.548792927520785234e+00 -2.818807522781919594e+00
1.465682628541759680e+00 2.556424370133221213e+00 -2.783003448825569937e+00
1.461822038115024203e+00 2.562416501098295551e+00 -2.754892222286162706e+00
1.458712410254303427e+00 2.567242233473769897e+00 -2.732255311423060551e+00
1.488052695187282337e+00 2.515335481800054840e+00 -2.959825140390092812e+00
1.486017595472133523e+00 2.519909995336872655e+00 -2.941891624933208771e+00
1.484393881887107636e+00 2.523562612538321037e+00 -2.927568359160669598e+00
1.482039222440768134e+00 2.528853750287023416e+00 -2.906827765753744686e+00
1.480701888031772828e+00 2.531866404974516538e+00 -2.895008188555606488e+00
1.478566584277743789e+00 2.536421188733875898e+00 -2.876861700049119897e+00
1.476908538697679685e+00 2.539002367852155828e+00 -2.864730397163321118e+00
1.475914376219188640e+00 2.540546378617468903e+00 -2.857484180664676909e+00
1.474177005391192008e+00 2.543243126678938371e+00 -2.844832410403671741e+00
1.339291578344365741e+00 2.638999401483354657e+00 -2.690193850553626476e+00
1.343153182528816547e+00 2.645221723732015917e+00 -2.640738958754099919e+00
1.326042811989701642e+00 2.645468525329261578e+00 -2.692227626629005943e+00
1.305482204768272370e+00 2.661019488667676569e+00 -2.649803844595355784e+00
1.720611377458162616e+00 2.461316520286981557e+00 -2.322613385079955961e+00
1.757587086689762490e+00 2.439399288334040516e+00 -2.297278889102579047e+00
1.793585771650992866e+00 2.416092237104539908e+00 -2.271714582707547780e+00
1.828658035329313147e+00 2.391773728729970294e+00 -2.246070620681044350e+00
1.863191935302696223e+00 2.366973507610599103e+00 -2.220357035565346138e+00
1.897589220395230480e+00 2.342281814694971764e+00 -2.194657564674041161e+00
1.932470293003053285e+00 2.317235357982212918e+00 -2.168770239160858537e+00
1.967476031925698976e+00 2.292440984916487512e+00 -2.142926804547377717e+00
2.002416420775911199e+00 2.267696776300297312e+00 -2.117104965274926087e+00
1.724494948020023566e+00 2.457082772958464112e+00 -2.336393916765916678e+00
1.764645534553495265e+00 2.427670239364382976e+00 -2.337685296619878450e+00
1.801756821728284441e+00 2.397353526025275183e+00 -2.351231630842467890e+00
1.836281808204085264e+00 2.367882714293764401e+00 -2.371871284477386155e+00
1.867917411015867168e+00 2.339700981193939544e+00 -2.398252797553663385e+00
1.896898512059757014e+00 2.312900158008436957e+00 -2.428900187232556629e+00
1.922975946779192258e+00 2.287429347141243685e+00 -2.462912957015821469e+00
1.945820237716868517e+00 2.261246996970933232e+00 -2.498661516731206067e+00
1.967560011668185505e+00 2.235814108661639210e+00 -2.535700116935594828e+00
1.398409062816961868e+00 2.688496837391950223e+00 -2.058098214286040673e+00
1.383413822848942765e+00 2.702137251925360584e+00 -2.012368204662285276e+00
1.368071879438951033e+00 2.714972896823104165e+00 -1.966571964243330140e+00
1.352243097472605626e+00 2.726879419296827312e+00 -1.920700818709147883e+00
1.346388079588834330e+00 2.733498765766427585e+00 -1.871544479371252345e+00
1.352468516379875529e+00 2.734163791004458055e+00 -1.822000093560906420e+00
1.366920826172330905e+00 2.730487940433167893e+00 -1.774376290815714796e+00
1.387216751347524202e+00 2.723722252854250847e+00 -1.728892035378121195e+00
1.410805101340775414e+00 2.715161402613676778e+00 -1.685337472263355396e+00
1.411496924302844347e+00 2.682314384215804814e+00 -2.054384261026574787e+00
1.419963305846362545e+00 2.682487894052397959e+00 -2.005171849568557096e+00
1.438572130365307400e+00 2.676174507709394579e+00 -1.959254106486457481e+00
1.463402745365562474e+00 2.666408342337292847e+00 -1.917121798984986247e+00
1.492451090553856830e+00 2.653742138057425759e+00 -1.878731405347380257e+00
1.524814710260890216e+00 2.638691959943160192e+00 -1.844199428810989305e+00
1.563525134960451313e+00 2.618854696064125687e+00 -1.819013739869693502e+00
1.605489941670346310e+00 2.595979522272412243e+00 -1.803742255048291998e+00
1.647552872584135519e+00 2.570103050025400737e+00 -1.796865591180640598e+00
8.751381723716924466e-01 2.917094377907037739e+00 -1.860997765022342376e+00
8.912636175495088908e-01 2.917576891821128449e+00 -1.813381084077235084e+00
9.074249826684647191e-01 2.918040325424979820e+00 -1.765848350563010261e+00
9.225549211307577657e-01 2.916277460101655894e+00 -1.718368142644038254e+00
9.375541622457354007e-01 2.914333362862462362e+00 -1.670837018502969729e+00
9.524921354999597023e-01 2.912448657009027997e+00 -1.623142544249473351e+00
9.676356665553811354e-01 2.911376692479937578e+00 -1.575489262298570337e+00
9.827524042887718636e-01 2.910315158170529326e+00 -1.527825140535538528e+00
1.089425487689923200e+00 2.890213761605764820e+00 -1.303157160732347331e+00
8.877745988119077891e-01 2.912814196913582343e+00 -1.867600462832141872e+00
9.255645103854626132e-01 2.905550116189768328e+00 -1.835154530022279351e+00
9.684889272853416387e-01 2.893314994266952489e+00 -1.813094551734694138e+00
1.013762442162870148e+00 2.878319214324251085e+00 -1.798576538540175518e+00
1.060359770965758397e+00 2.862404961244632506e+00 -1.790414937477395663e+00
1.107578831501573546e+00 2.845909624420022599e+00 -1.787353775210764439e+00
1.151330606350644770e+00 2.830353399930841007e+00 -1.769374476917454864e+00
1.189033511989032732e+00 2.817444036155673626e+00 -1.739509374850117362e+00
1.218946292369996964e+00 2.808886601195053068e+00 -1.700720491755598696e+00
1.201130052505819057e+00 2.794105166527768969e+00 -1.901936921553680326e+00
1.226905646265206595e+00 2.787774567370476575e+00 -1.859164943901392419e+00
1.252246030771207552e+00 2.781630565851909598e+00 -1.816400949108586627e+00
1.211314364082257455e+00 2.788664019244267767e+00 -1.911378608552587011e+00
1.253176280742396953e+00 2.773243631074533866e+00 -1.887958744291547530e+00
-2.515707014702767488e-02 2.711516534431107406e+00 -4.132347774958764042e+00
4.338341762866138214e-03 2.703995191627901473e+00 -4.172100218597451615e+00
3.371442575417749749e-02 2.695424426535485640e+00 -4.211561564501586474e+00
6.309124136923231763e-02 2.685351820353219843e+00 -4.250678552261687670e+00
9.248510039385363091e-02 2.675283611600337785e+00 -4.289776052863089717e+00
1.222804718008806274e-01 2.665207694823592544e+00 -4.328872908078997384e+00
1.519399030266234962e-01 2.655131378741551806e+00 -4.367982375327661870e+00
1.814589856616815045e-01 2.645125642749675432e+00 -4.407141905365928203e+00
2.107312557881440562e-01 2.633649933746288418e+00 -4.445916512578139468e+00
-3.836950862901368497e-02 2.709567504025922613e+00 -4.138968488336320029e+00
-3.471172814371353138e-02 2.699276345403962107e+00 -4.187804725828496721e+00
-4.363066077426831085e-02 2.688792268562326893e+00 -4.235863142884942256e+00
-6.068741184008503986e-02 2.678450779981738972e+00 -4.281870882391278776e+00
-8.359110936464093922e-02 2.668450222129194582e+00 -4.325277721505117690e+00
-1.110858704614607340e-01 2.658864006148716097e+00 -4.365949021014869480e+00
-1.420009764948729214e-01 2.647319895733218686e+00 -4.403450584235074849e+00
-1.750549329564249079e-01 2.636097529167948039e+00 -4.439202460130317718e+00
-2.094359484896945733e-01 2.625034362775235941e+00 -4.473736178505519412e+00
-3.984269984605217085e-01 2.682905139028573860e+00 -4.125888550551253253e+00
-4.402599496566927395e-01 2.671264475852743736e+00 -4.150897856104562855e+00
-4.820623179266776415e-01 2.659903002782913362e+00 -4.175980227288857094e+00
-5.235105555630483742e-01 2.647208228960803655e+00 -4.200710889970951989e+00
-5.592348301355291040e-01 2.632292140661017132e+00 -4.232051496409980906e+00
-3.886836708174389865e-01 2.681755033656901155e+00 -4.137122266064801046e+00
-4.105804302957886120e-01 2.669179606077703326e+00 -4.180420595375410997e+00
-4.207242395154064396e-01 2.657566191230607888e+00 -4.228049610613856757e+00
-4.223605007886563345e-01 2.646914105009703810e+00 -4.276876102390392731e+00
-4.176589055832879427e-01 2.637171084629898132e+00 -4.325690579531355162e+00
-4.073483907679135152e-01 2.627846056079963688e+00 -4.373700857237473372e+00
-3.915460980671611191e-01 2.619534523594249098e+00 -4.420361953866677851e+00
-3.895675383489448085e-01 2.607099744266577090e+00 -4.468668531738102523e+00
-4.020257446726681616e-01 2.593086594590168215e+00 -4.514872596093327139e+00
-2.206303973716076339e+00 1.980172360099421214e+00 -2.652861836045083521e+00
-2.229829711253497937e+00 1.946896105399160692e+00 -2.681678122571545586e+00
-2.253387883423534799e+00 1.913580989601966875e+00 -2.710501331015700011e+00
-2.276936863070074590e+00 1.880271705727400544e+00 -2.739346806945839763e+00
-2.300468358427611104e+00 1.846978393598529777e+00 -2.768211821534843686e+00
-2.322554662133533121e+00 1.812578425324857800e+00 -2.796840256997720431e+00
-2.343506563762541184e+00 1.777355694440255540e+00 -2.825327631494430225e+00
-2.364442239370152077e+00 1.742229547431149106e+00 -2.853832936473770232e+00
-2.378326239845601986e+00 1.716441311904238098e+00 -2.884122204824467683e+00
-2.198359305642756389e+00 1.987062306014654167e+00 -2.663458018124702065e+00
-2.206424194925123317e+00 1.968058240317405838e+00 -2.708855848568535230e+00
-2.206215346191746640e+00 1.957854680975046557e+00 -2.757689934695858103e+00
-2.200371091058268558e+00 1.954029112658550726e+00 -2.807177740775836927e+00
-2.190748056806170130e+00 1.955436851915071994e+00 -2.856230169787380646e+00
-2.177553287165591822e+00 1.961185265163430058e+00 -2.904134785103832606e+00
-2.161103459479924993e+00 1.969314180762306021e+00 -2.950532960921472991e+00
-2.142440792380214898e+00 1.978878968693700280e+00 -2.995816871335123199e+00
-2.122747702871845998e+00 1.989702019174069969e+00 -3.040364157536891820e+00
-1.300236446125791812e+00 2.672538170004489455e+00 -2.598258739512035120e+00
-1.339798507112422321e+00 2.648446236172945500e+00 -2.616660335386555847e+00
-1.303996936032467024e+00 2.672387671592862279e+00 -2.583825134420174585e+00
-1.347351992868889736e+00 2.649886168662655805e+00 -2.574276183710495935e+00
-1.387973081963108646e+00 2.630827619711052723e+00 -2.552845297335412322e+00
-1.426673741386383254e+00 2.613506022612179791e+00 -2.526857252227122874e+00
-1.465598865096735315e+00 2.596365734495420519e+00 -2.498840825320774783e+00
-5.121325930755409317e-01 2.565062206750552853e+00 -4.551206618387252156e+00
-5.152223746093337331e-01 2.553369347663601907e+00 -4.598611221998890386e+00
-5.183803324304029347e-01 2.540823865858695019e+00 -4.646845486156578886e+00
-5.211937718877627246e-01 2.526803118877554155e+00 -4.694097827192605266e+00
-5.239981519861571790e-01 2.512987614217225385e+00 -4.740635134377347626e+00
-5.405146203419224360e-01 2.496905868515665983e+00 -4.785181552710408681e+00
-5.523805863534783089e-01 2.481336717683194859e+00 -4.831303291199597894e+00
-5.586315498833421822e-01 2.466747737285116315e+00 -4.878851524237338033e+00
-5.610146929014429018e-01 2.453181201640851850e+00 -4.927006182467482454e+00
-5.124968094733250989e-01 2.563816253054571614e+00 -4.556227873882174428e+00
-5.155985429514023943e-01 2.552057581428306410e+00 -4.603903960203159507e+00
-5.186677594549693460e-01 2.539432966214367760e+00 -4.651527011774134301e+00
-5.214838742602402322e-01 2.525378701705374151e+00 -4.698895254364801488e+00
-5.243371586347601587e-01 2.511286366811588344e+00 -4.746370353550727117e+00
-5.226424928664914482e-01 2.497948799216156868e+00 -4.794494835097403929e+00
-5.089038217372634509e-01 2.487422521859704805e+00 -4.841482369873753022e+00
-4.846907703271151613e-01 2.480321541280807729e+00 -4.884978883075555167e+00
-4.518719932895060021e-01 2.476789367181906343e+00 -4.922895171385277102e+00
-1.126775374257911855e+00 2.412661927912270965e+00 -4.359066135780975237e+00
-1.126717784792154342e+00 2.411147432376712807e+00 -4.365378820578144747e+00
-1.126745209135068260e+00 2.409703185601950626e+00 -4.371236617481347508e+00
-1.126767199079789394e+00 2.408242977735256307e+00 -4.377170445164187740e+00
-1.126785170856353435e+00 2.406667811702635440e+00 -4.383582743609890642e+00
-1.126800296161593717e+00 2.404894945988467203e+00 -4.390809894775834721e+00
-1.126813503376852710e+00 2.402849663459370788e+00 -4.399155913110321059e+00
-1.126825535655182842e+00 2.400460313084598063e+00 -4.408912627087564040e+00
-1.126768365041149078e+00 2.397513672221096570e+00 -4.420351023683402047e+00
-1.126790538567707722e+00 2.409277230329054387e+00 -4.372890968631597985e+00
-1.126710665782172160e+00 2.404176198685402888e+00 -4.393928387699218341e+00
-1.126737686953512174e+00 2.398690928019398427e+00 -4.416304418166307144e+00
-1.126375775193182216e+00 2.392028887554951577e+00 -4.440099406336602605e+00
-1.125919319533261298e+00 2.382929645398583318e+00 -4.472536115742049567e+00
-1.125377904680276986e+00 2.372170466754232265e+00 -4.510892943291930024e+00
-1.146445690363857350e+00 2.350628154492088395e+00 -4.550652744925513637e+00
-1.164451310030929942e+00 2.329985553339693372e+00 -4.592400885031230118e+00
-1.180746606706434942e+00 2.310091479188300934e+00 -4.635248072695356214e+00
-1.068893464580666475e+00 2.472537989278904114e+00 -4.222392260861482782e+00
-1.114410243132792244e+00 2.452148889067506499e+00 -4.221771860913595020e+00
-1.159354198255795332e+00 2.430747112157730871e+00 -4.220911125183651968e+00
-1.203912994737521558e+00 2.411938187794055999e+00 -4.208597164977074812e+00
-1.246236983221237660e+00 2.396126323380564749e+00 -4.187346937824605320e+00
-1.286478413321511471e+00 2.382551235105472731e+00 -4.160790435260349085e+00
-1.323976638579842824e+00 2.368889552426505674e+00 -4.130681977955656059e+00
-1.359993336809590669e+00 2.355927351944445913e+00 -4.099234953570264572e+00
-1.400071103271221640e+00 2.335960538612136261e+00 -4.079619056698029489e+00
-1.065593179670279333e+00 2.470202257601245233e+00 -4.236776930829277532e+00
-1.102165099680058491e+00 2.448076780160566290e+00 -4.262543022312026864e+00
-2.301486560966541806e+00 2.104311081236376335e+00 -5.057780722947049501e-01
-2.328803879823838852e+00 2.076748843093588981e+00 -4.742627099352518805e-01
-2.356121972121774988e+00 2.049185821346871439e+00 -4.427467638479727352e-01
-2.383618348889358085e+00 2.021750434757246140e+00 -4.112257554210579924e-01
-2.293811099183688640e+00 2.112253284030326306e+00 -4.957178519410925244e-01
-2.305951145176011519e+00 2.100349669069543346e+00 -4.487150260261663082e-01
-2.310017858911580735e+00 2.097636384410526134e+00 -3.989885828388433087e-01
-2.308393043277539469e+00 2.101433941963022800e+00 -3.492354055303608651e-01
-2.302302134779304676e+00 2.109743135581477080e+00 -3.004379068604126068e-01
-2.292251816177140356e+00 2.122021357258005114e+00 -2.532023650406177162e-01
-2.279311956952167151e+00 2.137253943725321292e+00 -2.057635651761848539e-01
-2.264609539238108926e+00 2.154218192496109463e+00 -1.598374702896565303e-01
-2.248804602534864028e+00 2.172256675189745856e+00 -1.150657729301081816e-01
-1.946567564672039730e+00 2.435273465045287633e+00 -4.300194755890452969e-01
-1.917878051276031171e+00 2.457702887829081639e+00 -3.967047668072057331e-01
-1.889607472288293399e+00 2.480185737635103749e+00 -3.632706459498651896e-01
-1.856079629304520973e+00 2.506582508545597054e+00 -3.300336802452685792e-01
-1.823208585774922286e+00 2.532485857089742165e+00 -2.968789568589957906e-01
-1.790937577091662014e+00 2.557935421607658188e+00 -2.638715804750323413e-01
-1.759250319010763119e+00 2.582942942293568134e+00 -2.310213637139723608e-01
-1.726822114642393435e+00 2.603382107354331065e+00 -1.989441585770420906e-01
-1.695233101526139263e+00 2.622534902173591753e+00 -1.664797321343726710e-01
-1.955713428400427611e+00 2.428508218104977523e+00 -4.204133676212379322e-01
-1.945239010383175593e+00 2.438292567475282890e+00 -3.726345868587470633e-01
-1.944658847999354956e+00 2.440807573415331166e+00 -3.226184777886264565e-01
-1.951816015344121968e+00 2.437532274350780792e+00 -2.730335048272027332e-01
-1.963751415871907602e+00 2.430639047831518518e+00 -2.247258452666071882e-01
-1.975615986226628928e+00 2.420159126002348504e+00 -1.776944165379116536e-01
-1.990232032785792970e+00 2.406602231351960164e+00 -1.323605753763642534e-01
-2.006834650649831353e+00 2.391346043294749979e+00 -8.844251669514877068e-02
-2.024612640028680577e+00 2.375087939433979223e+00 -4.554638874180822611e-02
-2.433997907590741416e+00 1.876949261094325694e+00 -1.523916387696211405e+00
-2.456005137007987837e+00 1.845627240183972173e+00 -1.556404982402171955e+00
-2.477789823092546584e+00 1.814462923651467108e+00 -1.588789202010759460e+00
-2.497567837596263107e+00 1.781851486151704522e+00 -1.621007363237889187e+00
-2.518359003854736322e+00 1.748061806637448923e+00 -1.651624641464741527e+00
-2.543694176610102442e+00 1.709584370796755959e+00 -1.671121385712663887e+00
-2.569887085074910260e+00 1.668484768703470067e+00 -1.681681560829355604e+00
-2.596027070453275520e+00 1.626300940101631065e+00 -1.685887047202278888e+00
-2.621219830629527348e+00 1.583317066355784730e+00 -1.685749946081319228e+00
-2.439534142527196803e+00 1.871284465826897669e+00 -1.511185969044552602e+00
-2.469725321240233473e+00 1.832012074816563585e+00 -1.518823158061727963e+00
-2.500656743863894693e+00 1.793166956325700667e+00 -1.513828918958824099e+00
-2.528184995058072815e+00 1.753854212935682666e+00 -1.500631882874990719e+00
-2.554368869332564795e+00 1.716125597477869524e+00 -1.481233285065131300e+00
-2.579608415266148480e+00 1.680542665198845542e+00 -1.457013062270880344e+00
-2.603855923230988800e+00 1.647041356728785821e+00 -1.428940643723007442e+00
-2.625916330699473722e+00 1.617759829361931523e+00 -1.394974202230894633e+00
-2.642933353188316570e+00 1.593320247174476068e+00 -1.355066485582842040e+00
-2.453638596315638409e+00 1.899777255862133529e+00 -1.036413270305855061e+00
-2.478067947912191649e+00 1.870409790036628106e+00 -1.003291042874976835e+00
-2.502311369071174685e+00 1.841361334666012040e+00 -9.700897133223285174e-01
-2.526176062135004674e+00 1.812511031818810014e+00 -9.369072117992783832e-01
-2.548857866309599984e+00 1.783125028250833299e+00 -9.036272206948496866e-01
-2.570288122235337092e+00 1.752913648943287050e+00 -8.702452619053168137e-01
-2.591854462897444034e+00 1.722497584746510046e+00 -8.368222692222306858e-01
-2.613398304161889119e+00 1.692114424271582429e+00 -8.034185445419008698e-01
-2.634641285109814213e+00 1.661643505659599063e+00 -7.700754304155575936e-01
-2.447071710603147654e+00 1.908954918650496380e+00 -1.026878806383144216e+00
-2.457362886307402849e+00 1.899015273442683949e+00 -9.789263730798573038e-01
-2.461585948648618238e+00 1.897364702617116983e+00 -9.291333476188974316e-01
-2.458560025625672996e+00 1.905093283163457274e+00 -8.797108796923440721e-01
-2.451758459843067506e+00 1.917541789622638104e+00 -8.313162089790733233e-01
-2.441898599829754435e+00 1.933285539314875123e+00 -7.844218103895198579e-01
-2.429434875901528734e+00 1.951811284548458314e+00 -7.393136263540656117e-01
-2.415503911401311044e+00 1.971667657149848374e+00 -6.956272728099532898e-01
-2.404767416366036858e+00 1.987184547303646687e+00 -6.497465415884163820e-01
-1.188530327324093028e+00 2.886409110746301021e+00 -2.484054936992871609e-01
-1.174694700095054278e+00 2.891936389802881813e+00 -2.004945249148504804e-01
-1.160652023604143546e+00 2.897550986234717740e+00 -1.526526694471012080e-01
-1.146450804883707209e+00 2.903232466506160403e+00 -1.048676611777162732e-01
-1.132126413559781275e+00 2.908965929201695833e+00 -5.713021474730444610e-02
-1.117706375983848366e+00 2.914739775610203587e+00 -9.432811784274245520e-03
-1.176326438316135814e+00 2.891566925484785333e+00 -2.543850739970863195e-01
-1.141785878068464877e+00 2.905866783709960988e+00 -2.203613709740901150e-01
-1.100718603696825504e+00 2.922965722535944444e+00 -1.964792522393161434e-01
-1.056909692458266381e+00 2.941018071014415813e+00 -1.805977676173400048e-01
-1.010521542895518321e+00 2.956630616456283445e+00 -1.708010708646790221e-01
-9.632293733200441022e-01 2.972319212410399647e+00 -1.673630347811758123e-01
-9.157701023315569788e-01 2.987914386491892227e+00 -1.681849908510536229e-01
-8.684718687249667335e-01 3.002134914896334106e+00 -1.719003513341807732e-01
-8.209337790780035782e-01 3.013777989769216514e+00 -1.785722104328803517e-01
-9.734203170596089638e-01 2.957653749971458801e+00 -5.089696822444651492e-01
-9.315261036174001807e-01 2.971793603436773346e+00 -4.954594817943646090e-01
-8.897951551574705409e-01 2.985876929787707468e+00 -4.826106338871714585e-01
-8.477391947903296643e-01 3.000069808341980337e+00 -4.697184143509915977e-01
-8.051544946179529649e-01 3.014441047797986162e+00 -4.566966660223940599e-01
-7.620256274016670162e-01 3.028995879931123181e+00 -4.435297724042044365e-01
-7.163057831989114721e-01 3.041163533894946980e+00 -4.296992393978061320e-01
-6.712986831373004559e-01 3.048801972308385011e+00 -4.160233770075464910e-01
-6.298419715550815923e-01 3.055842601604028541e+00 -4.032815754052004875e-01
-9.750661853258685285e-01 2.957049154214955955e+00 -5.305004014338936535e-01
-9.377730752376814971e-01 2.969684034837592357e+00 -4.979585497257763560e-01
-8.963963225589894890e-01 2.983647640268463519e+00 -4.852988410886497905e-01
-8.568558369382318629e-01 2.996990929402511217e+00 -4.734673238139174845e-01
-8.208963987252212435e-01 3.009125497793673443e+00 -4.628204419967300032e-01
-7.882078874831384141e-01 3.020156201970765508e+00 -4.531782981905138619e-01
-7.521223804094501197e-01 3.032334495188087065e+00 -4.419881864612259514e-01
-7.135122965563642783e-01 3.041627720487341424e+00 -4.291525578375747774e-01
-6.729531976565029661e-01 3.048513472904240906e+00 -4.167608391810144197e-01
-2.412342161737178081e+00 1.882831036119826607e+00 -1.735922613552202343e+00
-2.418530395923637499e+00 1.879599942698482407e+00 -1.690507113373749259e+00
-2.411105572462094226e+00 1.883471412115762966e+00 -1.745049706524373745e+00
-2.414394222611310870e+00 1.881761086069292821e+00 -1.720847822433882124e+00
-2.418682834191394182e+00 1.879521288230275866e+00 -1.689379183088027814e+00
-2.423101408887025965e+00 1.877215876630347946e+00 -1.656934786286685890e+00
-2.149267092173041682e+00 2.213349708917601522e+00 -1.366460443185357976e+00
1.020810080445584189e+00 2.456391483916861684e+00 -4.359689636098536880e+00
1.035654022016577747e+00 2.440185576155393665e+00 -4.404573877386575020e+00
1.050405551830658979e+00 2.423946801467019352e+00 -4.449555887318925151e+00
1.064031036644172978e+00 2.405547152418110901e+00 -4.494022067355396999e+00
1.077769111905600097e+00 2.387285452087345217e+00 -4.538509573869168534e+00
1.092358877392169081e+00 2.368658738017150434e+00 -4.582852781032014988e+00
1.090796615238003753e+00 2.357346474172916651e+00 -4.628449178441766954e+00
1.089169378508804575e+00 2.345896776948911189e+00 -4.674185420799959800e+00
1.086856070401188479e+00 2.332907547601924314e+00 -4.719741522005480583e+00
1.033243751312501013e+00 2.453398643885252639e+00 -4.351962730666581791e+00
1.069112396868164172e+00 2.432994751322172799e+00 -4.380085832341895191e+00
1.109386032572396319e+00 2.410084253933543863e+00 -4.397188586018456746e+00
1.152868402830117267e+00 2.387116031109944636e+00 -4.405944489435617228e+00
1.197527869075409201e+00 2.365066626998876487e+00 -4.408465348283794327e+00
1.242228593450171781e+00 2.343120821209625504e+00 -4.405530805429002328e+00
1.285977767441800701e+00 2.320488696408312457e+00 -4.397722016611609774e+00
1.329424164068527370e+00 2.298474203725226594e+00 -4.387120225351333502e+00
1.372736332290590111e+00 2.277040835492456949e+00 -4.374708355772078505e+00
1.455247592336879503e+00 2.572619354906868772e+00 -2.707031382996044844e+00
1.481513797467687743e+00 2.562605527524933535e+00 -2.665630602090498957e+00
1.505588660802906764e+00 2.554097384027036899e+00 -2.622613356771553494e+00
1.530080865697543091e+00 2.545340430471075166e+00 -2.579616890919240735e+00
1.562692670354159485e+00 2.531510187390491051e+00 -2.543726783467317620e+00
1.602405415069595662e+00 2.511719645296832226e+00 -2.519234103131519742e+00
1.645611027158062845e+00 2.487512346665194496e+00 -2.507902651552327722e+00
1.686841037729125414e+00 2.459693329116179772e+00 -2.509359081117739088e+00
1.722589045660626983e+00 2.430620367055890352e+00 -2.521582600773999427e+00
1.457081275596134873e+00 2.569772956543684650e+00 -2.720385679132836909e+00
1.455272394114248247e+00 2.572581400676519525e+00 -2.707207884305456336e+00
1.494591154867546123e+00 2.552508039330073863e+00 -2.683689253230442606e+00
1.538097105864270286e+00 2.528335213582983521e+00 -2.672507009284705859e+00
1.581739344490983967e+00 2.502978760238428801e+00 -2.669671068546338510e+00
1.623742305672253528e+00 2.476205907285037977e+00 -2.672411061755703532e+00
1.663320443206247390e+00 2.449015616752972413e+00 -2.680320107038304034e+00
1.695891346605143513e+00 2.424014448483033046e+00 -2.702173044057931683e+00
1.723936847430432850e+00 2.398340875629202174e+00 -2.734673511783273003e+00
2.038373418464020315e+00 2.238991715936010873e+00 -2.097768624919484903e+00
2.072250065632868843e+00 2.208143030362809789e+00 -2.078117830042293335e+00
2.105985509616866480e+00 2.177298873996389883e+00 -2.058411635584658228e+00
2.139832093040029637e+00 2.146345171082545189e+00 -2.038693838013429627e+00
2.173694939206040733e+00 2.115376700640124508e+00 -2.018965859030267485e+00
2.207495428878697208e+00 2.084387661560207050e+00 -1.999255587352610108e+00
2.239922128982040128e+00 2.052041188986668541e+00 -1.979364653171490351e+00
2.272356950172983225e+00 2.019683920635459096e+00 -1.959492121550816979e+00
2.303638357434153683e+00 1.986448476122752549e+00 -1.939432253283074115e+00
2.033209488017652777e+00 2.244951300543736039e+00 -2.085080528892941487e+00
2.057143151615826060e+00 2.228254918463416168e+00 -2.044598142735540858e+00
2.073103972654399829e+00 2.219178360850572407e+00 -1.998196040228211068e+00
2.092483343913774885e+00 2.206466076877666715e+00 -1.953226143047484653e+00
2.105554757610141881e+00 2.200346517009572622e+00 -1.906393025901093718e+00
2.118224987748125621e+00 2.194420326192006776e+00 -1.860959993745628482e+00
2.129978224740161075e+00 2.188298608457452055e+00 -1.816981777578201784e+00
2.140921671325342057e+00 2.181759945018705515e+00 -1.774166023994291574e+00
2.151502137005899318e+00 2.175425795218177250e+00 -1.732873002757798542e+00
1.983114948041363679e+00 2.214863547445269365e+00 -2.578292873603042157e+00
1.998657049683300269e+00 2.193954234741039233e+00 -2.620944626136807898e+00
2.014427856606060718e+00 2.173317607430400589e+00 -2.663648520755805826e+00
2.029085610663493799e+00 2.151524709628242604e+00 -2.706130442396157409e+00
2.043263500140676481e+00 2.129268425170759649e+00 -2.748520489935929234e+00
2.057576791883434897e+00 2.106882158874704203e+00 -2.790903323713756823e+00
2.071894378751007793e+00 2.084493488547664253e+00 -2.833356327505006433e+00
2.086602255561161634e+00 2.062534106061717054e+00 -2.875879208680097943e+00
2.101276548393997246e+00 2.040608866306066638e+00 -2.918393057637733712e+00
1.992585831059800361e+00 2.208149847330813209e+00 -2.568910371401285531e+00
2.023690033135214339e+00 2.176832081227909388e+00 -2.592268799298958371e+00
2.058478904125262243e+00 2.143023069559063742e+00 -2.603888517213694520e+00
2.092651144179878742e+00 2.106889077368405250e+00 -2.606874499172648463e+00
2.127204749744494805e+00 2.071437941327820109e+00 -2.603494581807066055e+00
2.162145600921742794e+00 2.036525352847127657e+00 -2.594562889485916291e+00
2.196668183609133962e+00 2.002782827057594695e+00 -2.581306666698962804e+00
2.230814350197541263e+00 1.970031164175460203e+00 -2.565387848526556880e+00
2.262489582133571098e+00 1.936162493003200202e+00 -2.547264865534894174e+00
1.430704927126041914e+00 2.708603973881694937e+00 -1.639723941322457135e+00
1.450755658938610804e+00 2.702474585878003488e+00 -1.594041615390548783e+00
1.470929196108869741e+00 2.696730661679349161e+00 -1.548461472757284962e+00
1.490779664030731810e+00 2.690749005204524202e+00 -1.502981052498316261e+00
1.509565880237859758e+00 2.682842474994978854e+00 -1.457361963811401040e+00
1.528377708466940987e+00 2.674921264396915355e+00 -1.411745438258730223e+00
1.532540408733694237e+00 2.681015319609636904e+00 -1.271394523520053887e+00
1.676328543973035545e+00 2.600351257114779990e+00 -1.243868830500788780e+00
1.683076633218367535e+00 2.599798420522933196e+00 -1.196687235918814096e+00
1.441683947130008692e+00 2.702498607923462082e+00 -1.647748689504194397e+00
1.479407215812043042e+00 2.685726905047942203e+00 -1.619202320102261394e+00
1.521940445332454539e+00 2.665919722992477148e+00 -1.601750803622681740e+00
1.564622530925158017e+00 2.642048761684546054e+00 -1.592295664371039310e+00
1.605985676304062304e+00 2.614559898257983850e+00 -1.588930936369559621e+00
1.646996479698694005e+00 2.586778631187509170e+00 -1.591086158825979924e+00
1.688032628631486842e+00 2.559447148025753016e+00 -1.588373047619335843e+00
1.728190047139714913e+00 2.533938821875041825e+00 -1.572808558975121285e+00
1.765514454425840540e+00 2.511176156529631331e+00 -1.548475528521666478e+00
1.688618389214309401e+00 2.543104719053048246e+00 -1.788306024413694129e+00
1.729693756694081097e+00 2.516094692218597384e+00 -1.779812211738049044e+00
1.770850733720212400e+00 2.489034957742602749e+00 -1.771250122953456074e+00
1.811565238321397597e+00 2.461487762671842550e+00 -1.762596019617858056e+00
1.851619061609964367e+00 2.432971492427876026e+00 -1.753845074857529607e+00
1.891525594148915745e+00 2.403155582891291164e+00 -1.757597868740082614e+00
1.927514140885591587e+00 2.370554189521019595e+00 -1.769983759549476066e+00
1.963196723137399902e+00 2.338270486615634969e+00 -1.780799982707238049e+00
1.998538591417827526e+00 2.306483353641190170e+00 -1.789497561804628933e+00
1.688385182608899360e+00 2.542116955099957831e+00 -1.803178740493397436e+00
1.725760138329731852e+00 2.515437158290397157e+00 -1.822771466778798422e+00
1.757082457357805882e+00 2.491431190151034425e+00 -1.853044945887690309e+00
1.783176067002816056e+00 2.468220896132960362e+00 -1.888483487362252911e+00
1.805459281504623759e+00 2.447314703809273073e+00 -1.928383694100886281e+00
1.824245540647575492e+00 2.428840072725753529e+00 -1.971070552503794815e+00
1.839631012218231776e+00 2.412679387910636297e+00 -2.015934120974837374e+00
1.854762782029734547e+00 2.396326852735540136e+00 -2.060824398048221262e+00
1.868143651076069389e+00 2.378946303768225690e+00 -2.105265139326323087e+00
1.068269667525512778e+00 2.899899386971670712e+00 -1.291353733893059630e+00
1.040375469689974963e+00 2.912467591126565392e+00 -1.275588833211531936e+00
1.006505427117869944e+00 2.923357691095036515e+00 -1.256984671194481429e+00
9.693695491640295092e-01 2.935292452235611638e+00 -1.236683900219901044e+00
9.302185102103157632e-01 2.947875078517740999e+00 -1.215277350751745367e+00
8.898368498352360323e-01 2.960853416927641035e+00 -1.193194207336569779e+00
8.524055032201719451e-01 2.973548958096326356e+00 -1.160718248432268895e+00
8.139479404932044027e-01 2.986449590729742809e+00 -1.129931569688056303e+00
7.751247229323827703e-01 2.998453949082099168e+00 -1.100609277467484270e+00
1.079397193233732510e+00 2.894801697052351575e+00 -1.297619383898622525e+00
1.068566895437686126e+00 2.899763618868855364e+00 -1.291514106538142137e+00
1.058150020276869219e+00 2.904536105488801478e+00 -1.285642322068994536e+00
1.042149822893933431e+00 2.911881217774245911e+00 -1.276570574445188289e+00
1.027893198003079656e+00 2.916481855476956042e+00 -1.268716517267090227e+00
1.007724602586647311e+00 2.922963944232502609e+00 -1.257685920771405952e+00
9.890099366939822945e-01 2.928979117330171356e+00 -1.247443826194053251e+00
9.686719786034339030e-01 2.935515850712912211e+00 -1.236316771626839062e+00
9.475457125316526508e-01 2.942306020027649627e+00 -1.224757176495133715e+00
1.242312611933296340e+00 2.801707447083868097e+00 -1.657604908554253909e+00
1.265272373629848346e+00 2.793839025872842274e+00 -1.614159013741607751e+00
1.288349512488693005e+00 2.786435208310094058e+00 -1.570640513347969502e+00
1.311347872710568740e+00 2.779078095780623592e+00 -1.527048796912021222e+00
1.298389238481161057e+00 2.799903359456813678e+00 -1.325305940048683073e+00
1.327199371150258544e+00 2.787980193721499411e+00 -1.319052352721096444e+00
1.345357790285060196e+00 2.780463191706810111e+00 -1.315147545730873002e+00
1.350385335995633485e+00 2.778381751529646060e+00 -1.314069903090113955e+00
1.341977730000899260e+00 2.781861937816283437e+00 -1.315883038276500105e+00
1.230045232040880787e+00 2.808248072660994854e+00 -1.652390293235628249e+00
1.229802067794065312e+00 2.812762049666180264e+00 -1.602987888349286294e+00
1.217831982819896908e+00 2.821164658097028433e+00 -1.555664417638124686e+00
1.198436350011436113e+00 2.831952083088837835e+00 -1.511219820153430371e+00
1.173770046956036150e+00 2.844806212663570477e+00 -1.469938792954319062e+00
1.182372437634548357e+00 2.847611647662291467e+00 -1.355875765647203579e+00
2.455943791118321562e-01 2.622080413388946152e+00 -4.479727710733045321e+00
2.803579481269808937e-01 2.609648172235877528e+00 -4.513369459032606557e+00
3.151172698115916049e-01 2.597206888169115491e+00 -4.547053522293808214e+00
3.498904146658785019e-01 2.584763977925288891e+00 -4.580736381262616952e+00
3.844180461835030593e-01 2.571224828763870818e+00 -4.614086935735090655e+00
4.186693953818272362e-01 2.556268174278642391e+00 -4.647138632019359505e+00
4.528700329210304520e-01 2.541569836559623319e+00 -4.680288894354312390e+00
4.878632801014740061e-01 2.526722559110683441e+00 -4.713450065096692398e+00
5.226502933409918894e-01 2.511914944554411111e+00 -4.746604804852082360e+00
2.336320849976203651e-01 2.620803627395130508e+00 -4.488414619329039290e+00
2.448166799640303370e-01 2.607676432304193437e+00 -4.535291591281039203e+00
2.436570605977786963e-01 2.595085083368683154e+00 -4.583611712910133917e+00
2.341513386842395961e-01 2.583310020902547244e+00 -4.631177146853389104e+00
2.185994497371925582e-01 2.572765011224400933e+00 -4.677456835159599535e+00
1.978514003778797936e-01 2.563296227395782445e+00 -4.721838262299710820e+00
1.728586534010287112e-01 2.554611932510934214e+00 -4.764323549204866559e+00
1.455351190376103498e-01 2.546442198432987247e+00 -4.805429732639948881e+00
1.166389366834892638e-01 2.536293430016016703e+00 -4.844810036911034068e+00
-2.400749008615735425e-01 2.613473601109037592e+00 -4.511916722042473182e+00
-2.705444476817704391e-01 2.601956759782060313e+00 -4.549973198109480421e+00
-3.006741714356537254e-01 2.588916886163662223e+00 -4.587517628408990689e+00
-3.179159447945827943e-01 2.574637336396477849e+00 -4.632051133245136398e+00
-3.251828831022655630e-01 2.561583546085294483e+00 -4.679625934222205963e+00
-3.260219920566203022e-01 2.549390752871868671e+00 -4.727972047041950177e+00
-3.130430322225095652e-01 2.539068338592376683e+00 -4.775040579054509848e+00
-2.874538391323424036e-01 2.529659941335113071e+00 -4.816816027021667779e+00
-2.505488317581554547e-01 2.523796375010125104e+00 -4.849827290716604011e+00
-2.503691654047133786e-01 2.615000183181163784e+00 -4.501198101819534614e+00
-2.969228258017538868e-01 2.606951974304953623e+00 -4.517792513392597797e+00
-2.377905186634140744e+00 1.710811842883461331e+00 -2.912478850715003897e+00
-2.377363022191062658e+00 1.703687178194371210e+00 -2.948425516404851177e+00
-2.376745025808568279e+00 1.695568727594254588e+00 -2.989387523249914747e+00
-2.375341783119166994e+00 1.686314980033576161e+00 -3.033362789329016707e+00
-2.373272291884220841e+00 1.676174833571999701e+00 -3.079179542531889524e+00
-2.371159020667761741e+00 1.665757149961255790e+00 -3.126185979985312446e+00
-2.375016517433969465e+00 1.647040480383254568e+00 -3.172358723235579880e+00
-2.377717722489604668e+00 1.629790462815232877e+00 -3.219184409774437317e+00
-2.380073767370797011e+00 1.613815861013998987e+00 -3.266458462097570514e+00
-2.377744400398195346e+00 1.708723086788107359e+00 -2.923029007674837310e+00
-2.377111347251399831e+00 1.700405203706817581e+00 -2.964996475621874961e+00
-2.376462141342584378e+00 1.691881688415016294e+00 -3.008004616859177194e+00
-2.374513811039314692e+00 1.682331045172218875e+00 -3.051438103785402589e+00
-2.372513914200483853e+00 1.672479974828658511e+00 -3.095895711047215837e+00
-2.370458527162336182e+00 1.662349449280288605e+00 -3.141608276035273484e+00
-2.376154568814496493e+00 1.641348099492113688e+00 -3.186577206594815248e+00
-2.381201305575971539e+00 1.621177374048125897e+00 -3.232000914237897593e+00
-2.387889370751995255e+00 1.599979884454671319e+00 -3.276731482545892415e+00
-2.020732157640226401e+00 2.083089889496120950e+00 -3.102457807273242274e+00
-2.019632610270789108e+00 2.074866319382917101e+00 -3.141313857254166120e+00
-2.018574909136417350e+00 2.067269391672503343e+00 -3.177380517898557244e+00
-1.994273303847671430e+00 2.064075413172405060e+00 -3.290082762867056143e+00
-1.967898356053962683e+00 2.088176126291327872e+00 -3.297216368499874317e+00
-1.941592535328275249e+00 2.112221525872739925e+00 -3.304298465590094658e+00
-1.914921574130148407e+00 2.136600968909469600e+00 -3.311477700764321686e+00
-1.886661617562312321e+00 2.160368508803189425e+00 -3.318582806426112253e+00
-1.856341018778610019e+00 2.183266347531191087e+00 -3.325545626422605761e+00
-2.020984570213050890e+00 2.084894339145450637e+00 -3.093886284968045075e+00
-2.020238664109559323e+00 2.079128454498601286e+00 -3.121027523475331300e+00
-2.019412549509611132e+00 2.073160849220083257e+00 -3.149339543315516909e+00
-2.018403027838204356e+00 2.065902079089122712e+00 -3.183796298134329739e+00
-1.996555130452393412e+00 2.061994701830086374e+00 -3.289447382025914468e+00
-1.974059292925511189e+00 2.082551791437396105e+00 -3.295527620219206977e+00
-1.957214762624926552e+00 2.097950666765562744e+00 -3.300055132404885239e+00
-1.937408104907168527e+00 2.116055215498503284e+00 -3.305388147055143389e+00
-1.914046740804431490e+00 2.137409224315466538e+00 -3.311677311331056028e+00
-5.529990590062039413e-01 2.441779608180443262e+00 -4.975079878807359357e+00
-5.450032583447915746e-01 2.430380426486894230e+00 -5.023129640536159179e+00
-5.367327666131084252e-01 2.417975947517472690e+00 -5.070838660526676200e+00
-5.285106796271876739e-01 2.405599737504921620e+00 -5.118543906980516311e+00
-5.200257983541685114e-01 2.392032360782203160e+00 -5.165871306019006681e+00
-5.115333889508062448e-01 2.378474564081514586e+00 -5.213174297268567514e+00
-5.030213370059370970e-01 2.364841116918210417e+00 -5.260722741295830396e+00
-4.946021588554282422e-01 2.351891651883437628e+00 -5.308355521128771848e+00
-4.863566369732440497e-01 2.339619299789924778e+00 -5.356159791648017254e+00
-5.676539939548793656e-01 2.438911071507607886e+00 -4.974521846887395071e+00
-5.864952903356069891e-01 2.421181171341173943e+00 -5.017191877554975754e+00
-6.157027692985461709e-01 2.402380873108792780e+00 -5.052935275904292922e+00
-7.634750407918334814e-01 2.358471525701927973e+00 -5.067052075560362745e+00
-7.656303374224197045e-01 2.347464435715447717e+00 -5.097695636577776135e+00
-7.674004157574679796e-01 2.337832897165195600e+00 -5.124625646837733584e+00
-7.689205676992766358e-01 2.329564721041691655e+00 -5.147743031388750445e+00
-7.702891297975215101e-01 2.322123909843940126e+00 -5.168546620837173755e+00
-8.168882385881213182e-01 2.302792129100799112e+00 -5.179518798507719346e+00
-4.173765199766116818e-01 2.473185861093976978e+00 -4.958836209317032839e+00
-3.826214882172384035e-01 2.467954341403406637e+00 -4.994329659606670191e+00
-2.632413844879523679e-01 2.475912313380069119e+00 -5.023827327696018585e+00
-2.584159744496842825e-01 2.465007636740550012e+00 -5.066507106786022341e+00
-2.532229750343563124e-01 2.452564872057114265e+00 -5.111521880553627106e+00
-2.478934575452510503e-01 2.438681788609451395e+00 -5.156949288159947464e+00
-2.431815700994769125e-01 2.426380403495031590e+00 -5.197197507980201081e+00
-2.046077171735438682e-01 2.420722294283331966e+00 -5.228431957479172887e+00
-1.610322931574592054e-01 2.417305137376200452e+00 -5.252442002306039193e+00
-4.085596412570852709e-01 2.477914046110685220e+00 -4.947775106775107901e+00
-3.606886440803325211e-01 2.481343047205558427e+00 -4.961423162837964362e+00
-3.113181156139154249e-01 2.487613785107070541e+00 -4.962965600264020338e+00
-2.708659294127268580e-01 2.493562637052352926e+00 -4.954811048230357784e+00
-1.189493833487034635e+00 2.293218409545049408e+00 -4.681473356663942376e+00
-1.197548180157163245e+00 2.275182255566321032e+00 -4.727351088020255609e+00
-1.205217704345074248e+00 2.256656794876140015e+00 -4.773052576013620651e+00
-1.212803140958689685e+00 2.238180051780401580e+00 -4.818746392584688287e+00
-1.220510050804923807e+00 2.220119860288437330e+00 -4.864605244958954522e+00
-1.223514417749876459e+00 2.204446805382065389e+00 -4.911170571304785959e+00
-1.222899791053397855e+00 2.190601730893252608e+00 -4.958271641763388082e+00
-1.222283145594694087e+00 2.176733217292237121e+00 -5.005454238031713743e+00
-1.220967352461310718e+00 2.161627094901799495e+00 -5.052292168430126296e+00
-1.202252396181643812e+00 2.288860344118953449e+00 -4.675046573677816397e+00
-1.231693373384157075e+00 2.263052548877105608e+00 -4.706009830647984060e+00
-1.269335817663669763e+00 2.235833838485406400e+00 -4.726732433239203779e+00
-1.309469886428115348e+00 2.209086651839173410e+00 -4.740099939874581558e+00
-1.350634016035292762e+00 2.182349780640187031e+00 -4.747025531848780844e+00
-1.391848020666939023e+00 2.155175094588760221e+00 -4.748301996763118815e+00
-1.433065979384599009e+00 2.128173662954346845e+00 -4.744982622883605394e+00
-1.474929483108263994e+00 2.101649614625876517e+00 -4.738887412169470181e+00
-1.516666678817777614e+00 2.075603720883031578e+00 -4.730980036455977533e+00
-1.531190552232177149e+00 2.255327098798751262e+00 -4.074879259448722202e+00
-1.534765707430758352e+00 2.257627172255296966e+00 -4.057511851594853169e+00
-1.538168940760250347e+00 2.259712607314737554e+00 -4.041354663807858572e+00
-1.541588875202208220e+00 2.261817866512680020e+00 -4.025083611994427990e+00
-1.545019230958048828e+00 2.263728955652295038e+00 -4.007704377634986770e+00
-1.548623134049299521e+00 2.265646254437870599e+00 -3.988523117481789004e+00
-1.552649497934551315e+00 2.267787481539037753e+00 -3.967097011419868480e+00
-1.557156490864867848e+00 2.270185050772466351e+00 -3.943109975735266115e+00
-1.562174318212953494e+00 2.272854925013623628e+00 -3.916401717910030555e+00
-1.528281610401295953e+00 2.253522951536776286e+00 -4.088767637253552856e+00
-1.526617694970905381e+00 2.252600672829544681e+00 -4.096316325296522010e+00
-1.522412207847437138e+00 2.249959368640734869e+00 -4.116513975080129839e+00
-1.469070015211035862e+00 2.278692933792018760e+00 -4.141911847368216826e+00
-1.461389597763501635e+00 2.273853742042734716e+00 -4.182034927571161020e+00
-1.452802465039353619e+00 2.268474086460549266e+00 -4.226189959406700503e+00
-1.443284805031670670e+00 2.261651804847076619e+00 -4.270936586729003892e+00
-1.433805552192401134e+00 2.254857965099984707e+00 -4.315499519923067240e+00
-1.443704881624796599e+00 2.235306533250534855e+00 -4.360328183229375654e+00
-2.227857625078003778e+00 2.195318559789323221e+00 -7.536949995705750915e-02
-2.206250771087183704e+00 2.217088625164553850e+00 -3.605992213381346845e-02
-2.237088578309485598e+00 2.186226561090115261e+00 -6.797818296992808040e-02
-2.233671919138187079e+00 2.191848875061193525e+00 -1.826824784892590661e-02
-1.668281788348974226e+00 2.638724911184059607e+00 -1.288310242782788051e-01
-1.638916428878930631e+00 2.656398788786497267e+00 -9.003367657083653774e-02
-1.609798727327313550e+00 2.673920910792036754e+00 -5.138549437958842003e-02
-1.580913740333030448e+00 2.691301108663762598e+00 -1.292197135658672454e-02
-1.660136048568424227e+00 2.643962306310860377e+00 -1.401462268110333920e-01
-1.618193068248356070e+00 2.669802972487322901e+00 -1.240870453668954237e-01
-1.574661442086546126e+00 2.696821894763146155e+00 -1.205758825682325536e-01
-1.531682392432752948e+00 2.723634123824103970e+00 -1.260959031807111219e-01
-1.489916843440358019e+00 2.748069276849991471e+00 -1.374368111448090457e-01
-1.448339097924912666e+00 2.769314746360839408e+00 -1.543985168733516822e-01
-1.408136616568753885e+00 2.789703986678838454e+00 -1.752211814104215060e-01
-1.368691260765970918e+00 2.809639686119169699e+00 -1.976554776120789669e-01
-1.332066616778140089e+00 2.826018567358507649e+00 -2.247435625013284033e-01
-2.646018809957732199e+00 1.540200995434581444e+00 -1.690198575930216940e+00
-2.670833281075305266e+00 1.497059307190650390e+00 -1.694642476921974117e+00
-2.695655525077580883e+00 1.453904236035238107e+00 -1.699087024348010511e+00
-2.718979159243311461e+00 1.410035534938515855e+00 -1.703392118311255254e+00
-2.740112402112147461e+00 1.365303167540608653e+00 -1.707520137919034342e+00
-2.803575797594990426e+00 1.232740506552335358e+00 -1.710522978781182202e+00
-2.803241237924102069e+00 1.232558395463076995e+00 -1.714955272113227958e+00
-2.802926702880826237e+00 1.232344259000550890e+00 -1.719316822460018157e+00
-2.802606459838209219e+00 1.232128069283706884e+00 -1.723749217226691943e+00
-2.646699013747567886e+00 1.541641475034469355e+00 -1.675367594542156002e+00
-2.670811353798816068e+00 1.504542900766727476e+00 -1.652195541453188810e+00
-2.691532288242345583e+00 1.473803319820464530e+00 -1.618726957298372682e+00
-2.765082068218650324e+00 1.338491716579057744e+00 -1.579560636210747715e+00
-2.768125522190577392e+00 1.340271755638873019e+00 -1.538214468297833371e+00
-2.770709048270904695e+00 1.341837099979305226e+00 -1.494606374428910645e+00
-2.772947927347917840e+00 1.343213333740893800e+00 -1.449201863458370765e+00
-2.817448164654101639e+00 1.251088302248187567e+00 -1.428244959095074762e+00
-2.826596023215594666e+00 1.239302820097896607e+00 -1.380577868427414590e+00
-2.659641934612826386e+00 1.568288233356672334e+00 -1.315308215573398831e+00
-2.676364134289775265e+00 1.543273387839114941e+00 -1.275455532526705849e+00
-2.693763473727201596e+00 1.518640777142246545e+00 -1.235641372536110616e+00
-2.711162480108982198e+00 1.494007237636445273e+00 -1.195838176286353027e+00
-2.727768894148396850e+00 1.468975289864101530e+00 -1.155963260966005324e+00
-2.743511674668556832e+00 1.443260084752209238e+00 -1.116016600671332570e+00
-2.759234550416408194e+00 1.417583458802564866e+00 -1.076059057251070428e+00
-2.775075662643874619e+00 1.392179769243432341e+00 -1.035998935768572160e+00
-2.785898906834834321e+00 1.375297849436590170e+00 -9.902587660293659111e-01
-2.653390228289986830e+00 1.579815671064322080e+00 -1.308216899665729516e+00
-2.658215990872995427e+00 1.576971533999329766e+00 -1.258661976865899090e+00
-2.657286846567636029e+00 1.585327131124486755e+00 -1.209498959613529268e+00
-2.652205761497163916e+00 1.600613035950850360e+00 -1.162170309647929667e+00
-2.642508397410990195e+00 1.619936497199616854e+00 -1.117254621253214175e+00
-2.629689828137244945e+00 1.643118187928470419e+00 -1.075063191649391792e+00
-2.614893652215900754e+00 1.669220561234911804e+00 -1.035390977038336269e+00
-2.601360802412000961e+00 1.693836483976089102e+00 -9.940466697662216911e-01
-2.651471364003958886e+00 1.634767490163399728e+00 -7.315017117241977562e-01
-2.668298101878499917e+00 1.607897414714747786e+00 -6.928927870394807620e-01
-2.685864838813311284e+00 1.579820097955012326e+00 -6.543975902843099934e-01
-2.703305192734476670e+00 1.551948421794389521e+00 -6.159213724338367113e-01
-2.721357657637423433e+00 1.524782809184441756e+00 -5.772723625572543371e-01
-2.738916605350500966e+00 1.497818112728987572e+00 -5.388256074230627357e-01
-2.755295381539623722e+00 1.470421708158343943e+00 -5.003838444332207036e-01
-2.771607865005888183e+00 1.442941826944956540e+00 -4.619597365088690122e-01
-2.786415526108763974e+00 1.414696024055230650e+00 -4.234847184174128643e-01
-2.656620562537203689e+00 1.626221717246264964e+00 -7.425930724554704598e-01
-2.681392329754618054e+00 1.586094195728085632e+00 -7.261741796592909859e-01
-2.707454733929843371e+00 1.543690269443951379e+00 -7.220627579197089752e-01
-2.731527502817467923e+00 1.500193423191872988e+00 -7.268406982344052247e-01
-2.735418845927250153e+00 1.490332178951719211e+00 -7.642837584989031763e-01
-2.745641809797195965e+00 1.469402435413542207e+00 -7.980376789562528828e-01
-2.756376007331219125e+00 1.447429466621558136e+00 -8.334349566205214721e-01
-2.765301621727929149e+00 1.429166072191704773e+00 -8.627722300525143551e-01
-2.770813639124261041e+00 1.416847867523378879e+00 -8.827120128336184424e-01
-2.400299363748781278e+00 1.994634084511935690e+00 -6.005392548772240380e-01
-2.395865814967972351e+00 2.002046336993370090e+00 -5.513079924446844249e-01
-2.390755368627904165e+00 2.005044694237517966e+00 -6.052273639984189213e-01
-2.369900889099834096e+00 2.030193906931864412e+00 -5.675550253434238357e-01
1.084468261697723257e+00 2.319364826449702210e+00 -4.767202700610636334e+00
1.087472463983555571e+00 2.303388792993654732e+00 -4.814452466041833745e+00
1.089908021319328624e+00 2.287647715127918424e+00 -4.861861081257923267e+00
1.092296711519099572e+00 2.272516546910757995e+00 -4.909467302784948473e+00
1.094377528548209577e+00 2.257497408267305605e+00 -4.957176593392569330e+00
1.096192937223050112e+00 2.242371981803802594e+00 -5.004777760910941176e+00
1.097321269774027552e+00 2.226030087371728250e+00 -5.051993325534224866e+00
1.098459580390265922e+00 2.209870123258750763e+00 -5.099283480689994263e+00
1.099573819779383177e+00 2.193773946211447612e+00 -5.146596983698774608e+00
1.084686284807427459e+00 2.320578090573011121e+00 -4.762944590907213005e+00
1.105181503038792368e+00 2.298727731461660539e+00 -4.802967177935970611e+00
1.136021662131244891e+00 2.274798833802549769e+00 -4.834193147316904415e+00
1.173201054271010069e+00 2.250528638130774528e+00 -4.857090702176953378e+00
1.211629877595888694e+00 2.223374640551145198e+00 -4.873614772634581982e+00
1.252467689060399403e+00 2.196567011422197346e+00 -4.883373297403117874e+00
1.368175872355985589e+00 2.123722208911713150e+00 -4.896328341600691303e+00
1.368643096042043483e+00 2.124189502661001150e+00 -4.894115915587482490e+00
1.369808936610141803e+00 2.125195433171540138e+00 -4.889052163984950461e+00
1.413358517604152098e+00 2.257640623352001885e+00 -4.353208772386611081e+00
1.453951930607749077e+00 2.238111509083365203e+00 -4.331708660648659226e+00
1.493595482965252241e+00 2.217340901703841460e+00 -4.309805720985217192e+00
1.533169559985956720e+00 2.196358815873342696e+00 -4.287819400847405760e+00
1.571992722041420487e+00 2.174420617908344511e+00 -4.265593992610241969e+00
1.610288373864602551e+00 2.151817413211831287e+00 -4.243163452282558090e+00
1.648826720126294720e+00 2.129039460865359779e+00 -4.220707526932184983e+00
1.687258735815332589e+00 2.106344820920229122e+00 -4.198237700138836459e+00
1.725062722714629126e+00 2.083094595721668441e+00 -4.175578543466255788e+00
1.415616889776156517e+00 2.252694080989411596e+00 -4.367111680459630385e+00
1.456450025473168264e+00 2.224740218171015194e+00 -4.372078684274956828e+00
1.492452265014133417e+00 2.194842319141327991e+00 -4.388682147131109268e+00
1.525094161270909021e+00 2.165307134523585475e+00 -4.411957567968947558e+00
1.554277315896200440e+00 2.136903059325634402e+00 -4.440743341971367109e+00
1.580088768907614405e+00 2.109430401668168198e+00 -4.473315190447435974e+00
1.601548185574227068e+00 2.081415587139745504e+00 -4.508558531780621159e+00
1.682956338769990623e+00 2.008605355870396014e+00 -4.533309200296677943e+00
1.682376022085718015e+00 1.996254990384956907e+00 -4.575902193235662274e+00
1.749635753787723846e+00 2.406451577191194069e+00 -2.549948097464751928e+00
1.780783237044780476e+00 2.379131689785262793e+00 -2.579261976341860496e+00
1.811510692633228059e+00 2.352104488953102646e+00 -2.608732613603029549e+00
1.842047877161891778e+00 2.325250389646893900e+00 -2.637978892458900937e+00
1.876858568451909459e+00 2.294872383216953970e+00 -2.656187984911207778e+00
1.903871427724883603e+00 2.266409146032774213e+00 -2.686346012435502306e+00
1.921851276890281124e+00 2.244193518630948070e+00 -2.726841227399142031e+00
1.929605986549394636e+00 2.229920453498020372e+00 -2.773602529542175343e+00
1.926938742869261478e+00 2.223995869305210427e+00 -2.822720940128389255e+00
1.755828746015095643e+00 2.403627931419135333e+00 -2.536761196826175624e+00
1.796058242444190212e+00 2.373105341659070167e+00 -2.539896992141063237e+00
1.835901577234410942e+00 2.344583243937585770e+00 -2.530554493364743252e+00
1.741424278829498240e+00 2.378966490822052027e+00 -2.777274019117911497e+00
1.758692475300260849e+00 2.359634851912067788e+00 -2.819860045407875937e+00
1.774553090064610039e+00 2.338823885615398002e+00 -2.862252314170673717e+00
1.790573779497474094e+00 2.318792729740566827e+00 -2.904743079256153049e+00
1.795365528753213091e+00 2.306825313104973407e+00 -2.952794067070833695e+00
1.791675518842065440e+00 2.301344989993871604e+00 -3.002371680591489955e+00
1.780875524732984605e+00 2.299543671163850611e+00 -3.051179097994464851e+00
1.766033383399474577e+00 2.300926623316140951e+00 -3.098917024782249285e+00
1.748986961205587276e+00 2.304951502026001187e+00 -3.145746094311777874e+00
1.751346790527370079e+00 2.373027822601370573e+00 -2.767905843924191700e+00
1.784598556035617234e+00 2.344344941272080263e+00 -2.791102163352019438e+00
1.820990418345157069e+00 2.312976411077875216e+00 -2.802312343159559571e+00
2.332400707272096252e+00 1.955661712941406671e+00 -1.912678001422806195e+00
2.361176765505901276e+00 1.924862706427474368e+00 -1.885895950609266958e+00
2.388442228264030742e+00 1.893032232179300944e+00 -1.859032145756082555e+00
2.415352542349061604e+00 1.861082083186530678e+00 -1.832146701017945301e+00
2.442571572271696301e+00 1.828736736234422677e+00 -1.805186219287299387e+00
2.469752275420479926e+00 1.796443186380326296e+00 -1.778212795636503696e+00
2.497101227876542762e+00 1.764381496169220576e+00 -1.751219280161971703e+00
2.523703513350775474e+00 1.731912967681104920e+00 -1.724202219646329803e+00
2.548895023571195573e+00 1.698481187524998992e+00 -1.697030455852559738e+00
2.335175405459264830e+00 1.950087940299408684e+00 -1.926221330831395129e+00
2.366826906511346973e+00 1.911507283725229822e+00 -1.925893731734361847e+00
2.396223079158289249e+00 1.873128976610649365e+00 -1.938095585165606982e+00
2.422893076840503923e+00 1.835799372358948522e+00 -1.957573475591374512e+00
2.447446844666375743e+00 1.800530801467885800e+00 -1.982842043185967018e+00
2.467598730539340757e+00 1.765629701758366865e+00 -2.012143194106576161e+00
2.485905863882122979e+00 1.732883650340544035e+00 -2.045094785118235503e+00
2.503726805589908011e+00 1.702036349118623670e+00 -2.080260305023289291e+00
2.520719039840371600e+00 1.672288778030114775e+00 -2.116664104408623626e+00
2.162777964185991220e+00 2.168667622059263334e+00 -1.688930321055142070e+00
2.134796405286814469e+00 2.202584553966006276e+00 -1.625455573552976318e+00
2.147508257739264348e+00 2.195565632308556836e+00 -1.581850018722656070e+00
2.160343536325656899e+00 2.188423969833627414e+00 -1.538399869132481390e+00
2.172890556063334699e+00 2.180742687222145815e+00 -1.494558137097213635e+00
2.184381901585517927e+00 2.171828586426016283e+00 -1.450118698852301380e+00
2.195966921318752263e+00 2.162851173449383158e+00 -1.405135777567706246e+00
2.207676016653767448e+00 2.153777059422755880e+00 -1.359681802551580221e+00
2.210829743148199800e+00 2.153323443216585975e+00 -1.308873064054902002e+00
2.160807214783369901e+00 2.169860769473316520e+00 -1.696511103636530793e+00
2.128121427290128764e+00 2.206275653977227247e+00 -1.648294769655797687e+00
2.133328327354508502e+00 2.203422272956065964e+00 -1.630204082532494381e+00
2.136770505803066822e+00 2.201503860175906269e+00 -1.618585018997293457e+00
2.142607741292998025e+00 2.198256351999354319e+00 -1.598820692351477391e+00
2.146205859537674954e+00 2.196254132578747242e+00 -1.586642359812948433e+00
2.147809175097682655e+00 2.195359517559829499e+00 -1.581241472045926022e+00
2.149703569822960070e+00 2.194304068219265602e+00 -1.574843294728434540e+00
2.154264347107996969e+00 2.191766136948350763e+00 -1.559407003076622944e+00
2.118801715475573832e+00 2.013148120330774837e+00 -2.956200186952671061e+00
2.136178796616402753e+00 1.985561130057838408e+00 -2.994027150729065667e+00
2.153614218633912891e+00 1.957904941488894490e+00 -3.031879766801067966e+00
2.171119025429939509e+00 1.930326223682274245e+00 -3.069798967763090580e+00
2.188954906480542473e+00 1.903094456796878164e+00 -3.107766757820066506e+00
2.205933614208877458e+00 1.875167164347071758e+00 -3.145539248807049493e+00
2.222151952419751275e+00 1.846561685370693207e+00 -3.183161914448929597e+00
2.238394781618224805e+00 1.817926551883894737e+00 -3.220788170936826678e+00
2.254436123334163877e+00 1.789229760815352677e+00 -3.258399690212589128e+00
2.109302582028559581e+00 2.021666215372107889e+00 -2.963918245054790290e+00
2.108916000619520670e+00 2.010818132793767532e+00 -3.012673987494865813e+00
2.099986114668043413e+00 2.009151008029161467e+00 -3.061793963129312068e+00
2.085940056699197243e+00 2.014255051239474348e+00 -3.109502325178601811e+00
2.068076349727356877e+00 2.024067798315508426e+00 -3.155154274390960190e+00
2.045549710751376260e+00 2.036573224499815371e+00 -3.197923701163988053e+00
2.020513069560571306e+00 2.051814908096758039e+00 -3.238398538971906326e+00
1.994076933076200264e+00 2.068831446257118678e+00 -3.277256364231207364e+00
1.966765691628454160e+00 2.087053088760392860e+00 -3.314956240439599799e+00
2.291293519474243201e+00 1.905596495817209801e+00 -2.520374962177994504e+00
2.320119704571564245e+00 1.875009715225333551e+00 -2.493450437714125112e+00
2.349762805730004178e+00 1.843416655192035236e+00 -2.466446660970153637e+00
2.378510770083857917e+00 1.812137418928574384e+00 -2.439593279218157384e+00
2.406015808880946683e+00 1.780337101841072078e+00 -2.412550644950367307e+00
2.458569222743351546e+00 1.712685209206702419e+00 -2.392091835958934265e+00
2.462737679582871930e+00 1.711486071656219021e+00 -2.369747427996550471e+00
2.464382180350343621e+00 1.711012487563292384e+00 -2.360934579300825398e+00
2.463249197435235960e+00 1.711339115302926928e+00 -2.367004664217756460e+00
2.293791120799856920e+00 1.899726710290682963e+00 -2.533826969824879427e+00
2.325968230144590532e+00 1.859599556064658987e+00 -2.533114037346398284e+00
2.355638309990318646e+00 1.820115986316733769e+00 -2.544629304688978966e+00
2.382314396060632333e+00 1.782817833462884805e+00 -2.564894825282026503e+00
2.405332464743197729e+00 1.747082106049367978e+00 -2.590470465483203366e+00
2.424875032547591847e+00 1.712620979705042012e+00 -2.620255346037831945e+00
2.442542905989681934e+00 1.679793915085461053e+00 -2.653446360641015023e+00
2.458730544858493072e+00 1.648287976454328119e+00 -2.688620478817344228e+00
2.471636095588249038e+00 1.620778701004860434e+00 -2.728213205739901337e+00
1.688845394057407967e+00 2.597589337042552682e+00 -1.147928086162388173e+00
1.694599619279520741e+00 2.595399768458913847e+00 -1.098815192640502980e+00
1.700381832027284323e+00 2.593198501458735539e+00 -1.049499256708933181e+00
1.706181456961168630e+00 2.590989773937239615e+00 -1.000063234048071514e+00
1.715281341120584280e+00 2.586687092342613958e+00 -9.510976212684540965e-01
1.723942696281033582e+00 2.582663642180769159e+00 -9.020355790600081969e-01
1.732352470727616778e+00 2.578800300674162660e+00 -8.529210954046146931e-01
1.740975855084895718e+00 2.575594441152916136e+00 -8.035539202075449028e-01
1.749748039717210268e+00 2.572921063409113529e+00 -7.541997615576137015e-01
1.688299723872735525e+00 2.597792556300156708e+00 -1.152736337366057073e+00
1.693251573566422419e+00 2.595900665406918328e+00 -1.110732784225555436e+00
1.697450389737300780e+00 2.594290899796227734e+00 -1.075307309017222046e+00
1.701630303856230597e+00 2.592698231606341164e+00 -1.039704729874294298e+00
1.706397352099639164e+00 2.590886891609297304e+00 -9.989288925198953617e-01
1.734860184154135343e+00 2.574051514101802329e+00 -9.611716956006817192e-01
1.770025998987235116e+00 2.552726520607815353e+00 -9.324574504917032547e-01
1.808952255121095032e+00 2.528785582956722511e+00 -9.121383839057775056e-01
1.847827723210841544e+00 2.501552456524373635e+00 -8.971216974409822464e-01
1.803178300119849808e+00 2.488103084256661823e+00 -1.524999491931030571e+00
1.839928389639382544e+00 2.464011074836899517e+00 -1.501529926554482364e+00
1.875925586486798302e+00 2.438789824078869461e+00 -1.477977431573100686e+00
1.911949030937153404e+00 2.413546977791902748e+00 -1.454457853053606309e+00
1.946767181213677977e+00 2.387704911172268574e+00 -1.430696097989991644e+00
1.980348255255935941e+00 2.360726496583307021e+00 -1.406331364097050063e+00
2.008407940574023165e+00 2.339760944293273859e+00 -1.371201432556943933e+00
2.028059102587012941e+00 2.327146939431558259e+00 -1.327221095593549949e+00
2.037131724893550544e+00 2.324289769996883859e+00 -1.278706666869131592e+00
1.796312306470803533e+00 2.493863398429326139e+00 -1.513071291032844989e+00
1.818701625657729526e+00 2.481772267123979248e+00 -1.470274621899076317e+00
1.831172857206043947e+00 2.475571168251915477e+00 -1.422471410346530352e+00
1.837122125883950741e+00 2.474321622346079774e+00 -1.372966218922057502e+00
1.837935991159763471e+00 2.476904154977574990e+00 -1.323164505005914426e+00
7.316137623946388224e-01 3.009559706041342153e+00 -1.078347734023343607e+00
6.880808804061742112e-01 3.020669763785084339e+00 -1.056144465160918644e+00
6.445667538526740348e-01 3.031775026861257771e+00 -1.033951195957698355e+00
6.005057131535934678e-01 3.043014630671542431e+00 -1.011760152390331680e+00
5.566985393897618817e-01 3.054191760390473576e+00 -9.895742884048721599e-01
5.130528087014186722e-01 3.063125143537141604e+00 -9.671159105794653321e-01
4.692168152851053375e-01 3.071256178929048453e+00 -9.446303956324068052e-01
4.255840756136982650e-01 3.079370193709886738e+00 -9.222931423314260080e-01
3.815450584193761374e-01 3.083331695255601801e+00 -8.997895387228498354e-01
7.400020623879826065e-01 3.007724783316185313e+00 -1.066206512386783656e+00
7.142005699654605522e-01 3.014849721477422584e+00 -1.024051563054763525e+00
6.994045290182042685e-01 3.019367400690700087e+00 -9.766953298144064322e-01
6.914634962849998123e-01 3.022236854853963095e+00 -9.274001751805509564e-01
6.895788936450122364e-01 3.023627228459760286e+00 -8.776195130157563584e-01
6.932242361376026452e-01 3.024234158666750272e+00 -8.273359201794964202e-01
7.012635124845498780e-01 3.025215312956920588e+00 -7.777256645566290594e-01
7.118156739033684177e-01 3.025543426441909212e+00 -7.286773665622460205e-01
7.029550207829949882e-01 3.030898274251339064e+00 -6.755926316899559803e-01
1.314552924325218530e+00 2.793215350409333553e+00 -1.321773020708314039e+00
1.284507109184106932e+00 2.805652137477806285e+00 -1.328255519923839501e+00
1.325920902131605628e+00 2.788510010716275467e+00 -1.319317196095759703e+00
1.311166542099022614e+00 2.794617128493669611e+00 -1.322502560045639264e+00
1.295534716370555950e+00 2.801087502444167932e+00 -1.325876376004100576e+00
1.280120105845039102e+00 2.807467926163990768e+00 -1.329204012579453531e+00
5.615208968203128093e-01 2.495964973107426044e+00 -4.773499797245071896e+00
6.002789200664181424e-01 2.479083825112867956e+00 -4.800142867610486697e+00
6.390311960546293246e-01 2.462199024436019901e+00 -4.826803449966376114e+00
6.777544610874114417e-01 2.445315636754163080e+00 -4.853483218192534920e+00
7.163744563012554023e-01 2.428228270067338990e+00 -4.880120416441613429e+00
7.539584842336861659e-01 2.407827973507136843e+00 -4.905841071018486765e+00
7.914515953705744122e-01 2.387453847912625715e+00 -4.931574959326256113e+00
8.207044674168576526e-01 2.367327603962570581e+00 -4.966553286809529233e+00
8.379491004926319375e-01 2.349128066705183926e+00 -5.009488757205986964e+00
5.510083979738242821e-01 2.495405960086944486e+00 -4.784186226429534727e+00
5.685509353112341291e-01 2.478711194891219716e+00 -4.827812618785925380e+00
5.741949777192647542e-01 2.463799863846914739e+00 -4.875110393520730945e+00
5.718602799627737765e-01 2.451032065528842008e+00 -4.923364187616938281e+00
5.725241205184828930e-01 2.437958761204416902e+00 -4.970258716592192982e+00
5.749978196725967772e-01 2.425015283411903422e+00 -5.015116519827443220e+00
5.774112784697706946e-01 2.412399993841448875e+00 -5.058834785255474920e+00
5.796835706772996977e-01 2.399985122048571284e+00 -5.100954362774945849e+00
5.814860009438158617e-01 2.386196151961559320e+00 -5.141563295212506546e+00
8.043288077699002614e-02 2.527658870774138311e+00 -4.877912787959381546e+00
4.269587267781010248e-02 2.519364203828831084e+00 -4.910801608176785571e+00
5.129477485226004684e-03 2.511098861356324097e+00 -4.943677542407550973e+00
-3.225999533577814798e-02 2.502837515810320657e+00 -4.976527110392632736e+00
-6.898341206192787345e-02 2.492523374674965986e+00 -5.008575091301570303e+00
-9.647708971593059457e-02 2.479371053513523382e+00 -5.047873721331892938e+00
9.214087655818681277e-02 2.525006528724313526e+00 -4.886789525768387321e+00
7.923451196772912652e-02 2.512569834105889299e+00 -4.933381089903392080e+00
7.890543099404373484e-02 2.499463445999634992e+00 -4.981606366095308047e+00
8.553368831640911774e-02 2.486353516644236539e+00 -5.029385907007577039e+00
9.859343433660955336e-02 2.471979027836194387e+00 -5.075348398087701440e+00
1.161632380919324220e-01 2.457264449262367645e+00 -5.119624171180685579e+00
1.379783308452010304e-01 2.443401786633421668e+00 -5.162275448654621179e+00
1.627294285731167856e-01 2.429928806375507122e+00 -5.203718004897374350e+00
1.917815551570178911e-01 2.416950899159178157e+00 -5.242370623072145186e+00
-2.038562385426461732e-01 2.523205435762851057e+00 -4.867458064883097180e+00
-1.571167884566088968e-01 2.522743184902527247e+00 -4.885077156071756299e+00
-1.103663687705088992e-01 2.522415343702919088e+00 -4.902725200472376699e+00
-1.821927141260418104e+00 2.209261290985324422e+00 -3.333419220956472806e+00
-1.786051357599230505e+00 2.232614848420662934e+00 -3.360174729991360465e+00
-1.749658246597807443e+00 2.256746276646998339e+00 -3.385131780963985371e+00
-1.712887988627822766e+00 2.280717022047925813e+00 -3.408987733269762010e+00
-1.674840702443228135e+00 2.303397644924582099e+00 -3.432023493639527079e+00
-1.582237981050347964e+00 2.364636484939168781e+00 -3.448045636359784005e+00
-1.576548974892994170e+00 2.362310800768183228e+00 -3.480067573410194015e+00
-1.569676960741584804e+00 2.359442072486920061e+00 -3.519062967410458320e+00
-1.561757322983836627e+00 2.356133116921095727e+00 -3.564018455666204233e+00
-1.829026505277167258e+00 2.203898600674361496e+00 -3.331795437901909906e+00
-1.807342350221063487e+00 2.220275846273847886e+00 -3.336767210721887089e+00
-1.780859946372406855e+00 2.233274489378812788e+00 -3.377513785686950598e+00
-1.757377695585523147e+00 2.243425226528029004e+00 -3.420454386872725294e+00
-1.740207052646530084e+00 2.247204020222759446e+00 -3.467110645123140600e+00
-1.729846581126092353e+00 2.243596590168156713e+00 -3.515784220657769854e+00
-1.724003095802600916e+00 2.236750494071328976e+00 -3.564958932631554056e+00
-1.723464031092172499e+00 2.226692805765037253e+00 -3.613960636250689529e+00
-1.725896624353571385e+00 2.214562087351768405e+00 -3.662446358425127002e+00
-4.708437497256444670e-01 2.328348006502128253e+00 -5.402322452534716213e+00
-4.552070488847806407e-01 2.316214373209995347e+00 -5.448226478796013517e+00
-4.393858522258285437e-01 2.303347888812436572e+00 -5.493845249574836664e+00
-4.236425802107040006e-01 2.290809446517067638e+00 -5.539609263404468464e+00
-4.078266554148263778e-01 2.277712422507948364e+00 -5.585161359267629244e+00
-3.918776609422544577e-01 2.263880912061637218e+00 -5.630462467936290238e+00
-3.756260754610254438e-01 2.250090192027990543e+00 -5.675793911432539751e+00
-3.594401284812683284e-01 2.236427729561363265e+00 -5.721142821105437370e+00
-3.433118214893472464e-01 2.222932140712971627e+00 -5.766553203244150438e+00
-4.853342356586439754e-01 2.325125233525227042e+00 -5.403997544816189880e+00
-4.971478753469787959e-01 2.306850343808954928e+00 -5.448968064265180544e+00
-5.205745390183360577e-01 2.287507754182460662e+00 -5.488612258198926952e+00
-5.501217150079501517e-01 2.268481219989792574e+00 -5.524249719901195732e+00
-5.843644633867391969e-01 2.250002073336225816e+00 -5.555479588384199197e+00
-6.214259727938185041e-01 2.229951637382672214e+00 -5.582231091987516436e+00
-6.611132438502155262e-01 2.210434986731259599e+00 -5.605350259651155298e+00
-7.020969503673886170e-01 2.190502112598611717e+00 -5.625769720656709438e+00
-7.434226163929004150e-01 2.169635828673030620e+00 -5.644039342063463138e+00
-8.604314793944710660e-01 2.282775819494895941e+00 -5.195454551228151807e+00
-9.029539018623128355e-01 2.261930576162168638e+00 -5.210889500811834552e+00
-9.442839951511282637e-01 2.239053175276329632e+00 -5.225634502444925111e+00
-9.852751497387730595e-01 2.215492548159303077e+00 -5.240158937984504384e+00
-1.026745288626489616e+00 2.191849299205144597e+00 -5.254740226939381920e+00
-1.068225451112709390e+00 2.168196091718682883e+00 -5.269337812350246786e+00
-1.101094173339615123e+00 2.142198785998516097e+00 -5.296328761644067740e+00
-1.124199352233233196e+00 2.116702397758793985e+00 -5.332370589911691994e+00
-1.149104488775869237e+00 2.070780920712153250e+00 -5.421302062849899350e+00
-8.642471827534374818e-01 2.285613288192181791e+00 -5.181303563145629454e+00
-9.105292059619335410e-01 2.271476052953663949e+00 -5.169885427108082965e+00
-9.536919723331825915e-01 2.261609992879304976e+00 -5.147013200998128646e+00
-9.933039401404116786e-01 2.253594885264065262e+00 -5.117796328341342793e+00
-1.029474384267820231e+00 2.248495615071363307e+00 -5.083835537342122457e+00
-1.061748227322647731e+00 2.244305391207876532e+00 -5.046026423317116816e+00
-1.085127932297157205e+00 2.246881919691998242e+00 -5.002116697597322137e+00
-1.096066877552047458e+00 2.256941616305744525e+00 -4.954656805090000837e+00
-1.093487869451152061e+00 2.273533927230152241e+00 -4.907911472376543571e+00
-1.171479603063409897e-01 2.412445871874192793e+00 -5.275646730426676534e+00
-7.316711320743693459e-02 2.406472151701407380e+00 -5.298490956992328194e+00
-2.917743736456817477e-02 2.400504917462072729e+00 -5.321314732598835917e+00
1.483704642486658939e-02 2.394550047751056621e+00 -5.344100134884109288e+00
5.699129275633034453e-02 2.385207740125392384e+00 -5.369012587000296932e+00
8.918610942850960233e-02 2.372383109385313826e+00 -5.404736902360217421e+00
1.106414308222052195e-01 2.357877649377814855e+00 -5.447275111663949509e+00
1.236532103364925000e-01 2.341931064012591879e+00 -5.492606289483199511e+00
1.308461606636563967e-01 2.325609760501339274e+00 -5.539179575085555030e+00
-1.121179108987407774e-01 2.416673967655190491e+00 -5.262259228128127297e+00
-6.235279756497991849e-02 2.418734490071997367e+00 -5.259374201054586528e+00
-1.503107701706440230e-02 2.424376238828532593e+00 -5.244634222994860373e+00
2.910213618365893942e-02 2.431794550315763637e+00 -5.222867707120894210e+00
-1.219354692575292276e+00 2.145803607147476644e+00 -5.099322555326260442e+00
-1.221833008010144939e+00 2.127781276510510189e+00 -5.145940021437644063e+00
-1.223905871128159184e+00 2.109955476656562912e+00 -5.192658488470895506e+00
-1.226017297351871038e+00 2.092336306377967414e+00 -5.239513005186388739e+00
-1.240713690112178469e+00 2.069396054200334678e+00 -5.281599212575518898e+00
-1.275796204280715385e+00 2.015131744230662658e+00 -5.368102704699630578e+00
-1.381575792090990129e+00 1.937929433750406272e+00 -5.389582047470965698e+00
-1.378630764703322020e+00 1.932120486229213840e+00 -5.408517270386129283e+00
-1.376295600678922426e+00 1.927709338092197244e+00 -5.423064883136500924e+00
-1.219486682450110937e+00 2.147027844920651241e+00 -5.095672262511052431e+00
-1.237886721252724032e+00 2.122396046677767600e+00 -5.135211864489272138e+00
-1.266293709933082212e+00 2.095120392479635996e+00 -5.166062045804129532e+00
-1.301558773770722821e+00 2.067208377876430081e+00 -5.187656038849428164e+00
-1.337994313886175846e+00 2.037061986482182618e+00 -5.203131905367273546e+00
-1.377208564646316580e+00 2.006959198641560693e+00 -5.209420720969461627e+00
-1.417881225044957061e+00 1.978198159065116979e+00 -5.209107477136551090e+00
-1.459126506362630415e+00 1.953934486815460225e+00 -5.195174321668831752e+00
-1.498617292490622033e+00 1.934464029450445599e+00 -5.171705407918992137e+00
-1.557246071488138206e+00 2.046797138552402195e+00 -4.727881131914600132e+00
-1.596430064535030890e+00 2.016281486699474712e+00 -4.724157365056781188e+00
-1.718190181229777735e+00 1.921189642441959888e+00 -4.705908700153683455e+00
-1.718054083346311156e+00 1.920426751372003249e+00 -4.708637636913500124e+00
-1.717943827788878552e+00 1.919674351805705781e+00 -4.711263732209272526e+00
-1.717829863285133651e+00 1.918911660555435494e+00 -4.713931745018899555e+00
-1.717707652694684839e+00 1.918107100464380377e+00 -4.716751643308747965e+00
-1.717573407093093474e+00 1.917234460313931077e+00 -4.719814770158902384e+00
-1.717423733508055550e+00 1.916270551121242116e+00 -4.723202048006900355e+00
-1.556754805729469116e+00 2.051439373313724612e+00 -4.713737732703339844e+00
-1.592987574141015106e+00 2.032711174327431536e+00 -4.685109598824718447e+00
-1.623480436713483188e+00 2.020652158362611139e+00 -4.647613126571491726e+00
-1.651287467779961604e+00 2.011833441221468899e+00 -4.607163075537079600e+00
-1.676618884089160488e+00 2.003430301594764096e+00 -4.565028485911179601e+00
-1.695190498951599567e+00 2.002800819740648830e+00 -4.518723352954202355e+00
-1.708721493994448837e+00 2.007161849954196775e+00 -4.470850011630087550e+00
-1.718846906616709358e+00 2.014470461759866105e+00 -4.422540899124927982e+00
-1.726140628134092081e+00 2.023103290530230858e+00 -4.373908175410164745e+00
-1.602421533090363504e+00 2.250145213081079287e+00 -3.897303908557805840e+00
-1.641689274401717746e+00 2.225967893320488944e+00 -3.877888782558442937e+00
-1.680787259392130917e+00 2.201719176677528367e+00 -3.858423797599539462e+00
-1.718508586258967741e+00 2.176203986875401064e+00 -3.838710504300502979e+00
-1.757745323117749336e+00 2.145437663976708986e+00 -3.833298804747304445e+00
-1.795120740744332810e+00 2.113101366920042246e+00 -3.840720364394922370e+00
-1.829305185657867483e+00 2.080778738666510641e+00 -3.856804935977409254e+00
-1.859409067558053241e+00 2.047271715652366986e+00 -3.877975633329803884e+00
-1.939622216915709796e+00 1.967748268924379484e+00 -3.891597213590436422e+00
-1.597270032466037826e+00 2.256437966496760872e+00 -3.884774966166810728e+00
-1.625737254306821145e+00 2.246335071425552332e+00 -3.844911318337601802e+00
-1.645721413889013940e+00 2.243257084887395170e+00 -3.799174895188026202e+00
-1.659015271113490009e+00 2.244796619651009628e+00 -3.751036978432460867e+00
-1.449667148484226287e+00 2.217899782351000049e+00 -4.406770479036642207e+00
-1.457056122664657227e+00 2.199335824712506327e+00 -4.456678251027594406e+00
-1.465233833642397565e+00 2.181111441913055504e+00 -4.503475803933466359e+00
-1.455662679702636852e+00 2.175117069673323744e+00 -4.548028660140717605e+00
-1.446199977347178756e+00 2.169204387596781913e+00 -4.592026638815775996e+00
-1.436608185382467484e+00 2.162690323471798681e+00 -4.633243604985890052e+00
-1.476113301316148485e+00 2.189764991922883208e+00 -4.446145148926315294e+00
-1.491494236157030917e+00 2.182025761522267349e+00 -4.437697266112778038e+00
-1.515218060536739797e+00 2.170110230343540447e+00 -4.424588608227215225e+00
-1.544920651617947671e+00 2.155191605769396279e+00 -4.408177084975445581e+00
-1.577054287794688925e+00 2.136542051407866349e+00 -4.389012137069849828e+00
-1.610769873535049745e+00 2.116114054350787033e+00 -4.368633071531719203e+00
-1.294906197979018403e+00 2.841767032086466749e+00 -2.503129764213865016e-01
-1.303709532632355117e+00 2.838136120205697832e+00 -2.613222983842660718e-01
-2.802349475283286040e+00 1.231958636514122407e+00 -1.727287702636497224e+00
-2.801494821485598585e+00 1.231396550483558006e+00 -1.739049317056864163e+00
-2.799748466951071713e+00 1.230247273970474620e+00 -1.763085731913197618e+00
-2.811794108881827903e+00 1.194396613111611050e+00 -1.795702157401177779e+00
-2.833279667727655049e+00 1.130160635767571531e+00 -1.855306114665771444e+00
-2.830570087099185006e+00 1.134964172596046206e+00 -1.862777918267890520e+00
-2.827433615046011095e+00 1.140535408626822234e+00 -1.871377215062486110e+00
-2.823787593553114483e+00 1.147011174416930901e+00 -1.881376145061652183e+00
-2.819544698171385200e+00 1.154546619257497353e+00 -1.893013957689553051e+00
-2.801535878630452281e+00 1.231421638367530935e+00 -1.738492971584417512e+00
-2.800094294036338027e+00 1.230473695634981102e+00 -1.758331139132528920e+00
-2.842269612809750878e+00 1.114198342971679523e+00 -1.830629508259577154e+00
-2.849242818977363090e+00 1.100452031616008908e+00 -1.809571246068875539e+00
-2.858366693324469132e+00 1.082031555831244996e+00 -1.781650098164921037e+00
-2.925218038764682671e+00 1.029753819340745169e+00 -1.772459935454913316e+00
-2.915938234808582497e+00 9.907051875416211795e-01 -1.748491397900379996e+00
-2.834789391543830028e+00 1.227196661417858214e+00 -1.332907006981846498e+00
-2.842938314963114443e+00 1.214962417683476348e+00 -1.285199264414326636e+00
-2.848724893986530393e+00 1.208132448339131582e+00 -1.240022164084229939e+00
-2.846754384291336759e+00 1.219568117768546012e+00 -1.199991994595550393e+00
-2.844007276802587025e+00 1.230936990780908014e+00 -1.158935658128424917e+00
-2.841550032079370069e+00 1.240225499149956390e+00 -1.125173374913437385e+00
-2.839903737029753295e+00 1.246446316498152074e+00 -1.102573114447796598e+00
-2.852543280134923087e+00 1.221768807839291870e+00 -1.075335920009296897e+00
-2.854833549637109336e+00 1.219237240500431696e+00 -1.053528913713958071e+00
-2.834567909570267386e+00 1.227528324318420516e+00 -1.334208871707657673e+00
-2.842457777279826736e+00 1.215690160698223776e+00 -1.287974265671473661e+00
-2.848524276630283403e+00 1.209283385595789184e+00 -1.236027763465933127e+00
-2.846254509593186377e+00 1.222455685854727969e+00 -1.189696315321046693e+00
-2.842840808096742222e+00 1.235358953970574047e+00 -1.142798460038361830e+00
-2.839403585976863376e+00 1.248340202508105401e+00 -1.095672479620008577e+00
-2.855015257109164484e+00 1.219047439085183093e+00 -1.051702666034213030e+00
-2.860046753061995073e+00 1.213493462121004063e+00 -1.003728499591583390e+00
-2.864787020987366706e+00 1.207809861197532975e+00 -9.551782210314947452e-01
-2.793998202783798845e+00 1.359393740837533171e+00 -9.716805791946989679e-01
-2.792676491503441216e+00 1.362675857593732109e+00 -9.665281020952141144e-01
-2.798427519918679884e+00 1.391969478342404143e+00 -3.806964453212042243e-01
-2.809892407730788300e+00 1.369156071095524618e+00 -3.378037112022560517e-01
-2.821575069685384296e+00 1.346605203380474736e+00 -2.948825644407310764e-01
-2.833385156916793601e+00 1.323780433834080394e+00 -2.519563191835998417e-01
-2.845158515248069619e+00 1.301033426918406510e+00 -2.090512109337953617e-01
-2.855700940878340699e+00 1.277787276184031873e+00 -1.661294196938860324e-01
-2.866199188752009963e+00 1.254520636795336541e+00 -1.231926368131152222e-01
-2.876704741881641603e+00 1.231239687083935497e+00 -8.015891133199448682e-02
-2.886989628147031084e+00 1.207920334216222136e+00 -3.719195032990393890e-02
-2.803150523460586019e+00 1.381521855232319851e+00 -3.902194335315453677e-01
-2.821985268405119207e+00 1.341800275228335115e+00 -3.669850355234766104e-01
-2.842637081843792934e+00 1.297803028293668559e+00 -3.554881349956606762e-01
-2.863712586896998147e+00 1.252637229121526419e+00 -3.521356289115368798e-01
-2.884511872915606290e+00 1.207322592225578139e+00 -3.552263237036377141e-01
-2.902159440617051001e+00 1.161434241459241568e+00 -3.638722359798536865e-01
-2.919259585490984410e+00 1.116492919762223979e+00 -3.769132283513650372e-01
-2.936058744754464822e+00 1.072203708873654238e+00 -3.926199978700644633e-01
-2.943224987562990780e+00 1.052809072618292818e+00 -4.097744757876409238e-01
1.108148003780578872e+00 2.174297287660556854e+00 -5.192134682411381874e+00
1.116716491678078294e+00 2.154589843678219818e+00 -5.237442115131736742e+00
1.125112538169910081e+00 2.134824490588650647e+00 -5.282700914928027736e+00
1.133210507909953257e+00 2.114884024219004122e+00 -5.327833905162042250e+00
1.140952972045279346e+00 2.094376118523964436e+00 -5.372765751178302018e+00
1.148505238527827377e+00 2.073690098806077131e+00 -5.417633321739907082e+00
1.155972340038572188e+00 2.052779350893387811e+00 -5.462418096043831106e+00
1.163192341519699413e+00 2.031452478937843864e+00 -5.507015976805273993e+00
1.170178485401169866e+00 2.009801258614834829e+00 -5.551523219961552513e+00
1.095172557326346219e+00 2.179901804093888451e+00 -5.194247546279296301e+00
1.079607535962995080e+00 2.171297735412487384e+00 -5.240245123684666773e+00
1.054794933083794461e+00 2.168661497047084996e+00 -5.281761360136966843e+00
9.237537414023230253e-01 2.225038403781717467e+00 -5.297508305245138160e+00
9.104506061572423814e-01 2.216562429777141574e+00 -5.336133717540469057e+00
8.981767300452588865e-01 2.208804708560617946e+00 -5.371595622042240947e+00
8.554740412749209932e-01 2.216443429952144051e+00 -5.397924214639227003e+00
8.118120051237350809e-01 2.224949831372919018e+00 -5.421285991796721326e+00
7.672494860043544973e-01 2.234128175848065556e+00 -5.441986092333490177e+00
1.374013829731646430e+00 2.128876488284280111e+00 -4.870637486893871326e+00
1.380415907372609885e+00 2.134592943487721328e+00 -4.842281165497817064e+00
1.387751347774623500e+00 2.140682389025201360e+00 -4.806458535529600340e+00
1.395995390869852137e+00 2.147444734169474234e+00 -4.765808226819938653e+00
1.422821272834495332e+00 2.142757920218350431e+00 -4.723766724758622360e+00
1.447091035998612663e+00 2.140193106162012970e+00 -4.680067210534121891e+00
1.470005814270488154e+00 2.138713201350674886e+00 -4.635623854402882493e+00
1.486523806649173052e+00 2.142070359335183749e+00 -4.588588228225152221e+00
1.494303062881549460e+00 2.150413885613587262e+00 -4.539976665786773502e+00
1.370934945567093166e+00 2.126125121944618446e+00 -4.884280905916796200e+00
1.372502862229404874e+00 2.127524776873522150e+00 -4.877337222976609432e+00
1.373920599075256321e+00 2.128791289661992714e+00 -4.871055998796569142e+00
1.375312560924710326e+00 2.130034281392832796e+00 -4.864890383228224202e+00
1.378265792053599226e+00 2.132671355357132370e+00 -4.851809492310442451e+00
1.379903783463799050e+00 2.134134324093337476e+00 -4.844553309717426259e+00
1.380783118692367806e+00 2.134919529400829852e+00 -4.840658407210015390e+00
1.382109492456057964e+00 2.136040252639945791e+00 -4.834326099360064077e+00
1.385491205524337133e+00 2.138815586525408374e+00 -4.817646528321436250e+00
1.758884616443726179e+00 2.061323016730338686e+00 -4.146093696379471893e+00
1.792729458881965332e+00 2.039544720897570329e+00 -4.116562612977022972e+00
1.826575022382809887e+00 2.017779250673987335e+00 -4.086987626934846851e+00
1.860436809140612269e+00 1.996005262628737231e+00 -4.057392228849586502e+00
1.893294824303668467e+00 1.973287257434178210e+00 -4.027578227068992156e+00
1.925919904693043305e+00 1.950172388545194924e+00 -3.997645801318130854e+00
1.958535880501399706e+00 1.927074103247323089e+00 -3.967685360672490003e+00
1.991131157663294626e+00 1.904002368167641235e+00 -3.937701253415875513e+00
2.021899024919028509e+00 1.879258109471793947e+00 -3.907189238583642865e+00
1.762237515516254183e+00 2.054360259155203483e+00 -4.158814974918404239e+00
1.799646013082874640e+00 2.021694101658200182e+00 -4.154160579363243677e+00
1.834864761265389443e+00 1.987237407263549027e+00 -4.161835299826159407e+00
1.867727876679246224e+00 1.952941719070474091e+00 -4.177196436187099238e+00
1.897903503379357870e+00 1.919313479745354378e+00 -4.198410495036275059e+00
1.923728878943669951e+00 1.884864693433447425e+00 -4.223623633964230351e+00
1.938092674516459279e+00 1.825907371609372776e+00 -4.355853174941297645e+00
1.963034833452334205e+00 1.802087516050881133e+00 -4.352133185101598301e+00
1.985007346976334519e+00 1.778705653790464636e+00 -4.348223053839595842e+00
1.681716254241069519e+00 1.984569961716014630e+00 -4.615680377944848090e+00
1.680018451942404623e+00 1.970762930393540779e+00 -4.658271927543384372e+00
1.678263867829540290e+00 1.956299495022643775e+00 -4.702831039273667635e+00
1.687297793170199789e+00 1.932919298198272795e+00 -4.746445077193762074e+00
1.694499917346734552e+00 1.910797050966452471e+00 -4.790934047324846290e+00
1.700646881456294057e+00 1.889596722353151570e+00 -4.835954490506122916e+00
1.706091421783419104e+00 1.869063492257768244e+00 -4.881259230589662934e+00
1.709721235220775348e+00 1.847936502810012982e+00 -4.926198395139118169e+00
1.712817093031681059e+00 1.826852759566411466e+00 -4.971180564833397320e+00
1.681470748843419294e+00 1.982621777717263889e+00 -4.621704311566388057e+00
1.679634540072276971e+00 1.967696419977173150e+00 -4.667747773719733928e+00
1.677798921093878404e+00 1.952559210826407154e+00 -4.714380975172817401e+00
1.681789910269982036e+00 1.932671911357349837e+00 -4.760320623306744992e+00
1.681055058475774189e+00 1.916319418133879626e+00 -4.807709849547045167e+00
1.673574283191249457e+00 1.905745907846326581e+00 -4.856096411716817052e+00
1.658434184049180971e+00 1.902066659962739603e+00 -4.903653127125181754e+00
1.636221952041470473e+00 1.905496225173278990e+00 -4.948219100412502236e+00
1.607793379989284066e+00 1.914304553572163448e+00 -4.987611575500997318e+00
1.920315520438331536e+00 2.220321213707340036e+00 -2.871849735473453347e+00
1.914035165866761368e+00 2.217017772346198345e+00 -2.921167509338146839e+00
1.907005923667187242e+00 2.212968093948293191e+00 -2.970362199144450877e+00
1.906467395311538304e+00 2.203146867566595724e+00 -3.019126877483905513e+00
1.915563482501590586e+00 2.185411798241815529e+00 -3.064443820904348748e+00
1.932571504471559454e+00 2.162043770616096428e+00 -3.104314856767584452e+00
1.945232104442659260e+00 2.142154687355123155e+00 -3.148457076954619183e+00
1.951226573417634835e+00 2.127641566688700969e+00 -3.195640262607586823e+00
1.909254922750501793e+00 2.229691926108072764e+00 -2.868882413505827067e+00
1.883931140011254390e+00 2.243113368393415907e+00 -2.909596199827774843e+00
1.737069376911510865e+00 2.305081523394211462e+00 -3.194299757054261946e+00
1.725180546621778443e+00 2.305188861987011784e+00 -3.242862605429137179e+00
1.713295904591613628e+00 2.305292732083676022e+00 -3.291427721154965624e+00
1.700888139159165036e+00 2.304595537954943207e+00 -3.339814545319051753e+00
1.688425377057227506e+00 2.303665696690392117e+00 -3.388185716369318534e+00
1.676071134241029492e+00 2.302753862762180859e+00 -3.436556104122262312e+00
1.663508431356058637e+00 2.301974767482757311e+00 -3.484955876996068458e+00
1.650745409643787687e+00 2.300801820687052857e+00 -3.533297746611332446e+00
1.637860192193326236e+00 2.299463614360782504e+00 -3.581571282262559386e+00
1.749064617237440666e+00 2.296178852974729345e+00 -3.194969865595346015e+00
1.759176108876497224e+00 2.280558770566332605e+00 -3.241368317558523504e+00
1.777332613742205414e+00 2.257258230452195313e+00 -3.281641237461702332e+00
1.800487534117424682e+00 2.230297417093574097e+00 -3.316592245513621862e+00
1.828285747273554307e+00 2.200920431230161345e+00 -3.346848432731340139e+00
1.858958092932890160e+00 2.170334737133547076e+00 -3.372577884396747994e+00
1.881323384727860981e+00 2.144380104484997940e+00 -3.409181463382824351e+00
1.892146553313195811e+00 2.124110234475245385e+00 -3.453389400126302800e+00
1.894949600242815224e+00 2.109625154006451897e+00 -3.501018225202593648e+00
2.570998078953959265e+00 1.668473007096644922e+00 -1.663804891872645797e+00
2.574125741691092983e+00 1.683080618518511873e+00 -1.513374479422674224e+00
2.598507811862651451e+00 1.650449144039679128e+00 -1.496947691414971970e+00
2.619271070000353863e+00 1.618001693850854128e+00 -1.481124831964837352e+00
2.639087675682724399e+00 1.585953673662227947e+00 -1.465709302789241608e+00
2.658871271748956211e+00 1.553957096808321836e+00 -1.450333005984902668e+00
2.660293648160013014e+00 1.549285319401902061e+00 -1.465787810420735360e+00
2.665244324181264002e+00 1.540144771586456018e+00 -1.469857130978504456e+00
2.670742010807316102e+00 1.529995534051955985e+00 -1.474367219755821301e+00
2.574454723010324741e+00 1.660983878316356854e+00 -1.676216967099452670e+00
2.601163441220255113e+00 1.619741695715529506e+00 -1.667434900836863410e+00
2.627888841896905081e+00 1.578038677400173340e+00 -1.661387072414441501e+00
2.653842720606122807e+00 1.535734641583271998e+00 -1.656430301262298510e+00
2.678764135706911187e+00 1.492714953585970061e+00 -1.651983172834296854e+00
2.700655494888440700e+00 1.448859909153943137e+00 -1.661284840733390000e+00
2.720761434617205321e+00 1.406605296534385596e+00 -1.680169037098090623e+00
2.738873753095319330e+00 1.367006347935813881e+00 -1.705208181649754184e+00
2.755469960552534570e+00 1.329615340954183766e+00 -1.734055003113215143e+00
2.539733653138828373e+00 1.639524885336686832e+00 -2.149156973928230574e+00
2.556827636271556070e+00 1.605543190132208142e+00 -2.181482072524635996e+00
2.573936219831466587e+00 1.571535775810787294e+00 -2.213817129702940978e+00
2.591029057143862335e+00 1.537500135818962166e+00 -2.246163676014928612e+00
2.606996143366210994e+00 1.502860218192031194e+00 -2.278399765430911827e+00
2.622125603866236165e+00 1.467878282195568040e+00 -2.310592669363333851e+00
2.638458915880817379e+00 1.432003946749175194e+00 -2.335732419230660550e+00
2.636621644343280391e+00 1.433217002955106567e+00 -2.347253647917644237e+00
2.635571521250233751e+00 1.433910657785657516e+00 -2.353837209486375759e+00
2.532931454656598635e+00 1.648605451438009073e+00 -2.158867906286893845e+00
2.536545232925013327e+00 1.632438796435600858e+00 -2.205939307678184136e+00
2.533355047366616652e+00 1.626483638821282662e+00 -2.255386015892035356e+00
2.209288884785480356e+00 2.157428399921785367e+00 -1.258453846399165466e+00
2.207736803653392865e+00 2.161530745366116779e+00 -1.208297308641133050e+00
2.207127413631197577e+00 2.166643747291203237e+00 -1.158534095309933898e+00
2.206726812665514625e+00 2.171999690265411509e+00 -1.108854713286036464e+00
2.206379144864762942e+00 2.177313119183515333e+00 -1.059081692684711085e+00
2.205766935551059849e+00 2.182422096468462858e+00 -1.009347358004673900e+00
2.204402286909481479e+00 2.186788259695032988e+00 -9.595632900809396570e-01
2.203036639615335357e+00 2.191155453435253087e+00 -9.097793749023567189e-01
2.201669249422519403e+00 2.195524421031150641e+00 -8.599961428877535008e-01
2.219932806104722545e+00 2.146994781294281118e+00 -1.259470980764971992e+00
2.237191700968096608e+00 2.132484954759264806e+00 -1.214461431245775769e+00
2.262084286819357803e+00 2.110972070221899699e+00 -1.176743687163356089e+00
2.291157827084221221e+00 2.085496916713708071e+00 -1.145184120184385534e+00
2.321147243079560329e+00 2.055833075364999818e+00 -1.118924038448175340e+00
2.349476313976275321e+00 2.022634921311833534e+00 -1.097597183087827277e+00
2.377830861246460259e+00 1.988536933401735984e+00 -1.080850299566227468e+00
2.405974247950215972e+00 1.954458414401073707e+00 -1.067280699229571805e+00
2.436829051878931729e+00 1.916965845899997856e+00 -1.054107006855836470e+00
2.273572134716617121e+00 1.756224642075139952e+00 -3.290624078910613370e+00
2.291674667883502270e+00 1.722443237518187731e+00 -3.322678453588924441e+00
2.309920145884509335e+00 1.688798075994721870e+00 -3.354785515280721775e+00
2.328184131834910353e+00 1.655126676528925644e+00 -3.386895917177232374e+00
2.345607775070865486e+00 1.620933129096475689e+00 -3.418812684373810473e+00
2.361915352384933442e+00 1.586005685180422731e+00 -3.450514769737481391e+00
2.378393643284024250e+00 1.551084337877511432e+00 -3.482311161965689461e+00
2.395012826182757237e+00 1.516269473328684336e+00 -3.514126556388351474e+00
2.410548320553103530e+00 1.480886502158634599e+00 -3.545686934573669014e+00
2.265587896607790697e+00 1.764374256232405180e+00 -3.300258879710059823e+00
2.268796692686506855e+00 1.747184515313678244e+00 -3.347039897888885118e+00
2.263832204052335761e+00 1.739194736860076418e+00 -3.396073510347590307e+00
2.253591978352907699e+00 1.738055216818666260e+00 -3.444928328730505029e+00
2.239632939178958893e+00 1.742171073984708718e+00 -3.492756822388085602e+00
2.222756804412977072e+00 1.751094553356361549e+00 -3.538985046442449711e+00
2.203329672302668296e+00 1.763040718367673954e+00 -3.583392533556441606e+00
2.246521167739948144e+00 1.699415628651031795e+00 -3.614447424653635554e+00
2.244349839165758809e+00 1.691663863823370084e+00 -3.652378367389473190e+00
2.460486489270045762e+00 1.712135248671684318e+00 -2.381807636202418088e+00
2.457936566447765703e+00 1.712870078000301666e+00 -2.395470410441085551e+00
2.454559390877533609e+00 1.713843250678120489e+00 -2.413565927629548025e+00
2.449235910305160857e+00 1.715377076377732735e+00 -2.442090971294879065e+00
2.460304882013156114e+00 1.689488461976550449e+00 -2.483027454997661199e+00
2.469108111707001285e+00 1.666477314556746414e+00 -2.526279778911810769e+00
2.485846921285390643e+00 1.634236550482520034e+00 -2.560491301270619413e+00
2.508567014784083948e+00 1.595686935781662319e+00 -2.582470476767758871e+00
2.533864080775872551e+00 1.554016451963741829e+00 -2.592636103288711524e+00
2.458244500310284408e+00 1.712781308097136357e+00 -2.393820600400114351e+00
2.452819148342950673e+00 1.714344693091494287e+00 -2.422890589103730452e+00
2.466060422262227991e+00 1.685800739541015503e+00 -2.461149823805852677e+00
2.485773706617801171e+00 1.649876626807222690e+00 -2.489087667350231126e+00
2.509445258990774530e+00 1.610229212258235565e+00 -2.507222357428944282e+00
2.536276872896146894e+00 1.568798346486582673e+00 -2.512279624557194335e+00
2.562634922309924068e+00 1.527520627020831911e+00 -2.504610057877921570e+00
2.587212148996179906e+00 1.488437349223916684e+00 -2.486340961766791313e+00
2.615207849967075227e+00 1.444187991319632269e+00 -2.464569424017279520e+00
2.477335910068755975e+00 1.601044356366518873e+00 -2.773698530945164276e+00
2.482355694560947068e+00 1.580916182383962143e+00 -2.819133174814111964e+00
2.487390662474675551e+00 1.560763251418549658e+00 -2.864572240991316132e+00
2.492423367632785602e+00 1.540609289369972545e+00 -2.910028028237802378e+00
2.497543074338307356e+00 1.520514848729303425e+00 -2.955518115556226455e+00
2.502351530695204662e+00 1.500271245906674711e+00 -3.000948410164150371e+00
2.552876509764559820e+00 1.394253634334841951e+00 -3.062315933355348019e+00
2.544754222674375566e+00 1.397298621644745831e+00 -3.101973623076780040e+00
2.537376277014535830e+00 1.399504521269647084e+00 -3.134956437043495026e+00
2.484765257666904592e+00 1.590757500084621023e+00 -2.765837272689239512e+00
2.502598344372498840e+00 1.554027120736197753e+00 -2.794548453737966121e+00
2.524670626725051381e+00 1.512952861473779054e+00 -2.812325575826219115e+00
2.565290179648076041e+00 1.439605809822246840e+00 -2.829536673558947779e+00
2.609373914168030772e+00 1.359090042844927959e+00 -2.826893904301595484e+00
2.609148592631013841e+00 1.358296087516016382e+00 -2.831265974325820611e+00
2.609100995327440220e+00 1.358149953585200631e+00 -2.832112944601923310e+00
2.609196082744934309e+00 1.358484994572733306e+00 -2.830267948087727525e+00
2.609405842954866106e+00 1.359206683914123026e+00 -2.826259693255784189e+00
1.752138564572658153e+00 2.574311316364630731e+00 -7.041930990452591743e-01
1.754616880327051653e+00 2.575645826575281294e+00 -6.541926590293609678e-01
1.754408933199180343e+00 2.576814823655248610e+00 -6.043697149567049953e-01
1.753663109544072451e+00 2.577367282007374527e+00 -5.545266529109434961e-01
1.752748036761748507e+00 2.578046350418480515e+00 -5.046773126735554227e-01
1.751651288038243326e+00 2.578861325469971266e+00 -4.548254652595781766e-01
1.751011453478616531e+00 2.580609125616434962e+00 -4.044559542560042242e-01
1.750789503075095510e+00 2.583003661552266905e+00 -3.541343563761824020e-01
1.750599513705774379e+00 2.585372577854434528e+00 -3.038540376167396251e-01
1.764473958155251543e+00 2.566389817743803814e+00 -7.066056381392069596e-01
1.786997563124175459e+00 2.552442744276560482e+00 -6.645161334017813948e-01
1.815965412186708372e+00 2.530768920653465592e+00 -6.303606771832281908e-01
1.848714798539167647e+00 2.506266866705488372e+00 -6.020038600452014554e-01
1.884230268946742726e+00 2.479696207545482256e+00 -5.793699894767363467e-01
1.922768763565484651e+00 2.450864687519983320e+00 -5.620438238624452243e-01
1.962067696352613133e+00 2.421464747957435826e+00 -5.487610280021548714e-01
2.001464355911262594e+00 2.391991972294628788e+00 -5.379436615748888206e-01
2.040357986221352782e+00 2.362262049250538176e+00 -5.285962111085021897e-01
1.887309459466750550e+00 2.471319154049299360e+00 -8.955850480089949661e-01
1.925530852514223845e+00 2.439500587415308619e+00 -8.939923188824783207e-01
1.963667539294080999e+00 2.407751592242323824e+00 -8.924250685871664146e-01
2.002954952568710922e+00 2.375036509891977676e+00 -8.909987194875224059e-01
2.041955028752620471e+00 2.342563088424419959e+00 -8.895272369811875190e-01
2.080455974535027508e+00 2.310416204636921655e+00 -8.901435215655327804e-01
2.118248614968100352e+00 2.278752185909200811e+00 -8.941154181306588677e-01
1.885522888697096944e+00 2.473440052359349828e+00 -8.809407182449047191e-01
1.917529085268895983e+00 2.447952767118813266e+00 -8.527241284064057680e-01
1.943402854134852031e+00 2.428293377977185585e+00 -8.151262135149583976e-01
1.964686089156169047e+00 2.412737759016456707e+00 -7.729700200847945402e-01
1.981567871986509743e+00 2.401006415480635869e+00 -7.276555193638132302e-01
1.995779043160601507e+00 2.391571995093932035e+00 -6.808839060246658637e-01
2.017950320951201082e+00 2.375248754687661279e+00 -6.392873135282337582e-01
2.029228812212926947e+00 2.334457248947891195e+00 -1.231047638929025689e+00
2.022278628214615903e+00 2.345319381076098608e+00 -1.183138354306393580e+00
2.014622015046009018e+00 2.354790852493943820e+00 -1.135194586984536791e+00
2.006503310082182523e+00 2.363634518809129226e+00 -1.087098460969831093e+00
1.998323544249527739e+00 2.372525101767225308e+00 -1.039095832553258880e+00
1.986337767502832419e+00 2.384509188050734085e+00 -9.929923479541510334e-01
2.039555929862506112e+00 2.324474786754009870e+00 -1.229309991792728374e+00
2.051202116535066455e+00 2.317139779581117942e+00 -1.181510861184440930e+00
2.070906928680751768e+00 2.302127834260325745e+00 -1.138502996570579517e+00
2.095417584227249108e+00 2.281881678943833425e+00 -1.100749453818836487e+00
2.123737518242897249e+00 2.257435092942388533e+00 -1.067677281477756202e+00
3.476275208438083797e-01 3.086854392161919147e+00 -8.640559176520669071e-01
3.139948395220645838e-01 3.090801775652332051e+00 -8.278933870384636018e-01
2.806577891504268285e-01 3.095193847062771564e+00 -7.915855956490349676e-01
2.475646459561216817e-01 3.099574769698566268e+00 -7.551270640506561049e-01
2.113715761519904535e-01 3.104202376287337639e+00 -7.185012099580332379e-01
1.846581444375231529e-01 3.108435874109950703e+00 -6.752389964315377302e-01
1.733190912264882255e-01 3.111750705494970681e+00 -6.267592075355733483e-01
1.761902979110985534e-01 3.114039071780984269e+00 -5.769759736897946967e-01
1.897160929443953703e-01 3.115295963630627885e+00 -5.289834836472668833e-01
3.386510574608862512e-01 3.087243270779703064e+00 -8.758003857463483310e-01
2.913965933985758761e-01 3.091192043946756396e+00 -8.634351096681195381e-01
2.428263511195057345e-01 3.094920221175345709e+00 -8.636218071846200051e-01
1.918371776163591835e-01 3.098648062132064673e+00 -8.710749504768947604e-01
1.426775947197195804e-01 3.102071860774298084e+00 -8.849041204724170662e-01
7.138670828196462814e-01 3.031119620645327917e+00 -6.268464527000295883e-01
7.248272172041141381e-01 3.031329535904616179e+00 -5.780932468637224320e-01
7.357905205740318255e-01 3.031539339406405631e+00 -5.293288320538557246e-01
7.467557654482993579e-01 3.031749075455552500e+00 -4.805575329571619703e-01
7.577222380229697851e-01 3.031958756595003912e+00 -4.317820858280138063e-01
7.681059790107191976e-01 3.029768646984797975e+00 -3.830343462046071346e-01
7.783342365076845182e-01 3.026582267838029860e+00 -3.342689817924242024e-01
7.885862071334834855e-01 3.023389774176714173e+00 -2.854792075482726066e-01
7.988387397378960975e-01 3.020196891852845678e+00 -2.366718774649059776e-01
7.135403191477002194e-01 3.031106750185728060e+00 -6.284106805942945018e-01
7.241108687356868634e-01 3.031308167446111757e+00 -5.814077910086534740e-01
7.345845205158435531e-01 3.031507115477047876e+00 -5.348461952448259060e-01
7.448290047756845889e-01 3.031700660544861758e+00 -4.893209638675275475e-01
7.544758936198332488e-01 3.031880868761848369e+00 -4.464856418292081353e-01
7.627652450133907136e-01 3.031438166108620713e+00 -4.088969171822277593e-01
7.706516943859657021e-01 3.028978533937646045e+00 -3.711023162727527525e-01
7.794897919397442143e-01 3.026225663069988414e+00 -3.289951855928362479e-01
7.886815160047702111e-01 3.023362580804228372e+00 -2.851987812704322445e-01
8.480296824202584460e-01 2.332365144985409700e+00 -5.055060716250403097e+00
8.575456047989800101e-01 2.314108211294720885e+00 -5.100365095415459571e+00
8.671580910054675906e-01 2.296085576431894371e+00 -5.145847584289636067e+00
8.341055882533661148e-01 2.336856058944358772e+00 -5.057436819335159761e+00
8.177953005881785087e-01 2.328486973178088171e+00 -5.103573138704025070e+00
7.905617600199726924e-01 2.324303219168374124e+00 -5.144954341883044791e+00
7.576750916493359966e-01 2.322928448583825300e+00 -5.182316188488083952e+00
7.202573933770531900e-01 2.324060306740249882e+00 -5.215564348543527906e+00
6.837940846472410072e-01 2.324623602790418797e+00 -5.249764643790338248e+00
6.577570835704941166e-01 2.318220885055521929e+00 -5.291702692718445178e+00
6.412620745738649708e-01 2.307621287154089984e+00 -5.337404656700596384e+00
6.122902236404916820e-01 2.302140801388304236e+00 -5.377045973730020911e+00
5.832756406370126490e-01 2.372272838508718618e+00 -5.182590415947351481e+00
5.851772418958629540e-01 2.357510853743312929e+00 -5.226085715172266610e+00
5.828864790047894040e-01 2.375252654601435864e+00 -5.173814510682968937e+00
5.839568133488902690e-01 2.366990945599285467e+00 -5.198152621425171205e+00
5.477740610405518185e-01 2.340965102754541061e+00 -5.304200545258450639e+00
5.151736293323496696e-01 2.348205111161651981e+00 -5.306389128555806245e+00
4.825908021508170664e-01 2.355443951339867503e+00 -5.308568190214052684e+00
4.484657406453470552e-01 2.363025705811371502e+00 -5.310849540450792716e+00
4.118004229722841414e-01 2.367850402941538146e+00 -5.312273234469537364e+00
3.727907248100784110e-01 2.372670294952982317e+00 -5.313651017824371436e+00
3.445144677725800464e-01 2.376162375533600990e+00 -5.314654937674615276e+00
2.205893721912657590e-01 2.403717414897449611e+00 -5.280946805582949821e+00
2.312634893014177129e-01 2.405590926847223532e+00 -5.270677492140189990e+00
