# vtk DataFile Version 2.0
ellipsoidal, Created by Gmsh
ASCII
DATASET UNSTRUCTURED_GRID
POINTS 1394 double
0.569 0 0
0 0 -2.01
0.221 0 0
0 0 -1.836
0.4023437584951455 0.4023437584951455 0
1.110223024625157e-16 0.569 0
-0.4023437584951454 0.4023437584951456 0
-0.569 1.665334536937735e-16 0
-0.4023437584951456 -0.4023437584951454 0
-2.220446049250313e-16 -0.569 0
0.4023437584951453 -0.4023437584951457 0
0.156270598642227 0.156270598642227 0
4.163336342344337e-17 0.221 0
-0.1562705986422269 0.156270598642227 0
-0.221 8.326672684688674e-17 0
-0.1562705986422271 -0.1562705986422269 0
-1.110223024625157e-16 -0.221 0
0.1562705986422269 -0.1562705986422271 0
0.5683037311988816 0 -0.09940551753708181
0.5662103394870414 0 -0.1987914207499371
0.5627059209003288 0 -0.298137553477179
0.5577667964841796 0 -0.3974226592545366
0.5513587126740424 0 -0.4966237394049345
0.5434356364969337 0 -0.5957152659428263
0.5339380453968724 0 -0.6946681887220232
0.5227905474619865 0 -0.7934487268866268
0.509898614988852 0 -0.8920166032658712
0.4951440520751265 0 -0.9903227143658758
0.4783786724387289 0 -1.088305600730126
0.4594152362802114 0 -1.185886513078181
0.4380142898607536 0 -1.282961332317496
0.4138642796836761 0 -1.379388084619849
0.3865506310428384 0 -1.474965376107353
0.3555053870903125 0 -1.56939395184649
0.3199210279858156 0 -1.662202431498294
0.2785943724325386 0 -1.752590032121725
0.2296282867121076 0 -1.839051773232335
0.1698610179932553 0 -1.91834732430818
0.09420420735038749 0 -1.982261099391566
0.2206801531926175 0 -0.09874278123572099
0.2197178738998435 0 -0.1974813583968122
0.2181048260443684 0 -0.2962114485659658
0.2158267105482155 0 -0.3949284179507498
0.2128626114349 0 -0.493627155671322
0.2091839829651652 0 -0.5923018314542965
0.2047531575180768 0 -0.6909455543725235
0.1995211707036532 0 -0.7895500016856046
0.1934245861678642 0 -0.888104721185955
0.1863807586699257 0 -0.9865961868595897
0.1782805608563528 0 -1.085006294706365
0.1689767675736211 0 -1.183309734934408
0.1582644817820566 0 -1.281469383114193
0.1458458058528571 0 -1.379427225860172
0.1312598255382791 0 -1.477084754854211
0.1137243790428913 0 -1.574253233484977
0.09169872166689945 0 -1.670493789454589
0.06115116100178044 0 -1.764314759059388
0.4018514221043461 0.401851422104346 -0.09940551753708225
0.4003711706292242 0.4003711706292241 -0.1987914207499375
0.3978931724824435 0.3978931724824435 -0.2981375534771794
0.3944006841146603 0.3944006841146602 -0.3974226592545379
0.3898694845981006 0.3898694845981005 -0.4966237394049355
0.3842670237054095 0.3842670237054094 -0.5957152659428272
0.3775512126336191 0.377551212633619 -0.6946681887220241
0.3696687412505981 0.3696687412505981 -0.7934487268866286
0.3605527683762457 0.3605527683762457 -0.8920166032658736
0.3501197168865066 0.3501197168865066 -0.9903227143658788
0.338264803256443 0.338264803256443 -1.088305600730129
0.3248556289541571 0.3248556289541571 -1.185886513078183
0.3097228746171484 0.3097228746171484 -1.282961332317499
0.2926462386552126 0.2926462386552126 -1.379388084619853
0.2733325724823296 0.2733325724823296 -1.474965376107356
0.2513802699599073 0.2513802699599073 -1.569393951846495
0.22621832833294 0.22621832833294 -1.662202431498299
0.1969959699474574 0.1969959699474573 -1.752590032121728
0.1623717186863789 0.1623717186863788 -1.839051773232338
0.1201098776822795 0.1201098776822795 -1.918347324308182
0.06661243383376093 0.06661243383376093 -1.982261099391568
0.561994665798665 0.08901121060769175 0
0.5411511577720738 0.1758306697989404 0
0.5069827122633751 0.2583205943514217 0
0.4603306697995183 0.3344498085541787 0
1.108864476902257e-16 0.5683037311988816 -0.09940551753708181
1.104779886958418e-16 0.5662103394870414 -0.1987914207499371
1.097942125617658e-16 0.5627059209003288 -0.298137553477179
1.088304990910633e-16 0.5577667964841796 -0.3974226592545366
1.075801647870664e-16 0.5513587126740424 -0.4966237394049345
1.06034227775171e-16 0.5434356364969337 -0.5957152659428263
1.041810741165132e-16 0.5339380453968724 -0.6946681887220232
1.020059934707712e-16 0.5227905474619865 -0.7934487268866268
9.949054175485089e-17 0.509898614988852 -0.8920166032658712
9.661165678734675e-17 0.4951440520751265 -0.9903227143658758
9.334042471548202e-17 0.4783786724387289 -1.088305600730126
8.96403116312649e-17 0.4594152362802114 -1.185886513078181
8.546459573255641e-17 0.4380142898607536 -1.282961332317496
8.075248723633087e-17 0.4138642796836761 -1.379388084619849
7.542309503816223e-17 0.3865506310428384 -1.474965376107353
6.93656003736281e-17 0.3555053870903125 -1.56939395184649
6.24224413588052e-17 0.3199210279858156 -1.662202431498294
5.435885532611606e-17 0.2785943724325386 -1.752590032121725
4.480467680369224e-17 0.2296282867121076 -1.839051773232335
3.314299001096311e-17 0.1698610179932553 -1.91834732430818
1.8380963096127e-17 0.09420420735038749 -1.982261099391566
0.3344498085544587 0.4603306697993149 0
0.2583205943520341 0.5069827122630631 0
0.1758306697996545 0.5411511577718418 0
0.08901121060813577 0.5619946657985947 0
-0.401851422104346 0.4018514221043462 -0.09940551753708181
-0.4003711706292241 0.4003711706292242 -0.1987914207499371
-0.3978931724824434 0.3978931724824436 -0.298137553477179
-0.3944006841146603 0.3944006841146604 -0.3974226592545371
-0.3898694845981005 0.3898694845981007 -0.4966237394049345
-0.3842670237054094 0.3842670237054095 -0.5957152659428268
-0.377551212633619 0.3775512126336192 -0.6946681887220232
-0.3696687412505982 0.3696687412505983 -0.7934487268866273
-0.3605527683762457 0.3605527683762459 -0.8920166032658721
-0.3501197168865067 0.3501197168865068 -0.9903227143658774
-0.3382648032564432 0.3382648032564434 -1.088305600730127
-0.3248556289541574 0.3248556289541575 -1.185886513078181
-0.3097228746171488 0.3097228746171489 -1.282961332317496
-0.2926462386552129 0.2926462386552131 -1.379388084619851
-0.2733325724823297 0.2733325724823298 -1.474965376107355
-0.2513802699599073 0.2513802699599074 -1.569393951846495
-0.2262183283329403 0.2262183283329404 -1.662202431498298
-0.1969959699474568 0.1969959699474569 -1.752590032121729
-0.1623717186863781 0.1623717186863782 -1.839051773232339
-0.1201098776822803 0.1201098776822804 -1.918347324308181
-0.06661243383376224 0.06661243383376227 -1.982261099391567
-0.08901121060769164 0.561994665798665 0
-0.1758306697989403 0.5411511577720738 0
-0.2583205943514216 0.5069827122633751 0
-0.3344498085541786 0.4603306697995183 0
-0.5683037311988816 1.663296715353386e-16 -0.09940551753708181
-0.5662103394870414 1.657169830437627e-16 -0.1987914207499371
-0.5627059209003288 1.646913188426486e-16 -0.298137553477179
-0.5577667964841796 1.632457486365949e-16 -0.3974226592545366
-0.5513587126740424 1.613702471805996e-16 -0.4966237394049345
-0.5434356364969337 1.590513416627565e-16 -0.5957152659428263
-0.5339380453968724 1.562716111747697e-16 -0.6946681887220232
-0.5227905474619865 1.530089902061568e-16 -0.7934487268866268
-0.509898614988852 1.492358126322763e-16 -0.8920166032658712
-0.4951440520751265 1.449174851810201e-16 -0.9903227143658758
-0.4783786724387289 1.40010637073223e-16 -1.088305600730126
-0.4594152362802114 1.344604674468973e-16 -1.185886513078181
-0.4380142898607536 1.281968935988346e-16 -1.282961332317496
-0.4138642796836761 1.211287308544963e-16 -1.379388084619849
-0.3865506310428384 1.131346425572433e-16 -1.474965376107353
-0.3555053870903125 1.040484005604422e-16 -1.56939395184649
-0.3199210279858156 9.363366203820778e-17 -1.662202431498294
-0.2785943724325386 8.153828298917408e-17 -1.752590032121725
-0.2296282867121076 6.720701520553834e-17 -1.839051773232335
-0.1698610179932553 4.971448501644466e-17 -1.91834732430818
-0.09420420735038749 2.757144464419049e-17 -1.982261099391566
-0.4603306697992697 0.3344498085545208 0
-0.5069827122630175 0.2583205943521236 0
-0.5411511577718181 0.1758306697997275 0
-0.5619946657985891 0.08901121060817005 0
-0.4018514221043462 -0.4018514221043459 -0.09940551753708181
-0.4003711706292243 -0.400371170629224 -0.1987914207499371
-0.3978931724824437 -0.3978931724824433 -0.298137553477179
-0.3944006841146605 -0.3944006841146602 -0.3974226592545371
-0.3898694845981007 -0.3898694845981004 -0.496623739404935
-0.3842670237054097 -0.3842670237054093 -0.5957152659428272
-0.3775512126336192 -0.3775512126336189 -0.6946681887220236
-0.3696687412505983 -0.3696687412505981 -0.7934487268866278
-0.3605527683762459 -0.3605527683762457 -0.8920166032658721
-0.3501197168865069 -0.3501197168865067 -0.9903227143658769
-0.3382648032564433 -0.338264803256443 -1.088305600730128
-0.3248556289541574 -0.3248556289541571 -1.185886513078183
-0.3097228746171485 -0.3097228746171483 -1.282961332317499
-0.2926462386552127 -0.2926462386552124 -1.379388084619853
-0.2733325724823299 -0.2733325724823298 -1.474965376107354
-0.2513802699599078 -0.2513802699599076 -1.569393951846494
-0.2262183283329407 -0.2262183283329405 -1.662202431498297
-0.1969959699474574 -0.1969959699474573 -1.752590032121728
-0.1623717186863781 -0.162371718686378 -1.839051773232339
-0.120109877682281 -0.1201098776822809 -1.91834732430818
-0.06661243383376166 -0.0666124338337616 -1.982261099391567
-0.561994665798665 -0.08901121060769158 0
-0.5411511577720738 -0.1758306697989402 0
-0.5069827122633752 -0.2583205943514216 0
-0.4603306697995184 -0.3344498085541786 0
-2.217728953804514e-16 -0.5683037311988816 -0.09940551753708181
-2.209559773916836e-16 -0.5662103394870414 -0.1987914207499371
-2.195884251235315e-16 -0.5627059209003288 -0.298137553477179
-2.176609981821266e-16 -0.5577667964841796 -0.3974226592545366
-2.151603295741329e-16 -0.5513587126740424 -0.4966237394049345
-2.12068455550342e-16 -0.5434356364969337 -0.5957152659428263
-2.083621482330263e-16 -0.5339380453968724 -0.6946681887220232
-2.040119869415424e-16 -0.5227905474619865 -0.7934487268866268
-1.989810835097018e-16 -0.509898614988852 -0.8920166032658712
-1.932233135746935e-16 -0.4951440520751265 -0.9903227143658758
-1.86680849430964e-16 -0.4783786724387289 -1.088305600730126
-1.792806232625298e-16 -0.4594152362802114 -1.185886513078181
-1.709291914651128e-16 -0.4380142898607536 -1.282961332317496
-1.615049744726617e-16 -0.4138642796836761 -1.379388084619849
-1.508461900763245e-16 -0.3865506310428384 -1.474965376107353
-1.387312007472562e-16 -0.3555053870903125 -1.56939395184649
-1.248448827176104e-16 -0.3199210279858156 -1.662202431498294
-1.087177106522321e-16 -0.2785943724325386 -1.752590032121725
-8.960935360738447e-17 -0.2296282867121076 -1.839051773232335
-6.628598002192623e-17 -0.1698610179932553 -1.91834732430818
-3.6761926192254e-17 -0.09420420735038749 -1.982261099391566
-0.3344498085545218 -0.4603306697992692 0
-0.2583205943521812 -0.5069827122629881 0
-0.1758306697998504 -0.5411511577717781 0
-0.08901121060828873 -0.5619946657985704 0
0.4018514221043459 -0.4018514221043463 -0.09940551753708181
0.400371170629224 -0.4003711706292243 -0.1987914207499366
0.3978931724824434 -0.3978931724824438 -0.2981375534771781
0.3944006841146603 -0.3944006841146607 -0.3974226592545357
0.3898694845981004 -0.3898694845981008 -0.4966237394049337
0.3842670237054094 -0.3842670237054098 -0.5957152659428259
0.3775512126336191 -0.3775512126336194 -0.694668188722022
0.3696687412505982 -0.3696687412505986 -0.793448726886626
0.3605527683762458 -0.3605527683762462 -0.8920166032658704
0.3501197168865068 -0.3501197168865072 -0.9903227143658754
0.3382648032564434 -0.3382648032564436 -1.088305600730125
0.3248556289541574 -0.3248556289541578 -1.18588651307818
0.3097228746171489 -0.3097228746171491 -1.282961332317495
0.2926462386552132 -0.2926462386552134 -1.379388084619849
0.2733325724823303 -0.2733325724823305 -1.474965376107352
0.2513802699599085 -0.2513802699599088 -1.56939395184649
0.2262183283329406 -0.2262183283329408 -1.662202431498297
0.1969959699474576 -0.1969959699474578 -1.752590032121727
0.1623717186863783 -0.1623717186863785 -1.839051773232339
0.12010987768228 -0.1201098776822801 -1.918347324308181
0.06661243383376179 -0.06661243383376185 -1.982261099391567
0.08901121060769153 -0.561994665798665 0
0.1758306697989402 -0.5411511577720739 0
0.2583205943514215 -0.5069827122633752 0
0.3344498085541786 -0.4603306697995184 0
0.4603306697992774 -0.3344498085545103 0
0.5069827122629692 -0.2583205943522183 0
0.5411511577717968 -0.1758306697997931 0
0.5619946657985839 -0.08901121060820394 0
0.1560444329146002 0.1560444329146001 -0.09874275531767343
0.1553639988078606 0.1553639988078606 -0.1974813339202264
0.1542234018259908 0.1542234018259907 -0.2962114255316713
0.152612530994605 0.152612530994605 -0.3949283963595385
0.1505165964853767 0.1505165964853767 -0.4936271355237307
0.1479154134128499 0.1479154134128499 -0.592301812751038
0.1447823467470625 0.1447823467470625 -0.6909455371141812
0.1410827734359374 0.1410827734359374 -0.789549985872588
0.1367718372033581 0.1367718372033581 -0.8881047068184996
0.1317910990389534 0.1317910990389534 -0.9865961739383536
0.1260633942507536 0.1260633942507536 -1.085006283231476
0.1194846189337446 0.1194846189337446 -1.183309724906567
0.1119098890008837 0.1119098890008837 -1.281469374533562
0.1031285590173657 0.1031285590173657 -1.379427218727195
0.09281471339087263 0.09281471339087262 -1.477084749169563
0.0804152802081311 0.08041528020813109 -1.574253229249589
0.06484078843647861 0.0648407884364786 -1.670493786670218
0.04324040101447833 0.04324040101447833 -1.764314757730914
0.204177376685073 0.08457303855249489 0
4.157310867968055e-17 0.2206801531926175 -0.09874278123572099
4.139182848279859e-17 0.2197178738998435 -0.1974813583968122
4.108795243037143e-17 0.2181048260443684 -0.2962114485659658
4.065878677257999e-17 0.2158267105482155 -0.3949284179507498
4.010039122684347e-17 0.2128626114349 -0.493627155671322
3.940738816810909e-17 0.2091839829651652 -0.5923018314542965
3.857268153415221e-17 0.2047531575180768 -0.6909455543725235
3.758704710667908e-17 0.1995211707036532 -0.7895500016856046
3.643853434821643e-17 0.1934245861678642 -0.888104721185955
3.511157403095977e-17 0.1863807586699257 -0.9865961868595897
3.35856080609405e-17 0.1782805608563528 -1.085006294706365
3.183290124213254e-17 0.1689767675736211 -1.183309734934408
2.981485378758053e-17 0.1582644817820566 -1.281469383114193
2.747534587718084e-17 0.1458458058528571 -1.379427225860172
2.47275475996966e-17 0.1312598255382791 -1.477084754854211
2.142411041990101e-17 0.1137243790428913 -1.574253233484977
1.727477920643985e-17 0.09169872166689945 -1.670493789454589
1.152003850566798e-17 0.06115116100178044 -1.764314759059388
0.08457303855285089 0.2041773766849255 0
-0.1560444327957859 0.156044432795786 -0.09874278123572099
-0.15536399858247 0.1553639985824701 -0.1974813583968118
-0.1542234015054851 0.1542234015054852 -0.2962114485659658
-0.1526125305898293 0.1526125305898294 -0.3949284179507493
-0.1505165960066949 0.150516596006695 -0.4936271556713215
-0.1479154128702795 0.1479154128702796 -0.5923018314542965
-0.1447823461503894 0.1447823461503895 -0.6909455543725231
-0.1410827727948319 0.1410827727948319 -0.7895500016856043
-0.1367718365274984 0.1367718365274985 -0.888104721185955
-0.1317910983381978 0.1317910983381979 -0.9865961868595897
-0.126063393535268 0.1260633935352681 -1.085006294706365
-0.1194846182142906 0.1194846182142906 -1.183309734934408
-0.111909888289067 0.1119098882890671 -1.281469383114193
-0.1031285583261719 0.103128558326172 -1.379427225860172
-0.09281471273548031 0.09281471273548036 -1.477084754854211
-0.08041527960745767 0.08041527960745773 -1.574253233484977
-0.06484078791680237 0.06484078791680241 -1.670493789454589
-0.04324040062178929 0.04324040062178931 -1.764314759059388
-0.08457303855249484 0.204177376685073 0
-0.2206801531926175 8.31462173593611e-17 -0.09874278123572099
-0.2197178738998435 8.278365696559718e-17 -0.1974813583968122
-0.2181048260443684 8.217590486074286e-17 -0.2962114485659658
-0.2158267105482155 8.131757354515998e-17 -0.3949284179507498
-0.2128626114349 8.020078245368693e-17 -0.493627155671322
-0.2091839829651652 7.881477633621818e-17 -0.5923018314542965
-0.2047531575180768 7.714536306830442e-17 -0.6909455543725235
-0.1995211707036532 7.517409421335816e-17 -0.7895500016856046
-0.1934245861678642 7.287706869643285e-17 -0.888104721185955
-0.1863807586699257 7.022314806191955e-17 -0.9865961868595897
-0.1782805608563528 6.717121612188099e-17 -1.085006294706365
-0.1689767675736211 6.366580248426507e-17 -1.183309734934408
-0.1582644817820566 5.962970757516105e-17 -1.281469383114193
-0.1458458058528571 5.495069175436167e-17 -1.379427225860172
-0.1312598255382791 4.94550951993932e-17 -1.477084754854211
-0.1137243790428913 4.284822083980201e-17 -1.574253233484977
-0.09169872166689945 3.45495584128797e-17 -1.670493789454589
-0.06115116100178044 2.304007701133595e-17 -1.764314759059388
-0.2041773766848827 0.08457303855295431 0
-0.156044432795786 -0.1560444327957859 -0.0987427812357214
-0.1553639985824702 -0.15536399858247 -0.1974813583968122
-0.1542234015054852 -0.1542234015054851 -0.2962114485659658
-0.1526125305898294 -0.1526125305898293 -0.3949284179507498
-0.150516596006695 -0.1505165960066948 -0.493627155671322
-0.1479154128702796 -0.1479154128702795 -0.5923018314542969
-0.1447823461503895 -0.1447823461503893 -0.6909455543725239
-0.1410827727948319 -0.1410827727948318 -0.7895500016856051
-0.1367718365274985 -0.1367718365274984 -0.8881047211859553
-0.1317910983381978 -0.1317910983381977 -0.9865961868595909
-0.126063393535268 -0.1260633935352679 -1.085006294706367
-0.1194846182142905 -0.1194846182142904 -1.183309734934409
-0.111909888289067 -0.1119098882890669 -1.281469383114194
-0.1031285583261719 -0.1031285583261718 -1.379427225860172
-0.09281471273548023 -0.09281471273548014 -1.477084754854213
-0.08041527960745765 -0.08041527960745756 -1.574253233484978
-0.06484078791680226 -0.06484078791680219 -1.67049378945459
-0.04324040062178931 -0.04324040062178928 -1.764314759059388
-0.204177376685073 -0.0845730385524948 0
-1.108616231458148e-16 -0.2206801531926175 -0.09874278123572099
-1.103782092874629e-16 -0.2197178738998435 -0.1974813583968122
-1.095678731476572e-16 -0.2181048260443684 -0.2962114485659658
-1.084234313935466e-16 -0.2158267105482155 -0.3949284179507498
-1.069343766049159e-16 -0.2128626114349 -0.493627155671322
-1.050863684482909e-16 -0.2091839829651652 -0.5923018314542965
-1.028604840910726e-16 -0.2047531575180768 -0.6909455543725235
-1.002321256178109e-16 -0.1995211707036532 -0.7895500016856046
-9.716942492857714e-17 -0.1934245861678642 -0.888104721185955
-9.363086408255941e-17 -0.1863807586699257 -0.9865961868595897
-8.956162149584134e-17 -0.1782805608563528 -1.085006294706365
-8.488773664568676e-17 -0.1689767675736211 -1.183309734934408
-7.950627676688141e-17 -0.1582644817820566 -1.281469383114193
-7.326758900581557e-17 -0.1458458058528571 -1.379427225860172
-6.594012693252426e-17 -0.1312598255382791 -1.477084754854211
-5.713096111973603e-17 -0.1137243790428913 -1.574253233484977
-4.606607788383959e-17 -0.09169872166689945 -1.670493789454589
-3.072010268178127e-17 -0.06115116100178044 -1.764314759059388
-0.08457303855289816 -0.204177376684906 0
0.1560444327957858 -0.156044432795786 -0.09874278123572099
0.15536399858247 -0.1553639985824702 -0.1974813583968122
0.1542234015054851 -0.1542234015054853 -0.2962114485659658
0.1526125305898293 -0.1526125305898295 -0.3949284179507498
0.1505165960066948 -0.150516596006695 -0.493627155671322
0.1479154128702794 -0.1479154128702796 -0.5923018314542965
0.1447823461503893 -0.1447823461503895 -0.6909455543725235
0.1410827727948318 -0.1410827727948319 -0.7895500016856051
0.1367718365274984 -0.1367718365274986 -0.8881047211859545
0.1317910983381978 -0.1317910983381979 -0.9865961868595893
0.126063393535268 -0.1260633935352681 -1.085006294706364
0.1194846182142905 -0.1194846182142907 -1.183309734934407
0.111909888289067 -0.1119098882890672 -1.281469383114192
0.1031285583261718 -0.103128558326172 -1.379427225860172
0.09281471273548023 -0.09281471273548034 -1.477084754854212
0.08041527960745766 -0.08041527960745776 -1.574253233484977
0.06484078791680227 -0.06484078791680235 -1.670493789454589
0.04324040062178904 -0.0432404006217891 -1.764314759059389
0.08457303855249479 -0.2041773766850731 0
0.2041773766849344 -0.08457303855282944 0
-0.3079999999997967 1.040834085585598e-16 0
-0.3949999999995389 1.249000902702198e-16 0
-0.4819999999997694 1.457167719819966e-16 0
-0.2177888886053101 0.2177888886053102 0
-0.2793071785683608 0.279307178568361 0
-0.3408254685317611 0.3408254685317613 0
5.89805981831709e-17 0.3079999999997967 0
7.632783294288759e-17 0.3949999999995389 0
9.367506770270161e-17 0.4819999999997694 0
0.2177888886053129 0.2177888886053128 0
0.2793071785683717 0.2793071785683717 0
0.340825468531737 0.3408254685317369 0
0.3079999999997967 0 0
0.3949999999995389 0 0
0.4819999999997694 0 0
0.2177888886052979 -0.2177888886052981 0
0.2793071785683581 -0.2793071785683584 0
0.3408254685317489 -0.3408254685317492 0
-1.387778780780797e-16 -0.3079999999997967 0
-1.665334536936264e-16 -0.3949999999995389 0
-1.942890293093288e-16 -0.4819999999997694 0
-0.2177888886052927 -0.2177888886052925 0
-0.2793071785683421 -0.2793071785683419 0
-0.3408254685317493 -0.340825468531749 0
0.5217338411649597 0.2127006889609368 -0.2806784773080338
0.514952244610418 0.2126897123489925 -0.4081279290027205
0.5083770295622104 0.2104681561899116 -0.512116356880175
0.500726200826156 0.207388453734123 -0.6120969904181863
0.4916723173610815 0.203653995944492 -0.7112939831873141
0.4810877722447944 0.1992724991278785 -0.8102173532487779
0.4688697605767567 0.1942121137633041 -0.908919159459146
0.4549005780412826 0.1884259718541803 -1.007367950280375
0.4390341643744511 0.1818539023296709 -1.105508230005469
0.4210852910981774 0.1744192380014828 -1.203266017112591
0.4008152218615132 0.1660231008195628 -1.300543017097797
0.3779100196890102 0.1565354554985422 -1.39720461094461
0.3519458979083034 0.1457807641330352 -1.49305861603424
0.4889185594302848 0.2903910010314755 -0.07000339262476628
0.5627601752996885 0.07505072024004582 -0.1335539705940114
0.3322752071618956 0.1376328972462579 -1.557559420785768
0.3110311533538389 0.1288333220396131 -1.620428895553695
0.2717188746042479 0.1125496430138324 -1.720672742448315
0.2187088080096974 0.09059215448806991 -1.827782942502236
0.4602830310061314 0.3272710794005883 -0.2445910686742971
0.5574026897588047 0.09306292784929965 -0.2343878506637994
0.4646587782089667 0.31299104155729 -0.3513000038648072
0.5502334269343457 0.1058729306396271 -0.3496134995113242
0.4605676055303444 0.3080229206450605 -0.4573255617900461
0.5435819308047224 0.107422958320977 -0.4570475875483791
0.4544574870960735 0.3036814385183718 -0.5586173014011724
0.5361110788515474 0.1065036450896697 -0.5585715994408875
0.4470156693449417 0.298685879496825 -0.6582688010999797
0.5272963375942038 0.1048600307224723 -0.6582613090326174
0.4382332355706419 0.2928172892342566 -0.757398063823604
0.5169319731290011 0.1028193434630793 -0.7573968396793955
0.5057337669340298 0.2569312348202836 -0.1572145995857615
0.4280296681819923 0.2860000253677222 -0.8562653732790955
0.5048954762093798 0.1004290635490038 -0.8562651740053454
0.4163082415003888 0.2781682108082652 -0.9548958438472051
0.4910690549868615 0.09767954557378346 -0.9548958115444116
0.4029513115626919 0.2692434446770706 -1.053253078024915
0.4753134791670876 0.0945457000260764 -1.05325307281385
0.3878113306259752 0.259127243827811 -1.151276575916932
0.4574546546321319 0.09099338308536618 -1.151276575081052
0.3706997479788438 0.2476936521252068 -1.248884809662633
0.4372701669506245 0.08697844317030254 -1.248884809529465
0.4560601713310332 0.3379597407151438 -0.1392246659800849
0.3513710848272082 0.2347786527589698 -1.345967928078118
0.4144704542908896 0.08244329911162081 -1.34596792805708
0.5281615401377718 0.2107947588099788 -0.0681287252243027
0.3294981535189159 0.2201636273959525 -1.442372949287041
0.3886695726532905 0.07731118479746622 -1.442372949283751
0.3016799751127716 0.2015761148554359 -1.548342325808717
0.3558557938913252 0.07078411840473983 -1.548342325808284
0.5540974301362832 0.1279416453355426 -0.06776289437901485
0.5420609139512305 0.1673502162006227 -0.1549831816848672
0.5657122456630487 0.05865633068754291 -0.06016586334220901
0.4441679157625656 0.3552045792819225 -0.061750256714514
0.212700688960999 0.5217338411649343 -0.2806784773080338
0.2126897123490042 0.5149522446104131 -0.4081279290027205
0.2104681561899138 0.5083770295622095 -0.512116356880175
0.2073884537341235 0.5007262008261558 -0.6120969904181863
0.203653995944492 0.4916723173610814 -0.7112939831873141
0.1992724991278785 0.4810877722447944 -0.8102173532487779
0.1942121137633041 0.4688697605767567 -0.908919159459146
0.1884259718541804 0.4549005780412825 -1.007367950280375
0.1818539023296709 0.439034164374451 -1.10550823000547
0.1744192380014828 0.4210852910981774 -1.203266017112591
0.1660231008195628 0.4008152218615133 -1.300543017097797
0.1565354554985423 0.3779100196890102 -1.39720461094461
0.1457807641330353 0.3519458979083034 -1.49305861603424
0.07505072024020734 0.5627601752996669 -0.1335539705940114
0.2903910010317848 0.4889185594301012 -0.07000339262476628
0.1376328972462579 0.3322752071618956 -1.557559420785768
0.1288333220396131 0.311031153353839 -1.620428895553695
0.1125496430138324 0.2717188746042479 -1.720672742448315
0.0905921544880699 0.2187088080096974 -1.827782942502236
0.3272710794006424 0.460283031006093 -0.2445910686742971
0.09306292784938422 0.5574026897587905 -0.2343878506637994
0.3129910415573102 0.4646587782089531 -0.3513000038648072
0.1058729306396541 0.5502334269343405 -0.3496134995113242
0.3080229206450659 0.4605676055303408 -0.4573255617900461
0.107422958320984 0.5435819308047211 -0.4570475875483791
0.303681438518373 0.4544574870960726 -0.5586173014011724
0.1065036450896713 0.5361110788515471 -0.5585715994408875
0.2986858794968253 0.4470156693449415 -0.6582688010999797
0.1048600307224727 0.5272963375942037 -0.6582613090326174
0.2928172892342567 0.4382332355706418 -0.757398063823604
0.1028193434630795 0.516931973129001 -0.7573968396793955
0.2569312348204915 0.5057337669339241 -0.1572145995857615
0.2860000253677222 0.4280296681819923 -0.8562653732790955
0.1004290635490039 0.5048954762093797 -0.8562651740053454
0.2781682108082652 0.4163082415003888 -0.9548958438472051
0.09767954557378353 0.4910690549868615 -0.9548958115444116
0.2692434446770707 0.4029513115626918 -1.053253078024915
0.09454570002607648 0.4753134791670875 -1.05325307281385
0.259127243827811 0.3878113306259751 -1.151276575916932
0.09099338308536623 0.4574546546321319 -1.151276575081052
0.2476936521252068 0.3706997479788438 -1.248884809662633
0.08697844317030265 0.4372701669506245 -1.248884809529465
0.3379597407152667 0.4560601713309422 -0.1392246659800849
0.2347786527589699 0.3513710848272081 -1.345967928078118
0.08244329911162088 0.4144704542908896 -1.34596792805708
0.2107947588104099 0.5281615401375997 -0.0681287252243027
0.2201636273959526 0.3294981535189158 -1.442372949287041
0.07731118479746621 0.3886695726532905 -1.442372949283751
0.2015761148554359 0.3016799751127716 -1.548342325808717
0.07078411840473992 0.3558557938913252 -1.548342325808284
0.1279416453359158 0.5540974301361971 -0.06776289437901485
0.1673502162008571 0.5420609139511581 -0.1549831816848672
0.05865633068774095 0.5657122456630281 -0.06016586334220901
0.3552045792820567 0.4441679157624584 -0.061750256714514
-0.2185194375348467 0.5193236365896075 -0.2806784773080338
-0.2137318862606578 0.5145205620418547 -0.4081279290027205
-0.2106533845371944 0.5083003054686298 -0.512116356880175
-0.2074211101467604 0.5007126740971432 -0.6120969904181859
-0.2036597081796369 0.491669951275813 -0.7112939831873136
-0.1992734906629101 0.4810873615375369 -0.8102173532487766
-0.1942122845665321 0.4688696898277432 -0.9089191594591456
-0.1884260010489147 0.4549005659484277 -1.007367950280375
-0.1818539072791973 0.4390341623242902 -1.105508230005469
-0.1744192388331938 0.4210852907536717 -1.20326601711259
-0.1660231009579359 0.4008152218041975 -1.300543017097796
-0.1565354555212965 0.3779100196795853 -1.397204610944609
-0.1457807641367239 0.3519458979067758 -1.493058616034239
-0.3448626629213218 0.4510004093509233 -0.1335539705940114
-0.1403801827957622 0.5510550748461316 -0.07000339262476628
-0.137632897247161 0.3322752071615218 -1.557559420785768
-0.1288333220397718 0.3110311533537733 -1.620428895553695
-0.1125496430138348 0.2717188746042467 -1.720672742448315
-0.09059215448807018 0.2187088080096974 -1.827782942502236
-0.09405365295905808 0.5568848520199436 -0.2445910686742962
-0.3283377944206781 0.4599486491394432 -0.2343878506637994
-0.1072452850735878 0.5498814609452221 -0.3513000038648072
-0.314210320221389 0.4639372546201798 -0.3496134995113242
-0.1078653811163417 0.543475573014367 -0.4573255617900452
-0.3084109671186062 0.4603299716863832 -0.4570475875483791
-0.1066147663898032 0.5360851753834581 -0.5586173014011719
-0.3037783296611726 0.454397228989157 -0.5585715994408867
-0.1048850002535784 0.5272906219273249 -0.6582688010999789
-0.2987075772084022 0.4470020548069827 -0.6582613090326169
-0.1028246017471169 0.5169307834795281 -0.7573980638236032
-0.2928218486117664 0.4382303586115511 -0.7573968396793955
-0.1759299576337519 0.5392855945142105 -0.1572145995857615
-0.1004301235634736 0.5048952382775558 -0.8562653732790938
-0.2860009431543482 0.428029086881779 -0.8562651740053454
-0.09767975245571836 0.4910690088018253 -0.9548958438472035
-0.2781683897536365 0.416308127870522 -0.9548958115444124
-0.09454573937281101 0.4753134704151747 -1.053253078024914
-0.2692434786879505 0.4029512899288861 -1.053253072813851
-0.0909933904057801 0.4574546530074307 -1.15127657591693
-0.2591272501529628 0.3878113265984983 -1.151276575081052
-0.08697844450538918 0.4372701666545804 -1.248884809662631
-0.2476936532785906 0.3706997472441301 -1.248884809529465
-0.08350961534935372 0.5614568642050265 -0.1392246659800849
-0.08244329935048324 0.4144704542379024 -1.345967928078116
-0.234778652965339 0.351371084695775 -1.34596792805708
-0.2244122031997271 0.5225210099866843 -0.0681287252243027
-0.07731118483936511 0.3886695726439786 -1.442372949287039
-0.2201636274321643 0.3294981534958736 -1.442372949283752
-0.07078411841091276 0.3558557938899476 -1.548342325808714
-0.2015761148607751 0.3016799751093812 -1.548342325808286
-0.3013376452741089 0.4822744553005626 -0.06776289437901485
-0.264960475362346 0.5016294207797206 -0.1549831816848672
-0.3585426759197559 0.441495254297435 -0.06016586334220901
-0.06290657850221458 0.565241711939993 -0.061750256714514
-0.519323636589579 0.2185194375349143 -0.2806784773080338
-0.5145205620418495 0.2137318862606707 -0.4081279290027205
-0.5083003054686288 0.2106533845371969 -0.512116356880175
-0.5007126740971428 0.2074211101467612 -0.6120969904181859
-0.4916699512758129 0.2036597081796372 -0.7112939831873136
-0.4810873615375367 0.1992734906629103 -0.8102173532487766
-0.4688696898277431 0.1942122845665322 -0.9089191594591456
-0.4549005659484276 0.1884260010489149 -1.007367950280375
-0.43903416232429 0.1818539072791975 -1.105508230005469
-0.4210852907536716 0.1744192388331939 -1.20326601711259
-0.4008152218041974 0.166023100957936 -1.300543017097796
-0.3779100196795853 0.1565354555212967 -1.397204610944609
-0.3519458979067758 0.1457807641367241 -1.493058616034239
-0.5510550748460229 0.1403801827961894 -0.07000339262476628
-0.4510004093508218 0.3448626629214546 -0.1335539705940114
-0.3322752071615218 0.1376328972471612 -1.557559420785768
-0.3110311533537733 0.1288333220397719 -1.620428895553695
-0.2717188746042468 0.1125496430138349 -1.720672742448315
-0.2187088080096973 0.09059215448807025 -1.827782942502236
-0.5568848520199311 0.09405365295913237 -0.2445910686742962
-0.459948649139391 0.3283377944207513 -0.2343878506637994
-0.5498814609452169 0.1072452850736144 -0.3513000038648072
-0.4639372546201632 0.3142103202214135 -0.3496134995113242
-0.5434755730143656 0.107865381116349 -0.4573255617900452
-0.4603299716863789 0.3084109671186127 -0.4570475875483791
-0.5360851753834579 0.1066147663898052 -0.5586173014011719
-0.4543972289891559 0.3037783296611743 -0.5585715994408867
-0.5272906219273248 0.1048850002535789 -0.6582688010999789
-0.4470020548069824 0.2987075772084028 -0.6582613090326169
-0.5169307834795281 0.1028246017471172 -0.7573980638236032
-0.4382303586115509 0.2928218486117667 -0.7573968396793955
-0.5392855945141304 0.1759299576339977 -0.1572145995857615
-0.5048952382775558 0.1004301235634738 -0.8562653732790938
-0.4280290868817788 0.2860009431543483 -0.8562651740053454
-0.4910690088018252 0.09767975245571853 -0.9548958438472035
-0.416308127870522 0.2781683897536368 -0.9548958115444124
-0.4753134704151746 0.09454573937281122 -1.053253078024914
-0.402951289928886 0.2692434786879507 -1.053253072813851
-0.4574546530074306 0.09099339040578031 -1.15127657591693
-0.3878113265984982 0.2591272501529629 -1.151276575081052
-0.4372701666545804 0.08697844450538936 -1.248884809662631
-0.37069974724413 0.2476936532785907 -1.248884809529465
-0.5614568642049991 0.0835096153495386 -0.1392246659800849
-0.4144704542379023 0.08244329935048339 -1.345967928078116
-0.3513710846957749 0.2347786529653391 -1.34596792805708
-0.5225210099864807 0.2244122032002014 -0.0681287252243027
-0.3886695726439786 0.07731118483936533 -1.442372949287039
-0.3294981534958736 0.2201636274321644 -1.442372949283752
-0.3558557938899476 0.07078411841091287 -1.548342325808714
-0.301679975109381 0.2015761148607752 -1.548342325808286
-0.4822744553003533 0.3013376452744438 -0.06776289437901485
-0.5016294207795977 0.2649604753625787 -0.1549831816848672
-0.4414952542973106 0.358542675919909 -0.06016586334220901
-0.5652417119399683 0.06290657850243586 -0.061750256714514
-0.5217338411649598 -0.2127006889609366 -0.2806784773080338
-0.5149522446104181 -0.2126897123489924 -0.4081279290027205
-0.5083770295622105 -0.2104681561899115 -0.512116356880175
-0.5007262008261562 -0.2073884537341229 -0.6120969904181863
-0.4916723173610815 -0.2036539959444918 -0.7112939831873136
-0.4810877722447944 -0.1992724991278784 -0.8102173532487771
-0.4688697605767569 -0.1942121137633039 -0.9089191594591453
-0.4549005780412826 -0.1884259718541802 -1.007367950280375
-0.4390341643744511 -0.1818539023296707 -1.105508230005469
-0.4210852910981774 -0.1744192380014827 -1.203266017112591
-0.4008152218615133 -0.1660231008195626 -1.300543017097797
-0.3779100196890103 -0.1565354554985421 -1.397204610944609
-0.3519458979083038 -0.1457807641330352 -1.493058616034239
-0.4889185594302849 -0.2903910010314754 -0.07000339262476628
-0.5627601752996885 -0.07505072024004565 -0.1335539705940114
-0.332275207161896 -0.137632897246258 -1.557559420785767
-0.3110311533538393 -0.1288333220396131 -1.620428895553695
-0.271718874604248 -0.1125496430138323 -1.720672742448315
-0.2187088080096977 -0.09059215448806993 -1.827782942502236
-0.4602830310061315 -0.3272710794005882 -0.2445910686742962
-0.5574026897588047 -0.09306292784929948 -0.2343878506637994
-0.4646587782089668 -0.3129910415572899 -0.3513000038648072
-0.5502334269343457 -0.1058729306396269 -0.3496134995113242
-0.4605676055303445 -0.3080229206450604 -0.4573255617900452
-0.5435819308047224 -0.1074229583209769 -0.4570475875483791
-0.4544574870960736 -0.3036814385183717 -0.5586173014011724
-0.5361110788515474 -0.1065036450896696 -0.5585715994408875
-0.4470156693449419 -0.2986858794968249 -0.6582688010999793
-0.5272963375942038 -0.1048600307224721 -0.6582613090326174
-0.438233235570642 -0.2928172892342565 -0.7573980638236035
-0.5169319731290011 -0.1028193434630792 -0.7573968396793955
-0.5057337669340299 -0.2569312348202834 -0.1572145995857615
-0.4280296681819926 -0.2860000253677221 -0.8562653732790942
-0.5048954762093798 -0.1004290635490037 -0.8562651740053454
-0.416308241500389 -0.2781682108082651 -0.9548958438472038
-0.4910690549868616 -0.09767954557378332 -0.9548958115444116
-0.402951311562692 -0.2692434446770705 -1.053253078024915
-0.4753134791670876 -0.09454570002607626 -1.05325307281385
-0.3878113306259753 -0.2591272438278109 -1.151276575916931
-0.4574546546321319 -0.09099338308536604 -1.151276575081052
-0.3706997479788439 -0.2476936521252067 -1.248884809662632
-0.4372701669506245 -0.08697844317030241 -1.248884809529465
-0.4560601713310333 -0.3379597407151437 -0.1392246659800849
-0.3513710848272082 -0.2347786527589697 -1.345967928078118
-0.4144704542908897 -0.08244329911162071 -1.345967928057079
-0.5281615401377719 -0.2107947588099786 -0.0681287252243027
-0.329498153518916 -0.2201636273959526 -1.442372949287041
-0.3886695726532905 -0.07731118479746611 -1.442372949283751
-0.301679975112772 -0.201576114855436 -1.548342325808715
-0.3558557938913255 -0.07078411840473978 -1.548342325808284
-0.5540974301362832 -0.1279416453355425 -0.06776289437901485
-0.5420609139512305 -0.1673502162006225 -0.1549831816848672
-0.5657122456630487 -0.05865633068754274 -0.06016586334220901
-0.4441679157625658 -0.3552045792819223 -0.061750256714514
-0.2127006889610157 -0.5217338411649275 -0.2806784773080338
-0.2126897123490074 -0.5149522446104118 -0.4081279290027205
-0.2104681561899145 -0.5083770295622092 -0.512116356880175
-0.2073884537341238 -0.5007262008261557 -0.6120969904181859
-0.2036539959444922 -0.4916723173610813 -0.7112939831873136
-0.1992724991278787 -0.4810877722447943 -0.8102173532487771
-0.1942121137633042 -0.4688697605767568 -0.9089191594591453
-0.1884259718541805 -0.4549005780412825 -1.007367950280375
-0.1818539023296711 -0.439034164374451 -1.105508230005469
-0.1744192380014829 -0.4210852910981773 -1.203266017112591
-0.166023100819563 -0.4008152218615132 -1.300543017097797
-0.1565354554985424 -0.3779100196890101 -1.39720461094461
-0.1457807641330355 -0.3519458979083037 -1.493058616034239
-0.07505072024025566 -0.5627601752996604 -0.1335539705940114
-0.2903910010318605 -0.4889185594300561 -0.07000339262476628
-0.1376328972462582 -0.3322752071618958 -1.557559420785767
-0.1288333220396134 -0.3110311533538392 -1.620428895553695
-0.1125496430138324 -0.2717188746042478 -1.720672742448315
-0.09059215448807001 -0.2187088080096975 -1.827782942502236
-0.3272710794006565 -0.4602830310060829 -0.2445910686742962
-0.09306292784940845 -0.5574026897587865 -0.2343878506637994
-0.3129910415573156 -0.4646587782089494 -0.3513000038648072
-0.1058729306396617 -0.5502334269343392 -0.3496134995113242
-0.3080229206450676 -0.4605676055303397 -0.4573255617900452
-0.1074229583209861 -0.5435819308047206 -0.4570475875483791
-0.3036814385183735 -0.4544574870960723 -0.5586173014011724
-0.1065036450896719 -0.536111078851547 -0.5585715994408867
-0.2986858794968256 -0.4470156693449414 -0.6582688010999793
-0.1048600307224729 -0.5272963375942037 -0.6582613090326169
-0.2928172892342569 -0.4382332355706418 -0.7573980638236035
-0.1028193434630797 -0.516931973129001 -0.7573968396793955
-0.2569312348205465 -0.5057337669338963 -0.1572145995857615
-0.2860000253677224 -0.4280296681819923 -0.8562653732790942
-0.1004290635490041 -0.5048954762093797 -0.8562651740053454
-0.2781682108082654 -0.4163082415003888 -0.9548958438472038
-0.09767954557378369 -0.4910690549868615 -0.9548958115444116
-0.2692434446770708 -0.4029513115626919 -1.053253078024915
-0.0945457000260766 -0.4753134791670875 -1.05325307281385
-0.2591272438278112 -0.3878113306259751 -1.151276575916931
-0.09099338308536634 -0.4574546546321319 -1.151276575081052
-0.247693652125207 -0.3706997479788437 -1.248884809662633
-0.08697844317030279 -0.4372701669506244 -1.248884809529465
-0.337959740715297 -0.4560601713309196 -0.1392246659800849
-0.23477865275897 -0.3513710848272081 -1.345967928078118
-0.08244329911162099 -0.4144704542908896 -1.34596792805708
-0.2107947588105231 -0.5281615401375546 -0.0681287252243027
-0.2201636273959528 -0.3294981535189159 -1.442372949287041
-0.07731118479746638 -0.3886695726532904 -1.442372949283751
-0.2015761148554361 -0.3016799751127719 -1.548342325808715
-0.07078411840474008 -0.3558557938913254 -1.548342325808284
-0.1279416453360258 -0.5540974301361716 -0.06776289437901485
-0.1673502162009223 -0.542060913951138 -0.1549831816848672
-0.05865633068780401 -0.5657122456630217 -0.06016586334220901
-0.3552045792820885 -0.4441679157624329 -0.061750256714514
0.2127006889609366 -0.5217338411649598 -0.2806784773080338
0.2126897123489923 -0.5149522446104181 -0.40812792900272
0.2104681561899114 -0.5083770295622105 -0.5121163568801738
0.2073884537341229 -0.5007262008261564 -0.612096990418185
0.2036539959444918 -0.4916723173610816 -0.7112939831873127
0.1992724991278784 -0.4810877722447946 -0.8102173532487759
0.1942121137633039 -0.468869760576757 -0.9089191594591445
0.1884259718541802 -0.4549005780412828 -1.007367950280374
0.1818539023296707 -0.4390341643744513 -1.105508230005468
0.1744192380014827 -0.4210852910981777 -1.20326601711259
0.1660231008195628 -0.4008152218615137 -1.300543017097795
0.1565354554985423 -0.3779100196890108 -1.397204610944608
0.1457807641330354 -0.3519458979083042 -1.493058616034237
0.2903910010314754 -0.4889185594302849 -0.07000339262476583
0.0750507202400456 -0.5627601752996885 -0.1335539705940114
0.1376328972462581 -0.3322752071618963 -1.557559420785766
0.1288333220396132 -0.3110311533538395 -1.620428895553694
0.1125496430138324 -0.2717188746042483 -1.720672742448314
0.09059215448806991 -0.2187088080096977 -1.827782942502236
0.3272710794005881 -0.4602830310061315 -0.2445910686742962
0.09306292784929943 -0.5574026897588047 -0.2343878506637994
0.3129910415572898 -0.4646587782089668 -0.3513000038648068
0.1058729306396269 -0.5502334269343457 -0.3496134995113242
0.3080229206450604 -0.4605676055303445 -0.4573255617900444
0.1074229583209768 -0.5435819308047224 -0.4570475875483791
0.3036814385183717 -0.4544574870960737 -0.5586173014011706
0.1065036450896695 -0.5361110788515474 -0.5585715994408867
0.298685879496825 -0.447015669344942 -0.658268801099978
0.1048600307224721 -0.5272963375942038 -0.6582613090326169
0.2928172892342565 -0.4382332355706421 -0.757398063823602
0.1028193434630791 -0.5169319731290011 -0.7573968396793951
0.2569312348202833 -0.5057337669340299 -0.1572145995857606
0.2860000253677222 -0.4280296681819927 -0.8562653732790926
0.1004290635490036 -0.5048954762093798 -0.8562651740053446
0.2781682108082652 -0.4163082415003892 -0.9548958438472023
0.09767954557378328 -0.4910690549868617 -0.9548958115444112
0.2692434446770707 -0.4029513115626923 -1.053253078024913
0.09454570002607625 -0.4753134791670878 -1.053253072813849
0.2591272438278111 -0.3878113306259757 -1.151276575916929
0.09099338308536603 -0.4574546546321321 -1.151276575081052
0.247693652125207 -0.3706997479788443 -1.24888480966263
0.08697844317030241 -0.4372701669506248 -1.248884809529464
0.3379597407151438 -0.4560601713310334 -0.139224665980084
0.23477865275897 -0.3513710848272088 -1.345967928078116
0.0824432991116207 -0.4144704542908899 -1.345967928057079
0.2107947588099786 -0.5281615401377719 -0.0681287252243027
0.2201636273959529 -0.3294981535189166 -1.442372949287038
0.07731118479746611 -0.3886695726532908 -1.44237294928375
0.2015761148554363 -0.3016799751127724 -1.548342325808714
0.07078411840473976 -0.3558557938913256 -1.548342325808283
0.1279416453355424 -0.5540974301362832 -0.06776289437901485
0.1673502162006225 -0.5420609139512306 -0.1549831816848672
0.05865633068754269 -0.5657122456630487 -0.06016586334220901
0.3552045792819223 -0.4441679157625658 -0.06175025671451355
0.5193236365895759 -0.2185194375349221 -0.2806784773080338
0.5145205620418489 -0.2137318862606723 -0.4081279290027192
0.5083003054686288 -0.2106533845371973 -0.5121163568801738
0.500712674097143 -0.2074211101467613 -0.612096990418185
0.4916699512758129 -0.2036597081796373 -0.7112939831873132
0.4810873615375367 -0.1992734906629104 -0.8102173532487766
0.4688696898277432 -0.1942122845665324 -0.9089191594591448
0.4549005659484278 -0.188426001048915 -1.007367950280374
0.4390341623242902 -0.1818539072791976 -1.105508230005468
0.4210852907536716 -0.174419238833194 -1.20326601711259
0.4008152218041977 -0.1660231009579362 -1.300543017097795
0.3779100196795855 -0.1565354555212969 -1.397204610944608
0.3519458979067762 -0.1457807641367244 -1.493058616034237
0.5510550748460132 -0.1403801827962275 -0.07000339262476628
0.451000409350815 -0.3448626629214636 -0.1335539705940114
0.3322752071615222 -0.1376328972471614 -1.557559420785766
0.3110311533537737 -0.1288333220397722 -1.620428895553694
0.2717188746042472 -0.1125496430138351 -1.720672742448314
0.2187088080096975 -0.09059215448807038 -1.827782942502236
0.5568848520199298 -0.09405365295914045 -0.2445910686742962
0.4599486491393859 -0.3283377944207584 -0.2343878506637994
0.5498814609452164 -0.1072452850736175 -0.3513000038648068
0.4639372546201614 -0.3142103202214162 -0.3496134995113238
0.5434755730143654 -0.1078653811163499 -0.4573255617900448
0.4603299716863784 -0.3084109671186135 -0.4570475875483782
0.5360851753834579 -0.1066147663898055 -0.5586173014011711
0.4543972289891558 -0.3037783296611746 -0.5585715994408863
0.5272906219273248 -0.1048850002535791 -0.6582688010999789
0.4470020548069823 -0.2987075772084029 -0.6582613090326169
0.5169307834795281 -0.1028246017471174 -0.7573980638236032
0.4382303586115508 -0.2928218486117669 -0.7573968396793948
0.5392855945141213 -0.1759299576340257 -0.1572145995857615
0.5048952382775558 -0.1004301235634739 -0.8562653732790938
0.4280290868817789 -0.2860009431543485 -0.8562651740053442
0.4910690088018255 -0.09767975245571872 -0.9548958438472031
0.4163081278705221 -0.278168389753637 -0.9548958115444108
0.4753134704151748 -0.09454573937281135 -1.053253078024913
0.4029512899288862 -0.269243478687951 -1.053253072813849
0.4574546530074307 -0.09099339040578047 -1.15127657591693
0.3878113265984984 -0.2591272501529631 -1.151276575081051
0.4372701666545806 -0.0869784445053895 -1.24888480966263
0.3706997472441301 -0.2476936532785909 -1.248884809529464
0.5614568642049965 -0.08350961534955573 -0.1392246659800849
0.4144704542379024 -0.08244329935048358 -1.345967928078116
0.351371084695775 -0.2347786529653394 -1.345967928057079
0.5225210099864581 -0.2244122032002539 -0.0681287252243027
0.3886695726439787 -0.07731118483936544 -1.442372949287038
0.329498153495874 -0.2201636274321648 -1.44237294928375
0.3558557938899477 -0.07078411841091298 -1.548342325808714
0.3016799751093817 -0.2015761148607758 -1.548342325808283
0.4822744553003373 -0.3013376452744695 -0.06776289437901485
0.5016294207795855 -0.2649604753626018 -0.1549831816848672
0.4414952542973071 -0.3585426759199135 -0.06016586334220901
0.5652417119399663 -0.06290657850245396 -0.061750256714514
0.2006276641863001 0.09090321200325352 -0.1500329694282766
0.2021570102703591 0.08373617538277776 -0.2576451170317516
0.200303225761861 0.08296831269764242 -0.3559608002534861
0.1978164648712401 0.08193826261036852 -0.454709936324845
0.1946773789623402 0.08063801065344794 -0.5535211184809067
0.152202691177785 0.0630444189155224 -1.223820420306903
0.1908552840572697 0.07905484710709065 -0.6523306488411792
0.1863088232825088 0.07717164139338739 -0.7511256616737053
0.1410005431238836 0.05840433726388505 -1.327900359342934
0.180983971681501 0.07496601564262588 -0.8499016303087301
0.1306873435525261 0.05413247012996836 -1.410632794759546
0.175574447113784 0.07272531720068703 -0.9371740395037532
0.1608097307751723 0.06660957144864248 -1.131323330676951
0.2006699508048458 0.09224482930354039 -0.06618176479255179
0.2162775685601688 0.04517042731379135 -0.04124318180486311
0.1685396738271659 0.06981141869714987 -1.036357366652167
0.09090321210856167 0.200627664418641 -0.1500329435813359
0.08373617554377813 0.202157010659039 -0.2576450923718829
0.08296831291162624 0.200303226278462 -0.3559607767478839
0.08193826287275527 0.1978164655046974 -0.454709914041749
0.08063801095931283 0.1946773797007632 -0.5535210974810342
0.06304441936538137 0.1522026922638406 -1.223820409385288
0.07905484745131094 0.190855284888291 -0.6523306291813965
0.07717164177062263 0.1863088241932352 -0.7511256434078953
0.05840433770621315 0.1410005441917581 -1.327900350174278
0.07496601604726141 0.1809839726583776 -0.8499016134881371
0.05413247055812209 0.1306873445861806 -1.410632787016264
0.07272531762458406 0.1755744481371619 -0.9371740240010563
0.06660957189698122 0.1608097318575578 -1.131323318236455
0.09224482935207515 0.200669950910185 -0.06618173807935276
0.04517042732881811 0.2162775686315218 -0.04124315484441694
0.06981141913688729 0.1685396748887859 -1.03635735269196
-0.07758690420178292 0.206143459482101 -0.1500329690818831
-0.08373617538616875 0.2021570102785458 -0.2576451165123486
-0.08296831270366235 0.2003032257763946 -0.3559607995922046
-0.08193826261946928 0.1978164648932114 -0.4547099355519624
-0.08063801066590125 0.1946773789924053 -0.5535211176258933
-0.06304441894591314 0.1522026912511549 -1.223820419569079
-0.07905484712300831 0.1908552840956984 -0.6523306479320564
-0.07717164141273043 0.1863088233292071 -0.7511256607371084
-0.0584043372943541 0.1410005431974425 -1.327900358711365
-0.07496601566520886 0.1809839717360212 -0.8499016293699614
-0.05413247015941921 0.1306873436236268 -1.410632794226919
-0.0727253172258618 0.1755744471745613 -0.9371740385830643
-0.06660957147805012 0.1608097308461688 -1.131323329860947
-0.1135935781018674 0.1895194354646936 -0.03704392003328492
-0.0749740629522884 0.2077505978759328 -0.0641249273799743
-0.06981141872482126 0.1685396738939706 -1.036357365773692
-0.2006276641893966 0.09090321200470283 -0.1500329690818831
-0.202157010278544 0.08373617538617309 -0.2576451165123486
-0.2003032257763942 0.08296831270366313 -0.3559607995922046
-0.1978164648932113 0.08193826261946949 -0.4547099355519624
-0.1946773789924052 0.0806380106659014 -0.5535211176258933
-0.1522026912511549 0.0630444189459132 -1.223820419569079
-0.1908552840956984 0.07905484712300841 -0.6523306479320564
-0.1863088233292071 0.07717164141273053 -0.7511256607371084
-0.1410005431974425 0.05840433729435415 -1.327900358711365
-0.1809839717360211 0.07496601566520893 -0.8499016293699614
-0.1306873436236267 0.05413247015941926 -1.410632794226919
-0.1755744471745612 0.07272531722586187 -0.9371740385830643
-0.1608097308461687 0.0666095714780502 -1.131323329860947
-0.2143332673587974 0.05368768860868832 -0.03704392003328492
-0.1999165248802929 0.09388718822698039 -0.0641249273799743
-0.1685396738939706 0.06981141872482134 -1.036357365773692
-0.206143459482101 -0.07758690420178288 -0.1500329690818831
-0.2021570102785458 -0.08373617538616872 -0.2576451165123486
-0.2003032257763946 -0.08296831270366233 -0.3559607995922046
-0.1978164648932114 -0.08193826261946925 -0.4547099355519624
-0.1946773789924053 -0.08063801066590121 -0.553521117625894
-0.1522026912511549 -0.0630444189459131 -1.22382041956908
-0.1908552840956984 -0.07905484712300828 -0.6523306479320566
-0.1863088233292071 -0.07717164141273039 -0.7511256607371087
-0.1410005431974425 -0.05840433729435405 -1.327900358711366
-0.1809839717360212 -0.0749660156652088 -0.8499016293699617
-0.1306873436236267 -0.05413247015941915 -1.41063279422692
-0.1755744471745613 -0.07272531722586174 -0.9371740385830651
-0.1608097308461687 -0.06660957147805005 -1.131323329860948
-0.2045336400685615 -0.08341658334009386 -0.05795394240618936
-0.1685396738939706 -0.0698114187248212 -1.036357365773693
-0.09090321200469817 -0.2006276641893987 -0.1500329690818831
-0.08373617538617262 -0.2021570102785442 -0.2576451165123486
-0.08296831270366309 -0.2003032257763942 -0.3559607995922046
-0.08193826261946952 -0.1978164648932113 -0.4547099355519624
-0.08063801066590143 -0.1946773789924051 -0.553521117625894
-0.06304441894591321 -0.1522026912511548 -1.22382041956908
-0.07905484712300842 -0.1908552840956984 -0.6523306479320566
-0.07717164141273054 -0.1863088233292071 -0.7511256607371087
-0.05840433729435416 -0.1410005431974424 -1.327900358711366
-0.07496601566520897 -0.1809839717360211 -0.8499016293699617
-0.05413247015941925 -0.1306873436236266 -1.41063279422692
-0.07272531722586187 -0.1755744471745612 -0.9371740385830651
-0.06660957147805019 -0.1608097308461686 -1.131323329860948
-0.08564269213005943 -0.2036115556164397 -0.05795394240618936
-0.06981141872482133 -0.1685396738939705 -1.036357365773693
0.07758690420178287 -0.206143459482101 -0.1500329690818831
0.08373617538616869 -0.2021570102785459 -0.2576451165123486
0.0829683127036623 -0.2003032257763946 -0.3559607995922046
0.08193826261946922 -0.1978164648932114 -0.4547099355519624
0.08063801066590118 -0.1946773789924053 -0.553521117625894
0.06304441894591309 -0.1522026912511549 -1.223820419569079
0.07905484712300825 -0.1908552840956984 -0.6523306479320564
0.07717164141273038 -0.1863088233292071 -0.7511256607371084
0.05840433729435406 -0.1410005431974425 -1.327900358711365
0.07496601566520879 -0.1809839717360212 -0.8499016293699614
0.05413247015941916 -0.1306873436236268 -1.410632794226919
0.07272531722586174 -0.1755744471745613 -0.9371740385830643
0.06660957147805006 -0.1608097308461688 -1.131323329860947
0.08341658334009384 -0.2045336400685615 -0.05795394240618936
0.0698114187248212 -0.1685396738939706 -1.036357365773692
0.2006276641894013 -0.09090321200469245 -0.1500329690818831
0.2021570102785445 -0.08373617538617201 -0.2576451165123486
0.2003032257763943 -0.08296831270366303 -0.3559607995922046
0.1978164648932113 -0.08193826261946953 -0.4547099355519624
0.1946773789924051 -0.08063801066590139 -0.553521117625894
0.1522026912511548 -0.06304441894591326 -1.223820419569079
0.1908552840956984 -0.07905484712300845 -0.6523306479320566
0.1863088233292071 -0.07717164141273057 -0.7511256607371084
0.1410005431974424 -0.05840433729435419 -1.327900358711365
0.1809839717360211 -0.074966015665209 -0.8499016293699614
0.1306873436236267 -0.05413247015941929 -1.410632794226919
0.1755744471745612 -0.07272531722586192 -0.9371740385830643
0.1608097308461687 -0.06660957147805026 -1.131323329860947
0.2036115556164449 -0.08564269213004708 -0.05795394240618936
0.1685396738939705 -0.06981141872482138 -1.036357365773692
-0.3843952561504975 -0.1485300339464314 0
-0.290272814113759 -0.1444442617993401 0
-0.4780245202815173 -0.1200715442408872 0
-0.3963130925407428 -0.2576950299733384 0
-0.3445029474764078 -0.0702526009175295 0
-0.4604838286810062 -0.1912399106058646 0
-0.3243101785840831 -0.2130977561811214 0
-0.2707872075275929 -0.07133283271614384 0
-0.2200686277716034 -0.1470451559530509 0
-0.4264331417987057 -0.06429772148140361 0
-0.5088581732061842 -0.05631381104946727 0
-0.3996369426039291 -0.3199971872688012 0
-0.376835086493341 0.166781898066561 0
-0.3073913922757304 0.103116358232151 0
-0.4229177830247935 0.2531109767042088 0
-0.4624535783807919 0.09801777203635252 0
-0.2932764608040951 0.1939242797945473 0
-0.4608382755100106 0.190384200264138 0
-0.3800047949359224 0.07863905803331388 0
-0.2419154004361558 0.1410355409665228 0
-0.2595886459387009 0.05163539210872498 0
-0.3469991211628949 0.2560684114142021 0
-0.3996369426038458 0.319997187268761 0
-0.5088581732062867 0.05631381104950615 0
-0.1485300339464322 0.3843952561504965 -0
-0.1444442617993425 0.2902728141137597 -0
-0.1200715442408874 0.478024520281517 -0
-0.2576950299733397 0.3963130925407399 -0
-0.07025260091753005 0.3445029474764078 -0
-0.1912399106058646 0.4604838286810056 -0
-0.2130977561811245 0.3243101785840819 -0
-0.07133283271614407 0.2707872075275929 -0
-0.1470451559530505 0.2200686277716026 -0
-0.06429772148140386 0.4264331417987055 -0
-0.05631381104946792 0.5088581732061837 -0
-0.3199971872687991 0.3996369426039327 -0
0.1667818980665523 0.3768350864933531 0
0.1031163582321419 0.3073913922757516 0
0.2531109767041732 0.4229177830248172 0
0.09801777203635437 0.4624535783808005 0
0.1939242797945412 0.2932764608041021 0
0.1903842002640828 0.4608382755100383 0
0.0786390580333185 0.3800047949359475 0
0.1410355409664912 0.2419154004361672 0
0.05163539210867157 0.259588645938776 0
0.256068411414197 0.3469991211628986 0
0.3199971872687754 0.3996369426038543 0
0.0563138110495017 0.5088581732062812 0
0.384395256150497 0.1485300339464322 0
0.2902728141137596 0.144444261799343 0
0.478024520281517 0.1200715442408875 0
0.3963130925407455 0.2576950299733375 0
0.3445029474764078 0.07025260091753016 0
0.460483828681006 0.1912399106058645 0
0.3243101785840808 0.2130977561811263 0
0.2707872075275928 0.07133283271614409 0
0.2200686277716023 0.1470451559530503 0
0.4264331417987055 0.06429772148140399 0
0.5088581732061834 0.05631381104946819 0
0.3996369426039253 0.3199971872688038 0
0.3768350864933389 -0.166781898066566 0
0.3073913922757455 -0.1031163582321337 0
0.4229177830247809 -0.2531109767042344 0
0.4624535783807835 -0.09801777203635059 0
0.2932764608040918 -0.193924279794534 0
0.4608382755099864 -0.1903842002641916 0
0.3800047949359404 -0.07863905803331277 0
0.2419154004361592 -0.1410355409664804 0
0.2595886459387823 -0.0516353921086586 0
0.3469991211628902 -0.2560684114142007 0
0.3996369426038445 -0.3199971872687621 0
0.5088581732062922 -0.05631381104951028 0
0.1485300339464317 -0.3843952561504971 0
0.144444261799341 -0.290272814113759 0
0.1200715442408872 -0.4780245202815171 0
0.2576950299733384 -0.3963130925407427 0
0.07025260091752968 -0.3445029474764077 0
0.1912399106058644 -0.4604838286810062 0
0.2130977561811238 -0.3243101785840819 0
0.07133283271614388 -0.2707872075275929 0
0.1470451559530506 -0.220068627771603 0
0.06429772148140372 -0.4264331417987056 0
0.0563138110494678 -0.5088581732061838 0
0.3199971872688012 -0.3996369426039291 0
-0.1667818980665615 -0.3768350864933275 0
-0.1031163582321379 -0.3073913922757299 0
-0.2531109767042276 -0.4229177830247764 0
-0.09801777203634249 -0.4624535783807666 0
-0.1939242797945329 -0.2932764608040824 0
-0.1903842002641921 -0.4608382755099732 0
-0.07863905803330927 -0.3800047949359228 0
-0.1410355409665002 -0.2419154004361479 0
-0.05163539210869408 -0.259588645938732 0
-0.2560684114141946 -0.346999121162884 0
-0.3199971872687584 -0.3996369426038417 0
-0.05631381104951833 -0.508858173206309 0
-0.385738832579695 -0.07100079644657725 -0.1769837955388569
0.07100079644657714 -0.3857388325796949 -0.1769837955388568
-0.3229636889210977 0.2225533996470696 -0.1769837955388529
0.3229636889210964 -0.2225533996470604 -0.1769837955388477
-0.2247346792518623 -0.3204404757005408 -0.175647609707759
-0.06767421766766508 0.3854970490012832 -0.175647609707751
0.2247346760561167 0.3204404793972692 -0.1756476086916598
0.3858009113275923 0.07185490674940978 -0.1773268657502346
0.0881676077058445 0.3714911966367727 -0.4097372223778326
-0.08735164734853795 0.3674095379643065 -0.4096259467454303
-0.3714911936583396 -0.08816760387943812 -0.4097372447097626
-0.3674095330432899 0.0873516463647869 -0.4096259466112444
0.08816760387943805 -0.3714911936583396 -0.4097372447097626
-0.08735164636478689 -0.3674095330432898 -0.4096259466112444
0.3250278527710169 -0.2003400316027769 -0.4097372447097625
0.3714911935476106 0.08816760379966139 -0.4097372454319536
0.08641275525139258 0.3603081598158663 -0.6095118303570751
-0.085867738971729 0.3575836669803891 -0.6093977303150718
-0.3158793837578646 0.1936732984434773 -0.6095118499082557
0.08641275162806474 -0.3603081569563626 -0.6095118499082559
-0.08586773803545347 -0.3575836622999957 -0.6093977301190265
-0.3603081569563626 -0.08641275162806483 -0.6095118499082561
0.3158793837578645 -0.1936732984434775 -0.609511849908256
0.3603081568152841 0.08641275149818005 -0.6095118507951427
-0.2373177061302951 -0.2992842826161185 -0.3493192730159581
0.2362185175219744 0.299742968985753 -0.3493087986775158
-0.2115289167362639 0.2897051778140878 -0.7483282789139032
-0.2115290311669115 -0.2897053486137932 -0.7483282896155574
0.2115290311669114 -0.2897053486137934 -0.7483282896155571
-0.3544262289067696 0.05527900419488262 -0.7483282896155569
0.3544262289067697 -0.05527900419488257 -0.7483282896155569
0.211529032038422 0.2897053490227331 -0.7483282728659875
-0.2445726352723217 0.2946479090260772 -0.4492913480639011
-0.2048677888981322 0.332830418543779 -0.2785540836285605
0.0531229995855979 -0.3457563172310407 -0.8480620191875629
0.05312299741873564 0.3457563179341587 -0.8480620192310578
-0.237095870958928 -0.2925447837715729 -0.549059431557948
0.2364710738815834 0.2928613757267864 -0.5490512872092878
0.2940918296208858 -0.1812852886035846 -0.9034748921467389
-0.294091829620886 0.1812852886035844 -0.903474892146739
-0.3361423839174419 -0.07976627011553236 -0.9034748921467395
0.3361423837438077 0.07976627000604677 -0.9034748930806333
0.2135815455804408 -0.3254137663297113 -0.2870080874120942
0.3811272400794269 -0.07907732164695973 -0.2870080874120945
-0.2023679332966848 -0.2728367789592919 -0.9478003806749282
0.202367934011585 0.2728367793298258 -0.9478003668101798
-0.1008464370940789 0.333887923596004 -0.9038763791583189
0.1713649834631601 -0.2875630164333918 -0.9978989200428597
0.2236026064339609 -0.3094490763408307 -0.5018028517132569
0.3769244594569244 -0.06070262125648399 -0.5018028520883164
0.0790211721562802 0.3121471160232907 -1.096208634747934
-0.1648449344758373 0.276597746675011 -1.096208647167061
-0.2765977466750109 0.1648449344758375 -1.096208647167061
0.2765977466750107 -0.1648449344758376 -1.096208647167061
-0.3121471133469356 -0.07902117132270206 -1.096208647167062
-0.07902117132270241 -0.3121471133469356 -1.096208647167062
0.3121471131592609 0.07902117127808461 -1.096208648018934
-0.3245025533208347 -0.1687178668708813 -0.763531178287612
0.3245025525408001 0.1687178679691818 -0.7635311799668514
-0.2373534104953081 0.07927905317500719 -1.485475429112639
-0.07927905317579639 -0.2373534104944215 -1.48547542911329
0.07927905317579542 -0.2373534104944225 -1.485475429113289
-0.2373534104944215 -0.07927905317579657 -1.48547542911329
0.2373534108423756 0.07927905264477859 -1.485475429152326
0.2373534104953098 -0.07927905317500548 -1.485475429112637
-0.07927905317500726 0.2373534104953082 -1.485475429112639
0.07927906036468962 0.2373534057838353 -1.485475428584827
0.08167001350562081 0.3670811096963474 -0.244460505300483
0.05710147201322045 -0.3093137916237059 -1.165118556804952
-0.08042932784205986 -0.3678501817534964 -0.2434364925407194
0.3332267815015446 -0.05801435871013804 -0.9943740011503959
-0.3332267815015447 0.05801435871013779 -0.9943740011503959
-0.2412237148173253 -0.2035820885285956 -1.147492972771256
0.2035820894698817 0.2412237164824599 -1.147492961893952
-0.1011730363606482 -0.3335137852764218 -0.8476243777304804
-0.3667189100012309 0.07842106351737065 -0.2447143269376709
-0.3139925750587619 -0.2017310140191989 -0.2433000225171147
0.2967558641609305 0.03989365866519484 -1.246918775058766
-0.1816290072373337 0.2380471605251723 -1.246918775055091
0.2380471605251723 -0.181629007237334 -1.24691877505509
-0.2967558641272513 -0.03989365877185273 -1.246918775055091
-0.03989365878627295 0.296755864200845 -1.246918775063122
0.3136569881495695 0.2020400490724475 -0.2440997099147894
-0.2960184852590211 0.2031095426982728 -0.3352881107631578
-0.1665972106649129 -0.2478226738570286 -1.266492737147799
0.02894917882907403 -0.3327537100790564 -0.9949621332638242
-0.05020125434609708 0.3287325517758074 -0.7469649740286197
0.03962735927019967 -0.2798516694379264 -1.356308876508322
0.2433965031884529 0.1733777713774293 -1.270008742710927
-0.3427790820737757 0.05675975295632178 -0.5544104537531283
-0.2916012121129888 0.1040369141910515 -1.227365737160748
0.1303304244419377 0.2609875065912651 -1.291274929246458
-0.2762906361291346 0.04302716253245471 -1.356840035383684
0.2762906360936289 -0.04302716254696568 -1.356840035403471
4.526413321512822e-09 0.2798559952281152 -1.385929595600446
-0.2234722257502175 0.1722991736003031 -1.362956691634011
-0.2312742150001253 -0.1549543447673929 -1.369538827887514
0.2753049086293604 0.2008619285791441 -0.4479523387911873
0.1704752061833157 -0.2252960327576043 -1.362180005581733
-0.275019995277522 -0.2006711533516511 -0.4479422582933135
0.1724461270652973 -0.2466449221822283 -1.12843590199663
-0.04543267162256776 0.3116648491262871 -1.031042094966889
0.3451890495317423 -0.06506030943362773 -0.1422328148156668
0.2668869692297953 0.1596344157779092 -0.9936014252776983
-0.2668869669349634 -0.1596344126428498 -0.9936014265756802
0.1976179004215047 -0.2899256969703773 -0.1416851140571013
-0.2336891463443029 0.3216719688958992 -0.6010260305051347
-0.1797414014530646 0.3053342110381506 -0.1376747551628018
0.1865232413902877 0.1865232343387762 -1.433279606251149
-0.1254943951343063 0.2563856390613451 -1.366379578782913
-0.2723800905360829 -0.1902761673022752 -0.6367308719198689
0.2723800892300506 0.1902761743754752 -0.6367308689509175
-0.1934864833422647 0.2523842313180623 -0.96411927074617
-0.3258171406744363 0.1986054688100676 -0.7612708769062381
0.3258171305672834 -0.1986054726447823 -0.7612708698612421
0.2860836709309088 -0.0383962100451009 -1.144801163561326
-0.02339440394359965 -0.3358271396132877 -0.7320341768285406
-0.0454429744676902 -0.3080367379474778 -1.254213297062013
0.2736495510720724 0.09001341412597998 -1.362815818766047
0.05235754989852638 0.4280210110426798 -0.1254549400446991
0.1770133133778636 -0.2596630732762896 -0.8705420630160651
-0.0932222816351836 -0.2736468145178705 -1.365619926916262
-0.04836058613549879 -0.4285139821939713 -0.1246729671394594
-0.3072374193360201 0.05699055382472527 -0.8681947846828921
0.3072374193360201 -0.05699055382472526 -0.868194784682892
-0.3400998111024391 -0.2662957242977739 -0.1252892490647662
0.3401854360796143 0.2658422192536511 -0.1256149417095615
-0.4288268563885562 0.04916418916832425 -0.1253422770506933
0.1506418035466079 -0.2838641135457252 -1.249506748940347
0.06678590368671089 0.3007054354309912 -0.9682351263587697
-0.357326963892985 0.2126604937420954 -0.4752354367175913
-0.1890272720505355 -0.1890272720505357 -1.488085245974657
-0.1890272720499529 0.1890272720499529 -1.488085245974387
0.1890272720506589 -0.1890272720498284 -1.488085245974518
0.1781144083247312 -0.2698417192554065 -0.6245955624051295
0.3167528154859814 -0.06486100357908739 -0.6245955624051294
-0.2351142223341712 -0.204810072856 -0.8459165408295739
0.2351142135981105 0.2048100787512551 -0.8459165253963371
-0.0004928482029224852 -0.4114493549901543 -0.5114032393433176
-0.0004928573318689344 0.4114493471711264 -0.5114032176008811
0.4598623510029798 -0.04512001861076033 -0.1029013863439487
0.2932671156796698 -0.3570764579335276 -0.1029013863439479
-0.2912826074933612 0.04246146542189113 -1.118321294760058
-0.1064728257525671 -0.3574620828511564 -0.9763524952098226
-0.0284239283693131 0.4279002497566772 -0.3007421987560236
-0.3593080642549639 0.2995683584783452 -0.09813604680344584
0.1751957126263281 0.4197884179723252 -0.1155002378611345
-0.1715424092833746 -0.4208148834021185 -0.1155803943294962
-0.4205404293336159 0.1725192214943567 -0.1158936238452687
0.08666300394230884 0.312398407132171 -0.7286659339530658
-0.4205304251693959 -0.1732861060988211 -0.1153277530003328
0.4206759633483477 0.1730268266732813 -0.115257598729041
-0.285658061954735 0.3530548930774791 -0.1837961503283007
0.1179576853928065 -0.3851709344471684 -0.737472336020801
0.02864611990798743 -0.4286041717188072 -0.300177483319062
-0.1677199950669041 -0.2359330809103688 -1.057379188408098
-0.4291953374677844 -0.03000971556018918 -0.3001130981600154
-0.1332950803939917 0.2996909576621531 -0.5080861484965503
0.1591644332907765 0.1720722927116238 -1.552162361145798
-0.3679575062020335 -0.2027593743420308 -0.544055766352793
-0.3963874435136007 -0.06211205277079453 -0.7885167400312305
0.3963874430115738 0.06211205327241023 -0.7885167402823906
0.3680151469178069 0.2027692149965546 -0.544204406535441
0.2800356494023066 -0.1806424959055125 -0.2908105060276891
-0.2816454011306716 -0.16224235213961 -1.256821396540797
0.32562445983414 0.07032106997173211 -0.2909476143539262
0.4185900254763402 -0.1794609233041883 -0.114192344305193
0.1690898097248975 -0.4228858813778144 -0.114192344305158
0.1801296196788181 0.355167059765932 -0.8530817109716429
0.3158478904901844 -0.08846804864129348 -1.251378404558422
-0.1659882045535726 0.424626867834886 -0.1142215806480092
-0.04378462670230165 0.4660453754491264 -0.09739830201496605
0.1229415616584797 -0.1933125818553597 -1.590173754141405
0.2990586808952443 0.07257879573660486 -0.1030970728014144
0.2113761512883459 -0.1263261319396149 -1.389034524232164
0.1068195673782494 0.3185605318979236 -0.1217496352691123
-0.1034901120950848 -0.3191735871339608 -0.1219148635410787
0.2986093570652452 0.3604727740530607 -0.09740622459564047
-0.2983574634100194 -0.3607786995754728 -0.09732922665564295
0.1212280849150277 0.3010402382911958 -0.5079702030757637
-0.1763307722231582 0.2364026318957362 -0.8447271690871084
-0.3003954309089927 -0.1505115791549961 -0.1218800596280124
3.828660140116633e-09 0.2350330300398176 -1.576428854703191
1.675885181842584e-16 -0.2350330320589471 -1.57642885547736
-0.2350330320589515 -8.142078433134375e-15 -1.576428855477362
0.2350330322080981 -2.828012028641921e-10 -1.576428855534547
-0.1223030399648724 -0.3000891042154225 -0.5079541532553635
-0.3192142204177118 0.1038606166902664 -0.1219739384744816
-0.2928994791644609 -0.07324244459752824 -0.7064359057799304
0.2928994799836565 0.07324244464204202 -0.7064359067508859
0.1749835042551761 -0.2745283311796099 -0.393251203147269
0.3178528671158979 -0.07038882222819151 -0.3932512032906472
0.04725822146460207 -0.4665650686027201 -0.09730850414523975
0.302554538410402 0.1761386011550851 -1.165799966694482
-0.4664586507720824 -0.04668985102676101 -0.09743119341713012
-0.3028513163750463 -0.07466569537979198 -0.5074150469720849
-0.423260775523825 -0.03283373668653497 -0.5123571683057352
0.07466569537979192 -0.3028513163750461 -0.5074150469720849
0.2669448390251276 -0.1613515999750077 -0.5074150469720851
0.3028513163329097 0.07466569529086776 -0.507415047790257
-0.02426486282643938 0.3511334039672822 -1.141748990523654
-0.1363101581451918 -0.3899840889779487 -0.7411251912233396
0.2863884975112608 -0.2470275585247768 -1.006245565186294
0.06964284954613134 0.3258729662350506 -1.213265279740579
-0.3763262035176049 -0.2128752928494804 -0.361263592309363
0.3766758856145079 0.2128062576001891 -0.3615555010191098
-0.2101331055991449 -0.3759260337917674 -0.4502347367772409
0.2116619416602718 0.374514459209795 -0.4519058473615963
0.1683357183936659 0.2207851012246368 -1.043441244140657
-0.3094713478250405 -0.07545874656474426 -0.3087822434119174
0.07545874656474419 -0.3094713478250405 -0.3087822434119174
-0.1773785494216572 -0.3025162475874552 -1.161797182696453
-0.4190265826352706 0.01840970290652053 -0.6468523642786886
-0.07296847464049616 0.3149854240883896 -0.3010951416527322
0.4692118669796974 0.07647514422299428 -0.09199622142264237
0.3858589860268411 -0.2777067998822524 -0.09199622142264299
-0.2419234337973478 0.140989260016445 -0.9937694367608807
0.2419234337973477 -0.140989260016445 -0.9937694367608807
0.1004834577750552 0.2211232470358058 -1.383825870101772
0.3390185927251203 0.1999465890276328 -0.9062446244552391
-0.3390185974213205 -0.1999465838682925 -0.9062446372558376
0.2056850017640457 0.3638248055782601 -0.6475462860178066
0.3310828678114064 -0.2925962663497438 -0.3225610614119738
0.2889427345568316 -0.1467497037249833 -0.0978070950921676
0.4409827034249476 0.02728562534614513 -0.3224616773688382
-0.06204948574260368 0.3075169540342637 -0.09978274083136038
-0.1637892792057452 -0.2734228708442872 -0.6406762983344649
-0.3024734269116297 -0.06743796791019899 -1.35690381110142
0.1005456563386615 -0.3080810776207814 -0.09733940060057968
0.266690491821761 0.1815801205663138 -0.1048662022119405
0.02439133589624603 0.4140385399609747 -0.7004552673979813
0.3423089329063903 -0.2697645446017022 -0.5130534117359006
0.4328013062654456 0.05129662869928031 -0.5130534125300581
0.1120641002913312 -0.3526569380770103 -1.072974171002691
-0.1462097702315692 0.374519515394063 -0.8011862275161794
-0.2168887637856753 0.3378790326057405 -0.8873141199565042
-0.1933125818553924 -0.1229415616582635 -1.590173754141469
-0.1933125818557863 0.1229415616570902 -1.590173754140584
0.07204457352898294 -0.2869143811693809 -0.7061376432460424
0.1452244915171272 -0.4007657542268955 -0.5120851944000762
0.1751531228636395 0.2500903098608708 -0.6353271758152829
-0.2987773947465558 0.2405272084303438 -1.011210800980272
-0.2628518976750301 0.1586227810335412 -0.5072491118390323
-0.004375688200717889 0.3893841139252985 -0.940262233383875
0.2903344297464437 -0.3022181301585321 -0.6570650768193427
0.418997933419999 -0.008403045482241384 -0.6570650768143275
-0.1731476906013106 -0.4072135823063727 -0.3229183292208601
0.2896695642342933 -0.2811203431546289 -0.8389523156473651
0.4001956438357508 -0.1363518112215689 -0.6726983814936875
0.1225406687855708 -0.3769184977656573 -0.9382581529792368
-0.1245948338467918 0.4215151204146528 -0.5126968469436164
0.1738943196275168 0.4077254124401189 -0.3225752549490203
-0.3794882235631995 -0.04798559265983378 -1.006610586550662
0.379488223269273 0.0479855925876702 -1.006610587446945
0.177069969537492 0.3353804014775619 -1.04087696867067
-0.4011856091132624 0.1350414902620947 -0.6711171495938965
-0.2874370746929594 -0.3076717156720066 -0.657028731844335
0.4253427067476283 -0.1284572995722827 -0.4107197075370734
-0.1508187915535078 0.3477241962850891 -1.008759753424356
-0.342890586519256 0.2940610576139366 -0.2717980200352335
-0.2783110499379823 0.2109794408606416 -1.197934701742418
0.2135528877944135 -0.3911184172407335 -0.4092504672105127
-0.3855952739059791 0.1402241026793087 -0.8431921717892187
0.3855952682620265 -0.1402241051588795 -0.8431921609505144
0.3217008749397455 0.2731281253965184 -0.7064889172333167
-0.3227917999578812 -0.3212875027741635 -0.2446186379211089
0.322691738112085 0.3215065108451262 -0.244621604805853
-0.1325098202816969 0.3199070052274225 -1.192108041151564
-0.177185343874373 0.2390611729806781 -0.6455477794138307
-0.3300567079359514 -0.188392838899364 -1.08128382164369
0.2757104641588811 0.2487495581419251 -1.061579117777195
0.1902876093286815 -0.1030822252116498 -1.585080489730771
0.3082427502061157 -0.3313545616288691 -0.2153215738041311
-0.4144530095268523 0.1642195433469451 -0.3225671829757086
0.1801725585742917 0.2545257535142116 -0.09286828928172729
-0.2968765620698072 0.04853358580982764 -0.6544189974403692
0.1207580792063351 0.4191615206774069 -0.5129000195563612
-0.2057233093114954 0.3933281161772381 -0.3861391608091067
0.4527140475003948 -0.0199320216979171 -0.21651099752821
0.1967715087226394 -0.385570317520514 -0.6476815714129254
-0.1189668323677212 -0.4186335228880771 -0.5131271043835361
-0.2010806330828769 -0.3828243675787473 -0.616216728358042
-0.1713908437487692 0.3813398771593664 -0.6865266325060951
-0.1278666177987933 -0.1948769125661327 -1.412031722926908
-0.1813878822734661 0.2579576939719064 -0.3615250377225401
-0.3856336310062845 -0.1859277957252683 -0.6653831498553433
-0.2810326190359709 -0.06561461061982592 -0.8126654199274519
0.2810326189571698 0.06561461043637967 -0.8126654207972073
0.4191982759599881 0.145668409005275 -0.2687676380244283
0.1855967708906367 -0.3677672465611918 -0.8298667768275357
-0.04391356853471623 -0.2794681667666072 -0.9359953453960845
0.3843028649650626 0.1847120206017047 -0.6657234698517053
-0.2492306779216708 -0.3189046241357133 -0.8531887395747108
-0.2886201923560762 -8.352087843460901e-13 -1.448016967183759
-0.2562287934709652 -0.1798371876500787 -0.3382208334922091
0.255791313003873 0.1798910946463874 -0.3386224989022696
-0.1789716267607462 -0.2557624057285761 -0.0941262784049248
-0.2454902009036247 0.1459238273843606 -0.8054073764504095
0.2454901995517706 -0.1459238264836414 -0.8054073763574205
0.2886201925492456 -3.67954333668763e-10 -1.448016967144064
-0.0007706586037104651 -0.4229262009428957 -0.6568005146381625
-0.2556627046878405 0.1790684479610074 -0.09402485728190273
-0.03983387546685781 0.4109951279021946 -0.8272990781712134
-0.1828717534394393 -0.249078625996875 -0.2482600237499088
0.1828717489904552 0.2490786185581146 -0.2482599997122934
0.2739959650367038 -0.1182602711995859 -0.7064241009612835
0.228101418724759 0.1407649673077178 -1.10168014612287
-0.01923466178942639 -0.4004284031990827 -0.9170086026700706
0.3953864845726293 -0.1933985745593217 -0.3146636672856009
-0.2272817204247192 0.2261480307706964 -0.2485081680451475
0.1223634126979542 0.3021928850558562 -0.3274170412390437
0.3638642695829063 -0.0972300517775344 -1.092970048953719
-0.4288097357959673 0.1224804219482143 -0.5052128916347978
0.001687631567373655 0.3133985976329872 -0.4472525531814073
-0.3135632152849774 -0.314681648629159 -0.4413871082650935
-0.3073853675516047 -0.05306993621544902 -0.09322904538927694
-0.3084910359541279 0.283957213551555 -0.6833464808470658
-0.2487352492457284 -0.1021339800733568 -1.176953430551122
0.3150028277474678 0.3141451024808302 -0.4391533098860685
0.001122345502954855 0.303678188643968 -0.645967643298885
-0.2706863414366883 -0.2691548309694597 -1.03464338904437
-1.071902953670986e-15 -0.288692493743228 -1.449043333660204
0.04296727962404667 -0.250765675374556 -1.255115930776933
-0.2510583246399239 0.1542591776396102 -0.6988853058426259
0.4004964002835956 -0.01442043045287593 -0.9151017724597136
-0.4004964005425558 0.01442043134841827 -0.9151017723991087
-0.03960130155819849 0.2772830771044006 -0.8438262717876633
0.05464629239067444 -0.2657745642865982 -1.070515684375092
-0.2972295483425355 0.3731101571518177 -0.09003208718464281
-0.1199152123435092 -0.3015511177337599 -0.3248554686339714
-0.3017415387530469 0.2767832043498538 -0.8411172825502581
-0.1868001365248214 0.1868001365248215 -1.14272767478836
-0.0941065317764668 -0.2447838677615671 -1.18691482056696
0.164010802067194 0.3914092548586409 -0.7480654134239326
-0.1953996932153248 -0.2577301182753707 -1.365315391142527
0.1449470495558706 -0.4167779832933401 -0.3166633494220212
0.4124304714743149 -0.1546754126235978 -0.5591453847101958
0.3239016718588288 0.2661643780115295 -0.8177806614737121
0.1306842123468898 0.2668312332810353 -0.8159262417543229
0.2963802632161912 -0.1478572047385697 -1.333948046592497
-0.3092673511516845 0.1334760809472543 -1.327165241530361
-0.4203325347947529 -0.146689061445988 -0.266028425993048
0.2134203454877419 0.2354356350549461 -1.346640613874329
-0.1744749113046588 -0.3430345219310429 -1.058110949715503
0.08331716330724673 0.1816193357396868 -1.645700393467363
0.1797750639009317 0.0939779103564259 -1.643168005132252
-0.1637997562095213 -0.2579762867925148 -0.4172401885388148
0.1649751397269488 0.2574514619528412 -0.4190265637198798

CELLS 5407 27035
4 319 318 1103 1182
4 242 1104 243 1183
4 1120 1162 189 1353
4 48 1102 1149 1299
4 1100 1150 302 1298
4 847 854 1119 1249
4 319 1073 318 1182
4 242 243 1077 1183
4 1126 1136 143 1188
4 564 1098 1117 1188
4 912 319 914 1073
4 189 1162 1120 1247
4 48 1149 1087 1299
4 1086 302 1150 1298
4 502 1051 1079 1190
4 286 1136 1124 1141
4 336 335 1066 1243
4 192 1114 1101 1279
4 931 1166 1080 1295
4 870 265 266 1246
4 1114 1131 1101 1279
4 459 1137 1140 1264
4 96 1111 97 1112
4 336 1066 335 1232
4 931 1080 1131 1295
4 1078 1129 110 1176
4 1168 1222 388 1274
4 295 1057 296 1255
4 870 266 1127 1246
4 565 1136 1098 1188
4 48 1102 841 1149
4 904 302 1100 1150
4 455 1214 1175 1300
4 876 1057 295 1121
4 260 1063 259 1365
4 48 837 1087 1149
4 901 1086 302 1150
4 897 319 318 1103
4 242 833 243 1104
4 192 1101 1131 1279
4 870 1097 1147 1246
4 48 49 1102 1116
4 870 1097 1246 1313
4 870 1147 265 1246
4 483 1175 455 1214
4 870 1246 1127 1313
4 319 914 1073 1182
4 869 263 264 1147
4 779 1084 1116 1248
4 328 327 681 1229
4 334 1059 335 1243
4 567 1105 568 1141
4 931 1093 1166 1295
4 295 1121 1057 1255
4 488 1134 1119 1137
4 297 296 1057 1241
4 1080 189 1162 1353
4 931 1080 339 1336
4 259 1225 260 1365
4 567 1105 1141 1386
4 502 1079 1051 1216
4 256 1221 1051 1271
4 779 1248 1116 1357
4 564 1117 592 1188
4 295 876 296 1057
4 1100 1126 143 1188
4 931 1131 1093 1295
4 1073 1103 318 1182
4 242 1077 1104 1183
4 1100 619 1126 1363
4 112 1064 1152 1176
4 596 143 1126 1136
4 402 1102 401 1149
4 144 1136 1126 1138
4 92 1147 1096 1289
4 492 1127 1140 1249
4 1078 110 1129 1305
4 302 1086 301 1117
4 48 1087 47 1116
4 267 1127 1137 1140
4 488 69 1134 1137
4 847 1119 1137 1249
4 912 1073 914 1120
4 1111 1112 96 1140
4 1099 1125 218 1146
4 331 388 1222 1274
4 279 1288 278 1314
4 335 1232 1066 1243
4 929 927 1080 1166
4 564 1098 563 1117
4 332 1047 331 1222
4 781 1125 1099 1215
4 488 69 1119 1134
4 1102 1161 29 1357
4 869 263 1147 1372
4 111 1152 1078 1176
4 492 1140 1137 1249
4 729 1107 1133 1144
4 565 1098 594 1188
4 879 1124 286 1136
4 697 189 1120 1247
4 1056 1202 1057 1242
4 563 1117 1098 1287
4 1102 1149 402 1316
4 306 1108 900 1273
4 1096 1119 457 1300
4 599 1136 144 1138
4 1096 1119 854 1249
4 628 328 329 310
4 682 328 348 329
4 1095 1278 1270 1303
4 95 492 1127 1140
4 317 316 894 1156
4 240 830 241 1157
4 359 1146 360 1263
4 457 1119 1096 1249
4 488 1137 1119 1249
4 294 1233 1046 1361
4 1116 1248 1084 1263
4 879 1136 286 1141
4 240 1143 830 1157
4 331 1222 1047 1274
4 697 1120 189 1353
4 567 1138 1105 1386
4 316 1145 894 1156
4 682 175 174 329
4 174 175 628 329
4 729 730 1107 1144
4 681 327 328 1282
4 838 1123 831 1352
4 1102 1123 29 1161
4 164 1073 1103 1302
4 914 1120 1073 1182
4 563 1117 1085 1308
4 779 1116 1084 1309
4 335 1059 1232 1243
4 1063 1359 259 1365
4 401 1149 1102 1299
4 1134 1137 69 1388
4 868 1155 1111 1178
4 1248 1263 1116 1357
4 265 1096 266 1246
4 813 1099 781 1125
4 651 1100 619 1126
4 259 1063 260 1203
4 459 1137 492 1140
4 596 143 1136 1188
4 263 264 1147 1175
4 1057 1202 135 1242
4 483 1081 1175 1214
4 334 1058 1059 1243
4 302 1086 1117 1298
4 48 1087 1116 1299
4 164 1103 1073 1338
4 48 1116 1102 1299
4 302 1117 1100 1298
4 565 594 1136 1188
4 912 1073 1162 1272
4 256 1113 1051 1221
4 1056 1057 296 1241
4 279 278 1203 1314
4 75 253 74 1390
4 564 592 594 1188
4 1080 1166 927 1284
4 518 1228 1111 1283
4 680 1106 1229 1282
4 1102 1116 49 1161
4 318 1103 1073 1156
4 242 1104 1077 1157
4 117 1097 1098 1306
4 882 879 286 1141
4 921 920 1047 1151
4 1065 1066 336 1284
4 289 1111 1228 1283
4 327 1229 1106 1282
4 488 1119 457 1249
4 1066 1162 336 1284
4 947 1099 1125 1161
4 289 1228 519 1283
4 681 1229 327 1282
4 1047 1222 1168 1274
4 483 455 454 1214
4 356 1180 1074 1351
4 680 1177 1106 1282
4 1111 1178 518 1283
4 278 1288 1203 1314
4 218 1146 1125 1174
4 912 1073 1120 1162
4 259 1359 1225 1365
4 868 287 1155 1178
4 931 1131 1080 1336
4 1101 1114 193 1163
4 1123 1239 831 1352
4 921 1151 1047 1256
4 290 519 289 1228
4 834 1164 1154 1388
4 92 1096 485 1289
4 334 1256 333 1375
4 935 1209 1148 1269
4 257 1356 258 1359
4 192 193 1101 1114
4 752 1093 1166 1293
4 185 1184 1059 1200
4 263 1175 1147 1372
4 328 681 347 1229
4 784 783 1110 1220
4 1100 1117 302 1188
4 1123 1134 831 1239
4 862 259 260 1203
4 283 1097 284 1262
4 112 1152 111 1176
4 334 1059 1256 1375
4 1099 1263 1248 1357
4 563 1085 1117 1287
4 929 1080 931 1166
4 313 1342 1227 1349
4 322 904 902 1363
4 783 1110 1220 1385
4 752 1248 1093 1293
4 194 762 1133 1368
4 838 50 1123 1161
4 882 1136 879 1141
4 194 1133 1163 1368
4 361 947 1099 1125
4 1094 1277 1268 1307
4 28 1102 29 1357
4 673 1101 1163 1257
4 339 931 929 1080
4 240 241 1083 1157
4 21 1278 1095 1303
4 834 1134 1164 1388
4 317 1082 316 1156
4 303 1100 302 1188
4 1054 85 1185 1190
4 95 492 94 1127
4 259 1063 1203 1359
4 75 466 253 1390
4 435 1123 1102 1239
4 884 1105 1141 1178
4 578 110 1129 1176
4 884 1105 1138 1141
4 565 564 594 1098
4 877 1057 876 1129
4 578 1129 110 1305
4 882 1138 1136 1386
4 783 1139 1110 1385
4 301 1117 1086 1169
4 47 1116 1087 1170
4 1119 1134 247 1137
4 834 1154 249 1388
4 1139 1220 1110 1385
4 257 1259 1356 1359
4 1096 266 1246 1249
4 882 1136 1141 1386
4 486 457 1119 1300
4 673 1101 705 1163
4 297 1057 1135 1241
4 1125 1139 943 1215
4 831 1239 1134 1352
4 359 1093 1146 1263
4 869 1147 1092 1372
4 502 1190 1079 1323
4 834 249 248 1388
4 876 1057 1121 1129
4 882 1141 1138 1386
4 1093 1248 1166 1293
4 1059 1184 1058 1200
4 940 947 1125 1161
4 838 1102 1123 1352
4 332 1115 1047 1222
4 267 1140 1137 1264
4 943 1139 1125 1385
4 1102 402 1239 1316
4 904 1118 1100 1363
4 217 1099 218 1146
4 267 1137 1127 1249
4 322 1118 904 1363
4 359 1093 360 1146
4 336 1066 1065 1243
4 21 1270 1278 1303
4 920 1047 1151 1274
4 564 594 1098 1188
4 936 1148 935 1209
4 1078 1152 528 1296
4 485 1096 1175 1289
4 75 74 253 1391
4 334 1059 1058 1256
4 619 1210 1126 1363
4 142 1100 143 1188
4 296 1057 1056 1255
4 218 1099 811 1125
4 143 1100 649 1126
4 433 29 1102 1123
4 322 904 1118 1150
4 97 1112 1111 1228
4 847 1137 267 1249
4 502 1198 1079 1216
4 337 336 1162 1284
4 110 1305 1078 1323
4 194 759 762 1368
4 435 1102 403 1239
4 1080 1162 189 1199
4 1227 1342 1050 1349
4 803 1089 1212 1324
4 257 258 1259 1359
4 754 1146 1093 1248
4 749 1088 1213 1318
4 835 1087 837 1183
4 901 899 1086 1182
4 117 1098 1097 1287
4 290 289 519 1283
4 430 402 1149 1316
4 1139 1215 1125 1385
4 1051 83 1165 1190
4 185 1058 1184 1200
4 1100 1118 904 1150
4 294 1121 1046 1233
4 1054 1185 1055 1190
4 1050 1193 695 1292
4 329 176 310 3
4 329 348 176 3
4 830 1157 1143 1245
4 240 1083 1143 1157
4 894 1156 1145 1241
4 1082 1145 316 1156
4 935 1049 1209 1269
4 930 1144 1107 1179
4 914 1090 1120 1182
4 854 266 1096 1249
4 1051 1165 83 1217
4 1052 1192 479 1297
4 512 1155 1127 1313
4 1055 1185 85 1190
4 940 1125 943 1215
4 118 1306 1124 1313
4 847 267 1127 1249
4 1056 135 1202 1242
4 858 859 1153 1259
4 642 1266 1103 1338
4 402 401 1102 1299
4 510 1246 1097 1313
4 430 402 401 1149
4 355 356 1068 1180
4 324 1130 323 1210
4 877 1057 1129 1288
4 1080 1162 1120 1353
4 1203 1288 1152 1314
4 826 1211 1128 1219
4 642 1103 164 1338
4 749 1213 1088 1381
4 117 118 1097 1306
4 930 1133 1107 1144
4 492 94 1127 1249
4 351 1151 1088 1209
4 210 1268 1277 1307
4 834 248 1134 1388
4 338 339 1080 1336
4 838 1123 1102 1161
4 277 877 876 1129
4 360 359 934 1093
4 803 1212 1089 1354
4 1097 284 1262 1377
4 1180 1290 1074 1351
4 762 759 1174 1368
4 1054 1356 1259 1359
4 582 1064 112 1176
4 75 253 412 1391
4 306 1108 1273 1339
4 870 1313 1124 1377
4 40 1148 1089 1211
4 328 682 174 329
4 328 174 628 329
4 1047 183 1168 1200
4 355 1068 356 1351
4 541 1097 1306 1313
4 1148 1209 1049 1269
4 1096 1147 92 1246
4 703 1101 193 1163
4 283 1158 1097 1262
4 510 1097 1246 1304
4 863 1124 870 1313
4 863 870 1127 1313
4 502 521 1051 1190
4 485 455 1175 1300
4 194 1163 759 1368
4 567 602 1105 1138
4 337 336 911 1066
4 218 1125 219 1174
4 142 592 1117 1188
4 628 150 149 310
4 682 199 200 348
4 150 574 149 310
4 99 520 100 272
4 199 200 348 736
4 466 99 100 272
4 520 291 124 125
4 291 574 124 125
4 224 367 225 736
4 367 790 224 225
4 56 790 36 35
4 412 56 36 35
4 1108 1142 900 1273
4 512 1124 1155 1313
4 596 1136 594 1188
4 940 943 1139 1215
4 754 217 1146 1248
4 762 1174 1133 1368
4 265 854 266 1096
4 361 947 360 1099
4 949 49 1116 1161
4 1099 1146 217 1248
4 897 1103 318 1156
4 858 1153 1051 1259
4 242 833 1104 1157
4 684 1168 183 1200
4 568 1105 603 1141
4 590 1117 563 1308
4 806 1116 779 1309
4 876 295 875 1121
4 337 336 1066 1162
4 359 358 1166 1263
4 290 271 519 1228
4 331 1047 332 1274
4 1054 1190 1259 1356
4 1124 1136 879 1377
4 164 1103 639 1302
4 863 1124 1127 1155
4 519 1228 518 1283
4 681 680 1229 1282
4 302 901 301 1086
4 837 47 48 1087
4 990 1192 995 1320
4 1136 1138 599 1386
4 1184 1232 1059 1243
4 876 1121 875 1129
4 943 1220 1139 1385
4 48 949 49 1116
4 1127 1246 266 1249
4 334 908 335 1059
4 1074 1166 1080 1284
4 847 1119 247 1137
4 1137 1140 1127 1249
4 1225 1359 1062 1365
4 1074 927 1166 1284
4 483 1175 1081 1289
4 1138 1141 1105 1386
4 74 253 252 1390
4 877 297 296 1057
4 1047 1168 183 1238
4 1200 1256 1059 1375
4 248 247 1134 1137
4 526 1078 528 1296
4 813 811 781 1099
4 619 651 649 1100
4 673 703 705 1101
4 435 433 403 1102
4 29 1161 1123 1215
4 361 1125 1099 1146
4 1113 1259 1190 1356
4 943 1125 1220 1385
4 596 594 143 1188
4 563 1098 564 1287
4 352 351 1088 1209
4 818 1110 783 1139
4 898 1142 1126 1273
4 285 1124 879 1377
4 52 1109 836 1164
4 567 602 568 1105
4 729 730 765 1107
4 784 783 818 1110
4 41 40 1089 1211
4 1103 1266 1182 1338
4 1101 1131 1114 1373
4 729 1107 765 1133
4 277 877 1129 1288
4 83 468 1165 1190
4 752 1166 1093 1335
4 915 1106 344 1167
4 1087 1149 837 1183
4 901 1086 1150 1182
4 356 1068 1180 1351
4 875 874 1048 1233
4 912 1162 911 1272
4 404 1134 1123 1239
4 701 1131 1101 1189
4 31 1139 1123 1164
4 1069 1291 1207 1337
4 1066 1232 1184 1243
4 1065 1162 1066 1284
4 641 1171 1122 1196
4 448 1192 1113 1297
4 1124 1306 1097 1313
4 118 1124 543 1313
4 890 1046 891 1227
4 921 1088 1151 1256
4 1083 62 1208 1310
4 914 1090 916 1336
4 862 260 1063 1203
4 1068 1290 1180 1351
4 425 1172 1128 1197
4 332 1047 1115 1256
4 1114 1146 727 1174
4 884 1141 287 1178
4 144 596 143 1126
4 404 1123 403 1239
4 297 1057 877 1135
4 338 929 927 1080
4 324 323 895 1210
4 328 347 327 1229
4 359 1166 1093 1263
4 863 1127 866 1155
4 875 1048 1121 1233
4 898 1126 1142 1210
4 1147 1175 1096 1289
4 898 895 1126 1210
4 247 847 854 1119
4 1056 1205 612 1242
4 1038 1034 1043 1342
4 826 827 1128 1211
4 142 1100 1188 1298
4 119 1141 1124 1306
4 1051 1113 256 1259
4 192 1101 701 1131
4 863 870 1124 1377
4 587 1173 1121 1194
4 526 1078 1296 1323
4 352 351 921 1088
4 41 40 936 1089
4 1100 1315 619 1363
4 1114 759 1163 1368
4 873 870 1097 1147
4 1061 1270 1095 1278
4 813 811 1099 1125
4 651 649 1100 1126
4 433 1102 435 1123
4 338 1080 1120 1336
4 1051 1079 1190 1259
4 619 1315 1210 1363
4 459 1140 495 1264
4 729 1133 728 1174
4 1060 1268 1094 1277
4 269 1112 1111 1140
4 332 921 920 1047
4 294 891 890 1046
4 142 1188 1117 1298
4 1142 1210 1126 1273
4 118 541 1306 1313
4 600 1141 1306 1386
4 456 1096 457 1300
4 703 705 1101 1163
4 567 568 603 1141
4 587 1194 1121 1319
4 48 841 837 1149
4 904 901 302 1150
4 949 1161 1116 1263
4 727 1146 1114 1279
4 866 1127 267 1140
4 488 69 1137 1388
4 533 502 1051 1216
4 1046 891 1227 1255
4 1115 1256 1200 1375
4 1126 1136 305 1138
4 1054 1113 1190 1356
4 323 1210 1118 1363
4 873 265 870 1147
4 119 600 1141 1306
4 676 1167 1106 1329
4 1166 1295 1093 1335
4 1127 1140 866 1155
4 389 1168 388 1274
4 971 966 1194 1347
4 320 1090 914 1182
4 921 1088 351 1151
4 499 1165 1113 1192
4 854 847 266 1249
4 664 1193 1115 1292
4 1093 1146 754 1279
4 729 1144 1133 1174
4 545 1127 512 1155
4 758 1146 218 1174
4 1046 133 1173 1202
4 360 1093 934 1146
4 873 869 1147 1158
4 556 1048 1194 1319
4 341 342 1114 1378
4 210 1277 1094 1307
4 142 594 592 1188
4 936 1089 40 1148
4 1061 1237 1095 1270
4 1175 1214 1091 1300
4 1060 1236 1094 1268
4 575 1173 133 1202
4 483 485 455 1175
4 28 1299 1102 1357
4 1101 340 1336 1373
4 323 1130 1118 1210
4 779 1084 778 1309
4 563 1085 562 1308
4 1106 1167 915 1329
4 758 218 219 1174
4 277 1288 1129 1330
4 930 363 1144 1179
4 135 579 1057 1242
4 1046 1121 294 1255
4 1099 1248 809 1357
4 959 954 1196 1361
4 460 495 1112 1264
4 48 49 841 1102
4 904 302 303 1100
4 340 919 341 1101
4 873 284 283 1097
4 264 857 265 1096
4 305 1136 879 1138
4 781 1215 1099 1357
4 1147 1175 1092 1372
4 340 919 1101 1336
4 1123 1134 404 1164
4 1046 1173 133 1240
4 579 1057 1242 1358
4 354 1180 355 1244
4 44 43 1181 1245
4 875 1121 1048 1355
4 897 1156 318 1234
4 242 833 1157 1235
4 1192 1223 995 1320
4 898 306 900 1273
4 752 1293 1166 1335
4 836 1154 249 1164
4 253 74 252 1391
4 764 1107 730 1144
4 1121 1202 1057 1255
4 1128 1211 1053 1219
4 1119 1134 69 1239
4 914 1120 1090 1336
4 1141 1155 287 1178
4 351 1049 1151 1209
4 169 1130 1118 1257
4 189 1199 1162 1346
4 949 1099 1161 1263
4 40 1211 826 1219
4 51 940 1139 1215
4 599 596 144 1136
4 545 1140 1127 1155
4 638 1206 1067 1331
4 1080 1166 1074 1335
4 863 866 1124 1155
4 897 319 1103 1182
4 243 1104 833 1183
4 361 1099 360 1146
4 1193 1224 1043 1342
4 356 1074 1344 1351
4 831 1134 1123 1164
4 337 1066 911 1162
4 335 1059 908 1232
4 1132 1276 531 1328
4 1109 1154 836 1164
4 404 435 403 1123
4 864 1132 865 1314
4 249 1264 248 1388
4 332 921 1047 1256
4 715 1168 1115 1193
4 1122 1227 891 1255
4 891 1046 294 1255
4 858 1051 256 1259
4 328 682 348 347
4 328 628 309 310
4 309 574 291 310
4 290 291 520 272
4 366 348 367 736
4 367 55 790 56
4 31 1123 438 1164
4 831 1134 247 1352
4 936 1089 1148 1209
4 756 754 217 1146
4 338 914 339 1120
4 1113 1165 468 1190
4 1152 1203 1078 1288
4 291 151 3 310
4 101 291 3 272
4 348 201 3 367
4 3 56 367 37
4 1122 1227 1050 1349
4 401 1265 1149 1299
4 617 1266 1150 1298
4 681 328 174 1282
4 813 218 811 1125
4 651 143 649 1126
4 433 435 29 1123
4 1113 1192 1052 1297
4 865 1132 1072 1314
4 1131 1279 1114 1373
4 834 1134 831 1164
4 868 1140 1111 1155
4 882 305 879 1138
4 882 879 1136 1138
4 897 1103 1156 1234
4 1104 1157 833 1235
4 341 1114 1101 1378
4 941 355 356 1351
4 898 324 895 1210
4 440 1154 1109 1164
4 752 1093 1295 1335
4 1190 1259 1079 1323
4 875 1048 874 1355
4 914 320 916 1090
4 617 1298 1150 1315
4 75 74 466 1390
4 779 809 1248 1357
4 1078 1305 1079 1323
4 332 1115 333 1256
4 913 1163 1130 1167
4 1124 1141 546 1155
4 118 541 1097 1306
4 395 396 1061 1208
4 611 1205 1056 1250
4 1080 1074 1284 1335
4 40 1053 1148 1211
4 395 1208 1061 1251
4 1090 670 1189 1338
4 603 1141 1105 1178
4 1127 1155 1124 1313
4 611 612 1056 1205
4 56 253 252 1391
4 749 737 1088 1318
4 834 831 1123 1164
4 1047 1151 1088 1256
4 485 1175 1096 1300
4 277 1078 1288 1330
4 553 1198 502 1216
4 51 1123 940 1215
4 1115 1193 1050 1292
4 900 1142 1108 1177
4 1067 1206 638 1258
4 869 1092 1147 1158
4 803 791 1089 1324
4 40 827 826 1211
4 76 253 272 3
4 76 56 253 3
4 875 1129 1121 1355
4 1086 1206 616 1266
4 1087 1207 400 1265
4 962 971 966 1194
4 510 1246 540 1304
4 354 1094 924 1180
4 939 43 1095 1181
4 340 1101 341 1373
4 210 211 1094 1277
4 21 22 1095 1278
4 1185 1359 1063 1365
4 338 1120 339 1336
4 144 1126 145 1138
4 1095 1270 1237 1303
4 1062 1359 1185 1365
4 145 1138 1126 1273
4 940 1123 50 1215
4 749 1088 718 1381
4 759 1114 1174 1368
4 1120 1189 670 1338
4 1125 940 1161 1215
4 1083 1208 1157 1310
4 448 499 1113 1192
4 754 1146 756 1279
4 422 1291 1069 1337
4 812 1161 29 1215
4 118 543 541 1313
4 264 1096 265 1147
4 1115 1200 1059 1375
4 51 940 943 1139
4 925 1146 932 1368
4 422 1207 1291 1337
4 803 1089 772 1354
4 762 728 729 1133
4 1101 919 1201 1336
4 909 316 317 1232
4 313 1227 1122 1349
4 169 1118 1130 1210
4 1078 1152 1064 1176
4 859 858 256 1259
4 1094 1268 1236 1307
4 932 1146 1114 1368
4 460 1112 494 1264
4 847 1127 266 1249
4 834 249 1154 1164
4 1079 1129 1078 1330
4 927 338 1080 1284
4 1073 1247 1162 1272
4 1064 1152 1078 1288
4 729 764 730 1144
4 244 853 851 1384
4 30 29 1123 1215
4 1128 826 1219 1275
4 458 1137 488 1249
4 323 895 1210 1363
4 248 847 247 1137
4 596 1126 144 1136
4 210 1094 211 1307
4 139 1075 1206 1371
4 1076 1207 25 1370
4 546 1124 120 1141
4 873 1147 1097 1158
4 806 779 778 1309
4 590 563 562 1308
4 898 1142 324 1210
4 1061 1208 396 1278
4 1144 1174 362 1368
4 684 1115 1168 1200
4 865 1072 1132 1226
4 1120 1162 1073 1247
4 884 1105 306 1138
4 864 1063 1132 1314
4 1051 1221 1165 1271
4 460 459 495 1264
4 885 302 301 1169
4 946 48 47 1170
4 1101 1114 341 1373
4 21 1095 22 1303
4 917 322 323 1378
4 354 1094 1180 1244
4 1095 1181 43 1245
4 440 1109 406 1164
4 486 456 457 1300
4 1088 1151 1213 1318
4 30 1123 31 1139
4 338 1120 1080 1162
4 925 362 1125 1174
4 51 1139 1123 1215
4 749 718 1213 1381
4 354 924 1094 1243
4 939 1095 43 1244
4 990 986 995 1192
4 322 1150 1118 1201
4 169 1118 168 1257
4 634 1056 612 1242
4 1059 686 1200 1292
4 1085 1262 1117 1287
4 686 185 1059 1200
4 1078 1176 1064 1288
4 715 1115 664 1193
4 1123 1161 50 1215
4 1074 1290 1160 1351
4 529 1276 1063 1328
4 813 1125 781 1215
4 459 492 495 1140
4 1080 1284 1199 1335
4 87 1185 1063 1276
4 360 1146 1099 1263
4 52 1109 1164 1345
4 361 940 947 1125
4 863 870 266 1127
4 838 50 831 1123
4 735 1218 347 1229
4 576 1305 1048 1319
4 674 673 1163 1257
4 1106 1177 327 1282
4 289 1178 1111 1283
4 1112 1154 494 1264
4 1106 344 1167 1367
4 925 1125 361 1174
4 344 1107 930 1133
4 641 1196 1122 1387
4 68 1119 69 1239
4 1125 1144 219 1174
4 615 1206 1103 1266
4 399 1207 1104 1265
4 913 910 1130 1163
4 264 857 1096 1175
4 1107 1144 764 1179
4 1054 470 1190 1297
4 266 847 267 1127
4 285 286 879 1124
4 879 305 304 1126
4 361 925 362 1125
4 51 50 940 1123
4 697 694 189 1247
4 1118 1210 619 1315
4 302 1117 301 1169
4 48 1116 47 1170
4 674 1163 1130 1257
4 240 241 846 1286
4 112 1152 1064 1362
4 295 294 1121 1255
4 873 1097 283 1158
4 688 1059 185 1184
4 1117 1262 1098 1287
4 1113 1165 1051 1221
4 1102 1239 1123 1352
4 756 1146 727 1279
4 804 1076 25 1370
4 139 588 1075 1371
4 931 359 358 1166
4 810 1161 812 1215
4 1078 1129 1079 1305
4 425 1197 1128 1334
4 305 1126 879 1136
4 694 1162 189 1247
4 65 1214 1091 1383
4 1124 1141 1136 1306
4 959 954 950 1196
4 1199 1284 1074 1335
4 75 412 74 1391
4 458 488 457 1249
4 803 772 1212 1354
4 495 1140 1112 1264
4 615 616 1206 1266
4 399 400 1207 1265
4 912 1120 338 1162
4 328 681 682 347
4 627 328 628 309
4 257 1259 1113 1356
4 1116 1161 1099 1263
4 789 1231 55 1317
4 52 945 1110 1139
4 1079 1153 859 1259
4 865 1226 1132 1372
4 1113 1190 470 1297
4 575 1121 1173 1202
4 1054 1259 1190 1359
4 257 256 1113 1259
4 870 1097 1313 1377
4 525 85 1055 1185
4 119 120 1124 1141
4 256 1051 858 1271
4 255 994 856 1221
4 928 1144 362 1368
4 383 1002 1007 1260
4 588 1308 1075 1371
4 804 1309 1076 1370
4 564 563 592 1117
4 30 1123 1139 1215
4 898 900 1142 1273
4 142 143 594 1188
4 1089 1148 1212 1324
4 1136 1306 1141 1386
4 1131 1336 340 1373
4 913 343 1163 1167
4 912 914 338 1120
4 931 1093 1131 1373
4 1125 1146 361 1174
4 549 1111 1155 1178
4 386 1014 1019 1261
4 913 343 910 1163
4 247 1134 1119 1352
4 1129 1288 1078 1330
4 556 1048 607 1194
4 333 1256 1115 1375
4 828 1061 829 1143
4 834 836 249 1164
4 386 1014 1261 1269
4 1210 1315 1118 1363
4 892 1056 893 1145
4 1051 1153 858 1271
4 362 1144 1125 1174
4 940 50 1161 1215
4 267 1137 850 1264
4 914 339 1120 1336
4 931 1093 359 1166
4 879 1126 304 1136
4 466 272 253 1390
4 1101 1336 1131 1373
4 853 1091 1175 1384
4 727 1146 756 1174
4 351 350 1151 1269
4 269 268 1112 1140
4 269 1111 268 1140
4 1055 1259 1190 1323
4 192 757 1114 1279
4 485 1175 483 1289
4 546 1141 120 1155
4 710 676 1106 1329
4 1103 1182 1073 1338
4 164 642 639 1103
4 1050 1227 1171 1342
4 762 728 1133 1174
4 752 216 1248 1293
4 1083 1208 62 1364
4 622 1142 1108 1273
4 1142 1177 900 1329
4 435 403 1123 1239
4 1090 1189 1120 1338
4 884 1138 882 1141
4 959 1196 1240 1361
4 941 1068 355 1351
4 354 1094 923 1243
4 43 1095 938 1244
4 538 540 1246 1304
4 819 1110 1179 1220
4 1115 1200 686 1292
4 356 1074 357 1344
4 478 1081 1276 1348
4 1124 1306 1136 1377
4 1054 1190 1113 1297
4 1091 66 1265 1316
4 710 1106 1177 1329
4 376 1165 1221 1271
4 971 1194 1191 1347
4 549 1155 1141 1178
4 1121 1194 1048 1319
4 1058 1184 1059 1243
4 1093 1248 1146 1263
4 85 1054 470 1190
4 324 1142 1130 1210
4 812 810 29 1161
4 244 1091 853 1384
4 255 1221 256 1271
4 410 1109 409 1204
4 290 519 124 1283
4 577 135 1057 1202
4 683 1050 695 1292
4 296 893 892 1056
4 334 923 922 1058
4 938 937 353 1060
4 828 42 829 1061
4 56 412 253 1391
4 347 348 366 736
4 574 290 309 291
4 271 290 520 272
4 55 367 790 366
4 529 531 1276 1328
4 1097 1262 1098 1377
4 264 1096 1147 1175
4 271 272 466 1390
4 460 494 459 1264
4 651 1126 619 1210
4 916 1090 1201 1336
4 1133 1163 343 1167
4 195 1163 1133 1167
4 185 1058 742 1184
4 538 1246 1147 1304
4 698 1090 670 1189
4 864 1132 1063 1365
4 539 1287 1097 1304
4 219 1125 220 1144
4 95 1127 545 1140
4 1078 1203 1152 1296
4 1088 1213 1047 1381
4 322 1118 323 1378
4 916 1201 919 1336
4 1063 1276 1132 1328
4 467 1052 479 1297
4 1130 1142 324 1329
4 1147 1246 1097 1304
4 703 193 705 1163
4 1125 1161 1099 1215
4 1056 1057 1241 1242
4 472 1054 85 1185
4 1146 1248 1099 1263
4 357 1074 927 1166
4 835 1087 1183 1333
4 899 1086 1182 1332
4 524 1305 110 1323
4 868 268 1140 1155
4 1046 1227 1122 1255
4 1082 1205 162 1360
4 885 1117 302 1169
4 946 1116 48 1170
4 1057 877 1135 1288
4 354 923 924 1243
4 939 43 938 1244
4 1034 1193 1043 1342
4 1059 1200 1058 1256
4 1135 1241 1057 1242
4 286 1141 1124 1155
4 1046 1233 1173 1361
4 909 336 335 1232
4 240 846 1225 1286
4 852 1112 268 1264
4 252 55 56 1391
4 512 1124 546 1155
4 265 1147 1096 1246
4 544 1216 1051 1217
4 619 1118 648 1210
4 1057 1202 1056 1255
4 1083 1267 62 1310
4 1166 1248 1093 1263
4 502 523 1190 1323
4 559 1064 1176 1358
4 194 1114 759 1163
4 538 510 540 1304
4 256 842 843 1221
4 529 87 1063 1276
4 1089 1212 1049 1354
4 983 978 1216 1271
4 761 219 1144 1174
4 1059 1200 1115 1292
4 1088 1151 1049 1209
4 578 1176 1129 1319
4 928 1133 930 1144
4 819 1179 1144 1220
4 220 1144 1125 1385
4 1088 1151 1047 1213
4 302 1117 889 1188
4 1156 1205 1145 1241
4 1157 1208 1143 1245
4 290 289 270 1228
4 347 346 327 1229
4 270 271 290 1228
4 540 1246 510 1313
4 1089 1148 1049 1212
4 935 1049 351 1209
4 664 695 1193 1292
4 378 500 997 1217
4 886 1136 1098 1377
4 539 1158 116 1287
4 619 648 1118 1315
4 118 543 1124 1306
4 1060 1236 353 1244
4 1061 1237 42 1245
4 756 217 218 1146
4 1097 1158 1098 1262
4 670 1090 698 1338
4 582 112 111 1176
4 574 290 291 124
4 682 199 348 347
4 628 149 309 310
4 291 290 520 124
4 149 574 309 310
4 199 348 347 736
4 366 367 224 736
4 790 366 367 224
4 271 520 99 272
4 271 99 466 272
4 790 56 55 35
4 56 412 55 35
4 917 1201 322 1378
4 65 1091 66 1265
4 868 268 1111 1140
4 1098 1136 565 1306
4 117 118 541 1097
4 703 192 193 1101
4 811 218 217 1099
4 649 143 142 1100
4 28 433 29 1102
4 354 924 355 1180
4 939 44 43 1181
4 925 1174 1146 1368
4 249 1154 1264 1388
4 880 878 279 1064
4 336 926 924 1065
4 298 896 894 1067
4 941 939 355 1068
4 830 44 832 1069
4 1066 1184 1065 1243
4 1084 1166 358 1263
4 351 1151 1049 1269
4 982 871 274 1153
4 1090 1266 166 1338
4 531 1280 1132 1328
4 1115 1168 1047 1222
4 1123 1139 51 1164
4 486 457 488 1119
4 1153 1191 374 1374
4 316 1082 317 1232
4 962 1194 966 1347
4 259 846 260 1225
4 189 1162 694 1346
4 639 1302 1103 1331
4 925 362 1174 1368
4 762 759 728 1174
4 528 1078 111 1152
4 758 756 218 1146
4 313 890 891 1227
4 145 1126 144 1273
4 1081 478 1276 1379
4 244 245 1091 1149
4 321 1090 320 1150
4 478 481 1081 1348
4 374 1191 1153 1347
4 65 1091 1265 1383
4 1084 1248 1166 1263
4 925 361 1146 1174
4 904 1100 902 1363
4 192 757 193 1114
4 278 861 1203 1330
4 430 1149 401 1265
4 256 843 1113 1221
4 751 1080 189 1199
4 300 1075 881 1169
4 46 1076 942 1170
4 986 1192 990 1320
4 401 1087 1265 1299
4 617 1086 1266 1298
4 448 479 1192 1297
4 195 708 1163 1167
4 425 413 1128 1172
4 599 144 145 1138
4 909 317 1082 1232
4 852 269 268 1112
4 307 900 306 1108
4 915 345 344 1106
4 345 930 344 1107
4 884 307 306 1105
4 269 868 268 1111
4 52 945 53 1110
4 52 53 836 1109
4 1162 1247 694 1346
4 927 1074 356 1284
4 629 1122 641 1171
4 1091 1214 482 1300
4 418 1061 396 1278
4 710 1106 676 1177
4 656 622 1108 1177
4 603 1105 568 1178
4 730 1107 764 1179
4 514 1111 549 1178
4 784 819 1110 1179
4 859 1153 1079 1355
4 810 1161 1215 1357
4 533 502 521 1051
4 1089 1148 1053 1211
4 1097 1287 1158 1304
4 470 1113 468 1190
4 455 482 1214 1300
4 1002 1219 1197 1260
4 304 1136 1126 1188
4 1121 1129 1048 1355
4 309 1230 627 1282
4 573 1230 309 1283
4 328 174 627 628
4 681 328 682 174
4 710 1167 676 1329
4 590 1117 1308 1371
4 806 1116 1309 1370
4 306 1273 1138 1339
4 459 1137 1264 1388
4 332 905 906 1222
4 354 353 1236 1244
4 43 42 1237 1245
4 1066 911 1162 1272
4 854 1119 1096 1254
4 1149 1265 1087 1299
4 1150 1266 1086 1298
4 438 1123 404 1164
4 863 1127 1124 1313
4 277 1078 278 1288
4 244 837 1149 1183
4 901 1150 320 1182
4 898 305 1138 1273
4 701 191 1131 1189
4 681 199 347 1229
4 735 347 199 1229
4 149 309 573 1230
4 627 309 149 1230
4 271 99 519 1228
4 55 789 35 1231
4 389 1026 1238 1274
4 263 1081 851 1175
4 303 302 889 1188
4 875 294 874 1233
4 779 807 1084 1248
4 278 1078 1203 1288
4 784 1110 819 1220
4 886 1098 1136 1188
4 1122 1171 1050 1227
4 440 1154 1164 1388
4 1049 1151 386 1269
4 898 1126 305 1273
4 577 1202 1057 1319
4 30 1139 815 1215
4 1116 1161 1102 1357
4 735 347 366 736
4 574 290 573 309
4 366 790 55 789
4 290 271 520 519
4 362 943 1125 1220
4 353 1060 1209 1236
4 587 575 1121 1173
4 389 1238 1047 1274
4 322 1201 1118 1378
4 328 309 627 1282
4 795 22 1095 1303
4 40 1053 1211 1219
4 166 1266 1090 1366
4 306 1138 1105 1339
4 1121 1173 1046 1233
4 366 347 735 1218
4 87 1062 1185 1276
4 317 909 1082 1272
4 343 1163 1133 1368
4 784 819 783 1220
4 42 1061 1211 1237
4 30 31 815 1139
4 924 1180 1094 1243
4 939 1181 1095 1244
4 240 1083 241 1286
4 395 396 1208 1251
4 1108 1142 656 1177
4 945 1110 1139 1220
4 385 386 1151 1269
4 248 1264 1137 1388
4 1061 1143 828 1341
4 1121 1202 575 1319
4 892 1056 1145 1340
4 640 1206 638 1331
4 846 1062 260 1225
4 521 1051 83 1217
4 942 46 45 1351
4 865 281 280 1072
4 318 319 912 1073
4 927 357 356 1074
4 300 299 881 1075
4 242 243 849 1077
4 1152 1288 1064 1314
4 769 1047 1213 1381
4 686 1115 684 1200
4 111 1078 110 1176
4 332 906 1115 1222
4 587 1121 575 1319
4 1153 1191 1048 1347
4 961 393 663 1224
4 853 1175 851 1384
4 504 526 528 1296
4 578 580 110 1176
4 931 934 1093 1373
4 834 1123 51 1164
4 559 1064 582 1176
4 260 1225 1062 1365
4 749 1213 1187 1318
4 1171 1227 391 1342
4 312 1227 313 1342
4 442 409 1109 1204
4 1049 1148 1089 1209
4 1126 1138 305 1273
4 878 1064 880 1321
4 983 1216 1217 1271
4 898 1138 306 1273
4 366 1218 224 1317
4 271 99 1228 1390
4 1146 1174 1114 1368
4 706 1224 1050 1311
4 193 1114 194 1163
4 894 1067 896 1156
4 1150 1266 617 1315
4 830 1069 832 1157
4 779 780 809 1357
4 267 850 1140 1264
4 440 1164 437 1388
4 616 1086 643 1206
4 400 1087 427 1207
4 909 1066 336 1232
4 135 136 579 1242
4 907 908 334 1059
4 468 1113 499 1165
4 65 482 1091 1214
4 490 1223 1052 1312
4 56 55 412 1391
4 424 1207 422 1337
4 669 1120 670 1338
4 306 898 305 1138
4 192 701 191 1131
4 876 877 296 1057
4 749 737 718 1088
4 803 791 772 1089
4 1026 1031 1238 1274
4 1160 1290 1068 1351
4 866 286 1124 1155
4 1187 1213 1151 1318
4 279 278 862 1203
4 913 1130 324 1329
4 539 1158 1287 1304
4 500 1165 997 1217
4 389 1047 1168 1274
4 537 1158 539 1304
4 1175 1289 1092 1372
4 381 447 1009 1223
4 539 117 1097 1287
4 909 911 336 1066
4 1082 162 1205 1302
4 1101 1201 1189 1336
4 244 1149 1091 1183
4 320 1150 1090 1182
4 936 935 351 1209
4 998 1002 1197 1260
4 780 1099 809 1357
4 421 1208 62 1310
4 912 337 911 1162
4 119 600 120 1141
4 348 682 329 176
4 628 329 176 310
4 556 576 1048 1319
4 1107 1133 344 1367
4 838 831 247 1352
4 334 923 1058 1243
4 938 1060 353 1244
4 893 1056 296 1241
4 829 1061 42 1245
4 383 1219 1002 1260
4 1055 1190 523 1323
4 169 650 1118 1210
4 548 1111 1140 1155
4 758 756 1146 1174
4 913 1133 343 1167
4 514 549 1111 1155
4 556 1194 587 1319
4 622 621 1142 1273
4 352 921 922 1236
4 937 41 936 1237
4 52 1139 1110 1345
4 1153 1198 1191 1374
4 389 1168 1047 1238
4 59 1251 1312 1364
4 539 537 116 1158
4 117 1098 595 1306
4 729 761 1144 1174
4 271 253 272 1390
4 271 252 253 1390
4 242 1157 1077 1286
4 135 1056 634 1242
4 712 172 1177 1282
4 122 551 1178 1283
4 354 923 1094 1236
4 938 1095 43 1237
4 950 1196 954 1361
4 355 1180 1068 1244
4 44 1181 1069 1245
4 1098 1306 1097 1377
4 549 1141 121 1178
4 879 1136 886 1377
4 294 1046 890 1361
4 1049 1212 823 1354
4 875 1121 294 1233
4 221 1144 819 1179
4 271 466 99 1390
4 300 1169 881 1343
4 46 1170 942 1344
4 521 83 544 1217
4 880 1064 279 1369
4 834 831 51 1123
4 863 866 286 1124
4 895 305 898 1126
4 940 362 943 1125
4 863 267 866 1127
4 1130 1163 674 1167
4 220 1125 816 1385
4 834 51 1139 1164
4 353 1060 937 1209
4 636 1205 1067 1242
4 975 871 982 1153
4 299 1075 300 1234
4 45 1076 46 1235
4 527 1063 87 1185
4 307 1108 306 1339
4 307 306 1105 1339
4 1116 1102 1299 1357
4 1092 1175 1147 1289
4 473 1267 1253 1322
4 998 1007 1002 1260
4 354 1236 1094 1244
4 43 1237 1095 1245
4 819 1220 1144 1385
4 352 1088 921 1236
4 41 1089 936 1237
4 531 1276 1132 1348
4 366 789 55 1317
4 834 1139 52 1164
4 459 1264 494 1388
4 483 481 1081 1214
4 834 51 52 1139
4 42 1061 828 1211
4 244 835 837 1183
4 901 320 899 1182
4 653 1210 169 1380
4 1131 1189 191 1353
4 277 861 278 1330
4 712 1106 680 1177
4 518 1111 551 1178
4 52 1110 53 1345
4 52 53 1109 1345
4 1167 1329 710 1380
4 345 344 1106 1367
4 345 1107 344 1367
4 383 1186 1053 1260
4 376 1165 992 1221
4 169 1210 1130 1380
4 897 318 896 1234
4 242 832 833 1235
4 328 627 174 1282
4 169 704 1130 1257
4 385 1014 386 1269
4 949 1099 947 1161
4 669 1247 1120 1338
4 1075 881 1169 1343
4 1076 942 1170 1344
4 810 29 1161 1357
4 1139 1164 31 1345
4 1098 1158 1097 1287
4 715 684 1115 1168
4 1250 1311 160 1360
4 819 783 1220 1385
4 183 738 1047 1238
4 366 735 224 1218
4 531 1132 1280 1348
4 866 1141 286 1155
4 260 1062 846 1365
4 388 1026 389 1274
4 1134 437 1164 1388
4 240 1225 1083 1286
4 281 280 1072 1369
4 913 344 1133 1167
4 1069 1181 44 1235
4 1074 1180 356 1284
4 61 62 1208 1364
4 437 404 1134 1164
4 313 891 1122 1227
4 101 76 272 3
4 291 101 3 126
4 151 291 3 126
4 176 151 310 3
4 348 201 176 3
4 226 3 367 37
4 3 201 226 367
4 76 56 3 37
4 386 1187 1049 1261
4 523 1055 85 1190
4 170 653 169 1380
4 800 1160 1068 1294
4 931 1131 340 1373
4 278 1203 1078 1330
4 386 1151 1049 1187
4 1079 1153 1051 1216
4 383 1148 1053 1186
4 896 1067 298 1234
4 44 832 1069 1235
4 478 1276 89 1348
4 868 866 268 1155
4 339 929 338 1080
4 617 1086 616 1266
4 401 1087 400 1265
4 524 1079 1305 1323
4 1103 1206 1086 1266
4 1104 1207 1087 1265
4 1083 1253 473 1267
4 1098 1262 1158 1287
4 1068 1180 1094 1244
4 1069 1181 1095 1245
4 30 812 29 1215
4 212 1094 1277 1290
4 23 1095 1278 1291
4 390 716 1045 1168
4 195 194 1133 1163
4 795 21 22 1303
4 488 69 68 1119
4 169 650 168 1118
4 910 1130 1163 1378
4 926 1065 336 1284
4 478 1081 481 1379
4 385 1151 350 1269
4 168 1257 1118 1366
4 886 1136 304 1188
4 838 1102 49 1161
4 538 1147 92 1289
4 1173 1233 370 1361
4 1132 1314 1063 1328
4 1053 1148 383 1219
4 866 287 286 1141
4 1081 851 1175 1384
4 761 219 220 1144
4 634 611 612 1056
4 395 396 418 1061
4 52 1164 1139 1345
4 318 1073 912 1272
4 294 293 1233 1361
4 743 1094 1290 1325
4 275 858 859 1153
4 1133 1167 344 1367
4 800 1068 1160 1290
4 1113 1221 843 1350
4 913 344 343 1133
4 351 1049 935 1269
4 611 612 1205 1250
4 242 1077 849 1286
4 862 1063 864 1314
4 332 1047 920 1274
4 175 628 329 176
4 682 175 329 176
4 998 1197 1002 1219
4 362 1125 1144 1220
4 591 1085 563 1287
4 1072 1314 1132 1328
4 674 673 705 1163
4 688 686 185 1059
4 819 1144 220 1385
4 983 978 974 1216
4 789 366 224 1317
4 796 1277 1060 1303
4 1118 1130 323 1378
4 740 1058 185 1200
4 743 1094 212 1290
4 797 1095 23 1291
4 1051 1153 1079 1259
4 1101 1163 1257 1378
4 683 1050 1292 1311
4 611 1250 1056 1387
4 287 1141 866 1155
4 803 1212 1186 1324
4 87 1062 474 1185
4 622 656 1108 1142
4 749 1187 760 1318
4 846 1062 848 1365
4 159 160 1250 1311
4 434 69 1134 1239
4 1112 1140 268 1264
4 386 1261 1049 1269
4 277 278 1078 1330
4 1052 1223 1192 1320
4 923 922 1058 1236
4 938 937 1060 1237
4 602 1105 1138 1339
4 119 120 546 1124
4 816 220 219 1125
4 30 438 31 1123
4 545 95 94 1127
4 797 1095 1291 1382
4 290 574 573 124
4 735 366 224 736
4 681 199 682 347
4 627 628 149 309
4 520 290 519 124
4 735 199 347 736
4 366 790 789 224
4 149 574 573 309
4 790 55 789 35
4 271 520 519 99
4 430 1149 1265 1316
4 848 1062 846 1286
4 937 936 1209 1237
4 83 1051 521 1190
4 1103 1206 614 1331
4 1253 1267 1083 1322
4 195 1167 1133 1367
4 1077 1214 480 1383
4 183 1047 738 1200
4 860 1055 861 1330
4 1115 1222 906 1349
4 275 1153 859 1355
4 418 1270 1061 1278
4 467 1052 1297 1312
4 112 1064 582 1362
4 796 1268 1060 1277
4 729 728 761 1174
4 476 1062 87 1276
4 447 1172 1009 1223
4 925 361 932 1146
4 1050 1224 1193 1342
4 211 1094 741 1307
4 844 845 1359 1393
4 961 663 1171 1224
4 1190 1259 1055 1359
4 135 632 1056 1202
4 514 1111 548 1155
4 237 1320 1275 1350
4 1186 1212 1148 1324
4 318 1156 896 1234
4 334 1058 922 1256
4 242 1157 832 1235
4 340 1131 931 1336
4 476 1267 1062 1379
4 161 162 1205 1360
4 120 1141 549 1155
4 318 1156 1073 1272
4 892 296 1056 1255
4 1104 1207 398 1337
4 1019 1261 1014 1269
4 420 1208 1069 1278
4 878 1135 1064 1321
4 861 860 258 1359
4 279 1203 862 1314
4 46 1076 45 1351
4 641 1122 629 1387
4 372 609 973 1173
4 924 1065 926 1180
4 941 939 1068 1181
4 425 1128 413 1334
4 1160 1344 1074 1351
4 774 1277 1303 1382
4 1062 1225 1185 1359
4 879 304 886 1136
4 290 573 309 1283
4 615 614 1103 1206
4 399 398 1104 1207
4 376 377 1165 1271
4 1132 1226 1072 1280
4 1226 1280 1132 1372
4 909 1232 1082 1272
4 617 645 1086 1298
4 429 1087 401 1299
4 383 1053 1219 1260
4 59 60 1251 1364
4 468 448 499 1113
4 905 906 1222 1349
4 842 843 1221 1350
4 1053 1128 1219 1275
4 133 630 1046 1240
4 1158 1281 116 1287
4 412 55 35 1391
4 1051 1165 1113 1190
4 593 563 564 1287
4 862 260 864 1365
4 636 612 1205 1242
4 1091 1214 1183 1383
4 613 1067 636 1205
4 478 89 481 1348
4 548 1140 545 1155
4 307 1105 1108 1339
4 420 397 1069 1208
4 1142 1329 1130 1380
4 1099 1215 1161 1357
4 1067 1135 298 1321
4 1094 1236 1060 1244
4 1095 1237 1061 1245
4 861 1055 860 1359
4 633 1205 612 1250
4 693 1247 1073 1327
4 1189 1201 1090 1336
4 650 619 648 1210
4 169 168 704 1257
4 165 166 1266 1338
4 818 1110 1139 1345
4 826 1128 237 1275
4 527 1063 1185 1296
4 527 529 87 1063
4 298 1135 1067 1241
4 53 1110 1109 1345
4 1079 1198 1153 1216
4 521 544 1051 1217
4 699 1189 1120 1353
4 498 989 997 500
4 1037 716 1045 714
4 670 1120 699 1189
4 567 1141 603 1386
4 468 448 1113 1297
4 1120 1182 1090 1338
4 563 591 562 1085
4 616 617 645 1086
4 779 807 778 1084
4 400 401 429 1087
4 357 927 929 1166
4 849 1077 243 1384
4 248 1137 1134 1388
4 417 1208 396 1251
4 395 1251 1061 1334
4 345 1106 1107 1367
4 126 127 102 3
4 3 226 227 38
4 126 152 127 3
4 77 76 3 38
4 202 3 226 227
4 77 76 102 3
4 202 177 176 3
4 177 152 176 3
4 878 1064 1135 1288
4 1053 1197 1128 1275
4 921 922 1236 1256
4 664 715 684 1115
4 916 1090 321 1201
4 765 1133 1107 1367
4 526 1296 504 1323
4 1073 1182 1120 1338
4 257 256 843 1113
4 1048 1191 1153 1198
4 752 215 216 1293
4 829 830 240 1143
4 468 1113 470 1297
4 862 864 1063 1365
4 363 1144 1179 1220
4 537 116 1158 1281
4 829 1143 1061 1245
4 1130 913 1167 1329
4 1091 1265 1149 1316
4 193 759 194 1114
4 638 1206 640 1258
4 1056 893 1145 1241
4 373 982 274 1153
4 796 774 1277 1303
4 454 455 482 1214
4 907 908 1059 1392
4 762 195 194 1133
4 483 454 481 1214
4 303 1188 304 1363
4 576 607 556 1048
4 894 316 893 1145
4 629 1122 1171 1311
4 706 695 1050 1224
4 878 279 1064 1288
4 1070 1311 1250 1360
4 921 351 920 1151
4 304 1188 1126 1363
4 479 1052 490 1223
4 275 874 1347 1355
4 1066 1162 1065 1346
4 1075 300 1234 1332
4 1076 46 1235 1333
4 615 616 643 1206
4 399 400 427 1207
4 869 867 1092 1226
4 936 40 935 1148
4 322 902 1118 1363
4 897 1182 1103 1332
4 833 1183 1104 1333
4 474 1185 1062 1322
4 638 1242 1067 1258
4 921 1236 1088 1256
4 926 356 1180 1284
4 332 906 333 1115
4 298 1067 894 1241
4 355 1068 939 1244
4 336 1065 924 1243
4 830 44 1069 1245
4 942 1076 46 1351
4 116 1287 1281 1376
4 577 135 579 1057
4 525 85 523 1055
4 64 1077 480 1383
4 853 263 851 1175
4 1049 1151 1088 1318
4 1128 1172 413 1312
4 1067 1206 1234 1331
4 650 648 1118 1210
4 744 1184 1065 1346
4 279 1064 1288 1314
4 61 1083 62 1364
4 505 1296 1152 1328
4 748 751 189 1199
4 392 1171 391 1342
4 889 1188 1117 1262
4 241 1083 1157 1286
4 422 1207 424 1291
4 40 1148 1053 1219
4 1090 1189 698 1389
4 844 1359 1356 1393
4 894 1067 1156 1241
4 545 512 513 1155
4 1069 1157 830 1245
4 299 881 1075 1321
4 619 1100 618 1315
4 1147 1289 538 1304
4 495 96 1112 1140
4 548 1111 96 1140
4 190 189 1080 1353
4 281 1072 1343 1369
4 803 1186 814 1324
4 686 684 1115 1292
4 1059 1184 688 1326
4 923 1094 1236 1243
4 938 1095 1237 1244
4 664 1115 684 1292
4 674 1130 1167 1380
4 895 1126 1210 1363
4 352 1209 1088 1236
4 59 1312 1071 1364
4 1089 1209 936 1237
4 865 1072 280 1314
4 559 1301 1064 1358
4 338 1162 1080 1284
4 322 321 904 1150
4 133 1046 630 1202
4 458 492 1137 1249
4 66 1091 1300 1316
4 41 1211 1089 1237
4 769 738 1047 1381
4 237 1275 1128 1350
4 869 1092 1158 1226
4 740 742 185 1058
4 1097 1158 1147 1304
4 944 358 946 1084
4 885 883 282 1085
4 301 901 899 1086
4 835 47 837 1087
4 353 1209 352 1236
4 1142 1210 653 1380
4 758 727 756 1174
4 1048 1347 874 1355
4 1053 1148 1089 1324
4 434 68 69 1239
4 826 827 237 1128
4 451 1267 473 1322
4 1097 1306 1124 1377
4 1275 1320 1052 1350
4 934 1146 1093 1373
4 326 327 1106 1177
4 288 1111 289 1178
4 565 594 596 1136
4 632 611 1056 1387
4 975 872 871 1153
4 693 1073 1302 1327
4 574 151 291 310
4 520 291 101 272
4 348 201 367 736
4 56 790 367 37
4 135 632 634 1056
4 470 85 472 1054
4 573 290 124 1283
4 210 211 741 1307
4 244 1183 1091 1384
4 139 1206 1075 1258
4 42 1211 41 1237
4 522 1079 502 1198
4 1057 1176 1129 1288
4 1099 1161 1116 1357
4 55 1231 35 1391
4 780 781 1099 1357
4 519 123 124 1283
4 681 174 173 1282
4 1074 1166 357 1344
4 1063 1185 1062 1276
4 505 528 1152 1296
4 320 321 916 1090
4 244 245 853 1091
4 1069 1207 1235 1337
4 214 1290 1160 1293
4 525 1185 1055 1296
4 127 102 3 1
4 1 3 227 38
4 77 3 1 38
4 102 77 3 1
4 152 127 3 1
4 3 202 1 227
4 177 152 3 1
4 202 177 3 1
4 1062 1276 476 1379
4 325 1142 900 1329
4 402 432 1239 1316
4 168 167 1257 1366
4 537 1281 1158 1304
4 712 679 680 1106
4 518 517 551 1111
4 437 405 404 1164
4 476 474 87 1062
4 1067 298 1234 1321
4 519 518 123 1283
4 680 681 173 1282
4 1102 1316 1239 1352
4 1010 1019 1014 1269
4 911 1066 909 1272
4 1048 1233 874 1347
4 1102 1149 1316 1352
4 1070 160 1311 1360
4 466 76 253 272
4 56 76 253 412
4 726 756 727 1279
4 1185 1203 1063 1359
4 275 875 874 1355
4 1100 1298 618 1315
4 1055 1203 861 1330
4 1077 1195 849 1286
4 577 575 1202 1319
4 582 1064 584 1362
4 902 303 304 1363
4 297 877 878 1135
4 376 377 992 1165
4 262 1081 851 1372
4 1026 1022 1031 1274
4 260 846 848 1365
4 281 1072 865 1226
4 748 1199 189 1346
4 593 564 1098 1287
4 108 1198 1191 1305
4 1118 1150 1100 1315
4 21 1270 418 1278
4 860 1055 258 1359
4 796 210 1268 1277
4 1149 1183 1087 1265
4 1150 1182 1086 1266
4 1057 1202 1121 1319
4 1099 1116 1263 1357
4 1060 1303 1277 1382
4 1046 1227 890 1361
4 1147 1158 1092 1304
4 1129 1305 578 1319
4 559 1176 558 1358
4 792 1049 823 1354
4 488 1137 491 1388
4 759 1114 727 1174
4 838 49 50 1161
4 45 44 1181 1235
4 1091 1214 1175 1384
4 322 321 1150 1201
4 92 1147 538 1246
4 1072 535 1280 1281
4 371 1173 370 1361
4 479 1192 1052 1223
4 880 1321 1064 1369
4 942 1344 1076 1351
4 440 405 437 1164
4 395 1061 416 1334
4 389 1026 1031 1238
4 487 1096 92 1246
4 907 1059 334 1375
4 1071 1312 1251 1364
4 342 1368 1114 1378
4 528 526 111 1078
4 885 883 1085 1169
4 944 1084 946 1170
4 866 1140 268 1155
4 892 1255 1056 1340
4 458 492 459 1137
4 1128 1275 1052 1350
4 1117 1169 1085 1308
4 1116 1170 1084 1309
4 457 1096 487 1249
4 854 1096 857 1254
4 862 1063 260 1365
4 851 1081 262 1384
4 622 1108 657 1273
4 844 845 258 1359
4 45 1181 1076 1235
4 862 1203 1063 1314
4 829 830 1143 1245
4 392 391 1171 1227
4 646 1315 1266 1366
4 275 1347 1153 1355
4 1094 1180 1068 1290
4 1095 1181 1069 1291
4 860 258 1055 1259
4 463 1112 464 1204
4 428 1265 66 1316
4 392 956 391 1227
4 875 295 294 1121
4 926 927 356 1284
4 1112 852 1154 1264
4 359 931 934 1093
4 674 1163 708 1167
4 579 1242 136 1358
4 457 456 487 1096
4 595 564 565 1098
4 811 780 781 1099
4 619 649 618 1100
4 894 1145 893 1241
4 63 62 1267 1310
4 1067 1234 1206 1258
4 664 683 695 1292
4 159 1070 160 1311
4 1081 262 1195 1372
4 1054 1190 1055 1359
4 1085 1158 282 1262
4 654 1126 620 1273
4 535 1281 1072 1376
4 1054 1185 472 1322
4 1166 1248 1084 1293
4 869 1092 867 1372
4 1134 1239 1119 1352
4 885 1117 1169 1262
4 1116 1170 946 1263
4 576 570 1048 1191
4 695 1193 1050 1224
4 524 109 110 1305
4 595 1098 565 1306
4 769 1213 718 1381
4 376 1221 255 1271
4 1081 1214 481 1379
4 807 1084 1248 1293
4 1143 1157 1083 1208
4 1126 1210 620 1273
4 897 899 319 1182
4 243 833 835 1183
4 325 324 1142 1329
4 1056 1241 1205 1242
4 1145 1156 1082 1205
4 452 1267 476 1379
4 117 595 118 1306
4 150 628 151 310
4 682 200 201 348
4 574 150 151 310
4 520 101 100 272
4 200 201 348 736
4 101 466 100 272
4 790 56 36 37
4 56 412 36 37
4 743 212 1094 1277
4 23 1095 797 1278
4 433 403 1102 1239
4 674 1167 675 1380
4 1132 1195 262 1372
4 300 1075 1169 1332
4 46 1076 1170 1333
4 117 595 1098 1287
4 978 974 1216 1271
4 433 402 403 1239
4 811 1099 217 1248
4 596 1136 599 1386
4 1133 1144 928 1368
4 494 1264 1154 1388
4 607 1048 570 1191
4 274 871 872 1153
4 1266 1315 1150 1366
4 693 1073 1247 1338
4 646 617 1266 1315
4 316 1145 1082 1392
4 221 220 819 1144
4 1100 1188 303 1363
4 925 928 362 1368
4 1281 1287 1158 1376
4 671 698 1189 1389
4 183 732 738 1238
4 448 467 479 1297
4 91 92 485 1289
4 931 340 934 1373
4 673 703 1101 1257
4 699 1120 697 1353
4 61 62 419 1208
4 635 161 162 1205
4 406 1109 441 1164
4 1047 1168 1115 1200
4 244 837 245 1149
4 901 321 320 1150
4 621 1210 1142 1273
4 620 1210 621 1273
4 620 1126 651 1210
4 64 477 480 1077
4 585 139 588 1075
4 801 25 804 1076
4 371 370 1173 1233
4 580 111 110 1176
4 1047 1200 1115 1256
4 59 1071 60 1364
4 1213 1238 1031 1274
4 19 18 408 1260
4 670 697 699 1120
4 889 1117 302 1262
4 949 1116 48 1263
4 1066 667 1326 1327
4 293 970 887 1233
4 844 258 1356 1359
4 692 1066 1247 1327
4 76 75 253 412
4 75 466 76 253
4 126 291 520 125
4 574 291 126 125
4 226 790 367 225
4 367 226 225 736
4 1152 1296 1063 1328
4 433 1102 402 1239
4 167 702 1257 1366
4 139 1075 585 1258
4 389 388 1168 1222
4 376 994 255 1221
4 168 167 702 1257
4 433 1102 28 1299
4 649 1100 142 1298
4 549 120 121 1141
4 851 1081 263 1372
4 886 889 1098 1188
4 208 207 786 1261
4 195 711 1167 1367
4 611 633 612 1250
4 1129 1176 1078 1288
4 1073 1156 1103 1302
4 690 1066 1326 1346
4 636 1067 638 1242
4 673 672 703 1257
4 275 274 1153 1347
4 584 1301 1159 1362
4 392 1171 956 1227
4 810 1215 781 1357
4 710 1329 1177 1380
4 856 255 376 994
4 1088 1209 1049 1318
4 451 1062 476 1267
4 314 313 891 1122
4 772 823 1212 1354
4 240 1143 1083 1393
4 1208 1310 421 1337
4 378 997 1165 1217
4 1209 1236 1060 1268
4 434 1134 404 1239
4 316 1082 1232 1392
4 672 1101 703 1257
4 1070 1292 1050 1311
4 693 1247 669 1338
4 712 1177 680 1282
4 518 1178 551 1283
4 690 1326 1184 1346
4 282 1158 1085 1226
4 1067 896 1156 1234
4 1069 832 1157 1235
4 948 39 1018 1148
4 948 1148 1018 1269
4 190 189 751 1080
4 414 408 1260 1324
4 1211 1237 1061 1270
4 1114 1163 1101 1378
4 989 997 500 1165
4 1191 1194 1048 1347
4 873 869 264 1147
4 752 754 1093 1248
4 440 406 405 1164
4 1055 503 1296 1323
4 341 1114 342 1373
4 853 1175 1091 1254
4 1074 1325 1199 1335
4 19 1186 18 1260
4 214 1074 1290 1293
4 1081 1195 262 1384
4 395 417 396 1251
4 66 1091 484 1300
4 1056 1205 1145 1250
4 399 1265 1104 1383
4 742 1184 1058 1285
4 1037 1045 716 1168
4 1079 1198 522 1305
4 622 621 656 1142
4 827 238 237 1128
4 1184 1326 1066 1346
4 302 1117 885 1262
4 946 48 1116 1263
4 208 1187 207 1261
4 559 582 558 1176
4 539 117 541 1097
4 192 703 701 1101
4 485 92 487 1096
4 1061 1208 1143 1251
4 878 1135 877 1288
4 1071 1297 1052 1312
4 391 958 312 1227
4 620 651 619 1210
4 802 1160 214 1290
4 402 431 401 1299
4 161 1082 162 1360
4 263 1081 1175 1372
4 441 31 1164 1345
4 1053 1089 1211 1324
4 1242 1258 581 1358
4 240 1083 1225 1393
4 533 1051 544 1216
4 1072 1226 281 1343
4 1046 1173 1121 1202
4 371 968 370 1233
4 653 1142 621 1210
4 1010 1261 1019 1269
4 1055 1185 1054 1359
4 350 1030 933 1151
4 961 1171 393 1224
4 389 1040 388 1222
4 615 1103 642 1266
4 897 899 1182 1332
4 833 835 1183 1333
4 1030 933 1151 1274
4 535 1072 532 1376
4 1356 1359 1054 1393
4 301 1086 899 1332
4 47 1087 835 1333
4 66 65 482 1091
4 184 684 183 1200
4 1061 828 1211 1341
4 674 1130 704 1257
4 314 313 1122 1349
4 548 545 513 1155
4 557 1057 579 1358
4 358 946 1084 1263
4 885 1085 282 1262
4 1046 1240 1196 1361
4 864 261 865 1132
4 1060 1244 1095 1382
4 430 1265 428 1316
4 813 219 218 1125
4 651 144 143 1126
4 435 30 29 1123
4 647 618 1100 1298
4 402 1102 431 1299
4 257 844 258 1356
4 635 637 1205 1302
4 381 1009 1172 1223
4 576 108 570 1191
4 65 480 1214 1383
4 636 1242 638 1258
4 635 1205 162 1302
4 526 110 1078 1323
4 28 1116 1299 1357
4 1183 1265 1091 1383
4 402 430 432 1316
4 39 382 1018 1148
4 873 283 869 1158
4 1113 1297 1052 1350
4 341 1101 917 1378
4 647 617 618 1315
4 532 1072 535 1280
4 647 1298 617 1315
4 238 237 1128 1350
4 1062 848 1195 1286
4 285 879 886 1377
4 863 285 870 1377
4 885 1169 1085 1262
4 1084 946 1170 1263
4 556 587 575 1319
4 1175 1214 1081 1384
4 94 1246 1127 1249
4 1064 1314 279 1369
4 342 341 917 1378
4 480 1077 477 1214
4 686 1059 665 1292
4 66 1300 484 1316
4 317 1082 1156 1272
4 1055 1259 258 1359
4 1050 1115 1292 1349
4 1062 1225 846 1286
4 676 711 1106 1167
4 800 1277 1068 1290
4 422 1278 1069 1291
4 726 754 756 1279
4 377 1217 1165 1271
4 1169 1075 1308 1371
4 1170 1076 1309 1370
4 505 1063 529 1296
4 1074 747 1325 1335
4 923 1236 1058 1243
4 938 1237 1060 1244
4 25 1207 1076 1291
4 692 667 1066 1327
4 438 435 404 1123
4 546 512 543 1124
4 654 651 620 1126
4 542 512 545 1127
4 133 624 630 1240
4 653 621 620 1210
4 1065 1184 744 1285
4 686 688 665 1059
4 1053 1219 1197 1275
4 385 1030 350 1151
4 525 1055 503 1296
4 358 1166 1084 1344
4 848 1062 1195 1365
4 685 1292 1070 1311
4 786 1261 792 1318
4 807 1248 215 1293
4 1083 1157 1286 1310
4 692 1066 667 1326
4 585 1075 588 1308
4 804 801 1076 1309
4 477 1267 1077 1310
4 1042 331 388 1222
4 1085 1158 1287 1376
4 1069 1235 1207 1291
4 65 480 482 1214
4 743 1285 1094 1325
4 853 1091 245 1254
4 293 370 970 1233
4 721 1065 744 1285
4 1128 1197 1172 1275
4 536 538 1289 1304
4 389 1168 1040 1222
4 473 62 1083 1267
4 866 267 268 1140
4 267 850 268 1140
4 810 812 781 1215
4 274 373 1153 1347
4 373 975 982 1153
4 1096 1175 857 1254
4 192 1131 755 1279
4 671 698 670 1189
4 579 1057 557 1319
4 889 1098 1188 1262
4 74 1390 252 1391
4 1170 1309 1116 1370
4 1169 1308 1117 1371
4 1046 1202 1121 1255
4 1205 1302 637 1331
4 1205 1250 633 1360
4 665 1059 688 1326
4 323 322 902 1118
4 246 247 854 1119
4 185 742 186 1184
4 282 1085 883 1343
4 358 1084 944 1344
4 647 618 1298 1315
4 138 640 1206 1258
4 919 917 1101 1201
4 469 1297 1071 1312
4 857 854 265 1096
4 873 870 284 1097
4 284 886 889 1098
4 949 360 947 1099
4 904 303 902 1100
4 919 917 341 1101
4 112 528 111 1152
4 421 419 62 1208
4 743 1094 211 1277
4 22 797 1095 1278
4 1072 1328 532 1362
4 257 1113 843 1356
4 1208 1251 417 1364
4 390 716 1168 1238
4 1057 1319 1176 1358
4 340 931 339 1336
4 262 1132 261 1195
4 1051 1190 1113 1259
4 86 472 85 1185
4 371 1173 968 1233
4 473 1253 1083 1364
4 881 1343 1075 1369
4 543 1124 512 1313
4 512 1127 542 1313
4 299 1075 1234 1321
4 915 344 913 1167
4 186 688 185 1184
4 915 1167 913 1329
4 919 916 321 1201
4 591 562 1085 1308
4 778 1084 807 1309
4 640 614 1206 1331
4 1162 1247 1066 1272
4 451 473 450 1322
4 1048 1129 1121 1319
4 482 484 1091 1300
4 1050 1292 1070 1349
4 441 1164 1109 1345
4 553 522 502 1198
4 529 1063 505 1328
4 1077 1157 1104 1310
4 214 1074 747 1290
4 801 25 1076 1291
4 1061 1270 416 1334
4 632 1056 1202 1387
4 112 582 584 1362
4 84 468 83 1190
4 1083 1286 1267 1310
4 538 92 91 1289
4 318 912 911 1272
4 491 1137 459 1388
4 949 947 49 1161
4 525 86 85 1185
4 813 1215 782 1385
4 341 342 932 1373
4 1197 1219 998 1275
4 488 491 69 1388
4 700 1366 1090 1389
4 719 1285 1058 1307
4 902 1100 303 1363
4 849 1195 848 1286
4 586 1159 584 1301
4 503 1055 523 1323
4 1071 1052 1297 1350
4 926 1180 1065 1284
4 524 1079 522 1305
4 1090 1150 321 1201
4 333 1115 906 1375
4 941 1181 1068 1351
4 792 1049 1268 1318
4 1182 1266 1103 1332
4 1183 1265 1104 1333
4 82 1165 500 1217
4 629 1250 1122 1311
4 398 1207 424 1337
4 1160 1290 1074 1293
4 739 1268 1088 1318
4 813 1125 1215 1385
4 158 1224 706 1311
4 665 1252 1059 1326
4 96 97 497 1112
4 550 97 96 1111
4 246 1119 854 1254
4 907 1059 1375 1392
4 578 557 1176 1319
4 486 1300 1119 1316
4 585 1301 1075 1308
4 800 1160 802 1290
4 867 1092 1226 1372
4 238 1350 1341 1393
4 28 808 1116 1357
4 834 248 831 1134
4 801 1294 1076 1309
4 800 802 1160 1294
4 342 1114 932 1373
4 52 836 834 1164
4 1094 1068 1277 1290
4 1095 1069 1278 1291
4 690 692 1066 1346
4 922 1058 1236 1256
4 184 686 684 1200
4 1062 1063 1276 1365
4 167 1118 1315 1366
4 132 609 372 1240
4 1088 1047 1256 1381
4 1122 1250 629 1387
4 924 1065 1180 1243
4 939 1068 1181 1244
4 58 1223 490 1312
4 796 773 1060 1354
4 1081 1276 1195 1379
4 242 849 848 1286
4 881 1075 1321 1369
4 1078 1323 1079 1330
4 413 1251 1128 1312
4 476 1062 451 1322
4 473 1253 450 1322
4 536 1289 1092 1304
4 752 750 1293 1335
4 670 669 697 1120
4 1076 1181 45 1351
4 623 1171 652 1196
4 390 182 716 1238
4 505 1063 1296 1328
4 693 1073 164 1302
4 1169 1206 1075 1371
4 1170 1207 1076 1370
4 692 1247 1066 1346
4 168 1118 167 1366
4 1080 1199 751 1335
4 1199 1325 747 1335
4 161 1205 635 1360
4 407 1172 436 1197
4 245 1091 1149 1254
4 142 1117 592 1298
4 28 1116 808 1299
4 864 261 1132 1365
4 884 882 287 1141
4 1128 1251 413 1334
4 383 1148 382 1219
4 613 1067 1205 1331
4 84 470 468 1190
4 907 334 333 1375
4 937 1209 1060 1237
4 83 1165 82 1217
4 1094 1285 741 1307
4 811 809 1099 1248
4 742 1058 719 1285
4 1128 1172 1052 1275
4 483 1081 481 1289
4 1258 1301 581 1358
4 591 1287 116 1376
4 689 1252 1082 1360
4 1086 1266 1182 1332
4 1087 1265 1183 1333
4 986 1221 1192 1320
4 167 1118 648 1315
4 654 144 1126 1273
4 744 187 1184 1346
4 137 1242 636 1258
4 312 391 1227 1342
4 331 332 920 1274
4 849 1195 1077 1384
4 469 1071 59 1312
4 1165 1217 1051 1271
4 373 374 1153 1347
4 59 1251 415 1312
4 482 484 66 1091
4 344 930 928 1133
4 59 60 415 1251
4 1043 1193 1036 1224
4 719 1058 742 1381
4 636 634 612 1242
4 159 1250 631 1311
4 137 581 1242 1258
4 19 1186 1260 1324
4 677 714 716 1168
4 159 160 631 1250
4 314 1349 1340 1392
4 706 1050 683 1311
4 182 1168 716 1238
4 269 1111 1112 1228
4 345 1107 1106 1229
4 307 1108 1105 1230
4 1109 1110 53 1231
4 301 1169 1086 1332
4 47 1170 1087 1333
4 983 377 978 1271
4 1114 1368 1163 1378
4 1292 1349 1115 1375
4 503 525 523 1055
4 544 533 521 1051
4 683 706 695 1050
4 479 467 490 1052
4 591 1085 1287 1376
4 576 108 1191 1305
4 467 490 1052 1312
4 1069 1208 397 1337
4 19 1260 408 1324
4 792 1268 1049 1354
4 744 1065 746 1346
4 685 1070 159 1311
4 609 1173 372 1240
4 1051 1217 1216 1271
4 1103 1234 1206 1331
4 569 609 598 1173
4 584 1064 1301 1362
4 514 548 513 1155
4 351 935 350 1269
4 420 396 1208 1278
4 440 442 406 1109
4 460 496 494 1112
4 461 498 500 1165
4 215 1248 216 1293
4 419 61 1208 1364
4 61 473 1083 1364
4 600 1306 597 1386
4 1297 1350 1113 1356
4 1098 1262 284 1377
4 1106 1167 711 1367
4 122 518 551 1283
4 712 680 172 1282
4 238 1356 1350 1393
4 757 727 1114 1279
4 561 1159 1301 1308
4 414 1260 1053 1324
4 793 1270 1089 1324
4 1052 1192 1113 1221
4 114 532 1072 1376
4 569 1173 598 1194
4 1018 1148 1011 1269
4 542 1127 94 1246
4 1121 1129 1057 1319
4 134 575 133 1202
4 502 523 521 1190
4 744 721 746 1065
4 559 584 582 1064
4 613 638 636 1067
4 420 397 422 1069
4 779 1116 808 1357
4 738 1200 1047 1381
4 182 183 1168 1238
4 690 1184 187 1346
4 1068 1244 1094 1277
4 1069 1245 1095 1278
4 536 1092 508 1304
4 494 1112 496 1154
4 440 442 1109 1154
4 674 675 707 1380
4 635 162 637 1302
4 669 697 1120 1247
4 1225 1083 1267 1322
4 1206 1234 1075 1258
4 326 900 1108 1177
4 930 1107 364 1179
4 884 288 1105 1178
4 868 1111 288 1178
4 841 1149 1102 1352
4 850 268 1140 1264
4 546 120 549 1155
4 863 1124 285 1377
4 1036 1193 678 1224
4 529 88 87 1276
4 165 1266 642 1338
4 115 116 1281 1376
4 1133 1174 1144 1368
4 638 1067 613 1331
4 1018 382 1011 1148
4 470 1054 449 1297
4 597 1136 566 1386
4 122 123 518 1283
4 172 680 173 1282
4 657 1273 1108 1339
4 168 648 167 1118
4 59 469 60 1071
4 342 932 1114 1368
4 380 1223 1172 1320
4 58 1172 57 1223
4 1074 1293 747 1335
4 634 632 611 1056
4 416 395 418 1061
4 470 472 449 1054
4 452 451 476 1267
4 1126 1188 1100 1363
4 654 145 144 1273
4 1145 1250 1205 1360
4 208 1187 1261 1318
4 314 1122 891 1340
4 965 973 609 1173
4 674 707 1130 1380
4 157 158 1171 1224
4 800 1294 1068 1382
4 710 675 676 1167
4 591 1085 589 1308
4 807 1084 805 1309
4 853 857 1175 1254
4 560 1159 586 1301
4 1022 1213 1031 1274
4 792 1261 1049 1318
4 1030 1151 1023 1274
4 999 998 1219 1275
4 584 1064 559 1301
4 323 1118 902 1363
4 721 1065 1285 1325
4 741 1094 743 1285
4 251 1204 1109 1391
4 1157 1310 1208 1337
4 1077 1183 243 1384
4 1203 1296 1078 1323
4 436 407 447 1172
4 1061 1245 1208 1278
4 208 1261 786 1318
4 485 1096 456 1300
4 673 674 704 1257
4 1072 280 1314 1369
4 422 1069 397 1337
4 163 164 639 1302
4 472 449 1054 1322
4 777 1160 1294 1309
4 563 590 592 1117
4 806 808 779 1116
4 1001 1009 447 1172
4 1143 1251 1208 1364
4 685 160 159 1070
4 663 157 1171 1224
4 161 689 1082 1360
4 578 557 580 1176
4 663 652 623 1171
4 615 640 614 1206
4 399 424 398 1207
4 1180 1243 1065 1285
4 725 1093 754 1279
4 57 1172 447 1223
4 1080 1295 751 1353
4 663 393 157 1224
4 865 867 1226 1372
4 109 524 522 1305
4 953 961 663 1171
4 1050 1193 1115 1222
4 385 1023 1030 1151
4 534 508 1092 1280
4 300 883 1169 1343
4 944 1170 46 1344
4 646 1266 644 1366
4 752 1093 725 1295
4 1086 1103 1266 1332
4 1087 1104 1265 1333
4 392 1224 1171 1342
4 828 1143 829 1341
4 557 1176 1319 1358
4 1094 1243 1180 1285
4 577 1057 579 1319
4 1101 1201 917 1378
4 1081 1195 1132 1372
4 585 561 1301 1308
4 983 1217 377 1271
4 1034 1222 1193 1342
4 461 82 83 1165
4 170 1142 653 1380
4 1088 1236 1209 1268
4 796 1060 794 1354
4 319 320 914 1182
4 466 101 76 272
4 151 574 291 126
4 628 176 151 310
4 291 126 520 101
4 201 682 348 176
4 790 226 367 37
4 201 226 367 736
4 56 76 412 37
4 1143 1208 1061 1245
4 132 1173 609 1240
4 52 945 1139 1220
4 827 238 1128 1341
4 1145 1205 1056 1241
4 512 546 513 1155
4 980 1153 374 1374
4 183 677 182 1168
4 1049 1209 1089 1354
4 119 1124 543 1306
4 796 1060 773 1303
4 1089 1237 1211 1270
4 557 1319 1057 1358
4 209 1268 737 1318
4 721 746 1065 1325
4 1104 1235 1207 1337
4 400 429 427 1087
4 616 645 643 1086
4 569 965 609 1173
4 672 1101 1257 1389
4 1103 1302 1156 1331
4 381 57 447 1223
4 171 1177 1142 1380
4 796 794 1060 1268
4 416 1061 418 1270
4 777 1294 801 1309
4 928 930 363 1144
4 475 63 62 1267
4 190 697 189 1353
4 1060 1095 1303 1382
4 314 1375 1349 1392
4 643 1206 1086 1371
4 427 1207 1087 1370
4 1153 1347 1048 1355
4 700 1090 698 1389
4 1181 1291 1095 1382
4 449 1253 1054 1322
4 138 638 640 1258
4 1062 1225 1267 1322
4 698 1090 166 1338
4 505 504 528 1296
4 813 781 782 1215
4 592 1117 141 1298
4 808 1116 27 1299
4 613 636 612 1205
4 847 850 267 1137
4 324 913 910 1130
4 139 138 1206 1258
4 845 1225 1359 1393
4 300 881 883 1343
4 944 46 942 1344
4 420 396 397 1208
4 807 216 215 1248
4 586 584 1159 1362
4 1172 1223 1052 1320
4 668 1247 693 1327
4 114 1072 532 1362
4 575 598 133 1173
4 249 850 248 1264
4 293 370 1233 1361
4 1135 1258 1242 1358
4 93 1246 94 1249
4 49 1102 838 1352
4 930 364 363 1179
4 884 287 288 1178
4 868 288 287 1178
4 477 1214 1077 1379
4 137 636 638 1258
4 195 708 194 1163
4 788 787 1110 1317
4 1150 1298 1100 1315
4 1064 1135 1288 1358
4 850 1137 248 1264
4 530 532 1328 1362
4 861 1203 1055 1359
4 740 742 1058 1381
4 1183 1214 1077 1383
4 698 1090 700 1366
4 1122 1340 314 1349
4 989 500 498 1165
4 510 1097 541 1313
4 1037 716 714 1168
4 684 677 183 1168
4 1001 447 407 1172
4 276 876 875 1129
4 988 995 1192 1223
4 1067 1205 1156 1241
4 1069 1208 1157 1245
4 119 597 600 1306
4 477 63 1267 1310
4 882 884 306 1138
4 624 661 630 1240
4 696 669 670 1338
4 751 1295 1080 1335
4 953 663 623 1171
4 1055 860 1259 1330
4 61 473 62 1083
4 510 539 1097 1304
4 752 216 754 1248
4 689 1302 1082 1327
4 1117 1188 1100 1298
4 672 701 1101 1389
4 282 1226 1085 1343
4 1067 1205 1241 1242
4 870 284 1097 1377
4 886 1098 284 1377
4 378 82 500 1217
4 805 1084 1293 1309
4 111 526 110 1078
4 769 738 732 1238
4 297 1135 298 1241
4 868 287 866 1155
4 692 1247 668 1327
4 90 481 1081 1289
4 139 585 138 1258
4 162 161 689 1082
4 797 1291 799 1382
4 988 1192 462 1223
4 1257 1366 702 1389
4 1050 1222 1115 1349
4 1089 1237 1270 1303
4 451 1062 1267 1322
4 811 217 809 1248
4 192 191 755 1131
4 950 1227 1196 1361
4 560 586 584 1301
4 214 747 1074 1293
4 743 211 212 1277
4 22 23 797 1278
4 195 711 708 1167
4 637 1302 639 1331
4 831 248 247 1134
4 283 282 1158 1262
4 1171 1224 1050 1342
4 1114 1146 932 1373
4 597 1306 1136 1386
4 1059 1252 665 1292
4 346 1106 327 1229
4 289 1111 270 1228
4 980 1216 1153 1374
4 587 598 575 1173
4 477 1077 64 1310
4 1291 1294 799 1382
4 1066 1232 909 1272
4 1169 1206 1086 1332
4 1170 1207 1087 1333
4 1197 1219 1053 1260
4 622 657 621 1273
4 804 25 26 1370
4 139 140 588 1371
4 908 1232 1059 1392
4 1052 1221 1113 1350
4 591 589 562 1308
4 778 807 805 1309
4 746 1199 1065 1325
4 380 995 1223 1320
4 962 1233 1194 1347
4 552 547 979 1216
4 859 1079 1259 1330
4 1112 1204 270 1228
4 486 1119 68 1316
4 693 164 1073 1338
4 1221 1320 842 1350
4 1079 1330 859 1355
4 567 602 1138 1386
4 430 401 428 1265
4 646 617 644 1266
4 889 284 1098 1262
4 360 1099 949 1263
4 1128 1341 238 1350
4 693 669 696 1338
4 39 382 1148 1219
4 325 913 324 1329
4 1130 1210 1142 1380
4 841 49 838 1352
4 773 1303 1060 1354
4 615 639 1103 1331
4 841 1102 49 1352
4 776 1160 802 1294
4 749 760 737 1318
4 132 133 1173 1240
4 597 565 566 1136
4 643 1086 645 1371
4 427 1087 429 1370
4 883 1085 1169 1343
4 944 1084 1170 1344
4 800 212 1277 1290
4 422 23 1278 1291
4 752 754 725 1093
4 964 1191 971 1194
4 1078 1203 1055 1330
4 793 20 1270 1324
4 1130 1257 1163 1378
4 1130 1329 1167 1380
4 345 364 1107 1218
4 802 214 213 1290
4 1095 1244 1181 1382
4 772 1089 793 1354
4 326 900 1177 1329
4 964 606 1191 1194
4 430 428 66 1316
4 114 1072 1362 1376
4 458 491 488 1137
4 324 910 323 1130
4 1135 1301 1258 1358
4 769 718 738 1381
4 1135 1064 1301 1358
4 591 116 115 1376
4 165 642 164 1338
4 191 753 755 1131
4 527 529 1063 1296
4 441 31 438 1164
4 1043 1224 392 1342
4 343 910 1163 1368
4 753 1295 1131 1353
4 458 459 491 1137
4 800 1068 798 1382
4 733 734 1107 1218
4 60 1071 469 1364
4 759 727 728 1174
4 737 1088 739 1381
4 1089 1270 793 1303
4 905 1222 1342 1349
4 793 1270 21 1303
4 1117 1188 1098 1262
4 1064 1288 1176 1358
4 1065 1199 746 1346
4 1076 1235 1181 1291
4 753 755 1131 1295
4 380 990 995 1320
4 345 1107 346 1218
4 337 912 338 1162
4 64 1310 1077 1383
4 1081 1289 1175 1372
4 534 1280 1092 1348
4 740 1058 1200 1381
4 362 1144 363 1220
4 433 431 402 1102
4 809 780 811 1099
4 510 539 541 1097
4 595 593 564 1098
4 649 647 618 1100
4 703 672 701 1101
4 485 487 456 1096
4 1060 1277 1244 1382
4 461 83 468 1165
4 1119 1239 68 1316
4 800 798 1068 1277
4 420 1069 422 1278
4 277 876 276 1129
4 498 493 991 1192
4 629 641 652 1171
4 856 994 855 1221
4 975 1153 974 1271
4 779 809 807 1248
4 705 193 194 1163
4 661 1196 1046 1240
4 162 1082 689 1302
4 1092 1281 508 1304
4 1105 1230 1108 1339
4 536 534 508 1092
4 753 1131 191 1353
4 487 1096 1246 1249
4 685 683 1292 1311
4 426 1265 399 1383
4 1086 1169 1117 1371
4 1087 1170 1116 1370
4 615 1103 614 1331
4 800 776 802 1294
4 576 1191 1048 1305
4 1038 1043 392 1342
4 747 1290 1074 1325
4 1106 1229 1107 1367
4 1181 1244 1068 1382
4 690 1066 692 1326
4 398 423 1104 1337
4 486 488 68 1119
4 168 650 648 1118
4 496 1112 463 1204
4 980 373 374 1153
4 642 615 639 1103
4 1088 1236 1268 1307
4 1118 1201 1257 1378
4 701 1189 1101 1389
4 1075 1206 1169 1332
4 1076 1207 1170 1333
4 436 57 58 1172
4 1071 1341 1350 1393
4 40 39 1148 1219
4 1101 1189 1131 1336
4 360 934 932 1146
4 1110 1231 1109 1345
4 438 404 405 1164
4 425 436 413 1172
4 1120 1247 1073 1338
4 975 872 1153 1271
4 719 1307 1058 1381
4 442 410 409 1204
4 190 1080 751 1353
4 652 157 158 1171
4 583 581 1258 1301
4 743 741 211 1094
4 797 795 22 1095
4 1048 1194 1121 1233
4 399 398 423 1104
4 652 1171 158 1311
4 1094 1180 1290 1325
4 844 1356 238 1393
4 1058 1236 1094 1243
4 1060 1237 1095 1244
4 436 1172 58 1312
4 371 1240 1173 1361
4 577 575 134 1202
4 1062 1185 1063 1365
4 224 1218 223 1317
4 247 1119 246 1352
4 1109 1154 442 1204
4 892 1145 893 1340
4 469 467 1297 1312
4 561 1159 560 1301
4 1109 1204 410 1391
4 718 1088 737 1381
4 675 674 708 1167
4 1004 1197 998 1275
4 498 989 1165 1192
4 374 966 971 1347
4 376 987 994 1221
4 849 262 1195 1384
4 796 773 774 1303
4 800 775 1294 1382
4 685 160 1070 1360
4 691 693 1302 1327
4 658 1108 622 1177
4 676 1106 712 1177
4 766 1107 730 1179
4 605 568 1105 1178
4 514 551 1111 1178
4 784 1110 821 1179
4 570 607 576 1048
4 476 474 1062 1322
4 121 1141 603 1178
4 1086 1206 1169 1371
4 1087 1207 1170 1370
4 934 932 1146 1373
4 759 757 727 1114
4 805 1084 807 1293
4 434 404 403 1239
4 445 1197 1053 1260
4 1171 1224 158 1311
4 464 1204 1112 1390
4 90 1289 1081 1348
4 689 1082 1252 1327
4 530 1328 1152 1362
4 1048 1191 607 1194
4 1088 1268 739 1307
4 1048 1305 1129 1319
4 590 141 1117 1371
4 806 27 1116 1370
4 869 1158 282 1226
4 461 500 82 1165
4 139 1206 140 1371
4 25 1207 26 1370
4 1172 1223 58 1312
4 1092 1280 1226 1372
4 907 1375 314 1392
4 1083 1225 1062 1286
4 986 990 1221 1320
4 1153 1216 974 1271
4 792 823 772 1354
4 952 959 1196 1240
4 371 954 959 1361
4 118 119 543 1306
4 1070 1340 1349 1392
4 1074 1199 1180 1284
4 1046 1196 1122 1227
4 585 1258 1075 1301
4 536 508 509 1304
4 542 94 93 1246
4 76 3 38 37
4 76 101 102 3
4 3 226 38 37
4 101 126 102 3
4 201 202 3 226
4 151 152 126 3
4 201 202 176 3
4 176 152 151 3
4 1181 1235 1069 1291
4 166 644 1266 1366
4 801 1291 1076 1294
4 722 1199 747 1335
4 406 441 405 1164
4 777 1160 776 1294
4 90 1081 481 1348
4 742 744 1184 1285
4 1057 1288 1135 1358
4 769 1047 738 1238
4 371 959 1240 1361
4 661 1046 630 1240
4 1054 1253 449 1297
4 353 937 352 1209
4 951 958 391 1227
4 1037 1168 714 1193
4 714 709 1039 1193
4 1204 1228 1112 1390
4 1085 1169 1117 1262
4 1084 1170 1116 1263
4 1082 1205 1156 1302
4 132 133 598 1173
4 753 751 1295 1353
4 722 747 1199 1325
4 1172 1275 380 1320
4 357 1166 358 1344
4 142 592 141 1298
4 28 808 27 1299
4 342 925 932 1368
4 1085 589 1308 1376
4 649 647 1100 1298
4 433 431 1102 1299
4 565 1136 597 1306
4 805 1293 1160 1309
4 221 764 1144 1179
4 41 42 828 1211
4 262 851 263 1372
4 299 1234 298 1321
4 739 1088 737 1318
4 453 481 1214 1379
4 965 1173 569 1194
4 1072 1280 532 1328
4 897 1103 1234 1332
4 833 1104 1235 1333
4 1074 1293 1166 1344
4 952 1196 660 1240
4 1054 1359 1225 1393
4 980 975 373 1153
4 1156 1302 1205 1331
4 953 1171 623 1196
4 1075 1258 1234 1321
4 533 553 502 1216
4 251 270 1112 1204
4 276 1129 875 1355
4 1071 1253 469 1364
4 492 489 94 1249
4 1001 1172 407 1197
4 473 475 62 1267
4 1094 1244 1060 1277
4 1095 1245 1061 1278
4 236 1275 237 1320
4 615 614 639 1331
4 1068 1277 798 1382
4 448 479 499 1192
4 1058 1243 1094 1285
4 210 739 1268 1307
4 792 823 1049 1261
4 171 656 1142 1177
4 1092 1289 536 1348
4 1034 1036 1043 1193
4 685 1070 1252 1360
4 592 590 141 1117
4 806 27 808 1116
4 516 1216 544 1217
4 1055 1203 1185 1359
4 722 723 1199 1335
4 739 737 1268 1318
4 476 451 474 1322
4 166 1090 698 1366
4 1163 1368 910 1378
4 715 664 695 1193
4 317 1156 318 1272
4 566 1136 596 1386
4 524 502 1079 1323
4 1094 1285 1180 1325
4 758 219 761 1174
4 1350 1356 1071 1393
4 690 692 667 1326
4 1090 1266 1150 1366
4 803 814 791 1324
4 686 184 185 1200
4 239 238 1341 1393
4 1148 1212 1016 1269
4 534 1092 536 1348
4 1118 1201 1150 1366
4 640 638 614 1331
4 892 893 315 1340
4 755 1279 1131 1295
4 1120 1189 1090 1336
4 1151 1213 1028 1274
4 794 1060 1268 1354
4 399 1104 423 1383
4 374 971 1191 1347
4 299 896 298 1234
4 44 45 832 1235
4 1181 1294 1291 1382
4 795 1303 1095 1382
4 940 50 947 1161
4 677 716 182 1168
4 1004 1172 1197 1275
4 414 445 1053 1260
4 342 910 1368 1378
4 437 404 434 1134
4 1191 1198 1048 1305
4 796 794 773 1354
4 769 1213 1047 1238
4 1055 1259 1323 1330
4 114 535 532 1376
4 527 505 529 1296
4 1035 1042 388 1222
4 970 370 963 1233
4 548 95 545 1140
4 495 492 95 1140
4 398 424 422 1337
4 1048 1198 1153 1355
4 414 19 408 1324
4 275 274 858 1153
4 475 477 63 1267
4 1113 1192 1165 1221
4 823 1212 1049 1261
4 496 1154 1112 1204
4 1062 1267 1083 1286
4 84 85 470 1190
4 556 607 587 1194
4 725 1093 1279 1295
4 239 828 829 1341
4 274 872 858 1153
4 552 979 977 1216
4 326 346 345 1106
4 270 269 250 1112
4 250 53 54 1109
4 288 269 270 1111
4 678 1036 1039 1193
4 419 1208 417 1364
4 1091 1183 1149 1265
4 1090 1182 1150 1266
4 376 992 987 1221
4 1010 1212 1261 1269
4 1078 1055 1323 1330
4 1151 1187 1028 1213
4 315 314 1340 1392
4 297 878 298 1135
4 1148 1186 1016 1212
4 1128 1251 1071 1312
4 1052 1320 1221 1350
4 463 497 464 1112
4 679 713 680 1106
4 659 625 626 1108
4 733 734 767 1107
4 572 571 604 1105
4 518 550 517 1111
4 820 788 787 1110
4 410 443 409 1109
4 849 262 261 1195
4 39 1148 948 1269
4 514 513 549 1155
4 593 1098 595 1287
4 1010 1016 1212 1269
4 1192 1221 1052 1320
4 1022 1028 1213 1274
4 1207 1235 1076 1291
4 950 954 1227 1361
4 800 212 798 1277
4 420 422 23 1278
4 962 964 971 1194
4 484 1300 486 1316
4 772 791 793 1089
4 458 489 492 1249
4 649 142 647 1298
4 433 28 431 1299
4 326 1108 307 1282
4 307 1105 288 1283
4 1034 1038 1222 1342
4 861 259 1203 1359
4 633 635 1205 1360
4 750 747 1293 1335
4 783 815 1139 1385
4 1173 1240 1046 1361
4 60 415 1251 1364
4 1125 1144 1220 1385
4 559 581 1301 1358
4 1180 1285 1065 1325
4 692 694 1247 1346
4 797 795 1095 1382
4 810 28 29 1357
4 1122 1250 1070 1311
4 169 1130 707 1380
4 1065 1184 1066 1346
4 591 589 1085 1376
4 255 842 256 1221
4 239 844 238 1393
4 119 546 543 1124
4 816 219 813 1125
4 654 144 651 1126
4 435 438 30 1123
4 545 94 542 1127
4 910 323 1130 1378
4 1085 1226 1158 1376
4 277 1129 276 1330
4 1115 1349 906 1375
4 519 99 98 1228
4 681 198 199 1229
4 198 735 199 1229
4 148 149 573 1230
4 148 627 149 1230
4 34 35 789 1231
4 1152 1203 1063 1296
4 701 191 1189 1353
4 793 1089 791 1324
4 586 1362 1159 1376
4 1050 1342 1222 1349
4 1252 1326 666 1327
4 675 1167 710 1380
4 724 752 1295 1335
4 307 1108 308 1282
4 308 1105 307 1283
4 1046 1196 661 1387
4 577 134 135 1202
4 689 1252 666 1327
4 1052 1275 1172 1320
4 748 189 188 1346
4 1132 1195 1081 1276
4 350 933 920 1274
4 193 757 759 1114
4 1086 1206 1103 1332
4 1087 1207 1104 1333
4 522 524 502 1079
4 956 951 391 1227
4 542 1127 1246 1313
4 471 1253 473 1364
4 625 626 1108 1282
4 572 571 1105 1283
4 1033 771 731 1187
4 312 958 903 1227
4 250 251 1112 1204
4 852 250 1112 1154
4 250 836 1109 1154
4 39 948 935 1269
4 1021 825 785 1186
4 350 1151 933 1274
4 715 714 677 1168
4 945 364 1110 1220
4 722 747 723 1335
4 740 719 742 1381
4 1057 1176 1288 1358
4 962 966 1233 1347
4 743 1290 745 1325
4 1138 1273 145 1339
4 1159 1301 1064 1362
4 445 1053 1197 1334
4 1053 414 1324 1334
4 946 949 48 1263
4 889 302 885 1262
4 1182 1266 1090 1338
4 1072 1226 1343 1376
4 989 498 991 1192
4 1118 1257 1130 1378
4 1062 1225 1083 1267
4 1055 1203 1078 1323
4 1016 1011 382 1148
4 831 50 51 1123
4 863 286 285 1124
4 895 304 305 1126
4 361 362 940 1125
4 863 266 267 1127
4 577 579 557 1319
4 424 1207 24 1291
4 425 407 436 1197
4 873 264 265 1147
4 1232 1326 1082 1327
4 250 1109 251 1204
4 312 890 313 1227
4 843 1113 1350 1356
4 641 623 652 1196
4 189 694 188 1346
4 676 675 711 1167
4 165 166 644 1266
4 428 65 66 1265
4 1136 1306 1098 1377
4 678 1193 695 1224
4 251 1109 54 1391
4 1079 1323 1259 1330
4 1063 1203 1152 1314
4 505 1152 530 1328
4 1109 1231 54 1391
4 141 1298 1117 1371
4 27 1299 1116 1370
4 1089 1303 793 1354
4 842 1320 237 1350
4 67 486 68 1316
4 988 991 462 1192
4 385 1028 1023 1151
4 995 986 988 1192
4 261 1195 1132 1365
4 821 1110 787 1317
4 1349 1375 1070 1392
4 721 1285 743 1325
4 1143 1208 1083 1364
4 347 1218 346 1229
4 629 1171 652 1311
4 1050 1070 1311 1349
4 1077 1267 1286 1310
4 436 447 57 1172
4 1089 1270 1211 1324
4 1004 998 999 1275
4 494 491 459 1388
4 171 1142 656 1380
4 1042 918 331 1222
4 437 1134 69 1388
4 581 136 1242 1358
4 1180 1199 1074 1325
4 477 1077 1267 1379
4 469 1253 1071 1297
4 978 975 974 1271
4 317 894 896 1156
4 552 1216 977 1374
4 241 830 832 1157
4 245 1149 841 1352
4 436 413 1172 1312
4 297 893 296 1241
4 938 353 354 1244
4 334 335 923 1243
4 43 829 42 1245
4 769 749 718 1213
4 803 772 823 1212
4 1193 1222 1050 1342
4 464 1112 1228 1390
4 1052 1071 1312 1350
4 718 737 739 1381
4 687 1252 689 1360
4 1270 1324 414 1334
4 1075 1301 1159 1308
4 674 707 704 1130
4 1165 1192 992 1221
4 856 855 255 1221
4 1071 1350 1297 1356
4 720 741 743 1285
4 652 663 157 1171
4 685 1252 1070 1292
4 893 1145 315 1340
4 1234 1258 1067 1321
4 1082 1145 1360 1392
4 1129 1176 1057 1319
4 816 1125 813 1385
4 1092 1289 1147 1304
4 209 739 737 1268
4 1128 1071 1251 1341
4 412 35 411 1391
4 907 314 315 1392
4 529 531 88 1276
4 1088 1268 1209 1318
4 516 976 1216 1217
4 283 282 869 1158
4 1083 1143 1364 1393
4 1232 1252 1082 1326
4 1040 1035 388 1222
4 818 783 815 1139
4 701 1189 699 1353
4 723 751 1199 1335
4 968 963 370 1233
4 952 959 950 1196
4 214 747 213 1290
4 801 24 25 1291
4 1122 1196 1171 1227
4 1063 1203 1185 1296
4 1115 1193 1168 1222
4 970 963 887 1233
4 1122 1070 1250 1340
4 1092 1280 508 1281
4 1180 1284 1199 1325
4 1055 1185 1203 1296
4 239 829 1143 1341
4 476 1276 478 1379
4 1088 1307 739 1381
4 692 668 667 1327
4 1118 1150 1315 1366
4 1070 1349 1292 1375
4 602 1138 145 1339
4 1034 1038 1035 1222
4 882 286 287 1141
4 509 508 1281 1304
4 1002 383 382 1219
4 1122 1196 1046 1387
4 1038 1035 1222 1342
4 980 977 1216 1374
4 479 462 1192 1223
4 1118 1257 1201 1366
4 24 1207 25 1291
4 68 1239 432 1316
4 1121 1194 1173 1233
4 715 714 1168 1193
4 865 261 262 1132
4 39 935 1148 1269
4 1169 1308 1075 1343
4 1076 1170 1309 1344
4 332 331 905 1222
4 598 609 132 1173
4 874 294 293 1233
4 714 1039 1037 1193
4 752 750 215 1293
4 1160 1293 1084 1309
4 725 754 726 1279
4 350 920 1151 1274
4 1069 1208 1245 1278
4 214 1160 802 1293
4 461 499 498 1165
4 354 353 923 1236
4 938 43 42 1237
4 222 1218 1179 1317
4 983 1216 976 1217
4 1128 1197 1053 1334
4 1145 1205 1082 1360
4 1047 1238 1213 1274
4 498 1165 499 1192
4 1076 1294 1160 1309
4 208 786 792 1318
4 67 484 486 1316
4 364 1179 1110 1220
4 963 962 966 1233
4 479 490 462 1223
4 114 1362 586 1376
4 566 596 599 1386
4 245 1254 1149 1352
4 733 1107 766 1218
4 964 601 606 1194
4 678 1039 709 1193
4 1135 1242 1057 1358
4 244 243 1183 1384
4 984 516 555 1217
4 793 791 20 1324
4 325 324 898 1142
4 585 561 560 1301
4 1189 1201 1101 1389
4 1132 1276 1081 1348
4 462 501 996 1223
4 691 668 693 1327
4 715 677 684 1168
4 1061 1211 1251 1341
4 52 943 945 1220
4 1104 1183 1077 1383
4 1096 1254 1119 1300
4 706 678 695 1224
4 337 926 336 1284
4 1183 1214 1091 1384
4 630 1202 1046 1387
4 905 1342 313 1349
4 656 658 622 1177
4 710 676 712 1177
4 766 730 764 1179
4 605 603 568 1178
4 514 549 551 1178
4 784 821 819 1179
4 1040 1168 1193 1222
4 862 861 259 1203
4 1072 1343 1159 1376
4 1225 1253 1083 1322
4 656 1142 170 1380
4 511 510 541 1313
4 540 510 511 1313
4 1180 1065 1284 1325
4 637 163 639 1302
4 674 705 708 1163
4 1175 1254 1096 1300
4 717 1044 678 1224
4 361 360 932 1146
4 526 524 110 1323
4 587 569 598 1194
4 90 483 481 1289
4 707 169 704 1130
4 818 1139 31 1345
4 244 851 243 1384
4 1132 1280 1072 1328
4 487 1246 93 1249
4 729 765 762 1133
4 21 416 418 1270
4 963 1233 966 1347
4 171 656 170 1380
4 565 596 566 1136
4 796 210 794 1268
4 556 578 1305 1319
4 741 1285 720 1307
4 956 1171 1196 1227
4 886 303 889 1188
4 301 300 1169 1332
4 46 1170 47 1333
4 864 865 280 1314
4 1082 1326 1252 1327
4 362 928 363 1144
4 1226 1281 1158 1376
4 1095 1237 1060 1303
4 1017 385 350 1269
4 605 568 571 1105
4 676 679 712 1106
4 622 658 625 1108
4 733 730 766 1107
4 406 442 409 1109
4 787 821 784 1110
4 514 551 517 1111
4 460 463 496 1112
4 1094 1236 1058 1307
4 1072 1159 1343 1369
4 777 776 801 1294
4 388 331 1029 1274
4 187 744 746 1346
4 276 859 1330 1355
4 269 1112 270 1228
4 346 1107 345 1229
4 346 345 1106 1229
4 307 308 1108 1230
4 307 1105 308 1230
4 269 270 1111 1228
4 54 1109 53 1231
4 120 603 121 1141
4 950 954 951 1227
4 748 746 1199 1346
4 1082 1360 1252 1392
4 953 623 955 1196
4 531 89 1276 1348
4 356 1344 942 1351
4 356 357 942 1344
4 394 413 1251 1334
4 1003 1001 407 1197
4 135 634 136 1242
4 1083 1364 1253 1393
4 192 755 757 1279
4 610 629 1250 1387
4 107 1191 108 1198
4 1055 1296 1203 1323
4 987 986 990 1221
4 968 1173 1194 1233
4 701 699 191 1353
4 337 1162 338 1284
4 850 847 248 1137
4 878 298 1135 1321
4 630 1046 661 1387
4 53 1231 1110 1317
4 163 693 164 1302
4 414 408 445 1260
4 160 631 1250 1360
4 343 344 928 1133
4 1159 1308 589 1376
4 1077 1214 1183 1384
4 249 1154 852 1264
4 1301 1321 1075 1369
4 505 528 530 1152
4 991 493 462 1192
4 660 952 655 1196
4 509 1281 537 1304
4 589 1159 561 1308
4 805 1160 777 1309
4 792 786 823 1261
4 1247 1272 1073 1327
4 340 916 919 1336
4 599 1138 602 1386
4 1075 1234 1206 1332
4 1076 1235 1207 1333
4 91 485 483 1289
4 221 764 220 1144
4 987 1221 990 1320
4 556 1305 576 1319
4 1196 1227 1046 1361
4 1008 446 384 1260
4 700 702 1366 1389
4 461 468 499 1165
4 751 724 1295 1335
4 882 306 305 1138
4 1159 1075 1308 1343
4 1076 1309 1160 1344
4 137 581 136 1242
4 414 1053 445 1334
4 277 278 877 1288
4 325 898 900 1142
4 955 623 655 1196
4 1016 382 383 1148
4 1000 439 444 1197
4 61 471 473 1364
4 502 503 523 1323
4 729 761 764 1144
4 690 187 692 1346
4 967 965 569 1194
4 999 998 1002 1219
4 165 698 166 1338
4 363 1179 364 1220
4 434 69 437 1134
4 387 1020 824 1261
4 1000 1197 444 1260
4 819 220 816 1385
4 580 582 111 1176
4 1003 407 439 1197
4 117 593 595 1287
4 1064 1135 1301 1321
4 440 71 1154 1388
4 332 333 921 1256
4 827 1128 1211 1341
4 1252 1375 1059 1392
4 295 891 294 1255
4 495 96 497 1112
4 550 96 548 1111
4 1074 1160 1293 1344
4 1194 1233 1048 1347
4 386 1028 385 1151
4 1086 1298 645 1371
4 1087 1299 429 1370
4 1109 410 1231 1391
4 561 586 560 1159
4 777 802 776 1160
4 1053 1324 1270 1334
4 872 858 1153 1271
4 171 710 1177 1380
4 853 264 263 1175
4 1153 1216 1198 1374
4 1159 1301 1075 1369
4 343 342 910 1368
4 965 569 609 973
4 1001 407 447 1009
4 961 953 663 623
4 1094 1058 1285 1307
4 1062 1195 1276 1379
4 308 1230 309 1282
4 309 1230 308 1283
4 967 569 601 1194
4 1025 1187 731 1213
4 72 442 1154 1204
4 869 282 867 1226
4 1013 1186 785 1212
4 1159 1075 1343 1369
4 52 1139 943 1220
4 446 18 384 1260
4 245 841 246 1352
4 158 706 683 1311
4 365 1218 366 1317
4 980 974 1153 1216
4 1198 1216 553 1374
4 815 1215 1139 1385
4 1166 1293 1084 1344
4 722 1199 746 1325
4 109 1198 108 1305
4 1031 1213 1024 1238
4 1120 1336 1080 1353
4 207 387 824 1261
4 888 293 887 1233
4 419 417 61 1364
4 975 980 974 1153
4 954 951 1227 1361
4 1162 1199 1080 1284
4 52 51 943 1139
4 992 1192 986 1221
4 467 58 490 1312
4 964 967 601 1194
4 465 99 466 1390
4 1185 1225 1054 1359
4 540 92 538 1246
4 643 140 1206 1371
4 427 26 1207 1370
4 1046 1255 1122 1387
4 112 530 1152 1362
4 1086 1117 1298 1371
4 1087 1116 1299 1370
4 413 415 1251 1312
4 270 1228 1204 1390
4 749 731 760 1187
4 86 1185 525 1296
4 364 1179 1107 1218
4 803 785 814 1186
4 629 631 1250 1311
4 1070 1375 1252 1392
4 1199 1284 1065 1325
4 1060 1237 1209 1354
4 768 1024 1213 1238
4 98 1228 99 1390
4 71 496 72 1154
4 71 72 442 1154
4 1090 1201 1189 1389
4 107 1191 1198 1374
4 195 1133 765 1367
4 1091 1254 1175 1300
4 800 798 775 1382
4 527 1185 86 1296
4 1199 1284 1162 1346
4 633 161 635 1360
4 304 1126 895 1363
4 1201 1366 1257 1389
4 935 40 39 1148
4 1053 1211 1270 1324
4 539 116 117 1287
4 183 738 184 1200
4 1122 1311 1070 1349
4 1025 731 1027 1213
4 1015 1013 785 1212
4 86 472 1185 1322
4 351 350 920 1151
4 496 72 1154 1204
4 186 742 744 1184
4 425 436 1172 1197
4 583 559 581 1301
4 641 652 1171 1196
4 357 929 358 1166
4 888 887 963 1233
4 214 750 747 1293
4 1166 1080 1295 1335
4 1195 1081 1379 1384
4 531 506 1280 1328
4 245 246 1254 1352
4 853 245 857 1254
4 509 508 537 1281
4 542 1246 540 1313
4 1062 1195 1267 1286
4 1064 1321 1301 1369
4 1128 1312 1071 1350
4 599 145 602 1138
4 1122 1255 891 1340
4 1065 1162 1284 1346
4 423 1310 1104 1337
4 1077 1286 1157 1310
4 743 212 745 1290
4 797 23 799 1291
4 1253 1356 1054 1393
4 1056 1250 1145 1340
4 264 853 857 1175
4 436 58 413 1312
4 1040 1193 1034 1222
4 556 578 576 1305
4 629 652 158 1311
4 1061 1251 1143 1341
4 800 802 213 1290
4 422 424 24 1291
4 1016 1148 383 1186
4 956 1196 950 1227
4 1124 1313 1097 1377
4 1028 1151 386 1187
4 366 365 346 1218
4 1066 1247 1162 1346
4 532 1280 507 1328
4 952 955 655 1196
4 865 1132 262 1372
4 848 1195 261 1365
4 1128 1251 1211 1341
4 346 1218 1107 1229
4 190 751 753 1353
4 1146 1279 1093 1373
4 1011 1148 1016 1269
4 1143 1251 1071 1341
4 984 976 516 1217
4 731 1187 749 1213
4 615 642 616 1266
4 426 400 399 1265
4 803 785 1186 1212
4 86 1185 474 1322
4 1050 1171 1122 1311
4 186 688 1184 1326
4 425 413 394 1334
4 161 687 689 1360
4 1209 1268 1049 1318
4 587 598 1173 1194
4 317 896 318 1156
4 250 1154 1109 1204
4 241 832 242 1157
4 757 726 727 1279
4 462 996 988 1223
4 440 437 70 1388
4 1065 1284 1199 1346
4 625 1108 658 1282
4 605 1105 571 1283
4 24 424 25 1207
4 640 139 138 1206
4 1003 439 1000 1197
4 979 516 976 1216
4 167 700 702 1366
4 1053 1186 1148 1324
4 691 1302 689 1327
4 1314 1362 1072 1369
4 1214 1379 1081 1384
4 606 607 1191 1194
4 1023 1151 1028 1274
4 968 1194 962 1233
4 1135 1067 1258 1321
4 805 802 1160 1293
4 35 1231 34 1391
4 1052 1172 1128 1312
4 1049 1187 1151 1318
4 358 359 946 1263
4 885 282 283 1262
4 497 1112 97 1228
4 550 97 1111 1228
4 929 931 358 1166
4 1044 1036 678 1224
4 818 815 31 1139
4 1079 1305 1129 1355
4 246 854 857 1254
4 1073 1272 1156 1302
4 326 325 900 1329
4 1053 1260 1186 1324
4 1209 1237 1089 1354
4 107 108 515 1198
4 1027 731 763 1213
4 1015 785 817 1212
4 1063 1314 1152 1328
4 1071 1356 1253 1393
4 720 743 721 1285
4 1145 1250 1070 1340
4 889 283 284 1262
4 359 360 949 1263
4 1104 1077 1310 1383
4 885 301 883 1169
4 944 946 47 1170
4 1066 1272 1247 1327
4 107 1198 515 1374
4 326 327 1177 1282
4 289 288 1178 1283
4 186 1184 690 1326
4 378 997 989 1165
4 93 94 489 1249
4 1064 1362 1314 1369
4 1077 1267 1195 1286
4 848 849 261 1195
4 1010 1011 1016 1269
4 696 670 698 1338
4 849 851 262 1384
4 992 1165 989 1192
4 886 304 303 1188
4 440 70 71 1388
4 1119 1254 246 1352
4 1028 1187 1025 1213
4 84 83 521 1190
4 1129 1330 1079 1355
4 1016 1186 1013 1212
4 245 837 841 1149
4 904 321 901 1150
4 326 327 346 1106
4 289 288 270 1111
4 250 251 270 1112
4 54 251 250 1109
4 1023 1028 1022 1274
4 1200 1256 1047 1381
4 1056 1255 1250 1340
4 561 589 586 1159
4 805 802 777 1160
4 747 745 1290 1325
4 1059 1232 1184 1326
4 1153 1198 1079 1355
4 1252 1292 1059 1375
4 362 363 943 1220
4 1184 1232 1066 1326
4 469 1253 471 1364
4 799 1291 801 1294
4 532 530 113 1362
4 1054 1225 1185 1322
4 21 418 22 1278
4 796 211 210 1277
4 1071 1251 1143 1364
4 123 122 518 551
4 680 712 172 173
4 821 1179 1110 1317
4 1152 1328 1072 1362
4 567 599 602 1386
4 685 1252 687 1360
4 845 1225 259 1359
4 859 256 257 1259
4 381 1009 1001 1172
4 1185 1225 1062 1322
4 301 300 883 1169
4 944 47 46 1170
4 610 641 629 1387
4 656 621 653 1142
4 182 732 183 1238
4 552 553 1216 1374
4 1070 1340 1122 1349
4 812 30 815 1215
4 855 987 993 1320
4 353 352 922 1236
4 937 42 41 1237
4 240 846 845 1225
4 987 855 994 1221
4 487 92 93 1246
4 936 351 352 1209
4 1049 1261 1187 1318
4 686 664 684 1292
4 1132 1276 1063 1365
4 774 1303 795 1382
4 527 86 525 1296
4 454 453 481 1214
4 734 1218 735 1229
4 468 470 448 1297
4 458 457 489 1249
4 426 399 423 1383
4 953 393 961 1171
4 41 827 40 1211
4 603 1141 600 1386
4 789 224 223 1317
4 798 1277 774 1382
4 1070 1250 1145 1360
4 53 1110 364 1317
4 1033 387 771 1187
4 656 653 170 1142
4 343 1133 928 1368
4 859 1259 860 1330
4 1021 384 825 1186
4 445 1197 425 1334
4 134 133 630 1202
4 1049 1268 1209 1354
4 700 698 671 1389
4 1071 1341 1128 1350
4 880 881 1321 1369
4 537 115 116 1281
4 74 465 466 1390
4 1070 1292 1252 1375
4 845 240 1225 1393
4 983 974 976 1216
4 919 322 917 1201
4 725 1279 755 1295
4 1160 1076 1344 1351
4 965 372 973 1173
4 250 1112 1154 1204
4 1037 390 1045 1168
4 1067 1241 1135 1242
4 1037 1040 1168 1193
4 1253 1297 1054 1356
4 1236 1256 1058 1381
4 795 793 21 1303
4 593 591 563 1287
4 804 806 1309 1370
4 590 1308 588 1371
4 1049 1212 1148 1269
4 953 956 1171 1196
4 1047 1213 1151 1274
4 239 829 240 1143
4 1250 1255 1122 1340
4 1131 1080 1336 1353
4 326 1177 1106 1329
4 1050 1311 1122 1349
4 166 698 700 1366
4 1232 1272 1066 1327
4 112 113 530 1362
4 547 516 979 1216
4 1004 1172 1001 1197
4 657 145 1273 1339
4 1049 1261 1212 1269
4 1107 1218 734 1229
4 241 1157 242 1286
4 71 494 496 1154
4 440 71 442 1154
4 326 1177 1108 1282
4 1105 1178 288 1283
4 908 316 1232 1392
4 114 532 113 1362
4 1082 1272 1232 1327
4 513 546 549 1155
4 316 315 893 1145
4 1104 1310 423 1383
4 1031 1022 1024 1213
4 63 477 64 1310
4 536 538 91 1289
4 909 908 316 1232
4 86 474 472 1322
4 660 1196 661 1240
4 805 807 215 1293
4 315 1145 316 1392
4 45 1181 941 1351
4 968 1173 965 1194
4 1177 1329 1142 1380
4 945 363 364 1220
4 364 1110 1179 1317
4 1052 1312 1128 1350
4 299 880 881 1321
4 557 558 1176 1358
4 452 476 478 1379
4 18 1186 384 1260
4 1250 1255 1056 1387
4 654 620 621 1273
4 485 456 455 1300
4 71 494 1154 1388
4 364 346 365 1218
4 55 1231 54 1317
4 207 1187 387 1261
4 1059 1292 1115 1375
4 1107 1179 766 1218
4 531 529 506 1328
4 610 629 631 1250
4 860 257 258 1259
4 394 413 415 1251
4 507 532 535 1280
4 585 583 1258 1301
4 1085 1343 1226 1376
4 691 162 689 1302
4 239 1143 240 1393
4 66 484 67 1316
4 762 765 195 1133
4 1071 1297 1253 1356
4 480 1214 477 1379
4 1062 1267 1195 1379
4 600 603 120 1141
4 1152 1314 1064 1362
4 280 279 1314 1369
4 1156 1234 1103 1331
4 345 346 364 1218
4 536 509 538 1304
4 1092 1289 1348 1372
4 1108 1230 308 1282
4 308 1230 1105 1283
4 1093 1279 1131 1373
4 480 453 1214 1379
4 186 690 688 1326
4 1244 1277 1068 1382
4 1051 1216 1153 1271
4 1054 1297 1113 1356
4 613 1205 637 1331
4 969 888 963 1347
4 89 90 481 1348
4 1101 1257 1201 1378
4 600 597 566 1386
4 506 532 507 1328
4 74 412 411 1391
4 1159 1072 1362 1369
4 132 624 133 1240
4 641 661 1196 1387
4 862 278 861 1203
4 397 1208 421 1337
4 788 1110 1231 1317
4 166 646 644 1366
4 88 531 89 1276
4 1081 1348 1289 1372
4 788 1231 789 1317
4 659 657 1108 1339
4 604 1105 602 1339
4 108 109 522 1198
4 763 768 1024 1213
4 822 1012 817 1212
4 1061 1251 1211 1334
4 1067 1234 1156 1331
4 1088 1256 1236 1381
4 748 723 751 1199
4 476 87 88 1276
4 276 1330 1129 1355
4 984 555 378 1217
4 355 926 356 1180
4 941 45 44 1181
4 1100 1118 1315 1363
4 393 1044 717 1224
4 820 1110 818 1345
4 441 1109 443 1345
4 381 996 501 1223
4 951 903 958 1227
4 169 653 650 1210
4 140 643 645 1371
4 427 429 26 1370
4 1272 1302 1073 1327
4 632 610 611 1387
4 280 880 279 1369
4 533 544 516 1216
4 608 972 606 1191
4 796 774 798 1277
4 418 396 420 1278
4 270 1204 251 1390
4 773 793 1303 1354
4 711 713 1106 1367
4 765 1107 767 1367
4 531 506 507 1280
4 157 706 158 1224
4 544 83 82 1217
4 909 335 908 1232
4 65 64 480 1383
4 441 438 405 1164
4 1042 1035 918 1222
4 507 508 1280 1281
4 490 58 57 1223
4 844 843 238 1356
4 845 846 259 1225
4 487 93 489 1249
4 951 957 903 1361
4 822 1012 1212 1261
4 1211 1251 1128 1334
4 1202 1056 1255 1387
4 606 607 570 1191
4 1035 1041 918 1342
4 504 1296 503 1323
4 1157 1235 1104 1337
4 108 107 570 1191
4 63 421 62 1310
4 1064 1301 1159 1369
4 1122 1255 1250 1387
4 453 478 481 1379
4 222 1179 821 1317
4 1050 1224 1171 1311
4 536 1289 90 1348
4 708 705 194 1163
4 216 217 754 1248
4 1052 1223 1172 1312
4 1226 1280 1092 1281
4 328 327 309 1282
4 764 761 220 1144
4 867 281 865 1226
4 610 1250 611 1387
4 109 522 1198 1305
4 633 1250 631 1360
4 586 1159 589 1376
4 460 495 497 1112
4 659 657 622 1108
4 676 711 713 1106
4 767 765 730 1107
4 604 568 602 1105
4 550 548 514 1111
4 820 784 818 1110
4 406 443 441 1109
4 980 977 974 1216
4 827 1211 828 1341
4 1082 1252 1232 1392
4 1067 1242 1135 1258
4 742 719 720 1285
4 711 675 708 1167
4 900 307 326 1108
4 326 345 915 1106
4 930 345 364 1107
4 884 288 307 1105
4 945 364 53 1110
4 868 269 288 1111
4 836 53 250 1109
4 269 852 250 1112
4 548 96 95 1140
4 495 95 96 1140
4 1069 1235 1157 1337
4 627 1230 626 1282
4 572 1230 573 1283
4 1048 1305 1198 1355
4 671 1189 701 1389
4 437 69 70 1388
4 907 906 314 1375
4 39 840 382 1219
4 1150 1201 1090 1366
4 560 584 559 1301
4 899 320 319 1182
4 244 243 835 1183
4 1114 1279 1146 1373
4 208 760 207 1187
4 814 18 19 1186
4 186 744 187 1184
4 208 760 1187 1318
4 394 395 416 1334
4 449 1253 469 1297
4 800 775 776 1294
4 170 169 707 1380
4 86 87 474 1185
4 1085 1308 1159 1376
4 72 73 442 1204
4 975 981 872 1271
4 1092 1348 1280 1372
4 210 741 739 1307
4 814 1186 19 1324
4 659 1108 1230 1339
4 604 1230 1105 1339
4 758 728 727 1174
4 690 186 187 1184
4 816 813 782 1385
4 527 87 86 1185
4 948 1018 1011 1269
4 1033 731 1025 1187
4 317 911 909 1272
4 1021 785 1013 1186
4 820 1231 1110 1345
4 443 1109 1231 1345
4 1027 763 1024 1213
4 1015 817 1012 1212
4 620 619 650 1210
4 1079 1198 1305 1355
4 1160 1068 1294 1351
4 496 463 464 1204
4 972 964 606 1191
4 897 299 300 1234
4 833 45 46 1235
4 960 660 662 1240
4 771 387 207 1187
4 276 859 860 1330
4 825 384 18 1186
4 1280 1348 1132 1372
4 317 318 911 1272
4 1159 1362 1072 1376
4 739 1307 719 1381
4 748 188 746 1346
4 626 1230 1108 1282
4 572 1105 1230 1283
4 390 1032 770 1238
4 1030 1023 933 1274
4 855 1221 987 1320
4 326 1106 915 1329
4 685 665 1252 1292
4 394 1251 395 1334
4 770 1032 768 1238
4 1053 1211 1128 1334
4 1149 1254 1091 1316
4 372 960 662 1240
4 1119 1300 1254 1316
4 515 1198 553 1374
4 457 487 489 1249
4 924 926 355 1180
4 941 44 939 1181
4 379 380 1275 1320
4 417 1251 415 1364
4 1131 1279 1093 1295
4 805 214 802 1293
4 713 1229 1106 1367
4 1107 1229 767 1367
4 843 1350 238 1356
4 1070 1360 1145 1392
4 1066 1326 1232 1327
4 1017 350 948 1269
4 1158 1226 1092 1281
4 1000 1007 998 1260
4 1060 1303 1237 1354
4 933 1029 331 1274
4 878 880 298 1321
4 1085 1308 1169 1343
4 1084 1309 1170 1344
4 1083 1253 1225 1393
4 751 723 724 1335
4 67 68 432 1316
4 1072 1280 1226 1281
4 1143 1071 1364 1393
4 1108 1177 658 1282
4 605 1178 1105 1283
4 666 1252 665 1326
4 1012 1019 1010 1261
4 1017 1014 385 1269
4 580 557 558 1176
4 257 843 844 1356
4 112 530 528 1152
4 109 578 110 1305
4 326 307 308 1282
4 308 307 288 1283
4 480 477 453 1379
4 740 1200 738 1381
4 869 867 263 1372
4 543 511 541 1313
4 542 540 511 1313
4 507 1280 535 1281
4 635 637 613 1205
4 692 188 694 1346
4 421 397 419 1208
4 384 383 1007 1260
4 906 1349 314 1375
4 388 1029 1026 1274
4 450 1253 449 1322
4 752 725 724 1295
4 1058 1307 1236 1381
4 986 992 989 1192
4 386 1019 387 1261
4 390 770 182 1238
4 1258 1301 1135 1321
4 842 236 237 1320
4 429 401 431 1299
4 617 647 645 1298
4 315 1340 1145 1392
4 1065 1243 1184 1285
4 298 894 297 1241
4 336 924 335 1243
4 354 355 939 1244
4 830 43 44 1245
4 840 1005 382 1219
4 1061 1211 1270 1334
4 132 372 662 1240
4 1058 1184 1243 1285
4 1040 1034 1035 1222
4 555 82 378 1217
4 782 1215 815 1385
4 758 761 728 1174
4 1077 1195 1267 1379
4 157 393 717 1224
4 888 1233 963 1347
4 255 855 842 1221
4 381 501 57 1223
4 384 1186 383 1260
4 506 507 1280 1328
4 282 281 1226 1343
4 660 661 624 1240
4 507 535 508 1281
4 364 1179 1218 1317
4 952 660 960 1240
4 797 774 795 1382
4 375 554 985 1374
4 666 1326 667 1327
4 721 722 746 1325
4 669 694 697 1247
4 1070 1252 1360 1392
4 386 387 1187 1261
4 968 962 963 1233
4 793 20 21 1270
4 683 685 159 1311
4 671 670 699 1189
4 724 750 752 1335
4 608 375 972 1191
4 210 739 209 1268
4 195 765 196 1367
4 196 711 195 1367
4 377 378 1165 1217
4 987 992 986 1221
4 1131 1295 1080 1353
4 1000 998 1197 1260
4 346 347 366 1218
4 239 1341 1143 1393
4 602 145 146 1339
4 657 146 145 1339
4 1152 1314 1072 1328
4 852 249 250 1154
4 250 249 836 1154
4 1129 1305 1048 1355
4 49 947 50 1161
4 529 505 506 1328
4 277 860 861 1330
4 300 897 1234 1332
4 833 1235 46 1333
4 543 512 511 1313
4 512 542 511 1313
4 1253 1364 1071 1393
4 1032 1024 768 1238
4 467 469 59 1312
4 792 794 1268 1354
4 888 874 293 1233
4 236 826 237 1275
4 956 950 951 1227
4 236 379 1006 1275
4 581 579 136 1358
4 147 1230 604 1339
4 659 1230 147 1339
4 554 375 107 1374
4 769 732 768 1238
4 441 32 31 1345
4 818 31 32 1345
4 953 950 956 1196
4 1039 1036 1034 1193
4 1004 1001 998 1197
4 427 26 25 1207
4 139 643 140 1206
4 1035 918 1222 1342
4 526 504 503 1323
4 693 668 669 1247
4 1053 1270 1211 1334
4 281 881 280 1369
4 769 768 1213 1238
4 443 1231 33 1345
4 33 1231 820 1345
4 648 619 618 1315
4 290 309 289 1283
4 460 497 463 1112
4 679 676 713 1106
4 659 622 625 1108
4 733 767 730 1107
4 571 568 604 1105
4 550 514 517 1111
4 820 787 784 1110
4 443 406 409 1109
4 585 583 138 1258
4 1072 1281 1226 1376
4 65 1265 426 1383
4 1046 1202 1255 1387
4 381 1172 380 1223
4 414 1270 20 1324
4 773 772 793 1354
4 432 68 434 1239
4 704 168 702 1257
4 393 1171 392 1224
4 223 1218 222 1317
4 137 583 581 1258
4 312 903 890 1227
4 534 507 508 1280
4 477 1267 452 1379
4 1004 380 1172 1275
4 951 903 1227 1361
4 1237 1303 1089 1354
4 747 745 213 1290
4 799 24 801 1291
4 567 603 600 1386
4 672 671 701 1389
4 160 633 631 1360
4 1160 1084 1293 1344
4 197 767 1229 1367
4 713 197 1229 1367
4 962 967 964 1194
4 413 59 415 1312
4 1156 1272 1082 1302
4 968 965 962 1194
4 629 159 631 1311
4 375 608 107 1191
4 334 922 333 1256
4 71 70 494 1388
4 792 1268 209 1318
4 892 295 296 1255
4 1037 1034 1040 1193
4 4 381 447 1009
4 825 1021 0 384
4 771 1033 10 387
4 663 961 8 393
4 7 372 609 973
4 518 519 98 1228
4 198 681 680 1229
4 198 734 735 1229
4 572 148 573 1230
4 626 627 148 1230
4 34 789 788 1231
4 1076 1160 1294 1351
4 781 812 782 1215
4 497 464 1112 1228
4 550 1111 518 1228
4 713 680 1106 1229
4 767 1107 734 1229
4 659 1108 626 1230
4 572 1105 604 1230
4 788 1110 820 1231
4 443 1109 410 1231
4 1085 1159 1308 1343
4 1084 1160 1309 1344
4 381 4 501 996
4 1044 8 393 717
4 5 984 555 378
4 918 905 331 1222
4 907 333 906 1375
4 531 1280 534 1348
4 1022 1028 1025 1213
4 1010 1016 1013 1212
4 666 665 688 1326
4 1254 1300 1091 1316
4 1236 1307 1088 1381
4 376 978 377 1271
4 975 982 871 872
4 970 888 887 963
4 986 991 988 1192
4 642 165 644 1266
4 428 426 65 1265
4 632 1202 630 1387
4 1072 1314 1152 1362
4 615 643 640 1206
4 399 427 424 1207
4 780 779 808 1357
4 281 1343 881 1369
4 414 416 1270 1334
4 735 223 224 1218
4 184 740 185 1200
4 685 687 160 1360
4 722 748 746 1199
4 534 536 90 1348
4 993 11 236 1320
4 1085 1158 1262 1287
4 60 469 471 1364
4 979 974 977 1216
4 377 378 989 1165
4 402 432 403 1239
4 1158 1281 1092 1304
4 838 247 246 1352
4 927 337 338 1284
4 718 739 719 1381
4 952 950 955 1196
4 1156 1205 1067 1331
4 472 450 449 1322
4 580 558 582 1176
4 1132 1348 1081 1372
4 419 396 417 1208
4 542 93 540 1246
4 633 635 612 1205
4 689 666 667 1327
4 719 720 1285 1307
4 595 565 597 1306
4 1064 1159 1362 1369
4 381 1001 380 1172
4 1104 1265 1183 1383
4 1000 998 1003 1197
4 552 553 547 1216
4 878 278 279 1288
4 989 991 986 1192
4 371 372 1173 1240
4 60 417 415 1364
4 1195 1276 1132 1365
4 953 392 393 1171
4 1085 1159 1343 1376
4 509 537 539 1304
4 1157 1208 1069 1337
4 390 1168 389 1238
4 937 936 352 1209
4 236 379 1275 1320
4 398 422 397 1337
4 1225 1253 1054 1393
4 137 638 138 1258
4 771 760 731 1187
4 54 365 366 1317
4 785 825 814 1186
4 509 510 538 1304
4 41 828 827 1211
4 271 1228 270 1390
4 327 308 309 1282
4 309 308 289 1283
4 672 673 702 1257
4 1145 1340 1070 1392
4 445 425 394 1334
4 638 613 614 1331
4 693 696 164 1338
4 523 85 84 1190
4 482 455 484 1300
4 135 134 632 1202
4 371 372 965 1173
4 905 312 313 1342
4 255 981 376 1271
4 294 890 293 1361
4 1037 389 390 1168
4 10 207 387 824
4 770 390 182 9
4 18 0 446 384
4 132 372 7 662
4 608 375 107 6
4 5 378 82 500
4 390 182 9 716
4 375 554 107 6
4 1143 1341 1071 1393
4 449 471 469 1253
4 364 1218 365 1317
4 13 274 969 1347
4 953 955 950 1196
4 274 275 874 1347
4 689 687 666 1252
4 13 969 373 1347
4 692 694 668 1247
4 1003 998 1001 1197
4 255 376 981 12
4 804 806 778 1309
4 588 590 562 1308
4 54 1231 53 1317
4 1180 1074 1290 1325
4 4 381 501 57
4 381 4 447 57
4 8 157 393 717
4 771 10 207 387
4 663 8 157 393
4 555 5 378 82
4 18 825 0 384
4 372 132 7 609
4 585 588 561 1308
4 804 777 801 1309
4 1037 1039 1034 1193
4 591 115 589 1376
4 73 410 1204 1391
4 496 73 72 1204
4 962 965 967 1194
4 1232 1252 1059 1392
4 1206 1234 1103 1332
4 1207 1235 1104 1333
4 534 531 507 1280
4 1068 1294 1181 1382
4 672 1257 702 1389
4 775 799 1294 1382
4 471 450 473 1253
4 861 258 259 1359
4 475 473 451 1267
4 999 1219 839 1275
4 163 691 693 1302
4 685 683 664 1292
4 919 321 322 1201
4 428 401 400 1265
4 617 616 644 1266
4 987 990 993 1320
4 504 525 503 1296
4 687 685 665 1252
4 999 1005 839 1219
4 862 864 279 1314
4 255 256 858 1271
4 637 162 163 1302
4 19 414 20 1324
4 477 475 452 1267
4 1012 1010 1212 1261
4 516 544 555 1217
4 821 223 222 1317
4 645 1298 141 1371
4 429 1299 27 1370
4 993 379 11 1320
4 462 490 501 1223
4 171 658 656 1177
4 171 710 712 1177
4 221 766 764 1179
4 551 549 121 1178
4 121 603 605 1178
4 819 821 221 1179
4 498 499 493 1192
4 15 312 1041 1342
4 9 390 716 1045
4 378 5 997 500
4 554 375 985 6
4 282 883 281 1343
4 357 358 944 1344
4 720 721 744 1285
4 573 124 123 1283
4 174 627 173 1282
4 1181 1294 1068 1351
4 448 469 467 1297
4 15 1041 391 1342
4 10 387 1020 824
4 770 390 9 1032
4 7 372 960 662
4 446 0 1008 384
4 375 608 972 6
4 552 515 553 1374
4 464 73 1204 1390
4 1254 1316 1149 1352
4 706 717 678 1224
4 606 601 607 1194
4 1166 1293 1074 1335
4 104 988 991 462
4 678 204 1039 1036
4 129 979 516 976
4 275 859 276 1355
4 641 610 661 1387
4 255 856 376 12
4 54 1231 55 1391
4 1119 1239 1316 1352
4 260 261 864 1365
4 871 982 981 872
4 888 969 970 887
4 236 1006 839 1275
4 999 839 1006 1275
4 375 1191 107 1374
4 388 331 16 1029
4 1017 385 17 350
4 923 353 922 1236
4 938 42 937 1237
4 845 259 258 1359
4 792 209 208 1318
4 942 45 941 1351
4 1120 1189 1336 1353
4 236 855 993 1320
4 957 14 293 1361
4 782 812 815 1215
4 1038 1041 1035 1342
4 275 276 875 1355
4 753 725 755 1295
4 1022 1025 1027 1213
4 1015 1010 1013 1212
4 957 370 14 1361
4 1077 1195 1379 1384
4 326 308 327 1282
4 289 308 288 1283
4 954 957 951 1361
4 992 377 989 1165
4 222 766 1179 1218
4 167 1315 646 1366
4 114 586 589 1376
4 800 213 212 1290
4 422 24 23 1291
4 1090 1366 1201 1389
4 491 70 69 1388
4 969 963 966 1347
4 104 991 493 462
4 709 678 204 1039
4 547 129 979 516
4 653 620 650 1210
4 480 454 482 1214
4 1075 1301 1258 1321
4 260 848 261 1365
4 114 113 586 1362
4 865 262 867 1372
4 444 1197 445 1260
4 1001 1004 380 1172
4 241 848 846 1286
4 982 13 274 871
4 112 584 113 1362
4 1076 1291 1181 1294
4 985 554 552 1374
4 184 738 740 1200
4 660 655 661 1196
4 715 709 714 1193
4 167 648 646 1315
4 39 40 826 1219
4 956 392 953 1171
4 780 810 781 1357
4 975 978 981 1271
4 1077 1379 1214 1384
4 255 872 981 1271
4 979 976 974 1216
4 510 509 539 1304
4 892 891 1255 1340
4 444 439 445 1197
4 371 965 968 1173
4 742 720 744 1285
4 73 410 442 1204
4 236 11 379 1320
4 1037 1040 389 1168
4 840 39 382 2
4 547 552 979 130
4 498 105 991 493
4 709 714 1039 205
4 556 575 577 1319
4 103 462 501 996
4 717 1044 203 678
4 128 984 516 555
4 1131 1336 1189 1353
4 855 236 993 11
4 411 35 34 1391
4 67 430 66 1316
4 678 709 695 1193
4 28 810 808 1357
4 671 699 701 1189
4 301 899 300 1332
4 46 47 835 1333
4 1119 1316 1254 1352
4 755 725 726 1279
4 610 631 611 1250
4 905 313 906 1349
4 843 842 237 1350
4 208 737 760 1318
4 1062 1276 1195 1365
4 970 14 293 887
4 914 916 339 1336
4 115 1281 535 1376
4 753 751 724 1295
4 394 415 395 1251
4 562 589 561 1308
4 778 805 777 1309
4 740 738 718 1381
4 1076 1294 1181 1351
4 134 630 632 1202
4 1201 1257 1101 1389
4 486 484 456 1300
4 540 93 92 1246
4 505 530 506 1328
4 748 722 723 1199
4 1022 1027 1024 1213
4 1015 1012 1010 1212
4 783 782 815 1385
4 364 365 54 1317
4 983 976 984 1217
4 255 981 872 12
4 274 13 969 888
4 792 772 794 1354
4 988 996 995 1223
4 788 821 787 1317
4 410 34 1231 1391
4 1044 1043 1036 1224
4 190 753 191 1353
4 421 1310 423 1337
4 506 530 532 1328
4 849 243 851 1384
4 53 364 54 1317
4 13 373 274 1347
4 1104 1310 1157 1337
4 236 379 11 1006
4 464 1228 98 1390
4 114 115 535 1376
4 73 1204 1390 1391
4 641 655 623 1196
4 969 274 888 1347
4 791 814 19 1324
4 425 439 407 1197
4 1038 392 391 1342
4 635 613 612 1205
4 479 462 493 1192
4 419 397 396 1208
4 855 987 994 993
4 918 905 1222 1342
4 969 888 970 963
4 982 975 981 872
4 775 797 799 1382
4 1002 1005 999 1219
4 1058 1256 1200 1381
4 972 971 964 1191
4 941 356 942 1351
4 646 618 617 1315
4 90 91 483 1289
4 172 658 1177 1282
4 122 1178 605 1283
4 1054 1253 1225 1322
4 524 503 502 1323
4 430 67 432 1316
4 373 966 374 1347
4 601 569 587 1194
4 890 1227 903 1361
4 1059 1252 1232 1326
4 379 990 380 1320
4 1004 379 380 1275
4 343 928 925 1368
4 964 606 601 154
4 229 763 768 1024
4 660 952 179 655
4 444 1000 79 439
4 822 233 817 1012
4 15 391 312 1342
4 74 73 1390 1391
4 690 667 666 1326
4 855 842 1221 1320
4 967 964 601 154
4 1000 1003 79 439
4 1027 763 229 1024
4 179 952 955 655
4 233 1015 817 1012
4 136 634 636 1242
4 856 376 12 994
4 686 665 664 1292
4 1082 1302 1272 1327
4 918 1041 312 1342
4 1008 444 446 1260
4 608 606 570 1191
4 414 445 394 1334
4 470 449 448 1297
4 611 631 633 1250
4 657 145 654 1273
4 523 84 521 1190
4 13 373 982 274
4 824 1020 822 1261
4 371 370 954 1361
4 1010 1014 1011 1269
4 215 750 214 1293
4 14 370 293 1361
4 140 645 141 1371
4 26 429 27 1370
4 366 55 54 1317
4 137 136 636 1242
4 375 374 1191 1374
4 988 462 103 996
4 1044 203 678 1036
4 984 128 516 976
4 763 731 749 1213
4 803 817 785 1212
4 451 450 474 1322
4 395 415 417 1251
4 494 70 491 1388
4 792 794 209 1268
4 552 979 130 977
4 989 498 105 991
4 714 1037 1039 205
4 850 852 268 1264
4 414 416 20 1270
4 895 323 902 1363
4 1026 1023 1022 1274
4 874 1233 888 1347
4 957 293 903 1361
4 550 98 97 1228
4 198 197 767 1229
4 197 198 713 1229
4 659 148 147 1230
4 148 604 147 1230
4 497 97 98 1228
4 443 34 33 1231
4 33 34 820 1231
4 825 1021 785 235
4 407 81 447 1009
4 231 1033 771 731
4 181 961 663 623
4 569 156 609 973
4 952 960 959 1240
4 556 557 578 1319
4 722 745 747 1325
4 558 557 579 1358
4 98 99 465 1390
4 892 314 891 1340
4 449 450 471 1253
4 340 341 934 1373
4 188 187 746 1346
4 827 828 238 1341
4 1031 1024 1032 1238
4 673 704 702 1257
4 118 597 119 1306
4 902 304 895 1363
4 745 212 213 1290
4 799 23 24 1291
4 860 859 257 1259
4 88 89 478 1276
4 775 798 774 1382
4 948 1011 1017 1269
4 14 970 293 370
4 282 281 867 1226
4 604 146 147 1339
4 147 146 659 1339
4 807 809 216 1248
4 452 475 451 1267
4 610 630 661 1387
4 1209 1268 1060 1354
4 933 1023 1029 1274
4 692 187 188 1346
4 604 602 146 1339
4 659 146 657 1339
4 443 33 32 1345
4 33 820 32 1345
4 666 687 665 1252
4 721 743 745 1325
4 241 242 848 1286
4 432 434 403 1239
4 14 957 293 903
4 822 1212 823 1261
4 794 772 773 1354
4 441 443 32 1345
4 820 818 32 1345
4 586 113 584 1362
4 536 91 90 1289
4 427 25 424 1207
4 640 643 139 1206
4 1042 388 331 16
4 17 385 1030 350
4 391 15 312 958
4 39 1018 382 2
4 414 394 416 1334
4 632 630 610 1387
4 788 789 223 1317
4 559 558 581 1358
4 763 769 768 1213
4 823 822 817 1212
4 999 839 1005 1006
4 398 421 423 1337
4 908 315 316 1392
4 660 624 662 1240
4 515 522 553 1198
4 897 896 299 1234
4 45 833 832 1235
4 196 765 767 1367
4 711 196 713 1367
4 446 408 18 1260
4 1004 999 379 1275
4 933 331 920 1274
4 719 741 720 1307
4 948 1017 17 350
4 16 331 933 1029
4 918 1041 15 312
4 948 350 935 1269
4 840 839 1005 1219
4 207 824 786 1261
4 196 767 197 1367
4 196 197 713 1367
4 1002 382 1005 1219
4 740 718 719 1381
4 527 504 505 1296
4 770 768 732 1238
4 480 453 454 1214
4 804 26 806 1370
4 140 590 588 1371
4 774 773 795 1303
4 464 73 496 1204
4 410 411 34 1391
4 476 88 478 1276
4 171 170 710 1380
4 999 1006 379 1275
4 297 894 893 1241
4 335 924 923 1243
4 938 354 939 1244
4 829 43 830 1245
4 845 239 240 1393
4 637 639 614 1331
4 799 801 776 1294
4 1008 384 1007 1260
4 685 664 665 1292
4 537 535 115 1281
4 819 816 783 1385
4 387 1019 1020 1261
4 696 698 165 1338
4 757 755 726 1279
4 64 423 1310 1383
4 985 552 977 1374
4 1008 1000 444 1260
4 277 276 860 1330
4 223 766 222 1218
4 448 449 469 1297
4 723 747 750 1335
4 822 1020 1012 1261
4 839 1219 826 1275
4 585 560 583 1301
4 216 809 217 1248
4 464 98 465 1390
4 691 163 162 1302
4 547 533 516 1216
4 657 654 621 1273
4 80 1003 1001 407
4 1025 230 1027 731
4 967 155 569 965
4 1015 234 785 1013
4 955 953 180 623
4 788 223 821 1317
4 910 917 323 1378
4 647 142 141 1298
4 28 27 431 1299
4 805 215 214 1293
4 967 155 601 569
4 1003 80 439 407
4 1027 230 763 731
4 655 955 180 623
4 1015 234 817 785
4 700 167 166 1366
4 190 699 697 1353
4 108 522 515 1198
4 138 583 137 1258
4 934 341 932 1373
4 299 298 880 1321
4 760 771 207 1187
4 814 825 18 1186
4 428 400 426 1265
4 616 642 644 1266
4 691 667 668 1327
4 669 668 694 1247
4 870 285 284 1377
4 285 886 284 1377
4 696 165 164 1338
4 167 646 166 1366
4 595 597 118 1306
4 556 577 557 1319
4 333 922 921 1256
4 892 891 295 1255
4 733 766 734 1218
4 1025 387 1033 1187
4 707 675 710 1380
4 775 799 776 1294
4 1021 1013 384 1186
4 386 387 1025 1187
4 1013 383 384 1186
4 245 246 857 1254
4 325 915 913 1329
4 892 315 314 1340
4 212 211 798 1277
4 22 420 23 1278
4 208 209 737 1318
4 560 559 583 1301
4 109 108 576 1305
4 236 839 826 1275
4 945 943 363 1220
4 21 20 416 1270
4 794 210 209 1268
4 390 389 1031 1238
4 828 239 238 1341
4 916 340 339 1336
4 933 1030 1029 1023
4 951 957 958 903
4 1035 1042 918 1041
4 1017 948 1018 1011
4 878 877 278 1288
4 160 161 633 1360
4 359 949 946 1263
4 889 885 283 1262
4 1028 386 1025 1187
4 429 431 27 1299
4 141 645 647 1298
4 300 899 897 1332
4 833 46 835 1333
4 1016 383 1013 1186
4 484 455 456 1300
4 593 116 591 1287
4 984 378 983 1217
4 605 123 122 1283
4 172 173 658 1282
4 371 959 372 1240
4 377 983 378 1217
4 393 392 1043 1224
4 61 60 471 1364
4 995 996 381 1223
4 850 249 852 1264
4 375 977 374 1374
4 393 1043 1044 1224
4 381 380 995 1223
4 927 926 337 1284
4 453 452 478 1379
4 160 687 161 1360
4 61 417 60 1364
4 171 172 658 1177
4 171 712 172 1177
4 605 122 121 1178
4 122 551 121 1178
4 221 222 766 1179
4 821 222 221 1179
4 791 19 20 1324
4 980 374 977 1374
4 537 508 535 1281
4 117 116 593 1287
4 840 39 839 1219
4 544 82 555 1217
4 972 608 606 153
4 1020 232 824 822
4 660 178 960 662
4 446 1008 78 444
4 228 770 1032 768
4 881 880 280 1369
4 700 672 702 1389
4 490 57 501 1223
4 706 157 717 1224
4 982 292 871 981
4 969 311 970 887
4 63 64 423 1310
4 531 534 89 1348
4 690 666 688 1326
4 785 1021 1013 235
4 1001 81 407 1009
4 1025 1033 231 731
4 953 961 181 623
4 156 569 965 973
4 390 1031 1032 1238
4 372 959 960 1240
4 864 280 279 1314
4 464 465 73 1390
4 453 477 452 1379
4 74 73 465 1390
4 472 474 450 1322
4 251 1390 1204 1391
4 398 397 421 1337
4 735 734 223 1218
4 375 971 972 1191
4 567 566 599 1386
4 625 658 626 1282
4 572 605 571 1283
4 578 109 576 1305
4 524 526 503 1323
4 796 798 211 1277
4 418 420 22 1278
4 724 725 753 1295
4 376 981 978 1271
4 723 750 724 1335
4 841 838 246 1352
4 994 855 993 273
4 239 845 844 1393
4 375 374 971 1191
4 342 917 910 1378
4 856 855 994 273
4 1017 1011 1014 1269
4 613 637 614 1331
4 588 562 561 1308
4 804 778 777 1309
4 518 98 550 1228
4 198 680 713 1229
4 198 767 734 1229
4 626 148 659 1230
4 148 572 604 1230
4 497 98 464 1228
4 410 34 443 1231
4 788 820 34 1231
4 326 915 325 1329
4 421 63 423 1310
4 907 315 908 1392
4 1029 1023 1026 1274
4 691 689 667 1327
4 964 972 606 153
4 1020 232 822 1012
4 660 178 952 960
4 1008 1000 78 444
4 1032 228 768 1024
4 806 26 27 1370
4 590 140 141 1371
4 883 881 281 1343
4 944 942 357 1344
4 342 343 925 1368
4 527 525 504 1296
4 671 672 700 1389
4 114 589 115 1376
4 408 444 445 1260
4 770 732 182 1238
4 132 662 624 1240
4 786 822 823 1261
4 158 683 159 1311
4 816 782 783 1385
4 467 59 58 1312
4 190 191 699 1353
4 554 515 552 1374
4 567 600 566 1386
4 985 977 375 1374
4 629 158 159 1311
4 608 570 107 1191
4 413 58 59 1312
4 1005 839 254 1006
4 855 236 842 1320
4 716 1045 714 206
4 554 985 552 131
4 106 498 997 500
4 775 774 797 1382
4 627 626 173 1282
4 573 123 572 1283
4 867 262 263 1372
4 773 793 795 1303
4 906 313 314 1349
4 238 843 237 1350
4 918 312 905 1342
4 810 780 808 1357
4 293 890 903 1361
4 251 252 1390 1391
4 89 534 90 1348
4 223 734 766 1218
4 646 648 618 1315
4 719 739 741 1307
4 1008 1007 1000 1260
4 721 745 722 1325
4 1020 1019 1012 1261
4 839 236 11 1006
4 39 826 839 1219
4 73 411 410 1391
4 1045 1037 714 206
4 985 552 131 977
4 989 106 498 997
4 292 871 981 872
4 311 969 888 887
4 64 426 423 1383
4 74 411 73 1391
4 554 107 515 1374
4 251 252 271 1390
4 55 252 251 1391
4 558 579 581 1358
4 104 988 462 103
4 678 203 204 1036
4 128 129 516 976
4 64 65 426 1383
4 709 715 695 1193
4 499 479 493 1192
4 170 707 710 1380
4 15 312 958 903
4 1030 17 350 933
4 918 1042 331 16
4 39 948 1018 2
4 446 444 408 1260
4 1041 1038 391 1342
4 274 874 888 1347
4 607 601 587 1194
4 824 822 786 1261
4 840 382 1005 2
4 641 661 655 1196
4 572 123 605 1283
4 173 626 658 1282
4 255 858 872 1271
4 425 445 439 1197
4 993 990 379 1320
4 373 969 966 1347
4 234 785 1013 235
4 80 1001 81 407
4 230 1025 231 731
4 155 156 569 965
4 180 953 181 623
4 547 553 533 1216
4 957 954 370 1361
4 606 964 153 154
4 178 660 952 179
4 228 229 768 1024
4 1000 78 444 79
4 822 232 233 1012
4 948 1017 1018 369
4 1030 933 1029 368
4 957 958 903 330
4 1042 918 1041 349
4 1037 714 206 205
4 131 552 130 977
4 106 989 498 105
4 769 763 749 1213
4 803 823 817 1212
4 855 993 273 11
4 14 957 903 330
4 271 270 251 1390
4 251 54 55 1391
4 839 840 1005 254
4 948 1017 369 17
4 933 16 1029 368
4 918 1041 349 15
4 981 292 872 12
4 969 13 311 888
4 4 103 501 996
4 1044 8 717 203
4 128 5 984 555
4 10 1020 232 824
4 608 972 6 153
4 0 446 1008 78
4 770 9 228 1032
4 178 7 960 662
4 1018 948 369 2
4 958 15 903 330
4 1030 17 933 368
4 918 1042 16 349
4 254 839 11 1006
4 825 1021 235 0
4 81 4 447 1009
4 961 181 663 8
4 1033 231 771 10
4 156 7 609 973
4 105 104 991 493
4 129 547 979 130
4 204 709 1039 205
4 155 967 601 154
4 79 1003 80 439
4 230 1027 763 229
4 955 179 655 180
4 234 233 1015 817
4 716 9 1045 206
4 985 554 6 131
4 5 106 997 500
4 840 1005 254 2
4 12 856 994 273
4 292 13 982 871
4 311 14 970 887

CELL_TYPES 5407
10
10
10
10
10
10
10
10
10
10
10
10
10
10
10
10
10
10
10
10
10
10
10
10
10
10
10
10
10
10
10
10
10
10
10
10
10
10
10
10
10
10
10
10
10
10
10
10
10
10
10
10
10
10
10
10
10
10
10
10
10
10
10
10
10
10
10
10
10
10
10
10
10
10
10
10
10
10
10
10
10
10
10
10
10
10
10
10
10
10
10
10
10
10
10
10
10
10
10
10
10
10
10
10
10
10
10
10
10
10
10
10
10
10
10
10
10
10
10
10
10
10
10
10
10
10
10
10
10
10
10
10
10
10
10
10
10
10
10
10
10
10
10
10
10
10
10
10
10
10
10
10
10
10
10
10
10
10
10
10
10
10
10
10
10
10
10
10
10
10
10
10
10
10
10
10
10
10
10
10
10
10
10
10
10
10
10
10
10
10
10
10
10
10
10
10
10
10
10
10
10
10
10
10
10
10
10
10
10
10
10
10
10
10
10
10
10
10
10
10
10
10
10
10
10
10
10
10
10
10
10
10
10
10
10
10
10
10
10
10
10
10
10
10
10
10
10
10
10
10
10
10
10
10
10
10
10
10
10
10
10
10
10
10
10
10
10
10
10
10
10
10
10
10
10
10
10
10
10
10
10
10
10
10
10
10
10
10
10
10
10
10
10
10
10
10
10
10
10
10
10
10
10
10
10
10
10
10
10
10
10
10
10
10
10
10
10
10
10
10
10
10
10
10
10
10
10
10
10
10
10
10
10
10
10
10
10
10
10
10
10
10
10
10
10
10
10
10
10
10
10
10
10
10
10
10
10
10
10
10
10
10
10
10
10
10
10
10
10
10
10
10
10
10
10
10
10
10
10
10
10
10
10
10
10
10
10
10
10
10
10
10
10
10
10
10
10
10
10
10
10
10
10
10
10
10
10
10
10
10
10
10
10
10
10
10
10
10
10
10
10
10
10
10
10
10
10
10
10
10
10
10
10
10
10
10
10
10
10
10
10
10
10
10
10
10
10
10
10
10
10
10
10
10
10
10
10
10
10
10
10
10
10
10
10
10
10
10
10
10
10
10
10
10
10
10
10
10
10
10
10
10
10
10
10
10
10
10
10
10
10
10
10
10
10
10
10
10
10
10
10
10
10
10
10
10
10
10
10
10
10
10
10
10
10
10
10
10
10
10
10
10
10
10
10
10
10
10
10
10
10
10
10
10
10
10
10
10
10
10
10
10
10
10
10
10
10
10
10
10
10
10
10
10
10
10
10
10
10
10
10
10
10
10
10
10
10
10
10
10
10
10
10
10
10
10
10
10
10
10
10
10
10
10
10
10
10
10
10
10
10
10
10
10
10
10
10
10
10
10
10
10
10
10
10
10
10
10
10
10
10
10
10
10
10
10
10
10
10
10
10
10
10
10
10
10
10
10
10
10
10
10
10
10
10
10
10
10
10
10
10
10
10
10
10
10
10
10
10
10
10
10
10
10
10
10
10
10
10
10
10
10
10
10
10
10
10
10
10
10
10
10
10
10
10
10
10
10
10
10
10
10
10
10
10
10
10
10
10
10
10
10
10
10
10
10
10
10
10
10
10
10
10
10
10
10
10
10
10
10
10
10
10
10
10
10
10
10
10
10
10
10
10
10
10
10
10
10
10
10
10
10
10
10
10
10
10
10
10
10
10
10
10
10
10
10
10
10
10
10
10
10
10
10
10
10
10
10
10
10
10
10
10
10
10
10
10
10
10
10
10
10
10
10
10
10
10
10
10
10
10
10
10
10
10
10
10
10
10
10
10
10
10
10
10
10
10
10
10
10
10
10
10
10
10
10
10
10
10
10
10
10
10
10
10
10
10
10
10
10
10
10
10
10
10
10
10
10
10
10
10
10
10
10
10
10
10
10
10
10
10
10
10
10
10
10
10
10
10
10
10
10
10
10
10
10
10
10
10
10
10
10
10
10
10
10
10
10
10
10
10
10
10
10
10
10
10
10
10
10
10
10
10
10
10
10
10
10
10
10
10
10
10
10
10
10
10
10
10
10
10
10
10
10
10
10
10
10
10
10
10
10
10
10
10
10
10
10
10
10
10
10
10
10
10
10
10
10
10
10
10
10
10
10
10
10
10
10
10
10
10
10
10
10
10
10
10
10
10
10
10
10
10
10
10
10
10
10
10
10
10
10
10
10
10
10
10
10
10
10
10
10
10
10
10
10
10
10
10
10
10
10
10
10
10
10
10
10
10
10
10
10
10
10
10
10
10
10
10
10
10
10
10
10
10
10
10
10
10
10
10
10
10
10
10
10
10
10
10
10
10
10
10
10
10
10
10
10
10
10
10
10
10
10
10
10
10
10
10
10
10
10
10
10
10
10
10
10
10
10
10
10
10
10
10
10
10
10
10
10
10
10
10
10
10
10
10
10
10
10
10
10
10
10
10
10
10
10
10
10
10
10
10
10
10
10
10
10
10
10
10
10
10
10
10
10
10
10
10
10
10
10
10
10
10
10
10
10
10
10
10
10
10
10
10
10
10
10
10
10
10
10
10
10
10
10
10
10
10
10
10
10
10
10
10
10
10
10
10
10
10
10
10
10
10
10
10
10
10
10
10
10
10
10
10
10
10
10
10
10
10
10
10
10
10
10
10
10
10
10
10
10
10
10
10
10
10
10
10
10
10
10
10
10
10
10
10
10
10
10
10
10
10
10
10
10
10
10
10
10
10
10
10
10
10
10
10
10
10
10
10
10
10
10
10
10
10
10
10
10
10
10
10
10
10
10
10
10
10
10
10
10
10
10
10
10
10
10
10
10
10
10
10
10
10
10
10
10
10
10
10
10
10
10
10
10
10
10
10
10
10
10
10
10
10
10
10
10
10
10
10
10
10
10
10
10
10
10
10
10
10
10
10
10
10
10
10
10
10
10
10
10
10
10
10
10
10
10
10
10
10
10
10
10
10
10
10
10
10
10
10
10
10
10
10
10
10
10
10
10
10
10
10
10
10
10
10
10
10
10
10
10
10
10
10
10
10
10
10
10
10
10
10
10
10
10
10
10
10
10
10
10
10
10
10
10
10
10
10
10
10
10
10
10
10
10
10
10
10
10
10
10
10
10
10
10
10
10
10
10
10
10
10
10
10
10
10
10
10
10
10
10
10
10
10
10
10
10
10
10
10
10
10
10
10
10
10
10
10
10
10
10
10
10
10
10
10
10
10
10
10
10
10
10
10
10
10
10
10
10
10
10
10
10
10
10
10
10
10
10
10
10
10
10
10
10
10
10
10
10
10
10
10
10
10
10
10
10
10
10
10
10
10
10
10
10
10
10
10
10
10
10
10
10
10
10
10
10
10
10
10
10
10
10
10
10
10
10
10
10
10
10
10
10
10
10
10
10
10
10
10
10
10
10
10
10
10
10
10
10
10
10
10
10
10
10
10
10
10
10
10
10
10
10
10
10
10
10
10
10
10
10
10
10
10
10
10
10
10
10
10
10
10
10
10
10
10
10
10
10
10
10
10
10
10
10
10
10
10
10
10
10
10
10
10
10
10
10
10
10
10
10
10
10
10
10
10
10
10
10
10
10
10
10
10
10
10
10
10
10
10
10
10
10
10
10
10
10
10
10
10
10
10
10
10
10
10
10
10
10
10
10
10
10
10
10
10
10
10
10
10
10
10
10
10
10
10
10
10
10
10
10
10
10
10
10
10
10
10
10
10
10
10
10
10
10
10
10
10
10
10
10
10
10
10
10
10
10
10
10
10
10
10
10
10
10
10
10
10
10
10
10
10
10
10
10
10
10
10
10
10
10
10
10
10
10
10
10
10
10
10
10
10
10
10
10
10
10
10
10
10
10
10
10
10
10
10
10
10
10
10
10
10
10
10
10
10
10
10
10
10
10
10
10
10
10
10
10
10
10
10
10
10
10
10
10
10
10
10
10
10
10
10
10
10
10
10
10
10
10
10
10
10
10
10
10
10
10
10
10
10
10
10
10
10
10
10
10
10
10
10
10
10
10
10
10
10
10
10
10
10
10
10
10
10
10
10
10
10
10
10
10
10
10
10
10
10
10
10
10
10
10
10
10
10
10
10
10
10
10
10
10
10
10
10
10
10
10
10
10
10
10
10
10
10
10
10
10
10
10
10
10
10
10
10
10
10
10
10
10
10
10
10
10
10
10
10
10
10
10
10
10
10
10
10
10
10
10
10
10
10
10
10
10
10
10
10
10
10
10
10
10
10
10
10
10
10
10
10
10
10
10
10
10
10
10
10
10
10
10
10
10
10
10
10
10
10
10
10
10
10
10
10
10
10
10
10
10
10
10
10
10
10
10
10
10
10
10
10
10
10
10
10
10
10
10
10
10
10
10
10
10
10
10
10
10
10
10
10
10
10
10
10
10
10
10
10
10
10
10
10
10
10
10
10
10
10
10
10
10
10
10
10
10
10
10
10
10
10
10
10
10
10
10
10
10
10
10
10
10
10
10
10
10
10
10
10
10
10
10
10
10
10
10
10
10
10
10
10
10
10
10
10
10
10
10
10
10
10
10
10
10
10
10
10
10
10
10
10
10
10
10
10
10
10
10
10
10
10
10
10
10
10
10
10
10
10
10
10
10
10
10
10
10
10
10
10
10
10
10
10
10
10
10
10
10
10
10
10
10
10
10
10
10
10
10
10
10
10
10
10
10
10
10
10
10
10
10
10
10
10
10
10
10
10
10
10
10
10
10
10
10
10
10
10
10
10
10
10
10
10
10
10
10
10
10
10
10
10
10
10
10
10
10
10
10
10
10
10
10
10
10
10
10
10
10
10
10
10
10
10
10
10
10
10
10
10
10
10
10
10
10
10
10
10
10
10
10
10
10
10
10
10
10
10
10
10
10
10
10
10
10
10
10
10
10
10
10
10
10
10
10
10
10
10
10
10
10
10
10
10
10
10
10
10
10
10
10
10
10
10
10
10
10
10
10
10
10
10
10
10
10
10
10
10
10
10
10
10
10
10
10
10
10
10
10
10
10
10
10
10
10
10
10
10
10
10
10
10
10
10
10
10
10
10
10
10
10
10
10
10
10
10
10
10
10
10
10
10
10
10
10
10
10
10
10
10
10
10
10
10
10
10
10
10
10
10
10
10
10
10
10
10
10
10
10
10
10
10
10
10
10
10
10
10
10
10
10
10
10
10
10
10
10
10
10
10
10
10
10
10
10
10
10
10
10
10
10
10
10
10
10
10
10
10
10
10
10
10
10
10
10
10
10
10
10
10
10
10
10
10
10
10
10
10
10
10
10
10
10
10
10
10
10
10
10
10
10
10
10
10
10
10
10
10
10
10
10
10
10
10
10
10
10
10
10
10
10
10
10
10
10
10
10
10
10
10
10
10
10
10
10
10
10
10
10
10
10
10
10
10
10
10
10
10
10
10
10
10
10
10
10
10
10
10
10
10
10
10
10
10
10
10
10
10
10
10
10
10
10
10
10
10
10
10
10
10
10
10
10
10
10
10
10
10
10
10
10
10
10
10
10
10
10
10
10
10
10
10
10
10
10
10
10
10
10
10
10
10
10
10
10
10
10
10
10
10
10
10
10
10
10
10
10
10
10
10
10
10
10
10
10
10
10
10
10
10
10
10
10
10
10
10
10
10
10
10
10
10
10
10
10
10
10
10
10
10
10
10
10
10
10
10
10
10
10
10
10
10
10
10
10
10
10
10
10
10
10
10
10
10
10
10
10
10
10
10
10
10
10
10
10
10
10
10
10
10
10
10
10
10
10
10
10
10
10
10
10
10
10
10
10
10
10
10
10
10
10
10
10
10
10
10
10
10
10
10
10
10
10
10
10
10
10
10
10
10
10
10
10
10
10
10
10
10
10
10
10
10
10
10
10
10
10
10
10
10
10
10
10
10
10
10
10
10
10
10
10
10
10
10
10
10
10
10
10
10
10
10
10
10
10
10
10
10
10
10
10
10
10
10
10
10
10
10
10
10
10
10
10
10
10
10
10
10
10
10
10
10
10
10
10
10
10
10
10
10
10
10
10
10
10
10
10
10
10
10
10
10
10
10
10
10
10
10
10
10
10
10
10
10
10
10
10
10
10
10
10
10
10
10
10
10
10
10
10
10
10
10
10
10
10
10
10
10
10
10
10
10
10
10
10
10
10
10
10
10
10
10
10
10
10
10
10
10
10
10
10
10
10
10
10
10
10
10
10
10
10
10
10
10
10
10
10
10
10
10
10
10
10
10
10
10
10
10
10
10
10
10
10
10
10
10
10
10
10
10
10
10
10
10
10
10
10
10
10
10
10
10
10
10
10
10
10
10
10
10
10
10
10
10
10
10
10
10
10
10
10
10
10
10
10
10
10
10
10
10
10
10
10
10
10
10
10
10
10
10
10
10
10
10
10
10
10
10
10
10
10
10
10
10
10
10
10
10
10
10
10
10
10
10
10
10
10
10
10
10
10
10
10
10
10
10
10
10
10
10
10
10
10
10
10
10
10
10
10
10
10
10
10
10
10
10
10
10
10
10
10
10
10
10
10
10
10
10
10
10
10
10
10
10
10
10
10
10
10
10
10
10
10
10
10
10
10
10
10
10
10
10
10
10
10
10
10
10
10
10
10
10
10
10
10
10
10
10
10
10
10
10
10
10
10
10
10
10
10
10
10
10
10
10
10
10
10
10
10
10
10
10
10
10
10
10
10
10
10
10
10
10
10
10
10
10
10
10
10
10
10
10
10
10
10
10
10
10
10
10
10
10
10
10
10
10
10
10
10
10
10
10
10
10
10
10
10
10
10
10
10
10
10
10
10
10
10
10
10
10
10
10
10
10
10
10
10
10
10
10
10
10
10
10
10
10
10
10
10
10
10
10
10
10
10
10
10
10
10
10
10
10
10
10
10
10
10
10
10
10
10
10
10
10
10
10
10
10
10
10
10
10
10
10
10
10
10
10
10
10
10
10
10
10
10
10
10
10
10
10
10
10
10
10
10
10
10
10
10
10
10
10
10
10
10
10
10
10
10
10
10
10
10
10
10
10
10
10
10
10
10
10
10
10
10
10
10
10
10
10
10
10
10
10
10
10
10
10
10
10
10
10
10
10
10
10
10
10
10
10
10
10
10
10
10
10
10
10
10
10
10
10
10
10
10
10
10
10
10
10
10
10
10
10
10
10
10
10
10
10
10
10
10
10
10
10
10
10
10
10
10
10
10
10
10
10
10
10
10
10
10
10
10
10
10
10
10
10
10
10
10
10
10
10
10
10
10
10
10
10
10
10
10
10
10
10
10
10
10
10
10
10
10
10
10
10
10
10
10
10
10
10
10
10
10
10
10
10
10
10
10
10
10
10
10
10
10
10
10
10
10
10
10
10
10
10
10
10
10
10
10
10
10
10
10
10
10
10
10
10
10
10
10
10
10
10
10
10
10
10
10
10
10
10
10
10
10
10
10
10
10
10
10
10
10
10
10
10
10
10
10
10
10
10
10
10
10
10
10
10
10
10
10
10
10
10
10
10
10
10
10
10
10
10
10
10
10
10
10
10
10
10
10
10
10
10
10
10
10
10
10
10
10
10
10
10
10
10
10
10
10
10
10
10
10
10
10
10
10
10
10
10
10
10
10
10
10
10
10
10
10
10
10
10
10
10
10
10
10
10
10
10
10
10
10
10
10
10
10
10
10
10
10
10
10
10
10
10
10
10
10
10
10
10
10
10
10
10
10
10
10
10
10
10
10
10
10
10
10
10
10
10
10
10
10
10
10
10
10
10
10
10
10
10
10
10
10
10
10
10
10
10
10
10
10
10
10
10
10
10
10
10
10
10
10
10
10
10
10
10
10
10
10
10
10
10
10
10
10
10
10
10
10
10
10
10
10
10
10
10
10
10
10
10
10
10
10
10
10
10
10
10
10
10
10
10
10
10
10
10
10
10
10
10
10
10
10
10
10
10
10
10
10
10
10
10
10
10
10
10
10
10
10
10
10
10
10
10
10
10
10
10
10
10
10
10
10
10
10
10
10
10
10
10
10
10
10
10
10
10
10
10
10
10
10
10
10
10
10
10
10
10
10
10
10
10
10
10
10
10
10
10
10
10
10
10
10
10
10
10
10
10
10
10
10
10
10
10
10
10
10
10
10
10
10
10
10
10
10
10
10
10
10
10
10
10
10
10
10
10
10
10
10
10
10
10
10
10
10
10
10
10
10
10
10
10
10
10
10
10
10
10
10
10
10
10
10
10
10
10
10
10
10
10
10
10
10
10
10
10
10
10
10
10
10
10
10
10
10
10
10
10
10
10
10
10
10
10
10
10
10
10
10
10
10
10
10
10
10
10
10
10
10
10
10
10
10
10
10
10
10
10
10
10
10
10
10
10
10
10
10
10
10
10
10
10
10
10
10
10
10
10
10
10
10
10
10
10
10
10
10
10
10
10
10
10
10
10
10
10
10
10
10
10
10
10
10
10
10
10
10
10
10
10
10
10
10
10
10
10
10
10
10
10
10
10
10
10
10
10
10
10
10
10
10
10
10
10
10
10
10
10
10
10
10
10
10
10
10
10
10
10
10
10
10
10
10
10
10
10
10
10
10
10
10
10
10
10
10
10
10
10
10
10
10
10
10
10
10
10
10
10
10
10
10
10
10
10
10
10
10
10
10
10
10
10
10
10
10
10
10
10
10
10
10
10
10
10
10
10
10
10
10
10
10
10
10
10
10
10
10
10
10
10
10
10
10
10
10
10
10
10
10
10
10
10
10
10
10
10
10
10
10
10
10
10
10
10
10
10
10
10
10
10
10
10
10
10
10
10
10
10
10
10
10
10
10
10
10
10
10
10
10
10
10
10
10
10
10
10
10
10
10
10
10
10
10
10
10
10
10
10
10
10
10
10
10
10
10
10
10
10
10
10
10
10
10
10
10
10
10
10
10
10
10
10
10
10
10
10
10
10
10
10
10
10
10
10
10
10
10
10
10
10
10
10
10
10
10
10
10
10
10
10
10
10
10
10
10
10
10
10
10
10
10
10
10
10
10
10
10
10
10
10
10
10
10
10
10
10
10
10
10
10
10
10
10
10
10
10
10
10
10
10
10
10
10
10
10
10
10
10
10
10
10
10
10
10
10
10
10
10
10
10
10
10
10
10
10
10
10
10
10
10
10
10
10
10
10
10
10
10
10
10
10
10
10
10
10
10
10
10
10
10
10
10
10
10
10
10
10
10
10
10
10
10
10
10
10
10
10
10
10
10
10
10
10
10
10
10
10
10
10
10
10
10
10
10
10
10
10
10
10
10
10
10
10
10
10
10
10
10
10
10
10
10
10
10
10
10
10
10
10
10
10
10
10
10
10
10
10
10
10
10
10
10
10
10
10
10
10
10
10
10
10
10
10
10
10
10
10
10
10
10
10
10
10
10
10
10
10
10
10
10
10
10
10
10
10
10
10
10
10
10
10
10
10
10
10
10
10
10
10
10
10
10
10
10
10
10
10
10
10
10
10
10
10
10
10
10
10
10
10
10
10
10
10
10
10
10
10
10
10
10
10
10
10
10
10
10
10
10
10
10
10
10
10
10
10
10
10
10
10
10
10
10
10
10
10
10
10
10
10
10
10
10
10
10
10
10
10
10
10
10
10
10
10
10
10
10
10
10
10
10
10
10
10
10
10
10
10
10
10
10
10
10
10
10
10
10
10
10
10
10
10
10
10
10
10
10
10
10
10
10
10
10
10
10
10
10
10
10
10
10
10
10
10
10
10
10
10
10
10
10
10
10
10
10
10
10
10
10
10
10
10
10
10
10
10
10
10
10
10
10
10
10
10
10
10
10
10
10
10
10
10
10
10
10
10
10
10
10
10
10
10
10
10
10
10
10
10
10
10
10
10
10
10
10
10
10
10
10
10
10
10
10
10
10
10
10
10
10
10
10
10
10
10
10
10
10
10
10
10
10
10
10
10
10
10
10
10
10
10
10
10
10
10
10
10
10
10
10
10
10
10
10
10
10
10
10
10
10
10
10
10
10
10
10
10
10
10
10
10
10
10
10
10
10
10
10
10
10
10
10
10
10
10
10
10
10
10
10
10
10
10
10
10
10
10
10
10
10
10
10
10
10
10
10
10
10
10
10
10
10
10
10
10
10
10
10
10
10
10
10
10
10
10
10
10
10
10
10
10
10
10
10
10
10
10
10
10
10
10
10
10
10
10
10
10
10
10
10
10
10
10
10
10
10
10
10
10
10
10
10
10
10
10
10
10
10
10
10
10
10
10
10
10
10
10
10
10
10
10
10
10
10
10
10
10
10
10
10
10
10
10
10
10
10
10
10
10
10
10
10
10
10
10
10
10
10
10
10
10
10
10
10
10
10
10
10
10
10
10
10
10
10
10
10
10
10
10
10
10
10
10
10
10
10
10
10
10
10
10
10
10
10
10
10
10
10
10
10
10
10
10
10
10
10
10
10
10
10
10
10
10
10
10
10
10
10
10
10
10
10
10
10
10
10
10
10
10
10
10
10
10
10
10
10
10
10
10
10
10
10
10
10
10
10
10
10
10
10
10
10
10
10
10
10
10
10
10
10
10
10
10
10
10
10
10
10
10
10
10
10
10
10
10
10
10
10
10
10
10
10
10
10
10
10
10
10
10
10
10
10
10
10
10
10
10
10
10
10
10
10
10
10
10
10
10
10
10
10
10
10
10
10
10
10
10
10
10
10
10
10
10
10
10
10
10
10
10
10
10
10
10
10
10
10
10
10
10
10
10
10
10
10
10
10
10
10
10
10
10
10
10
10
10
10
10
10
10
10
10
10
10
10
10
10
10
10
10
10
10
10
10
10
10
10
10
10
10
10
10
10
10
10
10
10
10
10
10
10
10
10
10
10
10
10
10
10
10
10
10
10
10
10
10
10
10
10
10
10
10
10
10
10
10
10
10
10
10
10
10
10
10
10
10
10
10
10
10
10
10
10
10
10
10
10
10
10
10
10
10
10
10
10
10
10
10
10
10
10
10
10
10
10
10
10
10
10
10
10
10
10
10
10
10
10
10
10
10
10
10
10
10
10
10
10
10
10
10
10
10
10
10
10
10
10
10
10
10
10
10
10
10
10
10
10
10
10
10
10
10
10
10
10
10
10
10
10
10
10
10
10
10
10
10
10
10
10
10
10
10
10
10
10
10
10
10
10
10
10
10
10
10
10
10
10
10
10
10
10
10
10
10
10
10
10
10
10
10
10
10
10
10
10
10
10
10
10
10
10
10
10
10
10
10
10
10
10
10
10
10
10
10
10
10
10
10
10
10
10
10
10
10
10
10
10
10
10
10
10
10
10
10
10
10
10
10
10
10
10
10
10
10
10
10
10
10
10
10
10
10
10
10
10
10
10
10
10
10
10
10
10
10
10
10
10
10
10
10
10
10
10
10
10
10
10
10
10
10
10
10
10
10
10
10
10
10
10
10
10
10
10
10
10
10
10
10
10
10
10
10
10
10
10
10
10
10
10
10
10
10
10
10
10
10
10
10
10
10
10
10
10
10
10
10
10
10
10
10
10
10
10
10
10
10
10
10
10
10
10
10
10
10
10
10
10
10
10
10
10
10
10
10
10
10
10
10
10
10
10
10
10
10
10
10
10
10
10
10
10
10
10
10
10
10
10
10
10
10
10
10
10
10
10
10
10
10
10
10
10
10
10
10
10
10
10
10
10
10
10
10
10
10
10
10
10
10
10
10
10
10
10
10
10
10
10
10
10
10
10
10
10
10
10
10
10
10
10
10
10
10
10
10
10
10
10
10
10
10
10
10
10
10
10
10
10
10
10
10
10
10
10
10
10
10
10
10
10
10
10
10
10
10
10
10
10
10
10
10
10
10
10
10
10
10
10
10
10
10
10
10
10
10
10
10
10
10
10
10
10
10
10
10
10
10
10
10
10
10
10
10
10
10
10
10
10
10
10
10
10
10
10
10
10
10
10
10
10
10
10
10
10
10
10
10
10
10
10
10
10
10
10
10
10
10
10
10
10
10
10
10
10
10
10
10
10
10
10
10
10
10
10
10
10
10
10
10
10
10
10
10
10
10
10
10
10
10
10
10
10
10
10
10
10
10
10
10
10
10
10
10
10
10
10
10
10
10
10
10
10
10
10
10
10
10
10
10
10
10
10
10
10
10
10
10
10
10
10
10
10
10
10
10
10
10
10
10
10
10
10
10
10
10
10
10
10
10
10
