# vtk DataFile Version 2.0
ellipsoidal, Created by Gmsh
ASCII
DATASET UNSTRUCTURED_GRID
POINTS 863 double
0.427 0 0
0 0 -1.508
0.166 0 0
0 0 -1.3775
0.3019345955666558 0.3019345955666558 0
8.326672684688674e-17 0.427 0
-0.3019345955666557 0.3019345955666559 0
-0.4269999999999999 1.387778780781446e-16 0
-0.3019345955666559 -0.3019345955666556 0
-2.220446049250313e-16 -0.4269999999999999 0
0.3019345955666555 -0.3019345955666559 0
0.1173797256769669 0.1173797256769669 0
2.775557561562891e-17 0.166 0
-0.1173797256769668 0.1173797256769669 0
-0.166 5.551115123125783e-17 0
-0.1173797256769669 -0.1173797256769668 0
-8.326672684688674e-17 -0.166 0
0.1173797256769668 -0.1173797256769669 0
0.4261245554813262 0 -0.09651481924505667
0.4234885351697663 0 -0.1929975783938426
0.4190623495486472 0 -0.2894147332869255
0.4127948495230822 0 -0.3857296198091937
0.4046103245974043 0 -0.4819004162922707
0.3944037302339536 0 -0.5778774578109113
0.3820334134195489 0 -0.673599345491655
0.3673100532766187 0 -0.7689871661224957
0.3499795938127272 0 -0.8639352121346796
0.3296960739968147 0 -0.9582953672007185
0.3059764783707381 0 -1.051848952194945
0.2781213076235864 0 -1.14425194316538
0.2450645462451195 0 -1.234916599499555
0.2050639391262437 0 -1.322719968591366
0.1550025107075628 0 -1.405135943492059
0.08888139477204407 0 -1.4749691389501
0.1656143399772661 0 -0.09384312943031085
0.1644520397501876 0 -0.1876798467118675
0.1624967666145694 0 -0.281503374025837
0.1597199960025306 0 -0.3753061576735988
0.1560788190863754 0 -0.4690793197034329
0.151512315679322 0 -0.5628119296027183
0.1459357100093518 0 -0.6564897732531898
0.1392307999453277 0 -0.7500934853684496
0.1312296641846227 0 -0.8435950786024269
0.1216851145843593 0 -0.9369513265622367
0.1102120906536301 0 -1.030089369475666
0.09615525616317046 0 -1.122870491020294
0.07822309288584371 0 -1.214974099867385
0.05303112649905392 0 -1.305316527437828
0.3013155628109491 0.301315562810949 -0.09651481924506003
0.2994516149732995 0.2994516149732995 -0.1929975783938466
0.2963218291058154 0.2963218291058154 -0.2894147332869364
0.2918900373366513 0.2918900373366512 -0.385729619809208
0.2861027042609137 0.2861027042609137 -0.4819004162922875
0.2788855521736961 0.2788855521736961 -0.5778774578109391
0.2701384172688023 0.2701384172688023 -0.6735993454917013
0.2597274294698835 0.2597274294698835 -0.7689871661225441
0.247472944061885 0.247472944061885 -0.863935212134737
0.2331303296537188 0.2331303296537187 -0.9582953672007839
0.2163580427395204 0.2163580427395204 -1.051848952194984
0.1966614626131109 0.1966614626131109 -1.144251943165367
0.173286802478332 0.1732868024783319 -1.234916599499543
0.1450021019330025 0.1450021019330025 -1.322719968591338
0.1096033264222672 0.1096033264222672 -1.405135943492042
0.06284863696463665 0.06284863696463663 -1.474969138950094
0.4187953147322163 0.08330356750070103 0
0.3944965603824734 0.1634058256195217 0
0.3550375244532754 0.2372284894992375 0
8.309601162532699e-17 0.4261245554813262 -0.09651481924505667
8.258197700414314e-17 0.4234885351697663 -0.1929975783938426
8.171885290791986e-17 0.4190623495486472 -0.2894147332869255
8.049666505630024e-17 0.4127948495230822 -0.3857296198091937
7.890064959644554e-17 0.4046103245974043 -0.4819004162922707
7.691032241869746e-17 0.3944037302339536 -0.5778774578109113
7.449806061262139e-17 0.3820334134195489 -0.673599345491655
7.162694584145111e-17 0.3673100532766187 -0.7689871661224957
6.824743615922419e-17 0.3499795938127272 -0.8639352121346796
6.429206776576985e-17 0.3296960739968147 -0.9582953672007185
5.966665069336909e-17 0.3059764783707381 -1.051848952194945
5.423477974752254e-17 0.2781213076235864 -1.14425194316538
4.77885775926197e-17 0.2450645462451195 -1.234916599499555
3.998829743646731e-17 0.2050639391262437 -1.322719968591366
3.022611643950414e-17 0.1550025107075628 -1.405135943492059
1.733223142916651e-17 0.08888139477204407 -1.4749691389501
0.2372284894994773 0.3550375244531153 0
0.1634058256202578 0.3944965603821686 0
0.08330356750104731 0.4187953147321475 0
-0.301315562810949 0.3013155628109491 -0.0965148192450597
-0.2994516149732994 0.2994516149732996 -0.1929975783938463
-0.2963218291058154 0.2963218291058155 -0.2894147332869361
-0.2918900373366512 0.2918900373366514 -0.3857296198092077
-0.2861027042609136 0.2861027042609138 -0.4819004162922878
-0.2788855521736961 0.2788855521736962 -0.5778774578109391
-0.2701384172688022 0.2701384172688023 -0.6735993454917024
-0.2597274294698832 0.2597274294698833 -0.7689871661225466
-0.2474729440618845 0.2474729440618846 -0.86393521213474
-0.233130329653718 0.2331303296537182 -0.958295367200788
-0.2163580427395196 0.2163580427395197 -1.051848952194988
-0.1966614626131102 0.1966614626131103 -1.14425194316537
-0.1732868024783307 0.1732868024783308 -1.234916599499547
-0.1450021019330013 0.1450021019330014 -1.322719968591342
-0.1096033264222659 0.1096033264222659 -1.405135943492044
-0.06284863696463558 0.06284863696463561 -1.474969138950095
-0.08330356750070095 0.4187953147322163 0
-0.1634058256195216 0.3944965603824734 0
-0.2372284894992375 0.3550375244532755 0
-0.4261245554813262 1.384933527088783e-16 -0.09651481924506003
-0.4234885351697661 1.376366283402385e-16 -0.1929975783938466
-0.4190623495486466 1.361980881798663e-16 -0.2894147332869364
-0.4127948495230811 1.341611084271667e-16 -0.385729619809208
-0.4046103245974026 1.31501082660742e-16 -0.4819004162922881
-0.3944037302339502 1.28183870697828e-16 -0.5778774578109401
-0.3820334134195423 1.241634343543669e-16 -0.6735993454917019
-0.3673100532766104 1.193782430690825e-16 -0.7689871661225454
-0.3499795938127158 1.137457269320366e-16 -0.8639352121347371
-0.3296960739967992 1.071534462762781e-16 -0.9582953672007855
-0.3059764783707266 9.944441782227807e-17 -1.051848952194987
-0.2781213076235903 9.039129957920552e-17 -1.144251943165368
-0.2450645462451244 7.964762932103441e-17 -1.234916599499544
-0.2050639391262569 6.66471623941165e-17 -1.322719968591341
-0.1550025107075739 5.037686073251052e-17 -1.405135943492044
-0.08888139477205009 2.888705238194615e-17 -1.474969138950095
-0.3550375244530946 0.2372284894995085 0
-0.3944965603821472 0.1634058256203095 0
-0.4187953147321504 0.08330356750103313 0
-0.3013155628109491 -0.3013155628109488 -0.09651481924506003
-0.2994516149732995 -0.2994516149732993 -0.192997578393847
-0.2963218291058155 -0.2963218291058152 -0.2894147332869364
-0.2918900373366513 -0.291890037336651 -0.385729619809208
-0.2861027042609137 -0.2861027042609134 -0.4819004162922878
-0.2788855521736961 -0.2788855521736958 -0.5778774578109398
-0.2701384172688023 -0.270138417268802 -0.6735993454917021
-0.2597274294698835 -0.2597274294698832 -0.7689871661225448
-0.247472944061885 -0.2474729440618848 -0.863935212134737
-0.2331303296537186 -0.2331303296537184 -0.9582953672007855
-0.2163580427395199 -0.2163580427395197 -1.051848952194987
-0.1966614626131109 -0.1966614626131107 -1.144251943165367
-0.1732868024783324 -0.1732868024783322 -1.234916599499542
-0.1450021019330024 -0.1450021019330022 -1.322719968591339
-0.1096033264222678 -0.1096033264222677 -1.405135943492041
-0.06284863696463724 -0.06284863696463719 -1.474969138950093
-0.4187953147322282 -0.08330356750064097 0
-0.39449656038251 -0.1634058256194331 0
-0.3550375244533618 -0.2372284894991081 0
-2.215893643342053e-16 -0.4261245554813261 -0.0965148192450597
-2.202186053443817e-16 -0.4234885351697661 -0.1929975783938466
-2.17916941087786e-16 -0.4190623495486466 -0.2894147332869361
-2.146577734834668e-16 -0.4127948495230811 -0.3857296198092074
-2.104017322571873e-16 -0.4046103245974026 -0.4819004162922878
-2.05094193116525e-16 -0.3944037302339503 -0.5778774578109389
-1.98661494966987e-16 -0.3820334134195423 -0.6735993454917013
-1.910051889105321e-16 -0.3673100532766105 -0.7689871661225441
-1.819931630912588e-16 -0.349979593812716 -0.8639352121347361
-1.71445514042045e-16 -0.3296960739967992 -0.9582953672007849
-1.591110685156451e-16 -0.3059764783707269 -1.051848952194986
-1.446260793267291e-16 -0.2781213076235907 -1.144251943165367
-1.274362069136549e-16 -0.245064546245124 -1.234916599499545
-1.06635459830586e-16 -0.2050639391262561 -1.322719968591342
-8.060297717201738e-17 -0.1550025107075749 -1.405135943492043
-4.621928381111563e-17 -0.08888139477205352 -1.474969138950093
-0.2372284894996248 -0.3550375244530166 0
-0.1634058256203828 -0.3944965603821167 0
-0.08330356750116952 -0.4187953147321231 0
0.3013155628109487 -0.3013155628109491 -0.09651481924506003
0.2994516149732992 -0.2994516149732996 -0.192997578393847
0.2963218291058152 -0.2963218291058156 -0.2894147332869367
0.2918900373366509 -0.2918900373366513 -0.3857296198092087
0.2861027042609134 -0.2861027042609137 -0.4819004162922888
0.2788855521736957 -0.278885552173696 -0.5778774578109411
0.2701384172688018 -0.2701384172688022 -0.6735993454917034
0.2597274294698829 -0.2597274294698833 -0.7689871661225469
0.2474729440618843 -0.2474729440618846 -0.8639352121347398
0.2331303296537177 -0.233130329653718 -0.958295367200789
0.2163580427395193 -0.2163580427395195 -1.051848952194989
0.1966614626131099 -0.1966614626131102 -1.14425194316537
0.1732868024783312 -0.1732868024783314 -1.234916599499545
0.145002101933001 -0.1450021019330011 -1.322719968591342
0.1096033264222665 -0.1096033264222666 -1.405135943492043
0.062848636964636 -0.06284863696463606 -1.474969138950095
0.08330356750064746 -0.4187953147322269 0
0.1634058256194613 -0.3944965603824983 0
0.2372284894992309 -0.3550375244532797 0
0.3550375244530383 -0.2372284894995923 0
0.3944965603821159 -0.1634058256203844 0
0.418795314732113 -0.08330356750122045 0
0.1171070228596593 0.1171070228596592 -0.09384312943031055
0.1162851524873174 0.1162851524873174 -0.1876798467118672
0.1149025655940499 0.1149025655940498 -0.2815033740258364
0.1129390922644777 0.1129390922644777 -0.3753061576735983
0.1103643913755644 0.1103643913755644 -0.4690793197034319
0.1071353858501255 0.1071353858501255 -0.5628119296027173
0.1031921301648863 0.1031921301648863 -0.6564897732531884
0.09845104279136889 0.09845104279136886 -0.750093485368449
0.09279338543778023 0.09279338543778021 -0.8435950786024263
0.08604436969206267 0.08604436969206264 -0.9369513265622352
0.07793171666992847 0.07793171666992844 -1.030089369475665
0.06799203367970744 0.06799203367970742 -1.122870491020294
0.05531207942496529 0.05531207942496527 -1.214974099867385
0.03749866916144296 0.03749866916144295 -1.305316527437827
0.1533640023969353 0.06352544977245567 0
2.769109238717762e-17 0.1656143399772661 -0.09384312943031085
2.749675315922135e-17 0.1644520397501876 -0.1876798467118675
2.716982706666196e-17 0.1624967666145694 -0.281503374025837
2.670554473720594e-17 0.1597199960025306 -0.3753061576735988
2.609673171777083e-17 0.1560788190863754 -0.4690793197034329
2.533320201527988e-17 0.151512315679322 -0.5628119296027183
2.440078092882566e-17 0.1459357100093518 -0.6564897732531898
2.327970479462076e-17 0.1392307999453277 -0.7500934853684496
2.194189679090293e-17 0.1312296641846227 -0.8435950786024269
2.034602650085936e-17 0.1216851145843593 -0.9369513265622367
1.842771093911673e-17 0.1102120906536301 -1.030089369475666
1.607737640528341e-17 0.09615525616317046 -1.122870491020294
1.307907812940602e-17 0.07822309288584371 -1.214974099867385
8.866924346545022e-18 0.05303112649905392 -1.305316527437828
0.06352544977277527 0.153364002396803 0
-0.1171070228596592 0.1171070228596593 -0.09384312943031085
-0.1162851524873173 0.1162851524873174 -0.1876798467118675
-0.1149025655940498 0.1149025655940499 -0.281503374025837
-0.1129390922644777 0.1129390922644777 -0.3753061576735986
-0.1103643913755644 0.1103643913755644 -0.4690793197034323
-0.1071353858501255 0.1071353858501255 -0.5628119296027178
-0.1031921301648863 0.1031921301648863 -0.6564897732531892
-0.09845104279136883 0.09845104279136889 -0.7500934853684496
-0.09279338543778015 0.09279338543778019 -0.8435950786024272
-0.08604436969206256 0.0860443696920626 -0.9369513265622363
-0.07793171666992836 0.0779317166699284 -1.030089369475665
-0.06799203367970737 0.06799203367970739 -1.122870491020294
-0.05531207942496529 0.05531207942496531 -1.214974099867385
-0.03749866916144295 0.03749866916144297 -1.305316527437827
-0.06352544977245564 0.1533640023969353 0
-0.1656143399772661 5.538218477435524e-17 -0.09384312943031085
-0.1644520397501876 5.49935063184427e-17 -0.1876798467118675
-0.1624967666145694 5.433965413332392e-17 -0.281503374025837
-0.1597199960025306 5.341108947441188e-17 -0.3753061576735988
-0.1560788190863754 5.219346343554166e-17 -0.4690793197034329
-0.151512315679322 5.066640403055976e-17 -0.5628119296027183
-0.1459357100093518 4.880156185765132e-17 -0.6564897732531898
-0.1392307999453277 4.655940958924151e-17 -0.7500934853684496
-0.1312296641846227 4.388379358180586e-17 -0.8435950786024269
-0.1216851145843593 4.069205300171872e-17 -0.9369513265622367
-0.1102120906536301 3.685542187823347e-17 -1.030089369475666
-0.09615525616317046 3.215475281056683e-17 -1.122870491020294
-0.07822309288584371 2.615815625881205e-17 -1.214974099867385
-0.05303112649905392 1.773384869309004e-17 -1.305316527437828
-0.1533640023968097 0.0635254497727592 0
-0.1171070228596593 -0.1171070228596592 -0.09384312943031055
-0.1162851524873174 -0.1162851524873173 -0.1876798467118672
-0.1149025655940499 -0.1149025655940498 -0.2815033740258364
-0.1129390922644778 -0.1129390922644777 -0.3753061576735977
-0.1103643913755645 -0.1103643913755644 -0.4690793197034317
-0.1071353858501256 -0.1071353858501255 -0.5628119296027166
-0.1031921301648864 -0.1031921301648863 -0.6564897732531879
-0.09845104279136896 -0.09845104279136886 -0.7500934853684482
-0.0927933854377803 -0.09279338543778022 -0.8435950786024253
-0.08604436969206274 -0.08604436969206265 -0.9369513265622347
-0.07793171666992856 -0.07793171666992849 -1.030089369475664
-0.0679920336797076 -0.06799203367970753 -1.122870491020292
-0.05531207942496543 -0.05531207942496538 -1.214974099867385
-0.03749866916144302 -0.03749866916144299 -1.305316527437827
-0.1533640023969354 -0.06352544977245561 0
-8.307327716153286e-17 -0.1656143399772661 -0.09384312943031085
-8.249025947766405e-17 -0.1644520397501876 -0.1876798467118675
-8.150948119998589e-17 -0.1624967666145694 -0.281503374025837
-8.011663421161783e-17 -0.1597199960025306 -0.3753061576735988
-7.829019515331249e-17 -0.1560788190863754 -0.4690793197034329
-7.599960604583964e-17 -0.151512315679322 -0.5628119296027183
-7.320234278647698e-17 -0.1459357100093518 -0.6564897732531898
-6.983911438386228e-17 -0.1392307999453277 -0.7500934853684496
-6.58256903727088e-17 -0.1312296641846227 -0.8435950786024269
-6.103807950257808e-17 -0.1216851145843593 -0.9369513265622367
-5.52831328173502e-17 -0.1102120906536301 -1.030089369475666
-4.823212921585024e-17 -0.09615525616317046 -1.122870491020294
-3.923723438821807e-17 -0.07822309288584371 -1.214974099867385
-2.660077303963507e-17 -0.05303112649905392 -1.305316527437828
-0.06352544977281273 -0.1533640023967875 0
0.1171070228596592 -0.1171070228596593 -0.09384312943031055
0.1162851524873173 -0.1162851524873174 -0.1876798467118672
0.1149025655940498 -0.1149025655940499 -0.2815033740258364
0.1129390922644776 -0.1129390922644778 -0.375306157673598
0.1103643913755644 -0.1103643913755645 -0.4690793197034319
0.1071353858501255 -0.1071353858501256 -0.5628119296027173
0.1031921301648862 -0.1031921301648864 -0.6564897732531887
0.09845104279136881 -0.09845104279136893 -0.750093485368449
0.09279338543778017 -0.09279338543778029 -0.8435950786024263
0.08604436969206257 -0.08604436969206268 -0.9369513265622356
0.07793171666992836 -0.07793171666992846 -1.030089369475665
0.06799203367970744 -0.06799203367970752 -1.122870491020293
0.05531207942496536 -0.05531207942496543 -1.214974099867385
0.03749866916144288 -0.03749866916144293 -1.305316527437828
0.06352544977245558 -0.1533640023969354 0
0.15336400239679 -0.06352544977280655 0
-0.2529999999997831 8.326672684681755e-17 0
-0.3399999999998085 1.110223024624546e-16 0
-0.1788980156400283 0.1788980156400284 0
-0.2404163056032705 0.2404163056032707 0
4.625929269267257e-17 0.2529999999998012 0
6.476300976975394e-17 0.3399999999997797 0
0.1788980156400293 0.1788980156400293 0
0.2404163056032517 0.2404163056032516 0
0.2529999999998012 0 0
0.3399999999997797 0 0
0.1788980156400355 -0.1788980156400357 0
0.2404163056032695 -0.2404163056032699 0
-1.295260195395016e-16 -0.252999999999812 0
-1.757853122322031e-16 -0.3399999999997868 0
-0.1788980156400357 -0.1788980156400355 0
-0.2404163056032526 -0.2404163056032524 0
0.3940982493860246 0.1570424190284692 -0.1713197207258706
0.3870313344797414 0.159294419454133 -0.2988555574178903
0.3803711344956527 0.157387808392177 -0.4007392581363281
0.3723710145048885 0.1542138608692618 -0.4980318870491564
0.3625626531833626 0.15017394382262 -0.5943732591263939
0.3507314277779058 0.1452770008068595 -0.6903478892384177
0.3366728754741224 0.1394543569817149 -0.7859956757435903
0.3655076060099664 0.2196364876449238 -0.07841485702502003
0.4178746957697494 0.08391567030051829 -0.09127016485166695
0.3201267602746921 0.1326008276986465 -0.8812416941685511
0.3072909951414591 0.1272840934425847 -0.9456557248184908
0.2932492034855254 0.1214677965485107 -1.008704435129805
0.2668952538467195 0.1105516338763212 -1.110491117166185
0.2379717749729472 0.09857113665579299 -1.202732572683002
0.1947916123396683 0.08068532766761294 -1.311343281819699
0.3474062771149957 0.243885327214229 -0.164052047949499
0.4191705242358292 0.06651664766832364 -0.165670327504475
0.3499370809562068 0.2344352442561779 -0.2475447537737163
0.4138341055804193 0.07839991779202957 -0.2478124086007592
0.3455080964378934 0.2307435979188398 -0.3480128826726312
0.4076455484220233 0.08025648757790343 -0.3480568850557431
0.3391663352260969 0.226568702259573 -0.4461846998767972
0.4000751177766315 0.07941388291343389 -0.4461918996095005
0.3907118912194981 0.07768546972790881 -0.5429758801532488
0.3312312959209609 0.2213069018122747 -0.5429747082072754
0.3793111463267524 0.07544370856912729 -0.6392156641329623
0.3215650548212085 0.2148595677304033 -0.6392154745057284
0.309995979475974 0.2071320045162426 -0.7351177561044753
0.3656650189792012 0.07273420714909865 -0.7351177865720595
0.4018647927825963 0.1430415294101423 -0.06818938425269981
0.2963175897515244 0.197992949980833 -0.8306708837071195
0.3495303924874773 0.06952572415495503 -0.8306708885609699
0.278329661062883 0.1859739123213841 -0.9362133551879868
0.3283122141675113 0.06530533073303671 -0.9362133558392777
0.4247185244185205 0.04202731799090716 -0.04696910545703935
0.3331593851515822 0.2667964537368691 -0.04375162722910018
0.1676237851656329 0.3897153040235761 -0.1713197207258706
0.1610343169411118 0.3863106453434961 -0.29885555741789
0.157673021979299 0.3802529951596939 -0.4007392581363282
0.1542604027001072 0.3723517362473348 -0.4980318870491567
0.15018149663644 0.3625595247054445 -0.594373259126394
0.1452782185360233 0.3507309233779711 -0.6903478892384178
0.139454551801546 0.3366727947771064 -0.7859956757435904
0.1031464569751839 0.41375935659463 -0.07841485702501905
0.2361446915477289 0.3548193705823769 -0.09127016485166829
0.1326008585728532 0.320126747486177 -0.8812416941685514
0.1272841008516544 0.307290992072522 -0.945655724818491
0.121467797726929 0.2932492029974088 -1.008704435129805
0.1105516338763213 0.2668952538467196 -1.110491117166185
0.09857113665579306 0.2379717749729472 -1.202732572683002
0.08068532766761299 0.1947916123396684 -1.311343281819699
0.07320036566970409 0.4181063030798681 -0.1640520479494963
0.2493639475326042 0.3434326927887449 -0.1656703275044777
0.08167213197009107 0.4132136338954282 -0.2475447537737123
0.2371877888269713 0.3480620158573967 -0.2478124086007635
0.08115075514229619 0.4074714807498845 -0.3480128826726244
0.231499025009172 0.3449988382102712 -0.3480568850557493
0.2267417336354188 0.3390499238923058 -0.4461918996095095
0.0796185498161831 0.4000350813609437 -0.446184699876789
0.07772828449207492 0.3907035064817659 -0.5429747082072627
0.2213431053272606 0.3312069502157933 -0.5429758801532621
0.07545217351172254 0.3793094882016815 -0.6392154745057097
0.2148667258201966 0.321560241674379 -0.6392156641329815
0.2071333634635441 0.3099950656622525 -0.735117786572083
0.0727358142338301 0.3656647042222286 -0.7351177561044513
0.1830156846594774 0.3853069555339154 -0.06818938425269983
0.1979931997418139 0.2963174217755606 -0.8306708885609974
0.0695260195395814 0.3495303346567374 -0.8306708837070925
0.1859739507752536 0.2783296351931729 -0.9362133558393049
0.06530537621667609 0.3283122052691672 -0.9362133551879601
0.270603547165411 0.3300391502583467 -0.0469691054570407
0.04692567882276166 0.4242328420904879 -0.04375162722909919
-0.1570424190284691 0.3940982493860246 -0.1713197207258706
-0.1592944194541329 0.3870313344797414 -0.2988555574178899
-0.1573878083921769 0.3803711344956528 -0.4007392581363281
-0.1542138608692617 0.3723710145048885 -0.4980318870491567
-0.1501739438226199 0.3625626531833626 -0.5943732591263943
-0.1452770008068594 0.3507314277779058 -0.6903478892384184
-0.1394543569817148 0.3366728754741222 -0.7859956757435912
-0.2196364876449237 0.3655076060099665 -0.07841485702502003
-0.08391567030051821 0.4178746957697494 -0.09127016485166695
-0.1326008276986463 0.3201267602746917 -0.8812416941685529
-0.1272840934425845 0.3072909951414587 -0.9456557248184925
-0.1214677965485105 0.293249203485525 -1.008704435129807
-0.1105516338763209 0.266895253846719 -1.110491117166187
-0.09857113665579272 0.2379717749729466 -1.202732572683003
-0.08068532766761259 0.1947916123396675 -1.3113432818197
-0.2438853272142289 0.3474062771149957 -0.164052047949499
-0.06651664766832356 0.4191705242358292 -0.165670327504475
-0.2344352442561779 0.3499370809562068 -0.2475447537737159
-0.07839991779202948 0.4138341055804193 -0.2478124086007592
-0.2307435979188398 0.3455080964378934 -0.3480128826726309
-0.08025648757790335 0.4076455484220233 -0.3480568850557424
-0.2265687022595729 0.339166335226097 -0.4461846998767972
-0.07941388291343381 0.4000751177766315 -0.4461918996095005
-0.07768546972790873 0.3907118912194981 -0.5429758801532492
-0.2213069018122746 0.3312312959209609 -0.5429747082072758
-0.07544370856912719 0.3793111463267523 -0.6392156641329628
-0.2148595677304032 0.3215650548212086 -0.6392154745057284
-0.2071320045162425 0.309995979475974 -0.7351177561044764
-0.07273420714909856 0.3656650189792011 -0.7351177865720601
-0.1430415294101423 0.4018647927825964 -0.06818938425269981
-0.1979929499808328 0.2963175897515242 -0.8306708837071215
-0.06952572415495493 0.3495303924874771 -0.8306708885609708
-0.1859739123213837 0.2783296610628826 -0.9362133551879895
-0.06530533073303658 0.3283122141675111 -0.9362133558392787
-0.04202731799090708 0.4247185244185205 -0.04696910545703935
-0.2667964537368691 0.3331593851515823 -0.04375162722910018
-0.3897153040235714 0.1676237851656437 -0.1713197207258736
-0.3863106453434947 0.1610343169411142 -0.2988555574178956
-0.3802529951596931 0.1576730219792993 -0.4007392581363359
-0.3723517362473338 0.154260402700107 -0.4980318870491675
-0.3625595247054424 0.1501814966364392 -0.5943732591264116
-0.350730923377968 0.1452782185360221 -0.6903478892384408
-0.336672794777102 0.1394545518015442 -0.7859956757436177
-0.4137593565946274 0.1031464569751947 -0.07841485702502071
-0.3548193705823675 0.2361446915477429 -0.09127016485166929
-0.3201267474861713 0.1326008585728509 -0.881241694168582
-0.3072909920725158 0.1272841008516518 -0.945655724818521
-0.2932492029974029 0.1214677977269266 -1.00870443512983
-0.2668952538467172 0.1105516338763203 -1.110491117166194
-0.2379717749729485 0.0985711366557936 -1.202732572682998
-0.1947916123396717 0.08068532766761441 -1.311343281819692
-0.4181063030798671 0.07320036566970931 -0.1640520479495
-0.3434326927887411 0.2493639475326095 -0.165670327504479
-0.4132136338954273 0.08167213197009435 -0.2475447537737183
-0.3480620158573946 0.2371877888269741 -0.2478124086007655
-0.4074714807498836 0.08115075514229717 -0.3480128826726345
-0.3449988382102703 0.2314990250091728 -0.3480568850557525
-0.4000350813609426 0.07961854981618322 -0.446184699876802
-0.3390499238923054 0.2267417336354189 -0.4461918996095137
-0.3907035064817637 0.07772828449207458 -0.542974708207283
-0.3312069502157926 0.2213431053272601 -0.5429758801532696
-0.3793094882016778 0.07545217351172182 -0.6392154745057388
-0.3215602416743778 0.2148667258201958 -0.6392156641329918
-0.3656647042222229 0.07273581423382899 -0.7351177561044882
-0.3099950656622506 0.2071333634635429 -0.735117786572097
-0.3853069555339039 0.1830156846595014 -0.06818938425270116
-0.3495303346567297 0.06952601953957993 -0.8306708837071344
-0.2963174217755581 0.1979931997418123 -0.8306708885610131
-0.2783296351931699 0.1859739507752516 -0.9362133558393209
-0.3283122052691579 0.06530537621667432 -0.936213355188002
-0.330039150258338 0.2706035471654216 -0.0469691054570407
-0.4242328420904879 0.04692567882276089 -0.04375162722910052
-0.389108225160721 -0.1718781043152108 -0.1312747942545968
-0.3859405283833919 -0.1611086749726926 -0.304270866230428
-0.3802529951596966 -0.1576730219792905 -0.4007392581363359
-0.3723517362473344 -0.154260402700105 -0.4980318870491675
-0.3625595247054426 -0.1501814966364386 -0.5943732591264109
-0.350730923377968 -0.1452782185360218 -0.6903478892384403
-0.3366727947771022 -0.139454551801544 -0.7859956757436165
-0.4182157630868701 -0.08346870361599221 -0.07554282671554352
-0.3201267474861714 -0.1326008585728507 -0.8812416941685808
-0.3072909920725159 -0.1272841008516517 -0.9456557248185198
-0.2932492029974031 -0.1214677977269265 -1.008704435129829
-0.2668952538467175 -0.1105516338763203 -1.110491117166192
-0.2379717749729491 -0.09857113665579371 -1.202732572682996
-0.1947916123396726 -0.08068532766761465 -1.31134328181969
-0.3477156858023565 -0.2437878280755461 -0.1575550693337751
-0.4152775199941464 -0.08752805748812102 -0.1661144097579061
-0.3486563010116336 -0.2357645776741985 -0.2542480842333985
-0.4124512747769897 -0.08350201143628241 -0.2556548457467214
-0.3449988382102808 -0.2314990250091569 -0.3480568850557528
-0.4074714807498871 -0.08115075514227818 -0.3480128826726345
-0.3390499238923081 -0.2267417336354145 -0.4461918996095141
-0.4000350813609433 -0.07961854981617812 -0.4461846998768024
-0.3907035064817638 -0.07772828449207321 -0.542974708207283
-0.3312069502157932 -0.221343105327259 -0.5429758801532693
-0.3793094882016776 -0.07545217351172136 -0.6392154745057388
-0.321560241674378 -0.2148667258201954 -0.6392156641329915
-0.3099950656622509 -0.2071333634635427 -0.7351177865720958
-0.3656647042222229 -0.07273581423382874 -0.7351177561044876
-0.3495303346567297 -0.06952601953957969 -0.8306708837071337
-0.2963174217755584 -0.1979931997418122 -0.8306708885610115
-0.328312205269158 -0.06530537621667411 -0.9362133551880011
-0.2783296351931702 -0.1859739507752516 -0.936213355839319
-0.3595562852902915 -0.2295271127385171 -0.0675252192608186
-0.3990303712382162 -0.1510796689255227 -0.05895751878125631
-0.3887102469991594 -0.1662518240583814 -0.2117107244016996
-0.1536048915278375 -0.3966772377253806 -0.1312747942545965
-0.1589801281734469 -0.3868222013357855 -0.3042708662304277
-0.1573878083921853 -0.3803711344956486 -0.4007392581363359
-0.1542138608692632 -0.3723710145048867 -0.4980318870491675
-0.1501739438226198 -0.3625626531833605 -0.5943732591264109
-0.1452770008068585 -0.3507314277779028 -0.6903478892384403
-0.1394543569817134 -0.3366728754741183 -0.7859956757436165
-0.2367019157341262 -0.3547444884215427 -0.07554282671554352
-0.1326008276986443 -0.3201267602746865 -0.8812416941685804
-0.1272840934425824 -0.3072909951414531 -0.9456557248185192
-0.1214677965485086 -0.2932492034855199 -1.008704435129828
-0.1105516338763205 -0.2668952538467176 -1.110491117166192
-0.0985711366557939 -0.2379717749729491 -1.202732572682996
-0.08068532766761477 -0.1947916123396724 -1.31134328181969
-0.07348809295281913 -0.418256145758736 -0.1575550693337744
-0.2317538674682603 -0.355537233456127 -0.1661144097579061
-0.07982650311173742 -0.4132479663857523 -0.2542480842333982
-0.2326022547745351 -0.3506919318331564 -0.2556548457467214
-0.08025648757792175 -0.4076455484220191 -0.3480568850557522
-0.2307435979188556 -0.3455080964378827 -0.3480128826726342
-0.07941388291343868 -0.4000751177766294 -0.4461918996095137
-0.226568702259577 -0.3391663352260937 -0.446184699876802
-0.07768546972790963 -0.3907118912194957 -0.5429758801532693
-0.2213069018122754 -0.3312312959209595 -0.542974708207283
-0.2148595677304029 -0.3215650548212071 -0.6392154745057388
-0.07544370856912697 -0.3793111463267486 -0.6392156641329911
-0.2071320045162418 -0.3099959794759723 -0.7351177561044876
-0.07273420714909781 -0.3656650189791956 -0.7351177865720956
-0.1979929499808317 -0.2963175897515221 -0.8306708837071337
-0.06952572415495373 -0.3495303924874698 -0.8306708885610112
-0.1859739123213825 -0.2783296610628803 -0.9362133551880011
-0.06530533073303513 -0.3283122141675023 -0.9362133558393184
-0.09194450966343795 -0.4165448654305842 -0.0675252192608186
-0.1753276230052924 -0.3889865397985749 -0.05895751878125631
-0.1573018593934913 -0.3924174437461169 -0.2117107244016986
0.1570424190284558 -0.3940982493860297 -0.1713197207258736
0.1592944194541298 -0.3870313344797423 -0.2988555574178956
0.1573878083921759 -0.3803711344956524 -0.4007392581363359
0.154213860869261 -0.3723710145048876 -0.4980318870491675
0.1501739438226189 -0.3625626531833606 -0.5943732591264116
0.145277000806858 -0.3507314277779028 -0.6903478892384408
0.139454356981713 -0.3366728754741182 -0.7859956757436167
0.2196364876449073 -0.3655076060099762 -0.07841485702502071
0.08391567030049529 -0.4178746957697539 -0.09127016485166929
0.132600827698644 -0.3201267602746864 -0.8812416941685817
0.1272840934425819 -0.3072909951414528 -0.945655724818521
0.1214677965485082 -0.2932492034855197 -1.00870443512983
0.1105516338763201 -0.2668952538467173 -1.110491117166193
0.09857113665579344 -0.2379717749729486 -1.202732572682998
0.0806853276676143 -0.1947916123396718 -1.311343281819691
0.2438853272142229 -0.3474062771149998 -0.1640520479495
0.06651664766831535 -0.4191705242358303 -0.1656703275044784
0.2344352442561743 -0.3499370809562091 -0.2475447537737183
0.07839991779202506 -0.4138341055804198 -0.2478124086007651
0.2307435979188384 -0.345508096437894 -0.3480128826726345
0.08025648757790178 -0.407645548422023 -0.3480568850557522
0.2265687022595722 -0.3391663352260967 -0.4461846998768027
0.07941388291343311 -0.4000751177766304 -0.4461918996095137
0.07768546972790803 -0.390711891219496 -0.5429758801532693
0.2213069018122739 -0.3312312959209602 -0.5429747082072837
0.2148595677304023 -0.3215650548212073 -0.6392154745057397
0.07544370856912631 -0.3793111463267486 -0.6392156641329915
0.2071320045162413 -0.3099959794759723 -0.7351177561044887
0.07273420714909733 -0.3656650189791956 -0.7351177865720958
0.143041529410109 -0.4018647927826082 -0.06818938425270116
0.1979929499808312 -0.296317589751522 -0.8306708837071355
0.06952572415495334 -0.3495303924874698 -0.8306708885610115
0.1859739123213819 -0.2783296610628802 -0.936213355188003
0.06530533073303472 -0.3283122141675022 -0.936213355839319
0.04202731799088768 -0.4247185244185224 -0.0469691054570407
0.2667964537368637 -0.3331593851515864 -0.04375162722910052
0.3966772377253795 -0.1536048915278407 -0.1312747942545944
0.3868222013357856 -0.1589801281734472 -0.3042708662304228
0.3803711344956492 -0.1573878083921857 -0.4007392581363288
0.3723710145048877 -0.1542138608692636 -0.4980318870491574
0.3625626531833622 -0.1501739438226205 -0.5943732591263956
0.3507314277779056 -0.1452770008068597 -0.6903478892384191
0.3366728754741222 -0.1394543569817151 -0.7859956757435913
0.3547444884215466 -0.2367019157341204 -0.07554282671554285
0.3201267602746917 -0.1326008276986465 -0.881241694168553
0.3072909951414585 -0.1272840934425847 -0.9456557248184931
0.2932492034855249 -0.1214677965485107 -1.008704435129807
0.2668952538467189 -0.1105516338763211 -1.110491117166187
0.2379717749729465 -0.09857113665579292 -1.202732572683003
0.1947916123396676 -0.08068532766761283 -1.3113432818197
0.4182561457587355 -0.07348809295282255 -0.1575550693337714
0.3555372334561273 -0.23175386746826 -0.1661144097579051
0.4132479663857525 -0.07982650311173822 -0.2542480842333922
0.3506919318331564 -0.2326022547745353 -0.2556548457467191
0.4076455484220197 -0.08025648757792211 -0.3480568850557434
0.3455080964378827 -0.2307435979188558 -0.3480128826726315
0.4000751177766305 -0.07941388291343898 -0.4461918996095009
0.339166335226094 -0.2265687022595773 -0.4461846998767979
0.3907118912194978 -0.07768546972791013 -0.5429758801532499
0.33123129592096 -0.2213069018122758 -0.5429747082072771
0.3793111463267522 -0.0754437085691278 -0.6392156641329633
0.3215650548212081 -0.2148595677304036 -0.6392154745057302
0.3099959794759736 -0.2071320045162427 -0.7351177561044772
0.3656650189792011 -0.07273420714909895 -0.7351177865720602
0.2963175897515239 -0.197992949980833 -0.8306708837071217
0.3495303924874771 -0.06952572415495528 -0.8306708885609709
0.2783296610628824 -0.185973912321384 -0.9362133551879901
0.328312214167511 -0.06530533073303693 -0.9362133558392788
0.4165448654305822 -0.09194450966344708 -0.06752521926081727
0.3889865397985774 -0.1753276230052868 -0.0589575187812553
0.3924174437461165 -0.1573018593934926 -0.2117107244016956
0.1526476819516957 0.06322874012917723 -0.1329813849663723
0.1511419970785318 0.06260506503407752 -0.2336354002802387
0.1489315588384948 0.0616894715362703 -0.3287802078983717
0.1459552676694898 0.06045665136849787 -0.4229680224778347
0.142153099533885 0.05888174176030763 -0.5169871849092474
0.1374538286215285 0.0569352400151442 -0.6109647452188879
0.1318006174827513 0.05459360329050403 -0.7043272027854107
0.1252177709900736 0.05186689899421679 -0.7953433420416444
0.1186195894151682 0.0491338426988907 -0.8731362419823046
0.06322874012923184 0.1526476819516732 -0.132981384966372
0.06260506503408679 0.151141997078528 -0.2336354002802384
0.06168947153627194 0.1489315588384943 -0.3287802078983708
0.06045665136849816 0.1459552676694898 -0.4229680224778347
0.05888174176030772 0.142153099533885 -0.5169871849092474
0.05693524001514423 0.1374538286215285 -0.6109647452188882
0.05459360329050407 0.1318006174827513 -0.7043272027854107
0.05186689899421682 0.1252177709900736 -0.7953433420416444
0.04913384269889075 0.1186195894151683 -0.8731362419823046
-0.0632287401291772 0.1526476819516957 -0.1329813849663723
-0.06260506503407749 0.1511419970785318 -0.2336354002802387
-0.06168947153627027 0.1489315588384948 -0.3287802078983717
-0.06045665136849784 0.1459552676694898 -0.422968022477835
-0.05888174176030761 0.142153099533885 -0.5169871849092474
-0.05693524001514417 0.1374538286215284 -0.6109647452188884
-0.054593603290504 0.1318006174827512 -0.7043272027854109
-0.05186689899421675 0.1252177709900736 -0.7953433420416446
-0.04913384269889067 0.1186195894151682 -0.873136241982305
-0.1526476819516743 0.06322874012922913 -0.1329813849663723
-0.1511419970785282 0.06260506503408636 -0.2336354002802387
-0.1489315588384943 0.06168947153627184 -0.3287802078983717
-0.1459552676694897 0.06045665136849816 -0.422968022477835
-0.142153099533885 0.05888174176030773 -0.5169871849092474
-0.1374538286215285 0.05693524001514425 -0.6109647452188882
-0.1318006174827513 0.05459360329050408 -0.7043272027854109
-0.1252177709900736 0.05186689899421682 -0.7953433420416446
-0.1186195894151682 0.04913384269889073 -0.873136241982305
-0.1526476819516958 -0.06322874012917717 -0.1329813849663723
-0.1511419970785318 -0.06260506503407746 -0.2336354002802387
-0.1489315588384949 -0.06168947153627025 -0.3287802078983717
-0.1459552676694899 -0.06045665136849782 -0.4229680224778347
-0.1421530995338851 -0.0588817417603076 -0.5169871849092469
-0.1374538286215285 -0.05693524001514415 -0.6109647452188879
-0.1318006174827513 -0.054593603290504 -0.7043272027854104
-0.1252177709900736 -0.05186689899421675 -0.7953433420416441
-0.1186195894151683 -0.04913384269889068 -0.8731362419823041
-0.06322874012923829 -0.1526476819516705 -0.1329813849663723
-0.06260506503408794 -0.1511419970785275 -0.2336354002802387
-0.06168947153627215 -0.1489315588384942 -0.3287802078983717
-0.06045665136849825 -0.1459552676694897 -0.4229680224778347
-0.05888174176030779 -0.1421530995338851 -0.5169871849092469
-0.05693524001514429 -0.1374538286215285 -0.6109647452188879
-0.05459360329050411 -0.1318006174827513 -0.7043272027854107
-0.05186689899421688 -0.1252177709900737 -0.7953433420416441
-0.0491338426988908 -0.1186195894151683 -0.8731362419823041
0.06322874012917715 -0.1526476819516958 -0.1329813849663723
0.06260506503407745 -0.1511419970785318 -0.2336354002802387
0.06168947153627023 -0.1489315588384949 -0.3287802078983717
0.06045665136849779 -0.1459552676694899 -0.4229680224778347
0.05888174176030756 -0.142153099533885 -0.5169871849092474
0.05693524001514413 -0.1374538286215285 -0.6109647452188882
0.05459360329050395 -0.1318006174827513 -0.7043272027854109
0.05186689899421672 -0.1252177709900736 -0.7953433420416444
0.04913384269889064 -0.1186195894151682 -0.8731362419823046
0.1526476819516709 -0.06322874012923727 -0.132981384966372
0.1511419970785276 -0.0626050650340878 -0.2336354002802384
0.1489315588384942 -0.06168947153627215 -0.3287802078983711
0.1459552676694897 -0.06045665136849826 -0.4229680224778347
0.142153099533885 -0.0588817417603078 -0.5169871849092474
0.1374538286215285 -0.05693524001514431 -0.6109647452188882
0.1318006174827513 -0.05459360329050413 -0.7043272027854109
0.1252177709900736 -0.05186689899421687 -0.7953433420416444
0.1186195894151682 -0.04913384269889079 -0.8731362419823046
-0.2845159047463515 -0.1218577842724569 0
-0.2092544057270651 -0.1116677533870359 0
-0.3444542323897926 -0.07470412774278173 0
-0.2955094137086805 -0.1936959285301061 0
-0.2122214882396644 -0.04468254061156329 0
-0.2417188090850771 -0.1693071574865774 0
-0.2849320095540838 -0.05424029918963009 0
-0.3365840514094922 -0.1452797297212227 0
-0.2873495912009913 0.115016660002153 0
-0.2269262349426094 0.06900418362292678 0
-0.2963897188407708 0.1907421282216836 0
-0.3459204148897408 0.07199300578600575 0
-0.1816585809148407 0.1184679259806858 0
-0.2906392482065867 0.05120276988221715 0
-0.2398310395033693 0.16312367276223 0
-0.3407291472457138 0.1352725831360735 0
-0.1218577842724598 0.2845159047463511 -0
-0.1116677533870335 0.2092544057270656 -0
-0.07470412774278042 0.3444542323897876 -0
-0.1936959285301164 0.2955094137086843 -0
-0.04468254061156467 0.2122214882396689 -0
-0.1693071574865817 0.24171880908508 -0
-0.05424029918963846 0.2849320095540797 -0
-0.1452797297212222 0.3365840514094883 -0
0.1158325868722541 0.2884719230662031 0
0.06900418362292436 0.2269262349426084 0
0.193317557326528 0.2956928358821672 0
0.07470412774277173 0.3444542323897699 0
0.1184679259806902 0.1816585809148376 0
0.05190817964759007 0.2905704780796325 0
0.1631236727622302 0.2398310395033687 0
0.1452797297212253 0.3365840514094485 0
0.284515904746351 0.1218577842724599 0
0.2092544057270656 0.1116677533870338 0
0.3444542323897877 0.0747041277427804 0
0.2955094137086827 0.193695928530116 0
0.212221488239669 0.04468254061156475 0
0.241718809085076 0.1693071574865781 0
0.2849320095540799 0.05424029918963844 0
0.336584051409488 0.1452797297212232 0
0.2873495912009904 -0.1150166600021548 0
0.2269262349426018 -0.06900418362292614 0
0.2963897188407761 -0.1907421282216867 0
0.3459204148897301 -0.07199300578600983 0
0.1816585809148331 -0.1184679259807017 0
0.2906392482065807 -0.05120276988221816 0
0.2398310395033749 -0.1631236727622347 0
0.3407291472457194 -0.1352725831360714 0
0.1218577842724605 -0.2845159047463531 0
0.1116677533870357 -0.2092544057270655 0
0.07470412774278168 -0.3444542323897908 0
0.1936959285301162 -0.2955094137086846 0
0.04468254061156556 -0.2122214882396727 0
0.1693071574865835 -0.2417188090850818 0
0.05424029918964051 -0.2849320095540842 0
0.145279729721223 -0.3365840514094919 0
-0.1150166600021569 -0.2873495912009912 0
-0.06900418362292458 -0.226926234942602 0
-0.1907421282216892 -0.2963897188407774 0
-0.07199300578600966 -0.3459204148897329 0
-0.1184679259807037 -0.181658580914832 0
-0.05120276988221828 -0.2906392482065849 0
-0.1631236727622374 -0.2398310395033758 0
-0.1352725831360728 -0.3407291472457193 0
0.2964999999997904 -0.007458796242380578 -0.1255008604232216
-0.007458796242382864 -0.2964999999997994 -0.1255008604232094
0.2149313260241097 0.2043829952191712 -0.1255008604232613
-0.2043829952191879 0.2149313260241111 -0.1255008604232379
0.008065861201587421 0.2964999999997904 -0.1255008604232216
-0.2149313260241168 -0.2043829952191713 -0.125500860423256
0.2043829952191875 -0.2149313260241178 -0.1255008604232342
-0.2964999999997958 0.007458796242359754 -0.1255008604232028
0.274971471117272 -0.07307455805297863 -0.3800610296125664
-0.2461057073913353 -0.1427626763283928 -0.3800610296125668
-0.07307455805297854 -0.2749714711172723 -0.3800610296125665
0.07307576285247827 0.2749774742119876 -0.3800612350771372
-0.1427660692354774 0.2461108041422119 -0.3800612350771378
0.2461108041422118 0.1427660692354775 -0.3800612350771377
-0.274977474211986 0.07307576285247773 -0.3800612350771378
0.1427660692354771 -0.2461108041422113 -0.3800612350771377
0.2377215485039995 -0.1460751306371773 -0.4851108906565317
-0.1460751306371784 -0.2377215485039999 -0.4851108906565321
-0.2713852344176048 -0.06480380354508555 -0.4851108906565325
0.1460765945977884 0.2377229287377354 -0.4851115480167302
-0.2377229287377358 0.1460765945977897 -0.4851115480167314
0.06480374434124413 -0.2713872455667145 -0.4851115480167314
0.271387245566711 0.06480374434124521 -0.4851115480167292
-0.06480374434124508 0.271387245566711 -0.4851115480167294
-0.1761444445047538 -0.2305328910296336 -0.307837505273102
0.2874827202673311 0.03844826025346762 -0.3079230594122676
0.0384482602534677 -0.2874827202673326 -0.307923059412266
0.2305326275143467 -0.1761446687284905 -0.3078380284129369
-0.2875642739279212 -0.03845809447237371 -0.3078380284129365
0.1760941799634652 0.2304677399523432 -0.3079235876636721
-0.2304677399523435 0.1760941799634654 -0.3079235876636722
-0.03844791298538909 0.2874826905446887 -0.3079235876636737
-0.2308467443782064 -0.1421823079479148 -0.5812449740293577
-0.062695224249943 -0.2637713724793918 -0.5812449740293575
0.263771372479387 -0.0626952242499441 -0.5812449740293549
0.2308466223785487 0.1421819112680192 -0.5812446372982909
-0.1421819112680189 0.2308466223785487 -0.5812446372982912
0.1421819112680206 -0.2308466223785497 -0.5812446372982921
-0.2637710057175642 0.06269541847820138 -0.581244637298292
0.0626954184782027 0.2637710057175592 -0.581244637298289
-0.2525622021828327 -0.1465076326147568 -0.2409139759734705
-0.254709778338706 -0.06150717671254938 -0.6755956101870926
-0.1366148697527386 -0.2235991532429042 -0.6755956101870926
0.2235991532429033 -0.136614869752737 -0.6755956101870918
-0.2235992006738749 0.136614930218095 -0.6755956432490476
0.06150716749584673 -0.2547098546329302 -0.6755956432490476
0.1366149302180931 0.2235992006738736 -0.6755956432490462
0.2547098546329241 0.06150716749584849 -0.6755956432490438
-0.06150716749584834 0.2547098546329241 -0.6755956432490441
0.2821838181400037 -0.07497232021446119 -0.2409451936001415
-0.07497200468389539 -0.2821838818169667 -0.2409446475178357
0.2710622419730721 0.1043712267067908 -0.1933113979243753
-0.1040942231825738 0.2711753156550991 -0.1930149145614727
0.1180443097866457 0.2651410921318641 -0.1933965670372828
0.1043712267068012 -0.2710622419730784 -0.1933113979243649
-0.2654719414692203 0.1178685203634061 -0.1933118337354028
0.2324861812013905 0.06082127759827724 -0.843980424738389
0.2114240885801528 0.1406028843080789 -0.7558652523909255
-0.06082127759827737 0.2324861812013904 -0.8439804247383893
-0.1406028843080787 0.2114240885801528 -0.7558652523909256
0.2324861812013904 -0.06082127759827725 -0.8439804247383889
0.121385417429494 0.2073996930898357 -0.8439804247383886
0.0500781537925783 0.2489206596898466 -0.7558652523909247
0.06082127759827594 -0.2324861812013843 -0.8439804247383884
0.1406028843080753 -0.211424088580152 -0.7558652523909244
-0.06082127759827585 -0.2324861812013844 -0.8439804247383881
-0.2073996930898339 -0.1213854174294926 -0.8439804247383881
-0.2073996930898336 0.1213854174294927 -0.8439804247383887
-0.2489206596898386 0.05007815379258314 -0.7558652523909244
0.1773592477759957 -0.1418022722319907 -0.9004176473233908
0.09154191102682617 -0.1992047672688023 -0.948462993551151
-0.2013977545073062 -0.1467318118827763 -0.7317957446099637
0.2461647665230238 -0.03865466781226978 -0.7317957492577981
-0.0386546678122717 -0.246164766523022 -0.7317957492577982
0.1791038828495749 0.1357538087198457 -0.9048066385538244
-0.1357538087198455 0.179103882849575 -0.9048066385538255
-0.1357538087198455 -0.1791038828495732 -0.9048066385538233
0.2819969021431894 -0.1252055393076022 -0.1182965466335953
-0.1252055393076074 -0.2819969021431845 -0.1182965466335985
-0.2879356076655722 -0.1108682358925291 -0.1182965466335944
-0.2398774885221687 0.01635765118557348 -0.861585247818331
-0.2035313856291117 0.07900263773761065 -0.9503177476774121
-0.242455973448171 -0.1854380077747805 -0.4810787944847172
0.3025669887311304 -0.04031829489495639 -0.4810788346073517
-0.0403182948949581 -0.3025669887311299 -0.4810788346073521
0.03001172132235281 0.2179793572509909 -0.8890314520079707
0.1854386332199381 -0.2424557720583084 -0.4810794360179087
-0.3025670356040333 0.04031720551646691 -0.4810794360179088
0.2424563078366387 0.1854384552195396 -0.4810794761516243
-0.1854384552195392 0.2424563078366395 -0.4810794761516246
0.04031771023424496 0.3025672885912352 -0.4810794761516239
0.2508011147265803 0.08784028717877598 -0.09249119559377142
-0.08784028717877609 0.2508011147265804 -0.09232493418615292
0.08784028717877618 -0.2508011147265808 -0.09249119559376714
-0.2394556316777877 0.1152307062268288 -0.09249147772059402
0.11509504805707 0.2404450366373931 -0.09233281698611327
-0.1996599598064197 -0.1025217284557349 -0.9527567872831478
0.1948749604016613 -0.122342985078561 -0.7721726214007966
-0.2243069603631272 -0.05128785160382104 -0.7721726214007941
-0.1836519370922104 -0.235639638284775 -0.5828235489652887
0.2356393722711455 -0.1836520300914596 -0.5828235338619642
-0.2964837939038156 -0.03676060219112082 -0.5828235338619647
0.2964841520585265 0.03676039810342323 -0.5828241707639581
0.03676039810342428 -0.2964841520585247 -0.5828241707639601
0.1836525206556881 0.2356392151979523 -0.5828241556592842
-0.03676014424230766 0.29648402971759 -0.5828241556592836
-0.2356392151979519 0.1836525206556888 -0.5828241556592852
-0.1215324008255271 -0.1946903889396156 -0.7714473152527069
-0.1380248907005216 0.2181334175687956 -0.278092251857586
0.2179833559777344 0.1380610108092075 -0.2782818144562226
0.05651071513735292 0.2517596009202501 -0.278286014771838
0.1380736694578873 -0.2179826895809659 -0.2782791228641506
-0.2517698241577438 0.05650414150810154 -0.2782792213612686
0.2147916734571393 -0.1488200744122468 -0.2071139952422826
-0.2571135421146133 -0.04662993633472911 -0.207118846403561
-0.1488197466305711 -0.2147917698883828 -0.2071136118487394
-0.2065887431436993 -0.2404015415517624 -0.4039339586978217
0.3160979470672228 0.02391555323035429 -0.403969425022037
0.02391555323035141 -0.3160979470672186 -0.4039694250220363
0.2404016836308029 -0.2065889159379119 -0.4039342896674166
-0.3160700840816787 -0.02390923732632833 -0.4039342896674165
0.2066043257683998 0.240425996029217 -0.403969758573282
-0.2404259960292164 0.2066043257684002 -0.4039697585732823
-0.02391553239248187 0.3160981719391032 -0.4039697585732829
0.1125280624963454 0.2023217860897447 -0.9542727052884311
0.2363842171067003 0.2241202304852437 -0.22445630973432
0.008676474076667084 0.3256281694488247 -0.2244606070328635
-0.2242028014573904 0.2363128956803248 -0.2244293187806123
0.2274392273459466 -1.02666034741525e-16 -0.9305818295012169
-1.547706459602073e-16 -0.2345122575393575 -0.9245671433015885
0.1835748064318808 -0.2253599732909697 -0.6694062758437384
-0.2891605558050551 0.02954657483907388 -0.6694062758437384
0.2253600015667507 0.1835747955502373 -0.6694062788903699
-0.1835747955502369 0.2253600015667516 -0.6694062788903702
0.02954660252755101 0.2891605681045696 -0.6694062788903664
0.1818157159428887 -0.07991225908332053 -0.9920348833278809

CELLS 3028 15140
4 163 754 164 838
4 106 755 107 839
4 163 754 838 840
4 755 839 106 841
4 775 785 74 789
4 55 784 773 788
4 93 786 771 794
4 74 775 406 785
4 369 55 773 788
4 93 771 442 794
4 727 752 19 776
4 728 753 144 777
4 334 774 783 799
4 772 790 548 800
4 19 752 727 778
4 334 783 25 799
4 150 548 790 800
4 144 753 728 781
4 495 269 803 856
4 163 838 733 840
4 734 106 839 841
4 35 776 752 778
4 260 777 753 781
4 334 774 312 783
4 406 775 384 785
4 369 773 348 788
4 420 442 771 794
4 548 772 526 790
4 19 324 752 778
4 312 783 774 784
4 384 785 775 786
4 348 788 773 789
4 420 794 771 795
4 526 790 772 791
4 389 77 76 812
4 206 785 775 789
4 773 784 191 788
4 771 786 221 794
4 144 538 753 781
4 194 317 801 855
4 130 759 769 798
4 761 774 24 799
4 149 760 772 800
4 41 774 783 784
4 775 785 206 786
4 191 773 788 789
4 771 794 221 795
4 772 790 266 791
4 41 783 774 799
4 266 790 772 800
4 20 19 752 776
4 144 753 145 777
4 247 639 737 843
4 277 657 735 846
4 630 736 232 847
4 130 769 759 826
4 24 774 761 829
4 149 772 760 830
4 163 164 537 838
4 431 106 107 839
4 37 594 740 844
4 262 648 742 845
4 612 739 202 850
4 187 603 738 848
4 217 621 741 849
4 36 752 35 776
4 260 261 753 777
4 194 801 44 855
4 247 737 751 843
4 125 751 767 842
4 277 735 754 846
4 736 755 232 847
4 247 736 248 843
4 37 735 38 844
4 263 262 737 845
4 125 751 126 767
4 163 537 733 838
4 431 734 106 839
4 268 803 269 856
4 475 768 759 798
4 580 770 761 799
4 510 769 760 800
4 277 742 278 846
4 233 232 741 847
4 37 740 752 844
4 262 742 753 845
4 202 738 203 850
4 187 740 188 848
4 217 739 218 849
4 202 739 758 850
4 187 738 756 848
4 217 741 757 849
4 249 744 248 809
4 334 337 25 783
4 409 74 406 785
4 369 372 55 788
4 150 548 551 790
4 445 93 442 794
4 389 802 208 812
4 35 727 776 778
4 39 749 38 810
4 264 748 263 811
4 503 753 737 777
4 574 752 735 776
4 455 768 475 798
4 468 751 736 767
4 580 561 770 799
4 490 769 510 800
4 279 743 278 813
4 234 745 233 814
4 188 189 746 815
4 218 219 747 816
4 203 204 750 817
4 475 759 130 798
4 149 510 760 800
4 24 580 761 799
4 260 728 777 781
4 249 248 759 809
4 39 38 761 810
4 264 263 760 811
4 248 736 809 843
4 735 810 38 844
4 263 737 811 845
4 234 233 765 814
4 279 278 764 813
4 203 766 204 817
4 218 763 219 816
4 188 762 189 815
4 389 76 411 812
4 254 495 269 803
4 389 224 209 802
4 389 209 208 802
4 249 759 744 809
4 36 592 35 752
4 260 261 646 753
4 610 200 201 758
4 601 185 186 756
4 216 619 215 757
4 790 792 151 800
4 26 783 787 799
4 39 761 749 810
4 264 760 748 811
4 186 756 185 836
4 201 758 200 837
4 279 764 743 813
4 234 765 745 814
4 216 757 215 835
4 189 762 746 815
4 219 763 747 816
4 204 766 750 817
4 278 742 813 846
4 233 741 814 847
4 203 738 817 850
4 188 740 815 848
4 218 739 816 849
4 639 744 737 843
4 657 743 735 846
4 630 745 736 847
4 254 268 253 803
4 194 193 43 801
4 208 224 223 802
4 150 790 151 800
4 26 25 783 799
4 793 798 131 834
4 194 44 317 855
4 388 389 411 802
4 638 247 737 751
4 277 735 656 754
4 629 232 736 755
4 580 561 761 770
4 490 760 510 769
4 455 759 475 768
4 756 185 836 852
4 758 200 837 853
4 594 749 740 844
4 648 748 742 845
4 757 215 835 854
4 612 750 739 850
4 603 746 738 848
4 621 747 741 849
4 145 753 503 777
4 20 752 574 776
4 19 727 322 778
4 150 151 792 800
4 26 787 25 799
4 733 537 781 838
4 263 639 640 744
4 631 248 630 745
4 658 38 657 743
4 431 782 734 839
4 126 751 468 767
4 247 248 744 843
4 388 411 785 802
4 622 233 621 747
4 649 278 648 748
4 603 604 203 746
4 595 188 594 749
4 612 613 218 750
4 277 278 743 846
4 233 745 232 847
4 536 144 728 781
4 37 38 749 844
4 263 748 262 845
4 191 788 607 789
4 41 783 598 784
4 616 206 785 786
4 266 790 652 791
4 625 221 794 795
4 202 203 750 850
4 187 188 746 848
4 217 218 747 849
4 37 740 593 752
4 262 742 647 753
4 602 187 738 756
4 202 739 611 758
4 620 217 741 757
4 164 754 539 838
4 433 107 755 839
4 790 791 550 796
4 325 756 740 836
4 397 757 739 835
4 361 758 738 837
4 758 779 200 853
4 756 780 185 852
4 539 754 742 838
4 433 755 741 839
4 191 606 773 789
4 41 597 774 784
4 615 775 206 786
4 651 772 266 791
4 624 771 221 795
4 557 735 575 754
4 469 451 736 755
4 504 486 737 751
4 486 737 751 777
4 735 754 557 776
4 132 793 131 834
4 248 630 745 809
4 451 736 755 767
4 38 657 743 810
4 263 639 744 811
4 248 745 631 809
4 38 743 658 810
4 263 744 640 811
4 757 782 215 854
4 247 744 639 843
4 277 743 657 846
4 630 232 745 847
4 756 836 325 852
4 397 757 835 854
4 758 837 361 853
4 37 749 594 844
4 262 748 648 845
4 752 776 727 778
4 612 202 750 850
4 187 746 603 848
4 217 747 621 849
4 759 250 769 798
4 40 774 761 799
4 760 265 772 800
4 278 648 748 813
4 233 621 747 814
4 603 746 203 817
4 188 594 749 815
4 612 750 218 816
4 233 747 622 814
4 278 748 649 813
4 203 746 604 817
4 188 749 595 815
4 218 750 613 816
4 265 760 641 769
4 250 759 632 768
4 659 40 761 770
4 19 322 324 778
4 248 809 744 843
4 558 575 557 735
4 487 504 486 737
4 452 469 451 736
4 785 802 411 812
4 249 759 250 826
4 753 777 728 781
4 280 279 764 827
4 234 765 235 828
4 39 761 40 829
4 265 264 760 830
4 204 766 205 832
4 189 762 190 831
4 220 219 763 833
4 246 736 751 767
4 38 810 749 844
4 263 811 748 845
4 261 737 753 777
4 735 752 36 776
4 759 768 250 798
4 40 761 770 799
4 760 769 265 800
4 278 813 743 846
4 233 814 745 847
4 573 754 163 840
4 44 801 43 855
4 106 467 755 841
4 502 751 125 842
4 638 737 261 777
4 656 735 36 776
4 536 538 144 781
4 246 629 736 767
4 203 817 750 850
4 188 815 746 848
4 218 816 747 849
4 707 709 300 733
4 290 667 669 734
4 592 35 752 778
4 610 200 758 779
4 723 725 304 732
4 601 185 756 780
4 389 208 77 812
4 640 249 760 826
4 631 234 759 828
4 279 761 658 827
4 595 39 762 829
4 264 764 649 830
4 613 204 763 832
4 622 219 765 833
4 189 766 604 831
4 260 753 646 781
4 759 769 250 826
4 280 764 770 827
4 765 768 235 828
4 619 215 757 782
4 761 774 40 829
4 265 760 772 830
4 766 775 205 832
4 762 773 190 831
4 220 763 771 833
4 249 250 769 826
4 280 770 279 827
4 234 235 768 828
4 39 40 774 829
4 265 772 264 830
4 204 205 775 832
4 189 190 773 831
4 220 771 219 833
4 249 744 759 826
4 558 735 559 743
4 452 736 453 745
4 487 737 488 744
4 279 743 764 827
4 234 745 765 828
4 453 745 736 809
4 488 744 737 811
4 559 743 735 810
4 397 88 757 854
4 50 756 325 852
4 69 758 361 853
4 389 411 802 812
4 573 164 163 754
4 107 106 467 755
4 502 126 125 751
4 264 748 760 830
4 39 749 761 829
4 334 312 337 783
4 409 406 384 785
4 369 348 372 788
4 548 526 551 790
4 420 445 442 794
4 746 762 189 831
4 747 763 219 833
4 204 750 766 832
4 299 340 18 727
4 143 303 554 728
4 376 297 689 729
4 681 412 295 731
4 340 299 697 727
4 303 713 554 728
4 639 247 248 744
4 277 278 657 743
4 233 630 232 745
4 504 751 737 843
4 575 754 735 846
4 469 755 736 847
4 495 153 269 856
4 621 217 218 747
4 263 648 262 748
4 187 188 603 746
4 37 38 594 749
4 612 202 203 750
4 20 19 324 752
4 144 538 145 753
4 293 673 448 730
4 249 641 760 826
4 632 759 234 828
4 659 761 279 827
4 39 596 762 829
4 264 650 764 830
4 614 763 204 832
4 623 765 219 833
4 605 766 189 831
4 326 752 740 844
4 540 753 742 845
4 398 758 739 850
4 362 756 738 848
4 434 757 741 849
4 504 737 487 843
4 639 638 247 737
4 630 629 232 736
4 656 277 657 735
4 575 735 558 846
4 469 736 452 847
4 523 748 742 813
4 417 747 741 814
4 309 749 740 815
4 381 750 739 816
4 345 746 738 817
4 209 812 208 851
4 248 631 759 809
4 263 640 760 811
4 38 658 761 810
4 468 736 751 843
4 282 791 790 796
4 209 77 812 851
4 114 808 807 823
4 735 752 574 844
4 737 753 503 845
4 278 649 764 813
4 233 622 765 814
4 188 595 762 815
4 218 613 763 816
4 203 604 766 817
4 593 37 594 740
4 602 187 603 738
4 612 611 202 739
4 621 620 217 741
4 262 648 647 742
4 317 44 28 855
4 631 249 248 759
4 264 263 640 760
4 39 38 658 761
4 649 279 278 764
4 188 595 189 762
4 218 613 219 763
4 622 234 233 765
4 203 604 204 766
4 565 796 787 855
4 235 768 765 858
4 280 770 764 857
4 220 771 763 860
4 190 773 762 859
4 205 775 766 861
4 452 453 736 809
4 488 737 487 811
4 559 735 558 810
4 322 778 727 818
4 246 736 247 751
4 632 631 234 759
4 640 249 641 760
4 279 659 658 761
4 623 622 219 765
4 264 650 649 764
4 595 39 596 762
4 614 613 204 763
4 189 605 604 766
4 394 779 731 819
4 742 754 539 846
4 741 755 433 847
4 37 36 735 752
4 261 737 262 753
4 209 389 208 77
4 248 736 630 809
4 38 735 657 810
4 263 737 639 811
4 740 756 325 848
4 397 739 757 849
4 738 758 361 850
4 358 780 729 822
4 736 745 630 809
4 735 743 657 810
4 737 744 639 811
4 536 781 728 820
4 640 760 744 826
4 631 759 745 828
4 658 761 743 827
4 349 731 357 780
4 282 652 790 791
4 709 733 707 804
4 134 495 254 803
4 317 58 194 801
4 96 224 389 802
4 313 729 321 778
4 595 762 749 829
4 649 764 748 830
4 613 763 750 832
4 622 765 747 833
4 604 766 746 831
4 430 782 730 821
4 385 730 393 779
4 623 771 235 858
4 650 772 280 857
4 205 605 773 861
4 190 596 774 859
4 220 614 775 860
4 417 416 741 747
4 523 522 742 748
4 308 740 309 749
4 380 739 381 750
4 344 738 345 746
4 723 725 732 805
4 56 784 55 788
4 94 786 93 794
4 74 785 75 789
4 638 751 737 777
4 656 754 735 776
4 695 700 698 818
4 629 755 736 767
4 731 780 349 822
4 729 778 313 818
4 682 679 684 819
4 233 741 621 814
4 278 742 648 813
4 385 730 779 819
4 486 503 737 777
4 557 574 735 776
4 188 740 594 815
4 612 218 739 816
4 603 203 738 817
4 714 711 716 820
4 326 740 308 844
4 540 742 522 845
4 669 734 667 806
4 676 674 671 821
4 334 25 774 799
4 150 772 548 800
4 451 468 736 767
4 398 739 380 850
4 344 362 738 848
4 434 741 416 849
4 737 744 487 843
4 455 475 476 798
4 580 583 561 799
4 490 510 512 800
4 735 743 558 846
4 736 745 452 847
4 742 748 648 813
4 741 747 621 814
4 740 749 594 815
4 603 738 746 817
4 612 739 750 816
4 322 314 778 818
4 386 779 394 819
4 535 733 537 781
4 431 429 734 782
4 170 796 791 824
4 358 350 780 822
4 640 744 249 826
4 279 658 743 827
4 631 745 234 828
4 246 629 247 736
4 37 36 656 735
4 638 262 261 737
4 494 803 792 856
4 235 771 624 858
4 280 772 651 857
4 205 773 606 861
4 597 190 774 859
4 615 220 775 860
4 249 250 641 769
4 632 234 235 768
4 280 659 279 770
4 220 623 219 771
4 265 650 264 772
4 189 190 605 773
4 39 40 596 774
4 614 204 205 775
4 595 749 39 829
4 264 649 748 830
4 613 750 204 832
4 189 604 746 831
4 622 747 219 833
4 191 607 606 789
4 41 598 597 784
4 616 615 206 786
4 651 266 652 791
4 625 624 221 795
4 322 727 314 818
4 249 769 641 826
4 659 279 770 827
4 632 234 768 828
4 37 657 38 735
4 263 262 639 737
4 630 248 247 736
4 264 772 650 830
4 39 774 596 829
4 623 219 771 833
4 605 189 773 831
4 614 204 775 832
4 536 528 781 820
4 527 733 535 781
4 502 486 751 777
4 557 754 573 776
4 422 782 430 821
4 421 734 429 782
4 386 394 731 819
4 536 728 528 820
4 106 431 429 734
4 163 537 535 733
4 559 560 743 761
4 453 454 745 759
4 489 744 488 760
4 467 451 755 767
4 573 776 754 840
4 412 67 295 731
4 310 749 309 762
4 382 750 381 763
4 346 746 345 766
4 418 747 417 765
4 523 524 748 764
4 502 777 751 842
4 422 430 730 821
4 358 729 350 822
4 495 496 254 269
4 318 194 44 317
4 389 390 209 224
4 467 767 755 841
4 733 781 527 820
4 573 590 776 840
4 170 550 791 796
4 734 782 421 821
4 783 801 316 855
4 502 519 777 842
4 48 297 376 729
4 293 448 86 730
4 522 523 742 813
4 417 741 416 814
4 309 740 308 815
4 380 381 739 816
4 344 345 738 817
4 467 484 767 841
4 603 203 202 738
4 187 594 188 740
4 218 217 612 739
4 621 233 232 741
4 277 648 278 742
4 690 694 687 822
4 170 791 169 824
4 185 778 836 852
4 650 764 772 857
4 623 765 771 858
4 762 774 596 859
4 763 775 614 860
4 766 773 605 861
4 501 145 503 777
4 20 574 572 776
4 165 539 754 846
4 108 433 755 847
4 255 496 270 269
4 269 270 285 532
4 240 255 239 461
4 225 239 426 240
4 318 44 195 45
4 745 759 631 809
4 743 761 658 810
4 744 760 640 811
4 125 767 732 842
4 496 154 270 269
4 239 240 461 116
4 154 270 269 532
4 239 240 116 426
4 318 29 44 45
4 29 567 44 45
4 468 751 127 843
4 51 325 756 848
4 397 757 89 849
4 70 361 758 850
4 702 695 698 818
4 21 574 752 844
4 146 503 753 845
4 686 679 682 819
4 495 803 494 856
4 711 714 718 820
4 674 678 671 821
4 466 126 468 767
4 747 765 622 814
4 748 764 649 813
4 749 762 595 815
4 750 763 613 816
4 746 766 604 817
4 731 837 200 853
4 730 835 215 854
4 194 801 58 851
4 744 760 489 826
4 745 759 454 828
4 560 743 761 827
4 768 828 765 858
4 770 827 764 857
4 308 740 749 844
4 742 748 522 845
4 771 833 763 860
4 773 831 762 859
4 775 832 766 861
4 344 738 746 848
4 739 750 380 850
4 741 747 416 849
4 94 786 794 802
4 784 788 56 801
4 749 762 310 829
4 524 748 764 830
4 418 747 765 833
4 750 763 382 832
4 746 766 346 831
4 704 298 708 727
4 720 302 724 728
4 254 134 803 823
4 44 45 567 862
4 296 700 696 729
4 684 680 292 730
4 453 759 745 809
4 559 761 743 810
4 488 760 744 811
4 115 808 114 823
4 773 784 55 859
4 93 771 786 860
4 775 789 74 861
4 164 539 537 838
4 433 431 107 839
4 145 146 503 753
4 21 574 20 752
4 254 269 268 803
4 194 43 44 801
4 209 224 208 802
4 209 77 208 812
4 269 153 532 797
4 165 539 164 754
4 108 433 107 755
4 274 707 733 804
4 284 269 532 797
4 354 77 209 851
4 50 51 325 756
4 397 88 89 757
4 69 70 361 758
4 523 764 748 813
4 417 765 747 814
4 309 762 749 815
4 381 763 750 816
4 345 766 746 817
4 475 130 476 798
4 24 583 580 799
4 149 512 510 800
4 468 126 127 751
4 723 732 244 805
4 239 115 461 823
4 20 572 19 776
4 501 144 145 777
4 688 294 692 731
4 169 770 824 857
4 112 768 825 858
4 229 667 734 806
4 561 560 761 770
4 454 759 455 768
4 489 760 490 769
4 112 825 795 858
4 169 824 791 857
4 282 791 796 824
4 310 762 311 774
4 382 763 383 775
4 346 766 347 773
4 524 764 525 772
4 419 418 765 771
4 256 497 271 270
4 270 271 286 533
4 771 795 624 858
4 772 791 651 857
4 773 789 606 861
4 615 775 786 860
4 597 774 784 859
4 700 729 698 818
4 650 280 764 857
4 623 235 765 858
4 190 762 596 859
4 220 763 614 860
4 205 766 605 861
4 682 684 730 819
4 132 803 793 834
4 300 716 712 733
4 290 676 672 734
4 254 239 461 823
4 41 787 783 799
4 266 792 790 800
4 590 804 776 840
4 668 664 304 732
4 641 769 760 826
4 632 768 759 828
4 659 770 761 827
4 247 751 736 843
4 633 250 768 798
4 265 769 642 800
4 660 40 770 799
4 519 805 777 842
4 596 774 762 829
4 650 772 764 830
4 614 775 763 832
4 623 771 765 833
4 605 773 766 831
4 210 209 195 354
4 37 752 735 844
4 262 753 737 845
4 210 209 354 78
4 390 209 210 78
4 215 730 779 835
4 200 731 780 837
4 153 797 269 856
4 209 194 354 851
4 239 808 115 823
4 491 769 800 834
4 495 153 496 269
4 44 318 317 28
4 390 389 209 77
4 456 768 798 825
4 562 770 799 824
4 317 316 801 855
4 185 729 778 852
4 456 768 455 798
4 491 769 490 800
4 562 770 561 799
4 207 785 206 789
4 191 784 192 788
4 221 786 222 794
4 484 806 767 841
4 274 707 300 733
4 229 667 290 734
4 704 727 708 804
4 638 637 751 777
4 656 655 754 776
4 567 29 44 862
4 720 728 724 805
4 458 478 793 807
4 282 790 653 796
4 131 798 769 834
4 223 802 224 808
4 277 754 742 846
4 741 232 755 847
4 723 304 244 732
4 629 628 755 767
4 633 250 632 768
4 642 265 641 769
4 659 660 40 770
4 623 624 235 771
4 650 651 280 772
4 205 605 606 773
4 190 596 597 774
4 220 614 615 775
4 698 297 341 729
4 293 413 682 730
4 714 716 733 820
4 676 734 674 821
4 202 758 738 850
4 187 756 740 848
4 217 757 739 849
4 235 624 795 858
4 280 651 791 857
4 205 606 789 861
4 597 784 190 859
4 615 786 220 860
4 687 692 690 822
4 125 126 466 767
4 236 768 235 795
4 281 770 280 791
4 205 206 775 789
4 191 773 190 784
4 221 771 220 786
4 112 807 795 825
4 760 769 489 826
4 761 770 560 827
4 454 759 768 828
4 222 786 616 802
4 598 192 784 801
4 573 571 590 840
4 506 487 744 843
4 467 465 484 841
4 502 500 519 842
4 577 558 743 846
4 471 452 745 847
4 130 769 131 798
4 24 774 25 799
4 150 149 772 800
4 310 762 774 829
4 524 764 772 830
4 763 775 382 832
4 766 773 346 831
4 765 771 418 833
4 131 769 511 834
4 740 752 307 836
4 376 689 350 729
4 343 738 756 837
4 131 793 479 798
4 25 787 585 799
4 514 150 792 800
4 739 758 379 835
4 295 377 690 731
4 742 753 521 838
4 741 757 415 839
4 567 45 285 862
4 76 812 77 851
4 452 470 453 809
4 576 559 558 810
4 505 488 487 811
4 525 772 764 857
4 419 771 765 858
4 311 774 762 859
4 383 775 763 860
4 347 773 766 861
4 452 736 470 809
4 576 558 735 810
4 505 487 737 811
4 582 169 770 824
4 112 768 477 825
4 681 386 412 731
4 173 567 285 862
4 340 697 314 727
4 554 713 528 728
4 616 786 785 802
4 598 784 783 801
4 340 314 18 727
4 143 554 528 728
4 714 301 555 733
4 674 291 449 734
4 48 341 297 729
4 293 86 413 730
4 173 285 284 862
4 192 788 784 801
4 222 794 786 802
4 422 448 673 730
4 295 67 377 731
4 236 768 795 825
4 281 770 791 824
4 731 200 779 853
4 532 172 284 797
4 729 185 780 852
4 496 255 254 269
4 255 254 239 461
4 269 285 284 532
4 225 239 224 426
4 209 194 195 354
4 194 318 44 195
4 209 390 210 224
4 390 210 224 225
4 96 224 802 808
4 590 571 804 840
4 255 135 254 461
4 496 255 135 254
4 285 173 284 532
4 224 97 225 426
4 194 195 354 59
4 194 318 195 59
4 97 390 224 225
4 500 805 519 842
4 744 809 759 826
4 307 740 326 752
4 521 742 540 753
4 379 739 398 758
4 343 738 362 756
4 415 741 434 757
4 617 785 208 802
4 134 495 496 254
4 318 194 317 58
4 389 96 390 224
4 668 664 732 806
4 730 215 782 854
4 793 807 635 823
4 749 810 761 829
4 748 811 760 830
4 692 731 690 822
4 743 813 764 827
4 745 814 765 828
4 337 26 25 783
4 26 585 25 787
4 150 551 151 790
4 514 150 151 792
4 409 75 74 785
4 372 56 55 788
4 94 93 445 794
4 131 132 479 793
4 224 426 239 808
4 497 155 271 270
4 155 271 270 533
4 226 240 427 241
4 45 196 319 46
4 484 465 806 841
4 746 815 762 831
4 747 816 763 833
4 750 817 766 832
4 508 744 489 826
4 472 745 454 828
4 560 579 743 827
4 41 42 783 787
4 267 790 266 792
4 325 836 323 852
4 524 543 748 830
4 329 749 310 829
4 361 837 359 853
4 418 438 747 833
4 366 746 346 831
4 401 750 382 832
4 19 570 727 776
4 144 499 728 777
4 731 780 837 853
4 397 835 395 854
4 502 519 486 777
4 590 557 573 776
4 254 803 253 823
4 730 779 835 854
4 467 484 451 767
4 255 496 497 270
4 240 255 461 462
4 427 240 225 426
4 285 270 533 532
4 319 318 195 45
4 567 568 285 45
4 508 488 489 744
4 472 453 454 745
4 559 560 579 743
4 308 749 328 844
4 542 522 748 845
4 280 791 770 857
4 235 795 768 858
4 190 784 773 859
4 205 789 775 861
4 220 786 771 860
4 344 746 363 848
4 400 380 750 850
4 436 416 747 849
4 239 426 115 808
4 523 524 543 748
4 418 438 417 747
4 329 309 310 749
4 346 366 345 746
4 382 401 381 750
4 134 254 461 823
4 453 473 759 809
4 559 578 761 810
4 488 507 760 811
4 163 571 573 840
4 106 465 467 841
4 500 502 125 842
4 522 541 523 813
4 417 416 435 814
4 327 309 308 815
4 380 399 381 816
4 344 364 345 817
4 311 312 774 784
4 384 775 383 786
4 348 773 347 789
4 420 771 419 795
4 526 772 525 791
4 132 131 513 834
4 130 759 475 826
4 523 544 764 813
4 417 437 765 814
4 149 760 510 830
4 24 761 580 829
4 330 762 309 815
4 381 402 763 816
4 345 365 766 817
4 496 153 154 269
4 29 318 44 28
4 153 154 269 532
4 354 209 77 78
4 209 390 77 78
4 116 239 426 115
4 461 239 116 115
4 654 704 707 804
4 577 558 559 743
4 471 452 453 745
4 506 487 488 744
4 636 720 723 805
4 752 778 307 836
4 343 756 780 837
4 275 781 838 840
4 758 779 379 835
4 478 793 807 825
4 230 782 839 841
4 342 349 357 780
4 795 825 768 858
4 791 824 770 857
4 522 742 541 813
4 416 741 435 814
4 327 308 740 815
4 380 739 399 816
4 344 738 364 817
4 459 458 793 823
4 785 75 789 812
4 342 349 780 822
4 307 325 740 836
4 343 361 738 837
4 313 778 306 818
4 397 739 379 835
4 664 667 627 806
4 521 539 742 838
4 461 240 462 116
4 497 496 154 270
4 116 240 427 426
4 270 154 533 532
4 318 319 29 45
4 567 29 568 45
4 433 741 415 839
4 306 313 321 778
4 385 779 378 819
4 130 511 131 769
4 150 149 548 772
4 24 334 25 774
4 194 58 354 851
4 559 578 560 761
4 453 473 454 759
4 489 488 507 760
4 330 310 309 762
4 382 381 402 763
4 346 345 365 766
4 418 417 437 765
4 523 544 524 764
4 753 781 521 838
4 385 393 378 779
4 379 380 398 739
4 307 308 326 740
4 343 344 362 738
4 434 415 416 741
4 540 521 522 742
4 757 782 415 839
4 193 801 194 851
4 707 704 709 804
4 723 720 725 805
4 584 170 169 824
4 703 704 708 804
4 719 720 724 805
4 34 727 704 804
4 520 527 535 781
4 259 728 720 805
4 414 421 429 782
4 520 527 781 820
4 414 421 782 821
4 96 426 224 808
4 511 769 491 834
4 456 477 768 825
4 582 770 562 824
4 669 667 664 806
4 94 408 786 802
4 56 336 784 801
4 237 635 793 807
4 739 757 217 835
4 277 742 754 838
4 668 663 664 806
4 741 755 232 839
4 740 756 187 836
4 202 738 758 837
4 255 497 256 270
4 241 255 462 256
4 241 255 240 462
4 285 270 286 533
4 240 226 427 225
4 285 46 568 286
4 46 285 568 45
4 195 211 355 196
4 196 45 319 195
4 226 211 391 225
4 386 67 412 731
4 590 570 776 804
4 519 499 777 805
4 509 489 769 826
4 581 560 770 827
4 454 768 474 828
4 525 764 545 857
4 419 765 439 858
4 332 311 762 859
4 383 763 404 860
4 347 766 367 861
4 310 774 331 829
4 524 772 546 830
4 368 346 773 831
4 403 382 775 832
4 440 418 771 833
4 478 807 112 825
4 698 729 313 818
4 385 682 730 819
4 48 376 350 729
4 86 448 422 730
4 195 210 354 355
4 390 391 210 225
4 696 729 700 818
4 684 680 730 819
4 491 800 792 834
4 30 568 45 46
4 319 30 45 46
4 240 241 462 117
4 241 240 427 117
4 727 776 570 804
4 475 455 454 759
4 489 510 490 760
4 580 561 560 761
4 456 798 793 825
4 562 799 787 824
4 728 777 499 805
4 524 545 525 764
4 439 419 418 765
4 332 311 310 762
4 383 382 404 763
4 347 346 367 766
4 344 345 363 746
4 308 309 328 749
4 400 380 381 750
4 417 436 416 747
4 523 542 522 748
4 135 134 254 461
4 134 496 135 254
4 96 97 224 426
4 173 284 532 172
4 194 354 58 59
4 318 194 58 59
4 96 97 390 224
4 278 279 658 743
4 233 234 631 745
4 249 640 248 744
4 464 732 125 767
4 456 455 476 798
4 583 562 561 799
4 491 490 512 800
4 464 767 484 806
4 564 787 565 796
4 188 189 604 746
4 264 649 263 748
4 622 218 219 747
4 38 39 595 749
4 613 203 204 750
4 222 616 785 802
4 598 783 192 801
4 796 855 565 862
4 555 301 162 733
4 291 105 449 734
4 19 572 570 776
4 144 501 499 777
4 783 784 336 801
4 785 786 408 802
4 132 513 803 834
4 688 731 692 822
4 486 501 503 777
4 557 572 574 776
4 607 207 206 789
4 222 221 616 786
4 191 598 192 784
4 282 281 652 791
4 552 790 550 796
4 451 466 468 767
4 582 770 169 857
4 112 477 768 858
4 369 773 55 859
4 93 442 771 860
4 406 775 74 861
4 561 581 560 770
4 509 489 490 769
4 454 455 474 768
4 368 346 347 773
4 310 311 331 774
4 403 382 383 775
4 524 525 546 772
4 419 440 418 771
4 664 244 732 806
4 29 28 44 862
4 275 733 781 840
4 230 734 782 841
4 552 529 550 790
4 714 733 527 820
4 674 734 421 821
4 163 733 571 840
4 106 734 465 841
4 525 791 772 857
4 419 795 771 858
4 311 784 774 859
4 383 786 775 860
4 347 789 773 861
4 255 135 461 462
4 496 255 497 135
4 97 427 225 426
4 173 285 533 532
4 354 210 78 355
4 391 390 210 78
4 173 567 568 285
4 354 195 355 59
4 318 319 195 59
4 97 391 390 225
4 239 238 808 823
4 500 125 732 842
4 655 754 776 840
4 712 733 716 820
4 637 751 777 842
4 676 672 734 821
4 385 378 407 819
4 335 313 306 818
4 755 767 628 841
4 656 655 276 754
4 629 628 231 755
4 638 637 246 751
4 493 792 494 803
4 316 783 315 801
4 387 388 785 802
4 299 18 706 727
4 722 303 143 728
4 281 791 282 824
4 156 272 271 534
4 498 156 272 271
4 520 549 527 820
4 414 443 421 821
4 702 313 335 818
4 568 29 30 45
4 29 319 30 45
4 155 497 154 270
4 154 155 270 533
4 240 116 427 117
4 240 462 116 117
4 385 407 686 819
4 690 731 349 822
4 731 779 394 853
4 729 780 358 852
4 351 352 788 812
4 718 527 549 820
4 678 421 443 821
4 464 732 767 806
4 342 371 349 822
4 464 125 466 767
4 478 113 112 807
4 211 210 195 355
4 391 211 210 225
4 730 782 430 854
4 359 837 780 853
4 617 208 785 812
4 393 779 730 854
4 357 780 731 853
4 321 778 729 852
4 323 836 778 852
4 395 835 779 854
4 513 792 803 834
4 349 371 694 822
4 638 261 637 777
4 656 36 655 776
4 136 255 256 462
4 211 391 210 79
4 255 497 136 256
4 211 210 355 79
4 427 226 98 225
4 285 286 174 533
4 98 226 391 225
4 568 285 286 174
4 195 355 60 196
4 319 195 60 196
4 246 628 629 767
4 314 306 778 818
4 558 557 574 735
4 487 486 503 737
4 452 451 468 736
4 342 780 350 822
4 378 779 386 819
4 128 809 744 826
4 729 780 185 822
4 698 341 313 729
4 385 682 413 730
4 35 727 778 818
4 207 785 789 812
4 342 358 350 780
4 22 810 749 829
4 147 811 748 830
4 35 727 654 776
4 636 260 728 777
4 166 813 743 827
4 109 814 745 828
4 47 62 3 197
4 62 212 3 197
4 212 100 3 227
4 322 314 306 778
4 497 498 256 271
4 286 271 534 533
4 731 779 200 819
4 661 282 662 787
4 192 598 599 783
4 222 616 617 785
4 644 643 252 792
4 653 282 652 790
4 634 237 635 793
4 491 511 490 769
4 455 456 477 768
4 582 561 562 770
4 419 420 442 771
4 525 526 548 772
4 311 312 334 774
4 384 406 383 775
4 347 348 369 773
4 520 781 528 820
4 71 817 750 832
4 52 815 746 831
4 90 816 747 833
4 216 217 757 835
4 422 414 782 821
4 708 727 706 804
4 722 724 728 805
4 277 754 276 838
4 231 232 755 839
4 186 187 756 836
4 202 758 201 837
4 265 264 641 760
4 632 250 249 759
4 39 659 40 761
4 378 386 407 819
4 386 378 394 779
4 623 235 234 765
4 189 596 190 762
4 614 220 219 763
4 650 280 279 764
4 204 605 205 766
4 702 698 313 818
4 314 335 306 818
4 536 528 520 781
4 385 686 682 819
4 422 414 430 782
4 260 728 781 820
4 246 767 751 842
4 714 527 718 820
4 674 421 678 821
4 520 528 549 820
4 422 443 414 821
4 34 298 704 727
4 720 259 302 728
4 36 752 593 836
4 653 796 790 797
4 602 186 756 837
4 32 47 3 287
4 272 3 287 176
4 3 138 272 257
4 201 758 611 835
4 215 730 782 821
4 113 795 112 807
4 261 753 647 838
4 296 696 184 729
4 292 680 214 730
4 216 757 620 839
4 342 350 371 822
4 703 708 706 804
4 245 732 767 842
4 722 719 724 805
4 688 199 294 731
4 714 555 527 733
4 421 674 449 734
4 592 778 752 836
4 610 779 758 835
4 377 349 690 731
4 128 744 508 826
4 166 743 579 827
4 109 745 472 828
4 329 22 749 829
4 147 748 543 830
4 601 780 756 837
4 71 750 401 832
4 52 746 366 831
4 90 747 438 833
4 584 796 170 824
4 210 391 78 79
4 210 78 355 79
4 497 255 136 135
4 255 136 135 462
4 97 427 98 225
4 97 98 391 225
4 173 285 174 533
4 568 173 285 174
4 195 355 59 60
4 319 195 59 60
4 246 245 767 842
4 173 284 172 862
4 95 96 802 808
4 208 802 785 812
4 245 732 627 767
4 593 752 740 836
4 663 668 666 806
4 602 756 738 837
4 611 758 739 835
4 271 272 287 534
4 272 498 271 257
4 647 753 742 838
4 646 781 753 838
4 620 757 741 839
4 619 782 757 839
4 458 793 480 807
4 274 654 707 804
4 44 28 855 862
4 723 244 636 805
4 350 729 689 822
4 274 300 712 733
4 290 672 229 734
4 46 47 31 569
4 392 211 212 80
4 211 356 212 80
4 47 320 46 31
4 664 244 304 732
4 584 787 796 824
4 229 627 667 806
4 525 547 791 857
4 441 795 419 858
4 347 370 789 861
4 333 784 311 859
4 383 405 786 860
4 668 732 666 806
4 633 235 236 768
4 280 281 660 770
4 307 323 325 836
4 266 651 265 772
4 624 220 221 771
4 191 606 190 773
4 40 41 597 774
4 205 206 615 775
4 343 359 361 837
4 36 592 752 836
4 601 756 186 837
4 610 758 201 835
4 395 397 379 835
4 521 537 539 838
4 433 415 431 839
4 261 646 753 838
4 216 619 757 839
4 171 796 172 797
4 41 774 40 799
4 265 266 772 800
4 172 284 797 862
4 681 386 731 819
4 314 727 697 818
4 237 807 793 825
4 48 313 341 729
4 86 385 413 730
4 513 491 792 834
4 690 349 694 822
4 396 779 758 853
4 528 728 713 820
4 360 780 756 852
4 251 250 798 834
4 205 606 206 789
4 191 190 597 784
4 221 220 615 786
4 651 281 280 791
4 624 236 235 795
4 633 768 236 825
4 281 660 770 824
4 379 758 396 779
4 530 790 529 797
4 250 251 642 834
4 307 752 324 778
4 343 756 360 780
4 377 67 349 731
4 673 422 730 821
4 655 36 35 776
4 260 637 261 777
4 562 787 584 824
4 478 456 793 825
4 354 353 77 851
4 343 780 359 837
4 246 245 628 767
4 323 307 778 836
4 505 737 146 845
4 576 735 21 844
4 397 395 88 854
4 395 379 779 835
4 470 736 127 843
4 432 782 757 854
4 370 348 347 789
4 311 333 312 784
4 384 383 405 786
4 420 419 441 795
4 547 526 525 791
4 50 325 323 852
4 69 361 359 853
4 114 807 480 823
4 521 753 538 781
4 427 241 428 226
4 241 463 256 462
4 568 286 46 569
4 211 392 226 391
4 211 356 355 196
4 319 196 320 46
4 432 415 757 782
4 373 789 75 812
4 769 798 250 834
4 236 795 625 807
4 733 804 571 840
4 250 642 769 834
4 790 796 552 797
4 607 207 789 812
4 537 521 781 838
4 299 706 708 727
4 722 724 303 728
4 251 793 252 834
4 431 415 782 839
4 732 805 500 842
4 373 788 348 789
4 336 783 312 784
4 384 408 785 786
4 444 794 420 795
4 550 790 526 791
4 727 654 776 804
4 728 636 777 805
4 709 704 703 804
4 719 725 720 805
4 237 236 625 807
4 700 297 698 729
4 293 682 684 730
4 165 541 742 846
4 108 435 741 847
4 146 505 503 737
4 576 574 21 735
4 327 740 51 848
4 89 399 739 849
4 364 738 70 850
4 470 468 127 736
4 44 285 45 862
4 734 806 465 841
4 638 246 247 751
4 629 231 232 755
4 277 656 276 754
4 497 155 498 271
4 271 155 534 533
4 261 262 647 753
4 37 593 36 752
4 602 186 187 756
4 216 217 620 757
4 202 611 201 758
4 315 783 336 801
4 387 785 408 802
4 513 792 493 803
4 459 480 458 823
4 708 298 299 727
4 303 724 302 728
4 301 705 563 733
4 457 291 665 734
4 663 669 664 806
4 479 793 456 798
4 585 787 562 799
4 491 514 792 800
4 155 156 271 534
4 155 156 498 271
4 655 276 754 840
4 231 755 628 841
4 637 246 751 842
4 36 593 592 836
4 602 601 186 837
4 305 721 492 732
4 643 252 792 834
4 610 201 611 835
4 146 737 503 845
4 21 735 574 844
4 261 647 646 838
4 130 131 476 798
4 24 25 583 799
4 150 512 149 800
4 296 297 700 729
4 293 684 292 730
4 373 788 789 812
4 468 127 736 843
4 216 620 619 839
4 692 295 690 731
4 282 787 661 824
4 634 237 793 825
4 692 294 295 731
4 360 358 780 852
4 251 798 793 834
4 396 394 779 853
4 325 51 327 740
4 397 89 399 739
4 108 435 433 741
4 165 541 539 742
4 361 70 364 738
4 3 242 227 100
4 211 392 212 227
4 287 47 46 569
4 356 211 212 197
4 197 47 320 46
4 716 301 714 733
4 674 676 291 734
4 573 557 575 754
4 469 467 451 755
4 504 502 486 751
4 787 796 662 855
4 215 779 610 835
4 131 511 513 834
4 432 430 782 854
4 592 185 778 836
4 666 668 305 732
4 200 780 601 837
4 423 424 794 808
4 357 359 780 853
4 616 206 207 785
4 41 42 598 783
4 41 661 42 787
4 191 192 607 788
4 252 251 634 793
4 266 267 652 790
4 267 266 643 792
4 625 221 222 794
4 733 838 781 840
4 776 804 654 840
4 393 395 779 854
4 734 839 782 841
4 636 777 805 842
4 697 695 702 818
4 732 627 767 806
4 138 3 242 257
4 681 679 686 819
4 321 323 778 852
4 238 807 808 823
4 162 301 563 733
4 105 291 457 734
4 644 792 803 856
4 718 713 711 820
4 759 809 129 826
4 412 377 295 67
4 376 48 341 297
4 293 86 448 413
4 678 673 671 821
4 275 781 646 838
4 795 807 236 825
4 148 760 811 830
4 761 810 23 829
4 124 305 492 732
4 300 301 716 733
4 676 290 291 734
4 619 230 782 839
4 165 742 539 846
4 108 741 433 847
4 552 550 170 796
4 590 570 572 776
4 501 519 499 777
4 397 89 739 849
4 51 740 325 848
4 70 738 361 850
4 668 304 305 732
4 478 112 477 825
4 582 584 169 824
4 764 813 167 827
4 765 814 110 828
4 484 464 466 767
4 762 815 53 831
4 91 763 816 833
4 72 766 817 832
4 584 787 564 796
4 627 767 806 841
4 461 115 460 823
4 480 807 793 823
4 587 565 787 855
4 339 783 316 855
4 153 531 532 797
4 666 305 124 732
4 128 129 809 826
4 23 810 22 829
4 148 811 147 830
4 634 793 251 798
4 661 787 41 799
4 643 792 266 800
4 655 35 654 776
4 636 637 260 777
4 681 295 685 731
4 794 795 444 807
4 245 627 628 767
4 236 807 237 825
4 93 94 408 786
4 336 55 56 784
4 550 169 170 791
4 113 444 112 795
4 74 75 373 789
4 166 167 813 827
4 110 814 109 828
4 192 783 599 801
4 617 222 785 802
4 644 792 252 803
4 72 817 71 832
4 52 53 815 831
4 91 816 90 833
4 299 701 697 727
4 717 713 303 728
4 689 297 693 729
4 689 371 350 822
4 428 99 226 227
4 175 286 287 534
4 498 137 256 257
4 137 463 256 257
4 241 242 118 428
4 463 241 242 118
4 99 392 226 227
4 286 175 287 569
4 61 356 197 196
4 197 61 196 320
4 788 812 352 851
4 555 162 527 733
4 421 449 105 734
4 764 827 167 857
4 110 765 828 858
4 293 677 673 730
4 72 766 832 861
4 53 762 831 859
4 763 833 91 860
4 611 739 217 835
4 494 792 516 856
4 654 34 704 804
4 593 740 187 836
4 602 738 202 837
4 590 556 570 804
4 636 259 720 805
4 519 485 499 805
4 473 129 759 809
4 148 760 507 811
4 23 761 578 810
4 277 647 742 838
4 620 741 232 839
4 134 133 803 823
4 296 184 691 822
4 497 498 136 256
4 463 136 256 462
4 427 241 117 428
4 241 463 462 117
4 428 427 226 98
4 174 286 534 533
4 211 392 391 79
4 30 568 46 569
4 356 211 355 79
4 319 320 30 46
4 226 392 98 391
4 568 286 569 174
4 355 356 60 196
4 60 319 196 320
4 314 697 335 818
4 607 789 788 812
4 386 681 407 819
4 184 729 696 818
4 129 475 759 826
4 199 731 688 822
4 214 730 680 819
4 510 760 148 830
4 580 761 23 829
4 167 764 544 813
4 110 765 437 814
4 330 53 762 815
4 91 763 402 816
4 72 766 365 817
4 110 439 765 858
4 545 764 167 857
4 72 367 766 861
4 404 763 91 860
4 53 332 762 859
4 549 528 713 820
4 664 627 244 806
4 673 443 422 821
4 238 635 807 823
4 625 795 794 807
4 464 484 450 806
4 353 76 77 851
4 626 625 794 807
4 498 137 136 256
4 136 137 463 256
4 117 241 118 428
4 99 428 226 98
4 392 99 226 98
4 241 463 117 118
4 286 175 174 534
4 356 61 60 196
4 286 175 569 174
4 61 60 196 320
4 211 392 79 80
4 30 46 31 569
4 356 211 79 80
4 320 30 46 31
4 689 694 371 822
4 662 787 282 796
4 567 28 29 862
4 301 709 705 733
4 291 669 665 734
4 305 725 721 732
4 34 699 298 818
4 351 348 373 788
4 312 336 315 783
4 408 387 384 785
4 584 562 564 787
4 493 513 491 792
4 423 420 444 794
4 458 478 456 793
4 526 550 529 790
4 683 294 199 819
4 302 259 715 820
4 292 214 675 821
4 513 511 491 834
4 693 689 729 822
4 274 733 712 820
4 229 734 672 821
4 588 727 570 804
4 793 803 252 834
4 517 728 499 805
4 113 444 795 807
4 128 508 129 826
4 166 579 167 827
4 110 109 472 828
4 329 23 22 829
4 148 147 543 830
4 145 540 146 753
4 21 20 326 752
4 72 71 401 832
4 52 366 53 831
4 91 90 438 833
4 375 812 76 851
4 44 284 285 862
4 681 731 685 819
4 582 562 584 824
4 456 478 477 825
4 697 727 701 818
4 50 362 51 756
4 89 88 434 757
4 398 70 69 758
4 126 504 127 751
4 165 164 575 754
4 469 108 107 755
4 626 237 625 807
4 172 796 171 862
4 713 728 717 820
4 599 801 783 855
4 697 702 335 818
4 588 706 18 727
4 722 143 517 728
4 470 809 736 843
4 407 681 686 819
4 706 727 588 804
4 505 811 737 845
4 576 810 735 844
4 673 730 677 821
4 517 722 728 805
4 718 549 713 820
4 678 443 673 821
4 351 788 373 812
4 458 480 478 807
4 134 133 495 803
4 95 96 389 802
4 317 57 58 801
4 129 130 475 826
4 146 753 540 845
4 21 752 326 844
4 127 751 504 843
4 149 510 148 830
4 24 580 23 829
4 58 801 57 851
4 286 271 287 534
4 498 256 271 257
4 242 256 463 257
4 241 242 428 227
4 165 754 575 846
4 108 755 469 847
4 362 51 756 848
4 89 757 434 849
4 70 758 398 850
4 655 776 654 840
4 636 637 777 842
4 627 628 767 841
4 563 733 705 804
4 492 732 721 805
4 62 47 3 32
4 212 62 3 81
4 100 212 3 81
4 157 3 272 176
4 138 157 3 272
4 252 803 792 834
4 541 813 742 846
4 435 814 741 847
4 327 815 740 848
4 399 816 739 849
4 364 817 738 850
4 464 482 732 806
4 215 730 609 779
4 591 185 729 778
4 665 457 734 806
4 423 794 444 807
4 200 731 600 780
4 26 787 783 855
4 630 247 629 736
4 37 656 657 735
4 639 262 638 737
4 356 212 62 197
4 47 62 197 320
4 392 212 227 100
4 233 631 630 745
4 639 248 640 744
4 278 658 657 743
4 263 649 648 748
4 622 621 218 747
4 603 188 604 746
4 38 595 594 749
4 203 613 612 750
4 552 529 790 797
4 482 666 732 806
4 709 705 733 804
4 721 732 725 805
4 32 287 569 47
4 287 272 176 534
4 138 498 272 257
4 479 456 476 798
4 491 512 514 800
4 583 585 562 799
4 602 603 202 738
4 612 217 611 739
4 593 594 187 740
4 621 232 620 741
4 277 647 648 742
4 577 579 166 743
4 128 506 508 744
4 109 471 472 745
4 18 314 322 727
4 143 528 536 728
4 22 328 329 749
4 147 542 543 748
4 172 797 796 862
4 363 366 52 746
4 400 401 71 750
4 436 438 90 747
4 665 734 669 806
4 353 375 76 851
4 644 803 268 856
4 397 380 379 739
4 307 325 308 740
4 343 361 344 738
4 416 415 433 741
4 521 539 522 742
4 282 796 787 824
4 689 687 694 822
4 452 468 470 736
4 505 487 503 737
4 576 558 574 735
4 275 733 645 781
4 230 734 618 782
4 643 792 800 834
4 460 115 114 823
4 634 793 798 825
4 787 799 661 824
4 571 733 563 804
4 216 611 217 835
4 298 701 299 727
4 303 302 717 728
4 509 769 130 826
4 423 794 807 808
4 294 685 295 731
4 151 792 790 856
4 173 172 567 862
4 149 546 772 830
4 24 331 774 829
4 500 732 492 805
4 532 531 172 797
4 486 519 501 777
4 590 572 557 776
4 693 297 296 729
4 293 292 677 730
4 111 768 477 858
4 168 770 582 857
4 92 771 442 860
4 369 54 773 859
4 406 73 775 861
4 186 593 187 836
4 128 744 809 843
4 602 202 201 837
4 451 484 466 767
4 457 465 734 806
4 96 425 426 808
4 19 18 322 727
4 536 144 143 728
4 277 276 647 838
4 128 506 744 843
4 620 232 231 839
4 22 749 810 844
4 748 811 147 845
4 600 185 780 822
4 577 743 166 846
4 109 471 745 847
4 743 813 166 846
4 109 745 814 847
4 22 328 749 844
4 542 748 147 845
4 363 746 52 848
4 400 750 71 850
4 436 747 90 849
4 241 428 226 227
4 256 242 463 241
4 286 287 46 569
4 392 211 226 227
4 356 211 197 196
4 196 197 320 46
4 578 23 580 761
4 148 510 507 760
4 473 129 475 759
4 746 815 52 848
4 750 817 71 850
4 747 816 90 849
4 404 402 91 763
4 330 53 332 762
4 72 367 365 766
4 167 545 544 764
4 110 439 437 765
4 68 731 394 853
4 654 727 34 804
4 636 728 259 805
4 49 729 358 852
4 87 730 430 854
4 581 827 770 857
4 474 828 768 858
4 368 831 773 859
4 403 832 775 861
4 440 833 771 860
4 35 778 591 818
4 609 200 779 819
4 296 729 184 822
4 3 32 177 33
4 63 32 3 33
4 3 63 82 81
4 120 119 3 101
4 119 120 3 139
4 3 82 101 81
4 300 709 301 733
4 290 669 291 734
4 168 581 770 857
4 111 474 768 858
4 54 368 773 859
4 403 775 73 861
4 440 771 92 860
4 156 157 498 272
4 156 157 272 534
4 632 249 631 759
4 264 640 641 760
4 659 39 658 761
4 650 279 649 764
4 623 234 622 765
4 189 595 596 762
4 613 614 219 763
4 204 604 605 766
4 588 18 570 727
4 143 499 517 728
4 305 304 725 732
4 34 298 727 818
4 480 793 458 823
4 294 731 199 819
4 495 133 515 803
4 338 57 317 801
4 410 95 389 802
4 302 728 259 820
4 260 781 645 820
4 215 782 618 821
4 292 730 214 821
4 644 253 268 803
4 193 599 43 801
4 617 208 223 802
4 112 111 477 858
4 168 582 169 857
4 93 92 442 860
4 369 55 54 859
4 406 74 73 861
4 47 32 320 31
4 356 212 80 81
4 47 32 31 569
4 212 392 80 81
4 131 479 476 798
4 514 512 150 800
4 583 25 585 799
4 192 608 788 801
4 626 794 222 802
4 252 793 635 803
4 168 581 582 770
4 509 511 130 769
4 111 474 477 768
4 24 331 334 774
4 149 546 548 772
4 403 406 73 775
4 54 368 369 773
4 442 92 440 771
4 394 67 386 731
4 3 119 242 100
4 327 308 325 740
4 397 399 380 739
4 522 539 541 742
4 416 433 435 741
4 344 361 364 738
4 504 487 506 843
4 577 575 558 846
4 469 452 471 847
4 627 732 244 806
4 48 350 358 729
4 86 422 430 730
4 242 428 227 100
4 634 251 633 798
4 660 661 41 799
4 168 827 581 857
4 111 828 474 858
4 68 67 394 731
4 48 321 313 729
4 385 86 393 730
4 267 653 790 856
4 644 267 792 856
4 54 831 368 859
4 403 73 832 861
4 440 92 833 860
4 3 32 287 176
4 119 138 3 242
4 48 358 49 729
4 87 86 430 730
4 599 43 801 855
4 460 114 480 823
4 552 530 529 797
4 357 349 67 731
4 463 138 242 257
4 600 729 185 822
4 634 798 633 825
4 661 799 660 824
4 662 855 796 862
4 276 275 838 840
4 425 115 426 808
4 423 447 424 808
4 577 559 579 743
4 506 488 508 744
4 472 471 453 745
4 231 230 839 841
4 366 363 345 746
4 329 328 309 749
4 400 381 401 750
4 417 438 436 747
4 542 523 543 748
4 788 801 608 851
4 274 733 275 840
4 573 575 164 754
4 469 107 467 755
4 502 504 126 751
4 229 734 230 841
4 342 357 359 780
4 609 731 200 819
4 643 266 642 834
4 35 591 727 818
4 244 732 245 842
4 482 666 124 732
4 495 494 516 856
4 393 395 378 779
4 635 803 793 823
4 326 308 328 844
4 542 540 522 845
4 260 645 728 820
4 344 363 362 848
4 436 434 416 849
4 400 398 380 850
4 306 321 323 778
4 643 800 266 834
4 20 324 326 752
4 145 538 540 753
4 626 794 802 808
4 215 618 730 821
4 633 798 768 825
4 660 799 770 824
4 520 535 537 781
4 303 722 143 517
4 588 299 18 706
4 69 396 398 758
4 432 434 88 757
4 360 362 50 756
4 431 414 429 782
4 250 642 641 769
4 633 632 235 768
4 659 280 660 770
4 623 220 624 771
4 265 651 650 772
4 606 605 190 773
4 596 40 597 774
4 614 205 615 775
4 642 800 769 834
4 19 570 18 727
4 143 144 499 728
4 599 783 42 855
4 42 787 662 855
4 237 238 635 807
4 703 706 710 804
4 276 838 754 840
4 722 726 719 805
4 231 839 755 841
4 162 563 571 733
4 105 457 465 734
4 168 167 827 857
4 110 828 111 858
4 500 124 492 732
4 72 832 73 861
4 53 831 54 859
4 91 833 92 860
4 266 800 642 834
4 296 693 729 822
4 663 666 670 806
4 578 580 560 761
4 473 475 454 759
4 489 507 510 760
4 332 310 330 762
4 382 402 404 763
4 346 365 367 766
4 439 418 437 765
4 524 544 545 764
4 298 701 727 818
4 685 731 294 819
4 607 206 606 789
4 616 221 615 786
4 597 598 191 784
4 625 236 624 795
4 281 651 652 791
4 321 729 49 852
4 87 393 730 854
4 654 804 733 840
4 302 717 728 820
4 428 99 227 100
4 356 62 61 197
4 62 61 197 320
4 99 392 227 100
4 68 357 731 853
4 710 588 589 804
4 48 49 321 729
4 86 87 393 730
4 726 517 518 805
4 68 357 67 731
4 636 805 732 842
4 591 778 729 818
4 292 677 730 821
4 609 779 730 819
4 600 780 731 822
4 360 756 50 852
4 69 396 758 853
4 432 757 88 854
4 627 806 734 841
4 193 608 801 851
4 626 802 223 808
4 307 326 324 752
4 538 521 540 753
4 396 379 398 758
4 343 362 360 756
4 432 415 434 757
4 556 588 570 804
4 482 483 670 806
4 517 499 485 805
4 110 111 439 858
4 168 545 167 857
4 72 73 367 861
4 53 54 332 859
4 404 91 92 860
4 317 339 316 855
4 175 287 176 534
4 119 463 242 118
4 242 119 118 428
4 498 138 137 257
4 137 138 463 257
4 175 287 569 176
4 527 162 535 733
4 429 421 105 734
4 446 423 424 794
4 553 529 530 790
4 494 493 516 792
4 459 458 481 793
4 374 351 352 788
4 564 587 565 787
4 387 388 411 785
4 316 339 315 783
4 269 797 268 856
4 464 450 482 806
4 360 358 342 780
4 322 306 324 778
4 378 396 394 779
4 253 803 635 823
4 163 162 571 733
4 106 105 465 734
4 607 788 608 812
4 536 520 538 781
4 430 414 432 782
4 124 500 125 732
4 587 565 855 862
4 341 376 297 4
4 553 790 530 797
4 790 792 267 856
4 47 32 62 320
4 212 356 62 81
4 392 212 100 81
4 272 157 176 534
4 498 157 138 272
4 645 781 733 820
4 618 782 734 821
4 783 787 42 855
4 653 797 790 856
4 153 495 152 856
4 152 531 153 856
4 274 733 654 804
4 169 791 547 857
4 112 795 441 858
4 55 784 333 859
4 93 786 405 860
4 370 74 789 861
4 244 732 636 805
4 582 581 561 770
4 509 490 511 769
4 474 455 477 768
4 311 334 331 774
4 403 383 406 775
4 368 347 369 773
4 525 548 546 772
4 442 440 419 771
4 372 348 351 788
4 337 312 315 783
4 562 585 564 787
4 384 387 409 785
4 493 491 514 792
4 423 445 420 794
4 458 456 479 793
4 551 526 529 790
4 134 461 460 823
4 229 734 627 806
4 626 807 794 808
4 531 797 153 856
4 6 293 448 413
4 377 412 295 5
4 200 609 199 731
4 259 260 645 728
4 35 591 34 727
4 482 124 464 732
4 342 343 360 780
4 378 379 396 779
4 306 307 324 778
4 214 215 618 730
4 600 184 185 729
4 342 359 343 780
4 192 193 608 801
4 626 222 223 802
4 253 252 635 803
4 378 395 379 779
4 351 375 352 812
4 306 323 307 778
4 520 521 538 781
4 432 414 415 782
4 296 691 693 822
4 520 537 521 781
4 95 425 96 808
4 431 415 414 782
4 215 609 610 779
4 591 592 185 778
4 283 797 284 862
4 200 600 601 780
4 586 564 565 796
4 710 706 588 804
4 722 517 726 805
4 283 796 653 797
4 646 275 645 781
4 619 230 618 782
4 94 794 446 802
4 481 793 132 803
4 374 56 788 801
4 143 303 9 554
4 340 299 18 0
4 152 553 531 856
4 495 516 152 856
4 482 670 666 806
4 298 699 701 818
4 27 317 28 855
4 566 27 28 855
4 470 128 809 843
4 411 75 785 812
4 147 811 505 845
4 576 22 810 844
4 685 294 683 819
4 302 715 717 820
4 292 675 677 821
4 166 813 541 846
4 109 814 435 847
4 327 52 815 848
4 90 816 399 849
4 71 817 364 850
4 695 696 700 818
4 207 607 608 812
4 482 666 305 124
4 684 679 680 819
4 712 716 711 820
4 676 671 672 821
4 586 796 565 862
4 633 251 250 798
4 660 41 40 799
4 265 642 266 800
4 617 785 207 812
4 446 794 424 808
4 589 705 710 804
4 459 793 481 823
4 518 721 726 805
4 590 571 556 804
4 283 796 797 862
4 664 627 667 258
4 654 289 707 704
4 636 723 720 273
4 500 485 519 805
4 242 119 428 100
4 592 186 185 836
4 201 200 601 837
4 216 215 610 835
4 665 670 483 806
4 171 796 586 862
4 478 480 113 807
4 493 494 515 803
4 338 316 315 801
4 387 410 388 802
4 276 275 646 838
4 619 231 230 839
4 484 465 450 806
4 494 495 515 803
4 338 317 316 801
4 388 410 389 802
4 563 705 589 804
4 492 721 518 805
4 199 731 609 819
4 163 535 162 733
4 106 429 105 734
4 194 208 193 851
4 287 32 569 176
4 463 138 119 242
4 283 282 653 796
4 34 727 591 818
4 589 588 556 804
4 517 485 518 805
4 665 483 457 806
4 259 728 645 820
4 148 507 147 811
4 22 23 578 810
4 473 128 129 809
4 693 687 689 822
4 95 446 425 808
4 600 184 729 822
4 709 703 705 804
4 719 721 725 805
4 214 730 618 821
4 166 167 544 813
4 109 110 437 814
4 330 52 53 815
4 91 402 90 816
4 72 365 71 817
4 587 27 566 855
4 27 339 317 855
4 482 450 483 806
4 665 669 663 806
4 411 76 75 812
4 687 688 692 822
4 354 58 353 851
4 165 166 541 846
4 108 109 435 847
4 147 505 146 845
4 576 21 22 844
4 470 127 128 843
4 531 171 172 797
4 327 51 52 848
4 89 90 399 849
4 71 364 70 850
4 374 788 352 851
4 32 63 3 62
4 63 3 62 81
4 3 101 100 81
4 119 3 101 100
4 157 158 3 176
4 138 158 3 157
4 710 705 703 804
4 726 721 719 805
4 237 626 238 807
4 95 802 446 808
4 663 670 665 806
4 636 260 259 728
4 35 34 654 727
4 32 3 177 176
4 3 158 177 176
4 158 138 3 139
4 138 119 3 139
4 464 124 125 732
4 654 733 274 840
4 229 627 734 841
4 214 609 215 730
4 184 591 185 729
4 35 592 591 778
4 636 732 244 842
4 654 274 275 840
4 200 199 600 731
4 229 230 627 841
4 636 244 245 842
4 610 609 200 779
4 697 701 695 818
4 600 185 601 780
4 566 172 171 862
4 643 251 252 834
4 681 685 679 819
4 608 812 788 851
4 112 444 441 795
4 547 169 550 791
4 333 55 336 784
4 408 405 93 786
4 370 74 373 789
4 260 646 645 781
4 213 688 691 822
4 711 713 717 820
4 215 619 618 782
4 673 677 671 821
4 634 236 237 825
4 281 282 661 824
4 94 446 95 802
4 133 481 132 803
4 374 57 56 801
4 199 12 688 294
4 664 15 304 244
4 11 296 696 184
4 720 302 259 16
4 34 2 704 298
4 300 274 712 17
4 292 13 214 680
4 290 229 672 14
4 213 691 184 822
4 618 230 229 734
4 275 274 645 733
4 617 616 207 785
4 598 42 599 783
4 661 662 42 787
4 607 192 608 788
4 267 653 652 790
4 644 267 643 792
4 222 626 625 794
4 252 634 635 793
4 245 244 627 732
4 662 796 283 862
4 302 259 16 715
4 199 683 12 294
4 34 2 298 699
4 15 723 304 244
4 290 229 14 667
4 11 296 184 691
4 707 274 300 17
4 13 292 214 675
4 425 114 115 808
4 566 171 586 862
4 446 802 794 808
4 198 696 699 818
4 303 143 9 517
4 299 588 18 0
4 228 680 683 819
4 712 715 288 820
4 444 420 441 795
4 547 550 526 791
4 333 336 312 784
4 384 405 408 786
4 370 373 348 789
4 675 243 672 821
4 34 198 699 818
4 423 807 447 808
4 683 199 228 819
4 552 171 531 797
4 288 715 259 820
4 470 473 453 809
4 214 243 675 821
4 576 578 559 810
4 505 507 488 811
4 587 566 565 862
4 338 315 336 801
4 387 408 410 802
4 513 493 515 803
4 523 541 544 813
4 437 417 435 814
4 330 309 327 815
4 381 399 402 816
4 345 364 365 817
4 1 63 3 33
4 63 1 3 82
4 1 3 177 33
4 1 3 82 101
4 120 1 3 139
4 1 120 3 101
4 447 807 114 808
4 525 545 547 857
4 441 419 439 858
4 332 333 311 859
4 383 404 405 860
4 347 367 370 861
4 587 787 26 855
4 339 26 783 855
4 254 253 238 823
4 563 589 556 804
4 492 518 485 805
4 425 447 114 808
4 208 608 193 851
4 457 483 450 806
4 566 855 28 862
4 214 609 730 819
4 591 729 184 818
4 600 731 199 822
4 508 489 509 826
4 560 581 579 827
4 472 454 474 828
4 329 310 331 829
4 524 546 543 830
4 366 346 368 831
4 403 401 382 832
4 418 440 438 833
4 586 584 564 796
4 793 803 481 823
4 351 373 375 812
4 396 68 394 853
4 360 49 358 852
4 432 87 430 854
4 274 645 733 820
4 229 618 734 821
4 626 238 807 808
4 338 336 56 801
4 410 408 94 802
4 132 513 515 803
4 168 169 547 857
4 112 441 111 858
4 93 405 92 860
4 54 55 333 859
4 370 73 74 861
4 566 586 565 862
4 199 688 213 822
4 509 130 129 826
4 168 167 581 827
4 111 110 474 828
4 149 148 546 830
4 24 23 331 829
4 54 53 368 831
4 440 92 91 833
4 403 73 72 832
4 553 797 531 856
4 283 268 284 797
4 555 10 162 301
4 291 7 449 105
4 151 790 553 856
4 516 792 151 856
4 374 801 788 851
4 198 184 696 818
4 214 680 228 819
4 288 274 712 820
4 229 672 243 821
4 352 812 375 851
4 43 855 662 862
4 571 563 556 804
4 500 492 485 805
4 655 275 276 840
4 230 231 628 841
4 637 245 246 842
4 267 268 653 856
4 644 268 267 856
4 666 482 305 8
4 588 299 706 0
4 722 303 9 517
4 552 170 171 796
4 482 305 8 124
4 457 450 465 806
4 194 209 208 851
4 375 373 75 812
4 134 460 133 823
4 552 796 171 797
4 10 162 301 563
4 291 7 105 457
4 480 114 113 807
4 586 170 584 796
4 305 8 124 492
4 133 460 481 823
4 423 444 447 807
4 151 551 553 790
4 516 514 151 792
4 26 587 585 787
4 337 339 26 783
4 94 445 446 794
4 132 481 479 793
4 374 56 372 788
4 411 75 409 785
4 790 797 553 856
4 268 797 653 856
4 208 812 608 851
4 133 481 803 823
4 662 282 283 796
4 636 723 273 244
4 274 654 289 707
4 627 229 667 258
4 192 599 193 801
4 617 223 222 802
4 644 252 253 803
4 567 566 28 862
4 375 75 76 812
4 238 223 224 808
4 238 253 635 823
4 599 42 43 855
4 43 42 662 855
4 301 10 563 705
4 291 7 457 665
4 27 587 26 855
4 339 27 26 855
4 305 8 492 721
4 352 375 353 851
4 254 238 239 823
4 374 57 801 851
4 43 662 283 862
4 567 172 566 862
4 127 504 506 843
4 165 575 577 846
4 108 469 471 847
4 505 147 507 811
4 22 578 576 810
4 473 470 128 809
4 133 132 515 803
4 338 56 57 801
4 410 94 95 802
4 146 540 542 845
4 21 326 328 844
4 44 855 43 862
4 362 363 51 848
4 436 89 434 849
4 400 70 398 850
4 446 445 423 794
4 493 514 516 792
4 458 479 481 793
4 553 551 529 790
4 374 372 351 788
4 585 587 564 787
4 409 387 411 785
4 339 337 315 783
4 166 544 541 813
4 109 437 435 814
4 330 327 52 815
4 90 402 399 816
4 71 365 364 817
4 693 691 688 822
4 281 661 660 824
4 634 633 236 825
4 699 696 701 818
4 459 460 480 823
4 664 244 627 258
4 654 34 289 704
4 720 636 273 259
4 680 685 683 819
4 712 717 715 820
4 675 672 677 821
4 353 58 57 851
4 128 127 506 843
4 146 542 147 845
4 22 21 328 844
4 577 166 165 846
4 109 108 471 847
4 363 52 51 848
4 436 90 89 849
4 400 71 70 850
4 643 642 251 834
4 587 855 566 862
4 216 610 611 835
4 360 50 49 852
4 69 68 396 853
4 592 593 186 836
4 602 201 601 837
4 432 88 87 854
4 647 276 646 838
4 620 231 619 839
4 268 269 284 797
4 158 1 3 177
4 1 158 3 139
4 553 530 531 797
4 374 353 57 851
4 701 696 695 818
4 679 685 680 819
4 712 711 717 820
4 672 671 677 821
4 114 447 113 807
4 508 509 129 826
4 581 167 579 827
4 110 472 474 828
4 693 688 687 822
4 148 543 546 830
4 329 331 23 829
4 53 366 368 831
4 440 91 438 833
4 72 401 403 832
4 617 207 208 812
4 547 545 168 857
4 111 441 439 858
4 54 333 332 859
4 405 404 92 860
4 367 73 370 861
4 87 395 393 854
4 321 49 323 852
4 68 359 357 853
4 113 447 444 807
4 586 171 170 796
4 268 283 653 797
4 199 213 600 822
4 591 184 198 818
4 214 228 609 819
4 288 645 274 820
4 618 229 243 821
4 655 654 275 840
4 627 230 628 841
4 636 245 637 842
4 161 722 9 517
4 482 666 142 8
4 183 588 706 0
4 151 553 152 856
4 516 151 152 856
4 239 238 224 808
4 376 689 83 350
4 88 395 87 854
4 49 50 323 852
4 69 359 68 853
4 446 424 425 808
4 600 213 184 822
4 34 591 198 818
4 228 199 609 819
4 288 259 645 820
4 214 618 243 821
4 563 10 181 705
4 457 7 140 665
4 238 626 223 808
4 8 159 492 721
4 13 214 680 228
4 198 11 696 184
4 274 288 712 17
4 664 15 244 258
4 229 243 672 14
4 213 199 12 688
4 289 34 2 704
4 273 720 259 16
4 552 531 530 797
4 293 6 448 673
4 412 681 295 5
4 121 422 448 673
4 681 386 102 412
4 697 340 314 64
4 528 554 178 713
4 376 689 297 4
4 303 9 554 713
4 340 299 0 697
4 425 424 447 808
4 377 295 690 5
4 698 341 297 4
4 6 293 413 682
4 27 587 566 28
4 339 27 317 28
4 153 152 553 531
4 153 495 516 152
4 411 389 77 76
4 134 133 460 481
4 96 95 446 425
4 353 374 57 58
4 77 353 375 76
4 425 115 114 447
4 133 134 495 515
4 480 460 115 114
4 531 552 172 171
4 338 317 57 58
4 96 410 95 389
4 586 566 172 171
4 689 376 83 4
4 555 714 10 301
4 7 674 291 449
4 43 283 284 862
4 683 228 199 12
4 229 14 667 258
4 259 288 16 715
4 2 34 198 699
4 214 13 675 243
4 213 11 184 691
4 289 274 707 17
4 723 15 273 244
4 689 371 83 350
4 208 207 608 812
4 6 121 448 673
4 102 681 412 5
4 459 481 460 823
4 85 349 84 694
4 698 66 341 4
4 0 340 697 64
4 554 9 178 713
4 6 413 104 682
4 555 714 180 10
4 674 7 123 449
4 690 377 5 85
4 555 714 527 180
4 66 698 341 313
4 413 385 104 682
4 674 123 421 449
4 589 710 181 182
4 726 159 518 160
4 140 483 670 141
4 349 84 694 371
4 121 422 673 443
4 681 386 407 102
4 314 697 64 335
4 549 528 178 713
4 690 349 85 694
4 179 718 549 178
4 121 678 122 443
4 702 64 335 65
4 407 103 686 102
4 694 689 371 83
4 122 678 123 421
4 104 385 103 686
4 702 66 65 313
4 718 179 527 180
4 140 457 665 483
4 589 563 181 705
4 492 159 518 721
4 665 140 483 670
4 710 589 181 705
4 159 726 518 721
4 483 482 670 141
4 589 710 182 588
4 517 726 518 160
4 678 674 123 421
4 104 385 686 682
4 66 702 698 313
4 714 718 527 180
4 377 690 349 85
4 44 43 284 862
4 678 121 673 443
4 681 407 686 102
4 64 697 702 335
4 718 549 178 713
4 103 385 407 686
4 335 702 65 313
4 678 122 443 421
4 718 179 549 527
4 374 352 353 851
4 482 670 141 142
4 710 182 588 183
4 517 161 726 160
4 84 694 371 83
4 482 666 670 142
4 588 710 183 706
4 161 722 517 726
4 86 6 448 413
4 412 377 67 5
4 48 376 341 4

CELL_TYPES 3028
10
10
10
10
10
10
10
10
10
10
10
10
10
10
10
10
10
10
10
10
10
10
10
10
10
10
10
10
10
10
10
10
10
10
10
10
10
10
10
10
10
10
10
10
10
10
10
10
10
10
10
10
10
10
10
10
10
10
10
10
10
10
10
10
10
10
10
10
10
10
10
10
10
10
10
10
10
10
10
10
10
10
10
10
10
10
10
10
10
10
10
10
10
10
10
10
10
10
10
10
10
10
10
10
10
10
10
10
10
10
10
10
10
10
10
10
10
10
10
10
10
10
10
10
10
10
10
10
10
10
10
10
10
10
10
10
10
10
10
10
10
10
10
10
10
10
10
10
10
10
10
10
10
10
10
10
10
10
10
10
10
10
10
10
10
10
10
10
10
10
10
10
10
10
10
10
10
10
10
10
10
10
10
10
10
10
10
10
10
10
10
10
10
10
10
10
10
10
10
10
10
10
10
10
10
10
10
10
10
10
10
10
10
10
10
10
10
10
10
10
10
10
10
10
10
10
10
10
10
10
10
10
10
10
10
10
10
10
10
10
10
10
10
10
10
10
10
10
10
10
10
10
10
10
10
10
10
10
10
10
10
10
10
10
10
10
10
10
10
10
10
10
10
10
10
10
10
10
10
10
10
10
10
10
10
10
10
10
10
10
10
10
10
10
10
10
10
10
10
10
10
10
10
10
10
10
10
10
10
10
10
10
10
10
10
10
10
10
10
10
10
10
10
10
10
10
10
10
10
10
10
10
10
10
10
10
10
10
10
10
10
10
10
10
10
10
10
10
10
10
10
10
10
10
10
10
10
10
10
10
10
10
10
10
10
10
10
10
10
10
10
10
10
10
10
10
10
10
10
10
10
10
10
10
10
10
10
10
10
10
10
10
10
10
10
10
10
10
10
10
10
10
10
10
10
10
10
10
10
10
10
10
10
10
10
10
10
10
10
10
10
10
10
10
10
10
10
10
10
10
10
10
10
10
10
10
10
10
10
10
10
10
10
10
10
10
10
10
10
10
10
10
10
10
10
10
10
10
10
10
10
10
10
10
10
10
10
10
10
10
10
10
10
10
10
10
10
10
10
10
10
10
10
10
10
10
10
10
10
10
10
10
10
10
10
10
10
10
10
10
10
10
10
10
10
10
10
10
10
10
10
10
10
10
10
10
10
10
10
10
10
10
10
10
10
10
10
10
10
10
10
10
10
10
10
10
10
10
10
10
10
10
10
10
10
10
10
10
10
10
10
10
10
10
10
10
10
10
10
10
10
10
10
10
10
10
10
10
10
10
10
10
10
10
10
10
10
10
10
10
10
10
10
10
10
10
10
10
10
10
10
10
10
10
10
10
10
10
10
10
10
10
10
10
10
10
10
10
10
10
10
10
10
10
10
10
10
10
10
10
10
10
10
10
10
10
10
10
10
10
10
10
10
10
10
10
10
10
10
10
10
10
10
10
10
10
10
10
10
10
10
10
10
10
10
10
10
10
10
10
10
10
10
10
10
10
10
10
10
10
10
10
10
10
10
10
10
10
10
10
10
10
10
10
10
10
10
10
10
10
10
10
10
10
10
10
10
10
10
10
10
10
10
10
10
10
10
10
10
10
10
10
10
10
10
10
10
10
10
10
10
10
10
10
10
10
10
10
10
10
10
10
10
10
10
10
10
10
10
10
10
10
10
10
10
10
10
10
10
10
10
10
10
10
10
10
10
10
10
10
10
10
10
10
10
10
10
10
10
10
10
10
10
10
10
10
10
10
10
10
10
10
10
10
10
10
10
10
10
10
10
10
10
10
10
10
10
10
10
10
10
10
10
10
10
10
10
10
10
10
10
10
10
10
10
10
10
10
10
10
10
10
10
10
10
10
10
10
10
10
10
10
10
10
10
10
10
10
10
10
10
10
10
10
10
10
10
10
10
10
10
10
10
10
10
10
10
10
10
10
10
10
10
10
10
10
10
10
10
10
10
10
10
10
10
10
10
10
10
10
10
10
10
10
10
10
10
10
10
10
10
10
10
10
10
10
10
10
10
10
10
10
10
10
10
10
10
10
10
10
10
10
10
10
10
10
10
10
10
10
10
10
10
10
10
10
10
10
10
10
10
10
10
10
10
10
10
10
10
10
10
10
10
10
10
10
10
10
10
10
10
10
10
10
10
10
10
10
10
10
10
10
10
10
10
10
10
10
10
10
10
10
10
10
10
10
10
10
10
10
10
10
10
10
10
10
10
10
10
10
10
10
10
10
10
10
10
10
10
10
10
10
10
10
10
10
10
10
10
10
10
10
10
10
10
10
10
10
10
10
10
10
10
10
10
10
10
10
10
10
10
10
10
10
10
10
10
10
10
10
10
10
10
10
10
10
10
10
10
10
10
10
10
10
10
10
10
10
10
10
10
10
10
10
10
10
10
10
10
10
10
10
10
10
10
10
10
10
10
10
10
10
10
10
10
10
10
10
10
10
10
10
10
10
10
10
10
10
10
10
10
10
10
10
10
10
10
10
10
10
10
10
10
10
10
10
10
10
10
10
10
10
10
10
10
10
10
10
10
10
10
10
10
10
10
10
10
10
10
10
10
10
10
10
10
10
10
10
10
10
10
10
10
10
10
10
10
10
10
10
10
10
10
10
10
10
10
10
10
10
10
10
10
10
10
10
10
10
10
10
10
10
10
10
10
10
10
10
10
10
10
10
10
10
10
10
10
10
10
10
10
10
10
10
10
10
10
10
10
10
10
10
10
10
10
10
10
10
10
10
10
10
10
10
10
10
10
10
10
10
10
10
10
10
10
10
10
10
10
10
10
10
10
10
10
10
10
10
10
10
10
10
10
10
10
10
10
10
10
10
10
10
10
10
10
10
10
10
10
10
10
10
10
10
10
10
10
10
10
10
10
10
10
10
10
10
10
10
10
10
10
10
10
10
10
10
10
10
10
10
10
10
10
10
10
10
10
10
10
10
10
10
10
10
10
10
10
10
10
10
10
10
10
10
10
10
10
10
10
10
10
10
10
10
10
10
10
10
10
10
10
10
10
10
10
10
10
10
10
10
10
10
10
10
10
10
10
10
10
10
10
10
10
10
10
10
10
10
10
10
10
10
10
10
10
10
10
10
10
10
10
10
10
10
10
10
10
10
10
10
10
10
10
10
10
10
10
10
10
10
10
10
10
10
10
10
10
10
10
10
10
10
10
10
10
10
10
10
10
10
10
10
10
10
10
10
10
10
10
10
10
10
10
10
10
10
10
10
10
10
10
10
10
10
10
10
10
10
10
10
10
10
10
10
10
10
10
10
10
10
10
10
10
10
10
10
10
10
10
10
10
10
10
10
10
10
10
10
10
10
10
10
10
10
10
10
10
10
10
10
10
10
10
10
10
10
10
10
10
10
10
10
10
10
10
10
10
10
10
10
10
10
10
10
10
10
10
10
10
10
10
10
10
10
10
10
10
10
10
10
10
10
10
10
10
10
10
10
10
10
10
10
10
10
10
10
10
10
10
10
10
10
10
10
10
10
10
10
10
10
10
10
10
10
10
10
10
10
10
10
10
10
10
10
10
10
10
10
10
10
10
10
10
10
10
10
10
10
10
10
10
10
10
10
10
10
10
10
10
10
10
10
10
10
10
10
10
10
10
10
10
10
10
10
10
10
10
10
10
10
10
10
10
10
10
10
10
10
10
10
10
10
10
10
10
10
10
10
10
10
10
10
10
10
10
10
10
10
10
10
10
10
10
10
10
10
10
10
10
10
10
10
10
10
10
10
10
10
10
10
10
10
10
10
10
10
10
10
10
10
10
10
10
10
10
10
10
10
10
10
10
10
10
10
10
10
10
10
10
10
10
10
10
10
10
10
10
10
10
10
10
10
10
10
10
10
10
10
10
10
10
10
10
10
10
10
10
10
10
10
10
10
10
10
10
10
10
10
10
10
10
10
10
10
10
10
10
10
10
10
10
10
10
10
10
10
10
10
10
10
10
10
10
10
10
10
10
10
10
10
10
10
10
10
10
10
10
10
10
10
10
10
10
10
10
10
10
10
10
10
10
10
10
10
10
10
10
10
10
10
10
10
10
10
10
10
10
10
10
10
10
10
10
10
10
10
10
10
10
10
10
10
10
10
10
10
10
10
10
10
10
10
10
10
10
10
10
10
10
10
10
10
10
10
10
10
10
10
10
10
10
10
10
10
10
10
10
10
10
10
10
10
10
10
10
10
10
10
10
10
10
10
10
10
10
10
10
10
10
10
10
10
10
10
10
10
10
10
10
10
10
10
10
10
10
10
10
10
10
10
10
10
10
10
10
10
10
10
10
10
10
10
10
10
10
10
10
10
10
10
10
10
10
10
10
10
10
10
10
10
10
10
10
10
10
10
10
10
10
10
10
10
10
10
10
10
10
10
10
10
10
10
10
10
10
10
10
10
10
10
10
10
10
10
10
10
10
10
10
10
10
10
10
10
10
10
10
10
10
10
10
10
10
10
10
10
10
10
10
10
10
10
10
10
10
10
10
10
10
10
10
10
10
10
10
10
10
10
10
10
10
10
10
10
10
10
10
10
10
10
10
10
10
10
10
10
10
10
10
10
10
10
10
10
10
10
10
10
10
10
10
10
10
10
10
10
10
10
10
10
10
10
10
10
10
10
10
10
10
10
10
10
10
10
10
10
10
10
10
10
10
10
10
10
10
10
10
10
10
10
10
10
10
10
10
10
10
10
10
10
10
10
10
10
10
10
10
10
10
10
10
10
10
10
10
10
10
10
10
10
10
10
10
10
10
10
10
10
10
10
10
10
10
10
10
10
10
10
10
10
10
10
10
10
10
10
10
10
10
10
10
10
10
10
10
10
10
10
10
10
10
10
10
10
10
10
10
10
10
10
10
10
10
10
10
10
10
10
10
10
10
10
10
10
10
10
10
10
10
10
10
10
10
10
10
10
10
10
10
10
10
10
10
10
10
10
10
10
10
10
10
10
10
10
10
10
10
10
10
10
10
10
10
10
10
10
10
10
10
10
10
10
10
10
10
10
10
10
10
10
10
10
10
10
10
10
10
10
10
10
10
10
10
10
10
10
10
10
10
10
10
10
10
10
10
10
10
10
10
10
10
10
10
10
10
10
10
10
10
10
10
10
10
10
10
10
10
10
10
10
10
10
10
10
10
10
10
10
10
10
10
10
10
10
10
10
10
10
10
10
10
10
10
10
10
10
10
10
10
10
10
10
10
10
10
10
10
10
10
10
10
10
10
10
10
10
10
10
10
10
10
10
10
10
10
10
10
10
10
10
10
10
10
10
10
10
10
10
10
10
10
10
10
10
10
10
10
10
10
10
10
10
10
10
10
10
10
10
10
10
10
10
10
10
10
10
10
10
10
10
10
10
10
10
10
10
10
10
10
10
10
10
10
10
10
10
10
10
10
10
10
10
10
10
10
10
10
10
10
10
10
10
10
10
10
10
10
10
10
10
10
10
10
10
10
10
10
10
10
10
10
10
10
10
10
10
10
10
10
10
10
10
10
10
10
10
10
10
10
10
10
10
10
10
10
10
10
10
10
10
10
10
10
10
10
10
10
10
10
10
10
10
10
10
10
10
10
10
10
10
10
10
10
10
10
10
10
10
10
10
10
10
10
10
10
10
10
10
10
10
10
10
10
10
10
10
10
10
10
10
10
10
10
10
10
10
10
10
10
10
10
10
10
10
10
10
10
10
10
10
10
10
10
10
10
10
10
10
10
10
10
10
10
10
10
10
10
10
10
10
10
10
10
10
10
10
10
10
10
10
10
10
10
10
10
10
10
10
10
10
10
10
10
10
10
10
10
10
10
10
10
10
10
10
10
10
10
10
10
10
10
10
10
10
10
10
10
10
10
10
10
10
10
10
10
10
10
10
10
10
10
10
10
10
10
10
10
10
10
10
10
10
10
10
10
10
10
10
10
10
10
10
10
10
10
10
10
10
10
10
10
10
10
10
10
10
10
10
10
10
10
10
10
10
10
10
10
10
10
10
10
10
10
10
10
10
10
10
10
10
10
10
10
10
10
10
10
10
10
10
10
10
10
10
10
10
10
10
10
10
10
10
10
10
10
10
10
10
10
10
10
10
10
10
10
10
10
10
10
10
10
10
10
10
10
10
10
10
10
10
10
10
10
10
10
10
10
10
10
10
10
10
10
10
10
10
10
10
10
10
10
10
10
10
10
10
10
10
10
10
10
10
10
10
10
10
10
10
10
10
10
10
10
10
10
10
10
10
10
10
10
10
10
10
10
10
10
10
10
10
10
10
10
10
10
10
10
10
10
10
10
10
10
10
10
10
10
10
10
10
10
10
10
10
10
10
10
10
10
10
10
10
10
10
10
10
10
10
10
10
10
10
10
10
10
10
10
10
10
10
10
10
10
10
10
10
10
10
10
10
10
10
10
10
10
10
10
10
10
10
10
10
10
10
10
10
10
10
10
10
10
10
10
10
10
10
10
10
10
10
10
10
10
10
10
10
10
10
10
10
10
10
10
10
10
10
10
10
10
10
10
10
10
10
10
10
10
10
10
10
10
10
10
10
10
10
10
10
10
10
10
10
10
10
10
10
10
10
10
10
10
10
10
10
10
10
10
10
10
10
10
10
10
10
10
10
10
10
10
10
10
10
10
10
10
10
10
10
10
10
10
10
10
10
10
10
10
10
10
10
10
10
10
10
10
10
10
10
10
10
10
10
10
10
10
10
10
10
10
10
10
10
10
10
10
10
10
10
10
10
10
10
10
10
10
10
10
10
10
10
10
10
10
10
10
10
10
10
10
10
10
10
10
10
10
10
10
10
10
10
10
10
10
10
10
10
10
10
